date,open,high,low,close,volume
2012-01-03,28.25,28.299999237060547,28.1200008392334,28.170000076293945,3136400
2012-01-04,28.149999618530273,28.389999389648438,28.149999618530273,28.329999923706055,2887800
2012-01-05,28.309999465942383,28.3799991607666,28.110000610351562,28.209999084472656,5443600
2012-01-06,28.329999923706055,28.43000030517578,28.219999313354492,28.3700008392334,3021800
2012-01-09,28.43000030517578,28.43000030517578,28.209999084472656,28.229999542236328,3199600
2012-01-10,28.270000457763672,28.350000381469727,28.1200008392334,28.18000030517578,4145700
2012-01-11,28.25,28.25,28.079999923706055,28.15999984741211,3962500
2012-01-12,28.219999313354492,28.329999923706055,28.15999984741211,28.229999542236328,4273700
2012-01-13,28.260000228881836,28.350000381469727,28.209999084472656,28.350000381469727,3736300
2012-01-17,28.399999618530273,28.479999542236328,28.309999465942383,28.34000015258789,3511600
2012-01-18,28.450000762939453,28.540000915527344,28.399999618530273,28.440000534057617,3541700
2012-01-19,28.549999237060547,28.739999771118164,28.450000762939453,28.65999984741211,3388500
2012-01-20,28.719999313354492,29.0,28.709999084472656,29.0,4708000
2012-01-23,29.040000915527344,29.170000076293945,28.899999618530273,29.059999465942383,3472900
2012-01-24,29.020000457763672,29.239999771118164,29.0,29.190000534057617,3021600
2012-01-25,29.219999313354492,29.3700008392334,28.90999984741211,29.329999923706055,4462600
2012-01-26,29.43000030517578,29.450000762939453,29.100000381469727,29.190000534057617,5326000
2012-01-27,29.329999923706055,29.3799991607666,28.989999771118164,29.09000015258789,4866600
2012-01-30,29.079999923706055,29.200000762939453,28.959999084472656,29.079999923706055,4341300
2012-01-31,29.200000762939453,29.360000610351562,29.079999923706055,29.329999923706055,4143300
2012-02-01,29.389999389648438,29.459999084472656,29.290000915527344,29.3799991607666,3521500
2012-02-02,29.479999542236328,29.479999542236328,29.350000381469727,29.3799991607666,2914000
2012-02-03,29.399999618530273,29.700000762939453,29.3799991607666,29.700000762939453,4975600
2012-02-06,29.760000228881836,29.799999237060547,29.43000030517578,29.479999542236328,4784600
2012-02-07,29.149999618530273,29.959999084472656,29.049999237060547,29.739999771118164,11582900
2012-02-08,29.709999084472656,29.770000457763672,29.600000381469727,29.690000534057617,5678000
2012-02-09,29.780000686645508,29.93000030517578,29.670000076293945,29.8700008392334,5590500
2012-02-10,29.860000610351562,30.219999313354492,29.780000686645508,30.200000762939453,5945600
2012-02-13,30.299999237060547,30.5,30.25,30.420000076293945,5534600
2012-02-14,30.5,30.75,30.420000076293945,30.59000015258789,6804400
2012-02-15,30.649999618530273,30.8799991607666,30.6200008392334,30.709999084472656,9295900
2012-02-16,30.729999542236328,30.90999984741211,30.020000457763672,30.059999465942383,9218500
2012-02-17,30.270000457763672,30.5,30.229999542236328,30.3700008392334,4787300
2012-02-21,30.549999237060547,30.729999542236328,30.40999984741211,30.700000762939453,5542900
2012-02-22,30.700000762939453,30.81999969482422,30.489999771118164,30.56999969482422,4125500
2012-02-23,30.65999984741211,30.700000762939453,30.579999923706055,30.690000534057617,4131800
2012-02-24,30.799999237060547,30.799999237060547,30.649999618530273,30.65999984741211,4260200
2012-02-27,30.68000030517578,30.700000762939453,30.559999465942383,30.610000610351562,5181900
2012-02-28,30.709999084472656,30.799999237060547,30.610000610351562,30.790000915527344,4687300
2012-02-29,30.799999237060547,30.8700008392334,30.6200008392334,30.709999084472656,6540300
2012-03-01,30.829999923706055,30.889999389648438,30.649999618530273,30.8700008392334,5654200
2012-03-02,30.920000076293945,31.170000076293945,30.8700008392334,31.170000076293945,9942900
2012-03-05,30.1200008392334,30.3700008392334,29.790000915527344,30.280000686645508,12524200
2012-03-06,30.09000015258789,30.229999542236328,29.739999771118164,29.850000381469727,7482900
2012-03-07,30.0,30.43000030517578,29.93000030517578,30.270000457763672,6442300
2012-03-08,29.43000030517578,29.549999237060547,29.350000381469727,29.350000381469727,63134500
2012-03-09,29.40999984741211,29.6299991607666,29.34000015258789,29.5,9327000
2012-03-12,29.6200008392334,29.90999984741211,29.56999969482422,29.809999465942383,7474200
2012-03-13,29.8700008392334,29.940000534057617,29.65999984741211,29.860000610351562,6443300
2012-03-14,29.75,29.799999237060547,29.149999618530273,29.40999984741211,11906200
2012-03-15,29.5,29.559999465942383,29.350000381469727,29.450000762939453,5322100
2012-03-16,29.549999237060547,29.56999969482422,29.34000015258789,29.34000015258789,4854600
2012-03-19,29.440000534057617,29.450000762939453,29.209999084472656,29.219999313354492,5806900
2012-03-20,29.190000534057617,29.420000076293945,29.170000076293945,29.3799991607666,4680200
2012-03-21,29.440000534057617,29.59000015258789,29.399999618530273,29.56999969482422,3120400
2012-03-22,29.440000534057617,29.549999237060547,29.25,29.309999465942383,3455200
2012-03-23,29.420000076293945,29.43000030517578,29.209999084472656,29.290000915527344,2571900
2012-03-26,29.389999389648438,29.549999237060547,29.350000381469727,29.479999542236328,3250500
2012-03-27,29.540000915527344,29.59000015258789,29.299999237060547,29.31999969482422,4625100
2012-03-28,29.31999969482422,29.469999313354492,29.18000030517578,29.229999542236328,4372300
2012-03-29,29.239999771118164,29.350000381469727,29.190000534057617,29.309999465942383,4988600
2012-03-30,29.440000534057617,29.549999237060547,29.360000610351562,29.540000915527344,8163100
2012-04-02,29.670000076293945,29.940000534057617,29.600000381469727,29.90999984741211,5496600
2012-04-03,29.889999389648438,30.15999984741211,29.889999389648438,30.059999465942383,5805300
2012-04-04,29.93000030517578,30.1299991607666,29.90999984741211,30.020000457763672,4589400
2012-04-05,29.989999771118164,30.09000015258789,29.959999084472656,30.06999969482422,3578200
2012-04-09,29.959999084472656,30.100000381469727,29.81999969482422,30.079999923706055,4501900
2012-04-10,30.100000381469727,30.1200008392334,29.6200008392334,29.709999084472656,6130500
2012-04-11,29.860000610351562,29.950000762939453,29.770000457763672,29.889999389648438,3669900
2012-04-12,30.0,30.079999923706055,29.899999618530273,30.049999237060547,3015500
2012-04-13,30.059999465942383,30.239999771118164,30.010000228881836,30.110000610351562,3083500
2012-04-16,30.229999542236328,30.25,29.969999313354492,30.09000015258789,3350100
2012-04-17,30.1299991607666,30.360000610351562,30.0,30.31999969482422,4347000
2012-04-18,30.350000381469727,30.59000015258789,30.309999465942383,30.520000457763672,3913500
2012-04-19,30.579999923706055,30.75,30.540000915527344,30.700000762939453,5307100
2012-04-20,30.809999465942383,30.809999465942383,30.540000915527344,30.6200008392334,3197100
2012-04-23,30.559999465942383,30.75,30.459999084472656,30.719999313354492,3148100
2012-04-24,30.719999313354492,30.81999969482422,30.65999984741211,30.75,3655000
2012-04-25,30.809999465942383,30.809999465942383,30.6299991607666,30.770000457763672,3485000
2012-04-26,30.790000915527344,30.899999618530273,30.719999313354492,30.899999618530273,3737200
2012-04-27,31.0,31.1200008392334,30.899999618530273,31.010000228881836,3586900
2012-04-30,31.079999923706055,31.239999771118164,31.010000228881836,31.239999771118164,4548200
2012-05-01,31.200000762939453,31.229999542236328,31.059999465942383,31.1299991607666,3652200
2012-05-02,31.1299991607666,31.280000686645508,31.0,31.139999389648438,4034600
2012-05-03,31.5,31.860000610351562,31.360000610351562,31.649999618530273,7134200
2012-05-04,31.700000762939453,31.860000610351562,31.559999465942383,31.65999984741211,4032300
2012-05-07,31.600000381469727,31.700000762939453,31.3799991607666,31.610000610351562,4005700
2012-05-08,31.6299991607666,31.6299991607666,31.40999984741211,31.520000457763672,4471000
2012-05-09,31.489999771118164,31.84000015258789,31.450000762939453,31.739999771118164,4180000
2012-05-10,31.809999465942383,32.189998626708984,31.760000228881836,32.040000915527344,4931500
2012-05-11,32.040000915527344,32.459999084472656,31.940000534057617,32.33000183105469,4295000
2012-05-14,32.29999923706055,32.33000183105469,31.899999618530273,32.15999984741211,6342400
2012-05-15,32.150001525878906,32.33000183105469,32.0099983215332,32.08000183105469,5413400
2012-05-16,32.2400016784668,32.279998779296875,31.6299991607666,31.780000686645508,5186600
2012-05-17,31.81999969482422,31.90999984741211,30.940000534057617,30.979999542236328,8507300
2012-05-18,31.0,31.399999618530273,30.979999542236328,31.030000686645508,6248700
2012-05-21,31.229999542236328,31.969999313354492,31.200000762939453,31.93000030517578,6096100
2012-05-22,32.0099983215332,32.25,31.940000534057617,32.04999923706055,4824000
2012-05-23,32.040000915527344,32.290000915527344,31.950000762939453,32.27000045776367,4079400
2012-05-24,32.33000183105469,32.369998931884766,31.989999771118164,32.130001068115234,7452400
2012-05-25,32.20000076293945,32.29999923706055,32.099998474121094,32.220001220703125,4820800
2012-05-29,32.40999984741211,32.560001373291016,32.130001068115234,32.540000915527344,8817100
2012-05-30,32.43000030517578,32.63999938964844,32.310001373291016,32.4900016784668,6687200
2012-05-31,32.599998474121094,32.7400016784668,32.349998474121094,32.66999816894531,18954100
2012-06-01,32.529998779296875,32.56999969482422,32.25,32.29999923706055,7387100
2012-06-04,32.11000061035156,32.380001068115234,32.060001373291016,32.220001220703125,4850200
2012-06-05,32.25,32.650001525878906,32.189998626708984,32.560001373291016,4557200
2012-06-06,32.75,32.95000076293945,32.650001525878906,32.939998626708984,6395000
2012-06-07,33.11000061035156,33.13999938964844,32.56999969482422,32.61000061035156,5565600
2012-06-08,32.66999816894531,32.869998931884766,32.65999984741211,32.72999954223633,4622900
2012-06-11,32.880001068115234,33.150001525878906,32.83000183105469,32.900001525878906,5195000
2012-06-12,33.11000061035156,33.36000061035156,33.0099983215332,33.27000045776367,6071100
2012-06-13,33.36000061035156,33.5099983215332,33.099998474121094,33.41999816894531,6091800
2012-06-14,33.52000045776367,33.95000076293945,33.400001525878906,33.58000183105469,8831300
2012-06-15,33.7400016784668,33.75,33.5,33.599998474121094,10308600
2012-06-18,33.709999084472656,33.709999084472656,33.45000076293945,33.61000061035156,10573300
2012-06-19,32.439998626708984,32.93000030517578,32.36000061035156,32.4900016784668,13226200
2012-06-20,32.689998626708984,32.709999084472656,32.060001373291016,32.15999984741211,9733000
2012-06-21,32.15999984741211,32.5,32.150001525878906,32.34000015258789,5998200
2012-06-22,32.470001220703125,32.83000183105469,32.45000076293945,32.529998779296875,8408400
2012-06-25,32.47999954223633,32.70000076293945,32.29999923706055,32.33000183105469,4821000
2012-06-26,32.5,32.68000030517578,32.349998474121094,32.52000045776367,3554400
2012-06-27,32.599998474121094,32.95000076293945,32.58000183105469,32.95000076293945,5001600
2012-06-28,32.959999084472656,33.25,32.959999084472656,33.2400016784668,5714900
2012-06-29,33.650001525878906,33.689998626708984,33.22999954223633,33.61000061035156,6369500
2012-07-02,33.66999816894531,33.689998626708984,33.40999984741211,33.560001373291016,6848000
2012-07-03,33.59000015258789,34.06999969482422,33.5099983215332,33.939998626708984,4219400
2012-07-05,33.939998626708984,34.20000076293945,33.86000061035156,34.02000045776367,4551000
2012-07-06,34.0,34.31999969482422,33.97999954223633,34.2599983215332,3665600
2012-07-09,34.29999923706055,34.849998474121094,34.2599983215332,34.70000076293945,5745300
2012-07-10,34.75,35.18000030517578,34.400001525878906,34.58000183105469,9794000
2012-07-11,34.709999084472656,34.81999969482422,33.849998474121094,34.27000045776367,7340300
2012-07-12,34.279998779296875,34.58000183105469,34.279998779296875,34.40999984741211,4786300
2012-07-13,34.5,34.75,34.400001525878906,34.66999816894531,6452700
2012-07-16,34.720001220703125,35.189998626708984,34.720001220703125,35.08000183105469,5048300
2012-07-17,35.33000183105469,35.58000183105469,35.209999084472656,35.290000915527344,9243100
2012-07-18,34.130001068115234,34.33000183105469,33.849998474121094,33.91999816894531,52732900
2012-07-19,34.13999938964844,34.20000076293945,33.95000076293945,34.150001525878906,9689100
2012-07-20,34.119998931884766,34.45000076293945,34.09000015258789,34.33000183105469,7959500
2012-07-23,34.20000076293945,34.630001068115234,34.150001525878906,34.599998474121094,7885900
2012-07-24,34.70000076293945,34.9900016784668,34.619998931884766,34.9900016784668,9301900
2012-07-25,34.93000030517578,35.09000015258789,34.43000030517578,34.939998626708984,7648200
2012-07-26,35.08000183105469,35.08000183105469,34.75,34.97999954223633,7574200
2012-07-27,35.119998931884766,35.45000076293945,34.95000076293945,35.380001068115234,8408900
2012-07-30,35.5,35.5,34.93000030517578,35.150001525878906,7252700
2012-07-31,35.25,35.38999938964844,35.060001373291016,35.13999938964844,9601500
2012-08-01,35.15999984741211,35.290000915527344,34.900001525878906,34.970001220703125,5840200
2012-08-02,34.939998626708984,35.099998474121094,34.79999923706055,35.040000915527344,4502400
2012-08-03,35.06999969482422,35.15999984741211,34.75,34.83000183105469,6323100
2012-08-06,34.849998474121094,34.88999938964844,33.900001525878906,34.06999969482422,11324800
2012-08-07,33.95000076293945,34.0,30.299999237060547,32.959999084472656,31264200
2012-08-08,32.689998626708984,33.56999969482422,32.599998474121094,33.560001373291016,7848400
2012-08-09,33.59000015258789,34.040000915527344,33.54999923706055,33.970001220703125,5615900
2012-08-10,34.0,34.08000183105469,33.599998474121094,33.88999938964844,4470200
2012-08-13,33.75,34.25,33.7400016784668,34.189998626708984,4664100
2012-08-14,34.22999954223633,34.599998474121094,34.22999954223633,34.529998779296875,5745800
2012-08-15,34.20000076293945,34.439998626708984,34.02000045776367,34.040000915527344,6568600
2012-08-16,34.060001373291016,34.099998474121094,33.119998931884766,33.5,13075200
2012-08-17,33.43000030517578,33.88999938964844,33.29999923706055,33.779998779296875,5745900
2012-08-20,33.900001525878906,34.08000183105469,33.849998474121094,34.04999923706055,3794700
2012-08-21,34.119998931884766,34.33000183105469,33.95000076293945,34.08000183105469,3086800
2012-08-22,34.02000045776367,34.08000183105469,33.65999984741211,33.970001220703125,4022000
2012-08-23,33.959999084472656,34.18000030517578,33.81999969482422,33.880001068115234,2938800
2012-08-24,33.880001068115234,34.209999084472656,33.849998474121094,34.16999816894531,3271900
2012-08-27,34.25,34.400001525878906,34.11000061035156,34.34000015258789,3121800
2012-08-28,34.40999984741211,34.560001373291016,34.31999969482422,34.400001525878906,3987600
2012-08-29,34.45000076293945,34.7599983215332,34.45000076293945,34.689998626708984,4782400
2012-08-30,34.650001525878906,34.77000045776367,34.54999923706055,34.650001525878906,3576600
2012-08-31,34.720001220703125,34.849998474121094,34.59000015258789,34.84000015258789,3862200
2012-09-04,34.88999938964844,34.88999938964844,34.68000030517578,34.81999969482422,3676400
2012-09-05,34.880001068115234,34.880001068115234,34.68000030517578,34.790000915527344,3572600
2012-09-06,34.900001525878906,34.900001525878906,34.689998626708984,34.900001525878906,4008800
2012-09-07,34.9900016784668,35.029998779296875,34.88999938964844,35.02000045776367,3778200
2012-09-10,35.02000045776367,35.5,35.0,35.439998626708984,5435200
2012-09-11,35.470001220703125,35.68000030517578,35.31999969482422,35.65999984741211,3633600
2012-09-12,35.900001525878906,35.939998626708984,35.65999984741211,35.939998626708984,6572700
2012-09-13,35.970001220703125,36.27000045776367,35.84000015258789,36.15999984741211,7804900
2012-09-14,36.40999984741211,36.720001220703125,36.29999923706055,36.4900016784668,9100000
2012-09-17,36.70000076293945,36.77000045776367,36.36000061035156,36.68000030517578,9771000
2012-09-18,36.5,36.66999816894531,36.150001525878906,36.400001525878906,12414400
2012-09-19,34.91999816894531,35.040000915527344,34.540000915527344,34.84000015258789,15378900
2012-09-20,34.880001068115234,35.13999938964844,34.869998931884766,35.04999923706055,8698400
2012-09-21,35.189998626708984,35.349998474121094,35.06999969482422,35.16999816894531,6919800
2012-09-24,35.11000061035156,35.16999816894531,34.810001373291016,34.93000030517578,6466500
2012-09-25,34.91999816894531,35.15999984741211,34.63999938964844,34.63999938964844,6823600
2012-09-26,34.5,34.900001525878906,34.279998779296875,34.560001373291016,5837500
2012-09-27,34.529998779296875,34.650001525878906,34.310001373291016,34.36000061035156,5006400
2012-09-28,34.29999923706055,34.619998931884766,34.06999969482422,34.599998474121094,5709800
2012-10-01,34.779998779296875,34.84000015258789,34.54999923706055,34.650001525878906,3568100
2012-10-02,34.79999923706055,35.150001525878906,34.7400016784668,35.0,4960000
2012-10-03,35.099998474121094,35.13999938964844,34.79999923706055,35.130001068115234,4094400
2012-10-04,34.959999084472656,35.150001525878906,34.810001373291016,34.90999984741211,5634100
2012-10-05,35.099998474121094,35.119998931884766,34.86000061035156,34.900001525878906,3609300
2012-10-08,34.79999923706055,34.83000183105469,34.310001373291016,34.599998474121094,4886100
2012-10-09,34.5099983215332,34.56999969482422,33.43000030517578,33.689998626708984,11710900
2012-10-10,33.56999969482422,33.58000183105469,32.34000015258789,33.06999969482422,19519400
2012-10-11,33.099998474121094,33.470001220703125,33.09000015258789,33.20000076293945,6112200
2012-10-12,33.2599983215332,33.310001373291016,32.33000183105469,32.59000015258789,8199200
2012-10-15,32.25,32.25,29.6299991607666,32.0,42274800
2012-10-16,31.760000228881836,32.189998626708984,31.5,32.0,8754700
2012-10-17,32.099998474121094,32.84000015258789,32.099998474121094,32.52000045776367,9074400
2012-10-18,32.75,33.15999984741211,32.709999084472656,33.0,9436500
2012-10-19,33.099998474121094,33.119998931884766,32.81999969482422,33.040000915527344,5526500
2012-10-22,33.029998779296875,33.040000915527344,32.22999954223633,32.63999938964844,6368600
2012-10-23,32.45000076293945,32.540000915527344,32.04999923706055,32.33000183105469,5233500
2012-10-24,32.189998626708984,32.65999984741211,32.189998626708984,32.45000076293945,4909200
2012-10-25,32.5,32.58000183105469,31.969999313354492,32.29999923706055,4256400
2012-10-26,32.630001068115234,32.650001525878906,31.959999084472656,32.0,4772400
2012-10-31,32.650001525878906,33.02000045776367,32.560001373291016,33.0,7907900
2012-11-01,33.02000045776367,33.18000030517578,32.810001373291016,32.869998931884766,5184100
2012-11-02,32.900001525878906,32.91999816894531,32.369998931884766,32.45000076293945,4380100
2012-11-05,32.27000045776367,32.45000076293945,32.0099983215332,32.33000183105469,3297600
2012-11-06,32.189998626708984,32.279998779296875,31.56999969482422,31.700000762939453,7563600
2012-11-07,31.100000381469727,31.31999969482422,30.100000381469727,30.729999542236328,14651500
2012-11-08,30.729999542236328,31.290000915527344,30.729999542236328,30.950000762939453,5512300
2012-11-09,30.75,31.010000228881836,30.170000076293945,30.81999969482422,4958600
2012-11-12,30.860000610351562,31.149999618530273,30.420000076293945,30.43000030517578,4596000
2012-11-13,29.940000534057617,30.100000381469727,28.90999984741211,29.579999923706055,25676900
2012-11-14,29.280000686645508,29.809999465942383,28.450000762939453,28.690000534057617,18967900
2012-11-15,28.40999984741211,29.989999771118164,28.079999923706055,29.84000015258789,16171000
2012-11-16,30.219999313354492,31.219999313354492,30.149999618530273,30.989999771118164,12815900
2012-11-19,31.6299991607666,31.75,30.829999923706055,31.1299991607666,8008500
2012-11-20,31.020000457763672,31.25,30.760000228881836,31.209999084472656,4626400
2012-11-21,31.229999542236328,31.440000534057617,30.969999313354492,31.420000076293945,4242800
2012-11-23,31.639999389648438,31.700000762939453,31.399999618530273,31.65999984741211,2208500
2012-11-26,31.719999313354492,31.75,31.149999618530273,31.450000762939453,5644900
2012-11-27,31.5,31.56999969482422,31.1200008392334,31.34000015258789,4172600
2012-11-28,31.1299991607666,31.639999389648438,31.1299991607666,31.360000610351562,3968900
2012-11-29,31.530000686645508,31.540000915527344,31.149999618530273,31.459999084472656,3812400
2012-11-30,31.5,31.579999923706055,31.350000381469727,31.549999237060547,3774900
2012-12-03,31.610000610351562,31.860000610351562,31.489999771118164,31.610000610351562,3281700
2012-12-04,31.600000381469727,31.709999084472656,31.450000762939453,31.469999313354492,2592600
2012-12-05,31.5,31.510000228881836,30.93000030517578,30.989999771118164,4097500
2012-12-06,31.100000381469727,31.309999465942383,30.899999618530273,31.020000457763672,3616300
2012-12-07,31.200000762939453,31.350000381469727,30.989999771118164,31.110000610351562,4115900
2012-12-10,31.1200008392334,31.559999465942383,31.110000610351562,31.530000686645508,4692700
2012-12-11,31.799999237060547,31.8700008392334,31.399999618530273,31.43000030517578,5511000
2012-12-12,31.540000915527344,31.670000076293945,30.790000915527344,30.84000015258789,5985700
2012-12-13,30.8700008392334,30.979999542236328,30.329999923706055,30.5,5054600
2012-12-14,30.5,30.520000457763672,30.0,30.200000762939453,4966400
2012-12-17,30.899999618530273,31.0,30.549999237060547,30.940000534057617,6678400
2012-12-18,31.309999465942383,31.309999465942383,30.75,31.1299991607666,6229500
2012-12-19,31.290000915527344,31.649999618530273,31.200000762939453,31.600000381469727,7288900
2012-12-20,31.700000762939453,31.780000686645508,31.549999237060547,31.670000076293945,6934800
2012-12-21,31.190000534057617,31.399999618530273,31.049999237060547,31.149999618530273,10323100
2012-12-24,29.760000228881836,30.309999465942383,29.739999771118164,29.920000076293945,4734400
2012-12-26,30.049999237060547,30.049999237060547,29.260000228881836,29.5,6487700
2012-12-27,29.6200008392334,29.6200008392334,28.770000457763672,29.09000015258789,6586400
2012-12-28,28.959999084472656,29.1200008392334,28.81999969482422,29.0,4993300
2012-12-31,28.850000381469727,29.040000915527344,28.559999465942383,28.899999618530273,6740800
2013-01-02,29.610000610351562,30.280000686645508,29.399999618530273,30.219999313354492,7589700
2013-01-03,30.31999969482422,30.760000228881836,30.25,30.510000228881836,4978100
2013-01-04,30.610000610351562,31.09000015258789,30.59000015258789,31.049999237060547,4617300
2013-01-07,31.110000610351562,31.149999618530273,30.670000076293945,30.719999313354492,3898900
2013-01-08,30.690000534057617,31.0,30.68000030517578,30.760000228881836,2829300
2013-01-09,30.81999969482422,30.93000030517578,30.719999313354492,30.889999389648438,3172400
2013-01-10,30.979999542236328,30.989999771118164,30.719999313354492,30.959999084472656,2806600
2013-01-11,30.8799991607666,31.100000381469727,30.729999542236328,31.030000686645508,2527700
2013-01-14,31.1200008392334,31.149999618530273,30.899999618530273,31.049999237060547,2381200
2013-01-15,31.139999389648438,31.139999389648438,30.889999389648438,31.030000686645508,3101000
2013-01-16,31.1200008392334,31.149999618530273,30.950000762939453,31.1200008392334,2144200
2013-01-17,31.139999389648438,31.31999969482422,31.079999923706055,31.25,2766600
2013-01-18,31.200000762939453,31.479999542236328,31.200000762939453,31.479999542236328,2531700
2013-01-22,31.489999771118164,31.90999984741211,31.479999542236328,31.81999969482422,4005900
2013-01-23,31.940000534057617,32.0,31.639999389648438,31.860000610351562,3513500
2013-01-24,31.950000762939453,31.950000762939453,31.59000015258789,31.6299991607666,3007700
2013-01-25,31.65999984741211,31.780000686645508,31.25,31.329999923706055,4017100
2013-01-28,31.8700008392334,31.8700008392334,31.389999389648438,31.540000915527344,3524700
2013-01-29,31.5,31.8700008392334,31.479999542236328,31.729999542236328,3946200
2013-01-30,31.790000915527344,31.84000015258789,31.5,31.719999313354492,3183600
2013-01-31,31.68000030517578,31.799999237060547,31.399999618530273,31.6200008392334,3301500
2013-02-01,31.700000762939453,31.780000686645508,31.549999237060547,31.6200008392334,2682800
2013-02-04,31.600000381469727,31.75,31.5,31.59000015258789,2695700
2013-02-05,31.600000381469727,31.670000076293945,31.469999313354492,31.479999542236328,2866100
2013-02-06,31.5,31.639999389648438,31.43000030517578,31.450000762939453,4185800
2013-02-07,31.389999389648438,31.399999618530273,30.850000381469727,31.200000762939453,5515600
2013-02-08,31.440000534057617,32.189998626708984,31.40999984741211,32.130001068115234,6155300
2013-02-11,32.29999923706055,32.5,32.2599983215332,32.290000915527344,6036600
2013-02-12,32.27000045776367,32.45000076293945,32.04999923706055,32.31999969482422,5000700
2013-02-13,32.45000076293945,32.619998931884766,32.33000183105469,32.560001373291016,3159900
2013-02-14,32.66999816894531,32.68000030517578,32.31999969482422,32.54999923706055,3499600
2013-02-15,32.4900016784668,32.63999938964844,32.34000015258789,32.5099983215332,2918300
2013-02-19,32.599998474121094,32.779998779296875,32.52000045776367,32.63999938964844,4289300
2013-02-20,32.650001525878906,32.7400016784668,32.400001525878906,32.459999084472656,3434000
2013-02-21,32.349998474121094,32.380001068115234,31.549999237060547,31.799999237060547,6264500
2013-02-22,32.119998931884766,32.220001220703125,31.93000030517578,32.18000030517578,4547800
2013-02-25,32.22999954223633,32.4900016784668,32.18000030517578,32.18000030517578,3766800
2013-02-26,32.18000030517578,32.810001373291016,32.18000030517578,32.810001373291016,4652300
2013-02-27,32.81999969482422,32.91999816894531,32.70000076293945,32.779998779296875,3582200
2013-02-28,31.459999084472656,31.770000457763672,31.389999389648438,31.709999084472656,47314100
2013-03-01,31.700000762939453,31.850000381469727,31.690000534057617,31.739999771118164,11294200
2013-03-04,31.84000015258789,31.93000030517578,31.739999771118164,31.90999984741211,10876400
2013-03-05,31.989999771118164,32.29999923706055,31.920000076293945,32.279998779296875,6948500
2013-03-06,32.36000061035156,32.400001525878906,31.989999771118164,32.279998779296875,4754000
2013-03-07,32.34000015258789,32.43000030517578,32.18000030517578,32.209999084472656,7131400
2013-03-08,32.5,32.5099983215332,32.2599983215332,32.470001220703125,6817500
2013-03-11,32.68000030517578,32.779998779296875,32.54999923706055,32.75,6986300
2013-03-12,32.83000183105469,33.06999969482422,32.75,33.060001373291016,7969300
2013-03-13,33.09000015258789,33.099998474121094,32.88999938964844,32.9900016784668,7376100
2013-03-14,33.0099983215332,33.20000076293945,32.9900016784668,33.20000076293945,10904800
2013-03-15,33.25,33.279998779296875,33.0,33.119998931884766,18885500
2013-03-18,31.809999465942383,32.11000061035156,31.510000228881836,31.979999542236328,10294300
2013-03-19,32.029998779296875,32.099998474121094,31.59000015258789,31.639999389648438,6843900
2013-03-20,31.700000762939453,31.829999923706055,31.549999237060547,31.649999618530273,5030900
2013-03-21,31.690000534057617,32.119998931884766,31.68000030517578,31.940000534057617,5401800
2013-03-22,31.959999084472656,32.47999954223633,31.950000762939453,32.36000061035156,5768300
2013-03-25,32.540000915527344,32.599998474121094,31.81999969482422,31.81999969482422,7010100
2013-03-26,31.950000762939453,32.2400016784668,31.950000762939453,32.209999084472656,4050000
2013-03-27,32.16999816894531,32.52000045776367,32.11000061035156,32.5099983215332,3922800
2013-03-28,32.52000045776367,32.779998779296875,32.220001220703125,32.779998779296875,10265200
2013-04-01,32.779998779296875,32.880001068115234,32.599998474121094,32.83000183105469,4228500
2013-04-02,32.83000183105469,32.91999816894531,32.58000183105469,32.68000030517578,4385500
2013-04-03,32.810001373291016,32.849998474121094,32.20000076293945,32.2400016784668,5171800
2013-04-04,32.25,32.650001525878906,32.18000030517578,32.650001525878906,4223500
2013-04-05,32.2599983215332,32.79999923706055,32.04999923706055,32.790000915527344,5203200
2013-04-08,32.83000183105469,32.88999938964844,32.599998474121094,32.810001373291016,3452200
2013-04-09,32.810001373291016,33.04999923706055,32.650001525878906,33.040000915527344,4532500
2013-04-10,33.0099983215332,33.08000183105469,32.849998474121094,32.900001525878906,4069700
2013-04-11,32.970001220703125,32.97999954223633,32.619998931884766,32.709999084472656,4984000
2013-04-12,32.70000076293945,32.79999923706055,32.63999938964844,32.650001525878906,2618700
2013-04-15,32.619998931884766,32.630001068115234,31.059999465942383,31.969999313354492,5864700
2013-04-16,32.25,32.5,32.040000915527344,32.34000015258789,3822400
2013-04-17,32.29999923706055,32.29999923706055,31.829999923706055,31.90999984741211,7039600
2013-04-18,32.0,32.119998931884766,31.84000015258789,31.93000030517578,3430800
2013-04-19,31.809999465942383,31.899999618530273,31.3700008392334,31.799999237060547,6311000
2013-04-22,31.799999237060547,32.36000061035156,31.670000076293945,32.18000030517578,4809700
2013-04-23,32.290000915527344,32.70000076293945,32.220001220703125,32.650001525878906,3945000
2013-04-24,32.689998626708984,32.7599983215332,32.4900016784668,32.720001220703125,3326600
2013-04-25,32.77000045776367,32.91999816894531,32.599998474121094,32.779998779296875,3627800
2013-04-26,32.959999084472656,32.9900016784668,32.63999938964844,32.790000915527344,3202300
2013-04-29,32.709999084472656,33.16999816894531,32.709999084472656,33.16999816894531,5241600
2013-04-30,33.150001525878906,33.310001373291016,33.0099983215332,33.310001373291016,3574800
2013-05-01,33.29999923706055,33.29999923706055,32.81999969482422,33.02000045776367,3988700
2013-05-02,33.18000030517578,33.220001220703125,32.95000076293945,33.099998474121094,4649100
2013-05-03,31.25,31.899999618530273,30.350000381469727,30.65999984741211,28531100
2013-05-06,30.809999465942383,31.25,30.5,30.940000534057617,7785700
2013-05-07,30.989999771118164,31.049999237060547,30.639999389648438,30.889999389648438,4880800
2013-05-08,30.90999984741211,31.09000015258789,30.760000228881836,30.889999389648438,4629700
2013-05-09,30.8700008392334,31.049999237060547,30.700000762939453,30.889999389648438,3999000
2013-05-10,30.8700008392334,30.920000076293945,29.479999542236328,30.040000915527344,10697800
2013-05-13,29.899999618530273,29.979999542236328,28.549999237060547,29.049999237060547,20189100
2013-05-14,29.049999237060547,29.459999084472656,28.729999542236328,28.90999984741211,10136900
2013-05-15,28.84000015258789,29.239999771118164,28.139999389648438,29.239999771118164,11367500
2013-05-16,29.309999465942383,29.799999237060547,29.049999237060547,29.520000457763672,10315700
2013-05-17,29.649999618530273,29.81999969482422,29.450000762939453,29.649999618530273,9402800
2013-05-20,29.520000457763672,29.579999923706055,28.899999618530273,28.979999542236328,7258500
2013-05-21,29.0,29.0,28.450000762939453,28.549999237060547,9790500
2013-05-22,28.5,29.489999771118164,28.190000534057617,28.290000915527344,12460100
2013-05-23,28.0,28.149999618530273,27.040000915527344,28.049999237060547,12012500
2013-05-24,28.040000915527344,28.190000534057617,27.440000534057617,27.719999313354492,8019700
2013-05-28,27.799999237060547,27.889999389648438,25.709999084472656,26.40999984741211,29106300
2013-05-29,25.84000015258789,26.84000015258789,25.010000228881836,26.399999618530273,26235000
2013-05-30,26.290000915527344,27.200000762939453,26.219999313354492,26.65999984741211,12011600
2013-05-31,26.770000457763672,27.1299991607666,25.790000915527344,25.799999237060547,10782300
2013-06-03,25.799999237060547,25.950000762939453,25.1200008392334,25.43000030517578,14309600
2013-06-04,25.360000610351562,26.020000457763672,25.229999542236328,25.850000381469727,7499700
2013-06-05,25.889999389648438,26.18000030517578,25.219999313354492,25.34000015258789,9612000
2013-06-06,25.329999923706055,26.229999542236328,25.1200008392334,26.200000762939453,10803500
2013-06-07,26.43000030517578,26.43000030517578,25.420000076293945,25.559999465942383,8601100
2013-06-10,25.690000534057617,25.729999542236328,24.610000610351562,24.81999969482422,17795600
2013-06-11,24.25,24.829999923706055,24.010000228881836,24.670000076293945,14442200
2013-06-12,24.68000030517578,25.0,24.280000686645508,24.489999771118164,9344700
2013-06-13,24.399999618530273,26.0,24.260000228881836,25.790000915527344,14428200
2013-06-14,26.1200008392334,26.200000762939453,25.510000228881836,25.520000457763672,8767300
2013-06-17,25.649999618530273,25.790000915527344,25.149999618530273,25.329999923706055,8906900
2013-06-18,25.270000457763672,25.450000762939453,25.020000457763672,25.34000015258789,6908800
2013-06-19,26.079999923706055,26.100000381469727,24.360000610351562,24.440000534057617,21692300
2013-06-20,24.1299991607666,24.18000030517578,23.200000762939453,23.399999618530273,19269400
2013-06-21,23.549999237060547,23.940000534057617,22.799999237060547,23.450000762939453,17054000
2013-06-24,23.270000457763672,23.31999969482422,22.219999313354492,22.6200008392334,17577700
2013-06-25,22.8799991607666,23.510000228881836,22.8799991607666,23.209999084472656,13688000
2013-06-26,22.489999771118164,23.1200008392334,22.25,22.40999984741211,11262100
2013-06-27,22.68000030517578,23.049999237060547,22.59000015258789,22.780000686645508,9418500
2013-06-28,22.770000457763672,23.059999465942383,22.540000915527344,23.010000228881836,6848900
2013-07-01,23.020000457763672,23.190000534057617,22.739999771118164,22.799999237060547,6471400
2013-07-02,22.709999084472656,23.049999237060547,22.420000076293945,22.469999313354492,6811700
2013-07-03,22.350000381469727,22.440000534057617,21.739999771118164,21.93000030517578,6638100
2013-07-05,21.399999618530273,21.420000076293945,20.200000762939453,20.760000228881836,21058400
2013-07-08,20.3700008392334,21.18000030517578,20.31999969482422,21.110000610351562,11469000
2013-07-09,21.200000762939453,21.530000686645508,21.100000381469727,21.170000076293945,5756300
2013-07-10,21.100000381469727,21.229999542236328,20.670000076293945,20.739999771118164,6818200
2013-07-11,21.1299991607666,22.68000030517578,21.010000228881836,22.65999984741211,14494000
2013-07-12,22.790000915527344,22.799999237060547,21.81999969482422,21.899999618530273,8403900
2013-07-15,21.920000076293945,22.510000228881836,21.809999465942383,22.459999084472656,6419200
2013-07-16,22.489999771118164,22.5,22.1200008392334,22.170000076293945,5529200
2013-07-17,22.260000228881836,22.639999389648438,22.200000762939453,22.450000762939453,5636700
2013-07-18,22.450000762939453,22.5,21.889999389648438,21.979999542236328,6687800
2013-07-19,21.950000762939453,22.139999389648438,21.90999984741211,22.049999237060547,5168000
2013-07-22,22.1299991607666,22.229999542236328,22.020000457763672,22.139999389648438,3398300
2013-07-23,22.1200008392334,22.200000762939453,21.90999984741211,22.06999969482422,4531800
2013-07-24,21.979999542236328,22.0,21.200000762939453,21.350000381469727,7266300
2013-07-25,21.329999923706055,21.56999969482422,20.90999984741211,21.510000228881836,4710700
2013-07-26,21.8700008392334,21.8700008392334,21.420000076293945,21.639999389648438,9038400
2013-07-29,21.739999771118164,22.170000076293945,21.670000076293945,21.850000381469727,9639400
2013-07-30,23.0,23.34000015258789,22.799999237060547,23.09000015258789,11945300
2013-07-31,22.790000915527344,22.8799991607666,22.350000381469727,22.540000915527344,10566400
2013-08-01,22.6299991607666,22.719999313354492,22.110000610351562,22.1200008392334,13025900
2013-08-02,22.510000228881836,22.649999618530273,22.25,22.59000015258789,8248700
2013-08-05,22.549999237060547,22.639999389648438,22.350000381469727,22.510000228881836,6369300
2013-08-06,22.399999618530273,22.639999389648438,22.31999969482422,22.510000228881836,4484700
2013-08-07,22.5,22.739999771118164,22.25,22.709999084472656,5015700
2013-08-08,22.799999237060547,23.229999542236328,22.75,23.209999084472656,5553500
2013-08-09,23.239999771118164,23.34000015258789,23.059999465942383,23.110000610351562,3997000
2013-08-12,23.139999389648438,23.34000015258789,23.1200008392334,23.329999923706055,3405000
2013-08-13,23.190000534057617,23.34000015258789,22.700000762939453,22.709999084472656,5960900
2013-08-14,22.709999084472656,22.889999389648438,22.510000228881836,22.65999984741211,3104500
2013-08-15,22.350000381469727,22.40999984741211,22.100000381469727,22.350000381469727,4883700
2013-08-16,22.309999465942383,22.34000015258789,21.780000686645508,21.81999969482422,6606500
2013-08-19,21.81999969482422,21.940000534057617,20.40999984741211,20.43000030517578,15381900
2013-08-20,20.5,21.65999984741211,20.5,21.489999771118164,10147200
2013-08-21,21.489999771118164,21.81999969482422,21.34000015258789,21.459999084472656,6592000
2013-08-22,21.469999313354492,21.780000686645508,21.25,21.579999923706055,4387900
2013-08-23,21.700000762939453,22.84000015258789,21.700000762939453,22.81999969482422,10076900
2013-08-26,22.899999618530273,22.969999313354492,22.610000610351562,22.649999618530273,4802000
2013-08-27,22.579999923706055,23.25,22.5,22.950000762939453,7853500
2013-08-28,22.850000381469727,23.0,22.469999313354492,22.56999969482422,5267100
2013-08-29,22.450000762939453,22.950000762939453,22.260000228881836,22.940000534057617,5344700
2013-08-30,22.8700008392334,23.049999237060547,22.65999984741211,22.760000228881836,4794900
2013-09-03,22.6299991607666,22.729999542236328,22.09000015258789,22.510000228881836,6456400
2013-09-04,22.559999465942383,22.93000030517578,22.40999984741211,22.799999237060547,4312600
2013-09-05,22.649999618530273,22.700000762939453,22.209999084472656,22.260000228881836,5446900
2013-09-06,22.700000762939453,22.889999389648438,22.540000915527344,22.739999771118164,5993300
2013-09-09,22.81999969482422,23.139999389648438,22.729999542236328,23.139999389648438,5424300
2013-09-10,23.06999969482422,23.100000381469727,22.56999969482422,22.670000076293945,5913700
2013-09-11,22.700000762939453,23.190000534057617,22.700000762939453,23.190000534057617,4494200
2013-09-12,23.18000030517578,23.5,23.1200008392334,23.31999969482422,5085000
2013-09-13,23.420000076293945,23.799999237060547,23.399999618530273,23.739999771118164,6055300
2013-09-16,24.139999389648438,24.299999237060547,23.219999313354492,23.290000915527344,8457800
2013-09-17,23.239999771118164,23.579999923706055,22.979999542236328,23.18000030517578,4641900
2013-09-18,23.110000610351562,24.40999984741211,23.049999237060547,24.40999984741211,14687000
2013-09-19,24.559999465942383,24.579999923706055,23.6299991607666,23.760000228881836,8104700
2013-09-20,23.639999389648438,23.709999084472656,23.049999237060547,23.190000534057617,12120400
2013-09-23,23.190000534057617,23.729999542236328,23.170000076293945,23.709999084472656,5497100
2013-09-24,23.780000686645508,24.200000762939453,23.540000915527344,24.040000915527344,12235500
2013-09-25,24.110000610351562,24.399999618530273,24.0,24.040000915527344,8804100
2013-09-26,23.200000762939453,23.31999969482422,22.700000762939453,22.899999618530273,8871800
2013-09-27,22.809999465942383,23.06999969482422,22.799999237060547,22.8799991607666,4632500
2013-09-30,22.670000076293945,22.799999237060547,22.399999618530273,22.579999923706055,6101800
2013-10-01,22.459999084472656,22.889999389648438,22.440000534057617,22.860000610351562,4679000
2013-10-02,22.850000381469727,23.040000915527344,22.729999542236328,23.020000457763672,4077400
2013-10-03,23.0,23.280000686645508,22.770000457763672,23.049999237060547,6248100
2013-10-04,22.93000030517578,23.1200008392334,22.860000610351562,23.049999237060547,5651000
2013-10-07,22.959999084472656,23.25,22.90999984741211,23.0,3769000
2013-10-08,22.920000076293945,22.920000076293945,22.399999618530273,22.559999465942383,7897100
2013-10-09,22.520000457763672,22.65999984741211,22.3799991607666,22.489999771118164,7613900
2013-10-10,22.729999542236328,22.950000762939453,22.270000457763672,22.5,7975400
2013-10-11,22.610000610351562,22.65999984741211,22.40999984741211,22.479999542236328,4224500
2013-10-14,22.350000381469727,22.43000030517578,22.049999237060547,22.190000534057617,4518200
2013-10-15,22.1200008392334,22.440000534057617,22.1200008392334,22.3700008392334,6687600
2013-10-16,22.3799991607666,22.549999237060547,22.260000228881836,22.459999084472656,3833900
2013-10-17,22.6299991607666,23.530000686645508,22.600000381469727,23.469999313354492,8692800
2013-10-18,23.40999984741211,23.600000381469727,23.350000381469727,23.5,3931300
2013-10-21,23.459999084472656,23.510000228881836,23.209999084472656,23.3799991607666,5267700
2013-10-22,23.520000457763672,24.040000915527344,23.510000228881836,23.770000457763672,5170200
2013-10-23,23.68000030517578,24.190000534057617,23.649999618530273,24.010000228881836,4226900
2013-10-24,24.049999237060547,24.18000030517578,24.030000686645508,24.1200008392334,3545400
2013-10-25,24.049999237060547,24.299999237060547,23.979999542236328,24.049999237060547,3472700
2013-10-28,24.290000915527344,24.299999237060547,23.770000457763672,23.8700008392334,6484300
2013-10-29,22.280000686645508,22.469999313354492,21.709999084472656,21.8700008392334,26890200
2013-10-30,21.8700008392334,21.950000762939453,21.530000686645508,21.540000915527344,14032800
2013-10-31,21.510000228881836,21.770000457763672,21.31999969482422,21.709999084472656,10510500
2013-11-01,21.84000015258789,21.959999084472656,21.799999237060547,21.959999084472656,4861700
2013-11-04,21.959999084472656,21.989999771118164,21.729999542236328,21.81999969482422,5286500
2013-11-05,21.690000534057617,21.860000610351562,21.579999923706055,21.729999542236328,6399500
2013-11-06,21.700000762939453,21.93000030517578,21.65999984741211,21.799999237060547,6272900
2013-11-07,21.790000915527344,21.90999984741211,21.600000381469727,21.639999389648438,6091700
2013-11-08,21.360000610351562,21.40999984741211,20.850000381469727,21.049999237060547,12292000
2013-11-11,20.93000030517578,20.979999542236328,20.440000534057617,20.690000534057617,9294800
2013-11-12,20.389999389648438,21.06999969482422,20.299999237060547,21.06999969482422,11491700
2013-11-13,20.950000762939453,21.43000030517578,20.84000015258789,21.43000030517578,5948200
2013-11-14,21.479999542236328,21.8700008392334,21.40999984741211,21.670000076293945,5166700
2013-11-15,21.6200008392334,21.690000534057617,21.3700008392334,21.420000076293945,5410100
2013-11-18,21.399999618530273,21.540000915527344,21.1200008392334,21.1200008392334,6015600
2013-11-19,21.139999389648438,21.149999618530273,20.809999465942383,20.90999984741211,4215700
2013-11-20,21.0,21.1200008392334,20.610000610351562,20.719999313354492,4901600
2013-11-21,20.68000030517578,20.729999542236328,20.329999923706055,20.520000457763672,5819200
2013-11-22,20.5,20.520000457763672,20.110000610351562,20.360000610351562,5996600
2013-11-25,20.229999542236328,20.770000457763672,20.020000457763672,20.540000915527344,7134700
2013-11-26,20.440000534057617,20.549999237060547,19.850000381469727,19.920000076293945,20845600
2013-11-27,20.1200008392334,20.549999237060547,20.049999237060547,20.520000457763672,9319500
2013-11-29,20.43000030517578,20.549999237060547,20.049999237060547,20.3799991607666,3074900
2013-12-02,20.270000457763672,20.329999923706055,19.860000610351562,19.979999542236328,6118100
2013-12-03,20.0,20.149999618530273,19.84000015258789,19.84000015258789,5993400
2013-12-04,19.549999237060547,19.790000915527344,19.209999084472656,19.75,7699700
2013-12-05,19.280000686645508,19.65999984741211,19.260000228881836,19.459999084472656,8838100
2013-12-06,19.43000030517578,19.559999465942383,18.84000015258789,19.280000686645508,10905000
2013-12-09,19.18000030517578,19.850000381469727,19.1200008392334,19.799999237060547,8180000
2013-12-10,19.899999618530273,20.329999923706055,19.829999923706055,20.209999084472656,6822000
2013-12-11,20.170000076293945,20.170000076293945,19.700000762939453,19.809999465942383,7458400
2013-12-12,19.739999771118164,20.010000228881836,19.639999389648438,19.899999618530273,6010300
2013-12-13,19.959999084472656,20.170000076293945,19.959999084472656,20.020000457763672,5553800
2013-12-16,20.010000228881836,20.049999237060547,19.389999389648438,19.479999542236328,6378900
2013-12-17,19.450000762939453,19.760000228881836,19.399999618530273,19.75,4090600
2013-12-18,19.75,20.229999542236328,19.329999923706055,19.760000228881836,9369500
2013-12-19,19.68000030517578,19.760000228881836,19.329999923706055,19.469999313354492,8348800
2013-12-20,19.549999237060547,19.8700008392334,19.510000228881836,19.8700008392334,9145800
2013-12-23,19.989999771118164,20.200000762939453,19.959999084472656,20.020000457763672,6262700
2013-12-24,20.0,20.15999984741211,19.899999618530273,19.93000030517578,3001400
2013-12-26,20.0,20.1299991607666,19.920000076293945,19.93000030517578,7863300
2013-12-27,19.229999542236328,19.43000030517578,19.1299991607666,19.209999084472656,6008900
2013-12-30,19.110000610351562,19.280000686645508,19.030000686645508,19.1299991607666,8074000
2013-12-31,19.059999465942383,19.459999084472656,19.059999465942383,19.290000915527344,6238400
2014-01-02,19.34000015258789,19.5,19.290000915527344,19.399999618530273,3677600
2014-01-03,19.5,19.709999084472656,19.3799991607666,19.59000015258789,5445700
2014-01-06,19.639999389648438,19.8799991607666,19.6200008392334,19.760000228881836,4727600
2014-01-07,19.8799991607666,20.049999237060547,19.639999389648438,19.950000762939453,5992500
2014-01-08,19.889999389648438,19.920000076293945,19.75,19.8700008392334,4430000
2014-01-09,19.889999389648438,19.899999618530273,19.639999389648438,19.780000686645508,4683600
2014-01-10,20.190000534057617,20.200000762939453,19.93000030517578,20.139999389648438,3843900
2014-01-13,20.100000381469727,20.520000457763672,19.989999771118164,20.450000762939453,8462100
2014-01-14,20.440000534057617,20.450000762939453,20.1299991607666,20.15999984741211,3291100
2014-01-15,20.09000015258789,20.3799991607666,20.06999969482422,20.149999618530273,3520300
2014-01-16,20.1200008392334,20.299999237060547,20.06999969482422,20.280000686645508,2867500
2014-01-17,20.260000228881836,20.290000915527344,20.18000030517578,20.25,2220900
2014-01-21,20.329999923706055,20.6299991607666,20.190000534057617,20.56999969482422,4919100
2014-01-22,20.520000457763672,20.6200008392334,20.360000610351562,20.559999465942383,3888200
2014-01-23,20.639999389648438,20.899999618530273,20.510000228881836,20.84000015258789,4530700
2014-01-24,20.899999618530273,21.1200008392334,20.799999237060547,20.809999465942383,6570100
2014-01-27,20.940000534057617,21.010000228881836,20.579999923706055,20.670000076293945,4809000
2014-01-28,20.899999618530273,20.920000076293945,20.549999237060547,20.68000030517578,3685400
2014-01-29,20.709999084472656,20.829999923706055,20.5,20.75,3077700
2014-01-30,20.700000762939453,20.799999237060547,20.56999969482422,20.719999313354492,6210300
2014-01-31,20.780000686645508,21.100000381469727,20.739999771118164,20.950000762939453,6027000
2014-02-03,21.020000457763672,21.170000076293945,20.959999084472656,21.059999465942383,10769800
2014-02-04,21.100000381469727,21.65999984741211,21.0,21.329999923706055,13524500
2014-02-05,21.549999237060547,21.920000076293945,21.520000457763672,21.770000457763672,9181300
2014-02-06,21.860000610351562,22.100000381469727,21.6200008392334,21.649999618530273,6805200
2014-02-07,21.639999389648438,22.040000915527344,21.530000686645508,21.979999542236328,8747000
2014-02-10,21.979999542236328,22.170000076293945,21.940000534057617,22.1299991607666,4873800
2014-02-11,22.149999618530273,22.219999313354492,21.920000076293945,21.959999084472656,6109800
2014-02-12,21.950000762939453,22.079999923706055,21.899999618530273,22.0,4720900
2014-02-13,21.940000534057617,22.200000762939453,21.8799991607666,22.1200008392334,3182300
2014-02-14,22.1299991607666,22.149999618530273,21.959999084472656,22.040000915527344,4099900
2014-02-18,22.020000457763672,22.479999542236328,21.93000030517578,22.479999542236328,5469900
2014-02-19,22.489999771118164,22.5,22.280000686645508,22.309999465942383,5715300
2014-02-20,22.31999969482422,22.3700008392334,22.09000015258789,22.15999984741211,3398500
2014-02-21,22.079999923706055,22.229999542236328,21.93000030517578,22.020000457763672,5731100
2014-02-24,22.100000381469727,22.149999618530273,21.989999771118164,22.049999237060547,5135600
2014-02-25,22.110000610351562,22.229999542236328,22.0,22.1299991607666,4423400
2014-02-26,22.200000762939453,22.350000381469727,22.170000076293945,22.309999465942383,3643900
2014-02-27,22.360000610351562,22.399999618530273,22.219999313354492,22.3799991607666,3012300
2014-02-28,22.40999984741211,22.469999313354492,22.229999542236328,22.290000915527344,7528100
2014-03-03,22.200000762939453,22.649999618530273,22.200000762939453,22.600000381469727,4297500
2014-03-04,22.649999618530273,22.649999618530273,22.219999313354492,22.59000015258789,5056600
2014-03-05,22.6299991607666,22.690000534057617,22.469999313354492,22.649999618530273,2972800
2014-03-06,22.610000610351562,22.719999313354492,22.540000915527344,22.549999237060547,3075900
2014-03-07,22.299999237060547,22.299999237060547,21.90999984741211,22.010000228881836,6410600
2014-03-10,22.040000915527344,22.25,22.020000457763672,22.100000381469727,3383500
2014-03-11,22.1299991607666,22.309999465942383,21.979999542236328,22.020000457763672,2739100
2014-03-12,21.989999771118164,22.440000534057617,21.969999313354492,22.440000534057617,3587400
2014-03-13,22.450000762939453,22.75,22.389999389648438,22.65999984741211,6955900
2014-03-14,22.610000610351562,22.84000015258789,22.530000686645508,22.559999465942383,2848100
2014-03-17,22.559999465942383,22.639999389648438,22.450000762939453,22.5,3926700
2014-03-18,22.479999542236328,22.68000030517578,22.450000762939453,22.639999389648438,2374600
2014-03-19,22.670000076293945,22.75,22.059999465942383,22.06999969482422,9936600
2014-03-20,22.020000457763672,22.059999465942383,21.6299991607666,21.950000762939453,9642800
2014-03-21,22.0,22.479999542236328,21.950000762939453,22.479999542236328,11243600
2014-03-24,22.270000457763672,22.3799991607666,22.030000686645508,22.219999313354492,4494400
2014-03-25,22.15999984741211,22.209999084472656,22.030000686645508,22.030000686645508,4240600
2014-03-26,22.18000030517578,22.18000030517578,21.889999389648438,21.899999618530273,5828000
2014-03-27,21.299999237060547,21.399999618530273,21.040000915527344,21.260000228881836,4583300
2014-03-28,21.270000457763672,21.40999984741211,21.200000762939453,21.25,2458600
2014-03-31,21.270000457763672,21.56999969482422,21.1200008392334,21.489999771118164,4623900
2014-04-01,21.43000030517578,21.670000076293945,21.329999923706055,21.639999389648438,3895300
2014-04-02,21.639999389648438,21.770000457763672,21.479999542236328,21.5,5208600
2014-04-03,21.510000228881836,21.59000015258789,21.290000915527344,21.510000228881836,4149600
2014-04-04,21.56999969482422,21.8799991607666,21.549999237060547,21.809999465942383,4512300
2014-04-07,21.739999771118164,22.149999618530273,21.739999771118164,21.959999084472656,4448600
2014-04-08,21.90999984741211,23.030000686645508,21.90999984741211,22.06999969482422,5431800
2014-04-09,22.09000015258789,22.350000381469727,21.979999542236328,22.309999465942383,4695500
2014-04-10,22.270000457763672,22.5,22.229999542236328,22.329999923706055,4506200
2014-04-11,22.31999969482422,22.540000915527344,22.219999313354492,22.389999389648438,3366700
2014-04-14,22.3799991607666,22.520000457763672,22.020000457763672,22.219999313354492,3998000
2014-04-15,22.15999984741211,22.299999237060547,22.059999465942383,22.219999313354492,4431600
2014-04-16,22.110000610351562,22.209999084472656,22.079999923706055,22.110000610351562,3712400
2014-04-17,22.049999237060547,22.200000762939453,21.780000686645508,21.8799991607666,6391600
2014-04-21,21.860000610351562,22.139999389648438,21.84000015258789,22.1299991607666,2748600
2014-04-22,22.149999618530273,22.40999984741211,22.139999389648438,22.360000610351562,4254100
2014-04-23,22.40999984741211,22.5,22.360000610351562,22.3799991607666,3405800
2014-04-24,22.360000610351562,22.639999389648438,22.350000381469727,22.56999969482422,3033600
2014-04-25,22.579999923706055,22.780000686645508,22.510000228881836,22.770000457763672,4000900
2014-04-28,22.8700008392334,22.8799991607666,22.559999465942383,22.59000015258789,6548200
2014-04-29,22.81999969482422,22.81999969482422,22.260000228881836,22.399999618530273,7909900
2014-04-30,22.299999237060547,22.75,22.299999237060547,22.709999084472656,4030300
2014-05-01,22.700000762939453,22.889999389648438,22.670000076293945,22.850000381469727,3484300
2014-05-02,22.59000015258789,22.739999771118164,22.459999084472656,22.510000228881836,6166300
2014-05-05,22.489999771118164,22.75,22.440000534057617,22.690000534057617,2960300
2014-05-06,22.6200008392334,22.729999542236328,22.610000610351562,22.709999084472656,1811900
2014-05-07,22.719999313354492,23.100000381469727,22.700000762939453,23.100000381469727,4677700
2014-05-08,22.979999542236328,23.270000457763672,22.780000686645508,23.020000457763672,4689000
2014-05-09,22.979999542236328,23.239999771118164,22.979999542236328,23.100000381469727,2956800
2014-05-12,23.079999923706055,23.239999771118164,22.899999618530273,22.940000534057617,4260500
2014-05-13,22.959999084472656,23.010000228881836,22.829999923706055,22.979999542236328,3621200
2014-05-14,23.0,23.219999313354492,22.969999313354492,23.18000030517578,3393400
2014-05-15,23.1200008392334,23.34000015258789,23.06999969482422,23.229999542236328,6384900
2014-05-16,23.190000534057617,23.270000457763672,23.09000015258789,23.200000762939453,2495600
2014-05-19,23.219999313354492,23.389999389648438,23.1299991607666,23.34000015258789,2537000
2014-05-20,23.3799991607666,23.440000534057617,23.209999084472656,23.25,1889500
2014-05-21,23.200000762939453,23.40999984741211,23.149999618530273,23.34000015258789,2524800
2014-05-22,23.34000015258789,23.56999969482422,23.290000915527344,23.43000030517578,3860300
2014-05-23,23.450000762939453,23.68000030517578,23.360000610351562,23.579999923706055,4330300
2014-05-27,23.59000015258789,23.829999923706055,23.579999923706055,23.790000915527344,4404200
2014-05-28,23.8700008392334,23.8700008392334,23.579999923706055,23.649999618530273,4041400
2014-05-29,23.690000534057617,23.739999771118164,23.5,23.559999465942383,1913000
2014-05-30,23.469999313354492,23.790000915527344,23.459999084472656,23.729999542236328,4264000
2014-06-02,23.75,23.889999389648438,23.700000762939453,23.709999084472656,2422500
2014-06-03,23.65999984741211,23.700000762939453,23.43000030517578,23.450000762939453,2854700
2014-06-04,23.440000534057617,23.450000762939453,23.239999771118164,23.360000610351562,3784100
2014-06-05,23.43000030517578,23.6299991607666,23.3700008392334,23.6299991607666,3098100
2014-06-06,23.6299991607666,23.799999237060547,23.6200008392334,23.760000228881836,3184800
2014-06-09,23.799999237060547,23.8700008392334,23.670000076293945,23.81999969482422,4466700
2014-06-10,23.809999465942383,23.850000381469727,23.540000915527344,23.549999237060547,4744800
2014-06-11,23.56999969482422,23.700000762939453,23.459999084472656,23.59000015258789,2495800
2014-06-12,23.639999389648438,23.700000762939453,23.510000228881836,23.68000030517578,2184900
2014-06-13,23.639999389648438,23.719999313354492,23.450000762939453,23.68000030517578,4117700
2014-06-16,23.700000762939453,23.709999084472656,23.56999969482422,23.649999618530273,2075500
2014-06-17,23.670000076293945,23.68000030517578,23.329999923706055,23.399999618530273,3792100
2014-06-18,23.56999969482422,23.600000381469727,23.260000228881836,23.459999084472656,6170600
2014-06-19,23.56999969482422,23.770000457763672,23.5,23.729999542236328,6311300
2014-06-20,23.770000457763672,23.780000686645508,23.420000076293945,23.729999542236328,6716900
2014-06-23,23.739999771118164,24.059999465942383,23.729999542236328,23.920000076293945,4850200
2014-06-24,23.899999618530273,24.0,23.8700008392334,23.8700008392334,3259700
2014-06-25,23.959999084472656,23.989999771118164,23.700000762939453,23.760000228881836,4329600
2014-06-26,23.190000534057617,23.420000076293945,23.06999969482422,23.34000015258789,4456400
2014-06-27,23.360000610351562,23.479999542236328,23.190000534057617,23.31999969482422,3792100
2014-06-30,23.309999465942383,23.450000762939453,23.25,23.40999984741211,2839200
2014-07-01,23.360000610351562,23.43000030517578,23.09000015258789,23.1299991607666,3413700
2014-07-02,23.040000915527344,23.059999465942383,22.670000076293945,23.0,5859000
2014-07-03,22.780000686645508,22.84000015258789,22.68000030517578,22.75,3332300
2014-07-07,22.75,22.760000228881836,22.56999969482422,22.68000030517578,3973800
2014-07-08,22.700000762939453,23.010000228881836,22.649999618530273,23.0,4486700
2014-07-09,22.940000534057617,23.030000686645508,22.81999969482422,22.959999084472656,2520300
2014-07-10,22.93000030517578,23.170000076293945,22.920000076293945,23.010000228881836,2157100
2014-07-11,23.049999237060547,23.06999969482422,22.899999618530273,22.93000030517578,1986500
2014-07-14,22.8799991607666,23.049999237060547,22.850000381469727,22.979999542236328,2606100
2014-07-15,22.920000076293945,23.079999923706055,22.899999618530273,23.010000228881836,2164300
2014-07-16,23.049999237060547,23.1200008392334,23.010000228881836,23.079999923706055,2705100
2014-07-17,23.079999923706055,23.200000762939453,23.049999237060547,23.100000381469727,2076500
2014-07-18,23.149999618530273,23.200000762939453,23.06999969482422,23.139999389648438,1863400
2014-07-21,23.149999618530273,23.290000915527344,23.149999618530273,23.239999771118164,1659400
2014-07-22,23.299999237060547,23.40999984741211,23.260000228881836,23.389999389648438,1676100
2014-07-23,23.459999084472656,23.559999465942383,23.43000030517578,23.510000228881836,1924100
2014-07-24,23.43000030517578,23.520000457763672,23.420000076293945,23.450000762939453,1695500
2014-07-25,23.43000030517578,23.6200008392334,23.420000076293945,23.579999923706055,1977100
2014-07-28,23.780000686645508,23.850000381469727,23.6299991607666,23.690000534057617,4231200
2014-07-29,23.920000076293945,23.969999313354492,23.40999984741211,23.479999542236328,6692400
2014-07-30,23.399999618530273,23.549999237060547,22.8700008392334,22.93000030517578,6429500
2014-07-31,22.8700008392334,23.1299991607666,22.700000762939453,23.1200008392334,5763200
2014-08-01,23.149999618530273,23.3700008392334,23.059999465942383,23.260000228881836,3749200
2014-08-04,23.209999084472656,23.309999465942383,23.100000381469727,23.1299991607666,3091600
2014-08-05,23.1299991607666,23.290000915527344,23.1200008392334,23.18000030517578,2613800
2014-08-06,23.209999084472656,23.239999771118164,23.100000381469727,23.200000762939453,2477300
2014-08-07,23.280000686645508,23.3700008392334,23.170000076293945,23.219999313354492,3126300
2014-08-08,23.25,23.290000915527344,23.190000534057617,23.219999313354492,2237800
2014-08-11,23.190000534057617,23.309999465942383,23.170000076293945,23.190000534057617,2266400
2014-08-12,23.190000534057617,23.270000457763672,23.149999618530273,23.18000030517578,1873500
2014-08-13,23.239999771118164,23.290000915527344,23.15999984741211,23.25,1533300
2014-08-14,23.239999771118164,23.420000076293945,23.239999771118164,23.309999465942383,3500200
2014-08-15,23.299999237060547,23.489999771118164,23.280000686645508,23.420000076293945,5120000
2014-08-18,23.440000534057617,23.479999542236328,23.270000457763672,23.34000015258789,3010800
2014-08-19,23.389999389648438,23.420000076293945,23.270000457763672,23.290000915527344,4376200
2014-08-20,23.309999465942383,23.3799991607666,23.219999313354492,23.360000610351562,3017200
2014-08-21,23.350000381469727,23.5,23.290000915527344,23.459999084472656,2661800
2014-08-22,23.450000762939453,23.530000686645508,23.299999237060547,23.360000610351562,1564200
2014-08-25,23.3799991607666,23.459999084472656,23.290000915527344,23.3799991607666,1519800
2014-08-26,23.389999389648438,23.540000915527344,23.329999923706055,23.5,1923400
2014-08-27,23.530000686645508,23.600000381469727,23.43000030517578,23.520000457763672,2649900
2014-08-28,23.5,23.56999969482422,23.450000762939453,23.510000228881836,1341300
2014-08-29,23.520000457763672,23.65999984741211,23.459999084472656,23.649999618530273,1600200
2014-09-02,23.68000030517578,23.68000030517578,23.520000457763672,23.579999923706055,2298500
2014-09-03,23.59000015258789,23.709999084472656,23.540000915527344,23.600000381469727,1908500
2014-09-04,23.600000381469727,23.610000610351562,23.420000076293945,23.479999542236328,2494600
2014-09-05,23.520000457763672,23.719999313354492,23.5,23.700000762939453,2830000
2014-09-08,23.6299991607666,23.709999084472656,23.549999237060547,23.68000030517578,1862600
2014-09-09,23.6200008392334,23.700000762939453,23.360000610351562,23.3799991607666,4325600
2014-09-10,23.350000381469727,23.450000762939453,23.100000381469727,23.18000030517578,4648400
2014-09-11,23.209999084472656,23.350000381469727,23.170000076293945,23.299999237060547,2271300
2014-09-12,23.25,23.280000686645508,22.68000030517578,22.709999084472656,5480800
2014-09-15,22.649999618530273,22.829999923706055,22.649999618530273,22.729999542236328,4445000
2014-09-16,22.739999771118164,22.75,22.260000228881836,22.610000610351562,5750100
2014-09-17,22.68000030517578,22.790000915527344,22.540000915527344,22.540000915527344,2952300
2014-09-18,22.520000457763672,22.549999237060547,22.059999465942383,22.1299991607666,12074000
2014-09-19,22.25,22.579999923706055,22.219999313354492,22.459999084472656,8713800
2014-09-22,22.530000686645508,22.56999969482422,22.229999542236328,22.25,7078000
2014-09-23,22.270000457763672,22.299999237060547,22.149999618530273,22.170000076293945,5791000
2014-09-24,22.219999313354492,22.270000457763672,22.040000915527344,22.09000015258789,6328100
2014-09-25,22.149999618530273,22.15999984741211,22.059999465942383,22.100000381469727,5164900
2014-09-26,21.549999237060547,21.549999237060547,21.079999923706055,21.450000762939453,7756200
2014-09-29,21.389999389648438,21.5,21.31999969482422,21.450000762939453,3680000
2014-09-30,21.479999542236328,21.520000457763672,21.25,21.25,6122600
2014-10-01,21.25,21.65999984741211,21.25,21.610000610351562,4966000
2014-10-02,21.6200008392334,21.65999984741211,21.299999237060547,21.450000762939453,4120600
2014-10-03,21.450000762939453,21.520000457763672,21.309999465942383,21.459999084472656,3922300
2014-10-06,21.450000762939453,21.829999923706055,21.450000762939453,21.709999084472656,4166000
2014-10-07,21.709999084472656,22.010000228881836,21.700000762939453,21.979999542236328,3975400
2014-10-08,21.979999542236328,22.469999313354492,21.920000076293945,22.440000534057617,7681300
2014-10-09,22.420000076293945,22.799999237060547,22.40999984741211,22.559999465942383,8710600
2014-10-10,22.520000457763672,22.760000228881836,22.510000228881836,22.6200008392334,6216300
2014-10-13,22.690000534057617,23.059999465942383,22.639999389648438,22.940000534057617,5043600
2014-10-14,22.989999771118164,23.030000686645508,22.760000228881836,22.940000534057617,8663700
2014-10-15,23.0,23.200000762939453,22.5,22.579999923706055,13027300
2014-10-16,22.479999542236328,22.559999465942383,22.09000015258789,22.280000686645508,11870100
2014-10-17,22.25,22.530000686645508,22.25,22.450000762939453,4307900
2014-10-20,22.280000686645508,22.65999984741211,22.229999542236328,22.65999984741211,3049600
2014-10-21,22.65999984741211,22.899999618530273,22.600000381469727,22.84000015258789,3579600
2014-10-22,22.850000381469727,23.079999923706055,22.799999237060547,22.959999084472656,3740400
2014-10-23,22.969999313354492,23.020000457763672,22.860000610351562,22.899999618530273,3018100
2014-10-24,22.90999984741211,23.06999969482422,22.860000610351562,23.020000457763672,4843800
2014-10-27,23.100000381469727,23.280000686645508,22.920000076293945,23.200000762939453,7500200
2014-10-28,23.229999542236328,23.440000534057617,23.010000228881836,23.1200008392334,7413100
2014-10-29,22.90999984741211,23.049999237060547,22.3799991607666,22.479999542236328,6276900
2014-10-30,22.479999542236328,22.739999771118164,22.450000762939453,22.690000534057617,3325500
2014-10-31,22.690000534057617,22.81999969482422,22.6200008392334,22.739999771118164,5052100
2014-11-03,22.68000030517578,22.860000610351562,22.6299991607666,22.649999618530273,2775200
2014-11-04,22.700000762939453,22.850000381469727,22.3799991607666,22.479999542236328,3450100
2014-11-05,22.5,22.59000015258789,22.299999237060547,22.399999618530273,4780700
2014-11-06,22.440000534057617,22.610000610351562,22.3799991607666,22.420000076293945,3395000
2014-11-07,22.5,22.639999389648438,22.440000534057617,22.549999237060547,2950700
2014-11-10,22.489999771118164,22.649999618530273,22.43000030517578,22.5,2598400
2014-11-11,22.43000030517578,22.549999237060547,22.40999984741211,22.520000457763672,1594700
2014-11-12,22.520000457763672,22.540000915527344,22.360000610351562,22.520000457763672,2517900
2014-11-13,22.5,22.700000762939453,22.489999771118164,22.670000076293945,2426000
2014-11-14,22.639999389648438,22.8799991607666,22.639999389648438,22.8700008392334,3258100
2014-11-17,22.790000915527344,23.1299991607666,22.790000915527344,23.079999923706055,4564000
2014-11-18,23.079999923706055,23.15999984741211,23.0,23.1200008392334,4260900
2014-11-19,23.030000686645508,23.15999984741211,23.0,23.1200008392334,3056100
2014-11-20,23.139999389648438,23.229999542236328,23.020000457763672,23.190000534057617,2348800
2014-11-21,23.25,23.260000228881836,23.100000381469727,23.170000076293945,2946600
2014-11-24,23.170000076293945,23.350000381469727,23.1299991607666,23.290000915527344,2712200
2014-11-25,23.049999237060547,23.09000015258789,22.920000076293945,22.979999542236328,3604100
2014-11-26,23.079999923706055,23.1200008392334,22.950000762939453,23.049999237060547,1781400
2014-11-28,23.09000015258789,23.170000076293945,23.010000228881836,23.079999923706055,1751900
2014-12-01,23.030000686645508,23.09000015258789,22.8799991607666,22.920000076293945,3387400
2014-12-02,22.889999389648438,23.170000076293945,22.81999969482422,23.139999389648438,3220000
2014-12-03,23.139999389648438,23.18000030517578,23.059999465942383,23.149999618530273,2266400
2014-12-04,23.149999618530273,23.219999313354492,23.100000381469727,23.139999389648438,2309200
2014-12-05,23.059999465942383,23.139999389648438,22.549999237060547,22.65999984741211,5722500
2014-12-08,22.600000381469727,22.68000030517578,22.18000030517578,22.290000915527344,5646500
2014-12-09,22.229999542236328,22.6299991607666,22.190000534057617,22.59000015258789,3732900
2014-12-10,22.600000381469727,22.6299991607666,22.270000457763672,22.309999465942383,1982400
2014-12-11,22.3799991607666,22.510000228881836,22.18000030517578,22.479999542236328,4859100
2014-12-12,22.440000534057617,22.469999313354492,22.209999084472656,22.239999771118164,3057500
2014-12-15,22.239999771118164,22.25,21.829999923706055,21.860000610351562,3361300
2014-12-16,21.84000015258789,22.06999969482422,21.75,21.780000686645508,3932700
2014-12-17,21.799999237060547,22.020000457763672,21.770000457763672,21.920000076293945,3139800
2014-12-18,22.0,22.06999969482422,21.860000610351562,22.0,3948600
2014-12-19,22.06999969482422,22.360000610351562,21.899999618530273,22.299999237060547,7327000
2014-12-22,22.350000381469727,22.440000534057617,22.239999771118164,22.40999984741211,3354700
2014-12-23,22.459999084472656,22.459999084472656,22.170000076293945,22.219999313354492,3360100
2014-12-24,22.15999984741211,22.219999313354492,21.950000762939453,22.139999389648438,2205700
2014-12-26,22.170000076293945,22.34000015258789,22.040000915527344,22.299999237060547,2334800
2014-12-29,22.200000762939453,22.469999313354492,22.049999237060547,22.31999969482422,4395500
2014-12-30,22.200000762939453,22.309999465942383,22.010000228881836,22.1299991607666,2274900
2014-12-31,22.079999923706055,22.239999771118164,21.780000686645508,21.829999923706055,3084900
2015-01-02,21.8700008392334,22.360000610351562,21.81999969482422,22.31999969482422,2956900
2015-01-05,22.260000228881836,22.270000457763672,22.0,22.110000610351562,3108900
2015-01-06,22.209999084472656,22.299999237060547,22.030000686645508,22.1200008392334,4037500
2015-01-07,22.1299991607666,22.15999984741211,22.030000686645508,22.09000015258789,3501100
2015-01-08,22.149999618530273,22.15999984741211,21.950000762939453,22.010000228881836,3578200
2015-01-09,22.0,22.09000015258789,21.93000030517578,21.940000534057617,3534300
2015-01-12,21.950000762939453,21.950000762939453,21.780000686645508,21.899999618530273,2785400
2015-01-13,21.8799991607666,21.950000762939453,21.5,21.639999389648438,3523700
2015-01-14,21.520000457763672,21.559999465942383,21.229999542236328,21.530000686645508,5126000
2015-01-15,21.520000457763672,21.670000076293945,21.43000030517578,21.479999542236328,6385700
2015-01-16,21.510000228881836,21.81999969482422,21.450000762939453,21.799999237060547,5391400
2015-01-20,21.8700008392334,21.899999618530273,21.40999984741211,21.469999313354492,4233200
2015-01-21,21.450000762939453,21.6299991607666,21.329999923706055,21.600000381469727,2592700
2015-01-22,21.75,22.100000381469727,21.6200008392334,22.06999969482422,3644200
2015-01-23,22.09000015258789,22.100000381469727,21.75,21.8799991607666,2247300
2015-01-26,21.90999984741211,22.06999969482422,21.760000228881836,22.059999465942383,2648700
2015-01-27,21.940000534057617,22.040000915527344,21.8700008392334,21.90999984741211,2127300
2015-01-28,21.700000762939453,21.829999923706055,21.540000915527344,21.549999237060547,2119900
2015-01-29,21.549999237060547,21.739999771118164,21.270000457763672,21.520000457763672,3126100
2015-01-30,21.43000030517578,21.65999984741211,21.40999984741211,21.549999237060547,3981800
2015-02-02,21.520000457763672,21.549999237060547,21.229999542236328,21.450000762939453,4575900
2015-02-03,21.280000686645508,21.850000381469727,21.149999618530273,21.729999542236328,5445200
2015-02-04,21.6299991607666,21.729999542236328,21.3700008392334,21.43000030517578,4216900
2015-02-05,21.399999618530273,21.700000762939453,21.3799991607666,21.690000534057617,3399700
2015-02-06,21.700000762939453,21.700000762939453,21.40999984741211,21.549999237060547,5511200
2015-02-09,21.540000915527344,21.75,21.5,21.68000030517578,2617600
2015-02-10,21.709999084472656,21.75,21.479999542236328,21.510000228881836,3555600
2015-02-11,21.43000030517578,21.549999237060547,21.420000076293945,21.479999542236328,2098400
2015-02-12,21.540000915527344,21.75,21.450000762939453,21.739999771118164,1997100
2015-02-13,21.760000228881836,21.969999313354492,21.690000534057617,21.950000762939453,2632600
2015-02-17,21.809999465942383,22.049999237060547,21.809999465942383,21.920000076293945,2485300
2015-02-18,21.940000534057617,21.969999313354492,21.709999084472656,21.860000610351562,1903800
2015-02-19,21.81999969482422,21.979999542236328,21.75,21.8700008392334,2003900
2015-02-20,21.8700008392334,21.989999771118164,21.860000610351562,21.940000534057617,2368800
2015-02-23,21.940000534057617,21.989999771118164,21.790000915527344,21.850000381469727,2434300
2015-02-24,21.799999237060547,21.81999969482422,21.610000610351562,21.780000686645508,4128100
2015-02-25,21.440000534057617,21.700000762939453,21.440000534057617,21.459999084472656,3620700
2015-02-26,21.450000762939453,21.5,21.209999084472656,21.270000457763672,4743700
2015-02-27,21.260000228881836,21.530000686645508,21.260000228881836,21.440000534057617,2385100
2015-03-02,21.399999618530273,21.5,21.280000686645508,21.350000381469727,2798100
2015-03-03,21.360000610351562,21.420000076293945,21.270000457763672,21.350000381469727,2617700
2015-03-04,21.350000381469727,21.420000076293945,21.280000686645508,21.3799991607666,1862900
2015-03-05,21.389999389648438,21.5,21.329999923706055,21.360000610351562,2187700
2015-03-06,21.25,21.31999969482422,20.950000762939453,21.049999237060547,4863900
2015-03-09,21.139999389648438,21.229999542236328,20.989999771118164,21.049999237060547,3177200
2015-03-10,20.93000030517578,21.1200008392334,20.920000076293945,20.979999542236328,3280400
2015-03-11,21.0,21.020000457763672,20.739999771118164,20.780000686645508,4052400
2015-03-12,20.850000381469727,21.079999923706055,20.829999923706055,21.020000457763672,2971100
2015-03-13,21.100000381469727,21.149999618530273,20.979999542236328,21.139999389648438,3775100
2015-03-16,21.190000534057617,21.43000030517578,21.170000076293945,21.420000076293945,3448800
2015-03-17,21.40999984741211,21.549999237060547,21.3799991607666,21.520000457763672,4042300
2015-03-18,21.450000762939453,21.950000762939453,21.43000030517578,21.799999237060547,5408100
2015-03-19,21.799999237060547,21.940000534057617,21.700000762939453,21.739999771118164,3008700
2015-03-20,21.780000686645508,21.93000030517578,21.719999313354492,21.790000915527344,6429200
2015-03-23,21.75,21.959999084472656,21.709999084472656,21.8700008392334,4411100
2015-03-24,21.90999984741211,21.90999984741211,21.729999542236328,21.760000228881836,3432400
2015-03-25,21.81999969482422,21.93000030517578,21.770000457763672,21.809999465942383,3135700
2015-03-26,21.809999465942383,21.899999618530273,21.719999313354492,21.760000228881836,3607800
2015-03-27,21.559999465942383,21.670000076293945,21.420000076293945,21.579999923706055,2608800
2015-03-30,21.59000015258789,21.610000610351562,21.3700008392334,21.40999984741211,3186300
2015-03-31,21.350000381469727,21.520000457763672,21.31999969482422,21.329999923706055,4467500
2015-04-01,21.399999618530273,21.479999542236328,21.309999465942383,21.459999084472656,2079900
2015-04-02,21.43000030517578,21.520000457763672,21.3700008392334,21.420000076293945,1778200
2015-04-06,21.479999542236328,21.690000534057617,21.440000534057617,21.65999984741211,2527500
2015-04-07,21.65999984741211,21.68000030517578,21.450000762939453,21.579999923706055,2162200
2015-04-08,21.579999923706055,21.75,21.450000762939453,21.729999542236328,3024300
2015-04-09,21.719999313354492,21.75,21.600000381469727,21.6299991607666,1698800
2015-04-10,21.670000076293945,21.829999923706055,21.649999618530273,21.700000762939453,1892200
2015-04-13,21.6299991607666,21.65999984741211,21.479999542236328,21.59000015258789,2824100
2015-04-14,21.639999389648438,21.81999969482422,21.59000015258789,21.729999542236328,1975200
2015-04-15,21.780000686645508,21.799999237060547,21.530000686645508,21.530000686645508,3053200
2015-04-16,21.549999237060547,21.700000762939453,21.5,21.670000076293945,2097200
2015-04-17,21.600000381469727,21.700000762939453,21.59000015258789,21.600000381469727,2028200
2015-04-20,21.610000610351562,21.700000762939453,21.559999465942383,21.639999389648438,1902900
2015-04-21,21.700000762939453,21.75,21.639999389648438,21.639999389648438,1927000
2015-04-22,21.6200008392334,21.690000534057617,21.56999969482422,21.649999618530273,2126500
2015-04-23,21.610000610351562,21.690000534057617,21.59000015258789,21.600000381469727,1899200
2015-04-24,21.649999618530273,21.700000762939453,21.56999969482422,21.579999923706055,3360200
2015-04-27,21.600000381469727,21.700000762939453,21.450000762939453,21.5,3730700
2015-04-28,21.15999984741211,21.200000762939453,20.68000030517578,20.809999465942383,6946200
2015-04-29,20.489999771118164,20.649999618530273,20.3799991607666,20.540000915527344,6401700
2015-04-30,20.399999618530273,20.639999389648438,20.399999618530273,20.639999389648438,5185600
2015-05-01,20.579999923706055,20.780000686645508,20.530000686645508,20.75,6101600
2015-05-04,20.719999313354492,20.790000915527344,20.639999389648438,20.790000915527344,3497300
2015-05-05,20.84000015258789,20.84000015258789,20.5,20.540000915527344,3278600
2015-05-06,20.540000915527344,20.549999237060547,20.309999465942383,20.399999618530273,3424000
2015-05-07,20.399999618530273,20.489999771118164,20.350000381469727,20.469999313354492,4333000
2015-05-08,20.610000610351562,20.709999084472656,20.530000686645508,20.6299991607666,4903400
2015-05-11,20.639999389648438,20.639999389648438,20.520000457763672,20.549999237060547,2971000
2015-05-12,20.510000228881836,20.700000762939453,20.440000534057617,20.600000381469727,3259000
2015-05-13,20.600000381469727,20.670000076293945,20.489999771118164,20.520000457763672,2643200
2015-05-14,20.510000228881836,20.68000030517578,20.510000228881836,20.639999389648438,1890000
2015-05-15,20.649999618530273,20.75,20.600000381469727,20.739999771118164,1778500
2015-05-18,20.68000030517578,20.790000915527344,20.610000610351562,20.780000686645508,1823200
2015-05-19,20.799999237060547,20.799999237060547,20.690000534057617,20.709999084472656,2939600
2015-05-20,20.690000534057617,20.829999923706055,20.690000534057617,20.719999313354492,3280800
2015-05-21,20.75,20.850000381469727,20.709999084472656,20.799999237060547,2710600
2015-05-22,20.850000381469727,20.889999389648438,20.739999771118164,20.75,2008800
2015-05-26,20.719999313354492,20.799999237060547,20.65999984741211,20.729999542236328,2642700
2015-05-27,20.510000228881836,20.59000015258789,20.510000228881836,20.540000915527344,3419300
2015-05-28,20.510000228881836,20.700000762939453,20.510000228881836,20.670000076293945,2772400
2015-05-29,20.700000762939453,20.93000030517578,20.68000030517578,20.860000610351562,15766400
2015-06-01,20.899999618530273,20.899999618530273,20.690000534057617,20.709999084472656,2495100
2015-06-02,20.639999389648438,20.709999084472656,20.43000030517578,20.450000762939453,3230200
2015-06-03,20.420000076293945,20.450000762939453,20.170000076293945,20.239999771118164,4043200
2015-06-04,20.149999618530273,20.34000015258789,20.1200008392334,20.25,4560200
2015-06-05,20.170000076293945,20.170000076293945,19.760000228881836,19.770000457763672,6510700
2015-06-08,19.729999542236328,19.780000686645508,19.559999465942383,19.639999389648438,4025300
2015-06-09,19.549999237060547,19.6200008392334,19.3799991607666,19.450000762939453,6113800
2015-06-10,19.299999237060547,19.540000915527344,19.299999237060547,19.489999771118164,3784900
2015-06-11,19.549999237060547,19.989999771118164,19.510000228881836,19.950000762939453,4246100
2015-06-12,19.899999618530273,20.110000610351562,19.860000610351562,20.110000610351562,11530300
2015-06-15,20.0,20.110000610351562,19.84000015258789,19.850000381469727,3235200
2015-06-16,19.799999237060547,19.90999984741211,19.780000686645508,19.860000610351562,2821400
2015-06-17,19.649999618530273,19.979999542236328,19.649999618530273,19.940000534057617,5221900
2015-06-18,19.950000762939453,20.0,19.899999618530273,19.950000762939453,3206700
2015-06-19,19.979999542236328,20.0,19.809999465942383,19.81999969482422,7145900
2015-06-22,19.81999969482422,19.940000534057617,19.799999237060547,19.81999969482422,3682600
2015-06-23,19.799999237060547,19.81999969482422,19.700000762939453,19.75,2790500
2015-06-24,19.709999084472656,19.790000915527344,19.600000381469727,19.649999618530273,3077900
2015-06-25,19.6299991607666,19.670000076293945,19.40999984741211,19.420000076293945,3484600
2015-06-26,19.139999389648438,19.149999618530273,18.639999389648438,18.719999313354492,8268500
2015-06-29,18.520000457763672,18.709999084472656,18.440000534057617,18.59000015258789,6124200
2015-06-30,18.5,18.84000015258789,18.309999465942383,18.3700008392334,6525300
2015-07-01,18.399999618530273,18.6200008392334,18.209999084472656,18.520000457763672,4099400
2015-07-02,18.540000915527344,18.719999313354492,18.520000457763672,18.6200008392334,2955100
2015-07-06,18.520000457763672,18.829999923706055,18.5,18.809999465942383,4343600
2015-07-07,18.989999771118164,19.40999984741211,18.979999542236328,19.3799991607666,8781100
2015-07-08,19.43000030517578,19.469999313354492,19.200000762939453,19.31999969482422,4846200
2015-07-09,19.3700008392334,19.440000534057617,19.040000915527344,19.049999237060547,4287300
2015-07-10,18.989999771118164,19.010000228881836,18.799999237060547,18.799999237060547,5120900
2015-07-13,18.84000015258789,18.940000534057617,18.81999969482422,18.850000381469727,3292900
2015-07-14,18.850000381469727,19.010000228881836,18.850000381469727,18.920000076293945,2957400
2015-07-15,18.940000534057617,19.059999465942383,18.790000915527344,19.010000228881836,4254300
2015-07-16,19.010000228881836,19.110000610351562,18.950000762939453,19.0,3416600
2015-07-17,18.950000762939453,19.06999969482422,18.899999618530273,19.040000915527344,4977600
2015-07-20,19.06999969482422,19.100000381469727,18.8700008392334,19.020000457763672,4041800
2015-07-21,19.020000457763672,19.18000030517578,18.959999084472656,19.049999237060547,5000700
2015-07-22,19.079999923706055,19.1299991607666,19.010000228881836,19.030000686645508,2125900
2015-07-23,19.020000457763672,19.020000457763672,18.84000015258789,18.889999389648438,3372900
2015-07-24,18.889999389648438,18.940000534057617,18.56999969482422,18.639999389648438,2980900
2015-07-27,18.510000228881836,18.790000915527344,18.510000228881836,18.729999542236328,4345500
2015-07-28,18.579999923706055,19.239999771118164,18.559999465942383,18.959999084472656,5982000
2015-07-29,18.770000457763672,18.989999771118164,18.700000762939453,18.959999084472656,4162000
2015-07-30,18.969999313354492,19.260000228881836,18.899999618530273,19.219999313354492,3442300
2015-07-31,19.280000686645508,19.43000030517578,19.200000762939453,19.260000228881836,3334800
2015-08-03,19.229999542236328,19.399999618530273,19.219999313354492,19.34000015258789,2699500
2015-08-04,19.280000686645508,19.350000381469727,19.170000076293945,19.200000762939453,2293600
2015-08-05,19.260000228881836,19.280000686645508,19.149999618530273,19.25,3230500
2015-08-06,19.270000457763672,19.329999923706055,19.1200008392334,19.25,2017100
2015-08-07,19.270000457763672,19.280000686645508,19.15999984741211,19.239999771118164,2115200
2015-08-10,19.25,19.31999969482422,19.170000076293945,19.260000228881836,2507400
2015-08-11,19.270000457763672,19.579999923706055,19.25,19.549999237060547,2730300
2015-08-12,19.610000610351562,19.899999618530273,19.530000686645508,19.850000381469727,4630900
2015-08-13,19.950000762939453,19.979999542236328,19.65999984741211,19.75,3462200
2015-08-14,19.729999542236328,19.950000762939453,19.649999618530273,19.940000534057617,2104400
2015-08-17,19.950000762939453,19.969999313354492,19.860000610351562,19.899999618530273,4252100
2015-08-18,19.84000015258789,19.889999389648438,19.790000915527344,19.84000015258789,2876600
2015-08-19,19.829999923706055,19.920000076293945,19.709999084472656,19.889999389648438,2624900
2015-08-20,19.780000686645508,20.06999969482422,19.780000686645508,19.979999542236328,5201400
2015-08-21,20.0,20.079999923706055,19.530000686645508,19.530000686645508,5444200
2015-08-24,18.950000762939453,19.690000534057617,18.700000762939453,19.209999084472656,6736700
2015-08-25,19.559999465942383,19.690000534057617,19.079999923706055,19.079999923706055,4128800
2015-08-26,19.399999618530273,19.459999084472656,19.200000762939453,19.31999969482422,5044400
2015-08-27,19.15999984741211,19.649999618530273,19.15999984741211,19.549999237060547,3222200
2015-08-28,19.56999969482422,19.59000015258789,19.299999237060547,19.360000610351562,2975600
2015-08-31,19.31999969482422,19.350000381469727,19.110000610351562,19.1299991607666,4493200
2015-09-01,19.079999923706055,19.18000030517578,19.0,19.079999923706055,3248700
2015-09-02,19.06999969482422,19.209999084472656,19.010000228881836,19.110000610351562,2887700
2015-09-03,19.139999389648438,19.280000686645508,19.059999465942383,19.190000534057617,2171500
2015-09-04,19.079999923706055,19.190000534057617,18.8799991607666,18.979999542236328,2692100
2015-09-08,19.1200008392334,19.149999618530273,18.989999771118164,19.09000015258789,3264700
2015-09-09,19.15999984741211,19.239999771118164,18.81999969482422,18.860000610351562,4485400
2015-09-10,18.959999084472656,18.979999542236328,18.770000457763672,18.81999969482422,3015800
2015-09-11,18.75,19.09000015258789,18.719999313354492,19.079999923706055,2573600
2015-09-14,19.15999984741211,19.15999984741211,18.950000762939453,18.989999771118164,2336400
2015-09-15,19.0,19.100000381469727,18.93000030517578,19.030000686645508,2458500
2015-09-16,19.010000228881836,19.1299991607666,18.959999084472656,19.049999237060547,2231000
2015-09-17,19.06999969482422,19.59000015258789,18.989999771118164,19.450000762939453,3875200
2015-09-18,19.450000762939453,19.600000381469727,19.389999389648438,19.420000076293945,5189700
2015-09-21,19.469999313354492,19.729999542236328,19.399999618530273,19.719999313354492,3554000
2015-09-22,19.65999984741211,19.670000076293945,19.450000762939453,19.459999084472656,2452300
2015-09-23,19.479999542236328,19.68000030517578,19.479999542236328,19.639999389648438,2033400
2015-09-24,19.56999969482422,19.700000762939453,19.43000030517578,19.670000076293945,3006100
2015-09-25,19.709999084472656,19.75,19.3700008392334,19.389999389648438,3084400
2015-09-28,19.149999618530273,19.280000686645508,18.75,18.969999313354492,5197100
2015-09-29,18.940000534057617,19.010000228881836,18.59000015258789,18.6299991607666,3282800
2015-09-30,18.649999618530273,18.799999237060547,18.469999313354492,18.700000762939453,4579000
2015-10-01,18.75,18.969999313354492,18.68000030517578,18.860000610351562,2637500
2015-10-02,18.799999237060547,19.1299991607666,18.780000686645508,19.110000610351562,3372800
2015-10-05,19.06999969482422,19.420000076293945,19.059999465942383,19.40999984741211,2623600
2015-10-06,19.43000030517578,19.540000915527344,19.3799991607666,19.459999084472656,2036100
2015-10-07,19.420000076293945,19.530000686645508,19.3700008392334,19.479999542236328,4050900
2015-10-08,19.450000762939453,19.520000457763672,19.3700008392334,19.440000534057617,3124700
2015-10-09,19.469999313354492,19.489999771118164,19.31999969482422,19.360000610351562,2572100
2015-10-12,19.3799991607666,19.520000457763672,19.350000381469727,19.440000534057617,1611200
2015-10-13,19.3700008392334,19.420000076293945,19.219999313354492,19.31999969482422,2404400
2015-10-14,19.299999237060547,19.350000381469727,19.239999771118164,19.270000457763672,3496300
2015-10-15,19.270000457763672,19.280000686645508,19.1200008392334,19.209999084472656,2516300
2015-10-16,19.190000534057617,19.270000457763672,19.100000381469727,19.15999984741211,2739000
2015-10-19,19.229999542236328,19.239999771118164,19.059999465942383,19.100000381469727,2534000
2015-10-20,19.100000381469727,19.149999618530273,18.989999771118164,19.09000015258789,4178100
2015-10-21,19.1200008392334,19.170000076293945,19.049999237060547,19.079999923706055,2251600
2015-10-22,19.1200008392334,19.200000762939453,19.030000686645508,19.139999389648438,2910400
2015-10-23,19.1299991607666,19.200000762939453,19.079999923706055,19.18000030517578,2728900
2015-10-26,19.209999084472656,19.239999771118164,19.030000686645508,19.06999969482422,2733300
2015-10-27,18.440000534057617,18.610000610351562,18.020000457763672,18.149999618530273,11219400
2015-10-28,17.90999984741211,18.079999923706055,17.719999313354492,17.979999542236328,9217600
2015-10-29,17.84000015258789,17.940000534057617,17.670000076293945,17.850000381469727,5896600
2015-10-30,17.84000015258789,17.920000076293945,17.770000457763672,17.829999923706055,5027200
2015-11-02,17.829999923706055,18.139999389648438,17.81999969482422,18.1299991607666,4004400
2015-11-03,18.110000610351562,18.219999313354492,18.040000915527344,18.06999969482422,3599900
2015-11-04,18.030000686645508,18.190000534057617,17.90999984741211,18.040000915527344,3272800
2015-11-05,18.040000915527344,18.049999237060547,17.780000686645508,17.84000015258789,3928600
2015-11-06,17.709999084472656,17.8799991607666,17.610000610351562,17.780000686645508,4517800
2015-11-09,17.719999313354492,17.84000015258789,17.670000076293945,17.729999542236328,3898700
2015-11-10,17.739999771118164,17.93000030517578,17.719999313354492,17.899999618530273,2406500
2015-11-11,17.90999984741211,17.989999771118164,17.8799991607666,17.899999618530273,1850200
2015-11-12,17.809999465942383,17.920000076293945,17.690000534057617,17.700000762939453,2768900
2015-11-13,17.75,17.989999771118164,17.709999084472656,17.81999969482422,2656200
2015-11-16,17.780000686645508,17.940000534057617,17.780000686645508,17.90999984741211,2050700
2015-11-17,17.8700008392334,17.989999771118164,17.81999969482422,17.889999389648438,2244300
2015-11-18,17.8799991607666,18.09000015258789,17.860000610351562,18.09000015258789,2573600
2015-11-19,18.139999389648438,18.270000457763672,18.049999237060547,18.06999969482422,3186200
2015-11-20,18.1200008392334,18.200000762939453,17.920000076293945,17.959999084472656,3654500
2015-11-23,17.950000762939453,18.020000457763672,17.920000076293945,17.950000762939453,2611300
2015-11-24,17.93000030517578,18.079999923706055,17.899999618530273,18.06999969482422,2270400
2015-11-25,17.899999618530273,17.950000762939453,17.729999542236328,17.84000015258789,1741100
2015-11-27,17.8700008392334,18.049999237060547,17.84000015258789,18.010000228881836,1510200
2015-11-30,17.989999771118164,18.020000457763672,17.850000381469727,17.950000762939453,3128900
2015-12-01,17.950000762939453,18.100000381469727,17.920000076293945,17.969999313354492,2707200
2015-12-02,17.959999084472656,17.989999771118164,17.68000030517578,17.700000762939453,2829000
2015-12-03,17.739999771118164,17.84000015258789,17.579999923706055,17.700000762939453,3421300
2015-12-04,17.610000610351562,17.770000457763672,17.56999969482422,17.649999618530273,2939300
2015-12-07,17.610000610351562,17.649999618530273,17.489999771118164,17.59000015258789,2807200
2015-12-08,17.479999542236328,17.639999389648438,17.450000762939453,17.5,2714900
2015-12-09,17.510000228881836,17.559999465942383,17.360000610351562,17.440000534057617,2397400
2015-12-10,17.40999984741211,17.549999237060547,17.350000381469727,17.440000534057617,1656000
2015-12-11,17.3799991607666,17.479999542236328,17.139999389648438,17.229999542236328,3122000
2015-12-14,17.1299991607666,17.31999969482422,16.889999389648438,16.959999084472656,4083700
2015-12-15,16.979999542236328,17.200000762939453,16.950000762939453,17.110000610351562,2888400
2015-12-16,16.989999771118164,17.399999618530273,16.959999084472656,17.399999618530273,5328700
2015-12-17,17.420000076293945,17.549999237060547,17.3700008392334,17.469999313354492,2471100
2015-12-18,17.469999313354492,17.579999923706055,17.3799991607666,17.5,3282500
2015-12-21,17.600000381469727,17.700000762939453,17.43000030517578,17.68000030517578,3998100
2015-12-22,17.700000762939453,17.959999084472656,17.700000762939453,17.8799991607666,2906200
2015-12-23,17.920000076293945,17.950000762939453,17.809999465942383,17.850000381469727,2775100
2015-12-24,17.81999969482422,17.8799991607666,17.729999542236328,17.780000686645508,870000
2015-12-28,17.719999313354492,17.780000686645508,17.610000610351562,17.770000457763672,2203300
2015-12-29,17.56999969482422,17.670000076293945,17.389999389648438,17.440000534057617,2176400
2015-12-30,17.399999618530273,17.559999465942383,17.360000610351562,17.399999618530273,2202700
2015-12-31,17.350000381469727,17.450000762939453,17.309999465942383,17.34000015258789,3252800
2016-01-04,17.18000030517578,17.719999313354492,17.18000030517578,17.709999084472656,2888000
2016-01-05,17.700000762939453,17.920000076293945,17.520000457763672,17.790000915527344,4841300
2016-01-06,17.780000686645508,18.020000457763672,17.719999313354492,17.860000610351562,3829200
2016-01-07,17.700000762939453,17.8700008392334,17.649999618530273,17.719999313354492,4531400
2016-01-08,17.790000915527344,17.799999237060547,17.579999923706055,17.6299991607666,3398900
2016-01-11,17.68000030517578,17.690000534057617,17.479999542236328,17.530000686645508,3353600
2016-01-12,17.59000015258789,17.59000015258789,17.200000762939453,17.290000915527344,3035200
2016-01-13,17.299999237060547,17.40999984741211,17.010000228881836,17.079999923706055,3794200
2016-01-14,17.049999237060547,17.1299991607666,16.75,16.979999542236328,4129700
2016-01-15,16.639999389648438,16.780000686645508,16.399999618530273,16.719999313354492,5455100
2016-01-19,16.799999237060547,16.829999923706055,16.469999313354492,16.5,5089900
2016-01-20,16.270000457763672,16.399999618530273,15.6899995803833,16.239999771118164,8290300
2016-01-21,16.209999084472656,16.329999923706055,16.020000457763672,16.030000686645508,5176700
2016-01-22,16.170000076293945,16.709999084472656,16.1200008392334,16.649999618530273,4885700
2016-01-25,16.670000076293945,16.690000534057617,16.270000457763672,16.290000915527344,4872200
2016-01-26,16.34000015258789,16.799999237060547,16.260000228881836,16.760000228881836,5359800
2016-01-27,16.479999542236328,16.700000762939453,16.34000015258789,16.43000030517578,3381600
2016-01-28,16.479999542236328,16.719999313354492,16.43000030517578,16.530000686645508,2710900
2016-01-29,16.56999969482422,17.079999923706055,16.549999237060547,17.06999969482422,5282500
2016-02-01,17.049999237060547,17.06999969482422,16.809999465942383,16.899999618530273,4537200
2016-02-02,16.959999084472656,17.5,16.719999313354492,17.43000030517578,5681700
2016-02-03,17.510000228881836,17.84000015258789,17.43000030517578,17.690000534057617,10480800
2016-02-04,17.770000457763672,17.90999984741211,17.709999084472656,17.850000381469727,7654200
2016-02-05,17.899999618530273,17.90999984741211,17.729999542236328,17.790000915527344,8098700
2016-02-08,17.8700008392334,17.90999984741211,17.639999389648438,17.770000457763672,5376400
2016-02-09,17.770000457763672,17.84000015258789,17.559999465942383,17.59000015258789,4958600
2016-02-10,17.6200008392334,17.719999313354492,17.520000457763672,17.549999237060547,3321900
2016-02-11,17.360000610351562,17.5,17.18000030517578,17.239999771118164,3944000
2016-02-12,17.31999969482422,17.6299991607666,17.270000457763672,17.530000686645508,3927100
2016-02-16,17.600000381469727,17.780000686645508,17.579999923706055,17.75,4481400
2016-02-17,17.799999237060547,17.889999389648438,17.68000030517578,17.829999923706055,7247700
2016-02-18,17.84000015258789,18.110000610351562,17.81999969482422,18.0,3647600
2016-02-19,18.010000228881836,18.110000610351562,17.93000030517578,18.010000228881836,2904500
2016-02-22,18.09000015258789,18.219999313354492,18.030000686645508,18.09000015258789,2215700
2016-02-23,18.0,18.260000228881836,18.0,18.18000030517578,2495000
2016-02-24,18.110000610351562,18.170000076293945,17.90999984741211,18.1299991607666,3563100
2016-02-25,17.989999771118164,18.170000076293945,17.950000762939453,18.110000610351562,4834800
2016-02-26,18.15999984741211,18.3799991607666,18.110000610351562,18.190000534057617,3199000
2016-02-29,18.200000762939453,18.34000015258789,18.049999237060547,18.06999969482422,4010700
2016-03-01,18.15999984741211,18.270000457763672,17.969999313354492,18.030000686645508,3504100
2016-03-02,18.030000686645508,18.190000534057617,17.950000762939453,18.15999984741211,3136500
2016-03-03,18.1299991607666,18.399999618530273,18.1299991607666,18.3799991607666,2224000
2016-03-04,18.309999465942383,18.459999084472656,18.25,18.3700008392334,2232300
2016-03-07,18.34000015258789,18.469999313354492,18.260000228881836,18.34000015258789,2474900
2016-03-08,18.440000534057617,18.440000534057617,18.0,18.260000228881836,3373400
2016-03-09,18.25,18.3700008392334,18.079999923706055,18.239999771118164,3175100
2016-03-10,18.299999237060547,18.329999923706055,17.969999313354492,18.149999618530273,2756800
2016-03-11,18.18000030517578,18.309999465942383,18.110000610351562,18.299999237060547,2566700
2016-03-14,18.309999465942383,18.40999984741211,18.15999984741211,18.40999984741211,3108900
2016-03-15,18.290000915527344,18.299999237060547,18.020000457763672,18.190000534057617,2709000
2016-03-16,18.190000534057617,18.34000015258789,18.079999923706055,18.309999465942383,1906700
2016-03-17,18.360000610351562,18.799999237060547,18.270000457763672,18.670000076293945,4009000
2016-03-18,18.639999389648438,18.770000457763672,18.469999313354492,18.6299991607666,5163600
2016-03-21,18.600000381469727,18.739999771118164,18.530000686645508,18.610000610351562,2873600
2016-03-22,18.59000015258789,18.729999542236328,18.520000457763672,18.719999313354492,1897200
2016-03-23,18.68000030517578,18.68000030517578,18.450000762939453,18.479999542236328,2597700
2016-03-24,18.450000762939453,18.540000915527344,18.25,18.43000030517578,2106100
2016-03-28,18.489999771118164,18.59000015258789,18.420000076293945,18.56999969482422,2316300
2016-03-29,18.3700008392334,18.469999313354492,18.1200008392334,18.459999084472656,2876800
2016-03-30,18.450000762939453,18.540000915527344,18.360000610351562,18.479999542236328,2131000
2016-03-31,18.420000076293945,18.6299991607666,18.420000076293945,18.6299991607666,3955700
2016-04-01,18.559999465942383,18.739999771118164,18.420000076293945,18.739999771118164,3591900
2016-04-04,18.729999542236328,18.75,18.489999771118164,18.639999389648438,2935600
2016-04-05,18.600000381469727,18.639999389648438,18.450000762939453,18.56999969482422,3220900
2016-04-06,18.59000015258789,18.68000030517578,18.489999771118164,18.649999618530273,2006500
2016-04-07,18.6200008392334,18.65999984741211,18.549999237060547,18.600000381469727,1888200
2016-04-08,18.68000030517578,18.739999771118164,18.610000610351562,18.690000534057617,1548400
2016-04-11,18.68000030517578,18.81999969482422,18.56999969482422,18.790000915527344,3313100
2016-04-12,18.799999237060547,18.850000381469727,18.68000030517578,18.719999313354492,2049100
2016-04-13,18.729999542236328,18.809999465942383,18.639999389648438,18.799999237060547,2151200
2016-04-14,18.799999237060547,18.850000381469727,18.68000030517578,18.719999313354492,1852200
2016-04-15,18.770000457763672,18.81999969482422,18.700000762939453,18.770000457763672,1794000
2016-04-18,18.719999313354492,18.850000381469727,18.700000762939453,18.84000015258789,1674800
2016-04-19,18.889999389648438,18.979999542236328,18.829999923706055,18.93000030517578,2325800
2016-04-20,18.940000534057617,18.979999542236328,18.729999542236328,18.760000228881836,3892800
2016-04-21,18.75,18.790000915527344,18.510000228881836,18.59000015258789,3016100
2016-04-22,18.6299991607666,18.690000534057617,18.450000762939453,18.56999969482422,2086200
2016-04-25,18.56999969482422,18.690000534057617,18.469999313354492,18.65999984741211,2155000
2016-04-26,18.469999313354492,18.59000015258789,18.020000457763672,18.229999542236328,7057200
2016-04-27,18.040000915527344,18.260000228881836,18.0,18.260000228881836,3874000
2016-04-28,18.200000762939453,18.309999465942383,18.110000610351562,18.219999313354492,2230300
2016-04-29,18.18000030517578,18.3799991607666,18.15999984741211,18.3700008392334,3286300
2016-05-02,18.3700008392334,18.450000762939453,18.200000762939453,18.329999923706055,3037700
2016-05-03,18.260000228881836,18.309999465942383,18.059999465942383,18.149999618530273,2196900
2016-05-04,18.139999389648438,18.450000762939453,18.110000610351562,18.43000030517578,2868600
2016-05-05,18.469999313354492,18.59000015258789,18.389999389648438,18.579999923706055,3577900
2016-05-06,18.549999237060547,18.93000030517578,18.549999237060547,18.84000015258789,5382600
2016-05-09,18.940000534057617,19.049999237060547,18.81999969482422,18.90999984741211,5267100
2016-05-10,18.950000762939453,19.06999969482422,18.920000076293945,19.049999237060547,3925500
2016-05-11,19.040000915527344,19.239999771118164,19.030000686645508,19.06999969482422,3098200
2016-05-12,19.09000015258789,19.18000030517578,18.959999084472656,19.09000015258789,2347000
2016-05-13,19.139999389648438,19.219999313354492,19.040000915527344,19.1299991607666,1778100
2016-05-16,19.030000686645508,19.200000762939453,19.020000457763672,19.170000076293945,1799200
2016-05-17,19.229999542236328,19.229999542236328,18.969999313354492,19.049999237060547,2353800
2016-05-18,19.030000686645508,19.1200008392334,18.479999542236328,18.65999984741211,4054400
2016-05-19,18.56999969482422,18.760000228881836,18.479999542236328,18.65999984741211,3032000
2016-05-20,18.739999771118164,18.809999465942383,18.6200008392334,18.770000457763672,1768700
2016-05-23,19.299999237060547,19.3700008392334,18.780000686645508,19.170000076293945,7722200
2016-05-24,19.059999465942383,19.280000686645508,19.010000228881836,19.079999923706055,4172900
2016-05-25,19.149999618530273,19.18000030517578,19.030000686645508,19.110000610351562,4035200
2016-05-26,19.0,19.040000915527344,18.950000762939453,19.010000228881836,4103600
2016-05-27,19.0,19.06999969482422,18.829999923706055,18.8799991607666,2059000
2016-05-31,18.889999389648438,18.969999313354492,18.780000686645508,18.889999389648438,4142100
2016-06-01,18.8700008392334,19.0,18.860000610351562,18.979999542236328,2517200
2016-06-02,19.0,19.049999237060547,18.959999084472656,19.0,2077600
2016-06-03,19.049999237060547,19.1200008392334,18.979999542236328,19.06999969482422,3981100
2016-06-06,19.100000381469727,19.170000076293945,19.06999969482422,19.110000610351562,2956900
2016-06-07,19.139999389648438,19.15999984741211,19.049999237060547,19.110000610351562,3123000
2016-06-08,19.100000381469727,19.1299991607666,19.040000915527344,19.059999465942383,2535200
2016-06-09,19.100000381469727,19.110000610351562,19.020000457763672,19.06999969482422,2814500
2016-06-10,19.049999237060547,19.049999237060547,18.81999969482422,18.889999389648438,3795200
2016-06-13,18.809999465942383,18.8700008392334,18.65999984741211,18.770000457763672,3744800
2016-06-14,18.75,18.81999969482422,18.56999969482422,18.579999923706055,2744000
2016-06-15,18.549999237060547,18.790000915527344,18.540000915527344,18.729999542236328,2372200
2016-06-16,18.760000228881836,19.0,18.690000534057617,18.989999771118164,3563000
2016-06-17,19.020000457763672,19.200000762939453,18.979999542236328,19.0,5690600
2016-06-20,19.06999969482422,19.260000228881836,19.049999237060547,19.239999771118164,2870200
2016-06-21,19.270000457763672,19.3700008392334,19.139999389648438,19.170000076293945,3402000
2016-06-22,19.170000076293945,19.309999465942383,19.15999984741211,19.25,1959200
2016-06-23,19.299999237060547,19.309999465942383,19.200000762939453,19.290000915527344,2090100
2016-06-24,19.0,19.600000381469727,18.959999084472656,19.489999771118164,7302300
2016-06-27,19.510000228881836,19.579999923706055,19.100000381469727,19.329999923706055,5810100
2016-06-28,19.229999542236328,19.56999969482422,19.18000030517578,19.510000228881836,3951400
2016-06-29,19.65999984741211,19.65999984741211,19.43000030517578,19.450000762939453,4831300
2016-06-30,19.5,19.850000381469727,19.450000762939453,19.81999969482422,4799700
2016-07-01,19.860000610351562,19.8799991607666,19.59000015258789,19.729999542236328,2662600
2016-07-05,19.770000457763672,19.780000686645508,19.5,19.56999969482422,3657900
2016-07-06,19.6200008392334,19.850000381469727,19.479999542236328,19.81999969482422,4102100
2016-07-07,19.780000686645508,19.799999237060547,19.43000030517578,19.489999771118164,2949200
2016-07-08,19.420000076293945,19.469999313354492,19.200000762939453,19.239999771118164,4650700
2016-07-11,19.200000762939453,19.270000457763672,19.020000457763672,19.270000457763672,3979500
2016-07-12,19.209999084472656,19.290000915527344,19.149999618530273,19.239999771118164,4413300
2016-07-13,19.270000457763672,19.270000457763672,19.09000015258789,19.200000762939453,2116600
2016-07-14,19.200000762939453,19.309999465942383,19.15999984741211,19.200000762939453,2199900
2016-07-15,19.219999313354492,19.280000686645508,19.15999984741211,19.25,2700700
2016-07-18,19.200000762939453,19.260000228881836,19.170000076293945,19.209999084472656,1822700
2016-07-19,19.100000381469727,19.43000030517578,19.100000381469727,19.420000076293945,3988000
2016-07-20,19.489999771118164,19.6299991607666,19.43000030517578,19.540000915527344,4383800
2016-07-21,19.540000915527344,19.600000381469727,19.489999771118164,19.59000015258789,1993400
2016-07-22,19.56999969482422,19.709999084472656,19.549999237060547,19.639999389648438,3109800
2016-07-25,19.600000381469727,19.670000076293945,19.520000457763672,19.579999923706055,3468700
2016-07-26,19.65999984741211,19.690000534057617,19.600000381469727,19.670000076293945,2170600
2016-07-27,19.489999771118164,19.540000915527344,19.299999237060547,19.489999771118164,3079100
2016-07-28,19.25,19.65999984741211,19.25,19.6200008392334,5938000
2016-07-29,19.649999618530273,19.700000762939453,19.40999984741211,19.59000015258789,4336000
2016-08-01,19.530000686645508,19.690000534057617,19.469999313354492,19.65999984741211,2983300
2016-08-02,19.579999923706055,19.690000534057617,19.5,19.5,2444700
2016-08-03,19.5,19.700000762939453,19.43000030517578,19.690000534057617,2693600
2016-08-04,19.670000076293945,19.799999237060547,19.649999618530273,19.780000686645508,1984600
2016-08-05,19.780000686645508,19.979999542236328,19.75,19.889999389648438,2071800
2016-08-08,19.93000030517578,19.959999084472656,19.729999542236328,19.850000381469727,3501900
2016-08-09,19.81999969482422,20.010000228881836,19.729999542236328,20.010000228881836,2602400
2016-08-10,20.0,20.100000381469727,19.969999313354492,19.989999771118164,2613300
2016-08-11,20.040000915527344,20.040000915527344,19.81999969482422,19.950000762939453,2038300
2016-08-12,19.979999542236328,20.010000228881836,19.84000015258789,19.899999618530273,1948200
2016-08-15,19.829999923706055,19.940000534057617,19.760000228881836,19.780000686645508,1796800
2016-08-16,19.760000228881836,19.790000915527344,19.65999984741211,19.700000762939453,2067700
2016-08-17,19.729999542236328,19.809999465942383,19.520000457763672,19.790000915527344,2627400
2016-08-18,19.739999771118164,19.8799991607666,19.709999084472656,19.8700008392334,1921100
2016-08-19,19.799999237060547,19.8700008392334,19.690000534057617,19.8700008392334,2160900
2016-08-22,19.8799991607666,19.899999618530273,19.729999542236328,19.84000015258789,2498500
2016-08-23,19.850000381469727,20.040000915527344,19.719999313354492,19.969999313354492,2354100
2016-08-24,19.979999542236328,20.030000686645508,19.860000610351562,19.950000762939453,2235600
2016-08-25,19.979999542236328,19.979999542236328,19.850000381469727,19.8799991607666,2190800
2016-08-26,19.90999984741211,19.90999984741211,19.649999618530273,19.709999084472656,2923500
2016-08-29,19.600000381469727,19.68000030517578,19.5,19.520000457763672,2624100
2016-08-30,19.530000686645508,19.559999465942383,19.450000762939453,19.530000686645508,2213500
2016-08-31,19.5,19.510000228881836,19.149999618530273,19.309999465942383,4688800
2016-09-01,19.350000381469727,19.3799991607666,19.079999923706055,19.209999084472656,3318900
2016-09-02,19.329999923706055,19.600000381469727,19.25,19.56999969482422,2340000
2016-09-06,19.56999969482422,19.780000686645508,19.479999542236328,19.770000457763672,2720500
2016-09-07,19.790000915527344,19.920000076293945,19.719999313354492,19.889999389648438,3181800
2016-09-08,19.899999618530273,19.90999984741211,19.65999984741211,19.75,2606200
2016-09-09,19.760000228881836,19.760000228881836,19.049999237060547,19.049999237060547,4099700
2016-09-12,18.989999771118164,19.3799991607666,18.8799991607666,19.309999465942383,5151900
2016-09-13,19.360000610351562,19.40999984741211,19.1299991607666,19.18000030517578,4364500
2016-09-14,19.25,19.489999771118164,19.200000762939453,19.299999237060547,3641300
2016-09-15,19.469999313354492,19.469999313354492,19.190000534057617,19.360000610351562,2974700
2016-09-16,19.270000457763672,19.31999969482422,19.06999969482422,19.149999618530273,4255200
2016-09-19,19.170000076293945,19.440000534057617,19.15999984741211,19.299999237060547,1570700
2016-09-20,19.350000381469727,19.559999465942383,19.34000015258789,19.549999237060547,3488900
2016-09-21,19.540000915527344,19.719999313354492,19.299999237060547,19.700000762939453,2919400
2016-09-22,19.790000915527344,19.899999618530273,19.700000762939453,19.809999465942383,2205500
2016-09-23,19.709999084472656,19.799999237060547,19.639999389648438,19.700000762939453,2672000
2016-09-26,19.6299991607666,19.860000610351562,19.6299991607666,19.81999969482422,2326100
2016-09-27,19.81999969482422,19.940000534057617,19.760000228881836,19.780000686645508,2120700
2016-09-28,19.6299991607666,19.639999389648438,19.350000381469727,19.520000457763672,2434200
2016-09-29,19.540000915527344,19.56999969482422,19.329999923706055,19.40999984741211,1561700
2016-09-30,19.43000030517578,19.6299991607666,19.360000610351562,19.540000915527344,2446700
2016-10-03,19.479999542236328,19.5,19.299999237060547,19.309999465942383,2561200
2016-10-04,19.3799991607666,19.3799991607666,18.84000015258789,19.049999237060547,5347100
2016-10-05,19.030000686645508,19.1299991607666,18.860000610351562,18.899999618530273,2841600
2016-10-06,18.799999237060547,18.8799991607666,18.59000015258789,18.709999084472656,2994800
2016-10-07,18.610000610351562,18.979999542236328,18.610000610351562,18.920000076293945,3017300
2016-10-10,18.920000076293945,19.170000076293945,18.920000076293945,19.020000457763672,1830900
2016-10-11,19.0,19.110000610351562,18.920000076293945,18.989999771118164,2573300
2016-10-12,19.3799991607666,19.3799991607666,18.950000762939453,19.239999771118164,2296000
2016-10-13,19.209999084472656,19.520000457763672,19.209999084472656,19.469999313354492,3381100
2016-10-14,19.469999313354492,19.469999313354492,19.270000457763672,19.280000686645508,1813100
2016-10-17,19.31999969482422,19.3799991607666,19.219999313354492,19.25,1484300
2016-10-18,19.350000381469727,19.389999389648438,19.200000762939453,19.299999237060547,1217500
2016-10-19,19.3700008392334,19.440000534057617,19.299999237060547,19.43000030517578,1383300
2016-10-20,19.399999618530273,19.479999542236328,19.360000610351562,19.479999542236328,1386900
2016-10-21,19.479999542236328,19.579999923706055,19.420000076293945,19.479999542236328,1301600
2016-10-24,19.469999313354492,19.850000381469727,19.469999313354492,19.84000015258789,3448500
2016-10-25,20.1299991607666,20.290000915527344,19.899999618530273,20.18000030517578,5609500
2016-10-26,20.219999313354492,20.43000030517578,20.200000762939453,20.260000228881836,3887000
2016-10-27,20.030000686645508,20.110000610351562,19.850000381469727,19.889999389648438,2757300
2016-10-28,19.8700008392334,19.979999542236328,19.75,19.84000015258789,2392700
2016-10-31,19.84000015258789,20.06999969482422,19.780000686645508,20.059999465942383,4040000
2016-11-01,20.030000686645508,20.049999237060547,19.68000030517578,19.739999771118164,3357400
2016-11-02,19.700000762939453,19.770000457763672,19.549999237060547,19.610000610351562,4648800
2016-11-03,19.6299991607666,19.860000610351562,19.600000381469727,19.6299991607666,2840300
2016-11-04,19.6200008392334,19.760000228881836,19.59000015258789,19.709999084472656,2387800
2016-11-07,19.770000457763672,19.940000534057617,19.760000228881836,19.860000610351562,3681300
2016-11-08,19.93000030517578,19.989999771118164,19.850000381469727,19.899999618530273,4388400
2016-11-09,19.600000381469727,19.850000381469727,19.59000015258789,19.6299991607666,6050700
2016-11-10,19.65999984741211,19.700000762939453,19.1200008392334,19.260000228881836,9712100
2016-11-11,19.31999969482422,19.440000534057617,19.200000762939453,19.34000015258789,2680600
2016-11-14,19.5,19.5,19.059999465942383,19.079999923706055,3684800
2016-11-15,19.100000381469727,19.360000610351562,19.049999237060547,19.280000686645508,4946700
2016-11-16,19.360000610351562,19.5,19.110000610351562,19.15999984741211,4316900
2016-11-17,19.200000762939453,19.290000915527344,19.139999389648438,19.15999984741211,2814900
2016-11-18,19.209999084472656,19.270000457763672,19.020000457763672,19.139999389648438,3660700
2016-11-21,19.18000030517578,19.260000228881836,19.149999618530273,19.190000534057617,3777800
2016-11-22,19.260000228881836,19.309999465942383,19.18000030517578,19.18000030517578,2501600
2016-11-23,19.170000076293945,19.18000030517578,18.889999389648438,18.920000076293945,3054400
2016-11-25,18.950000762939453,19.0,18.860000610351562,18.920000076293945,2550200
2016-11-28,18.809999465942383,18.81999969482422,18.639999389648438,18.68000030517578,5728700
2016-11-29,18.65999984741211,19.040000915527344,18.649999618530273,19.010000228881836,3873700
2016-11-30,18.969999313354492,19.0,18.540000915527344,18.65999984741211,5218000
2016-12-01,18.65999984741211,18.700000762939453,17.920000076293945,18.09000015258789,10664000
2016-12-02,18.040000915527344,18.110000610351562,17.81999969482422,17.889999389648438,5080800
2016-12-05,17.8700008392334,18.299999237060547,17.860000610351562,18.280000686645508,3954500
2016-12-06,18.280000686645508,18.43000030517578,18.229999542236328,18.3700008392334,2363600
2016-12-07,18.43000030517578,18.719999313354492,18.399999618530273,18.59000015258789,3474500
2016-12-08,18.59000015258789,18.700000762939453,18.360000610351562,18.540000915527344,3421400
2016-12-09,18.5,18.6299991607666,18.43000030517578,18.489999771118164,2955700
2016-12-12,18.459999084472656,18.56999969482422,18.25,18.329999923706055,3785000
2016-12-13,18.299999237060547,18.350000381469727,17.969999313354492,17.989999771118164,6771100
2016-12-14,18.010000228881836,18.239999771118164,17.799999237060547,17.889999389648438,5411800
2016-12-15,17.649999618530273,17.75,17.299999237060547,17.530000686645508,8322500
2016-12-16,17.610000610351562,17.899999618530273,17.579999923706055,17.8700008392334,4711100
2016-12-19,17.979999542236328,18.25,17.90999984741211,18.25,3567700
2016-12-20,18.25,18.299999237060547,18.049999237060547,18.079999923706055,3078300
2016-12-21,18.079999923706055,18.200000762939453,18.0,18.09000015258789,2687400
2016-12-22,18.15999984741211,18.260000228881836,18.059999465942383,18.170000076293945,2651000
2016-12-23,18.299999237060547,18.299999237060547,17.989999771118164,18.149999618530273,2555500
2016-12-27,18.18000030517578,18.229999542236328,18.030000686645508,18.09000015258789,2316200
2016-12-28,17.93000030517578,17.959999084472656,17.760000228881836,17.90999984741211,3415900
2016-12-29,17.90999984741211,18.219999313354492,17.860000610351562,18.15999984741211,3249700
2016-12-30,18.15999984741211,18.200000762939453,18.030000686645508,18.1299991607666,2735700
2017-01-03,18.110000610351562,18.56999969482422,18.100000381469727,18.56999969482422,4625600
2017-01-04,18.649999618530273,18.920000076293945,18.600000381469727,18.899999618530273,5882700
2017-01-05,18.899999618530273,18.950000762939453,18.81999969482422,18.940000534057617,3916100
2017-01-06,18.90999984741211,19.030000686645508,18.850000381469727,18.8700008392334,2730100
2017-01-09,18.90999984741211,19.040000915527344,18.790000915527344,18.8700008392334,3133300
2017-01-10,18.920000076293945,18.920000076293945,18.56999969482422,18.75,3470300
2017-01-11,18.799999237060547,18.8799991607666,18.6299991607666,18.809999465942383,2584700
2017-01-12,18.770000457763672,18.920000076293945,18.75,18.8700008392334,2773500
2017-01-13,18.899999618530273,18.93000030517578,18.670000076293945,18.84000015258789,1995100
2017-01-17,18.8700008392334,19.079999923706055,18.8700008392334,18.959999084472656,2384100
2017-01-18,18.969999313354492,19.139999389648438,18.959999084472656,18.989999771118164,4660400
2017-01-19,19.0,19.030000686645508,18.959999084472656,19.0,3552800
2017-01-20,18.969999313354492,19.0,18.8799991607666,18.950000762939453,3193100
2017-01-23,18.959999084472656,19.190000534057617,18.93000030517578,19.100000381469727,2306400
2017-01-24,19.149999618530273,19.229999542236328,19.040000915527344,19.200000762939453,4999600
2017-01-25,19.239999771118164,19.239999771118164,19.049999237060547,19.110000610351562,3380600
2017-01-26,19.09000015258789,19.139999389648438,19.020000457763672,19.049999237060547,3621900
2017-01-27,18.90999984741211,18.940000534057617,18.799999237060547,18.93000030517578,1954700
2017-01-30,18.81999969482422,18.950000762939453,18.799999237060547,18.920000076293945,2103800
2017-01-31,18.940000534057617,18.950000762939453,18.5,18.670000076293945,4028000
2017-02-01,18.649999618530273,18.719999313354492,18.40999984741211,18.559999465942383,4013300
2017-02-02,18.56999969482422,18.969999313354492,18.5,18.829999923706055,4420700
2017-02-03,18.950000762939453,19.0,18.799999237060547,18.940000534057617,4996000
2017-02-06,18.959999084472656,19.209999084472656,18.950000762939453,19.200000762939453,3834500
2017-02-07,19.200000762939453,19.280000686645508,19.030000686645508,19.030000686645508,4292800
2017-02-08,19.100000381469727,19.15999984741211,19.020000457763672,19.15999984741211,3482900
2017-02-09,19.190000534057617,19.229999542236328,19.079999923706055,19.100000381469727,2870500
2017-02-10,19.09000015258789,19.219999313354492,19.09000015258789,19.170000076293945,1953000
2017-02-13,19.18000030517578,19.40999984741211,19.15999984741211,19.399999618530273,2719700
2017-02-14,19.420000076293945,19.469999313354492,19.170000076293945,19.290000915527344,2232300
2017-02-15,19.299999237060547,19.329999923706055,19.15999984741211,19.31999969482422,2189600
2017-02-16,19.280000686645508,19.600000381469727,19.280000686645508,19.459999084472656,2837900
2017-02-17,19.469999313354492,19.559999465942383,19.350000381469727,19.489999771118164,2245300
2017-02-21,19.549999237060547,19.559999465942383,19.399999618530273,19.530000686645508,2222100
2017-02-22,19.530000686645508,19.579999923706055,19.450000762939453,19.5,2632600
2017-02-23,19.540000915527344,19.690000534057617,19.520000457763672,19.639999389648438,2982000
2017-02-24,19.450000762939453,19.6299991607666,19.420000076293945,19.540000915527344,2329800
2017-02-27,19.5,19.6299991607666,19.5,19.530000686645508,2138100
2017-02-28,19.5,19.639999389648438,19.469999313354492,19.6299991607666,3811500
2017-03-01,19.510000228881836,19.649999618530273,19.329999923706055,19.389999389648438,2855100
2017-03-02,19.389999389648438,19.479999542236328,19.360000610351562,19.399999618530273,2454000
2017-03-03,19.420000076293945,19.559999465942383,19.3700008392334,19.559999465942383,2220600
2017-03-06,19.559999465942383,19.559999465942383,19.43000030517578,19.520000457763672,2179800
2017-03-07,19.459999084472656,19.579999923706055,19.43000030517578,19.489999771118164,1783900
2017-03-08,19.510000228881836,19.540000915527344,19.09000015258789,19.110000610351562,3188800
2017-03-09,19.170000076293945,19.389999389648438,19.040000915527344,19.110000610351562,2834600
2017-03-10,19.170000076293945,19.420000076293945,19.15999984741211,19.34000015258789,2147100
2017-03-13,19.31999969482422,19.489999771118164,19.18000030517578,19.239999771118164,2371200
2017-03-14,19.219999313354492,19.260000228881836,19.079999923706055,19.1200008392334,2284500
2017-03-15,19.209999084472656,19.530000686645508,19.18000030517578,19.510000228881836,3862900
2017-03-16,19.540000915527344,19.600000381469727,19.40999984741211,19.559999465942383,2321600
2017-03-17,19.56999969482422,19.75,19.56999969482422,19.670000076293945,4289700
2017-03-20,19.700000762939453,19.8700008392334,19.68000030517578,19.709999084472656,2069300
2017-03-21,19.790000915527344,19.84000015258789,19.649999618530273,19.790000915527344,2192200
2017-03-22,19.799999237060547,19.899999618530273,19.75,19.84000015258789,2163200
2017-03-23,19.850000381469727,19.950000762939453,19.790000915527344,19.8700008392334,2551400
2017-03-24,19.850000381469727,19.889999389648438,19.690000534057617,19.729999542236328,2297400
2017-03-27,19.719999313354492,19.850000381469727,19.68000030517578,19.850000381469727,1847200
2017-03-28,19.899999618530273,19.979999542236328,19.799999237060547,19.93000030517578,2590000
2017-03-29,19.770000457763672,19.940000534057617,19.700000762939453,19.899999618530273,2272900
2017-03-30,19.809999465942383,19.950000762939453,19.809999465942383,19.950000762939453,1722700
2017-03-31,19.90999984741211,20.020000457763672,19.860000610351562,19.889999389648438,1987000
2017-04-03,19.90999984741211,20.06999969482422,19.850000381469727,20.049999237060547,2666700
2017-04-04,20.06999969482422,20.260000228881836,20.010000228881836,20.209999084472656,2697600
2017-04-05,20.25,20.270000457763672,20.1200008392334,20.190000534057617,4696200
2017-04-06,20.170000076293945,20.170000076293945,19.989999771118164,20.09000015258789,3415800
2017-04-07,20.190000534057617,20.209999084472656,20.020000457763672,20.049999237060547,2730500
2017-04-10,20.100000381469727,20.110000610351562,19.979999542236328,20.049999237060547,2311100
2017-04-11,19.979999542236328,20.149999618530273,19.8799991607666,20.100000381469727,3354400
2017-04-12,20.100000381469727,20.18000030517578,20.059999465942383,20.09000015258789,2180700
2017-04-13,20.149999618530273,20.350000381469727,20.06999969482422,20.270000457763672,2925000
2017-04-17,20.329999923706055,20.6200008392334,20.299999237060547,20.6200008392334,3152100
2017-04-18,20.600000381469727,20.68000030517578,20.510000228881836,20.6299991607666,2252700
2017-04-19,20.670000076293945,20.690000534057617,20.440000534057617,20.6299991607666,3066500
2017-04-20,20.690000534057617,20.700000762939453,20.440000534057617,20.65999984741211,3102300
2017-04-21,20.719999313354492,20.860000610351562,20.65999984741211,20.790000915527344,2613800
2017-04-24,20.860000610351562,20.90999984741211,20.610000610351562,20.84000015258789,4157200
2017-04-25,20.829999923706055,20.940000534057617,20.75,20.8700008392334,3306800
2017-04-26,20.700000762939453,20.850000381469727,20.639999389648438,20.799999237060547,4339300
2017-04-27,20.799999237060547,21.3700008392334,20.760000228881836,21.350000381469727,4404600
2017-04-28,21.3700008392334,21.399999618530273,21.020000457763672,21.06999969482422,3760800
2017-05-01,21.139999389648438,21.420000076293945,21.110000610351562,21.170000076293945,3594200
2017-05-02,20.559999465942383,20.649999618530273,20.43000030517578,20.5,16260800
2017-05-03,20.510000228881836,20.610000610351562,20.110000610351562,20.1299991607666,9642000
2017-05-04,20.100000381469727,20.15999984741211,19.84000015258789,20.0,10035300
2017-05-05,20.049999237060547,20.31999969482422,20.040000915527344,20.190000534057617,5588900
2017-05-08,20.299999237060547,20.34000015258789,19.979999542236328,20.049999237060547,4891300
2017-05-09,20.079999923706055,20.200000762939453,19.56999969482422,19.65999984741211,8214600
2017-05-10,19.68000030517578,19.950000762939453,19.65999984741211,19.8799991607666,4549100
2017-05-11,19.899999618530273,19.969999313354492,19.850000381469727,19.959999084472656,3554600
2017-05-12,20.049999237060547,20.100000381469727,19.899999618530273,20.0,4591200
2017-05-15,20.0,20.1299991607666,19.979999542236328,20.09000015258789,7008200
2017-05-16,20.1299991607666,20.299999237060547,20.030000686645508,20.040000915527344,4591600
2017-05-17,20.049999237060547,20.229999542236328,20.030000686645508,20.15999984741211,4619100
2017-05-18,20.110000610351562,20.229999542236328,19.969999313354492,20.0,4863000
2017-05-19,20.030000686645508,20.15999984741211,19.959999084472656,20.149999618530273,5357700
2017-05-22,20.200000762939453,20.469999313354492,20.170000076293945,20.389999389648438,2668400
2017-05-23,20.350000381469727,20.600000381469727,20.350000381469727,20.530000686645508,2743500
2017-05-24,20.56999969482422,20.649999618530273,20.469999313354492,20.56999969482422,2452000
2017-05-25,20.670000076293945,20.739999771118164,20.549999237060547,20.65999984741211,2367000
2017-05-26,20.530000686645508,20.559999465942383,20.290000915527344,20.530000686645508,2115400
2017-05-30,20.520000457763672,20.579999923706055,20.440000534057617,20.540000915527344,1998700
2017-05-31,20.540000915527344,20.799999237060547,20.510000228881836,20.790000915527344,5065600
2017-06-01,20.780000686645508,21.079999923706055,20.709999084472656,20.90999984741211,4213800
2017-06-02,20.90999984741211,20.989999771118164,20.829999923706055,20.850000381469727,4001200
2017-06-05,20.84000015258789,20.8700008392334,20.739999771118164,20.84000015258789,3170800
2017-06-06,20.860000610351562,20.959999084472656,20.770000457763672,20.93000030517578,3135400
2017-06-07,21.0,21.06999969482422,20.829999923706055,20.959999084472656,3930500
2017-06-08,20.989999771118164,21.190000534057617,20.889999389648438,21.15999984741211,3545800
2017-06-09,21.100000381469727,21.40999984741211,21.059999465942383,21.350000381469727,4974600
2017-06-12,21.25,21.420000076293945,21.149999618530273,21.299999237060547,4159900
2017-06-13,21.360000610351562,21.40999984741211,21.229999542236328,21.3700008392334,2471300
2017-06-14,21.389999389648438,21.719999313354492,21.360000610351562,21.639999389648438,4943900
2017-06-15,21.5,21.8799991607666,21.40999984741211,21.84000015258789,4067900
2017-06-16,21.850000381469727,22.079999923706055,21.84000015258789,22.049999237060547,5216000
2017-06-19,22.149999618530273,22.25,22.010000228881836,22.059999465942383,3222500
2017-06-20,22.09000015258789,22.149999618530273,21.90999984741211,21.989999771118164,2226100
2017-06-21,22.100000381469727,22.200000762939453,21.920000076293945,21.950000762939453,2399400
2017-06-22,22.020000457763672,22.200000762939453,22.020000457763672,22.15999984741211,4459000
2017-06-23,22.209999084472656,22.280000686645508,22.1299991607666,22.209999084472656,3045900
2017-06-26,22.290000915527344,22.34000015258789,22.170000076293945,22.280000686645508,2572300
2017-06-27,22.280000686645508,22.309999465942383,21.690000534057617,21.700000762939453,5892700
2017-06-28,21.6200008392334,21.700000762939453,21.280000686645508,21.540000915527344,5099300
2017-06-29,21.479999542236328,21.520000457763672,21.15999984741211,21.290000915527344,4098600
2017-06-30,21.299999237060547,21.40999984741211,21.25,21.290000915527344,2538600
2017-07-03,21.34000015258789,21.670000076293945,21.299999237060547,21.639999389648438,3414500
2017-07-05,21.700000762939453,21.940000534057617,21.6200008392334,21.700000762939453,3821600
2017-07-06,21.649999618530273,21.709999084472656,21.540000915527344,21.6200008392334,4069000
2017-07-07,21.649999618530273,21.65999984741211,21.299999237060547,21.3700008392334,2599900
2017-07-10,21.40999984741211,21.670000076293945,21.399999618530273,21.450000762939453,3270800
2017-07-11,21.530000686645508,21.639999389648438,21.420000076293945,21.520000457763672,2551200
2017-07-12,21.600000381469727,21.760000228881836,21.530000686645508,21.6299991607666,3880000
2017-07-13,21.700000762939453,21.709999084472656,21.260000228881836,21.3799991607666,3799100
2017-07-14,21.40999984741211,21.670000076293945,21.399999618530273,21.610000610351562,3972800
2017-07-17,21.610000610351562,21.690000534057617,21.450000762939453,21.469999313354492,2933100
2017-07-18,21.389999389648438,21.389999389648438,21.040000915527344,21.219999313354492,5161800
2017-07-19,21.200000762939453,21.219999313354492,21.040000915527344,21.06999969482422,4803400
2017-07-20,21.06999969482422,21.18000030517578,20.950000762939453,21.0,5185000
2017-07-21,21.030000686645508,21.209999084472656,20.90999984741211,21.15999984741211,4581400
2017-07-24,21.170000076293945,21.299999237060547,21.1299991607666,21.15999984741211,4561800
2017-07-25,21.15999984741211,21.25,20.979999542236328,21.059999465942383,4706600
2017-07-26,21.100000381469727,21.25,21.079999923706055,21.170000076293945,6353200
2017-07-27,21.239999771118164,21.25,20.760000228881836,21.190000534057617,5009700
2017-07-28,21.18000030517578,21.18000030517578,20.920000076293945,21.09000015258789,3991000
2017-07-31,21.15999984741211,21.209999084472656,21.079999923706055,21.18000030517578,4936400
2017-08-01,21.18000030517578,21.229999542236328,21.09000015258789,21.200000762939453,3262100
2017-08-02,21.239999771118164,21.239999771118164,21.110000610351562,21.149999618530273,3114000
2017-08-03,21.110000610351562,21.219999313354492,20.989999771118164,21.149999618530273,3397300
2017-08-04,21.15999984741211,21.15999984741211,20.90999984741211,20.989999771118164,2344900
2017-08-07,21.030000686645508,21.100000381469727,20.920000076293945,21.06999969482422,2669600
2017-08-08,21.09000015258789,21.149999618530273,21.0,21.100000381469727,3201100
2017-08-09,21.079999923706055,21.399999618530273,21.049999237060547,21.309999465942383,5667400
2017-08-10,21.299999237060547,21.399999618530273,21.18000030517578,21.25,4854500
2017-08-11,21.200000762939453,21.350000381469727,21.06999969482422,21.34000015258789,4187300
2017-08-14,21.389999389648438,21.56999969482422,21.290000915527344,21.40999984741211,3921800
2017-08-15,21.420000076293945,21.510000228881836,21.309999465942383,21.479999542236328,2431600
2017-08-16,21.479999542236328,21.639999389648438,21.450000762939453,21.5,4103600
2017-08-17,21.5,21.510000228881836,21.360000610351562,21.389999389648438,2632600
2017-08-18,21.389999389648438,21.510000228881836,21.309999465942383,21.43000030517578,3735600
2017-08-21,21.479999542236328,21.479999542236328,21.329999923706055,21.40999984741211,1994000
2017-08-22,21.43000030517578,21.6200008392334,21.40999984741211,21.549999237060547,3404500
2017-08-23,21.530000686645508,21.639999389648438,21.510000228881836,21.530000686645508,3035600
2017-08-24,21.600000381469727,21.700000762939453,21.510000228881836,21.65999984741211,2285900
2017-08-25,21.75,21.75,21.56999969482422,21.639999389648438,3958400
2017-08-28,21.639999389648438,21.690000534057617,21.56999969482422,21.670000076293945,3605600
2017-08-29,21.469999313354492,21.549999237060547,21.200000762939453,21.200000762939453,4056500
2017-08-30,21.209999084472656,21.31999969482422,21.200000762939453,21.219999313354492,1745500
2017-08-31,21.270000457763672,21.540000915527344,21.260000228881836,21.540000915527344,3757300
2017-09-01,21.540000915527344,21.56999969482422,21.43000030517578,21.450000762939453,1718300
2017-09-05,21.459999084472656,21.56999969482422,21.239999771118164,21.270000457763672,4167000
2017-09-06,21.3799991607666,21.40999984741211,21.239999771118164,21.25,3160400
2017-09-07,21.270000457763672,21.350000381469727,21.170000076293945,21.350000381469727,3423000
2017-09-08,21.350000381469727,21.399999618530273,21.209999084472656,21.360000610351562,2251400
2017-09-11,21.329999923706055,21.520000457763672,21.270000457763672,21.510000228881836,3524300
2017-09-12,21.5,21.530000686645508,21.40999984741211,21.5,2926900
2017-09-13,20.889999389648438,21.06999969482422,20.889999389648438,20.950000762939453,33175200
2017-09-14,21.0,21.040000915527344,20.81999969482422,21.0,6415600
2017-09-15,21.0,21.18000030517578,20.950000762939453,21.110000610351562,7430000
2017-09-18,21.18000030517578,21.3799991607666,21.15999984741211,21.350000381469727,4525400
2017-09-19,21.3799991607666,21.549999237060547,21.3799991607666,21.440000534057617,5012000
2017-09-20,21.489999771118164,21.600000381469727,21.280000686645508,21.360000610351562,5671000
2017-09-21,21.389999389648438,21.530000686645508,21.290000915527344,21.399999618530273,3196100
2017-09-22,21.479999542236328,21.68000030517578,21.43000030517578,21.600000381469727,8498700
2017-09-25,21.610000610351562,21.760000228881836,21.5,21.709999084472656,5488700
2017-09-26,21.75,21.920000076293945,21.649999618530273,21.84000015258789,6199400
2017-09-27,21.8700008392334,21.940000534057617,21.549999237060547,21.760000228881836,6186400
2017-09-28,21.579999923706055,21.649999618530273,21.309999465942383,21.639999389648438,4570600
2017-09-29,21.600000381469727,21.739999771118164,21.540000915527344,21.68000030517578,4294200
2017-10-02,21.719999313354492,21.81999969482422,21.610000610351562,21.700000762939453,4023200
2017-10-03,21.700000762939453,21.81999969482422,21.670000076293945,21.739999771118164,1983500
2017-10-04,21.670000076293945,21.799999237060547,21.59000015258789,21.770000457763672,2820000
2017-10-05,21.780000686645508,21.8799991607666,21.729999542236328,21.799999237060547,2671800
2017-10-06,21.65999984741211,21.65999984741211,21.31999969482422,21.459999084472656,8682900
2017-10-09,21.489999771118164,21.59000015258789,21.469999313354492,21.5,2066500
2017-10-10,21.559999465942383,21.579999923706055,21.399999618530273,21.440000534057617,2837300
2017-10-11,21.440000534057617,21.510000228881836,21.40999984741211,21.5,3090900
2017-10-12,21.5,21.639999389648438,21.489999771118164,21.559999465942383,3712900
2017-10-13,21.6200008392334,21.84000015258789,21.6200008392334,21.760000228881836,3705700
2017-10-16,21.829999923706055,21.850000381469727,21.709999084472656,21.760000228881836,2897600
2017-10-17,21.850000381469727,21.889999389648438,21.790000915527344,21.850000381469727,2065900
2017-10-18,21.829999923706055,21.899999618530273,21.809999465942383,21.809999465942383,3928100
2017-10-19,21.799999237060547,21.829999923706055,21.75,21.790000915527344,1984000
2017-10-20,21.790000915527344,21.799999237060547,21.56999969482422,21.790000915527344,4743100
2017-10-23,21.829999923706055,21.850000381469727,21.5,21.6299991607666,4575400
2017-10-24,21.6299991607666,21.719999313354492,21.559999465942383,21.6200008392334,3323900
2017-10-25,21.59000015258789,21.6299991607666,21.149999618530273,21.440000534057617,6593500
2017-10-26,21.559999465942383,21.600000381469727,20.5,20.530000686645508,10813400
2017-10-27,20.559999465942383,20.809999465942383,20.25,20.68000030517578,6994500
2017-10-30,20.56999969482422,20.6299991607666,20.270000457763672,20.309999465942383,7262300
2017-10-31,20.299999237060547,20.40999984741211,20.110000610351562,20.1299991607666,5834700
2017-11-01,20.15999984741211,20.229999542236328,20.049999237060547,20.200000762939453,6028600
2017-11-02,20.219999313354492,20.25,19.739999771118164,19.850000381469727,8948900
2017-11-03,19.850000381469727,19.850000381469727,19.65999984741211,19.780000686645508,4954300
2017-11-06,19.729999542236328,19.75,19.3700008392334,19.43000030517578,8440900
2017-11-07,19.360000610351562,19.790000915527344,19.260000228881836,19.56999969482422,8394600
2017-11-08,19.65999984741211,19.950000762939453,19.639999389648438,19.729999542236328,5308700
2017-11-09,19.770000457763672,19.940000534057617,19.600000381469727,19.649999618530273,5544000
2017-11-10,19.649999618530273,19.81999969482422,19.459999084472656,19.549999237060547,5788600
2017-11-13,19.540000915527344,19.850000381469727,19.510000228881836,19.81999969482422,5596600
2017-11-14,19.81999969482422,19.950000762939453,19.760000228881836,19.940000534057617,3660800
2017-11-15,19.8799991607666,19.90999984741211,19.6299991607666,19.6299991607666,5601800
2017-11-16,19.709999084472656,19.790000915527344,19.65999984741211,19.760000228881836,3692100
2017-11-17,19.739999771118164,19.8700008392334,19.719999313354492,19.81999969482422,3883100
2017-11-20,19.860000610351562,20.110000610351562,19.84000015258789,20.06999969482422,4834800
2017-11-21,20.1299991607666,20.299999237060547,20.100000381469727,20.209999084472656,3466800
2017-11-22,20.239999771118164,20.5,20.18000030517578,20.420000076293945,4007900
2017-11-24,20.489999771118164,20.540000915527344,20.18000030517578,20.239999771118164,3338600
2017-11-27,20.270000457763672,20.350000381469727,20.18000030517578,20.239999771118164,2843200
2017-11-28,20.229999542236328,20.329999923706055,20.149999618530273,20.280000686645508,2723500
2017-11-29,20.06999969482422,20.25,19.959999084472656,20.06999969482422,2901100
2017-11-30,20.100000381469727,20.139999389648438,19.760000228881836,19.899999618530273,6754800
2017-12-01,19.90999984741211,20.040000915527344,19.75,20.020000457763672,4959500
2017-12-04,20.170000076293945,20.399999618530273,20.1299991607666,20.31999969482422,6860200
2017-12-05,20.31999969482422,20.3700008392334,20.170000076293945,20.360000610351562,3644500
2017-12-06,20.309999465942383,20.389999389648438,20.1299991607666,20.260000228881836,3791100
2017-12-07,20.239999771118164,20.440000534057617,20.229999542236328,20.399999618530273,3127000
2017-12-08,20.450000762939453,20.450000762939453,20.190000534057617,20.3700008392334,3399400
2017-12-11,20.360000610351562,20.3799991607666,20.239999771118164,20.309999465942383,2815900
2017-12-12,20.25,20.360000610351562,20.239999771118164,20.280000686645508,2621100
2017-12-13,20.280000686645508,20.540000915527344,20.209999084472656,20.309999465942383,4353800
2017-12-14,20.350000381469727,20.440000534057617,20.270000457763672,20.420000076293945,3492200
2017-12-15,20.479999542236328,20.719999313354492,20.450000762939453,20.6299991607666,5351500
2017-12-18,20.690000534057617,20.84000015258789,20.450000762939453,20.510000228881836,5833500
2017-12-19,20.520000457763672,20.610000610351562,20.020000457763672,20.020000457763672,6642800
2017-12-20,20.059999465942383,20.200000762939453,19.8799991607666,20.1299991607666,4240300
2017-12-21,20.170000076293945,20.280000686645508,20.110000610351562,20.190000534057617,2281000
2017-12-22,20.190000534057617,20.280000686645508,20.139999389648438,20.219999313354492,2211400
2017-12-26,20.229999542236328,20.34000015258789,20.18000030517578,20.219999313354492,2331900
2017-12-27,20.270000457763672,20.3700008392334,20.170000076293945,20.270000457763672,2230400
2017-12-28,20.139999389648438,20.34000015258789,20.010000228881836,20.34000015258789,2373300
2017-12-29,20.31999969482422,20.329999923706055,20.1200008392334,20.190000534057617,2912000
2018-01-02,20.260000228881836,20.260000228881836,19.81999969482422,19.940000534057617,5134600
2018-01-03,19.93000030517578,20.059999465942383,19.600000381469727,19.6200008392334,4544600
2018-01-04,19.639999389648438,19.790000915527344,19.540000915527344,19.719999313354492,3814600
2018-01-05,19.739999771118164,19.889999389648438,19.670000076293945,19.850000381469727,3469300
2018-01-08,19.850000381469727,19.93000030517578,19.75,19.8700008392334,3125400
2018-01-09,19.899999618530273,19.950000762939453,19.729999542236328,19.780000686645508,3681100
2018-01-10,19.700000762939453,19.75,19.34000015258789,19.65999984741211,6089100
2018-01-11,19.56999969482422,19.780000686645508,19.549999237060547,19.760000228881836,2965300
2018-01-12,19.780000686645508,19.850000381469727,19.469999313354492,19.59000015258789,4257800
2018-01-16,19.600000381469727,19.770000457763672,19.469999313354492,19.479999542236328,4594600
2018-01-17,19.479999542236328,19.65999984741211,19.469999313354492,19.56999969482422,2847800
2018-01-18,19.530000686645508,19.59000015258789,19.280000686645508,19.290000915527344,3418500
2018-01-19,19.280000686645508,19.610000610351562,19.280000686645508,19.579999923706055,4460500
2018-01-22,19.59000015258789,19.649999618530273,19.459999084472656,19.479999542236328,2883500
2018-01-23,19.479999542236328,19.729999542236328,19.479999542236328,19.690000534057617,3021500
2018-01-24,19.739999771118164,19.760000228881836,19.59000015258789,19.719999313354492,2825700
2018-01-25,19.75,19.75,19.469999313354492,19.600000381469727,3674800
2018-01-26,19.6200008392334,19.670000076293945,19.3700008392334,19.520000457763672,4350400
2018-01-29,19.479999542236328,19.520000457763672,19.110000610351562,19.190000534057617,9943600
2018-01-30,18.979999542236328,19.170000076293945,18.969999313354492,19.100000381469727,6902300
2018-01-31,19.1299991607666,19.239999771118164,18.56999969482422,18.790000915527344,8018000
2018-02-01,18.649999618530273,19.18000030517578,18.610000610351562,18.809999465942383,6021900
2018-02-02,18.81999969482422,18.8700008392334,18.459999084472656,18.479999542236328,6400900
2018-02-05,18.399999618530273,18.459999084472656,18.010000228881836,18.239999771118164,8247900
2018-02-06,18.020000457763672,18.8700008392334,17.940000534057617,18.68000030517578,9593600
2018-02-07,18.709999084472656,19.059999465942383,18.579999923706055,18.579999923706055,5646100
2018-02-08,18.549999237060547,18.850000381469727,18.450000762939453,18.479999542236328,4987800
2018-02-09,18.59000015258789,18.770000457763672,18.3799991607666,18.579999923706055,6357700
2018-02-12,18.68000030517578,18.8799991607666,18.56999969482422,18.860000610351562,4054300
2018-02-13,18.81999969482422,19.0,18.65999984741211,18.940000534057617,2558900
2018-02-14,18.850000381469727,19.0,18.799999237060547,18.8700008392334,3116500
2018-02-15,18.950000762939453,19.34000015258789,18.940000534057617,19.25,3585300
2018-02-16,19.239999771118164,19.489999771118164,19.18000030517578,19.389999389648438,5317900
2018-02-20,19.350000381469727,19.399999618530273,18.780000686645508,18.829999923706055,4129700
2018-02-21,18.850000381469727,19.059999465942383,18.59000015258789,18.59000015258789,4171800
2018-02-22,18.690000534057617,18.700000762939453,18.459999084472656,18.600000381469727,3332600
2018-02-23,18.68000030517578,18.899999618530273,18.670000076293945,18.84000015258789,2712200
2018-02-26,18.969999313354492,19.040000915527344,18.790000915527344,18.979999542236328,3709400
2018-02-27,18.75,18.899999618530273,18.34000015258789,18.3799991607666,4977200
2018-02-28,18.3700008392334,18.43000030517578,17.90999984741211,17.940000534057617,6894500
2018-03-01,18.0,18.200000762939453,17.84000015258789,17.979999542236328,4505500
2018-03-02,18.010000228881836,18.200000762939453,17.860000610351562,18.170000076293945,3358400
2018-03-05,18.200000762939453,18.43000030517578,18.170000076293945,18.309999465942383,3275700
2018-03-06,18.299999237060547,18.40999984741211,18.200000762939453,18.389999389648438,2853800
2018-03-07,18.329999923706055,18.549999237060547,18.329999923706055,18.440000534057617,2680300
2018-03-08,18.450000762939453,18.600000381469727,18.3799991607666,18.559999465942383,2684700
2018-03-09,18.579999923706055,18.600000381469727,18.350000381469727,18.5,2460500
2018-03-12,18.479999542236328,18.780000686645508,18.479999542236328,18.649999618530273,2986500
2018-03-13,18.709999084472656,18.8700008392334,18.709999084472656,18.790000915527344,2653700
2018-03-14,18.799999237060547,19.0,18.780000686645508,18.799999237060547,2913800
2018-03-15,18.75,18.809999465942383,18.520000457763672,18.739999771118164,2851200
2018-03-16,18.809999465942383,18.969999313354492,18.709999084472656,18.920000076293945,2782600
2018-03-19,18.84000015258789,18.8799991607666,18.559999465942383,18.709999084472656,2644400
2018-03-20,18.700000762939453,18.84000015258789,18.670000076293945,18.739999771118164,1986700
2018-03-21,18.780000686645508,18.920000076293945,18.68000030517578,18.719999313354492,4095100
2018-03-22,18.639999389648438,18.90999984741211,18.6299991607666,18.760000228881836,3897200
2018-03-23,18.770000457763672,18.889999389648438,18.65999984741211,18.700000762939453,2881700
2018-03-26,18.719999313354492,18.950000762939453,18.670000076293945,18.850000381469727,2525000
2018-03-27,18.84000015258789,19.040000915527344,18.729999542236328,18.979999542236328,3710000
2018-03-28,18.690000534057617,18.889999389648438,18.579999923706055,18.809999465942383,3464300
2018-03-29,18.860000610351562,19.079999923706055,18.829999923706055,18.920000076293945,3085200
2018-04-02,18.899999618530273,18.940000534057617,18.639999389648438,18.75,2501600
2018-04-03,18.81999969482422,19.0,18.719999313354492,18.8799991607666,2411300
2018-04-04,18.850000381469727,18.989999771118164,18.790000915527344,18.940000534057617,2807900
2018-04-05,19.0,19.0,18.809999465942383,18.850000381469727,4144000
2018-04-06,18.809999465942383,19.06999969482422,18.809999465942383,18.950000762939453,3344900
2018-04-09,18.989999771118164,19.09000015258789,18.850000381469727,18.8700008392334,2754500
2018-04-10,18.950000762939453,18.969999313354492,18.739999771118164,18.739999771118164,3182700
2018-04-11,18.739999771118164,18.84000015258789,18.649999618530273,18.799999237060547,2692800
2018-04-12,18.790000915527344,18.829999923706055,18.610000610351562,18.6200008392334,2386300
2018-04-13,18.639999389648438,18.729999542236328,18.56999969482422,18.610000610351562,2128500
2018-04-16,18.639999389648438,18.770000457763672,18.489999771118164,18.739999771118164,2623700
2018-04-17,18.780000686645508,18.809999465942383,18.700000762939453,18.780000686645508,2489800
2018-04-18,18.799999237060547,18.899999618530273,18.760000228881836,18.760000228881836,1825100
2018-04-19,18.799999237060547,18.860000610351562,18.6299991607666,18.709999084472656,2466500
2018-04-20,18.760000228881836,18.829999923706055,18.559999465942383,18.65999984741211,4465600
2018-04-23,18.729999542236328,18.790000915527344,18.68000030517578,18.790000915527344,2622900
2018-04-24,18.850000381469727,18.959999084472656,18.75,18.860000610351562,3535700
2018-04-25,18.81999969482422,19.0,18.790000915527344,18.940000534057617,4748000
2018-04-26,18.850000381469727,19.1200008392334,18.850000381469727,19.09000015258789,4576300
2018-04-27,18.920000076293945,19.030000686645508,18.84000015258789,18.989999771118164,2926000
2018-04-30,19.030000686645508,19.100000381469727,18.899999618530273,18.920000076293945,2936700
2018-05-01,18.920000076293945,18.940000534057617,18.790000915527344,18.860000610351562,2169900
2018-05-02,18.850000381469727,18.950000762939453,18.719999313354492,18.739999771118164,3551200
2018-05-03,18.829999923706055,18.93000030517578,18.549999237060547,18.829999923706055,4190300
2018-05-04,18.809999465942383,19.1299991607666,18.780000686645508,19.049999237060547,3464300
2018-05-07,19.09000015258789,19.229999542236328,19.049999237060547,19.139999389648438,3218700
2018-05-08,19.139999389648438,19.15999984741211,18.75,18.799999237060547,3474600
2018-05-09,18.899999618530273,18.90999984741211,18.709999084472656,18.799999237060547,3002200
2018-05-10,18.899999618530273,19.059999465942383,18.850000381469727,19.010000228881836,2802700
2018-05-11,19.0,19.110000610351562,18.979999542236328,19.0,2151100
2018-05-14,19.040000915527344,19.100000381469727,18.959999084472656,18.969999313354492,2913700
2018-05-15,18.93000030517578,18.979999542236328,18.8700008392334,18.8700008392334,3036500
2018-05-16,18.8700008392334,18.989999771118164,18.84000015258789,18.8799991607666,3180200
2018-05-17,18.8700008392334,18.889999389648438,18.809999465942383,18.84000015258789,2076800
2018-05-18,18.8799991607666,18.940000534057617,18.81999969482422,18.889999389648438,3035400
2018-05-21,18.899999618530273,19.1200008392334,18.809999465942383,19.100000381469727,3988100
2018-05-22,19.100000381469727,19.229999542236328,19.049999237060547,19.110000610351562,4053000
2018-05-23,19.1299991607666,19.25,19.040000915527344,19.18000030517578,4368400
2018-05-24,18.610000610351562,19.010000228881836,18.600000381469727,18.899999618530273,32344000
2018-05-25,18.860000610351562,19.15999984741211,18.860000610351562,19.09000015258789,8348200
2018-05-29,19.09000015258789,19.239999771118164,19.0,19.170000076293945,8870300
2018-05-30,19.049999237060547,19.260000228881836,19.0,19.260000228881836,7462600
2018-05-31,19.260000228881836,19.260000228881836,18.790000915527344,18.81999969482422,9440700
2018-06-01,18.84000015258789,18.920000076293945,18.690000534057617,18.8799991607666,5944800
2018-06-04,19.010000228881836,19.030000686645508,18.81999969482422,18.889999389648438,4486100
2018-06-05,18.940000534057617,18.940000534057617,18.75,18.8799991607666,3478100
2018-06-06,18.8799991607666,18.889999389648438,18.760000228881836,18.829999923706055,6485100
2018-06-07,18.84000015258789,18.979999542236328,18.809999465942383,18.899999618530273,3374100
2018-06-08,18.899999618530273,19.0,18.860000610351562,18.979999542236328,4254800
2018-06-11,19.0,19.030000686645508,18.920000076293945,18.959999084472656,5457800
2018-06-12,18.940000534057617,19.0,18.860000610351562,18.90999984741211,7039300
2018-06-13,18.90999984741211,18.93000030517578,18.760000228881836,18.780000686645508,5925300
2018-06-14,18.81999969482422,19.010000228881836,18.809999465942383,19.0,4083200
2018-06-15,19.0,19.020000457763672,18.8700008392334,18.899999618530273,8693400
2018-06-18,18.899999618530273,19.0,18.860000610351562,18.940000534057617,4209900
2018-06-19,18.899999618530273,19.020000457763672,18.899999618530273,18.989999771118164,5386700
2018-06-20,18.93000030517578,19.040000915527344,18.889999389648438,18.940000534057617,5535200
2018-06-21,18.969999313354492,18.969999313354492,18.8799991607666,18.899999618530273,6677800
2018-06-22,18.899999618530273,19.0,18.8700008392334,18.899999618530273,5556700
2018-06-25,18.899999618530273,18.979999542236328,18.8799991607666,18.899999618530273,3844100
2018-06-26,18.899999618530273,18.940000534057617,18.799999237060547,18.809999465942383,3808200
2018-06-27,18.850000381469727,18.860000610351562,18.610000610351562,18.6200008392334,4728500
2018-06-28,18.520000457763672,18.760000228881836,18.459999084472656,18.760000228881836,3870600
2018-06-29,18.719999313354492,18.81999969482422,18.59000015258789,18.59000015258789,4806300
2018-07-02,18.600000381469727,18.850000381469727,18.600000381469727,18.829999923706055,3433900
2018-07-03,18.829999923706055,18.979999542236328,18.799999237060547,18.950000762939453,2731000
2018-07-05,18.959999084472656,19.040000915527344,18.899999618530273,19.040000915527344,3448500
2018-07-06,19.040000915527344,19.110000610351562,18.979999542236328,19.06999969482422,4017100
2018-07-09,19.110000610351562,19.1200008392334,18.920000076293945,19.020000457763672,5267400
2018-07-10,19.059999465942383,19.1200008392334,18.979999542236328,19.059999465942383,4925000
2018-07-11,19.040000915527344,19.18000030517578,19.020000457763672,19.1299991607666,2946800
2018-07-12,19.15999984741211,19.15999984741211,19.0,19.030000686645508,3771500
2018-07-13,19.059999465942383,19.139999389648438,19.010000228881836,19.059999465942383,2230100
2018-07-16,19.079999923706055,19.100000381469727,18.989999771118164,19.059999465942383,3945600
2018-07-17,19.040000915527344,19.149999618530273,19.010000228881836,19.139999389648438,4712300
2018-07-18,19.149999618530273,19.15999984741211,18.950000762939453,19.040000915527344,6005600
2018-07-19,19.079999923706055,19.190000534057617,19.040000915527344,19.1299991607666,3002100
2018-07-20,19.079999923706055,19.229999542236328,19.010000228881836,19.219999313354492,5007600
2018-07-23,19.149999618530273,19.25,19.100000381469727,19.110000610351562,4960500
2018-07-24,19.1299991607666,19.190000534057617,19.010000228881836,19.15999984741211,4177200
2018-07-25,19.18000030517578,19.280000686645508,19.15999984741211,19.25,2967100
2018-07-26,19.290000915527344,19.59000015258789,19.270000457763672,19.3700008392334,5687300
2018-07-27,19.440000534057617,19.520000457763672,19.329999923706055,19.479999542236328,4533500
2018-07-30,19.3799991607666,19.6299991607666,19.31999969482422,19.610000610351562,6157900
2018-07-31,19.5,19.719999313354492,19.440000534057617,19.469999313354492,6096500
2018-08-01,18.950000762939453,19.049999237060547,18.860000610351562,18.93000030517578,47076300
2018-08-02,18.950000762939453,19.209999084472656,18.940000534057617,19.15999984741211,10315100
2018-08-03,19.170000076293945,19.239999771118164,19.059999465942383,19.079999923706055,10141100
2018-08-06,19.149999618530273,19.15999984741211,19.049999237060547,19.09000015258789,3615200
2018-08-07,19.1200008392334,19.1200008392334,18.760000228881836,18.799999237060547,6619900
2018-08-08,18.809999465942383,18.899999618530273,18.719999313354492,18.8799991607666,5356800
2018-08-09,18.93000030517578,19.059999465942383,18.920000076293945,18.979999542236328,3930000
2018-08-10,18.940000534057617,19.049999237060547,18.940000534057617,18.989999771118164,8612700
2018-08-13,18.989999771118164,19.049999237060547,18.920000076293945,19.030000686645508,3040800
2018-08-14,19.0,19.09000015258789,18.90999984741211,18.93000030517578,4680400
2018-08-15,18.899999618530273,19.040000915527344,18.860000610351562,19.040000915527344,4820600
2018-08-16,19.040000915527344,19.139999389648438,19.0,19.059999465942383,3551400
2018-08-17,19.079999923706055,19.309999465942383,19.06999969482422,19.299999237060547,5101400
2018-08-20,19.309999465942383,19.360000610351562,19.270000457763672,19.34000015258789,3622600
2018-08-21,19.34000015258789,19.399999618530273,19.31999969482422,19.3799991607666,2520900
2018-08-22,19.3700008392334,19.3799991607666,19.25,19.290000915527344,2631700
2018-08-23,19.31999969482422,19.350000381469727,19.200000762939453,19.299999237060547,2261000
2018-08-24,19.299999237060547,19.329999923706055,19.239999771118164,19.299999237060547,2545100
2018-08-27,19.329999923706055,19.360000610351562,19.270000457763672,19.290000915527344,3560000
2018-08-28,19.329999923706055,19.3700008392334,19.270000457763672,19.31999969482422,2590900
2018-08-29,19.34000015258789,19.360000610351562,19.299999237060547,19.31999969482422,3747700
2018-08-30,19.239999771118164,19.239999771118164,19.100000381469727,19.139999389648438,4235200
2018-08-31,19.1299991607666,19.149999618530273,18.979999542236328,19.020000457763672,5172300
2018-09-04,19.0,19.1299991607666,19.0,19.040000915527344,2975200
2018-09-05,19.079999923706055,19.149999618530273,19.049999237060547,19.1200008392334,3449400
2018-09-06,19.139999389648438,19.260000228881836,19.1299991607666,19.18000030517578,4016200
2018-09-07,19.190000534057617,19.209999084472656,19.079999923706055,19.110000610351562,3474300
2018-09-10,19.170000076293945,19.219999313354492,19.100000381469727,19.190000534057617,2447900
2018-09-11,19.190000534057617,19.190000534057617,19.100000381469727,19.110000610351562,3449800
2018-09-12,19.049999237060547,19.059999465942383,18.68000030517578,18.84000015258789,11295300
2018-09-13,18.93000030517578,18.969999313354492,18.860000610351562,18.950000762939453,4078900
2018-09-14,18.950000762939453,18.979999542236328,18.84000015258789,18.889999389648438,3163000
2018-09-17,18.889999389648438,18.899999618530273,18.770000457763672,18.8799991607666,3668800
2018-09-18,18.81999969482422,18.8799991607666,18.690000534057617,18.770000457763672,7286900
2018-09-19,18.780000686645508,18.81999969482422,18.68000030517578,18.709999084472656,6388600
2018-09-20,18.780000686645508,18.799999237060547,18.68000030517578,18.770000457763672,4543900
2018-09-21,18.809999465942383,18.93000030517578,18.780000686645508,18.899999618530273,7415700
2018-09-24,18.899999618530273,18.90999984741211,18.75,18.770000457763672,5157300
2018-09-25,18.829999923706055,18.8799991607666,18.700000762939453,18.799999237060547,4641500
2018-09-26,18.84000015258789,18.850000381469727,18.709999084472656,18.709999084472656,5711100
2018-09-27,18.610000610351562,18.68000030517578,18.540000915527344,18.579999923706055,4077000
2018-09-28,18.600000381469727,18.649999618530273,18.510000228881836,18.6299991607666,7084400
2018-10-01,18.600000381469727,18.68000030517578,18.479999542236328,18.610000610351562,3761100
2018-10-02,18.610000610351562,18.739999771118164,18.579999923706055,18.639999389648438,3616600
2018-10-03,18.6299991607666,18.760000228881836,18.420000076293945,18.459999084472656,7288300
2018-10-04,18.40999984741211,18.440000534057617,18.219999313354492,18.280000686645508,5700400
2018-10-05,18.290000915527344,18.34000015258789,18.09000015258789,18.110000610351562,5329500
2018-10-08,18.100000381469727,18.299999237060547,18.079999923706055,18.25,4009400
2018-10-09,18.239999771118164,18.299999237060547,18.1299991607666,18.25,4330800
2018-10-10,18.200000762939453,18.350000381469727,18.049999237060547,18.059999465942383,4135100
2018-10-11,18.030000686645508,18.110000610351562,17.780000686645508,17.799999237060547,6932500
2018-10-12,18.0,18.040000915527344,17.709999084472656,17.760000228881836,6857700
2018-10-15,17.75,17.950000762939453,17.729999542236328,17.81999969482422,3677000
2018-10-16,17.84000015258789,18.040000915527344,17.760000228881836,18.0,3741100
2018-10-17,18.020000457763672,18.100000381469727,17.90999984741211,17.969999313354492,2635300
2018-10-18,17.959999084472656,18.0,17.850000381469727,17.899999618530273,3767900
2018-10-19,17.8700008392334,17.920000076293945,17.760000228881836,17.81999969482422,3919900
2018-10-22,17.8799991607666,17.93000030517578,17.68000030517578,17.68000030517578,4769400
2018-10-23,17.600000381469727,17.68000030517578,17.56999969482422,17.59000015258789,7314200
2018-10-24,17.6299991607666,18.059999465942383,17.579999923706055,17.84000015258789,9649200
2018-10-25,17.989999771118164,18.100000381469727,17.809999465942383,18.059999465942383,6672900
2018-10-26,17.979999542236328,18.06999969482422,17.81999969482422,17.979999542236328,7345200
2018-10-29,18.049999237060547,18.18000030517578,17.989999771118164,18.059999465942383,6266400
2018-10-30,17.8700008392334,17.979999542236328,17.729999542236328,17.84000015258789,5471200
2018-10-31,17.860000610351562,17.940000534057617,17.770000457763672,17.84000015258789,6129000
2018-11-01,17.84000015258789,17.860000610351562,17.68000030517578,17.84000015258789,5705300
2018-11-02,17.81999969482422,17.889999389648438,17.649999618530273,17.670000076293945,6669000
2018-11-05,17.690000534057617,17.75,17.549999237060547,17.56999969482422,4849300
2018-11-06,17.579999923706055,17.829999923706055,17.520000457763672,17.790000915527344,7111100
2018-11-07,17.8700008392334,17.989999771118164,17.75,17.940000534057617,6023500
2018-11-08,17.940000534057617,17.950000762939453,17.809999465942383,17.8700008392334,6444200
2018-11-09,17.81999969482422,18.100000381469727,17.799999237060547,18.079999923706055,7239800
2018-11-12,17.989999771118164,18.010000228881836,17.739999771118164,17.760000228881836,6005100
2018-11-13,17.799999237060547,17.899999618530273,17.760000228881836,17.8799991607666,3580200
2018-11-14,17.899999618530273,17.950000762939453,17.739999771118164,17.780000686645508,4366200
2018-11-15,17.290000915527344,17.440000534057617,17.260000228881836,17.3700008392334,45247000
2018-11-16,17.329999923706055,17.709999084472656,17.309999465942383,17.6200008392334,16720400
2018-11-19,17.610000610351562,17.719999313354492,17.510000228881836,17.540000915527344,11375700
2018-11-20,17.469999313354492,17.600000381469727,17.43000030517578,17.450000762939453,11230800
2018-11-21,17.459999084472656,17.559999465942383,17.399999618530273,17.5,6282400
2018-11-23,17.510000228881836,17.549999237060547,17.3799991607666,17.40999984741211,6230800
2018-11-26,17.43000030517578,17.579999923706055,17.34000015258789,17.540000915527344,8888100
2018-11-27,17.479999542236328,17.6200008392334,17.459999084472656,17.540000915527344,6810000
2018-11-28,17.549999237060547,17.770000457763672,17.520000457763672,17.760000228881836,6657700
2018-11-29,17.549999237060547,17.799999237060547,17.5,17.729999542236328,7259800
2018-11-30,17.729999542236328,17.829999923706055,17.610000610351562,17.700000762939453,15988600
2018-12-03,17.739999771118164,17.8700008392334,17.6299991607666,17.799999237060547,6605900
2018-12-04,17.829999923706055,17.940000534057617,17.59000015258789,17.639999389648438,4987600
2018-12-06,17.65999984741211,17.850000381469727,17.559999465942383,17.850000381469727,9015500
2018-12-07,17.829999923706055,17.8799991607666,17.739999771118164,17.829999923706055,5966500
2018-12-10,17.829999923706055,17.93000030517578,17.690000534057617,17.8799991607666,8303500
2018-12-11,17.8700008392334,18.079999923706055,17.860000610351562,17.90999984741211,6058000
2018-12-12,17.8799991607666,17.950000762939453,17.719999313354492,17.729999542236328,7026900
2018-12-13,17.790000915527344,17.899999618530273,17.739999771118164,17.8700008392334,5250000
2018-12-14,17.90999984741211,18.110000610351562,17.8700008392334,18.020000457763672,7825400
2018-12-17,18.010000228881836,18.110000610351562,17.6299991607666,17.65999984741211,6757500
2018-12-18,17.780000686645508,17.899999618530273,17.579999923706055,17.760000228881836,5295400
2018-12-19,17.799999237060547,17.940000534057617,17.670000076293945,17.700000762939453,6958200
2018-12-20,17.799999237060547,17.829999923706055,17.309999465942383,17.440000534057617,8552100
2018-12-21,17.489999771118164,17.739999771118164,17.350000381469727,17.450000762939453,8115800
2018-12-24,17.450000762939453,17.510000228881836,16.959999084472656,17.239999771118164,4900900
2018-12-26,17.280000686645508,17.700000762939453,17.270000457763672,17.68000030517578,5741000
2018-12-27,17.670000076293945,17.84000015258789,17.31999969482422,17.84000015258789,6748200
2018-12-28,17.729999542236328,17.81999969482422,17.670000076293945,17.729999542236328,4472200
2018-12-31,17.719999313354492,17.760000228881836,17.479999542236328,17.540000915527344,5428800
2019-01-02,17.549999237060547,17.65999984741211,17.399999618530273,17.6299991607666,3327500
2019-01-03,17.59000015258789,17.93000030517578,17.59000015258789,17.860000610351562,5701500
2019-01-04,17.90999984741211,18.049999237060547,17.889999389648438,17.940000534057617,5298800
2019-01-07,18.0,18.1200008392334,17.8799991607666,17.93000030517578,4618100
2019-01-08,17.860000610351562,17.93000030517578,17.799999237060547,17.799999237060547,6919500
2019-01-09,17.8700008392334,17.940000534057617,17.770000457763672,17.790000915527344,6555600
2019-01-10,17.799999237060547,17.829999923706055,17.68000030517578,17.760000228881836,6455100
2019-01-11,17.770000457763672,17.889999389648438,17.729999542236328,17.889999389648438,3313200
2019-01-14,17.969999313354492,18.09000015258789,17.93000030517578,17.950000762939453,5939200
2019-01-15,17.969999313354492,18.020000457763672,17.90999984741211,17.950000762939453,4441000
2019-01-16,18.010000228881836,18.030000686645508,17.93000030517578,17.979999542236328,4616000
2019-01-17,17.989999771118164,18.030000686645508,17.889999389648438,18.0,5443600
2019-01-18,18.040000915527344,18.079999923706055,17.959999084472656,18.010000228881836,4671800
2019-01-22,18.040000915527344,18.059999465942383,17.829999923706055,17.940000534057617,5607600
2019-01-23,17.979999542236328,18.030000686645508,17.920000076293945,18.010000228881836,4767700
2019-01-24,17.989999771118164,18.030000686645508,17.889999389648438,18.010000228881836,4046500
2019-01-25,18.040000915527344,18.1200008392334,18.010000228881836,18.1200008392334,4827100
2019-01-28,18.1200008392334,18.149999618530273,18.020000457763672,18.059999465942383,4855900
2019-01-29,18.100000381469727,18.1200008392334,18.020000457763672,18.110000610351562,5943200
2019-01-30,18.0,18.049999237060547,17.90999984741211,17.940000534057617,10537700
2019-01-31,17.799999237060547,17.90999984741211,17.760000228881836,17.90999984741211,10724900
2019-02-01,17.84000015258789,17.920000076293945,17.649999618530273,17.760000228881836,9514300
2019-02-04,17.739999771118164,17.829999923706055,17.65999984741211,17.829999923706055,5450800
2019-02-05,17.809999465942383,17.8799991607666,17.68000030517578,17.790000915527344,6758200
2019-02-06,17.770000457763672,17.8799991607666,17.700000762939453,17.850000381469727,6828900
2019-02-07,17.84000015258789,17.889999389648438,17.770000457763672,17.850000381469727,3423600
2019-02-08,17.84000015258789,17.860000610351562,17.68000030517578,17.809999465942383,3917500
2019-02-11,17.829999923706055,17.860000610351562,17.709999084472656,17.799999237060547,4525600
2019-02-12,17.81999969482422,17.93000030517578,17.75,17.829999923706055,7507300
2019-02-13,17.799999237060547,17.829999923706055,17.670000076293945,17.729999542236328,5883900
2019-02-14,17.729999542236328,17.760000228881836,17.649999618530273,17.690000534057617,5066800
2019-02-15,17.719999313354492,17.75,17.600000381469727,17.6200008392334,6375500
2019-02-19,17.6299991607666,17.719999313354492,17.59000015258789,17.690000534057617,5596100
2019-02-20,17.709999084472656,17.709999084472656,17.600000381469727,17.670000076293945,5812700
2019-02-21,17.639999389648438,17.670000076293945,17.559999465942383,17.610000610351562,6206600
2019-02-22,17.649999618530273,17.75,17.600000381469727,17.709999084472656,3138200
2019-02-25,17.739999771118164,17.790000915527344,17.68000030517578,17.739999771118164,4939200
2019-02-26,17.739999771118164,17.790000915527344,17.729999542236328,17.739999771118164,4284500
2019-02-27,17.6299991607666,17.6299991607666,17.5,17.549999237060547,4193300
2019-02-28,17.559999465942383,17.75,17.540000915527344,17.649999618530273,7554400
2019-03-01,17.700000762939453,17.700000762939453,17.5,17.559999465942383,5971500
2019-03-04,17.530000686645508,17.6200008392334,17.5,17.610000610351562,5390600
2019-03-05,17.600000381469727,17.639999389648438,17.520000457763672,17.579999923706055,4199400
2019-03-06,17.579999923706055,17.68000030517578,17.56999969482422,17.6299991607666,4516900
2019-03-07,17.6299991607666,17.760000228881836,17.6200008392334,17.68000030517578,5264000
2019-03-08,17.639999389648438,17.780000686645508,17.639999389648438,17.760000228881836,3724000
2019-03-11,17.780000686645508,17.950000762939453,17.760000228881836,17.950000762939453,5389500
2019-03-12,17.920000076293945,17.950000762939453,17.850000381469727,17.899999618530273,4576600
2019-03-13,17.920000076293945,18.049999237060547,17.90999984741211,18.030000686645508,4448800
2019-03-14,18.040000915527344,18.059999465942383,17.959999084472656,18.0,2612000
2019-03-15,17.979999542236328,18.049999237060547,17.969999313354492,18.0,4836400
2019-03-18,18.0,18.139999389648438,17.989999771118164,18.1200008392334,4932600
2019-03-19,18.149999618530273,18.170000076293945,17.989999771118164,18.0,4047800
2019-03-20,18.030000686645508,18.09000015258789,17.950000762939453,17.989999771118164,4170500
2019-03-21,18.020000457763672,18.149999618530273,18.0,18.06999969482422,4270100
2019-03-22,18.110000610351562,18.170000076293945,17.989999771118164,18.0,4178800
2019-03-25,18.020000457763672,18.030000686645508,17.920000076293945,17.950000762939453,5993100
2019-03-26,18.010000228881836,18.200000762939453,17.969999313354492,18.09000015258789,6926100
2019-03-27,18.1200008392334,18.170000076293945,18.059999465942383,18.139999389648438,7301800
2019-03-28,17.989999771118164,18.09000015258789,17.940000534057617,18.079999923706055,4559900
2019-03-29,18.100000381469727,18.100000381469727,17.969999313354492,18.0,4787800
2019-04-01,18.010000228881836,18.149999618530273,17.969999313354492,18.149999618530273,4570200
2019-04-02,18.139999389648438,18.149999618530273,18.020000457763672,18.110000610351562,2886700
2019-04-03,18.110000610351562,18.149999618530273,17.979999542236328,18.0,3509500
2019-04-04,18.040000915527344,18.139999389648438,18.020000457763672,18.1299991607666,3290400
2019-04-05,18.1299991607666,18.149999618530273,18.010000228881836,18.059999465942383,3509300
2019-04-08,18.059999465942383,18.18000030517578,18.059999465942383,18.149999618530273,3789200
2019-04-09,18.1299991607666,18.18000030517578,18.09000015258789,18.100000381469727,2882700
2019-04-10,18.100000381469727,18.139999389648438,18.09000015258789,18.09000015258789,1986100
2019-04-11,18.1200008392334,18.15999984741211,18.100000381469727,18.149999618530273,2583600
2019-04-12,18.170000076293945,18.200000762939453,18.110000610351562,18.190000534057617,2150000
2019-04-15,18.190000534057617,18.280000686645508,18.170000076293945,18.170000076293945,3025900
2019-04-16,18.200000762939453,18.239999771118164,18.1299991607666,18.1299991607666,3515100
2019-04-17,18.15999984741211,18.200000762939453,18.1200008392334,18.149999618530273,2506100
2019-04-18,18.190000534057617,18.200000762939453,18.06999969482422,18.079999923706055,3917700
2019-04-22,18.100000381469727,18.18000030517578,18.09000015258789,18.170000076293945,2707000
2019-04-23,18.15999984741211,18.219999313354492,18.139999389648438,18.15999984741211,3389600
2019-04-24,18.190000534057617,18.290000915527344,18.18000030517578,18.280000686645508,5322600
2019-04-25,17.979999542236328,17.979999542236328,17.75,17.790000915527344,18925300
2019-04-26,17.780000686645508,18.010000228881836,17.770000457763672,17.969999313354492,7433300
2019-04-29,17.81999969482422,17.84000015258789,17.700000762939453,17.709999084472656,6516600
2019-04-30,17.700000762939453,17.790000915527344,17.6200008392334,17.790000915527344,5835800
2019-05-01,17.780000686645508,17.8799991607666,17.59000015258789,17.600000381469727,5765900
2019-05-02,17.610000610351562,17.639999389648438,17.510000228881836,17.549999237060547,7126900
2019-05-03,17.549999237060547,17.600000381469727,17.5,17.530000686645508,4518900
2019-05-06,17.5,17.59000015258789,17.440000534057617,17.489999771118164,5497700
2019-05-07,17.489999771118164,17.649999618530273,17.479999542236328,17.600000381469727,6924300
2019-05-08,17.56999969482422,17.600000381469727,17.479999542236328,17.479999542236328,4804300
2019-05-09,17.469999313354492,17.479999542236328,17.350000381469727,17.399999618530273,5985000
2019-05-10,17.420000076293945,17.56999969482422,17.399999618530273,17.540000915527344,4298600
2019-05-13,17.540000915527344,17.56999969482422,17.399999618530273,17.43000030517578,4781500
2019-05-14,17.450000762939453,17.56999969482422,17.389999389648438,17.530000686645508,5302700
2019-05-15,17.530000686645508,17.600000381469727,17.459999084472656,17.489999771118164,3497400
2019-05-16,17.489999771118164,17.559999465942383,17.469999313354492,17.549999237060547,2458400
2019-05-17,17.450000762939453,17.5,17.3700008392334,17.3700008392334,5190400
2019-05-20,17.3700008392334,17.3799991607666,17.0,17.010000228881836,7496000
2019-05-21,17.030000686645508,17.09000015258789,16.860000610351562,16.989999771118164,7872400
2019-05-22,16.969999313354492,17.06999969482422,16.93000030517578,17.049999237060547,5018800
2019-05-23,17.010000228881836,17.06999969482422,16.950000762939453,17.030000686645508,5433700
2019-05-24,17.049999237060547,17.110000610351562,17.010000228881836,17.040000915527344,3140100
2019-05-28,17.06999969482422,17.09000015258789,16.8700008392334,16.8700008392334,9855600
2019-05-29,16.8799991607666,16.90999984741211,16.610000610351562,16.84000015258789,6311200
2019-05-30,16.770000457763672,16.809999465942383,16.469999313354492,16.520000457763672,5790100
2019-05-31,16.450000762939453,16.459999084472656,16.190000534057617,16.399999618530273,6642300
2019-06-03,16.440000534057617,16.790000915527344,16.420000076293945,16.760000228881836,5192900
2019-06-04,16.770000457763672,16.969999313354492,16.709999084472656,16.950000762939453,7302800
2019-06-05,16.950000762939453,16.979999542236328,16.75,16.829999923706055,3802600
2019-06-06,16.8700008392334,16.899999618530273,16.700000762939453,16.889999389648438,3879000
2019-06-07,16.940000534057617,16.940000534057617,16.709999084472656,16.75,2783000
2019-06-10,16.75,16.8799991607666,16.610000610351562,16.790000915527344,4686700
2019-06-11,16.850000381469727,16.8700008392334,16.65999984741211,16.700000762939453,2921400
2019-06-12,16.719999313354492,16.829999923706055,16.700000762939453,16.75,3060900
2019-06-13,16.780000686645508,16.920000076293945,16.760000228881836,16.8799991607666,5389500
2019-06-14,16.860000610351562,16.93000030517578,16.850000381469727,16.8799991607666,3220700
2019-06-17,16.920000076293945,16.969999313354492,16.770000457763672,16.790000915527344,5564600
2019-06-18,16.81999969482422,16.950000762939453,16.709999084472656,16.739999771118164,7519100
2019-06-19,16.75,16.940000534057617,16.700000762939453,16.920000076293945,5295900
2019-06-20,16.920000076293945,16.93000030517578,16.760000228881836,16.84000015258789,7489500
2019-06-21,16.829999923706055,16.8700008392334,16.760000228881836,16.81999969482422,9171600
2019-06-24,16.809999465942383,16.90999984741211,16.709999084472656,16.829999923706055,5232200
2019-06-25,16.850000381469727,16.989999771118164,16.790000915527344,16.860000610351562,5824000
2019-06-26,16.899999618530273,16.93000030517578,16.760000228881836,16.770000457763672,5571700
2019-06-27,16.690000534057617,16.75,16.56999969482422,16.690000534057617,5765200
2019-06-28,16.770000457763672,16.84000015258789,16.700000762939453,16.81999969482422,6047000
2019-07-01,16.8700008392334,16.8799991607666,16.739999771118164,16.770000457763672,4569400
2019-07-02,16.75,16.809999465942383,16.719999313354492,16.780000686645508,3459000
2019-07-03,16.770000457763672,16.950000762939453,16.75,16.860000610351562,2975100
2019-07-05,16.860000610351562,17.0,16.75,17.0,3547300
2019-07-08,16.989999771118164,17.100000381469727,16.969999313354492,17.020000457763672,3537600
2019-07-09,17.0,17.079999923706055,16.989999771118164,17.06999969482422,3561500
2019-07-10,17.100000381469727,17.15999984741211,17.059999465942383,17.1299991607666,3322000
2019-07-11,17.15999984741211,17.239999771118164,17.079999923706055,17.149999618530273,5245000
2019-07-12,17.15999984741211,17.290000915527344,17.15999984741211,17.270000457763672,3055700
2019-07-15,17.299999237060547,17.3700008392334,17.290000915527344,17.34000015258789,3358300
2019-07-16,17.3799991607666,17.40999984741211,17.309999465942383,17.3700008392334,4331000
2019-07-17,17.3799991607666,17.40999984741211,17.309999465942383,17.3700008392334,3599800
2019-07-18,17.3700008392334,17.530000686645508,17.350000381469727,17.450000762939453,5038200
2019-07-19,17.450000762939453,17.469999313354492,17.31999969482422,17.34000015258789,4638300
2019-07-22,17.399999618530273,17.59000015258789,17.360000610351562,17.510000228881836,4238200
2019-07-23,17.510000228881836,17.600000381469727,17.469999313354492,17.540000915527344,4069800
2019-07-24,17.520000457763672,17.559999465942383,17.40999984741211,17.440000534057617,5361800
2019-07-25,17.360000610351562,17.5,17.15999984741211,17.200000762939453,9278800
2019-07-26,17.170000076293945,17.450000762939453,17.139999389648438,17.40999984741211,4959300
2019-07-29,17.43000030517578,17.489999771118164,17.399999618530273,17.440000534057617,3323700
2019-07-30,17.299999237060547,17.350000381469727,17.25,17.299999237060547,3250800
2019-07-31,17.280000686645508,17.3700008392334,17.110000610351562,17.139999389648438,5673100
2019-08-01,17.100000381469727,17.239999771118164,16.950000762939453,17.09000015258789,6568700
2019-08-02,17.06999969482422,17.229999542236328,17.040000915527344,17.190000534057617,4202200
2019-08-05,17.110000610351562,17.170000076293945,16.75,16.8700008392334,4996100
2019-08-06,16.899999618530273,17.0,16.81999969482422,17.0,5681300
2019-08-07,16.93000030517578,17.030000686645508,16.729999542236328,16.979999542236328,7107200
2019-08-08,16.989999771118164,17.219999313354492,16.920000076293945,17.18000030517578,4451100
2019-08-09,17.18000030517578,17.200000762939453,16.969999313354492,17.06999969482422,3092800
2019-08-12,17.049999237060547,17.079999923706055,16.829999923706055,16.850000381469727,4075800
2019-08-13,16.860000610351562,16.93000030517578,16.75,16.770000457763672,4302700
2019-08-14,16.700000762939453,16.700000762939453,16.170000076293945,16.170000076293945,8596400
2019-08-15,16.219999313354492,16.280000686645508,16.030000686645508,16.139999389648438,5334700
2019-08-16,16.200000762939453,16.31999969482422,16.1299991607666,16.229999542236328,4100300
2019-08-19,16.309999465942383,16.360000610351562,16.170000076293945,16.329999923706055,4223500
2019-08-20,16.299999237060547,16.360000610351562,16.200000762939453,16.209999084472656,3818100
2019-08-21,16.229999542236328,16.299999237060547,15.850000381469727,15.899999618530273,11380700
2019-08-22,15.949999809265137,15.970000267028809,15.819999694824219,15.899999618530273,4790300
2019-08-23,15.880000114440918,15.949999809265137,15.609999656677246,15.649999618530273,5076400
2019-08-26,15.65999984741211,15.739999771118164,15.479999542236328,15.550000190734863,4265500
2019-08-27,15.619999885559082,15.630000114440918,15.050000190734863,15.079999923706055,9868900
2019-08-28,15.020000457763672,15.170000076293945,14.90999984741211,15.029999732971191,6835200
2019-08-29,14.920000076293945,14.960000038146973,14.579999923706055,14.819999694824219,11443100
2019-08-30,14.84000015258789,14.9399995803833,14.779999732971191,14.869999885559082,7709100
2019-09-03,14.760000228881836,14.779999732971191,14.510000228881836,14.729999542236328,8672800
2019-09-04,14.720000267028809,14.949999809265137,14.720000267028809,14.880000114440918,6686200
2019-09-05,14.970000267028809,15.149999618530273,14.920000076293945,15.09000015258789,6491900
2019-09-06,15.079999923706055,15.109999656677246,14.819999694824219,15.0600004196167,10410000
2019-09-09,15.100000381469727,15.380000114440918,15.100000381469727,15.34000015258789,8108700
2019-09-10,15.369999885559082,15.75,15.369999885559082,15.720000267028809,12593200
2019-09-11,15.770000457763672,15.859999656677246,15.699999809265137,15.84000015258789,5846000
2019-09-12,15.770000457763672,15.880000114440918,15.600000381469727,15.640000343322754,4298300
2019-09-13,15.729999542236328,15.920000076293945,15.680000305175781,15.850000381469727,5735400
2019-09-16,15.800000190734863,15.880000114440918,15.640000343322754,15.779999732971191,4965300
2019-09-17,15.819999694824219,15.850000381469727,15.619999885559082,15.760000228881836,5859300
2019-09-18,15.800000190734863,15.899999618530273,15.729999542236328,15.880000114440918,4979900
2019-09-19,15.890000343322754,16.15999984741211,15.890000343322754,16.09000015258789,6611200
2019-09-20,16.09000015258789,16.290000915527344,16.040000915527344,16.260000228881836,8944700
2019-09-23,16.25,16.399999618530273,16.18000030517578,16.309999465942383,5938700
2019-09-24,16.31999969482422,16.450000762939453,16.030000686645508,16.079999923706055,4774900
2019-09-25,16.06999969482422,16.239999771118164,16.020000457763672,16.18000030517578,3076000
2019-09-26,16.18000030517578,16.280000686645508,16.110000610351562,16.209999084472656,4050800
2019-09-27,16.100000381469727,16.149999618530273,15.970000267028809,16.020000457763672,3064100
2019-09-30,16.020000457763672,16.1200008392334,15.9399995803833,16.09000015258789,4531400
2019-10-01,16.049999237060547,16.139999389648438,15.649999618530273,15.8100004196167,5780800
2019-10-02,15.779999732971191,15.819999694824219,15.600000381469727,15.819999694824219,5277200
2019-10-03,15.829999923706055,15.960000038146973,15.729999542236328,15.890000343322754,4412700
2019-10-04,15.899999618530273,16.040000915527344,15.890000343322754,16.040000915527344,3067600
2019-10-07,16.040000915527344,16.139999389648438,15.9399995803833,16.020000457763672,2607800
2019-10-08,15.960000038146973,16.020000457763672,15.880000114440918,15.899999618530273,3555400
2019-10-09,15.989999771118164,16.059999465942383,15.90999984741211,15.989999771118164,2606100
2019-10-10,15.979999542236328,16.1299991607666,15.949999809265137,16.059999465942383,2339800
2019-10-11,16.100000381469727,16.309999465942383,16.059999465942383,16.260000228881836,4023100
2019-10-14,16.209999084472656,16.25,16.110000610351562,16.18000030517578,1734000
2019-10-15,16.18000030517578,16.3700008392334,16.110000610351562,16.1200008392334,3486800
2019-10-16,16.190000534057617,16.209999084472656,16.110000610351562,16.200000762939453,2986100
2019-10-17,16.260000228881836,16.34000015258789,16.239999771118164,16.34000015258789,2428400
2019-10-18,16.3799991607666,16.520000457763672,16.329999923706055,16.43000030517578,3721300
2019-10-21,16.5,16.65999984741211,16.459999084472656,16.649999618530273,3539900
2019-10-22,16.610000610351562,16.670000076293945,16.5,16.639999389648438,2664500
2019-10-23,16.639999389648438,16.780000686645508,16.579999923706055,16.780000686645508,2785500
2019-10-24,16.75,16.780000686645508,16.559999465942383,16.600000381469727,3065400
2019-10-25,16.59000015258789,16.6299991607666,16.520000457763672,16.540000915527344,2760300
2019-10-28,16.6299991607666,16.700000762939453,16.559999465942383,16.65999984741211,4739600
2019-10-29,16.65999984741211,16.700000762939453,16.56999969482422,16.649999618530273,5466500
2019-10-30,16.450000762939453,16.530000686645508,16.40999984741211,16.479999542236328,3871800
2019-10-31,16.559999465942383,17.290000915527344,16.549999237060547,17.049999237060547,11774400
2019-11-01,17.049999237060547,17.15999984741211,16.889999389648438,16.959999084472656,5008400
2019-11-04,17.040000915527344,17.139999389648438,17.0,17.020000457763672,4123300
2019-11-05,17.030000686645508,17.079999923706055,16.969999313354492,16.979999542236328,4422200
2019-11-06,16.950000762939453,17.149999618530273,16.850000381469727,17.110000610351562,6679200
2019-11-07,17.15999984741211,17.229999542236328,17.040000915527344,17.200000762939453,4292200
2019-11-08,17.170000076293945,17.34000015258789,17.139999389648438,17.309999465942383,4875800
2019-11-11,17.31999969482422,17.440000534057617,17.290000915527344,17.350000381469727,5094700
2019-11-12,17.399999618530273,17.43000030517578,17.270000457763672,17.309999465942383,4331400
2019-11-13,17.260000228881836,17.40999984741211,17.229999542236328,17.399999618530273,3987100
2019-11-14,17.3700008392334,17.399999618530273,17.219999313354492,17.260000228881836,3706200
2019-11-15,17.299999237060547,17.3799991607666,17.229999542236328,17.350000381469727,2248600
2019-11-18,17.360000610351562,17.520000457763672,17.31999969482422,17.420000076293945,4097200
2019-11-19,17.440000534057617,17.469999313354492,17.290000915527344,17.299999237060547,4669700
2019-11-20,17.290000915527344,17.360000610351562,17.229999542236328,17.309999465942383,4790300
2019-11-21,17.350000381469727,17.360000610351562,17.200000762939453,17.239999771118164,4195200
2019-11-22,17.280000686645508,17.329999923706055,17.239999771118164,17.31999969482422,3569700
2019-11-25,17.420000076293945,17.420000076293945,17.260000228881836,17.389999389648438,4230400
2019-11-26,17.3799991607666,17.459999084472656,17.31999969482422,17.459999084472656,6085800
2019-11-27,17.309999465942383,17.34000015258789,17.229999542236328,17.309999465942383,4416400
2019-11-29,17.25,17.350000381469727,17.25,17.31999969482422,2094900
2019-12-02,17.309999465942383,17.489999771118164,17.290000915527344,17.360000610351562,5399500
2019-12-03,17.260000228881836,17.350000381469727,17.209999084472656,17.299999237060547,4569100
2019-12-04,17.299999237060547,17.31999969482422,17.219999313354492,17.219999313354492,3996300
2019-12-05,17.25,17.25,17.15999984741211,17.209999084472656,3220900
2019-12-06,17.260000228881836,17.34000015258789,17.219999313354492,17.309999465942383,3242200
2019-12-09,17.34000015258789,17.389999389648438,17.270000457763672,17.329999923706055,2654800
2019-12-10,17.350000381469727,17.3799991607666,17.25,17.309999465942383,3414900
2019-12-11,17.270000457763672,17.420000076293945,17.239999771118164,17.34000015258789,4276200
2019-12-12,17.350000381469727,17.479999542236328,17.34000015258789,17.450000762939453,3381400
2019-12-13,17.399999618530273,17.520000457763672,17.389999389648438,17.510000228881836,3388200
2019-12-16,17.530000686645508,17.559999465942383,17.3799991607666,17.389999389648438,4239300
2019-12-17,17.459999084472656,17.700000762939453,17.450000762939453,17.6200008392334,5841000
2019-12-18,17.68000030517578,17.690000534057617,17.579999923706055,17.68000030517578,3773400
2019-12-19,17.65999984741211,17.850000381469727,17.600000381469727,17.690000534057617,6485000
2019-12-20,17.729999542236328,17.84000015258789,17.670000076293945,17.709999084472656,8026900
2019-12-23,17.729999542236328,17.799999237060547,17.690000534057617,17.719999313354492,4805400
2019-12-24,17.75,17.8799991607666,17.709999084472656,17.8700008392334,1802700
2019-12-26,17.850000381469727,18.040000915527344,17.850000381469727,18.020000457763672,2835400
2019-12-27,18.030000686645508,18.09000015258789,18.010000228881836,18.030000686645508,3762700
2019-12-30,17.940000534057617,17.940000534057617,17.700000762939453,17.709999084472656,3429800
2019-12-31,17.700000762939453,17.760000228881836,17.639999389648438,17.68000030517578,3139500
2020-01-02,17.709999084472656,17.780000686645508,17.6299991607666,17.780000686645508,3083800
2020-01-03,17.75,17.780000686645508,17.690000534057617,17.729999542236328,2830400
2020-01-06,17.75,17.770000457763672,17.690000534057617,17.729999542236328,5071300
2020-01-07,17.780000686645508,17.940000534057617,17.690000534057617,17.93000030517578,7366300
2020-01-08,17.84000015258789,18.030000686645508,17.81999969482422,17.8799991607666,5709900
2020-01-09,17.889999389648438,18.09000015258789,17.829999923706055,17.940000534057617,6355400
2020-01-10,18.030000686645508,18.09000015258789,17.959999084472656,17.959999084472656,3567600
2020-01-13,17.979999542236328,18.049999237060547,17.969999313354492,18.030000686645508,4227300
2020-01-14,18.049999237060547,18.1200008392334,18.040000915527344,18.100000381469727,3562700
2020-01-15,18.1200008392334,18.280000686645508,18.100000381469727,18.15999984741211,5389800
2020-01-16,18.25,18.309999465942383,18.15999984741211,18.209999084472656,3513800
2020-01-17,18.239999771118164,18.270000457763672,18.110000610351562,18.25,5443400
2020-01-21,18.290000915527344,18.489999771118164,18.280000686645508,18.469999313354492,6464300
2020-01-22,18.459999084472656,18.530000686645508,18.350000381469727,18.360000610351562,4368300
2020-01-23,18.3799991607666,18.450000762939453,18.329999923706055,18.43000030517578,3771300
2020-01-24,18.420000076293945,18.479999542236328,18.260000228881836,18.350000381469727,4096200
2020-01-27,18.299999237060547,18.31999969482422,18.219999313354492,18.270000457763672,4961300
2020-01-28,18.31999969482422,18.469999313354492,18.299999237060547,18.40999984741211,4687300
2020-01-29,18.450000762939453,18.760000228881836,18.43000030517578,18.739999771118164,8514500
2020-01-30,18.68000030517578,18.729999542236328,18.440000534057617,18.479999542236328,9795900
2020-01-31,18.479999542236328,18.670000076293945,18.479999542236328,18.59000015258789,7519500
2020-02-03,18.56999969482422,18.739999771118164,18.549999237060547,18.6299991607666,6680600
2020-02-04,18.700000762939453,18.8700008392334,18.6200008392334,18.790000915527344,10155000
2020-02-05,18.84000015258789,19.239999771118164,18.799999237060547,19.200000762939453,8526300
2020-02-06,19.18000030517578,19.3799991607666,19.170000076293945,19.219999313354492,7494000
2020-02-07,19.229999542236328,19.270000457763672,19.110000610351562,19.190000534057617,5977500
2020-02-10,19.350000381469727,19.350000381469727,18.959999084472656,19.030000686645508,6935300
2020-02-11,19.059999465942383,19.09000015258789,18.899999618530273,18.979999542236328,5555300
2020-02-12,18.959999084472656,19.15999984741211,18.940000534057617,18.989999771118164,5476800
2020-02-13,19.030000686645508,19.1299991607666,19.010000228881836,19.1200008392334,5006200
2020-02-14,19.149999618530273,19.360000610351562,19.139999389648438,19.34000015258789,3762600
2020-02-18,19.34000015258789,19.540000915527344,19.270000457763672,19.540000915527344,7572200
2020-02-19,19.540000915527344,19.6200008392334,19.420000076293945,19.440000534057617,7002700
2020-02-20,19.440000534057617,19.6200008392334,19.43000030517578,19.6200008392334,5574800
2020-02-21,19.579999923706055,19.649999618530273,19.260000228881836,19.260000228881836,8569400
2020-02-24,18.93000030517578,19.15999984741211,18.75,19.09000015258789,9208600
2020-02-25,19.059999465942383,19.149999618530273,18.459999084472656,18.510000228881836,13018600
2020-02-26,18.510000228881836,18.8700008392334,18.3700008392334,18.440000534057617,10163900
2020-02-27,18.1299991607666,18.149999618530273,17.43000030517578,17.56999969482422,17158500
2020-02-28,16.969999313354492,17.200000762939453,16.469999313354492,17.040000915527344,19279400
2020-03-02,17.290000915527344,18.149999618530273,17.18000030517578,18.149999618530273,16209500
2020-03-03,18.1200008392334,18.649999618530273,17.68000030517578,17.8799991607666,10664600
2020-03-04,18.229999542236328,18.579999923706055,17.979999542236328,18.239999771118164,12393800
2020-03-05,18.020000457763672,18.079999923706055,17.649999618530273,17.700000762939453,9208800
2020-03-06,17.229999542236328,17.360000610351562,16.649999618530273,17.100000381469727,19461800
2020-03-09,16.030000686645508,16.229999542236328,15.430000305175781,15.59000015258789,12989100
2020-03-10,16.149999618530273,16.260000228881836,15.109999656677246,15.40999984741211,13684400
2020-03-11,15.09000015258789,15.15999984741211,14.289999961853027,14.390000343322754,19354300
2020-03-12,12.609999656677246,12.649999618530273,11.289999961853027,11.5600004196167,19307700
2020-03-13,12.920000076293945,13.170000076293945,11.0,12.010000228881836,17265500
2020-03-16,11.399999618530273,13.430000305175781,11.0600004196167,11.8100004196167,26205800
2020-03-17,12.119999885559082,12.289999961853027,11.199999809265137,11.8100004196167,24951800
2020-03-18,11.1899995803833,11.350000381469727,6.25,9.729999542236328,33698100
2020-03-19,9.5,10.149999618530273,8.119999885559082,9.380000114440918,16624700
2020-03-20,9.550000190734863,10.579999923706055,9.5,9.829999923706055,20127700
2020-03-23,9.850000381469727,10.8100004196167,9.149999618530273,10.4399995803833,25317500
2020-03-24,10.970000267028809,12.319999694824219,10.460000038146973,11.109999656677246,24260900
2020-03-25,11.619999885559082,13.829999923706055,11.4399995803833,12.5,22942700
2020-03-26,13.100000381469727,14.4399995803833,12.710000038146973,13.449999809265137,18514900
2020-03-27,12.90999984741211,13.59000015258789,12.649999618530273,13.149999618530273,13798600
2020-03-30,12.850000381469727,12.859999656677246,11.59000015258789,11.680000305175781,17377000
2020-03-31,11.550000190734863,11.649999618530273,10.109999656677246,10.579999923706055,20349200
2020-04-01,10.09000015258789,10.279999732971191,9.380000114440918,9.489999771118164,15587000
2020-04-02,9.600000381469727,10.130000114440918,9.510000228881836,9.800000190734863,12626800
2020-04-03,9.729999542236328,9.920000076293945,8.819999694824219,9.510000228881836,18763100
2020-04-06,10.460000038146973,10.5,9.8100004196167,10.380000114440918,14848400
2020-04-07,11.1899995803833,11.420000076293945,10.479999542236328,10.510000228881836,16965800
2020-04-08,11.140000343322754,11.65999984741211,10.800000190734863,11.270000457763672,19503000
2020-04-09,12.199999809265137,12.75,11.640000343322754,12.210000038146973,25458400
2020-04-13,12.239999771118164,12.529999732971191,11.859999656677246,12.180000305175781,10421400
2020-04-14,12.359999656677246,12.470000267028809,11.609999656677246,11.819999694824219,11619000
2020-04-15,11.390000343322754,11.699999809265137,11.149999618530273,11.479999542236328,11410700
2020-04-16,11.600000381469727,12.079999923706055,11.319999694824219,11.649999618530273,11217100
2020-04-17,12.149999618530273,12.300000190734863,11.739999771118164,12.270000457763672,13244300
2020-04-20,11.90999984741211,12.34000015258789,11.819999694824219,11.979999542236328,10599300
2020-04-21,11.699999809265137,12.5,11.609999656677246,12.359999656677246,11371600
2020-04-22,12.5600004196167,12.600000381469727,12.069999694824219,12.199999809265137,7629300
2020-04-23,12.34000015258789,12.5600004196167,12.119999885559082,12.359999656677246,7221600
2020-04-24,12.350000381469727,12.4399995803833,11.960000038146973,12.130000114440918,10685800
2020-04-27,12.180000305175781,12.460000038146973,11.890000343322754,12.3100004196167,9178300
2020-04-28,12.739999771118164,13.100000381469727,12.40999984741211,12.6899995803833,15580700
2020-04-29,13.029999732971191,13.0600004196167,12.550000190734863,12.739999771118164,11458000
2020-04-30,12.949999809265137,13.289999961853027,12.350000381469727,12.420000076293945,16463800
2020-05-01,12.210000038146973,12.449999809265137,12.149999618530273,12.270000457763672,9761800
2020-05-04,12.199999809265137,12.489999771118164,12.029999732971191,12.40999984741211,9087000
2020-05-05,12.630000114440918,12.930000305175781,12.59000015258789,12.779999732971191,9811500
2020-05-06,12.819999694824219,12.979999542236328,12.470000267028809,12.489999771118164,8234300
2020-05-07,12.640000343322754,12.729999542236328,12.350000381469727,12.569999694824219,10555300
2020-05-08,12.75,12.819999694824219,12.609999656677246,12.710000038146973,7021700
2020-05-11,12.600000381469727,12.670000076293945,12.300000190734863,12.3100004196167,6502000
2020-05-12,12.390000343322754,12.399999618530273,12.020000457763672,12.039999961853027,7253600
2020-05-13,12.0,12.079999923706055,11.539999961853027,11.729999542236328,13316500
2020-05-14,11.5,12.430000305175781,11.40999984741211,12.40999984741211,8659000
2020-05-15,12.3100004196167,12.670000076293945,12.170000076293945,12.4399995803833,9399500
2020-05-18,12.859999656677246,12.979999542236328,12.520000457763672,12.899999618530273,11448100
2020-05-19,12.880000114440918,13.180000305175781,12.779999732971191,12.989999771118164,7556700
2020-05-20,13.1899995803833,13.300000190734863,12.970000267028809,13.25,12145300
2020-05-21,13.239999771118164,13.239999771118164,12.899999618530273,13.050000190734863,9099800
2020-05-22,13.15999984741211,13.1899995803833,12.890000343322754,13.170000076293945,7974000
2020-05-26,13.470000267028809,13.59000015258789,13.329999923706055,13.420000076293945,9789700
2020-05-27,13.609999656677246,13.619999885559082,13.130000114440918,13.489999771118164,10330300
2020-05-28,13.420000076293945,13.479999542236328,13.079999923706055,13.09000015258789,9537300
2020-05-29,13.069999694824219,13.220000267028809,12.819999694824219,12.9399995803833,41191700
2020-06-01,12.949999809265137,13.279999732971191,12.8100004196167,13.15999984741211,10036000
2020-06-02,13.239999771118164,13.329999923706055,12.949999809265137,13.0,10047800
2020-06-03,13.15999984741211,13.4399995803833,13.149999618530273,13.319999694824219,12182200
2020-06-04,13.270000457763672,14.039999961853027,13.220000267028809,13.890000343322754,16610900
2020-06-05,14.369999885559082,14.550000190734863,13.430000305175781,13.489999771118164,18129100
2020-06-08,13.819999694824219,14.25,13.75,14.25,16607700
2020-06-09,14.0,14.239999771118164,13.800000190734863,13.90999984741211,9371200
2020-06-10,14.0,14.0,13.270000457763672,13.420000076293945,13091800
2020-06-11,13.229999542236328,13.229999542236328,12.859999656677246,12.960000038146973,14846100
2020-06-12,13.399999618530273,13.670000076293945,13.140000343322754,13.609999656677246,11005600
2020-06-15,13.199999809265137,13.609999656677246,13.050000190734863,13.489999771118164,8525800
2020-06-16,13.829999923706055,13.84000015258789,13.279999732971191,13.470000267028809,8530300
2020-06-17,13.470000267028809,13.6899995803833,13.319999694824219,13.350000381469727,6074800
2020-06-18,13.300000190734863,13.380000114440918,13.079999923706055,13.1899995803833,7088600
2020-06-19,13.369999885559082,13.4399995803833,12.869999885559082,12.890000343322754,12870100
2020-06-22,12.970000267028809,13.020000457763672,12.670000076293945,12.989999771118164,7201600
2020-06-23,13.130000114440918,13.130000114440918,12.949999809265137,13.039999961853027,4804000
2020-06-24,12.979999542236328,13.069999694824219,12.430000305175781,12.819999694824219,8481300
2020-06-25,12.699999809265137,13.229999542236328,12.600000381469727,13.1899995803833,9151400
2020-06-26,13.100000381469727,13.170000076293945,12.720000267028809,12.760000228881836,8171100
2020-06-29,12.699999809265137,13.079999923706055,12.550000190734863,12.930000305175781,6826000
2020-06-30,12.880000114440918,13.039999961853027,12.739999771118164,12.899999618530273,13980000
2020-07-01,12.899999618530273,13.25,12.829999923706055,12.850000381469727,5894800
2020-07-02,13.0,13.069999694824219,12.6899995803833,12.720000267028809,5133700
2020-07-06,12.84000015258789,12.970000267028809,12.770000457763672,12.930000305175781,5256100
2020-07-07,12.890000343322754,12.979999542236328,12.789999961853027,12.819999694824219,4587200
2020-07-08,12.819999694824219,13.0,12.770000457763672,12.989999771118164,4289100
2020-07-09,12.979999542236328,12.989999771118164,12.619999885559082,12.670000076293945,10331200
2020-07-10,12.6899995803833,12.75,12.449999809265137,12.710000038146973,12676700
2020-07-13,12.710000038146973,12.800000190734863,12.579999923706055,12.6899995803833,11050400
2020-07-14,12.699999809265137,13.020000457763672,12.569999694824219,12.979999542236328,6578200
2020-07-15,13.109999656677246,13.40999984741211,13.029999732971191,13.399999618530273,12799600
2020-07-16,13.399999618530273,13.579999923706055,13.279999732971191,13.430000305175781,7095200
2020-07-17,13.420000076293945,13.520000457763672,13.289999961853027,13.369999885559082,6605500
2020-07-20,13.329999923706055,13.520000457763672,13.329999923706055,13.430000305175781,6335300
2020-07-21,13.5600004196167,13.649999618530273,13.40999984741211,13.579999923706055,5208100
2020-07-22,13.489999771118164,13.739999771118164,13.489999771118164,13.609999656677246,5921700
2020-07-23,13.600000381469727,13.8100004196167,13.470000267028809,13.489999771118164,6069800
2020-07-24,13.630000114440918,13.680000305175781,13.470000267028809,13.520000457763672,5904600
2020-07-27,13.550000190734863,13.770000457763672,13.489999771118164,13.710000038146973,8350500
2020-07-28,13.8100004196167,13.850000381469727,13.5600004196167,13.569999694824219,12488400
2020-07-29,13.729999542236328,13.859999656677246,13.699999809265137,13.770000457763672,9133600
2020-07-30,13.649999618530273,13.75,13.510000228881836,13.619999885559082,6182900
2020-07-31,13.619999885559082,13.680000305175781,13.460000038146973,13.600000381469727,15382100
2020-08-03,13.359999656677246,13.800000190734863,13.350000381469727,13.739999771118164,7406200
2020-08-04,13.770000457763672,13.770000457763672,13.479999542236328,13.5600004196167,6257800
2020-08-05,13.640000343322754,13.800000190734863,13.569999694824219,13.739999771118164,5200800
2020-08-06,13.680000305175781,13.779999732971191,13.579999923706055,13.619999885559082,3808100
2020-08-07,13.579999923706055,13.680000305175781,13.539999961853027,13.630000114440918,5031700
2020-08-10,13.649999618530273,13.979999542236328,13.649999618530273,13.890000343322754,6745200
2020-08-11,14.0,14.029999732971191,13.739999771118164,13.770000457763672,7989600
2020-08-12,13.859999656677246,13.920000076293945,13.569999694824219,13.649999618530273,5781800
2020-08-13,13.649999618530273,13.920000076293945,13.630000114440918,13.720000267028809,6229700
2020-08-14,13.75,13.90999984741211,13.649999618530273,13.880000114440918,5407500
2020-08-17,13.84000015258789,13.90999984741211,13.75,13.800000190734863,6396200
2020-08-18,13.829999923706055,13.979999542236328,13.789999961853027,13.880000114440918,6522800
2020-08-19,13.869999885559082,14.039999961853027,13.770000457763672,13.9399995803833,6309300
2020-08-20,13.899999618530273,14.029999732971191,13.829999923706055,13.9399995803833,6686700
2020-08-21,13.920000076293945,14.050000190734863,13.880000114440918,14.010000228881836,5440200
2020-08-24,14.039999961853027,14.369999885559082,13.960000038146973,14.25,6527900
2020-08-25,14.25,14.3100004196167,14.0,14.170000076293945,5384300
2020-08-26,14.170000076293945,14.199999809265137,14.029999732971191,14.050000190734863,4680700
2020-08-27,14.0600004196167,14.25,14.050000190734863,14.09000015258789,6230100
2020-08-28,14.050000190734863,14.1899995803833,13.979999542236328,14.140000343322754,3785100
2020-08-31,14.130000114440918,14.239999771118164,13.989999771118164,14.109999656677246,5442600
2020-09-01,14.100000381469727,14.199999809265137,14.029999732971191,14.079999923706055,5736800
2020-09-02,14.039999961853027,14.079999923706055,13.880000114440918,13.989999771118164,11906200
2020-09-03,14.050000190734863,14.09000015258789,13.739999771118164,13.829999923706055,8653900
2020-09-04,13.880000114440918,14.039999961853027,13.600000381469727,13.84000015258789,6919000
2020-09-08,13.859999656677246,14.420000076293945,13.75,14.15999984741211,16317000
2020-09-09,14.220000267028809,14.359999656677246,14.109999656677246,14.199999809265137,5497500
2020-09-10,14.270000457763672,14.34000015258789,14.149999618530273,14.210000038146973,6921800
2020-09-11,14.220000267028809,14.239999771118164,13.899999618530273,14.109999656677246,6970500
2020-09-14,14.239999771118164,14.640000343322754,14.180000305175781,14.569999694824219,7549500
2020-09-15,14.609999656677246,14.649999618530273,14.430000305175781,14.5,5892600
2020-09-16,14.550000190734863,14.729999542236328,14.489999771118164,14.609999656677246,4735100
2020-09-17,14.5,14.6899995803833,14.4399995803833,14.600000381469727,4880100
2020-09-18,14.569999694824219,14.699999809265137,14.470000267028809,14.510000228881836,9243500
2020-09-21,14.350000381469727,14.510000228881836,14.1899995803833,14.289999961853027,7313800
2020-09-22,14.3100004196167,14.40999984741211,14.229999542236328,14.270000457763672,5467600
2020-09-23,14.279999732971191,14.420000076293945,13.970000267028809,13.979999542236328,6708300
2020-09-24,13.9399995803833,14.149999618530273,13.529999732971191,13.859999656677246,11484500
2020-09-25,13.899999618530273,14.050000190734863,13.8100004196167,14.0,6885900
2020-09-28,14.140000343322754,14.399999618530273,14.130000114440918,14.270000457763672,6640300
2020-09-29,14.180000305175781,14.1899995803833,13.869999885559082,13.920000076293945,6430700
2020-09-30,13.970000267028809,14.0600004196167,13.880000114440918,13.90999984741211,7485600
2020-10-01,13.949999809265137,13.949999809265137,13.720000267028809,13.899999618530273,6457000
2020-10-02,13.710000038146973,14.010000228881836,13.680000305175781,13.9399995803833,6895100
2020-10-05,14.010000228881836,14.100000381469727,13.949999809265137,14.0,4687600
2020-10-06,14.020000457763672,14.170000076293945,13.90999984741211,13.9399995803833,6281400
2020-10-07,14.0600004196167,14.069999694824219,13.850000381469727,13.989999771118164,6107900
2020-10-08,14.069999694824219,14.289999961853027,14.039999961853027,14.220000267028809,11409100
2020-10-09,14.270000457763672,14.329999923706055,14.039999961853027,14.069999694824219,3904300
2020-10-12,14.100000381469727,14.199999809265137,14.010000228881836,14.1899995803833,5425900
2020-10-13,14.140000343322754,14.170000076293945,13.970000267028809,14.029999732971191,4203800
2020-10-14,14.069999694824219,14.289999961853027,14.039999961853027,14.119999885559082,4630000
2020-10-15,14.100000381469727,14.199999809265137,14.039999961853027,14.180000305175781,3573400
2020-10-16,14.130000114440918,14.220000267028809,14.069999694824219,14.109999656677246,3969300
2020-10-19,14.199999809265137,14.229999542236328,14.010000228881836,14.029999732971191,5978000
2020-10-20,14.180000305175781,14.1899995803833,14.029999732971191,14.029999732971191,4467300
2020-10-21,14.029999732971191,14.050000190734863,13.869999885559082,13.869999885559082,8095200
2020-10-22,13.899999618530273,14.0,13.869999885559082,13.989999771118164,5531200
2020-10-23,14.069999694824219,14.289999961853027,14.029999732971191,14.1899995803833,4317900
2020-10-26,14.100000381469727,14.149999618530273,13.90999984741211,14.09000015258789,6125200
2020-10-27,14.229999542236328,14.4399995803833,14.069999694824219,14.25,7367100
2020-10-28,14.140000343322754,14.270000457763672,14.0,14.029999732971191,8360300
2020-10-29,13.949999809265137,14.1899995803833,13.720000267028809,14.100000381469727,8256800
2020-10-30,14.010000228881836,14.100000381469727,13.869999885559082,13.970000267028809,7785800
2020-11-02,14.0,14.170000076293945,13.949999809265137,13.989999771118164,9001100
2020-11-03,14.0600004196167,14.149999618530273,13.930000305175781,13.9399995803833,6564800
2020-11-04,14.029999732971191,14.289999961853027,13.920000076293945,14.069999694824219,12919300
2020-11-05,14.170000076293945,14.279999732971191,14.09000015258789,14.239999771118164,5087900
2020-11-06,14.229999542236328,14.270000457763672,14.039999961853027,14.109999656677246,6390600
2020-11-09,14.390000343322754,14.520000457763672,14.140000343322754,14.149999618530273,13363000
2020-11-10,14.3100004196167,14.899999618530273,14.170000076293945,14.859999656677246,17959000
2020-11-11,14.869999885559082,14.899999618530273,14.40999984741211,14.520000457763672,8131000
2020-11-12,14.5,14.670000076293945,14.4399995803833,14.529999732971191,5937500
2020-11-13,14.800000190734863,14.899999618530273,14.65999984741211,14.869999885559082,6131100
2020-11-16,15.0600004196167,15.109999656677246,14.960000038146973,15.0600004196167,7166100
2020-11-17,15.010000228881836,15.25,14.979999542236328,15.220000267028809,5411000
2020-11-18,15.25,15.619999885559082,15.220000267028809,15.25,7611700
2020-11-19,15.289999961853027,15.289999961853027,14.949999809265137,15.09000015258789,5423900
2020-11-20,15.100000381469727,15.300000190734863,15.069999694824219,15.210000038146973,4404200
2020-11-23,15.380000114440918,15.5,15.260000228881836,15.449999809265137,8235200
2020-11-24,15.729999542236328,15.84000015258789,15.569999694824219,15.699999809265137,10261400
2020-11-25,15.800000190734863,15.800000190734863,15.470000267028809,15.649999618530273,7228100
2020-11-27,15.600000381469727,15.640000343322754,15.449999809265137,15.569999694824219,5252900
2020-11-30,15.600000381469727,15.600000381469727,15.1899995803833,15.279999732971191,10464600
2020-12-01,15.489999771118164,15.65999984741211,15.289999961853027,15.34000015258789,6343600
2020-12-02,15.3100004196167,15.470000267028809,15.229999542236328,15.319999694824219,5494900
2020-12-03,15.359999656677246,15.569999694824219,15.319999694824219,15.40999984741211,4349000
2020-12-04,15.520000457763672,15.630000114440918,15.460000038146973,15.539999961853027,5029200
2020-12-07,15.520000457763672,15.569999694824219,15.390000343322754,15.479999542236328,4555900
2020-12-08,15.460000038146973,15.699999809265137,15.4399995803833,15.59000015258789,5461600
2020-12-09,15.729999542236328,15.800000190734863,15.5,15.600000381469727,4765400
2020-12-10,15.510000228881836,15.539999961853027,15.390000343322754,15.5,4586300
2020-12-11,15.399999618530273,15.449999809265137,15.279999732971191,15.319999694824219,6053300
2020-12-14,15.510000228881836,15.520000457763672,15.25,15.300000190734863,6184100
2020-12-15,15.329999923706055,15.4399995803833,15.300000190734863,15.430000305175781,5863700
2020-12-16,15.489999771118164,15.489999771118164,15.369999885559082,15.430000305175781,6440000
2020-12-17,15.5,15.510000228881836,15.369999885559082,15.460000038146973,4660600
2020-12-18,15.489999771118164,15.510000228881836,15.359999656677246,15.420000076293945,9007600
2020-12-21,15.34000015258789,15.4399995803833,15.170000076293945,15.430000305175781,6911500
2020-12-22,15.4399995803833,15.479999542236328,15.319999694824219,15.430000305175781,4872700
2020-12-23,15.449999809265137,15.770000457763672,15.449999809265137,15.670000076293945,7146000
2020-12-24,15.75,15.760000228881836,15.479999542236328,15.569999694824219,3246900
2020-12-28,15.680000305175781,15.8100004196167,15.630000114440918,15.640000343322754,5736300
2020-12-29,15.710000038146973,15.710000038146973,15.470000267028809,15.579999923706055,6684700
2020-12-30,15.460000038146973,15.640000343322754,15.34000015258789,15.569999694824219,7238200
2020-12-31,15.550000190734863,15.640000343322754,15.470000267028809,15.600000381469727,5192800
2021-01-04,15.5600004196167,15.59000015258789,15.229999542236328,15.390000343322754,8483900
2021-01-05,15.4399995803833,15.479999542236328,15.289999961853027,15.3100004196167,6260900
2021-01-06,15.390000343322754,15.5,15.329999923706055,15.369999885559082,7167900
2021-01-07,15.399999618530273,15.579999923706055,15.359999656677246,15.430000305175781,5555600
2021-01-08,15.479999542236328,15.550000190734863,15.390000343322754,15.539999961853027,4336800
2021-01-11,15.40999984741211,15.630000114440918,15.350000381469727,15.380000114440918,4787700
2021-01-12,15.5,15.579999923706055,15.369999885559082,15.5600004196167,4762100
2021-01-13,15.5600004196167,15.619999885559082,15.5,15.520000457763672,3708700
2021-01-14,15.609999656677246,15.6899995803833,15.529999732971191,15.619999885559082,3851800
2021-01-15,15.619999885559082,15.729999542236328,15.539999961853027,15.649999618530273,4478800
2021-01-19,15.6899995803833,15.800000190734863,15.630000114440918,15.789999961853027,4877400
2021-01-20,15.800000190734863,15.979999542236328,15.770000457763672,15.899999618530273,5248600
2021-01-21,15.930000305175781,16.18000030517578,15.920000076293945,16.09000015258789,7503900
2021-01-22,16.09000015258789,16.15999984741211,15.949999809265137,16.139999389648438,5074400
2021-01-25,16.200000762939453,16.3799991607666,16.1200008392334,16.25,8653500
2021-01-26,16.43000030517578,16.450000762939453,15.989999771118164,16.15999984741211,10991300
2021-01-27,16.079999923706055,16.100000381469727,15.720000267028809,15.789999961853027,11197900
2021-01-28,15.739999771118164,15.869999885559082,15.5,15.819999694824219,8458100
2021-01-29,15.710000038146973,15.819999694824219,15.5,15.600000381469727,8853700
2021-02-01,15.649999618530273,15.920000076293945,15.569999694824219,15.890000343322754,8290700
2021-02-02,15.979999542236328,16.1200008392334,15.90999984741211,16.079999923706055,6896500
2021-02-03,16.110000610351562,16.290000915527344,16.040000915527344,16.100000381469727,5610900
2021-02-04,16.06999969482422,16.209999084472656,16.06999969482422,16.170000076293945,4649100
2021-02-05,16.219999313354492,16.350000381469727,16.15999984741211,16.299999237060547,4736500
2021-02-08,16.34000015258789,16.399999618530273,16.219999313354492,16.280000686645508,5077700
2021-02-09,16.309999465942383,16.31999969482422,16.1299991607666,16.290000915527344,5103500
2021-02-10,16.299999237060547,16.459999084472656,16.280000686645508,16.3799991607666,4503800
2021-02-11,16.399999618530273,16.530000686645508,16.239999771118164,16.3700008392334,5110900
2021-02-12,16.40999984741211,16.510000228881836,16.329999923706055,16.350000381469727,5549300
2021-02-16,16.459999084472656,16.479999542236328,16.360000610351562,16.43000030517578,7087600
2021-02-17,16.40999984741211,16.450000762939453,16.200000762939453,16.309999465942383,6956200
2021-02-18,16.270000457763672,16.350000381469727,16.09000015258789,16.100000381469727,8479300
2021-02-19,16.229999542236328,16.549999237060547,16.18000030517578,16.459999084472656,7210500
2021-02-22,16.3799991607666,16.729999542236328,16.350000381469727,16.510000228881836,6178700
2021-02-23,16.549999237060547,16.600000381469727,16.1299991607666,16.329999923706055,9070800
2021-02-24,16.350000381469727,16.6299991607666,16.299999237060547,16.579999923706055,8066800
2021-02-25,16.510000228881836,16.600000381469727,15.960000038146973,15.989999771118164,11816500
2021-02-26,16.040000915527344,16.260000228881836,15.920000076293945,16.030000686645508,8489600
2021-03-01,16.200000762939453,16.3700008392334,15.960000038146973,15.960000038146973,8038100
2021-03-02,15.989999771118164,16.18000030517578,15.960000038146973,16.139999389648438,7540000
2021-03-03,16.139999389648438,16.229999542236328,15.979999542236328,15.989999771118164,6339400
2021-03-04,16.040000915527344,16.100000381469727,15.710000038146973,15.920000076293945,14462600
2021-03-05,15.989999771118164,16.059999465942383,15.390000343322754,15.899999618530273,13894700
2021-03-08,16.020000457763672,16.3799991607666,15.899999618530273,16.329999923706055,9818600
2021-03-09,16.360000610351562,16.40999984741211,16.200000762939453,16.350000381469727,6355900
2021-03-10,16.34000015258789,16.450000762939453,16.290000915527344,16.399999618530273,5597300
2021-03-11,16.3700008392334,16.420000076293945,16.239999771118164,16.309999465942383,8740100
2021-03-12,16.309999465942383,16.579999923706055,16.309999465942383,16.469999313354492,9452500
2021-03-15,16.530000686645508,16.6299991607666,16.440000534057617,16.520000457763672,7901600
2021-03-16,16.479999542236328,16.530000686645508,16.360000610351562,16.479999542236328,4808900
2021-03-17,16.450000762939453,16.690000534057617,16.31999969482422,16.68000030517578,5910800
2021-03-18,16.600000381469727,16.709999084472656,16.469999313354492,16.5,6859600
2021-03-19,16.540000915527344,16.790000915527344,16.440000534057617,16.59000015258789,11255600
2021-03-22,16.649999618530273,16.700000762939453,16.520000457763672,16.670000076293945,4689800
2021-03-23,16.68000030517578,16.770000457763672,16.5,16.559999465942383,5221900
2021-03-24,16.6299991607666,16.850000381469727,16.549999237060547,16.549999237060547,7966700
2021-03-25,16.549999237060547,16.8799991607666,16.3700008392334,16.790000915527344,9474500
2021-03-26,16.809999465942383,17.030000686645508,16.739999771118164,17.020000457763672,5612900
2021-03-29,16.93000030517578,17.09000015258789,16.75,16.760000228881836,6405400
2021-03-30,16.729999542236328,16.899999618530273,16.59000015258789,16.889999389648438,4775300
2021-03-31,16.799999237060547,16.889999389648438,16.709999084472656,16.760000228881836,6210500
2021-04-01,16.780000686645508,17.030000686645508,16.729999542236328,17.020000457763672,5452600
2021-04-05,17.049999237060547,17.06999969482422,16.899999618530273,17.0,4911000
2021-04-06,16.979999542236328,17.059999465942383,16.950000762939453,17.010000228881836,4370300
2021-04-07,17.020000457763672,17.1200008392334,16.950000762939453,17.110000610351562,3584400
2021-04-08,17.079999923706055,17.15999984741211,17.030000686645508,17.15999984741211,2964700
2021-04-09,17.170000076293945,17.239999771118164,17.049999237060547,17.059999465942383,3844000
2021-04-12,17.149999618530273,17.219999313354492,17.09000015258789,17.170000076293945,4304000
2021-04-13,17.1200008392334,17.25,17.049999237060547,17.219999313354492,3823400
2021-04-14,17.270000457763672,17.469999313354492,17.209999084472656,17.360000610351562,6892600
2021-04-15,17.40999984741211,17.420000076293945,17.209999084472656,17.329999923706055,4879400
2021-04-16,17.360000610351562,17.5,17.34000015258789,17.479999542236328,4049800
2021-04-19,17.5,17.5,17.31999969482422,17.34000015258789,5183000
2021-04-20,17.3799991607666,17.399999618530273,17.219999313354492,17.31999969482422,4600100
2021-04-21,17.290000915527344,17.450000762939453,17.1299991607666,17.440000534057617,4925600
2021-04-22,17.459999084472656,17.5,17.3700008392334,17.389999389648438,4214000
2021-04-23,17.3799991607666,17.540000915527344,17.299999237060547,17.469999313354492,6230100
2021-04-26,17.510000228881836,17.530000686645508,17.34000015258789,17.360000610351562,7961300
2021-04-27,17.520000457763672,17.8799991607666,17.5,17.75,8736100
2021-04-28,17.8799991607666,18.0,17.850000381469727,17.959999084472656,7005500
2021-04-29,17.899999618530273,17.969999313354492,17.829999923706055,17.950000762939453,6151400
2021-04-30,17.93000030517578,18.020000457763672,17.8799991607666,17.93000030517578,5186400
2021-05-03,18.020000457763672,18.100000381469727,17.950000762939453,17.989999771118164,4666000
2021-05-04,18.059999465942383,18.079999923706055,17.790000915527344,17.889999389648438,6808800
2021-05-05,17.899999618530273,18.170000076293945,17.760000228881836,18.1299991607666,6056600
2021-05-06,18.18000030517578,18.209999084472656,17.979999542236328,18.209999084472656,6071900
2021-05-07,18.149999618530273,18.329999923706055,18.079999923706055,18.31999969482422,4850900
2021-05-10,18.34000015258789,18.450000762939453,18.260000228881836,18.280000686645508,4677200
2021-05-11,18.190000534057617,18.25,17.989999771118164,18.079999923706055,8530000
2021-05-12,18.049999237060547,18.1299991607666,17.360000610351562,17.420000076293945,13749800
2021-05-13,17.59000015258789,17.940000534057617,17.540000915527344,17.84000015258789,7373400
2021-05-14,17.969999313354492,18.200000762939453,17.969999313354492,18.18000030517578,5659800
2021-05-17,18.239999771118164,18.25,18.09000015258789,18.209999084472656,5556800
2021-05-18,18.229999542236328,18.489999771118164,18.200000762939453,18.3700008392334,7538400
2021-05-19,18.270000457763672,18.479999542236328,18.15999984741211,18.43000030517578,7171900
2021-05-20,18.43000030517578,18.479999542236328,18.329999923706055,18.43000030517578,4374900
2021-05-21,18.469999313354492,18.520000457763672,18.420000076293945,18.5,4839600
2021-05-24,18.579999923706055,18.6299991607666,18.459999084472656,18.579999923706055,6049400
2021-05-25,18.6299991607666,18.670000076293945,18.5,18.530000686645508,6507500
2021-05-26,18.59000015258789,18.649999618530273,18.479999542236328,18.579999923706055,6364900
2021-05-27,18.530000686645508,18.540000915527344,18.399999618530273,18.510000228881836,6566600
2021-05-28,18.510000228881836,18.549999237060547,18.459999084472656,18.540000915527344,4825400
2021-06-01,18.549999237060547,18.649999618530273,18.479999542236328,18.6299991607666,7704300
2021-06-02,18.6299991607666,18.739999771118164,18.59000015258789,18.65999984741211,6297500
2021-06-03,18.65999984741211,18.68000030517578,18.559999465942383,18.600000381469727,5078500
2021-06-04,18.6299991607666,18.700000762939453,18.530000686645508,18.649999618530273,5854500
2021-06-07,18.649999618530273,18.719999313354492,18.559999465942383,18.68000030517578,5394600
2021-06-08,18.639999389648438,18.700000762939453,18.56999969482422,18.700000762939453,6580500
2021-06-09,18.709999084472656,18.84000015258789,18.639999389648438,18.65999984741211,9386500
2021-06-10,18.770000457763672,18.799999237060547,18.610000610351562,18.6200008392334,8183600
2021-06-11,18.149999618530273,18.18000030517578,17.6200008392334,17.709999084472656,25943400
2021-06-14,17.729999542236328,17.8799991607666,17.540000915527344,17.6299991607666,13341500
2021-06-15,17.68000030517578,17.700000762939453,17.290000915527344,17.3700008392334,12171300
2021-06-16,17.389999389648438,17.5,17.31999969482422,17.459999084472656,8875400
2021-06-17,17.440000534057617,17.520000457763672,16.790000915527344,16.989999771118164,14615300
2021-06-18,16.8799991607666,16.93000030517578,16.600000381469727,16.700000762939453,16761300
2021-06-21,16.81999969482422,17.09000015258789,16.729999542236328,17.06999969482422,7559000
2021-06-22,17.18000030517578,17.18000030517578,16.959999084472656,17.0,6927100
2021-06-23,17.059999465942383,17.139999389648438,16.979999542236328,17.06999969482422,6000500
2021-06-24,17.1299991607666,17.209999084472656,17.049999237060547,17.149999618530273,4027700
2021-06-25,17.200000762939453,17.299999237060547,17.170000076293945,17.219999313354492,5893800
2021-06-28,17.329999923706055,17.329999923706055,17.100000381469727,17.200000762939453,6976100
2021-06-29,17.170000076293945,17.18000030517578,16.690000534057617,16.799999237060547,9067100
2021-06-30,16.829999923706055,16.940000534057617,16.760000228881836,16.889999389648438,5737700
2021-07-01,16.93000030517578,17.110000610351562,16.809999465942383,17.010000228881836,5792500
2021-07-02,17.059999465942383,17.110000610351562,16.920000076293945,16.940000534057617,4540400
2021-07-06,17.0,17.010000228881836,16.790000915527344,16.860000610351562,7621700
2021-07-07,16.850000381469727,16.8700008392334,16.639999389648438,16.65999984741211,7102100
2021-07-08,16.489999771118164,16.700000762939453,16.270000457763672,16.530000686645508,8672500
2021-07-09,16.700000762939453,16.90999984741211,16.68000030517578,16.889999389648438,6178700
2021-07-12,16.8700008392334,16.989999771118164,16.75,16.8700008392334,5010300
2021-07-13,16.860000610351562,16.860000610351562,16.34000015258789,16.360000610351562,10767800
2021-07-14,16.450000762939453,16.6200008392334,16.079999923706055,16.1200008392334,9650700
2021-07-15,16.079999923706055,16.31999969482422,15.949999809265137,16.15999984741211,8562000
2021-07-16,16.25,16.31999969482422,16.079999923706055,16.1299991607666,5232400
2021-07-19,15.979999542236328,16.010000228881836,15.619999885559082,15.84000015258789,10886600
2021-07-20,15.899999618530273,16.299999237060547,15.800000190734863,16.25,8242900
2021-07-21,16.350000381469727,16.549999237060547,16.34000015258789,16.43000030517578,6992300
2021-07-22,16.40999984741211,16.43000030517578,16.18000030517578,16.200000762939453,6836900
2021-07-23,16.329999923706055,16.360000610351562,16.06999969482422,16.1200008392334,5600800
2021-07-26,16.139999389648438,16.34000015258789,16.139999389648438,16.18000030517578,7429100
2021-07-27,16.110000610351562,16.190000534057617,15.619999885559082,16.18000030517578,12915700
2021-07-28,16.200000762939453,16.260000228881836,15.90999984741211,16.1299991607666,7285500
2021-07-29,16.1200008392334,16.270000457763672,16.010000228881836,16.18000030517578,6270500
2021-07-30,16.06999969482422,16.219999313354492,15.84000015258789,15.869999885559082,7724700
2021-08-02,15.930000305175781,16.100000381469727,15.850000381469727,15.899999618530273,5915200
2021-08-03,15.9399995803833,15.9399995803833,15.65999984741211,15.819999694824219,5324700
2021-08-04,15.779999732971191,15.869999885559082,15.640000343322754,15.739999771118164,5724600
2021-08-05,15.779999732971191,15.979999542236328,15.739999771118164,15.890000343322754,4209400
2021-08-06,16.0,16.079999923706055,15.930000305175781,16.010000228881836,4192400
2021-08-09,16.040000915527344,16.09000015258789,15.869999885559082,16.030000686645508,4947900
2021-08-10,16.1200008392334,16.18000030517578,15.989999771118164,16.1200008392334,4232700
2021-08-11,16.18000030517578,16.299999237060547,16.040000915527344,16.270000457763672,4757000
2021-08-12,16.299999237060547,16.3799991607666,16.229999542236328,16.350000381469727,4732800
2021-08-13,16.329999923706055,16.420000076293945,16.280000686645508,16.34000015258789,3490800
2021-08-16,16.34000015258789,16.350000381469727,16.1200008392334,16.270000457763672,5078300
2021-08-17,16.229999542236328,16.34000015258789,16.170000076293945,16.290000915527344,3584600
2021-08-18,16.280000686645508,16.389999389648438,16.200000762939453,16.209999084472656,4660400
2021-08-19,16.139999389648438,16.149999618530273,15.859999656677246,15.899999618530273,7877900
2021-08-20,15.899999618530273,16.100000381469727,15.789999961853027,16.09000015258789,4858300
2021-08-23,16.1299991607666,16.31999969482422,16.1200008392334,16.280000686645508,4320400
2021-08-24,16.31999969482422,16.459999084472656,16.299999237060547,16.420000076293945,3784500
2021-08-25,16.450000762939453,16.530000686645508,16.34000015258789,16.440000534057617,4367900
2021-08-26,16.420000076293945,16.510000228881836,16.260000228881836,16.290000915527344,5665300
2021-08-27,16.280000686645508,16.59000015258789,16.280000686645508,16.530000686645508,4683800
2021-08-30,16.450000762939453,16.489999771118164,16.200000762939453,16.229999542236328,5278300
2021-08-31,16.239999771118164,16.40999984741211,16.239999771118164,16.309999465942383,6056600
2021-09-01,16.350000381469727,16.399999618530273,16.239999771118164,16.31999969482422,4699200
2021-09-02,16.329999923706055,16.3700008392334,16.209999084472656,16.219999313354492,4470300
2021-09-03,16.270000457763672,16.280000686645508,16.110000610351562,16.18000030517578,3944000
2021-09-07,16.219999313354492,16.270000457763672,15.949999809265137,15.979999542236328,6650800
2021-09-08,16.020000457763672,16.1299991607666,15.850000381469727,15.869999885559082,7131600
2021-09-09,15.869999885559082,16.09000015258789,15.8100004196167,16.020000457763672,5139600
2021-09-10,16.09000015258789,16.100000381469727,15.930000305175781,16.010000228881836,5230500
2021-09-13,16.049999237060547,16.139999389648438,15.9399995803833,16.079999923706055,5260100
2021-09-14,16.1299991607666,16.1299991607666,15.920000076293945,15.930000305175781,5217100
2021-09-15,15.949999809265137,16.049999237060547,15.920000076293945,15.960000038146973,4492200
2021-09-16,16.020000457763672,16.09000015258789,15.960000038146973,15.960000038146973,4752900
2021-09-17,15.960000038146973,16.040000915527344,15.90999984741211,15.979999542236328,8638400
2021-09-20,15.84000015258789,15.960000038146973,15.739999771118164,15.90999984741211,7826500
2021-09-21,15.9399995803833,16.1200008392334,15.9399995803833,16.020000457763672,7727900
2021-09-22,16.079999923706055,16.260000228881836,16.049999237060547,16.209999084472656,5492700
2021-09-23,16.25,16.299999237060547,16.209999084472656,16.219999313354492,4671800
2021-09-24,16.209999084472656,16.25,16.149999618530273,16.15999984741211,4314300
2021-09-27,16.25,16.350000381469727,16.190000534057617,16.239999771118164,4726400
2021-09-28,16.309999465942383,16.329999923706055,16.110000610351562,16.1299991607666,6565700
2021-09-29,16.079999923706055,16.09000015258789,15.930000305175781,15.970000267028809,4785900
2021-09-30,15.989999771118164,16.040000915527344,15.760000228881836,15.770000457763672,7628500
2021-10-01,15.770000457763672,15.970000267028809,15.760000228881836,15.899999618530273,4837600
2021-10-04,15.949999809265137,16.219999313354492,15.90999984741211,16.06999969482422,5631000
2021-10-05,16.079999923706055,16.139999389648438,15.949999809265137,16.049999237060547,6411400
2021-10-06,15.920000076293945,15.970000267028809,15.8100004196167,15.949999809265137,7799200
2021-10-07,16.0,16.1299991607666,15.960000038146973,16.020000457763672,4839600
2021-10-08,16.030000686645508,16.18000030517578,16.010000228881836,16.1200008392334,3651200
2021-10-11,16.200000762939453,16.270000457763672,16.1299991607666,16.170000076293945,4496400
2021-10-12,16.209999084472656,16.290000915527344,16.149999618530273,16.200000762939453,7247100
2021-10-13,16.18000030517578,16.209999084472656,16.079999923706055,16.139999389648438,4846200
2021-10-14,16.200000762939453,16.270000457763672,16.15999984741211,16.190000534057617,5605900
2021-10-15,16.229999542236328,16.360000610351562,16.219999313354492,16.219999313354492,5049800
2021-10-18,16.229999542236328,16.3700008392334,16.139999389648438,16.34000015258789,5058800
2021-10-19,16.3700008392334,16.510000228881836,16.31999969482422,16.5,6485300
2021-10-20,16.5,16.75,16.479999542236328,16.59000015258789,6198600
2021-10-21,16.59000015258789,16.68000030517578,16.5,16.600000381469727,4077800
2021-10-22,16.600000381469727,16.6299991607666,16.43000030517578,16.549999237060547,4834600
2021-10-25,16.56999969482422,16.639999389648438,16.530000686645508,16.540000915527344,4608500
2021-10-26,16.6200008392334,16.639999389648438,16.5,16.510000228881836,6042200
2021-10-27,16.5,16.530000686645508,16.360000610351562,16.3700008392334,6821800
2021-10-28,16.200000762939453,16.280000686645508,15.789999961853027,15.800000190734863,17153300
2021-10-29,15.850000381469727,15.960000038146973,15.789999961853027,15.920000076293945,8458100
2021-11-01,16.0,16.200000762939453,15.960000038146973,16.18000030517578,6383300
2021-11-02,16.15999984741211,16.170000076293945,15.920000076293945,15.930000305175781,5340900
2021-11-03,15.930000305175781,16.18000030517578,15.890000343322754,15.989999771118164,5386400
2021-11-04,16.030000686645508,16.079999923706055,15.930000305175781,16.010000228881836,4254200
2021-11-05,16.079999923706055,16.260000228881836,16.049999237060547,16.219999313354492,5253200
2021-11-08,16.219999313354492,16.229999542236328,16.09000015258789,16.1200008392334,3565000
2021-11-09,16.1200008392334,16.209999084472656,16.059999465942383,16.06999969482422,3600200
2021-11-10,16.079999923706055,16.200000762939453,15.989999771118164,16.020000457763672,4842300
2021-11-11,16.020000457763672,16.09000015258789,15.989999771118164,16.0,3065600
2021-11-12,16.020000457763672,16.059999465942383,15.970000267028809,16.040000915527344,3643500
2021-11-15,16.049999237060547,16.110000610351562,15.989999771118164,16.020000457763672,3349200
2021-11-16,16.040000915527344,16.09000015258789,15.989999771118164,16.040000915527344,5290300
2021-11-17,16.0,16.049999237060547,15.859999656677246,15.9399995803833,7397700
2021-11-18,15.9399995803833,16.010000228881836,15.819999694824219,15.949999809265137,6398200
2021-11-19,15.890000343322754,16.020000457763672,15.829999923706055,15.979999542236328,4966400
2021-11-22,16.020000457763672,16.100000381469727,15.880000114440918,16.040000915527344,5653800
2021-11-23,16.049999237060547,16.079999923706055,15.979999542236328,16.020000457763672,5642800
2021-11-24,16.040000915527344,16.139999389648438,16.020000457763672,16.030000686645508,4987300
2021-11-26,16.0,16.0,15.760000228881836,15.90999984741211,7329300
2021-11-29,15.859999656677246,15.899999618530273,15.6899995803833,15.829999923706055,6855600
2021-11-30,15.760000228881836,15.770000457763672,15.25,15.289999961853027,17956300
2021-12-01,15.5,15.550000190734863,15.079999923706055,15.100000381469727,8571500
2021-12-02,15.15999984741211,15.5,15.069999694824219,15.460000038146973,8313700
2021-12-03,15.4399995803833,15.460000038146973,15.260000228881836,15.329999923706055,5702100
2021-12-06,15.399999618530273,15.739999771118164,15.359999656677246,15.649999618530273,7118300
2021-12-07,15.729999542236328,15.949999809265137,15.630000114440918,15.850000381469727,6212100
2021-12-08,15.850000381469727,16.030000686645508,15.800000190734863,15.890000343322754,5480800
2021-12-09,15.859999656677246,15.920000076293945,15.779999732971191,15.850000381469727,7037200
2021-12-10,15.920000076293945,15.930000305175781,15.5600004196167,15.609999656677246,6430400
2021-12-13,15.460000038146973,15.489999771118164,15.029999732971191,15.34000015258789,10959900
2021-12-14,15.350000381469727,15.470000267028809,15.140000343322754,15.1899995803833,6165200
2021-12-15,15.1899995803833,15.260000228881836,15.0,15.170000076293945,8042600
2021-12-16,15.25,15.34000015258789,15.09000015258789,15.119999885559082,7009600
2021-12-17,15.100000381469727,15.140000343322754,14.9399995803833,14.989999771118164,11876900
2021-12-20,14.8100004196167,14.8100004196167,14.420000076293945,14.760000228881836,13609700
2021-12-21,14.899999618530273,15.220000267028809,14.880000114440918,15.15999984741211,7551900
2021-12-22,15.15999984741211,15.329999923706055,15.079999923706055,15.239999771118164,4845000
2021-12-23,15.3100004196167,15.4399995803833,15.229999542236328,15.390000343322754,4339100
2021-12-27,15.399999618530273,15.479999542236328,15.279999732971191,15.470000267028809,4635600
2021-12-28,15.470000267028809,15.630000114440918,15.430000305175781,15.489999771118164,5034900
2021-12-29,15.5,15.520000457763672,15.359999656677246,15.390000343322754,4558500
2021-12-30,15.279999732971191,15.420000076293945,15.199999809265137,15.210000038146973,4363200
2021-12-31,15.109999656677246,15.229999542236328,15.020000457763672,15.039999961853027,6363900
2022-01-03,15.09000015258789,15.470000267028809,15.069999694824219,15.449999809265137,6344400
2022-01-04,15.5,15.65999984741211,15.390000343322754,15.5600004196167,7947600
2022-01-05,15.579999923706055,15.609999656677246,15.140000343322754,15.15999984741211,9814100
2022-01-06,15.34000015258789,15.350000381469727,15.140000343322754,15.199999809265137,5492300
2022-01-07,15.300000190734863,15.369999885559082,15.180000305175781,15.300000190734863,4563600
2022-01-10,15.319999694824219,15.369999885559082,15.180000305175781,15.34000015258789,7936000
2022-01-11,15.319999694824219,15.579999923706055,15.319999694824219,15.5600004196167,7181400
2022-01-12,15.550000190734863,15.579999923706055,15.4399995803833,15.5600004196167,4708500
2022-01-13,15.600000381469727,15.649999618530273,15.40999984741211,15.40999984741211,5749300
2022-01-14,15.399999618530273,15.40999984741211,15.140000343322754,15.3100004196167,8488900
2022-01-18,15.3100004196167,15.319999694824219,15.140000343322754,15.170000076293945,7534200
2022-01-19,15.1899995803833,15.229999542236328,15.050000190734863,15.0600004196167,5170100
2022-01-20,15.119999885559082,15.199999809265137,14.9399995803833,14.949999809265137,7047300
2022-01-21,14.930000305175781,14.970000267028809,14.65999984741211,14.729999542236328,11035400
2022-01-24,14.5600004196167,14.770000457763672,14.15999984741211,14.729999542236328,16221600
2022-01-25,14.579999923706055,15.039999961853027,14.399999618530273,15.0,10734500
2022-01-26,15.079999923706055,15.210000038146973,14.800000190734863,14.880000114440918,11855300
2022-01-27,15.039999961853027,15.079999923706055,14.75,14.8100004196167,10641400
2022-01-28,14.699999809265137,14.760000228881836,14.4399995803833,14.760000228881836,6581900
2022-01-31,14.720000267028809,14.890000343322754,14.630000114440918,14.890000343322754,9755000
2022-02-01,14.890000343322754,14.890000343322754,14.4399995803833,14.680000305175781,14276900
2022-02-02,14.640000343322754,14.680000305175781,14.369999885559082,14.470000267028809,10186700
2022-02-03,14.420000076293945,14.479999542236328,14.199999809265137,14.210000038146973,8668000
2022-02-04,14.1899995803833,14.319999694824219,13.979999542236328,14.239999771118164,10153100
2022-02-07,14.300000190734863,14.470000267028809,14.25,14.319999694824219,6656200
2022-02-08,14.359999656677246,14.5,14.279999732971191,14.420000076293945,7234900
2022-02-09,14.479999542236328,14.550000190734863,14.420000076293945,14.430000305175781,5977900
2022-02-10,14.399999618530273,14.65999984741211,14.229999542236328,14.260000228881836,8436100
2022-02-11,14.289999961853027,14.350000381469727,13.930000305175781,14.050000190734863,12268900
2022-02-14,13.920000076293945,13.949999809265137,13.649999618530273,13.710000038146973,14937400
2022-02-15,13.84000015258789,13.859999656677246,13.699999809265137,13.850000381469727,7536000
2022-02-16,13.84000015258789,13.920000076293945,13.8100004196167,13.84000015258789,6870000
2022-02-17,13.8100004196167,13.819999694824219,13.420000076293945,13.510000228881836,8730700
2022-02-18,13.569999694824219,13.609999656677246,13.399999618530273,13.4399995803833,9867900
2022-02-22,13.390000343322754,13.399999618530273,12.979999542236328,13.100000381469727,11314500
2022-02-23,13.180000305175781,13.210000038146973,12.739999771118164,12.75,9747200
2022-02-24,12.220000267028809,13.010000228881836,12.170000076293945,12.930000305175781,16014600
2022-02-25,12.930000305175781,13.029999732971191,12.850000381469727,13.020000457763672,9570100
2022-02-28,12.890000343322754,12.979999542236328,12.699999809265137,12.90999984741211,13861300
2022-03-01,12.819999694824219,13.010000228881836,12.670000076293945,12.989999771118164,13795700
2022-03-02,12.989999771118164,13.229999542236328,12.869999885559082,13.1899995803833,9699900
2022-03-03,13.1899995803833,13.279999732971191,13.09000015258789,13.130000114440918,6561700
2022-03-04,13.050000190734863,13.140000343322754,12.970000267028809,13.0600004196167,6719500
2022-03-07,13.0,13.239999771118164,12.949999809265137,12.989999771118164,9598900
2022-03-08,13.010000228881836,13.430000305175781,13.0,13.260000228881836,10695000
2022-03-09,13.430000305175781,13.539999961853027,13.289999961853027,13.329999923706055,7415200
2022-03-10,13.260000228881836,13.319999694824219,13.079999923706055,13.25,6437700
2022-03-11,13.220000267028809,13.260000228881836,12.819999694824219,12.979999542236328,13545600
2022-03-14,13.0,13.09000015258789,12.649999618530273,12.770000457763672,8754700
2022-03-15,12.75,12.949999809265137,12.75,12.899999618530273,9107700
2022-03-16,12.989999771118164,13.109999656677246,12.6899995803833,12.960000038146973,8701500
2022-03-17,12.899999618530273,13.069999694824219,12.829999923706055,13.039999961853027,7032800
2022-03-18,12.960000038146973,13.210000038146973,12.890000343322754,13.210000038146973,10444400
2022-03-21,13.25,13.329999923706055,12.989999771118164,13.010000228881836,7713100
2022-03-22,13.079999923706055,13.270000457763672,13.029999732971191,13.1899995803833,9549800
2022-03-23,13.180000305175781,13.180000305175781,13.020000457763672,13.069999694824219,5789900
2022-03-24,13.069999694824219,13.119999885559082,13.0,13.050000190734863,7739500
2022-03-25,13.079999923706055,13.289999961853027,13.050000190734863,13.270000457763672,6663700
2022-03-28,13.3100004196167,13.399999618530273,13.119999885559082,13.380000114440918,9915800
2022-03-29,13.4399995803833,13.640000343322754,13.4399995803833,13.5600004196167,11082000
2022-03-30,13.40999984741211,13.4399995803833,13.1899995803833,13.239999771118164,10503500
2022-03-31,13.300000190734863,13.329999923706055,13.09000015258789,13.100000381469727,9427200
2022-04-01,13.130000114440918,13.170000076293945,12.979999542236328,13.170000076293945,9427900
2022-04-04,13.130000114440918,13.170000076293945,12.90999984741211,13.09000015258789,8176700
2022-04-05,13.050000190734863,13.180000305175781,12.800000190734863,12.84000015258789,9789100
2022-04-06,12.800000190734863,12.800000190734863,12.569999694824219,12.579999923706055,10753100
2022-04-07,12.569999694824219,12.670000076293945,12.329999923706055,12.539999961853027,10698300
2022-04-08,12.569999694824219,12.760000228881836,12.529999732971191,12.600000381469727,6832200
2022-04-11,12.579999923706055,12.720000267028809,12.449999809265137,12.489999771118164,10030400
2022-04-12,12.619999885559082,12.729999542236328,12.510000228881836,12.529999732971191,9785100
2022-04-13,12.550000190734863,12.619999885559082,12.449999809265137,12.539999961853027,7764100
2022-04-14,12.539999961853027,12.640000343322754,12.4399995803833,12.479999542236328,8686500
2022-04-18,12.460000038146973,12.470000267028809,12.229999542236328,12.279999732971191,10388100
2022-04-19,12.3100004196167,12.34000015258789,11.819999694824219,11.859999656677246,17395300
2022-04-20,11.90999984741211,12.119999885559082,11.84000015258789,11.989999771118164,9902200
2022-04-21,12.039999961853027,12.140000343322754,11.859999656677246,11.869999885559082,9473600
2022-04-22,11.859999656677246,11.869999885559082,11.550000190734863,11.59000015258789,13591400
2022-04-25,11.520000457763672,11.6899995803833,11.260000228881836,11.670000076293945,14819800
2022-04-26,11.619999885559082,11.710000038146973,11.010000228881836,11.069999694824219,18780900
2022-04-27,11.130000114440918,11.199999809265137,11.010000228881836,11.09000015258789,14485900
2022-04-28,11.09000015258789,11.479999542236328,10.970000267028809,11.470000267028809,16728800
2022-04-29,11.470000267028809,11.510000228881836,10.949999809265137,10.979999542236328,15965400
2022-05-02,11.010000228881836,11.220000267028809,10.859999656677246,11.199999809265137,15827300
2022-05-03,11.5,12.010000228881836,11.479999542236328,11.989999771118164,24503700
2022-05-04,11.960000038146973,12.149999618530273,11.75,12.119999885559082,17646200
2022-05-05,12.100000381469727,12.34000015258789,11.989999771118164,12.140000343322754,18174900
2022-05-06,12.100000381469727,12.4399995803833,12.09000015258789,12.40999984741211,16212200
2022-05-09,12.239999771118164,12.369999885559082,12.130000114440918,12.260000228881836,15517300
2022-05-10,12.380000114440918,12.649999618530273,12.119999885559082,12.229999542236328,21932500
2022-05-11,12.25,12.319999694824219,12.09000015258789,12.140000343322754,18167700
2022-05-12,12.069999694824219,12.1899995803833,11.850000381469727,12.109999656677246,21945200
2022-05-13,12.119999885559082,12.390000343322754,12.069999694824219,12.390000343322754,16389600
2022-05-16,12.399999618530273,12.430000305175781,12.210000038146973,12.289999961853027,13470100
2022-05-17,12.289999961853027,12.300000190734863,11.930000305175781,12.109999656677246,15316400
2022-05-18,12.079999923706055,12.109999656677246,11.859999656677246,11.890000343322754,14345200
2022-05-19,11.84000015258789,12.020000457763672,11.6899995803833,11.720000267028809,18100100
2022-05-20,11.760000228881836,11.819999694824219,11.529999732971191,11.760000228881836,14549900
2022-05-23,11.819999694824219,12.0600004196167,11.8100004196167,12.0,12941400
2022-05-24,11.989999771118164,11.989999771118164,11.75,11.920000076293945,11374100
2022-05-25,11.9399995803833,12.0,11.760000228881836,11.880000114440918,12476300
2022-05-26,11.949999809265137,12.220000267028809,11.930000305175781,12.109999656677246,10463000
2022-05-27,12.020000457763672,12.210000038146973,11.9399995803833,12.210000038146973,8282100
2022-05-31,12.149999618530273,12.300000190734863,12.0600004196167,12.229999542236328,43586500
2022-06-01,12.25,12.260000228881836,11.970000267028809,12.170000076293945,10240500
2022-06-02,12.149999618530273,12.199999809265137,12.029999732971191,12.1899995803833,8509900
2022-06-03,12.170000076293945,12.220000267028809,12.039999961853027,12.0600004196167,7760300
2022-06-06,12.069999694824219,12.199999809265137,12.020000457763672,12.039999961853027,6913200
2022-06-07,12.0,12.199999809265137,11.970000267028809,12.15999984741211,5813800
2022-06-08,12.130000114440918,12.15999984741211,11.949999809265137,11.989999771118164,7601800
2022-06-09,12.119999885559082,12.40999984741211,12.100000381469727,12.1899995803833,13509700
2022-06-10,12.100000381469727,12.140000343322754,11.8100004196167,11.949999809265137,12137200
2022-06-13,11.75,11.760000228881836,11.0,11.020000457763672,28550600
2022-06-14,11.029999732971191,11.100000381469727,10.670000076293945,10.75,22354700
2022-06-15,10.800000190734863,10.869999885559082,10.350000381469727,10.670000076293945,28235700
2022-06-16,10.359999656677246,10.40999984741211,9.989999771118164,10.029999732971191,22349100
2022-06-17,10.079999923706055,10.479999542236328,10.039999961853027,10.40999984741211,22000200
2022-06-21,10.569999694824219,10.8100004196167,10.529999732971191,10.720000267028809,12379700
2022-06-22,10.619999885559082,10.930000305175781,10.579999923706055,10.84000015258789,11936600
2022-06-23,10.880000114440918,11.180000305175781,10.829999923706055,11.170000076293945,11982700
2022-06-24,11.229999542236328,11.649999618530273,11.220000267028809,11.600000381469727,12514900
2022-06-27,11.65999984741211,11.729999542236328,11.489999771118164,11.569999694824219,10013500
2022-06-28,11.609999656677246,11.710000038146973,11.34000015258789,11.399999618530273,10770500
2022-06-29,11.229999542236328,11.270000457763672,11.09000015258789,11.149999618530273,8967000
2022-06-30,11.010000228881836,11.239999771118164,10.9399995803833,11.069999694824219,9694600
2022-07-01,11.0600004196167,11.529999732971191,11.020000457763672,11.479999542236328,11451900
2022-07-05,11.3100004196167,11.630000114440918,11.25,11.609999656677246,11173300
2022-07-06,11.5600004196167,11.670000076293945,11.260000228881836,11.359999656677246,10027500
2022-07-07,11.380000114440918,11.649999618530273,11.380000114440918,11.489999771118164,7786900
2022-07-08,11.5,11.510000228881836,11.319999694824219,11.420000076293945,8622900
2022-07-11,11.369999885559082,11.449999809265137,11.300000190734863,11.34000015258789,5638100
2022-07-12,11.350000381469727,11.510000228881836,11.300000190734863,11.420000076293945,8143200
2022-07-13,11.3100004196167,11.640000343322754,11.260000228881836,11.600000381469727,7621400
2022-07-14,11.460000038146973,11.520000457763672,11.329999923706055,11.430000305175781,6344800
2022-07-15,11.539999961853027,11.729999542236328,11.289999961853027,11.6899995803833,8277100
2022-07-18,11.710000038146973,11.729999542236328,11.359999656677246,11.609999656677246,7325300
2022-07-19,11.680000305175781,12.069999694824219,11.65999984741211,12.0,9678100
2022-07-20,12.029999732971191,12.180000305175781,11.949999809265137,12.119999885559082,10143000
2022-07-21,12.0600004196167,12.229999542236328,11.970000267028809,12.220000267028809,7670300
2022-07-22,12.260000228881836,12.300000190734863,12.069999694824219,12.149999618530273,6122800
2022-07-25,12.1899995803833,12.289999961853027,12.079999923706055,12.270000457763672,8751400
2022-07-26,11.930000305175781,12.220000267028809,11.899999618530273,12.119999885559082,15156400
2022-07-27,12.15999984741211,12.479999542236328,12.119999885559082,12.399999618530273,12264500
2022-07-28,12.270000457763672,12.59000015258789,12.25,12.569999694824219,14745700
2022-07-29,12.5600004196167,12.890000343322754,12.5600004196167,12.609999656677246,13677700
2022-08-01,12.619999885559082,12.779999732971191,12.520000457763672,12.670000076293945,7255600
2022-08-02,12.619999885559082,12.619999885559082,12.279999732971191,12.300000190734863,9437200
2022-08-03,12.420000076293945,12.460000038146973,12.350000381469727,12.380000114440918,5841200
2022-08-04,12.380000114440918,12.399999618530273,12.199999809265137,12.3100004196167,8890800
2022-08-05,12.239999771118164,12.34000015258789,12.170000076293945,12.25,7611700
2022-08-08,12.34000015258789,12.529999732971191,12.34000015258789,12.40999984741211,7123500
2022-08-09,12.4399995803833,12.510000228881836,12.34000015258789,12.4399995803833,6096600
2022-08-10,12.520000457763672,12.649999618530273,12.520000457763672,12.539999961853027,5475400
2022-08-11,12.600000381469727,12.770000457763672,12.59000015258789,12.680000305175781,6185100
2022-08-12,12.779999732971191,12.789999961853027,12.649999618530273,12.779999732971191,4547400
2022-08-15,12.729999542236328,12.8100004196167,12.6899995803833,12.789999961853027,6530400
2022-08-16,12.800000190734863,12.850000381469727,12.739999771118164,12.800000190734863,5389100
2022-08-17,12.75,12.770000457763672,12.600000381469727,12.720000267028809,4953400
2022-08-18,12.75,12.789999961853027,12.640000343322754,12.680000305175781,5624900
2022-08-19,12.630000114440918,12.65999984741211,12.460000038146973,12.510000228881836,5880600
2022-08-22,12.420000076293945,12.4399995803833,12.220000267028809,12.220000267028809,5322700
2022-08-23,12.279999732971191,12.399999618530273,12.260000228881836,12.319999694824219,3782700
2022-08-24,12.300000190734863,12.40999984741211,12.270000457763672,12.399999618530273,3317900
2022-08-25,12.460000038146973,12.59000015258789,12.449999809265137,12.529999732971191,4289700
2022-08-26,12.539999961853027,12.579999923706055,12.359999656677246,12.369999885559082,5989000
2022-08-29,12.3100004196167,12.399999618530273,12.260000228881836,12.3100004196167,7161400
2022-08-30,12.25,12.289999961853027,11.920000076293945,11.9399995803833,9345600
2022-08-31,11.9399995803833,12.100000381469727,11.859999656677246,11.949999809265137,5780400
2022-09-01,11.890000343322754,11.899999618530273,11.529999732971191,11.829999923706055,10349500
2022-09-02,11.90999984741211,12.020000457763672,11.770000457763672,11.770000457763672,5076800
2022-09-06,11.770000457763672,11.9399995803833,11.609999656677246,11.75,14100900
2022-09-07,11.739999771118164,11.949999809265137,11.5600004196167,11.920000076293945,8331200
2022-09-08,11.899999618530273,12.039999961853027,11.819999694824219,12.020000457763672,4852600
2022-09-09,12.050000190734863,12.119999885559082,11.899999618530273,11.90999984741211,6732900
2022-09-12,11.989999771118164,12.0600004196167,11.819999694824219,11.850000381469727,7208600
2022-09-13,11.65999984741211,11.710000038146973,11.5,11.550000190734863,8293500
2022-09-14,11.579999923706055,11.640000343322754,11.470000267028809,11.550000190734863,8997100
2022-09-15,11.550000190734863,11.670000076293945,11.1899995803833,11.1899995803833,8893800
2022-09-16,11.109999656677246,11.270000457763672,10.979999542236328,11.239999771118164,13162000
2022-09-19,11.069999694824219,11.329999923706055,11.0600004196167,11.270000457763672,7280300
2022-09-20,11.210000038146973,11.25,11.09000015258789,11.1899995803833,7356900
2022-09-21,11.239999771118164,11.239999771118164,11.029999732971191,11.029999732971191,8376800
2022-09-22,11.029999732971191,11.050000190734863,10.710000038146973,10.770000457763672,9549500
2022-09-23,10.739999771118164,10.739999771118164,10.300000190734863,10.420000076293945,11082300
2022-09-26,10.350000381469727,10.449999809265137,9.579999923706055,9.619999885559082,28651200
2022-09-27,9.779999732971191,9.819999694824219,9.029999732971191,9.079999923706055,37345500
2022-09-28,9.170000076293945,9.4399995803833,9.029999732971191,9.220000267028809,28382600
2022-09-29,9.010000228881836,9.020000457763672,8.390000343322754,8.680000305175781,26616900
2022-09-30,8.720000267028809,8.800000190734863,8.390000343322754,8.420000076293945,22112400
2022-10-03,8.510000228881836,8.710000038146973,8.100000381469727,8.520000457763672,18603100
2022-10-04,8.680000305175781,9.149999618530273,8.680000305175781,9.109999656677246,20151900
2022-10-05,8.9399995803833,8.9399995803833,8.229999542236328,8.5,23810400
2022-10-06,8.489999771118164,8.5600004196167,8.100000381469727,8.199999809265137,26043800
2022-10-07,8.119999885559082,8.229999542236328,7.820000171661377,7.869999885559082,28069900
2022-10-10,7.860000133514404,7.980000019073486,7.360000133514404,7.369999885559082,23649300
2022-10-11,7.400000095367432,8.270000457763672,7.400000095367432,8.170000076293945,42333900
2022-10-12,8.130000114440918,8.25,7.690000057220459,8.0,27294800
2022-10-13,7.860000133514404,8.109999656677246,7.730000019073486,8.039999961853027,20986400
2022-10-14,8.140000343322754,8.25,7.880000114440918,7.889999866485596,14082400
2022-10-17,8.0600004196167,8.15999984741211,7.869999885559082,7.960000038146973,11452000
2022-10-18,8.140000343322754,8.300000190734863,7.980000019073486,8.09000015258789,12789200
2022-10-19,8.0,8.039999961853027,7.840000152587891,7.909999847412109,12752100
2022-10-20,7.960000038146973,8.020000457763672,7.809999942779541,7.829999923706055,10527200
2022-10-21,7.809999942779541,7.809999942779541,7.610000133514404,7.739999771118164,21581800
2022-10-24,7.769999980926514,7.789999961853027,7.460000038146973,7.619999885559082,15058700
2022-10-25,7.489999771118164,7.980000019073486,7.300000190734863,7.909999847412109,23193400
2022-10-26,8.0,8.1899995803833,7.880000114440918,7.920000076293945,22175000
2022-10-27,8.210000038146973,8.359999656677246,7.869999885559082,7.889999866485596,32256500
2022-10-28,7.800000190734863,8.210000038146973,7.769999980926514,8.180000305175781,20741800
2022-10-31,8.130000114440918,8.279999732971191,8.050000190734863,8.220000267028809,17038700
2022-11-01,8.369999885559082,8.479999542236328,8.170000076293945,8.220000267028809,12567600
2022-11-02,8.180000305175781,8.569999694824219,8.079999923706055,8.15999984741211,17445400
2022-11-03,8.010000228881836,8.149999618530273,7.809999942779541,8.050000190734863,13490700
2022-11-04,8.180000305175781,8.380000114440918,8.119999885559082,8.350000381469727,13346100
2022-11-07,8.460000038146973,8.510000228881836,8.229999542236328,8.4399995803833,10312500
2022-11-08,8.449999809265137,8.720000267028809,8.359999656677246,8.5600004196167,12941300
2022-11-09,8.619999885559082,8.84000015258789,8.5,8.619999885559082,10805500
2022-11-10,9.0,9.479999542236328,8.979999542236328,9.449999809265137,23847700
2022-11-11,9.449999809265137,9.710000038146973,9.300000190734863,9.630000114440918,14420800
2022-11-14,9.670000076293945,9.739999771118164,9.319999694824219,9.359999656677246,15282200
2022-11-15,9.539999961853027,9.729999542236328,9.369999885559082,9.59000015258789,11651300
2022-11-16,9.600000381469727,9.619999885559082,9.329999923706055,9.460000038146973,13351700
2022-11-17,9.300000190734863,9.329999923706055,9.020000457763672,9.220000267028809,12909900
2022-11-18,9.3100004196167,9.390000343322754,9.0600004196167,9.130000114440918,8304100
2022-11-21,9.119999885559082,9.40999984741211,9.119999885559082,9.399999618530273,9455900
2022-11-22,9.420000076293945,9.609999656677246,9.399999618530273,9.5,11272800
2022-11-23,9.539999961853027,9.890000343322754,9.489999771118164,9.850000381469727,10966600
2022-11-25,9.880000114440918,10.069999694824219,9.850000381469727,10.020000457763672,6429700
2022-11-28,10.0,10.050000190734863,9.75,9.760000228881836,10597600
2022-11-29,9.640000343322754,9.720000267028809,9.5600004196167,9.710000038146973,8732200
2022-11-30,9.609999656677246,10.020000457763672,9.5600004196167,9.989999771118164,14165800
2022-12-01,10.020000457763672,10.25,9.989999771118164,10.069999694824219,9424000
2022-12-02,9.970000267028809,10.029999732971191,9.729999542236328,10.010000228881836,13490000
2022-12-05,10.0,10.029999732971191,9.729999542236328,9.819999694824219,9099500
2022-12-06,9.819999694824219,9.869999885559082,9.550000190734863,9.6899995803833,11665200
2022-12-07,9.670000076293945,9.869999885559082,9.579999923706055,9.829999923706055,7842000
2022-12-08,9.850000381469727,9.960000038146973,9.800000190734863,9.920000076293945,6258500
2022-12-09,9.899999618530273,10.020000457763672,9.84000015258789,9.899999618530273,8558800
2022-12-12,9.899999618530273,9.979999542236328,9.8100004196167,9.90999984741211,10587800
2022-12-13,10.15999984741211,10.449999809265137,10.109999656677246,10.170000076293945,11827300
2022-12-14,10.119999885559082,10.300000190734863,10.010000228881836,10.140000343322754,11828500
2022-12-15,10.069999694824219,10.329999923706055,10.0,10.239999771118164,12975800
2022-12-16,10.100000381469727,10.220000267028809,10.010000228881836,10.140000343322754,19189200
2022-12-19,10.109999656677246,10.329999923706055,10.069999694824219,10.180000305175781,9263600
2022-12-20,10.109999656677246,10.380000114440918,9.949999809265137,10.329999923706055,16977200
2022-12-21,10.470000267028809,10.640000343322754,10.449999809265137,10.579999923706055,13961000
2022-12-22,10.59000015258789,10.670000076293945,10.329999923706055,10.649999618530273,12653500
2022-12-23,10.649999618530273,10.720000267028809,10.550000190734863,10.710000038146973,9054100
2022-12-27,10.699999809265137,10.720000267028809,10.520000457763672,10.6899995803833,11070400
2022-12-28,10.680000305175781,10.720000267028809,10.350000381469727,10.40999984741211,10531600
2022-12-29,10.34000015258789,10.5600004196167,10.300000190734863,10.479999542236328,8705200
2022-12-30,10.350000381469727,10.449999809265137,10.25,10.350000381469727,9461300
2023-01-03,10.4399995803833,10.699999809265137,10.369999885559082,10.460000038146973,11980000
2023-01-04,10.569999694824219,10.699999809265137,10.539999961853027,10.630000114440918,10155900
2023-01-05,10.569999694824219,10.6899995803833,10.449999809265137,10.619999885559082,7378900
2023-01-06,10.710000038146973,10.880000114440918,10.609999656677246,10.850000381469727,9458200
2023-01-09,10.899999618530273,11.069999694824219,10.8100004196167,10.869999885559082,11978700
2023-01-10,10.869999885559082,11.010000228881836,10.829999923706055,10.979999542236328,9068200
2023-01-11,11.039999961853027,11.25,11.039999961853027,11.140000343322754,9588700
2023-01-12,11.25,11.390000343322754,11.199999809265137,11.279999732971191,9738500
2023-01-13,11.210000038146973,11.359999656677246,11.15999984741211,11.300000190734863,10224200
2023-01-17,11.3100004196167,11.399999618530273,11.199999809265137,11.210000038146973,12850800
2023-01-18,11.279999732971191,11.449999809265137,11.260000228881836,11.359999656677246,10968200
2023-01-19,11.319999694824219,11.390000343322754,11.239999771118164,11.369999885559082,8725800
2023-01-20,11.369999885559082,11.5600004196167,11.289999961853027,11.529999732971191,11853800
2023-01-23,11.5600004196167,11.609999656677246,11.4399995803833,11.579999923706055,14022500
2023-01-24,11.550000190734863,11.600000381469727,11.479999542236328,11.5,7611000
2023-01-25,11.460000038146973,11.479999542236328,11.319999694824219,11.380000114440918,11377900
2023-01-26,11.40999984741211,11.510000228881836,11.359999656677246,11.5,11080100
2023-01-27,11.520000457763672,11.729999542236328,11.5,11.680000305175781,11343200
2023-01-30,11.520000457763672,11.539999961853027,11.25,11.279999732971191,14278300
2023-01-31,11.369999885559082,11.829999923706055,11.319999694824219,11.600000381469727,22696600
2023-02-01,11.569999694824219,12.0600004196167,11.5600004196167,11.949999809265137,16606200
2023-02-02,12.069999694824219,12.25,12.069999694824219,12.140000343322754,13321300
2023-02-03,11.989999771118164,12.039999961853027,11.90999984741211,11.960000038146973,10561600
2023-02-06,11.789999961853027,11.789999961853027,11.460000038146973,11.510000228881836,14927200
2023-02-07,11.529999732971191,11.760000228881836,11.4399995803833,11.739999771118164,10957800
2023-02-08,11.729999542236328,11.75,11.5600004196167,11.729999542236328,8965900
2023-02-09,11.859999656677246,11.960000038146973,11.390000343322754,11.460000038146973,17069100
2023-02-10,11.4399995803833,11.5,11.25,11.350000381469727,15961700
2023-02-13,11.350000381469727,11.470000267028809,11.319999694824219,11.4399995803833,13506400
2023-02-14,11.420000076293945,11.489999771118164,11.239999771118164,11.40999984741211,9410500
2023-02-15,11.350000381469727,11.5,11.25,11.479999542236328,8583700
2023-02-16,11.359999656677246,11.579999923706055,11.300000190734863,11.470000267028809,6610900
2023-02-17,11.460000038146973,11.479999542236328,11.3100004196167,11.390000343322754,6424000
2023-02-21,11.319999694824219,11.350000381469727,11.039999961853027,11.119999885559082,12892000
2023-02-22,11.130000114440918,11.3100004196167,11.119999885559082,11.25,7281100
2023-02-23,11.289999961853027,11.369999885559082,11.170000076293945,11.319999694824219,5795500
2023-02-24,11.199999809265137,11.25,11.020000457763672,11.100000381469727,11699900
2023-02-27,11.100000381469727,11.130000114440918,10.869999885559082,10.890000343322754,9406500
2023-02-28,10.880000114440918,10.930000305175781,10.8100004196167,10.869999885559082,11123000
2023-03-01,10.819999694824219,10.869999885559082,10.520000457763672,10.59000015258789,10819900
2023-03-02,10.470000267028809,10.59000015258789,10.359999656677246,10.550000190734863,10075200
2023-03-03,10.600000381469727,10.770000457763672,10.5600004196167,10.710000038146973,6868300
2023-03-06,10.75,10.880000114440918,10.710000038146973,10.720000267028809,6701600
2023-03-07,10.760000228881836,10.819999694824219,10.569999694824219,10.59000015258789,5803700
2023-03-08,10.75,10.829999923706055,10.65999984741211,10.8100004196167,10333600
2023-03-09,10.789999961853027,10.859999656677246,10.430000305175781,10.449999809265137,12243400
2023-03-10,10.420000076293945,10.479999542236328,9.949999809265137,9.970000267028809,19213800
2023-03-13,9.789999961853027,10.069999694824219,9.520000457763672,9.960000038146973,26674400
2023-03-14,10.140000343322754,10.569999694824219,10.109999656677246,10.260000228881836,17774100
2023-03-15,10.069999694824219,10.109999656677246,9.8100004196167,9.890000343322754,26016100
2023-03-16,9.850000381469727,9.989999771118164,9.739999771118164,9.960000038146973,18842000
2023-03-17,9.920000076293945,9.920000076293945,9.640000343322754,9.739999771118164,16820000
2023-03-20,9.779999732971191,9.880000114440918,9.680000305175781,9.680000305175781,14035800
2023-03-21,9.84000015258789,9.930000305175781,9.8100004196167,9.850000381469727,10491200
2023-03-22,9.800000190734863,9.970000267028809,9.710000038146973,9.760000228881836,13516500
2023-03-23,9.829999923706055,10.130000114440918,9.579999923706055,9.630000114440918,18459100
2023-03-24,9.550000190734863,9.8100004196167,9.399999618530273,9.789999961853027,12040600
2023-03-27,9.9399995803833,9.979999542236328,9.800000190734863,9.890000343322754,10786200
2023-03-28,9.84000015258789,9.90999984741211,9.770000457763672,9.859999656677246,11436400
2023-03-29,9.949999809265137,9.979999542236328,9.890000343322754,9.930000305175781,9236800
2023-03-30,9.890000343322754,9.920000076293945,9.789999961853027,9.90999984741211,6078300
2023-03-31,9.920000076293945,10.079999923706055,9.90999984741211,10.079999923706055,14563300
2023-04-03,10.0600004196167,10.149999618530273,9.949999809265137,9.979999542236328,9541200
2023-04-04,10.020000457763672,10.180000305175781,9.920000076293945,10.149999618530273,12602000
2023-04-05,10.100000381469727,10.420000076293945,10.079999923706055,10.3100004196167,9744200
2023-04-06,10.369999885559082,10.399999618530273,10.260000228881836,10.289999961853027,5470700
2023-04-10,10.270000457763672,10.3100004196167,9.760000228881836,10.020000457763672,17480300
2023-04-11,10.050000190734863,10.130000114440918,9.930000305175781,10.039999961853027,9476300
2023-04-12,10.170000076293945,10.1899995803833,10.010000228881836,10.010000228881836,7818000
2023-04-13,10.050000190734863,10.09000015258789,9.899999618530273,10.0600004196167,7570300
2023-04-14,10.079999923706055,10.109999656677246,9.819999694824219,9.960000038146973,13321500
2023-04-17,9.960000038146973,10.130000114440918,9.850000381469727,10.069999694824219,10787700
2023-04-18,10.0600004196167,10.069999694824219,9.920000076293945,10.0,8435900
2023-04-19,9.960000038146973,10.069999694824219,9.880000114440918,10.0,5602500
2023-04-20,9.9399995803833,10.020000457763672,9.880000114440918,9.979999542236328,9558900
2023-04-21,9.9399995803833,10.050000190734863,9.850000381469727,10.050000190734863,8798900
2023-04-24,10.0600004196167,10.130000114440918,9.84000015258789,10.050000190734863,13939500
2023-04-25,10.010000228881836,10.050000190734863,9.699999809265137,9.75,14525100
2023-04-26,9.829999923706055,9.9399995803833,9.699999809265137,9.779999732971191,11752800
2023-04-27,9.710000038146973,9.850000381469727,9.6899995803833,9.779999732971191,8304700
2023-04-28,9.829999923706055,9.970000267028809,9.8100004196167,9.90999984741211,12857300
2023-05-01,9.890000343322754,9.899999618530273,9.550000190734863,9.569999694824219,14125000
2023-05-02,9.569999694824219,9.630000114440918,9.100000381469727,9.239999771118164,15078300
2023-05-03,9.270000457763672,9.640000343322754,9.270000457763672,9.40999984741211,15481000
2023-05-04,9.329999923706055,9.369999885559082,9.119999885559082,9.25,13453400
2023-05-05,9.399999618530273,9.529999732971191,9.350000381469727,9.470000267028809,8071100
2023-05-08,9.470000267028809,9.529999732971191,9.380000114440918,9.5,6170800
2023-05-09,9.4399995803833,9.460000038146973,9.319999694824219,9.359999656677246,6224000
2023-05-10,9.5,9.59000015258789,9.229999542236328,9.34000015258789,9495400
2023-05-11,9.300000190734863,9.350000381469727,9.229999542236328,9.34000015258789,5250900
2023-05-12,9.369999885559082,9.369999885559082,9.149999618530273,9.170000076293945,6459300
2023-05-15,9.210000038146973,9.279999732971191,9.050000190734863,9.119999885559082,12496800
2023-05-16,9.079999923706055,9.109999656677246,9.010000228881836,9.020000457763672,5228000
2023-05-17,9.050000190734863,9.239999771118164,9.020000457763672,9.1899995803833,6722100
2023-05-18,9.180000305175781,9.289999961853027,9.130000114440918,9.279999732971191,6795400
2023-05-19,9.300000190734863,9.359999656677246,9.130000114440918,9.210000038146973,9036700
2023-05-22,9.239999771118164,9.260000228881836,9.119999885559082,9.170000076293945,7970900
2023-05-23,9.210000038146973,9.270000457763672,9.010000228881836,9.010000228881836,10666700
2023-05-24,9.0,9.0,8.75,8.869999885559082,15955100
2023-05-25,8.859999656677246,8.859999656677246,8.569999694824219,8.75,15620200
2023-05-26,8.760000228881836,9.130000114440918,8.65999984741211,9.109999656677246,11757500
2023-05-30,9.050000190734863,9.319999694824219,8.989999771118164,9.270000457763672,11554800
2023-05-31,9.170000076293945,9.279999732971191,9.069999694824219,9.1899995803833,11228800
2023-06-01,9.1899995803833,9.460000038146973,9.180000305175781,9.449999809265137,10243800
2023-06-02,9.539999961853027,9.600000381469727,9.430000305175781,9.470000267028809,8972000
2023-06-05,9.510000228881836,9.529999732971191,9.390000343322754,9.489999771118164,7952700
2023-06-06,9.460000038146973,9.720000267028809,9.449999809265137,9.65999984741211,8671300
2023-06-07,9.710000038146973,9.8100004196167,9.640000343322754,9.680000305175781,9762600
2023-06-08,9.699999809265137,9.819999694824219,9.649999618530273,9.729999542236328,7955600
2023-06-09,9.739999771118164,9.819999694824219,9.699999809265137,9.789999961853027,13677200
2023-06-12,9.789999961853027,10.050000190734863,9.760000228881836,10.029999732971191,12383300
2023-06-13,10.079999923706055,10.170000076293945,10.020000457763672,10.140000343322754,11489200
2023-06-14,10.180000305175781,10.270000457763672,10.029999732971191,10.119999885559082,11593400
2023-06-15,10.100000381469727,10.3100004196167,10.09000015258789,10.25,8760900
2023-06-16,10.229999542236328,10.279999732971191,10.140000343322754,10.210000038146973,8897600
2023-06-20,10.170000076293945,10.199999809265137,10.100000381469727,10.130000114440918,6729500
2023-06-21,10.15999984741211,10.25,10.100000381469727,10.180000305175781,6528700
2023-06-22,10.15999984741211,10.180000305175781,10.100000381469727,10.130000114440918,6158400
2023-06-23,10.09000015258789,10.109999656677246,9.930000305175781,9.9399995803833,9592300
2023-06-26,9.989999771118164,10.260000228881836,9.930000305175781,10.15999984741211,10761600
2023-06-27,10.170000076293945,10.3100004196167,10.09000015258789,10.289999961853027,10010600
2023-06-28,10.300000190734863,10.34000015258789,10.260000228881836,10.319999694824219,11207000
2023-06-29,10.170000076293945,10.180000305175781,9.960000038146973,10.149999618530273,13694500
2023-06-30,10.1899995803833,10.199999809265137,10.0600004196167,10.130000114440918,10132800
2023-07-03,10.140000343322754,10.15999984741211,9.9399995803833,9.970000267028809,5923000
2023-07-05,9.979999542236328,10.010000228881836,9.779999732971191,9.789999961853027,8636500
2023-07-06,9.680000305175781,9.680000305175781,9.319999694824219,9.470000267028809,15314900
2023-07-07,9.449999809265137,9.859999656677246,9.449999809265137,9.760000228881836,9350500
2023-07-10,9.770000457763672,9.970000267028809,9.729999542236328,9.970000267028809,6897500
2023-07-11,9.989999771118164,10.109999656677246,9.890000343322754,9.949999809265137,9279800
2023-07-12,10.119999885559082,10.15999984741211,10.069999694824219,10.149999618530273,10507200
2023-07-13,10.149999618530273,10.390000343322754,10.140000343322754,10.25,10542300
2023-07-14,10.270000457763672,10.270000457763672,10.100000381469727,10.130000114440918,7284000
2023-07-17,10.119999885559082,10.239999771118164,10.039999961853027,10.210000038146973,7724200
2023-07-18,10.220000267028809,10.319999694824219,10.180000305175781,10.260000228881836,8393200
2023-07-19,10.3100004196167,10.40999984741211,10.289999961853027,10.3100004196167,8488000
2023-07-20,10.300000190734863,10.300000190734863,10.140000343322754,10.140000343322754,10629900
2023-07-21,10.210000038146973,10.210000038146973,10.0600004196167,10.100000381469727,7567100
2023-07-24,10.149999618530273,10.329999923706055,10.109999656677246,10.260000228881836,12431600
2023-07-25,10.329999923706055,10.550000190734863,10.229999542236328,10.399999618530273,17990000
2023-07-26,10.399999618530273,10.609999656677246,10.399999618530273,10.5,13058000
2023-07-27,10.5600004196167,10.640000343322754,10.180000305175781,10.220000267028809,14688000
2023-07-28,10.210000038146973,10.380000114440918,10.109999656677246,10.329999923706055,9204000
2023-07-31,10.34000015258789,10.350000381469727,10.149999618530273,10.1899995803833,13047500
2023-08-01,10.15999984741211,10.239999771118164,10.079999923706055,10.109999656677246,9224500
2023-08-02,10.039999961853027,10.079999923706055,9.890000343322754,10.039999961853027,14004300
2023-08-03,9.9399995803833,9.960000038146973,9.699999809265137,9.710000038146973,17560000
2023-08-04,9.789999961853027,9.930000305175781,9.739999771118164,9.90999984741211,13979000
2023-08-07,9.9399995803833,10.010000228881836,9.90999984741211,9.970000267028809,7983500
2023-08-08,9.920000076293945,10.050000190734863,9.819999694824219,10.029999732971191,7964600
2023-08-09,10.039999961853027,10.069999694824219,9.920000076293945,9.989999771118164,9072900
2023-08-10,10.050000190734863,10.0600004196167,9.970000267028809,9.979999542236328,7893800
2023-08-11,9.960000038146973,9.970000267028809,9.819999694824219,9.850000381469727,7823300
2023-08-14,9.859999656677246,9.869999885559082,9.609999656677246,9.680000305175781,18605400
2023-08-15,9.649999618530273,9.670000076293945,9.5600004196167,9.609999656677246,9357200
2023-08-16,9.600000381469727,9.65999984741211,9.520000457763672,9.550000190734863,10608300
2023-08-17,9.5600004196167,9.609999656677246,9.40999984741211,9.449999809265137,11611000
2023-08-18,9.399999618530273,9.569999694824219,9.350000381469727,9.479999542236328,17481600
2023-08-21,9.5,9.529999732971191,9.399999618530273,9.510000228881836,10619700
2023-08-22,9.569999694824219,9.579999923706055,9.449999809265137,9.460000038146973,14417600
2023-08-23,9.5,9.710000038146973,9.489999771118164,9.680000305175781,13871200
2023-08-24,9.680000305175781,9.819999694824219,9.649999618530273,9.710000038146973,9274800
2023-08-25,9.75,9.8100004196167,9.640000343322754,9.760000228881836,7348700
2023-08-28,9.829999923706055,9.989999771118164,9.8100004196167,9.989999771118164,11074000
2023-08-29,10.0,10.140000343322754,9.920000076293945,10.119999885559082,13068600
2023-08-30,9.970000267028809,9.979999542236328,9.829999923706055,9.850000381469727,10318900
2023-08-31,9.850000381469727,9.9399995803833,9.84000015258789,9.90999984741211,10352300
2023-09-01,9.9399995803833,10.020000457763672,9.869999885559082,9.960000038146973,7888300
2023-09-05,9.949999809265137,9.949999809265137,9.75,9.760000228881836,10765400
2023-09-06,9.770000457763672,9.779999732971191,9.630000114440918,9.680000305175781,8225900
2023-09-07,9.630000114440918,9.699999809265137,9.569999694824219,9.630000114440918,8352100
2023-09-08,9.65999984741211,9.739999771118164,9.649999618530273,9.6899995803833,7821700
2023-09-11,9.720000267028809,9.84000015258789,9.699999809265137,9.829999923706055,7491900
2023-09-12,9.850000381469727,9.949999809265137,9.760000228881836,9.770000457763672,10996100
2023-09-13,9.84000015258789,9.949999809265137,9.739999771118164,9.930000305175781,9952300
2023-09-14,9.970000267028809,10.119999885559082,9.970000267028809,10.09000015258789,16386800
2023-09-15,10.069999694824219,10.09000015258789,10.020000457763672,10.069999694824219,14225600
2023-09-18,10.170000076293945,10.270000457763672,10.140000343322754,10.170000076293945,19431300
2023-09-19,10.15999984741211,10.289999961853027,10.09000015258789,10.119999885559082,8936100
2023-09-20,10.15999984741211,10.260000228881836,10.109999656677246,10.109999656677246,8572700
2023-09-21,10.020000457763672,10.050000190734863,9.779999732971191,9.779999732971191,13448800
2023-09-22,9.819999694824219,9.890000343322754,9.760000228881836,9.8100004196167,12083800
2023-09-25,9.770000457763672,9.8100004196167,9.649999618530273,9.670000076293945,14356800
2023-09-26,9.640000343322754,9.649999618530273,9.430000305175781,9.449999809265137,19335300
2023-09-27,9.489999771118164,9.529999732971191,9.279999732971191,9.380000114440918,18309500
2023-09-28,9.260000228881836,9.460000038146973,9.149999618530273,9.399999618530273,11391100
2023-09-29,9.449999809265137,9.59000015258789,9.420000076293945,9.4399995803833,11899600
2023-10-02,9.449999809265137,9.449999809265137,9.069999694824219,9.109999656677246,13881900
2023-10-03,9.020000457763672,9.0600004196167,8.800000190734863,8.920000076293945,20210300
2023-10-04,8.970000267028809,8.970000267028809,8.5600004196167,8.789999961853027,19186200
2023-10-05,8.789999961853027,9.039999961853027,8.710000038146973,9.0,12895800
2023-10-06,8.859999656677246,9.0600004196167,8.819999694824219,8.930000305175781,8596600
2023-10-09,8.899999618530273,9.140000343322754,8.899999618530273,9.09000015258789,9514100
2023-10-10,9.069999694824219,9.199999809265137,9.050000190734863,9.119999885559082,10304400
2023-10-11,9.170000076293945,9.210000038146973,9.069999694824219,9.180000305175781,9431600
2023-10-12,9.140000343322754,9.15999984741211,8.829999923706055,8.930000305175781,11839200
2023-10-13,8.949999809265137,8.989999771118164,8.770000457763672,8.779999732971191,16203400
2023-10-16,8.829999923706055,8.930000305175781,8.680000305175781,8.90999984741211,11258900
2023-10-17,8.829999923706055,8.90999984741211,8.770000457763672,8.850000381469727,16109300
2023-10-18,8.779999732971191,8.789999961853027,8.569999694824219,8.579999923706055,17240400
2023-10-19,8.579999923706055,8.59000015258789,8.199999809265137,8.260000228881836,33088300
2023-10-20,8.25,8.359999656677246,8.199999809265137,8.199999809265137,15222200
2023-10-23,8.109999656677246,8.170000076293945,7.929999828338623,8.109999656677246,17200000
2023-10-24,7.349999904632568,7.730000019073486,7.340000152587891,7.539999961853027,43471500
2023-10-25,7.440000057220459,7.480000019073486,6.980000019073486,6.980000019073486,60663900
2023-10-26,7.0,7.309999942779541,7.0,7.130000114440918,30726100
2023-10-27,7.179999828338623,7.230000019073486,7.0,7.0,22024500
2023-10-30,6.949999809265137,7.050000190734863,6.809999942779541,6.940000057220459,17291800
2023-10-31,7.110000133514404,7.46999979019165,7.079999923706055,7.380000114440918,22784700
2023-11-01,7.349999904632568,7.800000190734863,7.329999923706055,7.760000228881836,24741600
2023-11-02,7.900000095367432,8.1899995803833,7.849999904632568,8.15999984741211,26814700
2023-11-03,8.399999618530273,8.579999923706055,8.300000190734863,8.350000381469727,22574200
2023-11-06,8.350000381469727,8.390000343322754,8.199999809265137,8.34000015258789,17668000
2023-11-07,8.319999694824219,8.479999542236328,8.220000267028809,8.460000038146973,15043600
2023-11-08,8.470000267028809,8.529999732971191,8.369999885559082,8.510000228881836,13247900
2023-11-09,8.569999694824219,8.649999618530273,8.220000267028809,8.270000457763672,15888100
2023-11-10,8.350000381469727,8.420000076293945,8.25,8.399999618530273,12507800
2023-11-13,8.300000190734863,8.449999809265137,8.25,8.4399995803833,9381000
2023-11-14,8.710000038146973,8.829999923706055,8.640000343322754,8.670000076293945,19485900
2023-11-15,8.720000267028809,8.720000267028809,8.579999923706055,8.670000076293945,14778900
2023-11-16,8.670000076293945,8.779999732971191,8.59000015258789,8.680000305175781,13384300
2023-11-17,8.729999542236328,8.829999923706055,8.609999656677246,8.699999809265137,10897200
2023-11-20,8.720000267028809,8.819999694824219,8.649999618530273,8.770000457763672,12788600
2023-11-21,8.75,8.829999923706055,8.75,8.819999694824219,14817000
2023-11-22,8.869999885559082,8.949999809265137,8.739999771118164,8.789999961853027,15060100
2023-11-24,8.789999961853027,8.84000015258789,8.6899995803833,8.710000038146973,7589800
2023-11-27,8.720000267028809,8.770000457763672,8.569999694824219,8.720000267028809,14226000
2023-11-28,8.720000267028809,8.930000305175781,8.619999885559082,8.84000015258789,17812500
2023-11-29,8.779999732971191,8.989999771118164,8.779999732971191,8.949999809265137,16352600
2023-11-30,8.949999809265137,8.989999771118164,8.789999961853027,8.819999694824219,17749300
2023-12-01,8.8100004196167,9.100000381469727,8.789999961853027,9.050000190734863,21228000
2023-12-04,9.0,9.09000015258789,8.970000267028809,9.079999923706055,13722800
2023-12-05,9.079999923706055,9.130000114440918,8.949999809265137,9.0,9665200
2023-12-06,9.039999961853027,9.079999923706055,8.850000381469727,8.90999984741211,12637000
2023-12-07,8.9399995803833,9.0,8.890000343322754,8.960000038146973,10419100
2023-12-08,8.899999618530273,9.069999694824219,8.869999885559082,9.010000228881836,10045900
2023-12-11,9.029999732971191,9.09000015258789,8.899999618530273,8.920000076293945,10591400
2023-12-12,8.930000305175781,9.029999732971191,8.869999885559082,8.949999809265137,11084000
2023-12-13,8.979999542236328,9.420000076293945,8.9399995803833,9.369999885559082,22121600
2023-12-14,9.5600004196167,9.920000076293945,9.539999961853027,9.880000114440918,28446400
2023-12-15,9.880000114440918,9.960000038146973,9.699999809265137,9.729999542236328,25772600
2023-12-18,9.770000457763672,9.84000015258789,9.680000305175781,9.729999542236328,12125000
2023-12-19,9.779999732971191,9.949999809265137,9.770000457763672,9.850000381469727,14485900
2023-12-20,9.8100004196167,9.9399995803833,9.670000076293945,9.770000457763672,13495000
2023-12-21,9.890000343322754,9.920000076293945,9.8100004196167,9.920000076293945,10338400
2023-12-22,9.949999809265137,10.020000457763672,9.90999984741211,9.949999809265137,10366600
2023-12-26,9.989999771118164,10.109999656677246,9.979999542236328,10.069999694824219,9049800
2023-12-27,10.109999656677246,10.140000343322754,10.039999961853027,10.130000114440918,13197400
2023-12-28,10.010000228881836,10.069999694824219,9.949999809265137,10.0600004196167,11073600
2023-12-29,9.930000305175781,10.020000457763672,9.8100004196167,9.8100004196167,11909300
2024-01-02,9.729999542236328,9.75,9.59000015258789,9.65999984741211,13970300
2024-01-03,9.5600004196167,9.59000015258789,9.3100004196167,9.5,13575500
2024-01-04,9.5,9.5,9.350000381469727,9.390000343322754,13891700
2024-01-05,9.34000015258789,9.649999618530273,9.300000190734863,9.600000381469727,11985500
2024-01-08,9.640000343322754,9.970000267028809,9.5600004196167,9.960000038146973,14624300
2024-01-09,9.880000114440918,9.970000267028809,9.829999923706055,9.949999809265137,9567500
2024-01-10,9.979999542236328,10.069999694824219,9.890000343322754,9.930000305175781,9036100
2024-01-11,9.899999618530273,10.0,9.729999542236328,9.970000267028809,13109300
2024-01-12,10.020000457763672,10.1899995803833,10.010000228881836,10.069999694824219,11234700
2024-01-16,9.979999542236328,10.050000190734863,9.869999885559082,9.9399995803833,12248300
2024-01-17,9.8100004196167,9.899999618530273,9.670000076293945,9.699999809265137,11579200
2024-01-18,9.770000457763672,9.829999923706055,9.640000343322754,9.760000228881836,17948100
2024-01-19,9.8100004196167,9.819999694824219,9.520000457763672,9.789999961853027,17837800
2024-01-22,9.850000381469727,9.890000343322754,9.630000114440918,9.699999809265137,15674200
2024-01-23,9.600000381469727,9.800000190734863,9.520000457763672,9.75,26033400
2024-01-24,9.850000381469727,9.920000076293945,9.710000038146973,9.720000267028809,14822900
2024-01-25,9.770000457763672,9.850000381469727,9.699999809265137,9.819999694824219,11862800
2024-01-26,9.859999656677246,9.899999618530273,9.800000190734863,9.8100004196167,10275900
2024-01-29,9.850000381469727,9.949999809265137,9.779999732971191,9.920000076293945,12981000
2024-01-30,9.770000457763672,9.770000457763672,9.59000015258789,9.59000015258789,13543100
2024-01-31,9.609999656677246,9.6899995803833,9.470000267028809,9.479999542236328,14116300
2024-02-01,9.5600004196167,9.699999809265137,9.34000015258789,9.670000076293945,17807600
2024-02-02,9.470000267028809,9.609999656677246,9.40999984741211,9.550000190734863,13647100
2024-02-05,9.430000305175781,9.4399995803833,9.220000267028809,9.390000343322754,16396500
2024-02-06,9.390000343322754,9.520000457763672,9.350000381469727,9.479999542236328,8274300
2024-02-07,9.489999771118164,9.510000228881836,9.25,9.319999694824219,13221200
2024-02-08,9.300000190734863,9.420000076293945,9.25,9.350000381469727,11639500
2024-02-09,9.399999618530273,9.470000267028809,9.34000015258789,9.4399995803833,10127100
2024-02-12,9.460000038146973,9.600000381469727,9.399999618530273,9.539999961853027,12588000
2024-02-13,9.329999923706055,9.350000381469727,9.149999618530273,9.210000038146973,18158200
2024-02-14,9.279999732971191,9.34000015258789,9.199999809265137,9.25,11626100
2024-02-15,9.319999694824219,9.630000114440918,9.300000190734863,9.5600004196167,14945800
2024-02-16,9.430000305175781,9.59000015258789,9.369999885559082,9.479999542236328,9606400
2024-02-20,9.460000038146973,9.529999732971191,9.420000076293945,9.5,10613800
2024-02-21,9.479999542236328,9.520000457763672,9.40999984741211,9.479999542236328,6131900
2024-02-22,9.479999542236328,9.579999923706055,9.4399995803833,9.449999809265137,9805300
2024-02-23,9.460000038146973,9.579999923706055,9.430000305175781,9.510000228881836,9525400
2024-02-26,9.529999732971191,9.59000015258789,9.489999771118164,9.539999961853027,9585200
2024-02-27,9.59000015258789,9.640000343322754,9.5,9.569999694824219,13170800
2024-02-28,9.399999618530273,9.460000038146973,9.369999885559082,9.390000343322754,10670500
2024-02-29,9.479999542236328,9.59000015258789,9.420000076293945,9.5600004196167,15277900
2024-03-01,9.529999732971191,9.600000381469727,9.479999542236328,9.579999923706055,10378400
2024-03-04,9.579999923706055,9.600000381469727,9.479999542236328,9.5,10519500
2024-03-05,9.479999542236328,9.579999923706055,9.460000038146973,9.510000228881836,9587500
2024-03-06,9.579999923706055,9.630000114440918,9.550000190734863,9.579999923706055,9715100
2024-03-07,9.649999618530273,9.710000038146973,9.619999885559082,9.630000114440918,7709500
2024-03-08,9.729999542236328,9.819999694824219,9.670000076293945,9.729999542236328,9849200
2024-03-11,9.75,9.920000076293945,9.720000267028809,9.819999694824219,12686900
2024-03-12,9.850000381469727,9.850000381469727,9.770000457763672,9.84000015258789,6927300
2024-03-13,9.859999656677246,9.899999618530273,9.8100004196167,9.859999656677246,8633300
2024-03-14,9.829999923706055,9.859999656677246,9.59000015258789,9.619999885559082,8534500
2024-03-15,9.579999923706055,9.720000267028809,9.550000190734863,9.630000114440918,16690100
2024-03-18,9.65999984741211,9.670000076293945,9.569999694824219,9.600000381469727,9674300
2024-03-19,9.579999923706055,9.649999618530273,9.539999961853027,9.59000015258789,8667500
2024-03-20,9.59000015258789,9.800000190734863,9.5600004196167,9.739999771118164,15455000
2024-03-21,9.779999732971191,9.869999885559082,9.739999771118164,9.829999923706055,9580700
2024-03-22,9.869999885559082,9.920000076293945,9.770000457763672,9.779999732971191,10185100
2024-03-25,9.819999694824219,9.880000114440918,9.789999961853027,9.859999656677246,8955600
2024-03-26,9.890000343322754,9.890000343322754,9.739999771118164,9.739999771118164,10352900
2024-03-27,9.680000305175781,9.800000190734863,9.649999618530273,9.789999961853027,7269100
2024-03-28,9.779999732971191,9.90999984741211,9.779999732971191,9.899999618530273,10238200
2024-04-01,9.890000343322754,9.890000343322754,9.75,9.800000190734863,7476500
2024-04-02,9.720000267028809,9.819999694824219,9.699999809265137,9.699999809265137,7919300
2024-04-03,9.649999618530273,9.6899995803833,9.609999656677246,9.6899995803833,9357600
2024-04-04,9.75,9.819999694824219,9.649999618530273,9.649999618530273,6368800
2024-04-05,9.619999885559082,9.699999809265137,9.600000381469727,9.65999984741211,6054600
2024-04-08,9.720000267028809,9.720000267028809,9.619999885559082,9.699999809265137,8030100
2024-04-09,9.720000267028809,9.779999732971191,9.680000305175781,9.779999732971191,7636700
2024-04-10,9.600000381469727,9.649999618530273,9.300000190734863,9.319999694824219,22399000
2024-04-11,9.399999618530273,9.479999542236328,9.239999771118164,9.390000343322754,14234100
2024-04-12,9.350000381469727,9.40999984741211,9.3100004196167,9.3100004196167,9850400
2024-04-15,9.319999694824219,9.369999885559082,9.039999961853027,9.130000114440918,13514700
2024-04-16,9.109999656677246,9.140000343322754,8.920000076293945,8.960000038146973,13910700
2024-04-17,9.020000457763672,9.109999656677246,9.0,9.039999961853027,7594600
2024-04-18,9.039999961853027,9.119999885559082,9.010000228881836,9.0600004196167,12774000
2024-04-19,9.069999694824219,9.199999809265137,9.0600004196167,9.149999618530273,10174600
2024-04-22,9.180000305175781,9.239999771118164,9.140000343322754,9.199999809265137,12554000
2024-04-23,9.100000381469727,9.380000114440918,9.0,9.369999885559082,18484600
2024-04-24,9.319999694824219,9.380000114440918,9.239999771118164,9.359999656677246,11672300
2024-04-25,9.300000190734863,9.319999694824219,9.15999984741211,9.239999771118164,18869700
2024-04-26,9.279999732971191,9.390000343322754,9.25,9.329999923706055,13154100
2024-04-29,9.25,9.319999694824219,9.229999542236328,9.239999771118164,10293700
2024-04-30,9.180000305175781,9.229999542236328,9.130000114440918,9.149999618530273,9004800
2024-05-01,9.149999618530273,9.34000015258789,9.140000343322754,9.25,17635800
2024-05-02,9.319999694824219,9.350000381469727,9.260000228881836,9.300000190734863,9364200
2024-05-03,9.399999618530273,9.489999771118164,9.359999656677246,9.399999618530273,12486800
2024-05-06,9.4399995803833,9.539999961853027,9.4399995803833,9.539999961853027,9015400
2024-05-07,9.630000114440918,9.789999961853027,9.510000228881836,9.520000457763672,9690800
2024-05-08,9.470000267028809,9.569999694824219,9.449999809265137,9.529999732971191,7832500
2024-05-09,9.539999961853027,9.649999618530273,9.520000457763672,9.640000343322754,8601300
2024-05-10,9.640000343322754,9.680000305175781,9.619999885559082,9.65999984741211,11343900
2024-05-13,9.720000267028809,9.75,9.680000305175781,9.699999809265137,7184200
2024-05-14,9.729999542236328,9.779999732971191,9.720000267028809,9.760000228881836,11949900
2024-05-15,9.850000381469727,9.890000343322754,9.8100004196167,9.869999885559082,13174000
2024-05-16,9.869999885559082,9.930000305175781,9.819999694824219,9.890000343322754,10028800
2024-05-17,9.890000343322754,9.90999984741211,9.850000381469727,9.899999618530273,6257700
2024-05-20,9.899999618530273,9.920000076293945,9.8100004196167,9.8100004196167,8405000
2024-05-21,9.8100004196167,9.890000343322754,9.800000190734863,9.880000114440918,7077100
2024-05-22,9.880000114440918,9.880000114440918,9.760000228881836,9.770000457763672,8559000
2024-05-23,9.800000190734863,9.8100004196167,9.539999961853027,9.5600004196167,12167000
2024-05-24,9.630000114440918,9.65999984741211,9.59000015258789,9.640000343322754,8867000
2024-05-28,9.710000038146973,9.729999542236328,9.569999694824219,9.59000015258789,10663300
2024-05-29,9.539999961853027,9.539999961853027,9.420000076293945,9.470000267028809,14977800
2024-05-30,9.550000190734863,9.609999656677246,9.5,9.59000015258789,12580300
2024-05-31,9.489999771118164,9.600000381469727,9.479999542236328,9.59000015258789,9954500
2024-06-03,9.609999656677246,9.729999542236328,9.579999923706055,9.720000267028809,10923500
2024-06-04,9.680000305175781,9.75,9.640000343322754,9.720000267028809,8134900
2024-06-05,9.75,9.819999694824219,9.680000305175781,9.8100004196167,8028100
2024-06-06,9.779999732971191,9.819999694824219,9.710000038146973,9.729999542236328,13183100
2024-06-07,9.630000114440918,9.699999809265137,9.59000015258789,9.65999984741211,7804600
2024-06-10,9.640000343322754,9.720000267028809,9.619999885559082,9.65999984741211,8743000
2024-06-11,9.649999618530273,9.680000305175781,9.520000457763672,9.5600004196167,10295700
2024-06-12,9.729999542236328,9.869999885559082,9.670000076293945,9.729999542236328,16411300
2024-06-13,9.729999542236328,9.899999618530273,9.720000267028809,9.869999885559082,12439200
2024-06-14,9.800000190734863,9.880000114440918,9.760000228881836,9.789999961853027,15008000
2024-06-17,9.770000457763672,9.829999923706055,9.720000267028809,9.729999542236328,10434300
2024-06-18,9.720000267028809,9.760000228881836,9.680000305175781,9.729999542236328,11140300
2024-06-20,9.739999771118164,9.829999923706055,9.739999771118164,9.789999961853027,11668000
2024-06-21,9.789999961853027,9.800000190734863,9.720000267028809,9.760000228881836,15425300
2024-06-24,9.760000228881836,9.890000343322754,9.760000228881836,9.850000381469727,11541300
2024-06-25,9.859999656677246,9.859999656677246,9.729999542236328,9.760000228881836,11450600
2024-06-26,9.75,9.75,9.630000114440918,9.670000076293945,12986100
2024-06-27,9.710000038146973,9.710000038146973,9.600000381469727,9.640000343322754,13863500
2024-06-28,9.59000015258789,9.609999656677246,9.5,9.539999961853027,11695100
2024-07-01,9.5600004196167,9.579999923706055,9.359999656677246,9.479999542236328,17392000
2024-07-02,9.489999771118164,9.670000076293945,9.479999542236328,9.65999984741211,13235800
2024-07-03,9.649999618530273,9.729999542236328,9.640000343322754,9.6899995803833,6412300
2024-07-05,9.670000076293945,9.75,9.649999618530273,9.75,6003800
2024-07-08,9.779999732971191,9.789999961853027,9.680000305175781,9.680000305175781,7774900
2024-07-09,9.680000305175781,9.789999961853027,9.619999885559082,9.739999771118164,10472100
2024-07-10,9.779999732971191,9.899999618530273,9.779999732971191,9.899999618530273,14007400
2024-07-11,10.0,10.15999984741211,9.989999771118164,10.149999618530273,21068500
2024-07-12,10.149999618530273,10.529999732971191,10.149999618530273,10.449999809265137,29189900
2024-07-15,10.449999809265137,10.5,10.319999694824219,10.369999885559082,19452600
2024-07-16,10.40999984741211,10.529999732971191,10.390000343322754,10.510000228881836,18682600
2024-07-17,10.489999771118164,10.569999694824219,10.369999885559082,10.380000114440918,14817200
2024-07-18,10.359999656677246,10.489999771118164,10.229999542236328,10.289999961853027,14761900
2024-07-19,10.25,10.319999694824219,10.149999618530273,10.220000267028809,11758800
2024-07-22,10.279999732971191,10.34000015258789,10.210000038146973,10.25,18321100
2024-07-23,10.069999694824219,10.34000015258789,10.0600004196167,10.319999694824219,22800400
2024-07-24,10.289999961853027,10.34000015258789,9.920000076293945,9.9399995803833,26000300
2024-07-25,9.970000267028809,10.0600004196167,9.869999885559082,9.869999885559082,22188300
2024-07-26,9.970000267028809,10.069999694824219,9.899999618530273,10.050000190734863,22856400
2024-07-29,10.109999656677246,10.199999809265137,10.079999923706055,10.100000381469727,14695000
2024-07-30,10.140000343322754,10.180000305175781,10.100000381469727,10.149999618530273,12949300
2024-07-31,10.069999694824219,10.100000381469727,9.979999542236328,10.010000228881836,17629500
2024-08-01,10.039999961853027,10.079999923706055,9.9399995803833,10.079999923706055,21541800
2024-08-02,9.970000267028809,10.100000381469727,9.880000114440918,10.0600004196167,26041000
2024-08-05,9.65999984741211,9.989999771118164,9.529999732971191,9.779999732971191,29464800
2024-08-06,9.850000381469727,10.020000457763672,9.800000190734863,9.989999771118164,17301100
2024-08-07,10.069999694824219,10.140000343322754,9.949999809265137,9.949999809265137,13204300
2024-08-08,10.029999732971191,10.109999656677246,9.970000267028809,10.069999694824219,11940500
2024-08-09,10.09000015258789,10.119999885559082,10.010000228881836,10.09000015258789,12032800
2024-08-12,10.09000015258789,10.100000381469727,9.649999618530273,9.949999809265137,10150000
2024-08-13,10.029999732971191,10.050000190734863,9.979999542236328,10.0,11174600
2024-08-14,10.0,10.029999732971191,9.979999542236328,10.0,8359400
2024-08-15,10.0,10.109999656677246,9.960000038146973,10.039999961853027,12271300
2024-08-16,10.039999961853027,10.140000343322754,10.029999732971191,10.100000381469727,9591500
2024-08-19,10.140000343322754,10.1899995803833,10.130000114440918,10.15999984741211,13479500
2024-08-20,10.170000076293945,10.199999809265137,10.100000381469727,10.119999885559082,8593000
2024-08-21,10.149999618530273,10.180000305175781,10.100000381469727,10.149999618530273,11010200
2024-08-22,10.170000076293945,10.170000076293945,10.09000015258789,10.100000381469727,8580400
2024-08-23,10.149999618530273,10.239999771118164,10.130000114440918,10.1899995803833,16451600
2024-08-26,10.229999542236328,10.350000381469727,10.220000267028809,10.3100004196167,13902300
2024-08-27,10.289999961853027,10.329999923706055,10.25,10.260000228881836,9706300
2024-08-28,10.270000457763672,10.359999656677246,10.239999771118164,10.279999732971191,13328500
2024-08-29,10.289999961853027,10.319999694824219,10.239999771118164,10.279999732971191,14597300
2024-08-30,10.15999984741211,10.270000457763672,10.15999984741211,10.210000038146973,14305200
2024-09-03,10.149999618530273,10.260000228881836,10.130000114440918,10.210000038146973,12239800
2024-09-04,10.210000038146973,10.25,10.130000114440918,10.170000076293945,12042300
2024-09-05,10.199999809265137,10.260000228881836,10.1899995803833,10.25,11764000
2024-09-06,10.260000228881836,10.289999961853027,10.180000305175781,10.210000038146973,12432400
2024-09-09,10.229999542236328,10.270000457763672,10.199999809265137,10.210000038146973,15340300
2024-09-10,10.220000267028809,10.270000457763672,10.199999809265137,10.260000228881836,11567700
2024-09-11,10.220000267028809,10.25,10.109999656677246,10.180000305175781,17983300
2024-09-12,10.199999809265137,10.239999771118164,10.149999618530273,10.229999542236328,10548100
2024-09-13,10.279999732971191,10.350000381469727,10.260000228881836,10.350000381469727,14790400
2024-09-16,10.399999618530273,10.569999694824219,10.380000114440918,10.550000190734863,20467000
2024-09-17,10.569999694824219,10.649999618530273,10.550000190734863,10.5600004196167,15613400
2024-09-18,10.579999923706055,10.729999542236328,10.520000457763672,10.65999984741211,17212300
2024-09-19,10.84000015258789,10.850000381469727,10.529999732971191,10.5600004196167,22862100
2024-09-20,10.630000114440918,10.670000076293945,10.470000267028809,10.489999771118164,27374100
2024-09-23,10.510000228881836,10.529999732971191,10.319999694824219,10.350000381469727,23144500
2024-09-24,10.399999618530273,10.520000457763672,10.390000343322754,10.470000267028809,23613200
2024-09-25,10.449999809265137,10.470000267028809,10.350000381469727,10.369999885559082,16095400
2024-09-26,10.449999809265137,10.460000038146973,10.329999923706055,10.399999618530273,15643700
2024-09-27,10.479999542236328,10.550000190734863,10.399999618530273,10.529999732971191,17232300
2024-09-30,10.40999984741211,10.479999542236328,10.359999656677246,10.460000038146973,13271400
2024-10-01,10.4399995803833,10.460000038146973,10.180000305175781,10.270000457763672,21280800
2024-10-02,10.260000228881836,10.3100004196167,10.229999542236328,10.300000190734863,10622200
2024-10-03,10.300000190734863,10.329999923706055,10.1899995803833,10.3100004196167,13312400
2024-10-04,10.300000190734863,10.329999923706055,10.199999809265137,10.319999694824219,15411300
2024-10-07,10.329999923706055,10.350000381469727,10.130000114440918,10.149999618530273,15796700
2024-10-08,10.170000076293945,10.34000015258789,10.140000343322754,10.3100004196167,13486600
2024-10-09,10.34000015258789,10.359999656677246,10.279999732971191,10.300000190734863,9773000
2024-10-10,10.279999732971191,10.369999885559082,10.260000228881836,10.369999885559082,12078900
2024-10-11,10.359999656677246,10.390000343322754,10.289999961853027,10.3100004196167,11170600
2024-10-14,10.300000190734863,10.380000114440918,10.270000457763672,10.369999885559082,9794000
2024-10-15,10.369999885559082,10.479999542236328,10.369999885559082,10.449999809265137,14079900
2024-10-16,10.5,10.550000190734863,10.479999542236328,10.489999771118164,14693900
2024-10-17,10.449999809265137,10.510000228881836,10.449999809265137,10.460000038146973,11153200
2024-10-18,10.510000228881836,10.600000381469727,10.489999771118164,10.600000381469727,13532200
2024-10-21,10.59000015258789,10.59000015258789,10.350000381469727,10.380000114440918,19153200
2024-10-22,10.350000381469727,10.350000381469727,10.010000228881836,10.010000228881836,33889200
2024-10-23,9.989999771118164,10.100000381469727,9.869999885559082,9.9399995803833,38758300
2024-10-24,10.0,10.020000457763672,9.890000343322754,9.9399995803833,20075000
2024-10-25,9.989999771118164,10.0600004196167,9.930000305175781,9.930000305175781,16428300
2024-10-28,9.989999771118164,9.989999771118164,9.609999656677246,9.640000343322754,53951300
2024-10-29,9.550000190734863,9.600000381469727,9.390000343322754,9.539999961853027,50525900
2024-10-30,9.569999694824219,9.630000114440918,9.510000228881836,9.609999656677246,25441200
2024-10-31,9.479999542236328,9.510000228881836,9.3100004196167,9.3100004196167,21246100
2024-11-01,9.399999618530273,9.449999809265137,9.289999961853027,9.3100004196167,23911800
2024-11-04,9.319999694824219,9.420000076293945,9.3100004196167,9.350000381469727,23229900
2024-11-05,9.359999656677246,9.529999732971191,9.289999961853027,9.520000457763672,22083500
2024-11-06,9.520000457763672,9.550000190734863,9.149999618530273,9.380000114440918,37047700
2024-11-07,9.399999618530273,9.579999923706055,9.399999618530273,9.520000457763672,21028600
2024-11-08,9.529999732971191,9.729999542236328,9.529999732971191,9.65999984741211,20584100
2024-11-11,9.65999984741211,9.710000038146973,9.619999885559082,9.680000305175781,14309100
2024-11-12,9.619999885559082,9.630000114440918,9.430000305175781,9.470000267028809,20365300
2024-11-13,9.529999732971191,9.579999923706055,9.479999542236328,9.520000457763672,16821600
2024-11-14,9.510000228881836,9.600000381469727,9.5,9.510000228881836,11374100
2024-11-15,9.520000457763672,9.600000381469727,9.399999618530273,9.579999923706055,16035900
2024-11-18,9.550000190734863,9.6899995803833,9.479999542236328,9.670000076293945,14503500
2024-11-19,9.630000114440918,9.739999771118164,9.600000381469727,9.670000076293945,12622900
2024-11-20,9.649999618530273,9.680000305175781,9.550000190734863,9.649999618530273,15264100
2024-11-21,9.649999618530273,9.739999771118164,9.649999618530273,9.699999809265137,10568300
2024-11-22,9.720000267028809,9.800000190734863,9.710000038146973,9.739999771118164,12423500
2024-11-25,9.8100004196167,9.84000015258789,9.739999771118164,9.75,20240400
2024-11-26,9.760000228881836,9.760000228881836,9.539999961853027,9.640000343322754,22242100
2024-11-27,9.680000305175781,9.789999961853027,9.670000076293945,9.760000228881836,12126400
2024-11-29,9.670000076293945,9.680000305175781,9.619999885559082,9.65999984741211,9931600
2024-12-02,9.619999885559082,9.640000343322754,9.539999961853027,9.600000381469727,14346900
2024-12-03,9.59000015258789,9.649999618530273,9.479999542236328,9.479999542236328,17805100
2024-12-04,9.489999771118164,9.529999732971191,9.430000305175781,9.510000228881836,12109300
2024-12-05,9.520000457763672,9.569999694824219,9.489999771118164,9.550000190734863,9285700
2024-12-06,9.600000381469727,9.720000267028809,9.600000381469727,9.710000038146973,15316000
2024-12-09,9.680000305175781,9.75,9.649999618530273,9.680000305175781,15772800
2024-12-10,9.680000305175781,9.720000267028809,9.600000381469727,9.609999656677246,13868000
2024-12-11,9.640000343322754,9.680000305175781,9.550000190734863,9.609999656677246,13798500
2024-12-12,9.59000015258789,9.670000076293945,9.539999961853027,9.539999961853027,11995300
2024-12-13,9.550000190734863,9.59000015258789,9.5,9.579999923706055,12399500
2024-12-16,9.569999694824219,9.680000305175781,9.5600004196167,9.649999618530273,14973000
2024-12-17,9.630000114440918,9.720000267028809,9.5600004196167,9.569999694824219,15993100
2024-12-18,9.569999694824219,9.670000076293945,9.279999732971191,9.3100004196167,21016900
2024-12-19,9.369999885559082,9.479999542236328,9.239999771118164,9.270000457763672,21140300
2024-12-20,9.300000190734863,9.579999923706055,9.270000457763672,9.449999809265137,34103000
2024-12-23,9.460000038146973,9.5,9.369999885559082,9.449999809265137,14511500
2024-12-24,9.449999809265137,9.470000267028809,9.359999656677246,9.470000267028809,10784700
2024-12-26,9.430000305175781,9.449999809265137,9.359999656677246,9.380000114440918,18438300
2024-12-27,9.369999885559082,9.430000305175781,9.289999961853027,9.329999923706055,17135600
2024-12-30,9.329999923706055,9.329999923706055,9.1899995803833,9.25,23971300
2024-12-31,9.170000076293945,9.270000457763672,9.109999656677246,9.210000038146973,21158400
2025-01-02,9.239999771118164,9.380000114440918,9.229999542236328,9.279999732971191,19429200
2025-01-03,9.300000190734863,9.479999542236328,9.289999961853027,9.4399995803833,19364200
2025-01-06,9.460000038146973,9.470000267028809,9.319999694824219,9.319999694824219,17062600
2025-01-07,9.329999923706055,9.40999984741211,9.260000228881836,9.319999694824219,18327000
2025-01-08,9.260000228881836,9.3100004196167,9.170000076293945,9.289999961853027,15327500
2025-01-10,9.210000038146973,9.270000457763672,9.130000114440918,9.140000343322754,23942500
2025-01-13,9.149999618530273,9.149999618530273,8.960000038146973,9.119999885559082,22312400
2025-01-14,9.149999618530273,9.260000228881836,9.149999618530273,9.239999771118164,15349800
2025-01-15,9.399999618530273,9.449999809265137,9.3100004196167,9.390000343322754,12866100
2025-01-16,9.390000343322754,9.5600004196167,9.380000114440918,9.550000190734863,17485700
2025-01-17,9.579999923706055,9.649999618530273,9.5600004196167,9.609999656677246,17710300
2025-01-21,9.649999618530273,9.729999542236328,9.630000114440918,9.729999542236328,16516600
2025-01-22,9.720000267028809,9.770000457763672,9.670000076293945,9.710000038146973,14550800
2025-01-23,9.710000038146973,9.739999771118164,9.619999885559082,9.640000343322754,19790500
2025-01-24,9.649999618530273,9.729999542236328,9.630000114440918,9.680000305175781,16119500
2025-01-27,9.6899995803833,9.84000015258789,9.649999618530273,9.789999961853027,27647400
2025-01-28,9.699999809265137,9.890000343322754,9.699999809265137,9.869999885559082,26474000
2025-01-29,9.869999885559082,9.960000038146973,9.789999961853027,9.829999923706055,16377900
2025-01-30,9.920000076293945,10.09000015258789,9.90999984741211,10.079999923706055,32159800
2025-01-31,9.970000267028809,10.0600004196167,9.90999984741211,9.970000267028809,29659500
2025-02-03,9.720000267028809,10.0,9.6899995803833,9.949999809265137,22185400
2025-02-04,9.930000305175781,10.09000015258789,9.899999618530273,10.069999694824219,20719900
2025-02-05,10.0600004196167,10.130000114440918,10.050000190734863,10.109999656677246,20454500
2025-02-06,10.109999656677246,10.170000076293945,10.09000015258789,10.140000343322754,13017300
2025-02-07,10.130000114440918,10.140000343322754,10.029999732971191,10.069999694824219,17495600
2025-02-10,10.09000015258789,10.149999618530273,10.050000190734863,10.140000343322754,15229800
2025-02-11,10.15999984741211,10.1899995803833,10.100000381469727,10.180000305175781,20220000
2025-02-12,10.079999923706055,10.1899995803833,10.050000190734863,10.180000305175781,17805800
2025-02-13,10.1899995803833,10.329999923706055,10.1899995803833,10.319999694824219,18691700
2025-02-14,10.350000381469727,10.449999809265137,10.350000381469727,10.430000305175781,19586100
2025-02-18,10.4399995803833,10.489999771118164,10.420000076293945,10.489999771118164,21138700
2025-02-19,10.460000038146973,10.520000457763672,10.4399995803833,10.470000267028809,16002900
2025-02-20,10.479999542236328,10.5600004196167,10.460000038146973,10.529999732971191,14214700
2025-02-21,10.5600004196167,10.619999885559082,10.489999771118164,10.539999961853027,32466800
2025-02-24,10.5600004196167,10.5600004196167,10.4399995803833,10.489999771118164,24672200
2025-02-25,10.5,10.569999694824219,10.460000038146973,10.520000457763672,21388600
2025-02-26,10.550000190734863,10.630000114440918,10.489999771118164,10.510000228881836,29634800
2025-02-27,10.520000457763672,10.539999961853027,10.40999984741211,10.420000076293945,24925800
2025-02-28,10.319999694824219,10.460000038146973,10.3100004196167,10.430000305175781,22008200
2025-03-03,10.40999984741211,10.449999809265137,10.210000038146973,10.289999961853027,24560100
2025-03-04,10.15999984741211,10.329999923706055,10.0600004196167,10.220000267028809,32560900
2025-03-05,10.220000267028809,10.289999961853027,10.170000076293945,10.289999961853027,19006700
2025-03-06,10.260000228881836,10.279999732971191,10.079999923706055,10.140000343322754,21580700
2025-03-07,10.149999618530273,10.40999984741211,10.130000114440918,10.380000114440918,28432000
2025-03-10,10.319999694824219,10.529999732971191,10.199999809265137,10.229999542236328,31901100
2025-03-11,10.260000228881836,10.3100004196167,9.899999618530273,10.020000457763672,35984800
2025-03-12,10.020000457763672,10.170000076293945,9.989999771118164,10.09000015258789,25711000
2025-03-13,10.109999656677246,10.260000228881836,10.020000457763672,10.039999961853027,19986500
2025-03-14,10.119999885559082,10.25,10.09000015258789,10.239999771118164,18409600
2025-03-17,10.289999961853027,10.359999656677246,10.25,10.350000381469727,20102100
2025-03-18,10.34000015258789,10.420000076293945,10.300000190734863,10.390000343322754,18769200
2025-03-19,10.380000114440918,10.4399995803833,10.270000457763672,10.359999656677246,21517800
2025-03-20,10.350000381469727,10.359999656677246,10.270000457763672,10.289999961853027,17487400
2025-03-21,10.270000457763672,10.3100004196167,10.15999984741211,10.170000076293945,26068800
2025-03-24,10.220000267028809,10.25,10.100000381469727,10.130000114440918,21415100
2025-03-25,10.170000076293945,10.180000305175781,9.880000114440918,9.930000305175781,30109400
2025-03-26,9.949999809265137,9.979999542236328,9.729999542236328,9.760000228881836,31693700
2025-03-27,9.739999771118164,9.869999885559082,9.699999809265137,9.760000228881836,25511200
2025-03-28,9.779999732971191,9.779999732971191,9.489999771118164,9.520000457763672,34386200
2025-03-31,9.34000015258789,9.609999656677246,9.279999732971191,9.579999923706055,29356500
2025-04-01,9.550000190734863,9.5600004196167,9.380000114440918,9.489999771118164,25464400
2025-04-02,9.449999809265137,9.510000228881836,9.390000343322754,9.479999542236328,25564800
2025-04-03,9.260000228881836,9.420000076293945,9.239999771118164,9.34000015258789,37605200
2025-04-04,9.229999542236328,9.239999771118164,8.899999618530273,8.979999542236328,49579900
2025-04-07,8.59000015258789,9.25,8.489999771118164,8.65999984741211,59773400
2025-04-08,8.989999771118164,9.050000190734863,8.470000267028809,8.539999961853027,46150200
2025-04-09,8.449999809265137,8.9399995803833,7.849999904632568,8.90999984741211,90477000
2025-04-10,8.800000190734863,8.819999694824219,8.0,8.119999885559082,70729800
2025-04-11,8.15999984741211,8.359999656677246,7.880000114440918,8.350000381469727,56283000
2025-04-14,8.529999732971191,8.630000114440918,8.319999694824219,8.4399995803833,50345300
2025-04-15,8.460000038146973,8.619999885559082,8.40999984741211,8.40999984741211,36433900
2025-04-16,8.430000305175781,8.460000038146973,8.260000228881836,8.300000190734863,33383200
2025-04-17,8.329999923706055,8.449999809265137,8.300000190734863,8.34000015258789,39143700
2025-04-21,8.300000190734863,8.3100004196167,8.069999694824219,8.15999984741211,32975600
2025-04-22,8.329999923706055,8.489999771118164,8.319999694824219,8.449999809265137,39206200
2025-04-23,8.729999542236328,8.760000228881836,8.539999961853027,8.609999656677246,33817100
2025-04-24,8.630000114440918,8.760000228881836,8.520000457763672,8.720000267028809,32100100
2025-04-25,8.710000038146973,8.869999885559082,8.649999618530273,8.850000381469727,36563100
2025-04-28,8.890000343322754,9.0600004196167,8.869999885559082,9.020000457763672,30131900
2025-04-29,9.020000457763672,9.09000015258789,8.930000305175781,9.069999694824219,37532300
2025-04-30,8.84000015258789,8.869999885559082,8.6899995803833,8.829999923706055,29521600
2025-05-01,8.84000015258789,8.920000076293945,8.800000190734863,8.8100004196167,30208700
2025-05-02,8.859999656677246,8.899999618530273,8.729999542236328,8.789999961853027,35340800
2025-05-05,8.75,8.829999923706055,8.699999809265137,8.760000228881836,18162600
2025-05-06,8.710000038146973,8.739999771118164,8.609999656677246,8.680000305175781,26708700
2025-05-07,8.680000305175781,8.779999732971191,8.649999618530273,8.720000267028809,24665500
2025-05-08,8.779999732971191,8.930000305175781,8.760000228881836,8.880000114440918,25188900
2025-05-09,8.9399995803833,8.960000038146973,8.789999961853027,8.789999961853027,26186100
2025-05-12,8.979999542236328,9.010000228881836,8.890000343322754,9.0,26022900
2025-05-13,9.029999732971191,9.100000381469727,8.979999542236328,9.069999694824219,25008500
2025-05-14,9.100000381469727,9.100000381469727,8.859999656677246,8.960000038146973,37607700
2025-05-15,8.970000267028809,9.09000015258789,8.90999984741211,9.079999923706055,21036700
2025-05-16,9.100000381469727,9.210000038146973,9.079999923706055,9.180000305175781,13987200
2025-05-19,9.020000457763672,9.15999984741211,8.989999771118164,9.149999618530273,25922900
2025-05-20,9.119999885559082,9.260000228881836,9.119999885559082,9.1899995803833,22923100
2025-05-21,9.149999618530273,9.15999984741211,8.800000190734863,8.800000190734863,47352900
2025-05-22,8.760000228881836,8.880000114440918,8.649999618530273,8.8100004196167,48796900
2025-05-23,8.760000228881836,8.890000343322754,8.720000267028809,8.84000015258789,36904700
2025-05-27,8.9399995803833,8.989999771118164,8.829999923706055,8.979999542236328,29755400
2025-05-28,9.0,9.15999984741211,8.989999771118164,9.079999923706055,31598000
2025-05-29,9.140000343322754,9.180000305175781,9.039999961853027,9.109999656677246,35071800
2025-05-30,8.970000267028809,8.989999771118164,8.850000381469727,8.9399995803833,36726100
2025-06-02,8.899999618530273,8.90999984741211,8.800000190734863,8.829999923706055,24277900
2025-06-03,8.829999923706055,9.039999961853027,8.800000190734863,8.989999771118164,31225400
2025-06-04,9.0,9.0600004196167,8.930000305175781,9.039999961853027,22685400
2025-06-05,9.039999961853027,9.130000114440918,9.010000228881836,9.039999961853027,24961300
2025-06-06,9.079999923706055,9.149999618530273,9.069999694824219,9.119999885559082,19623200
2025-06-09,9.149999618530273,9.270000457763672,9.119999885559082,9.210000038146973,25371200
2025-06-10,9.260000228881836,9.34000015258789,9.239999771118164,9.329999923706055,19759900
2025-06-11,9.399999618530273,9.4399995803833,9.279999732971191,9.319999694824219,22280800
2025-06-12,9.300000190734863,9.420000076293945,9.279999732971191,9.399999618530273,17601100
2025-06-13,9.350000381469727,9.40999984741211,9.270000457763672,9.300000190734863,23758000
2025-06-16,9.359999656677246,9.449999809265137,9.319999694824219,9.329999923706055,16685900
2025-06-17,9.329999923706055,9.34000015258789,9.170000076293945,9.1899995803833,24041000
2025-06-18,9.1899995803833,9.350000381469727,9.170000076293945,9.260000228881836,23940300
2025-06-20,9.300000190734863,9.329999923706055,9.239999771118164,9.239999771118164,32344800
2025-06-23,9.239999771118164,9.260000228881836,9.050000190734863,9.199999809265137,34293600
2025-06-24,9.260000228881836,9.350000381469727,9.239999771118164,9.3100004196167,24780100
2025-06-25,9.3100004196167,9.350000381469727,9.229999542236328,9.229999542236328,19304900
2025-06-26,9.270000457763672,9.329999923706055,9.220000267028809,9.319999694824219,20268000
2025-06-27,9.34000015258789,9.369999885559082,9.199999809265137,9.279999732971191,27927300
2025-06-30,9.220000267028809,9.25,9.079999923706055,9.1899995803833,21810800
2025-07-01,9.1899995803833,9.380000114440918,9.149999618530273,9.34000015258789,26470300
2025-07-02,9.350000381469727,9.4399995803833,9.319999694824219,9.420000076293945,21248200
2025-07-03,9.420000076293945,9.510000228881836,9.380000114440918,9.390000343322754,17472400
2025-07-07,9.380000114440918,9.449999809265137,9.329999923706055,9.359999656677246,21703600
2025-07-08,9.380000114440918,9.5,9.369999885559082,9.420000076293945,20213900
2025-07-09,9.449999809265137,9.539999961853027,9.430000305175781,9.5,17492100
2025-07-10,9.489999771118164,9.529999732971191,9.430000305175781,9.449999809265137,18214500
2025-07-11,9.40999984741211,9.460000038146973,9.359999656677246,9.399999618530273,15646500
2025-07-14,9.399999618530273,9.40999984741211,9.279999732971191,9.3100004196167,19601700
2025-07-15,9.34000015258789,9.369999885559082,9.199999809265137,9.199999809265137,20812100
2025-07-16,9.229999542236328,9.300000190734863,9.15999984741211,9.270000457763672,19916900
2025-07-17,9.270000457763672,9.329999923706055,9.199999809265137,9.279999732971191,23439800
2025-07-18,9.319999694824219,9.350000381469727,9.229999542236328,9.25,13894600
2025-07-21,9.300000190734863,9.34000015258789,9.220000267028809,9.229999542236328,26483200
2025-07-22,9.149999618530273,9.479999542236328,9.119999885559082,9.369999885559082,31647200
2025-07-23,9.390000343322754,9.59000015258789,9.390000343322754,9.59000015258789,30079700
2025-07-24,9.539999961853027,9.670000076293945,9.479999542236328,9.619999885559082,25467500
2025-07-25,9.640000343322754,9.720000267028809,9.5600004196167,9.710000038146973,16593500
2025-07-28,9.720000267028809,9.770000457763672,9.609999656677246,9.680000305175781,21641500
2025-07-29,9.710000038146973,9.760000228881836,9.649999618530273,9.739999771118164,19697300
2025-07-30,9.760000228881836,9.770000457763672,9.59000015258789,9.600000381469727,24386500
2025-07-31,9.5,9.510000228881836,9.369999885559082,9.430000305175781,23478100
2025-08-01,9.4399995803833,9.529999732971191,9.40999984741211,9.479999542236328,22447300
2025-08-04,9.479999542236328,9.640000343322754,9.479999542236328,9.630000114440918,19538100
2025-08-05,9.630000114440918,9.680000305175781,9.539999961853027,9.600000381469727,13697700
2025-08-06,9.579999923706055,9.579999923706055,9.420000076293945,9.420000076293945,16652800
2025-08-07,9.470000267028809,9.550000190734863,9.399999618530273,9.40999984741211,14292000
2025-08-08,9.4399995803833,9.489999771118164,9.420000076293945,9.449999809265137,10853100
2025-08-11,9.479999542236328,9.5,9.3100004196167,9.329999923706055,18447900
2025-08-12,9.399999618530273,9.479999542236328,9.369999885559082,9.460000038146973,16359000
2025-08-13,9.460000038146973,9.65999984741211,9.460000038146973,9.65999984741211,18695400
2025-08-14,9.59000015258789,9.630000114440918,9.539999961853027,9.609999656677246,10312200
2025-08-15,9.640000343322754,9.65999984741211,9.609999656677246,9.630000114440918,9906500
2025-08-18,9.630000114440918,9.65999984741211,9.569999694824219,9.579999923706055,12514100
2025-08-19,9.609999656677246,9.670000076293945,9.59000015258789,9.609999656677246,10598600
2025-08-20,9.630000114440918,9.720000267028809,9.630000114440918,9.710000038146973,15990300
2025-08-21,9.699999809265137,9.699999809265137,9.630000114440918,9.640000343322754,15865200
2025-08-22,9.65999984741211,9.920000076293945,9.65999984741211,9.880000114440918,24552600
2025-08-25,9.869999885559082,9.920000076293945,9.8100004196167,9.819999694824219,18571800
2025-08-26,9.8100004196167,9.829999923706055,9.75,9.800000190734863,18616000
2025-08-27,9.800000190734863,9.859999656677246,9.770000457763672,9.800000190734863,16945900
2025-08-28,9.84000015258789,9.84000015258789,9.770000457763672,9.789999961853027,18365100
2025-08-29,9.699999809265137,9.760000228881836,9.640000343322754,9.760000228881836,13990700
2025-09-02,9.630000114440918,9.760000228881836,9.619999885559082,9.760000228881836,17737800
2025-09-03,9.760000228881836,9.960000038146973,9.739999771118164,9.949999809265137,19333400
2025-09-04,9.949999809265137,10.239999771118164,9.9399995803833,10.199999809265137,37086400
2025-09-05,10.300000190734863,10.380000114440918,10.270000457763672,10.369999885559082,27547000
2025-09-08,10.380000114440918,10.40999984741211,10.3100004196167,10.34000015258789,23386100
2025-09-09,10.369999885559082,10.4399995803833,10.300000190734863,10.350000381469727,28855300
2025-09-10,10.359999656677246,10.4399995803833,10.229999542236328,10.25,26282100
2025-09-11,10.260000228881836,10.319999694824219,10.199999809265137,10.229999542236328,15815000
2025-09-12,10.229999542236328,10.239999771118164,10.140000343322754,10.180000305175781,14407300
2025-09-15,10.1899995803833,10.229999542236328,10.15999984741211,10.1899995803833,12785700
2025-09-16,10.210000038146973,10.229999542236328,10.09000015258789,10.130000114440918,15244100
2025-09-17,10.180000305175781,10.3100004196167,10.140000343322754,10.210000038146973,19432000
2025-09-18,10.199999809265137,10.229999542236328,10.079999923706055,10.100000381469727,13952900
2025-09-19,10.119999885559082,10.130000114440918,9.9399995803833,9.970000267028809,33504900
2025-09-22,9.979999542236328,9.989999771118164,9.710000038146973,9.720000267028809,28970200
2025-09-23,9.75,9.850000381469727,9.720000267028809,9.8100004196167,21551600
2025-09-24,9.84000015258789,9.84000015258789,9.729999542236328,9.760000228881836,18438000
2025-09-25,9.729999542236328,9.800000190734863,9.65999984741211,9.760000228881836,19326700
2025-09-26,9.789999961853027,9.949999809265137,9.770000457763672,9.84000015258789,23221700
2025-09-29,9.920000076293945,9.930000305175781,9.770000457763672,9.84000015258789,21118800
2025-09-30,9.739999771118164,9.8100004196167,9.680000305175781,9.789999961853027,18036300
2025-10-01,9.779999732971191,9.9399995803833,9.739999771118164,9.930000305175781,27286600
2025-10-02,9.9399995803833,10.029999732971191,9.84000015258789,10.010000228881836,17661900
2025-10-03,10.029999732971191,10.119999885559082,10.020000457763672,10.0600004196167,14348100
2025-10-06,10.0600004196167,10.069999694824219,9.859999656677246,9.880000114440918,20717400
2025-10-07,9.920000076293945,10.050000190734863,9.899999618530273,9.989999771118164,17801400
2025-10-08,10.020000457763672,10.15999984741211,10.020000457763672,10.15999984741211,17601700
2025-10-09,10.180000305175781,10.220000267028809,9.979999542236328,10.0,17521500
2025-10-10,10.0600004196167,10.100000381469727,9.899999618530273,9.930000305175781,22233200
2025-10-13,9.970000267028809,10.050000190734863,9.859999656677246,9.989999771118164,16351800
2025-10-14,9.9399995803833,10.050000190734863,9.84000015258789,10.010000228881836,19506700
2025-10-15,10.050000190734863,10.050000190734863,9.949999809265137,10.020000457763672,15618900
2025-10-16,10.039999961853027,10.09000015258789,9.890000343322754,9.920000076293945,21702700
2025-10-17,9.90999984741211,9.989999771118164,9.859999656677246,9.989999771118164,17500900
2025-10-20,10.0,10.149999618530273,9.960000038146973,10.100000381469727,25049900
2025-10-21,10.100000381469727,10.109999656677246,9.920000076293945,10.050000190734863,20254200
2025-10-22,10.0600004196167,10.25,10.0600004196167,10.199999809265137,26568200
2025-10-23,10.220000267028809,10.270000457763672,10.079999923706055,10.09000015258789,19794600
2025-10-24,10.15999984741211,10.300000190734863,10.149999618530273,10.199999809265137,24228900
2025-10-27,10.270000457763672,10.359999656677246,10.25,10.300000190734863,26179300
2025-10-28,10.289999961853027,10.3100004196167,10.15999984741211,10.1899995803833,23693200
2025-10-29,10.199999809265137,10.270000457763672,10.039999961853027,10.0600004196167,29271900
2025-10-30,10.069999694824219,10.100000381469727,9.960000038146973,10.0,30335500
2025-10-31,9.949999809265137,10.029999732971191,9.850000381469727,10.0,21561000
2025-11-03,9.989999771118164,10.069999694824219,9.880000114440918,10.050000190734863,22232900
2025-11-04,9.979999542236328,10.199999809265137,9.949999809265137,10.180000305175781,28393700
2025-11-05,10.180000305175781,10.300000190734863,10.180000305175781,10.239999771118164,20304300
2025-11-06,10.239999771118164,10.289999961853027,10.199999809265137,10.210000038146973,19952100
2025-11-07,10.180000305175781,10.34000015258789,10.170000076293945,10.34000015258789,20848500
2025-11-10,10.350000381469727,10.380000114440918,10.220000267028809,10.25,19099100
2025-11-11,10.270000457763672,10.369999885559082,10.270000457763672,10.3100004196167,23743500
2025-11-12,10.329999923706055,10.369999885559082,10.149999618530273,10.199999809265137,23367000
2025-11-13,10.180000305175781,10.220000267028809,10.109999656677246,10.140000343322754,21330000
2025-11-14,10.119999885559082,10.229999542236328,10.050000190734863,10.149999618530273,18352500
2025-11-17,10.180000305175781,10.229999542236328,10.069999694824219,10.100000381469727,18416100
2025-11-18,10.09000015258789,10.15999984741211,10.0600004196167,10.109999656677246,20994700
2025-11-19,10.119999885559082,10.140000343322754,10.050000190734863,10.079999923706055,15635200
2025-11-20,10.109999656677246,10.229999542236328,10.0600004196167,10.069999694824219,19881200
2025-11-21,10.09000015258789,10.329999923706055,10.069999694824219,10.279999732971191,25257300
2025-11-24,10.300000190734863,10.329999923706055,10.229999542236328,10.300000190734863,28355300
2025-11-25,10.319999694824219,10.40999984741211,10.270000457763672,10.399999618530273,39553400
2025-11-26,10.420000076293945,10.640000343322754,10.40999984741211,10.5600004196167,32234900
2025-11-28,10.479999542236328,10.579999923706055,10.470000267028809,10.489999771118164,16884600
2025-12-01,10.40999984741211,10.489999771118164,10.390000343322754,10.460000038146973,21370100
2025-12-02,10.470000267028809,10.539999961853027,10.449999809265137,10.460000038146973,17951200
2025-12-03,10.5,10.579999923706055,10.449999809265137,10.460000038146973,17112400
2025-12-04,10.470000267028809,10.529999732971191,10.4399995803833,10.489999771118164,16026200
2025-12-05,10.510000228881836,10.670000076293945,10.470000267028809,10.619999885559082,23149500
2025-12-08,10.649999618530273,10.649999618530273,10.470000267028809,10.489999771118164,19220600
2025-12-09,10.5,10.579999923706055,10.329999923706055,10.34000015258789,19150300
2025-12-10,10.359999656677246,10.420000076293945,10.289999961853027,10.380000114440918,14403900
2025-12-11,10.399999618530273,10.430000305175781,10.279999732971191,10.300000190734863,12046500
2025-12-12,10.300000190734863,10.430000305175781,10.300000190734863,10.319999694824219,12078700
2025-12-15,10.359999656677246,10.399999618530273,10.279999732971191,10.359999656677246,15347100
2025-12-16,10.369999885559082,10.40999984741211,10.3100004196167,10.329999923706055,11534400
2025-12-17,10.369999885559082,10.579999923706055,10.359999656677246,10.4399995803833,20159900
2025-12-18,10.470000267028809,10.630000114440918,10.470000267028809,10.569999694824219,21066200
2025-12-19,10.600000381469727,10.739999771118164,10.579999923706055,10.65999984741211,23426900
2025-12-22,10.699999809265137,10.859999656677246,10.680000305175781,10.859999656677246,16576600
2025-12-23,10.850000381469727,10.890000343322754,10.739999771118164,10.760000228881836,13238400
2025-12-24,10.789999961853027,10.859999656677246,10.779999732971191,10.84000015258789,5781700
2025-12-26,10.890000343322754,10.930000305175781,10.8100004196167,10.850000381469727,10134300
2025-12-29,10.869999885559082,10.890000343322754,10.760000228881836,10.819999694824219,16439200
2025-12-30,10.829999923706055,10.859999656677246,10.800000190734863,10.819999694824219,14534600
2025-12-31,10.720000267028809,10.8100004196167,10.699999809265137,10.720000267028809,15364500
2026-01-02,10.720000267028809,11.010000228881836,10.649999618530273,10.930000305175781,23172300
2026-01-05,10.930000305175781,11.119999885559082,10.90999984741211,11.069999694824219,26711100
2026-01-06,11.010000228881836,11.220000267028809,11.0,11.15999984741211,21415000
2026-01-07,11.1899995803833,11.25,11.029999732971191,11.0600004196167,16894400
2026-01-08,11.050000190734863,11.300000190734863,11.039999961853027,11.1899995803833,16946600
2026-01-09,11.479999542236328,11.640000343322754,11.350000381469727,11.40999984741211,38543600
2026-01-12,11.40999984741211,11.4399995803833,11.3100004196167,11.380000114440918,20107300
2026-01-13,11.399999618530273,11.430000305175781,11.270000457763672,11.350000381469727,19140600
2026-01-14,11.300000190734863,11.59000015258789,11.260000228881836,11.569999694824219,17878200
2026-01-15,11.579999923706055,11.720000267028809,11.5,11.680000305175781,19753700
2026-01-16,11.699999809265137,11.930000305175781,11.6899995803833,11.930000305175781,19303300
2026-01-20,11.75,11.800000190734863,11.640000343322754,11.65999984741211,23919000
2026-01-21,11.710000038146973,11.720000267028809,11.520000457763672,11.699999809265137,19239900
2026-01-22,11.699999809265137,11.819999694824219,11.65999984741211,11.789999961853027,15069300
2026-01-23,11.819999694824219,11.890000343322754,11.770000457763672,11.850000381469727,14396500
2026-01-26,11.869999885559082,11.890000343322754,11.670000076293945,11.800000190734863,21210400
2026-01-27,11.869999885559082,12.180000305175781,11.84000015258789,12.170000076293945,27741800
2026-01-28,12.130000114440918,12.1899995803833,12.010000228881836,12.020000457763672,24285000
2026-01-29,12.130000114440918,12.130000114440918,11.789999961853027,11.970000267028809,27869600
2026-01-30,11.829999923706055,11.84000015258789,11.369999885559082,11.399999618530273,42452600
2026-02-02,11.329999923706055,11.449999809265137,11.149999618530273,11.170000076293945,25155300
2026-02-03,11.270000457763672,11.529999732971191,11.260000228881836,11.489999771118164,18656000
2026-02-04,11.479999542236328,11.569999694824219,11.420000076293945,11.510000228881836,17040300
2026-02-05,11.40999984741211,11.529999732971191,11.319999694824219,11.399999618530273,16429500
2026-02-06,11.449999809265137,11.529999732971191,11.40999984741211,11.4399995803833,17098800
2026-02-09,11.40999984741211,11.449999809265137,11.239999771118164,11.34000015258789,18726100
2026-02-10,11.34000015258789,11.390000343322754,11.149999618530273,11.220000267028809,21882400
2026-02-11,11.260000228881836,11.520000457763672,11.25,11.430000305175781,21785500
2026-02-12,11.479999542236328,11.600000381469727,11.359999656677246,11.380000114440918,26997000
2026-02-13,11.40999984741211,11.539999961853027,11.229999542236328,11.359999656677246,22885500
2026-02-17,11.399999618530273,11.430000305175781,11.210000038146973,11.300000190734863,20643400
2026-02-18,11.300000190734863,11.369999885559082,11.260000228881836,11.3100004196167,16550800
2026-02-19,11.3100004196167,11.390000343322754,11.260000228881836,11.319999694824219,16040100
2026-02-20,11.319999694824219,11.479999542236328,11.239999771118164,11.449999809265137,43887900
2026-02-23,11.460000038146973,11.5600004196167,11.170000076293945,11.270000457763672,24302300
2026-02-24,11.289999961853027,11.319999694824219,11.15999984741211,11.3100004196167,27093200
2026-02-25,11.34000015258789,11.390000343322754,11.119999885559082,11.289999961853027,21295700
2026-02-26,11.329999923706055,11.399999618530273,11.25,11.350000381469727,23020500
2026-02-27,11.199999809265137,11.270000457763672,11.140000343322754,11.210000038146973,26490800
2026-03-02,10.949999809265137,11.270000457763672,10.829999923706055,11.149999618530273,24365600
2026-03-03,10.899999618530273,11.130000114440918,10.84000015258789,11.0,21564700
2026-03-04,11.010000228881836,11.100000381469727,10.930000305175781,10.970000267028809,20739800
2026-03-05,10.930000305175781,11.039999961853027,10.8100004196167,10.899999618530273,16740800
2026-03-06,10.789999961853027,10.8100004196167,10.619999885559082,10.640000343322754,20950200
2026-03-09,10.5,10.569999694824219,10.210000038146973,10.539999961853027,28309800
2026-03-10,10.600000381469727,10.819999694824219,10.550000190734863,10.720000267028809,15353400
2026-03-11,10.710000038146973,10.760000228881836,10.59000015258789,10.670000076293945,16047100
2026-03-12,10.630000114440918,10.630000114440918,10.369999885559082,10.390000343322754,18087100
2026-03-13,10.489999771118164,10.569999694824219,10.210000038146973,10.229999542236328,17573200
2026-03-16,10.329999923706055,10.5,10.319999694824219,10.329999923706055,14827200
2026-03-17,10.40999984741211,10.579999923706055,10.399999618530273,10.489999771118164,20348800
2026-03-18,10.399999618530273,10.5,10.289999961853027,10.300000190734863,17197100
2026-03-19,10.210000038146973,10.399999618530273,10.210000038146973,10.289999961853027,18421000
2026-03-20,10.289999961853027,10.319999694824219,9.729999542236328,9.75,54083200
2026-03-23,9.949999809265137,10.140000343322754,9.869999885559082,10.010000228881836,35661600
2026-03-24,9.9399995803833,10.069999694824219,9.850000381469727,9.9399995803833,27163400
2026-03-25,10.0600004196167,10.180000305175781,10.010000228881836,10.140000343322754,19121300
2026-03-26,10.029999732971191,10.079999923706055,9.819999694824219,9.84000015258789,19943400
2026-03-27,9.760000228881836,9.8100004196167,9.630000114440918,9.6899995803833,25044600
2026-03-30,9.789999961853027,9.979999542236328,9.720000267028809,9.84000015258789,22712500
2026-03-31,9.850000381469727,10.039999961853027,9.789999961853027,10.029999732971191,22629500
2026-04-01,10.039999961853027,10.149999618530273,10.0,10.020000457763672,17133400
2026-04-02,9.819999694824219,10.149999618530273,9.8100004196167,10.149999618530273,12504500
2026-04-06,10.130000114440918,10.300000190734863,10.109999656677246,10.199999809265137,13165400
2026-04-07,10.170000076293945,10.229999542236328,10.050000190734863,10.09000015258789,12434200
2026-04-08,10.369999885559082,10.4399995803833,10.239999771118164,10.319999694824219,14492900
2026-04-09,10.289999961853027,10.510000228881836,10.279999732971191,10.479999542236328,14053900
2026-04-10,10.510000228881836,10.550000190734863,10.40999984741211,10.470000267028809,10958100
2026-04-13,10.399999618530273,10.529999732971191,10.34000015258789,10.520000457763672,14608800
2026-04-14,10.550000190734863,10.640000343322754,10.529999732971191,10.640000343322754,11698300
2026-04-15,10.670000076293945,10.760000228881836,10.5600004196167,10.739999771118164,11494300
2026-04-16,10.75,10.75,10.550000190734863,10.5600004196167,14574900
2026-04-17,10.65999984741211,10.920000076293945,10.630000114440918,10.899999618530273,20819500
2026-04-20,10.760000228881836,10.819999694824219,10.609999656677246,10.770000457763672,20030200
2026-04-21,10.829999923706055,11.119999885559082,10.8100004196167,10.90999984741211,20012400
2026-04-22,11.0600004196167,11.100000381469727,10.850000381469727,10.90999984741211,16771400
2026-04-23,10.899999618530273,10.9399995803833,10.789999961853027,10.859999656677246,11045400
2026-04-24,10.90999984741211,11.050000190734863,10.84000015258789,11.020000457763672,12332000
2026-04-27,11.020000457763672,11.100000381469727,11.010000228881836,11.100000381469727,14372600
2026-04-28,11.069999694824219,11.119999885559082,11.039999961853027,11.079999923706055,14814200
2026-04-29,11.109999656677246,11.109999656677246,10.90999984741211,10.970000267028809,24146700
2026-04-30,10.880000114440918,11.069999694824219,10.829999923706055,11.020000457763672,16337700
2026-05-01,11.020000457763672,11.020000457763672,10.920000076293945,10.9399995803833,11440300
2026-05-04,10.869999885559082,10.890000343322754,10.630000114440918,10.649999618530273,18180200
2026-05-05,10.649999618530273,10.760000228881836,10.630000114440918,10.720000267028809,10378700
2026-05-06,10.8100004196167,10.84000015258789,10.720000267028809,10.789999961853027,14166900
2026-05-07,10.789999961853027,10.800000190734863,10.649999618530273,10.720000267028809,11235900
2026-05-08,10.779999732971191,10.890000343322754,10.75,10.859999656677246,13189700
2026-05-11,10.829999923706055,10.899999618530273,10.789999961853027,10.800000190734863,11415500
2026-05-12,10.760000228881836,10.819999694824219,10.710000038146973,10.739999771118164,12384900
2026-05-13,10.720000267028809,10.720000267028809,10.619999885559082,10.630000114440918,13871700
2026-05-14,10.680000305175781,10.720000267028809,10.550000190734863,10.550000190734863,11880000
2026-05-15,10.479999542236328,10.489999771118164,10.319999694824219,10.34000015258789,18604300
2026-05-18,10.40999984741211,10.4399995803833,10.279999732971191,10.300000190734863,16824100
2026-05-19,10.25,10.270000457763672,10.109999656677246,10.130000114440918,16400500
2026-05-20,10.130000114440918,10.289999961853027,10.09000015258789,10.25,21656000
2026-05-21,10.1899995803833,10.289999961853027,10.09000015258789,10.260000228881836,15518100
2026-05-22,10.3100004196167,10.34000015258789,10.180000305175781,10.210000038146973,11690400
2026-05-26,10.300000190734863,10.449999809265137,10.25,10.430000305175781,15649200
2026-05-27,10.470000267028809,10.619999885559082,10.449999809265137,10.510000228881836,14273700
2026-05-28,10.479999542236328,10.569999694824219,10.4399995803833,10.550000190734863,16530200
2026-05-29,10.40999984741211,10.4399995803833,10.359999656677246,10.40999984741211,14941800
2026-06-01,10.1899995803833,10.369999885559082,10.119999885559082,10.229999542236328,14763800
2026-06-02,10.220000267028809,10.329999923706055,10.1899995803833,10.199999809265137,11744200
2026-06-03,10.130000114440918,10.229999542236328,10.079999923706055,10.170000076293945,10501400
2026-06-04,10.210000038146973,10.40999984741211,10.210000038146973,10.289999961853027,15649300
2026-06-05,10.220000267028809,10.289999961853027,10.149999618530273,10.170000076293945,10912700
2026-06-08,10.199999809265137,10.270000457763672,10.069999694824219,10.109999656677246,14370000
2026-06-09,10.1899995803833,10.319999694824219,10.170000076293945,10.3100004196167,12636000
2026-06-10,10.25,10.369999885559082,10.170000076293945,10.180000305175781,17007300
2026-06-11,10.25,10.359999656677246,10.220000267028809,10.300000190734863,13632500
2026-06-12,10.34000015258789,10.380000114440918,10.289999961853027,10.3100004196167,12400000
2026-06-15,10.460000038146973,10.550000190734863,10.399999618530273,10.460000038146973,13246900
2026-06-16,10.489999771118164,10.619999885559082,10.479999542236328,10.5600004196167,11449100
2026-06-17,10.569999694824219,10.59000015258789,10.229999542236328,10.300000190734863,16399700
2026-06-18,10.380000114440918,10.420000076293945,10.319999694824219,10.380000114440918,19081000
2026-06-22,10.359999656677246,10.449999809265137,10.350000381469727,10.380000114440918,11867200
2026-06-23,10.34000015258789,10.449999809265137,10.300000190734863,10.4399995803833,12446800
2026-06-24,10.460000038146973,10.550000190734863,10.449999809265137,10.489999771118164,11262200
2026-06-25,10.5,10.649999618530273,10.460000038146973,10.619999885559082,12971700
2026-06-26,10.619999885559082,10.90999984741211,10.59000015258789,10.899999618530273,33687400
2026-06-29,10.899999618530273,11.0,10.789999961853027,11.0,25083500
2026-06-30,10.789999961853027,11.029999732971191,10.779999732971191,10.899999618530273,21009600
2026-07-01,10.819999694824219,10.90999984741211,10.760000228881836,10.789999961853027,14539000
2026-07-02,10.890000343322754,11.0,10.8100004196167,11.0,16136200
2026-07-06,10.979999542236328,11.220000267028809,10.970000267028809,11.170000076293945,21105600
2026-07-07,11.170000076293945,11.25,11.0600004196167,11.119999885559082,14462300
2026-07-08,11.079999923706055,11.109999656677246,10.899999618530273,10.9399995803833,12852200
2026-07-09,10.989999771118164,11.15999984741211,10.90999984741211,11.069999694824219,13625000
2026-07-10,11.119999885559082,11.180000305175781,11.0600004196167,11.130000114440918,12156000
2026-07-13,11.119999885559082,11.140000343322754,10.949999809265137,10.989999771118164,15081700
2026-07-14,11.079999923706055,11.239999771118164,11.050000190734863,11.180000305175781,14373500
2026-07-15,11.239999771118164,11.4399995803833,11.220000267028809,11.319999694824219,16125000
2026-07-16,11.329999923706055,11.449999809265137,11.3100004196167,11.430000305175781,15055600
2026-07-17,11.350000381469727,11.399999618530273,11.15999984741211,11.220000267028809,23930100
2026-07-20,11.270000457763672,11.289999961853027,10.899999618530273,10.920000076293945,23334200
