date,open,high,low,close,volume
2019-10-10,16.5,16.698999404907227,13.010000228881836,14.239999771118164,2805800
2019-10-11,15.34000015258789,15.34000015258789,13.5,13.819999694824219,1364300
2019-10-14,13.829999923706055,13.90999984741211,12.524999618530273,12.75,899100
2019-10-15,12.989999771118164,13.0,12.529999732971191,12.920000076293945,484700
2019-10-16,13.199999809265137,13.880000114440918,12.609999656677246,12.9399995803833,524200
2019-10-17,13.239999771118164,13.479999542236328,12.675000190734863,13.0,413000
2019-10-18,13.300000190734863,14.25,13.300000190734863,14.140000343322754,231900
2019-10-21,14.9399995803833,16.280000686645508,14.819999694824219,16.280000686645508,290000
2019-10-22,17.049999237060547,20.639999389648438,17.049999237060547,20.639999389648438,407900
2019-10-23,21.950000762939453,21.989999771118164,16.790000915527344,17.639999389648438,476600
2019-10-24,18.729999542236328,20.0,17.110000610351562,18.850000381469727,269200
2019-10-25,18.5,18.5,16.75,17.56999969482422,231500
2019-10-28,17.079999923706055,18.18000030517578,16.459999084472656,16.459999084472656,253000
2019-10-29,16.920000076293945,17.28499984741211,16.6299991607666,17.0,136700
2019-10-30,17.0,17.190000534057617,16.43000030517578,16.790000915527344,94100
2019-10-31,16.799999237060547,16.81999969482422,16.389999389648438,16.81999969482422,63900
2019-11-01,16.799999237060547,16.799999237060547,16.1200008392334,16.520000457763672,82900
2019-11-04,17.049999237060547,19.68000030517578,17.049999237060547,18.969999313354492,206800
2019-11-05,20.389999389648438,20.389999389648438,18.229999542236328,18.479999542236328,97900
2019-11-06,18.389999389648438,18.65999984741211,17.030000686645508,17.3799991607666,88100
2019-11-07,17.360000610351562,18.579999923706055,17.360000610351562,18.420000076293945,47700
2019-11-08,18.350000381469727,19.139999389648438,18.350000381469727,18.8700008392334,78100
2019-11-11,19.360000610351562,19.979999542236328,19.040000915527344,19.739999771118164,148100
2019-11-12,19.5,19.709999084472656,17.06999969482422,17.639999389648438,228200
2019-11-13,17.799999237060547,18.920000076293945,17.799999237060547,18.549999237060547,55700
2019-11-14,18.860000610351562,19.3700008392334,18.64699935913086,19.0,61800
2019-11-15,19.100000381469727,19.799999237060547,19.020000457763672,19.239999771118164,65600
2019-11-18,19.149999618530273,20.5,19.149999618530273,19.700000762939453,120000
2019-11-19,19.639999389648438,20.690000534057617,19.5,20.329999923706055,99200
2019-11-20,20.0,21.670000076293945,19.979999542236328,20.350000381469727,160300
2019-11-21,20.799999237060547,22.0,18.600000381469727,19.68000030517578,190000
2019-11-22,20.0,21.979999542236328,20.0,21.329999923706055,89900
2019-11-25,22.549999237060547,23.399999618530273,20.3799991607666,20.75,188900
2019-11-26,21.030000686645508,21.450000762939453,20.489999771118164,21.360000610351562,89300
2019-11-27,21.920000076293945,21.979999542236328,21.165000915527344,21.8799991607666,29700
2019-11-29,22.0,23.21500015258789,21.850000381469727,21.979999542236328,57000
2019-12-02,22.65999984741211,23.1299991607666,21.09000015258789,21.8700008392334,106500
2019-12-03,22.049999237060547,23.149999618530273,20.719999313354492,20.770000457763672,88400
2019-12-04,21.489999771118164,22.959999084472656,21.049999237060547,21.3700008392334,146500
2019-12-05,21.75,22.670000076293945,21.350000381469727,22.489999771118164,129900
2019-12-06,22.850000381469727,24.469999313354492,22.65999984741211,24.3700008392334,251500
2019-12-09,25.0,29.969999313354492,25.0,29.0,393900
2019-12-10,29.0,29.489999771118164,27.280000686645508,28.0,180200
2019-12-11,28.700000762939453,31.299999237060547,28.649999618530273,31.299999237060547,205200
2019-12-12,32.70000076293945,34.0,28.979999542236328,29.84000015258789,380900
2019-12-13,32.150001525878906,32.849998474121094,30.700000762939453,32.45000076293945,232700
2019-12-16,38.439998626708984,38.75,34.65999984741211,35.0,622900
2019-12-17,36.5099983215332,36.917999267578125,34.81999969482422,36.90999984741211,261600
2019-12-18,35.47999954223633,35.81999969482422,33.119998931884766,35.0,146500
2019-12-19,33.869998931884766,33.869998931884766,27.72800064086914,29.34000015258789,250500
2019-12-20,31.809999465942383,34.970001220703125,31.809999465942383,34.970001220703125,447900
2019-12-23,34.90999984741211,35.900001525878906,33.099998474121094,34.72999954223633,103500
2019-12-24,34.61000061035156,34.61000061035156,33.0099983215332,33.470001220703125,23900
2019-12-26,33.290000915527344,34.0,31.590999603271484,33.20000076293945,53900
2019-12-27,32.61000061035156,33.58000183105469,32.02000045776367,32.58000183105469,38100
2019-12-30,33.0,34.90999984741211,33.0,34.90999984741211,33500
2019-12-31,34.709999084472656,34.75899887084961,33.689998626708984,33.880001068115234,40000
2020-01-02,35.75,38.5,35.36000061035156,38.5,139500
2020-01-03,38.0,41.25,36.41999816894531,40.04999923706055,176000
2020-01-06,40.11000061035156,45.0,40.099998474121094,44.58000183105469,333300
2020-01-07,47.400001525878906,48.849998474121094,41.18000030517578,43.34000015258789,562100
2020-01-08,44.29999923706055,46.33000183105469,44.18000030517578,45.099998474121094,193900
2020-01-09,46.54999923706055,46.709999084472656,42.709999084472656,43.27000045776367,234900
2020-01-10,44.9900016784668,44.9900016784668,38.209999084472656,39.68000030517578,369100
2020-01-13,41.0099983215332,41.31999969482422,35.2599983215332,37.83000183105469,459400
2020-01-14,35.29999923706055,35.474998474121094,33.220001220703125,34.529998779296875,266300
2020-01-15,35.29999923706055,39.849998474121094,33.599998474121094,34.54999923706055,361000
2020-01-16,35.75,35.900001525878906,31.274999618530273,32.25,692100
2020-01-17,33.04999923706055,33.599998474121094,30.329999923706055,33.18000030517578,615100
2020-01-21,33.790000915527344,36.540000915527344,33.51300048828125,36.540000915527344,264500
2020-01-22,37.61000061035156,39.029998779296875,36.75,38.880001068115234,318200
2020-01-23,37.209999084472656,37.54999923706055,35.310001373291016,36.70000076293945,192900
2020-01-24,35.31999969482422,35.900001525878906,33.566001892089844,34.9900016784668,209700
2020-01-27,33.2400016784668,34.53499984741211,32.75,33.20000076293945,120000
2020-01-28,34.040000915527344,34.83000183105469,32.599998474121094,34.220001220703125,165200
2020-01-29,33.95000076293945,33.95000076293945,31.739999771118164,31.799999237060547,184200
2020-01-30,30.700000762939453,31.190000534057617,28.579999923706055,29.899999618530273,228600
2020-01-31,30.360000610351562,30.950000762939453,28.5,29.209999084472656,138700
2020-02-03,29.799999237060547,30.690000534057617,28.780000686645508,30.270000457763672,177600
2020-02-04,29.170000076293945,32.91999816894531,29.170000076293945,32.91999816894531,137600
2020-02-05,34.0,34.0,28.690000534057617,29.25,405000
2020-02-06,32.0,32.93000030517578,29.68000030517578,32.93000030517578,387400
2020-02-07,31.8799991607666,32.4900016784668,30.06999969482422,30.8799991607666,166700
2020-02-10,30.989999771118164,32.150001525878906,30.110000610351562,32.119998931884766,121700
2020-02-11,31.479999542236328,31.479999542236328,29.799999237060547,30.709999084472656,175300
2020-02-12,30.0,31.100000381469727,29.0,29.559999465942383,157700
2020-02-13,29.510000228881836,30.639999389648438,29.079999923706055,30.639999389648438,107100
2020-02-14,31.0,31.56999969482422,29.719999313354492,30.75,128700
2020-02-18,30.489999771118164,31.540000915527344,30.260000228881836,31.540000915527344,66200
2020-02-19,31.5,32.290000915527344,30.75,32.25,253800
2020-02-20,31.719999313354492,32.58000183105469,31.0049991607666,32.380001068115234,152200
2020-02-21,31.799999237060547,32.459999084472656,31.270000457763672,32.349998474121094,158700
2020-02-24,30.0,31.100000381469727,29.139999389648438,30.600000381469727,148400
2020-02-25,30.0,33.959999084472656,30.0,33.439998626708984,201500
2020-02-26,31.850000381469727,34.38999938964844,31.549999237060547,33.75,213300
2020-02-27,31.450000762939453,33.970001220703125,31.048999786376953,33.880001068115234,112400
2020-02-28,33.400001525878906,35.099998474121094,32.849998474121094,35.099998474121094,234400
2020-03-02,35.0099983215332,36.599998474121094,34.0,36.599998474121094,185100
2020-03-03,36.650001525878906,40.99800109863281,36.599998474121094,38.47999954223633,297900
2020-03-04,39.0,39.29999923706055,38.0,39.189998626708984,127100
2020-03-05,37.709999084472656,38.060001373291016,35.63999938964844,37.119998931884766,77000
2020-03-06,37.619998931884766,40.94599914550781,35.61000061035156,38.09000015258789,279200
2020-03-09,35.150001525878906,35.900001525878906,32.400001525878906,33.47999954223633,190200
2020-03-10,35.08000183105469,35.83000183105469,31.45199966430664,33.959999084472656,327500
2020-03-11,33.400001525878906,34.095001220703125,31.0,32.16999816894531,119000
2020-03-12,28.989999771118164,30.395000457763672,28.0,28.549999237060547,184100
2020-03-13,30.0,31.979999542236328,29.190000534057617,30.93000030517578,197600
2020-03-16,49.36000061035156,52.79999923706055,38.0,40.0,1935900
2020-03-17,65.0,76.0,56.0099983215332,66.5999984741211,2939800
2020-03-18,90.38999938964844,105.0,82.20899963378906,92.0,3027000
2020-03-19,83.19999694824219,83.3290023803711,59.0,59.29999923706055,1598500
2020-03-20,54.95000076293945,55.0,43.65999984741211,46.5,1174000
2020-03-23,59.0,59.97999954223633,50.310001373291016,51.310001373291016,994100
2020-03-24,58.900001525878906,58.9900016784668,48.02000045776367,53.63999938964844,579700
2020-03-25,53.630001068115234,53.685001373291016,47.20000076293945,47.20000076293945,333200
2020-03-26,52.0,55.75,50.0,55.0,471600
2020-03-27,54.83000183105469,55.400001525878906,51.31999969482422,55.0,246200
2020-03-30,60.0,64.44999694824219,59.040000915527344,62.0,591200
2020-03-31,59.86000061035156,62.0,57.0,58.400001525878906,243300
2020-04-01,56.349998474121094,58.19499969482422,52.47999954223633,52.91999816894531,259100
2020-04-02,55.5,56.93000030517578,53.0,56.90999984741211,245700
2020-04-03,57.97999954223633,57.97999954223633,52.0099983215332,52.75,227300
2020-04-06,55.5,55.599998474121094,52.400001525878906,52.72999954223633,331000
2020-04-07,50.0,50.20000076293945,44.0,45.599998474121094,1461700
2020-04-08,48.099998474121094,48.099998474121094,44.5099983215332,44.95000076293945,819800
2020-04-09,52.0099983215332,53.0,45.0,45.40999984741211,1483000
2020-04-13,46.02000045776367,46.38999938964844,41.0,41.709999084472656,880700
2020-04-14,43.81999969482422,43.97999954223633,41.400001525878906,41.630001068115234,863900
2020-04-15,40.900001525878906,41.2400016784668,38.130001068115234,38.58000183105469,980600
2020-04-16,38.7599983215332,39.2599983215332,37.0,38.790000915527344,849400
2020-04-17,40.29999923706055,41.707000732421875,38.875,40.810001373291016,1008300
2020-04-20,41.4900016784668,45.900001525878906,41.0,43.369998931884766,1278800
2020-04-21,45.27000045776367,45.900001525878906,39.79999923706055,42.2599983215332,1507200
2020-04-22,54.439998626708984,55.849998474121094,45.20000076293945,53.5,10852500
2020-04-23,58.0,58.0,49.220001220703125,50.0,4271200
2020-04-24,51.2400016784668,51.4900016784668,47.599998474121094,47.75,1822700
2020-04-27,48.88999938964844,50.25,48.15999984741211,49.400001525878906,1183300
2020-04-28,48.599998474121094,48.97999954223633,44.79999923706055,45.83000183105469,1511200
2020-04-29,48.0,49.70000076293945,46.130001068115234,49.25,1766400
2020-04-30,49.209999084472656,49.220001220703125,46.02000045776367,47.47999954223633,1034100
2020-05-01,46.0,46.9900016784668,43.0,45.11000061035156,874600
2020-05-04,45.20000076293945,47.470001220703125,44.36000061035156,45.779998779296875,784900
2020-05-05,48.40999984741211,50.375,47.70600128173828,50.0,2604800
2020-05-06,50.13999938964844,50.20000076293945,47.5,47.779998779296875,889400
2020-05-07,49.2599983215332,49.5,48.349998474121094,49.31999969482422,815300
2020-05-08,49.15999984741211,49.88800048828125,48.20800018310547,49.2400016784668,696100
2020-05-11,49.61000061035156,50.790000915527344,47.91400146484375,49.97999954223633,1887400
2020-05-12,50.400001525878906,52.119998931884766,49.20000076293945,49.33000183105469,1910200
2020-05-13,50.5,50.88999938964844,47.43000030517578,48.4900016784668,1468800
2020-05-14,48.560001373291016,49.08000183105469,45.08000183105469,48.65999984741211,1099100
2020-05-15,48.5099983215332,49.7400016784668,48.20000076293945,49.4900016784668,793800
2020-05-18,54.7400016784668,60.43000030517578,50.599998474121094,60.16999816894531,5013900
2020-05-19,57.0,57.939998626708984,49.95000076293945,50.59000015258789,3612100
2020-05-20,53.209999084472656,53.720001220703125,51.619998931884766,53.040000915527344,1979300
2020-05-21,54.099998474121094,54.20000076293945,51.14500045776367,51.900001525878906,1094300
2020-05-22,52.150001525878906,52.61000061035156,50.7599983215332,51.029998779296875,941600
2020-05-26,52.400001525878906,52.54999923706055,49.34000015258789,50.880001068115234,1511100
2020-05-27,49.529998779296875,50.220001220703125,46.29999923706055,47.59000015258789,1810200
2020-05-28,48.34000015258789,50.11000061035156,46.75299835205078,46.869998931884766,1107900
2020-05-29,48.189998626708984,49.529998779296875,47.15999984741211,49.529998779296875,760600
2020-06-01,50.0,53.209999084472656,49.540000915527344,52.29999923706055,1275800
2020-06-02,51.97999954223633,52.849998474121094,50.099998474121094,52.380001068115234,688500
2020-06-03,51.849998474121094,52.22999954223633,49.540000915527344,51.15999984741211,1379900
2020-06-04,50.45000076293945,51.86000061035156,49.70000076293945,50.0,623300
2020-06-05,49.79999923706055,50.22999954223633,48.5,49.18000030517578,768700
2020-06-08,49.220001220703125,49.24100112915039,47.41999816894531,48.779998779296875,1142400
2020-06-09,47.79999923706055,48.099998474121094,46.869998931884766,47.790000915527344,970100
2020-06-10,47.79999923706055,47.999000549316406,46.54999923706055,47.40999984741211,913100
2020-06-11,49.0,49.189998626708984,47.06999969482422,48.599998474121094,1324800
2020-06-12,49.369998931884766,49.439998626708984,47.0099983215332,48.58000183105469,858800
2020-06-15,48.720001220703125,51.16999816894531,48.290000915527344,50.849998474121094,1087500
2020-06-16,51.0,51.5,49.09000015258789,49.900001525878906,901100
2020-06-17,49.75,51.5,49.5,50.849998474121094,723000
2020-06-18,49.86000061035156,51.59000015258789,49.83000183105469,50.939998626708984,691500
2020-06-19,50.900001525878906,51.58000183105469,49.90999984741211,51.36000061035156,735800
2020-06-22,51.95000076293945,58.900001525878906,51.849998474121094,57.45000076293945,2678200
2020-06-23,55.619998931884766,56.0,51.52000045776367,52.75,2142200
2020-06-24,53.0,55.349998474121094,51.810001373291016,54.72999954223633,1344500
2020-06-25,54.5099983215332,59.91999816894531,53.52000045776367,59.709999084472656,2406400
2020-06-26,56.630001068115234,63.369998931884766,56.5,62.130001068115234,2830700
2020-06-29,65.68000030517578,71.37999725341797,64.12000274658203,65.80000305175781,4011400
2020-06-30,66.16000366210938,68.25,62.220001220703125,66.73999786376953,1979100
2020-07-01,77.69999694824219,79.37999725341797,62.29999923706055,64.13999938964844,9879300
2020-07-02,68.24500274658203,69.38999938964844,62.72999954223633,63.27000045776367,3926500
2020-07-06,65.58999633789062,66.9000015258789,64.33000183105469,65.51000213623047,1649400
2020-07-07,64.0,70.88999938964844,63.5099983215332,69.33999633789062,2264400
2020-07-08,67.20999908447266,68.58000183105469,66.45999908447266,67.55999755859375,1449600
2020-07-09,66.61000061035156,68.0,64.51000213623047,65.61000061035156,1186700
2020-07-10,67.0,71.29000091552734,67.0,70.36000061035156,2874300
2020-07-13,78.47000122070312,84.88999938964844,75.75,77.77999877929688,8529600
2020-07-14,82.56999969482422,85.0,78.0,83.87999725341797,4748700
2020-07-15,86.08000183105469,87.58000183105469,76.80000305175781,78.0,3908700
2020-07-16,80.5,80.5,74.55999755859375,75.87000274658203,2847900
2020-07-17,76.54000091552734,86.4000015258789,76.41999816894531,85.25,5053500
2020-07-20,91.74700164794922,96.08999633789062,85.7699966430664,88.19999694824219,7790800
2020-07-21,92.0,97.81999969482422,90.05000305175781,91.5999984741211,6025500
2020-07-22,99.19000244140625,104.98999786376953,93.6500015258789,104.16999816894531,13817800
2020-07-23,97.51399993896484,101.1500015258789,87.0,88.51000213623047,15899700
2020-07-24,86.30000305175781,86.69999694824219,80.33999633789062,84.16999816894531,7109700
2020-07-27,87.44000244140625,88.19999694824219,81.77400207519531,86.52999877929688,5129200
2020-07-28,89.0,90.4000015258789,84.0999984741211,85.37999725341797,5108600
2020-07-29,85.54000091552734,86.79000091552734,80.0199966430664,82.5,3846300
2020-07-30,79.05000305175781,84.87999725341797,78.0,84.16000366210938,3302800
2020-07-31,86.0,86.94999694824219,80.8499984741211,82.11000061035156,2640500
2020-08-03,82.98999786376953,85.4800033569336,81.83999633789062,85.47000122070312,2431700
2020-08-04,84.44000244140625,84.5,81.08000183105469,83.16999816894531,2410300
2020-08-05,82.81999969482422,83.19999694824219,76.84500122070312,81.30000305175781,4084400
2020-08-06,79.29000091552734,80.26000213623047,76.58000183105469,77.08000183105469,3175200
2020-08-07,77.08999633789062,78.54000091552734,74.02999877929688,77.0,3038200
2020-08-10,77.0,77.27799987792969,70.9000015258789,73.94999694824219,2830600
2020-08-11,69.0,72.87999725341797,66.51000213623047,68.44999694824219,4032200
2020-08-12,70.88999938964844,71.16000366210938,66.12000274658203,69.11000061035156,3252000
2020-08-13,68.25,71.52999877929688,67.30400085449219,71.0,2390900
2020-08-14,70.93000030517578,70.9800033569336,68.0199966430664,68.63999938964844,1862400
2020-08-17,69.08999633789062,71.35600280761719,68.80999755859375,70.26000213623047,1948000
2020-08-18,69.69000244140625,70.3499984741211,67.05999755859375,67.87999725341797,1905100
2020-08-19,67.41999816894531,67.4800033569336,65.01000213623047,65.5999984741211,2326600
2020-08-20,66.0770034790039,70.29000091552734,64.08000183105469,66.2699966430664,2932600
2020-08-21,71.7699966430664,76.27999877929688,70.33999633789062,73.0199966430664,6290400
2020-08-24,76.98999786376953,77.4000015258789,69.75,70.8499984741211,3393900
2020-08-25,70.06999969482422,70.5,68.20999908447266,70.48999786376953,1576200
2020-08-26,70.0,70.0,67.05000305175781,67.9000015258789,1711400
2020-08-27,68.19999694824219,68.69000244140625,64.79000091552734,65.58999633789062,1980500
2020-08-28,65.04000091552734,65.5,63.31999969482422,64.0,1760000
2020-08-31,62.81999969482422,63.18000030517578,60.34000015258789,61.25,2217200
2020-09-01,58.709999084472656,60.529998779296875,56.65999984741211,57.810001373291016,3569600
2020-09-02,56.0099983215332,63.290000915527344,54.959999084472656,61.9900016784668,3892800
2020-09-03,63.45000076293945,63.66999816894531,57.099998474121094,59.279998779296875,2586000
2020-09-04,59.279998779296875,59.959999084472656,54.099998474121094,58.56999969482422,1985500
2020-09-08,60.15999984741211,61.0,58.689998626708984,59.83000183105469,2887800
2020-09-09,63.0,63.380001068115234,60.599998474121094,62.31999969482422,3406900
2020-09-10,62.0,62.279998779296875,60.5,61.20000076293945,1751800
2020-09-11,61.45199966430664,65.27999877929688,61.04999923706055,65.12999725341797,2515200
2020-09-14,67.5,69.6500015258789,66.7699966430664,67.4800033569336,3373600
2020-09-15,70.0,70.0,66.1500015258789,66.91999816894531,3168300
2020-09-16,65.51000213623047,67.29000091552734,65.40799713134766,66.04000091552734,2231500
2020-09-17,66.81999969482422,68.70999908447266,65.1500015258789,66.77999877929688,2860000
2020-09-18,68.01000213623047,68.44000244140625,65.16999816894531,67.0,2608900
2020-09-21,65.55999755859375,66.19999694824219,62.29999923706055,66.12000274658203,2118700
2020-09-22,65.37999725341797,67.75700378417969,63.61000061035156,67.05000305175781,1572300
2020-09-23,67.25,67.27999877929688,63.68600082397461,63.83000183105469,1678000
2020-09-24,62.619998931884766,63.93000030517578,58.810001373291016,62.83000183105469,2863400
2020-09-25,61.27000045776367,66.87100219726562,61.27000045776367,66.69000244140625,1670500
2020-09-28,66.98999786376953,67.80000305175781,65.72000122070312,66.5,1750000
2020-09-29,66.5999984741211,67.10900115966797,65.76000213623047,66.86000061035156,847600
2020-09-30,67.4000015258789,69.47000122070312,67.0979995727539,69.2300033569336,1746800
2020-10-01,70.0,72.87000274658203,69.30999755859375,72.70999908447266,2371700
2020-10-02,71.8499984741211,75.0,71.16000366210938,73.69999694824219,2327800
2020-10-05,75.69999694824219,81.55999755859375,75.6500015258789,80.69999694824219,3750600
2020-10-06,86.83999633789062,88.30000305175781,83.5199966430664,85.58999633789062,5702100
2020-10-07,83.31999969482422,86.44000244140625,80.69999694824219,86.2300033569336,2354700
2020-10-08,85.83000183105469,89.43000030517578,85.5999984741211,87.94999694824219,1826000
2020-10-09,88.9800033569336,90.0,87.5,89.04000091552734,1462500
2020-10-12,91.0,91.9000015258789,87.5999984741211,88.73999786376953,2573100
2020-10-13,90.08000183105469,94.01599884033203,89.55999755859375,93.0,2527500
2020-10-14,95.41899871826172,95.44000244140625,85.05000305175781,86.86000061035156,4180000
2020-10-15,85.6500015258789,90.41899871826172,85.5,90.37999725341797,2029700
2020-10-16,93.5999984741211,94.1500015258789,91.55000305175781,94.08999633789062,2792500
2020-10-19,96.2300033569336,97.29000091552734,92.23999786376953,93.91999816894531,2800200
2020-10-20,93.91999816894531,96.11699676513672,91.61100006103516,94.3499984741211,1872100
2020-10-21,92.75,92.94000244140625,85.66999816894531,87.72000122070312,3384600
2020-10-22,88.98999786376953,90.12000274658203,85.41699981689453,86.36000061035156,2205900
2020-10-23,89.6050033569336,89.98999786376953,87.05999755859375,88.69000244140625,2079700
2020-10-26,88.22000122070312,89.83999633789062,80.3499984741211,82.93000030517578,2879900
2020-10-27,83.0,84.05500030517578,80.51000213623047,83.94999694824219,2222100
2020-10-28,79.88999938964844,80.73999786376953,75.34500122070312,77.54000091552734,2566100
2020-10-29,81.48999786376953,85.7699966430664,79.22000122070312,84.80999755859375,2512000
2020-10-30,87.01000213623047,88.5,83.05000305175781,85.36000061035156,2253000
2020-11-02,87.90399932861328,88.0,83.18000030517578,87.0999984741211,2139900
2020-11-03,84.91000366210938,88.19999694824219,84.8499984741211,87.22000122070312,1082600
2020-11-04,86.51000213623047,91.12899780273438,86.51000213623047,90.69000244140625,1701500
2020-11-05,91.33000183105469,92.83999633789062,89.66999816894531,92.0,1459800
2020-11-06,92.0,92.19999694824219,90.33000183105469,92.0,861300
2020-11-09,114.0199966430664,115.0,98.51000213623047,104.80000305175781,14614900
2020-11-10,110.0,113.4000015258789,106.19999694824219,112.76000213623047,8029100
2020-11-11,112.0,112.5,108.61299896240234,109.44999694824219,3274100
2020-11-12,106.80999755859375,107.12899780273438,100.5,101.62999725341797,3596500
2020-11-13,104.12000274658203,108.19999694824219,103.37000274658203,106.0,2997500
2020-11-16,96.63999938964844,97.0,87.06999969482422,91.5199966430664,11171600
2020-11-17,89.0,92.0,86.6500015258789,86.93000030517578,4057400
2020-11-18,90.80000305175781,92.45999908447266,88.26000213623047,90.44000244140625,5772600
2020-11-19,91.5999984741211,95.08999633789062,91.29000091552734,94.93000030517578,3400100
2020-11-20,100.0,105.33000183105469,99.05000305175781,104.06999969482422,6776800
2020-11-23,109.7300033569336,109.9800033569336,104.19999694824219,106.5,5194200
2020-11-24,100.91999816894531,103.43000030517578,97.55999755859375,101.87000274658203,3864000
2020-11-25,100.0,106.05999755859375,99.0999984741211,104.95999908447266,3007400
2020-11-27,106.44000244140625,111.19999694824219,106.0999984741211,109.98999786376953,3874600
2020-11-30,113.63999938964844,124.91000366210938,113.5,124.23999786376953,9934800
2020-12-01,124.5,128.1300048828125,108.0,114.01000213623047,9619800
2020-12-02,120.8499984741211,123.58999633789062,116.43000030517578,121.08999633789062,7164700
2020-12-03,119.8499984741211,121.80000305175781,115.0,118.68000030517578,4264600
2020-12-04,117.84200286865234,120.75,114.41999816894531,120.0,3142600
2020-12-07,121.0,126.37999725341797,121.0,125.69999694824219,4925300
2020-12-08,127.0,129.89999389648438,126.5,128.11000061035156,4597500
2020-12-09,128.99000549316406,129.0500030517578,116.58000183105469,122.80999755859375,5265200
2020-12-10,123.81999969482422,129.9499969482422,123.19999694824219,129.5399932861328,5381300
2020-12-11,130.10000610351562,131.0,124.63999938964844,127.30000305175781,4303700
2020-12-14,126.62899780273438,127.0,105.25,108.2699966430664,10907900
2020-12-15,114.20999908447266,116.26000213623047,108.33000183105469,111.19999694824219,5711800
2020-12-16,112.22000122070312,112.8499984741211,102.33000183105469,105.77999877929688,4802600
2020-12-17,102.63500213623047,107.58999633789062,101.62000274658203,106.43000030517578,3487800
2020-12-18,106.45999908447266,106.7699966430664,102.56999969482422,104.23999786376953,3108200
2020-12-21,107.51000213623047,107.97000122070312,104.56999969482422,106.45999908447266,2611000
2020-12-22,107.06999969482422,107.20999908447266,95.5999984741211,100.55999755859375,5021000
2020-12-23,97.12000274658203,100.5,95.0,100.05999755859375,3414000
2020-12-24,98.5,99.88999938964844,96.63999938964844,96.95999908447266,1039100
2020-12-28,95.0,95.4000015258789,87.06999969482422,88.11000061035156,4698900
2020-12-29,84.44999694824219,89.38999938964844,83.85299682617188,88.27999877929688,3300400
2020-12-30,90.0,90.88999938964844,83.0270004272461,83.94000244140625,2941100
2020-12-31,83.37999725341797,85.5,80.55000305175781,81.5199966430664,2607100
2021-01-04,85.45099639892578,88.12999725341797,83.0,85.7300033569336,3138000
2021-01-05,87.94999694824219,88.9800033569336,84.88999938964844,86.77999877929688,1970900
2021-01-06,86.75499725341797,91.48999786376953,86.25,91.16000366210938,3070800
2021-01-07,94.0,94.79000091552734,91.01000213623047,93.69000244140625,2980500
2021-01-08,98.0999984741211,101.19999694824219,97.0,100.38999938964844,3988400
2021-01-11,102.83999633789062,109.4000015258789,102.0999984741211,108.9000015258789,4772800
2021-01-12,104.97000122070312,107.6780014038086,101.01000213623047,105.44999694824219,3550800
2021-01-13,103.4800033569336,106.0,102.04000091552734,102.61000061035156,1816000
2021-01-14,102.79000091552734,106.5,102.26000213623047,105.8499984741211,1910200
2021-01-15,104.25,104.98999786376953,97.25,101.58999633789062,3151600
2021-01-19,101.26000213623047,105.44000244140625,100.19999694824219,104.69999694824219,2018200
2021-01-20,104.41000366210938,105.5,102.33000183105469,103.2300033569336,1615700
2021-01-21,104.0,107.30000305175781,103.19999694824219,105.43000030517578,2256300
2021-01-22,104.5,108.4800033569336,104.31500244140625,108.44000244140625,1696300
2021-01-25,108.0,110.9800033569336,105.13999938964844,110.61000061035156,2882600
2021-01-26,110.27999877929688,112.83200073242188,105.48999786376953,106.29000091552734,3863900
2021-01-27,105.1500015258789,110.86399841308594,103.0199966430664,105.97000122070312,2139600
2021-01-28,107.66200256347656,111.23999786376953,106.5999984741211,110.0,2296600
2021-01-29,114.94000244140625,118.16999816894531,111.4000015258789,116.94000244140625,6622800
2021-02-01,117.8499984741211,119.54000091552734,113.48999786376953,116.0999984741211,2898200
2021-02-02,115.0,115.87999725341797,110.55999755859375,114.76000213623047,1906700
2021-02-03,114.20999908447266,119.25,113.70999908447266,118.0199966430664,2426900
2021-02-04,117.9000015258789,120.08899688720703,116.98999786376953,117.55999755859375,1441700
2021-02-05,117.43000030517578,119.20999908447266,116.55999755859375,117.56999969482422,876800
2021-02-08,117.61000061035156,120.98999786376953,117.5999984741211,119.5,1922900
2021-02-09,119.97000122070312,119.9800033569336,117.12000274658203,117.52999877929688,1099200
2021-02-10,119.05500030517578,120.33000183105469,117.0999984741211,119.3499984741211,1397500
2021-02-11,119.0,119.93000030517578,115.41999816894531,118.02999877929688,1352800
2021-02-12,118.48999786376953,118.80000305175781,115.8499984741211,117.55999755859375,1028600
2021-02-16,117.0,117.81999969482422,112.55000305175781,114.37999725341797,1517500
2021-02-17,113.11000061035156,113.98999786376953,108.12000274658203,113.55999755859375,1331900
2021-02-18,108.0,113.61000061035156,107.36000061035156,112.6500015258789,1604800
2021-02-19,113.0999984741211,116.87999725341797,113.0199966430664,115.69000244140625,1381500
2021-02-22,117.44999694824219,119.80000305175781,114.02999877929688,114.5999984741211,1578000
2021-02-23,110.77999877929688,112.22699737548828,106.19999694824219,111.97000122070312,2088700
2021-02-24,110.51000213623047,114.58000183105469,109.2300033569336,114.16999816894531,1405100
2021-02-25,114.87000274658203,117.3499984741211,111.18000030517578,112.33000183105469,1129800
2021-02-26,113.9000015258789,114.9800033569336,109.02999877929688,109.02999877929688,1028600
2021-03-01,110.0,111.44999694824219,108.05999755859375,110.20999908447266,885200
2021-03-02,109.86000061035156,109.86000061035156,104.23999786376953,104.9800033569336,1093400
2021-03-03,104.83000183105469,105.0,97.25,97.25,2142800
2021-03-04,97.4000015258789,100.90599822998047,92.51000213623047,95.1500015258789,2335100
2021-03-05,95.68000030517578,96.83999633789062,91.22000122070312,96.19999694824219,1693600
2021-03-08,94.83000183105469,95.69999694824219,90.29000091552734,90.29000091552734,1521400
2021-03-09,94.11000061035156,97.93000030517578,93.56999969482422,96.4800033569336,1315900
2021-03-10,100.78700256347656,101.98999786376953,97.08000183105469,98.0199966430664,1376800
2021-03-11,100.5,103.0,100.23999786376953,102.5999984741211,1062000
2021-03-12,99.33999633789062,103.27999877929688,99.01000213623047,103.27999877929688,788600
2021-03-15,103.98999786376953,108.1500015258789,102.04199981689453,107.87999725341797,1365500
2021-03-16,109.25800323486328,110.9800033569336,104.69999694824219,108.0999984741211,1377300
2021-03-17,105.73999786376953,107.80000305175781,102.80000305175781,106.66000366210938,920700
2021-03-18,104.38999938964844,104.91000366210938,103.02999877929688,103.6500015258789,700800
2021-03-19,104.5,107.80000305175781,102.81999969482422,107.58999633789062,1145600
2021-03-22,106.62999725341797,108.69999694824219,106.31999969482422,107.0,631800
2021-03-23,107.33000183105469,107.3499984741211,100.11000061035156,100.11000061035156,1210400
2021-03-24,100.23999786376953,101.4800033569336,93.38999938964844,94.05000305175781,2204100
2021-03-25,94.0999984741211,97.44999694824219,92.93099975585938,95.12999725341797,1299400
2021-03-26,97.5,97.54000091552734,93.81999969482422,95.76000213623047,910400
2021-03-29,97.54000091552734,98.87000274658203,93.76000213623047,95.91000366210938,1066200
2021-03-30,99.80000305175781,106.47599792480469,98.5999984741211,104.44000244140625,3464000
2021-03-31,109.46700286865234,111.0,107.0999984741211,109.19000244140625,2178900
2021-04-01,110.51000213623047,114.08000183105469,110.5,113.87000274658203,2020700
2021-04-05,114.01000213623047,115.87000274658203,110.0,115.37000274658203,1385300
2021-04-06,115.69000244140625,117.75,114.16899871826172,117.1500015258789,1523000
2021-04-07,115.76000213623047,116.25,112.22000122070312,113.31999969482422,1151000
2021-04-08,113.2699966430664,116.30000305175781,112.5,114.48999786376953,1001500
2021-04-09,114.94999694824219,123.5,114.72000122070312,122.13999938964844,4192600
2021-04-12,120.55000305175781,122.25,118.29000091552734,121.5199966430664,1620200
2021-04-13,125.0,130.80999755859375,124.7699966430664,129.63999938964844,4187500
2021-04-14,130.8000030517578,132.60000610351562,129.2100067138672,132.60000610351562,3349400
2021-04-15,130.0,140.7899932861328,128.16000366210938,140.72000122070312,3705500
2021-04-16,141.49000549316406,152.32000732421875,141.49000549316406,151.5399932861328,4624300
2021-04-19,146.97000122070312,156.80999755859375,146.7899932861328,149.47999572753906,3426400
2021-04-20,145.47000122070312,157.3000030517578,140.80999755859375,156.17999267578125,3219500
2021-04-21,154.83999633789062,162.07000732421875,152.1199951171875,161.8000030517578,2416900
2021-04-22,164.99000549316406,176.0,164.8000030517578,168.9499969482422,4728100
2021-04-23,174.33700561523438,177.64999389648438,171.02000427246094,173.0,3102300
2021-04-26,167.79100036621094,174.77000427246094,161.5399932861328,174.64999389648438,3087500
2021-04-27,173.3699951171875,175.8800048828125,169.26400756835938,172.83999633789062,2061900
2021-04-28,171.97999572753906,177.19000244140625,169.3000030517578,175.77000427246094,1507200
2021-04-29,180.5800018310547,184.72999572753906,177.25,179.64999389648438,2072700
2021-04-30,183.3000030517578,193.85000610351562,180.67999267578125,188.27999877929688,3505800
2021-05-03,202.25,211.64999389648438,196.0,208.89999389648438,5707900
2021-05-04,212.5,213.14999389648438,169.3000030517578,176.8800048828125,12101100
2021-05-05,185.41000366210938,196.0760040283203,161.22000122070312,170.77000427246094,9146800
2021-05-06,146.05999755859375,171.88999938964844,145.0,168.0,9970500
2021-05-07,183.34100341796875,185.8300018310547,175.39999389648438,183.7100067138672,4463100
2021-05-10,200.8000030517578,202.9499969482422,184.55999755859375,202.35000610351562,7286900
2021-05-11,186.61000061035156,202.5,185.0,198.02000427246094,4662600
2021-05-12,196.64999389648438,198.18899536132812,185.66000366210938,186.1300048828125,3200900
2021-05-13,188.32899475097656,189.9499969482422,172.72000122070312,180.7899932861328,3054100
2021-05-14,183.49000549316406,194.77000427246094,181.55999755859375,192.77000427246094,2980600
2021-05-17,192.74000549316406,200.60000610351562,191.77999877929688,198.3000030517578,2024500
2021-05-18,195.49000549316406,197.4499969482422,190.25,194.5,1839100
2021-05-19,190.0,199.24000549316406,186.72000122070312,199.0800018310547,1838100
2021-05-20,199.1699981689453,209.02000427246094,198.3000030517578,203.7100067138672,3272900
2021-05-21,204.1300048828125,205.19000244140625,195.42999267578125,195.69000244140625,1525900
2021-05-24,197.50999450683594,199.98800659179688,193.27999877929688,194.88999938964844,1222000
2021-05-25,194.4600067138672,200.13999938964844,193.6999969482422,197.5,1444900
2021-05-26,197.60000610351562,203.5,197.5070037841797,202.3699951171875,1545300
2021-05-27,199.0500030517578,203.4949951171875,196.17999267578125,197.6999969482422,1324700
2021-05-28,199.11000061035156,208.60000610351562,199.10000610351562,204.0,2283100
2021-06-01,204.57000732421875,209.8000030517578,204.47999572753906,206.13999938964844,1661900
2021-06-02,206.25999450683594,219.94000244140625,205.1999969482422,219.39999389648438,2823300
2021-06-03,218.3000030517578,221.0,213.39999389648438,215.30999755859375,1527700
2021-06-04,218.6199951171875,235.0,217.0,233.2899932861328,3226800
2021-06-07,238.55999755859375,252.77999877929688,237.5,238.14999389648438,4361700
2021-06-08,238.7899932861328,240.60400390625,211.25999450683594,220.4499969482422,4125100
2021-06-09,225.02000427246094,246.67999267578125,222.8000030517578,241.49000549316406,3627300
2021-06-10,240.0,247.66000366210938,231.0500030517578,239.82000732421875,2853300
2021-06-11,238.96600341796875,239.77999877929688,233.61000061035156,238.5500030517578,1123100
2021-06-14,240.5500030517578,240.9199981689453,212.39999389648438,220.5800018310547,4425200
2021-06-15,224.13999938964844,224.33900451660156,213.1199951171875,218.1699981689453,2041100
2021-06-16,211.5,214.97000122070312,199.5,203.85000610351562,3931600
2021-06-17,209.89999389648438,216.3000030517578,208.55999755859375,214.1999969482422,2107700
2021-06-18,211.91000366210938,217.10000610351562,211.52000427246094,212.4199981689453,2256100
2021-06-21,217.06199645996094,226.67999267578125,214.77000427246094,226.08999633789062,1849800
2021-06-22,228.25399780273438,236.552001953125,227.8000030517578,236.49000549316406,2032700
2021-06-23,233.8800048828125,238.0,219.6999969482422,229.5,2707800
2021-06-24,231.10000610351562,232.97000122070312,225.80999755859375,227.7899932861328,1553200
2021-06-25,228.5,231.89999389648438,225.6300048828125,230.02000427246094,1175000
2021-06-28,230.55999755859375,233.74000549316406,222.75,228.44000244140625,1508700
2021-06-29,226.3000030517578,231.97000122070312,223.00999450683594,228.05999755859375,1669900
2021-06-30,228.0,230.99000549316406,221.27000427246094,223.8800048828125,1763900
2021-07-01,224.5,227.3800048828125,220.10299682617188,224.0,943600
2021-07-02,224.88999938964844,227.0,218.1300048828125,224.0,967600
2021-07-06,213.4250030517578,216.42999267578125,209.14999389648438,213.5,2051000
2021-07-07,211.5,211.60000610351562,203.0,205.92999267578125,1427300
2021-07-08,195.6699981689453,208.74099731445312,194.0399932861328,207.92999267578125,2013200
2021-07-09,216.24000549316406,217.60000610351562,208.5,217.39999389648438,2065300
2021-07-12,217.3730010986328,220.36000061035156,214.5050048828125,215.69000244140625,1092000
2021-07-13,214.42999267578125,214.42999267578125,206.8000030517578,207.83999633789062,1794600
2021-07-14,207.92999267578125,214.89999389648438,204.67999267578125,212.0,1526000
2021-07-15,212.8699951171875,222.1790008544922,212.0800018310547,221.0800018310547,2889300
2021-07-16,225.0800018310547,233.24000549316406,222.35000610351562,231.47000122070312,5050000
2021-07-19,228.0,247.30999755859375,226.41000366210938,242.63999938964844,5147300
2021-07-20,240.92999267578125,252.55999755859375,232.83999633789062,245.1699981689453,6604900
2021-07-21,244.9499969482422,261.7699890136719,242.07000732421875,259.6099853515625,5335300
2021-07-22,269.55999755859375,283.9200134277344,264.6000061035156,280.9800109863281,5589800
2021-07-23,287.0329895019531,292.3349914550781,267.0299987792969,281.9599914550781,4456600
2021-07-26,289.5,297.7300109863281,276.67999267578125,286.260009765625,4025300
2021-07-27,293.0,296.4599914550781,272.1830139160156,284.0,4318800
2021-07-28,289.0,315.1600036621094,282.5,313.45001220703125,4880600
2021-07-29,327.7929992675781,328.70001220703125,303.4599914550781,312.5899963378906,4094200
2021-07-30,315.010009765625,331.0,308.239990234375,328.3500061035156,4033800
2021-08-02,345.260009765625,353.6400146484375,333.17999267578125,340.2099914550781,5016300
2021-08-03,341.010009765625,354.0799865722656,336.79998779296875,351.80999755859375,4139900
2021-08-04,361.0,433.8999938964844,353.7900085449219,414.44000244140625,13700500
2021-08-05,406.5,418.30999755859375,375.1000061035156,404.9200134277344,7334000
2021-08-06,396.0,403.1499938964844,368.1099853515625,389.010009765625,5695200
2021-08-09,408.2300109863281,459.8800048828125,403.54998779296875,447.2300109863281,12022600
2021-08-10,458.0,464.0,411.3699951171875,416.5,8240500
2021-08-11,413.8999938964844,418.0,336.20001220703125,359.19000244140625,14583700
2021-08-12,380.0,391.57000732421875,356.010009765625,374.0199890136719,7258200
2021-08-13,387.1400146484375,390.0,367.29998779296875,377.32000732421875,3690400
2021-08-16,368.17401123046875,369.8399963378906,320.04998779296875,343.1000061035156,7979400
2021-08-17,322.0,366.95001220703125,320.0,366.2699890136719,8101600
2021-08-18,368.4599914550781,374.79998779296875,347.0299987792969,363.989990234375,4801600
2021-08-19,348.70001220703125,355.29998779296875,330.9599914550781,331.80999755859375,4638900
2021-08-20,336.3500061035156,356.5,333.0,348.67999267578125,3978700
2021-08-23,373.5169982910156,388.0,370.20001220703125,382.1000061035156,6934500
2021-08-24,377.3299865722656,379.9800109863281,354.20001220703125,368.20001220703125,4767500
2021-08-25,360.7799987792969,376.5400085449219,351.0,376.0299987792969,2990600
2021-08-26,371.0,377.5989990234375,366.010009765625,369.989990234375,1927500
2021-08-27,368.7900085449219,370.32000732421875,354.82000732421875,358.4800109863281,2332600
2021-08-30,351.0,360.3299865722656,342.78900146484375,345.0,3010000
2021-08-31,340.260009765625,349.3399963378906,327.1000061035156,329.19000244140625,3327500
2021-09-01,334.25,336.5,326.5,332.5,2632200
2021-09-02,334.8599853515625,341.76300048828125,326.6600036621094,328.5299987792969,2113100
2021-09-03,328.489990234375,334.30999755859375,320.7099914550781,334.29998779296875,2238400
2021-09-07,334.5400085449219,347.9800109863281,332.2950134277344,346.6099853515625,2478000
2021-09-08,346.2099914550781,352.80999755859375,335.260009765625,336.239990234375,2354600
2021-09-09,338.2900085449219,353.4800109863281,336.67999267578125,351.3800048828125,3210700
2021-09-10,360.0,363.29998779296875,347.5,349.19000244140625,3037800
2021-09-13,348.1910095214844,351.9100036621094,322.4700012207031,327.1400146484375,3963800
2021-09-14,326.1700134277344,345.9200134277344,326.0299987792969,334.8800048828125,2850000
2021-09-15,338.1099853515625,357.760009765625,337.5,355.25,4545800
2021-09-16,350.3900146484375,374.8500061035156,345.0,372.6499938964844,4606800
2021-09-17,370.739990234375,370.79998779296875,344.80999755859375,359.17999267578125,5646200
2021-09-20,341.2049865722656,353.6400146484375,333.3599853515625,339.010009765625,3322100
2021-09-21,344.7699890136719,349.92999267578125,337.0400085449219,341.3500061035156,2455400
2021-09-22,342.8030090332031,344.57000732421875,336.69000244140625,339.260009765625,1480000
2021-09-23,343.0,360.0,341.44000244140625,352.989990234375,2824400
2021-09-24,350.0,350.9200134277344,332.3999938964844,333.4800109863281,2603100
2021-09-27,335.3609924316406,338.5,305.510009765625,307.0899963378906,4089300
2021-09-28,293.70001220703125,296.8999938964844,275.0,276.5199890136719,5854400
2021-09-29,287.0,292.80999755859375,275.5799865722656,277.44000244140625,2776300
2021-09-30,278.1400146484375,282.5,268.8299865722656,272.989990234375,2632600
2021-10-01,251.0,259.239990234375,230.02999877929688,254.7899932861328,6885400
2021-10-04,234.92999267578125,252.3699951171875,233.5,248.89999389648438,3719000
2021-10-05,253.95199584960938,258.0,248.9199981689453,250.1199951171875,2038500
2021-10-06,246.9600067138672,248.5399932861328,233.75,236.13999938964844,2434200
2021-10-07,235.8000030517578,252.58999633789062,232.05999755859375,246.57000732421875,2585500
2021-10-08,252.02999877929688,257.8999938964844,243.1999969482422,245.9499969482422,1916100
2021-10-11,244.0,251.0500030517578,240.97000122070312,243.02000427246094,1244400
2021-10-12,247.72999572753906,248.4199981689453,240.1300048828125,243.77000427246094,1292000
2021-10-13,247.07000732421875,250.97999572753906,244.5,249.39999389648438,1437700
2021-10-14,253.1300048828125,257.3399963378906,249.0,250.3300018310547,1708700
2021-10-15,252.8000030517578,252.8000030517578,245.27999877929688,247.67999267578125,1654000
2021-10-18,245.33999633789062,261.1300048828125,245.02999877929688,261.0899963378906,2011900
2021-10-19,273.0,282.0,262.0,262.8500061035156,3854500
2021-10-20,268.7300109863281,273.9700012207031,265.0,269.4200134277344,2029200
2021-10-21,276.6000061035156,286.79901123046875,275.0299987792969,286.3599853515625,2558800
2021-10-22,294.7799987792969,295.81500244140625,268.04998779296875,278.3399963378906,3558900
2021-10-25,278.677001953125,295.510009765625,278.677001953125,294.9200134277344,2853000
2021-10-26,295.510009765625,304.3500061035156,290.6300048828125,292.3900146484375,2272400
2021-10-27,294.5400085449219,297.95001220703125,277.8399963378906,278.7699890136719,1914300
2021-10-28,282.5,288.7099914550781,277.1000061035156,283.9800109863281,1468500
2021-10-29,283.75,284.8500061035156,273.0,278.7300109863281,1462600
2021-11-01,282.0,282.8999938964844,269.2349853515625,274.32000732421875,1798700
2021-11-02,282.0799865722656,290.7900085449219,276.3699951171875,289.4800109863281,2469800
2021-11-03,293.5299987792969,296.95001220703125,282.7799987792969,295.4100036621094,2416800
2021-11-04,283.7799987792969,286.0,263.6300048828125,273.94000244140625,5055900
2021-11-05,240.47000122070312,246.0,207.50999450683594,216.63999938964844,11684300
2021-11-08,232.17999267578125,243.0800018310547,228.6199951171875,242.60000610351562,4834300
2021-11-09,251.66000366210938,253.0,223.57000732421875,226.3699951171875,5541700
2021-11-10,233.16000366210938,244.74000549316406,229.64999389648438,235.39999389648438,4053700
2021-11-11,237.44000244140625,239.7899932861328,228.4739990234375,235.88999938964844,2266200
2021-11-12,233.5,238.3300018310547,231.72999572753906,238.13999938964844,1734700
2021-11-15,241.72000122070312,250.8800048828125,239.47000122070312,250.47999572753906,2629200
2021-11-16,247.0399932861328,262.3800048828125,244.05999755859375,258.04998779296875,3291700
2021-11-17,263.6400146484375,272.14898681640625,259.6000061035156,272.0,2897300
2021-11-18,277.2760009765625,281.04998779296875,265.55999755859375,274.05999755859375,2635700
2021-11-19,277.67999267578125,290.010009765625,275.1809997558594,289.75,4140100
2021-11-22,298.0,322.20001220703125,292.45001220703125,321.7099914550781,5616400
2021-11-23,308.20001220703125,311.6099853515625,291.5899963378906,308.8399963378906,4343100
2021-11-24,295.0,306.82000732421875,291.8500061035156,304.760009765625,2393500
2021-11-26,337.42999267578125,372.489990234375,335.0350036621094,348.0,11029000
2021-11-29,369.5,374.5799865722656,346.9100036621094,362.5199890136719,6067600
2021-11-30,335.59698486328125,359.2699890136719,327.1300048828125,351.739990234375,4732500
2021-12-01,335.6499938964844,346.79998779296875,330.6600036621094,334.4800109863281,3708300
2021-12-02,311.0,335.0,307.05999755859375,333.489990234375,4120100
2021-12-03,338.0,346.19000244140625,328.0199890136719,344.05999755859375,3325600
2021-12-06,317.57000732421875,321.8599853515625,276.45001220703125,279.8299865722656,6780100
2021-12-07,287.7200012207031,302.69000244140625,284.5400085449219,302.69000244140625,3478200
2021-12-08,308.6499938964844,312.9599914550781,287.2300109863281,291.94000244140625,3983300
2021-12-09,298.05999755859375,299.0,283.3399963378906,284.2099914550781,1979800
2021-12-10,268.7200012207031,271.55999755859375,252.88999938964844,257.67999267578125,5059600
2021-12-13,267.1419982910156,287.0,264.20001220703125,278.2200012207031,4028700
2021-12-14,272.0,277.8999938964844,261.010009765625,276.7699890136719,2172500
2021-12-15,271.7799987792969,289.70001220703125,271.510009765625,287.04998779296875,2795300
2021-12-16,288.27301025390625,289.32000732421875,277.0,283.67999267578125,2091900
2021-12-17,279.6000061035156,287.9330139160156,271.67999267578125,287.2799987792969,2499300
2021-12-20,299.4100036621094,302.3399963378906,275.0,275.2300109863281,2669500
2021-12-21,275.3999938964844,281.9800109863281,266.6000061035156,271.4599914550781,2768800
2021-12-22,273.45001220703125,274.54901123046875,255.50999450683594,259.70001220703125,3092400
2021-12-23,258.3299865722656,259.5199890136719,250.0500030517578,255.2899932861328,2604500
2021-12-27,253.24000549316406,259.8999938964844,250.22999572753906,254.83999633789062,1514800
2021-12-28,250.35000610351562,256.4849853515625,238.27000427246094,241.39999389648438,2551600
2021-12-29,235.1199951171875,244.3000030517578,231.72999572753906,240.61000061035156,2713700
2021-12-30,239.02000427246094,258.82000732421875,238.0,256.80999755859375,2353500
2021-12-31,253.55999755859375,263.95001220703125,251.3699951171875,257.79998779296875,1159100
2022-01-03,253.8699951171875,256.1400146484375,231.5,231.85000610351562,3776400
2022-01-04,231.80999755859375,233.52000427246094,220.0,224.08999633789062,3403800
2022-01-05,230.47000122070312,230.58999633789062,211.02999877929688,211.42999267578125,3098300
2022-01-06,214.47999572753906,217.4969940185547,198.0,214.74000549316406,2753800
2022-01-07,213.6999969482422,217.72999572753906,209.27000427246094,211.83999633789062,1201400
2022-01-10,204.4499969482422,230.35000610351562,201.5500030517578,230.0,3737700
2022-01-11,222.92999267578125,224.22999572753906,213.02000427246094,215.8000030517578,2614100
2022-01-12,216.77999877929688,221.5749969482422,213.74000549316406,220.8699951171875,1806600
2022-01-13,217.08999633789062,220.1999969482422,202.86000061035156,202.99000549316406,2252700
2022-01-14,195.55999755859375,206.24000549316406,194.61000061035156,196.0,2863800
2022-01-18,183.27000427246094,183.27000427246094,168.07000732421875,169.22999572753906,4740300
2022-01-19,171.63999938964844,175.72000122070312,160.60000610351562,161.66000366210938,3528300
2022-01-20,166.41000366210938,166.7899932861328,155.72999572753906,156.52999877929688,3282700
2022-01-21,153.85000610351562,154.8699951171875,145.80999755859375,147.5,4395500
2022-01-24,141.99000549316406,151.99000549316406,135.1300048828125,150.97999572753906,5811000
2022-01-25,157.48500061035156,166.5,152.55799865722656,156.49000549316406,4071000
2022-01-26,163.52999877929688,167.67999267578125,159.10000610351562,160.6999969482422,2688100
2022-01-27,161.92999267578125,164.47000122070312,152.77999877929688,154.5399932861328,2477500
2022-01-28,154.0,162.22999572753906,150.58999633789062,162.22000122070312,1432400
2022-01-31,166.0,172.69000244140625,162.50999450683594,172.0800018310547,1860200
2022-02-01,182.17999267578125,183.61000061035156,174.16000366210938,179.60000610351562,1933300
2022-02-02,181.0,184.1300048828125,175.22000122070312,180.14999389648438,1823300
2022-02-03,172.3489990234375,179.1269989013672,171.2570037841797,175.02000427246094,1405300
2022-02-04,175.77000427246094,177.36000061035156,172.29100036621094,176.57000732421875,880600
2022-02-07,175.58999633789062,176.875,171.10000610351562,172.80999755859375,1494100
2022-02-08,162.35000610351562,165.8090057373047,156.24000549316406,159.60000610351562,3091900
2022-02-09,162.89999389648438,173.8699951171875,160.91000366210938,173.3300018310547,1874500
2022-02-10,165.0399932861328,175.8699951171875,163.8800048828125,167.5399932861328,1205500
2022-02-11,167.92999267578125,174.1999969482422,167.77999877929688,170.9499969482422,1439800
2022-02-14,163.6699981689453,165.82000732421875,153.75999450683594,154.52999877929688,3229500
2022-02-15,155.85000610351562,164.77000427246094,155.6999969482422,163.44000244140625,1214500
2022-02-16,161.92999267578125,168.27999877929688,158.10000610351562,165.49000549316406,1101600
2022-02-17,163.42599487304688,167.0,157.08999633789062,157.36000061035156,886700
2022-02-18,156.9499969482422,159.33999633789062,151.60000610351562,156.94000244140625,1016300
2022-02-22,149.49000549316406,153.97000122070312,146.85000610351562,149.88999938964844,1492000
2022-02-23,152.3300018310547,152.44000244140625,140.97000122070312,141.16000366210938,1512400
2022-02-24,140.14999389648438,154.42999267578125,138.5659942626953,154.05999755859375,2106200
2022-02-25,157.11000061035156,158.69000244140625,149.6300048828125,150.6199951171875,1232800
2022-02-28,147.0500030517578,152.4499969482422,146.5800018310547,150.80999755859375,1388600
2022-03-01,150.27000427246094,153.9600067138672,146.1300048828125,146.72999572753906,969000
2022-03-02,145.0,148.02999877929688,140.47999572753906,146.9499969482422,1034300
2022-03-03,147.55999755859375,147.66000366210938,139.8000030517578,142.25999450683594,960200
2022-03-04,137.08999633789062,139.52499389648438,134.52000427246094,136.25999450683594,1653800
2022-03-07,133.17999267578125,136.61000061035156,124.47000122070312,126.25,1674900
2022-03-08,123.9000015258789,133.6699981689453,121.31999969482422,128.16000366210938,1617100
2022-03-09,135.32000732421875,144.1280059814453,134.10000610351562,140.2100067138672,1519600
2022-03-10,139.4199981689453,139.67999267578125,134.5500030517578,137.27000427246094,799500
2022-03-11,143.25,145.25,135.61000061035156,135.63999938964844,1074600
2022-03-14,139.35000610351562,160.3000030517578,138.69000244140625,151.9199981689453,3920800
2022-03-15,153.25,155.5800018310547,141.05999755859375,145.0399932861328,2564400
2022-03-16,147.39999389648438,164.42999267578125,147.39999389648438,163.9199981689453,3034400
2022-03-17,164.33999633789062,166.5,160.33999633789062,165.0,1578500
2022-03-18,165.75,179.83999633789062,165.42999267578125,174.4600067138672,2969600
2022-03-21,175.1699981689453,178.5,169.19000244140625,170.1199951171875,1535700
2022-03-22,169.3800048828125,174.9199981689453,164.0,174.6300048828125,1718700
2022-03-23,171.72000122070312,172.6300048828125,165.0399932861328,166.3300018310547,1198600
2022-03-24,166.6999969482422,172.11000061035156,164.72000122070312,170.41000366210938,1365100
2022-03-25,169.1999969482422,170.9499969482422,159.50999450683594,161.10000610351562,1528200
2022-03-28,164.4499969482422,168.4499969482422,159.81500244140625,166.35000610351562,1458100
2022-03-29,169.39999389648438,175.46099853515625,166.55999755859375,172.38999938964844,2110800
2022-03-30,184.60000610351562,189.07400512695312,174.08999633789062,174.77999877929688,4050100
2022-03-31,173.0,174.55999755859375,168.6909942626953,170.55999755859375,1824500
2022-04-01,169.5,179.6999969482422,167.1999969482422,178.77999877929688,2418500
2022-04-04,181.13999938964844,186.24000549316406,180.72000122070312,186.24000549316406,2349000
2022-04-05,183.66000366210938,185.69000244140625,180.05999755859375,180.82000732421875,1880600
2022-04-06,175.75,176.44500732421875,162.27999877929688,166.64999389648438,2276900
2022-04-07,167.50999450683594,170.03199768066406,161.3699951171875,169.11000061035156,1505400
2022-04-08,167.5399932861328,173.6199951171875,167.3699951171875,170.25999450683594,886200
2022-04-11,166.10000610351562,172.10000610351562,164.63999938964844,170.5500030517578,1069600
2022-04-12,167.1300048828125,172.33999633789062,164.10000610351562,169.1300048828125,1562000
2022-04-13,168.39999389648438,181.0399932861328,167.4600067138672,179.3800048828125,1947500
2022-04-14,178.1699981689453,181.69000244140625,174.3300018310547,175.2899932861328,875400
2022-04-18,174.97999572753906,174.97999572753906,158.02000427246094,159.57000732421875,1245200
2022-04-19,159.7100067138672,161.9499969482422,154.14999389648438,159.74000549316406,1417300
2022-04-20,158.22000122070312,158.89999389648438,151.82000732421875,153.67999267578125,1012000
2022-04-21,152.8300018310547,155.6300048828125,147.4499969482422,147.83999633789062,1175500
2022-04-22,147.6699981689453,151.22999572753906,144.6300048828125,145.07000732421875,1052100
2022-04-25,145.88999938964844,155.9600067138672,145.60000610351562,155.10000610351562,1237300
2022-04-26,151.00999450683594,155.41000366210938,146.51499938964844,147.9499969482422,970300
2022-04-27,147.1999969482422,150.52000427246094,143.22999572753906,144.44000244140625,835600
2022-04-28,144.58999633789062,147.47000122070312,137.50999450683594,143.39999389648438,1115900
2022-04-29,143.02999877929688,148.77999877929688,138.30999755859375,138.77999877929688,783500
2022-05-02,139.6699981689453,149.39999389648438,139.52000427246094,146.0399932861328,1150500
2022-05-03,146.19000244140625,151.4499969482422,144.74000549316406,149.22999572753906,989600
2022-05-04,150.83999633789062,152.88999938964844,143.08999633789062,151.83999633789062,1451100
2022-05-05,148.44000244140625,149.82000732421875,140.30999755859375,141.9199981689453,1221300
2022-05-06,140.7899932861328,141.3000030517578,133.6199951171875,136.1699981689453,1404000
2022-05-09,139.57000732421875,146.1300048828125,138.5,140.32000732421875,2528900
2022-05-10,139.33999633789062,147.25999450683594,139.3000030517578,144.42999267578125,2259500
2022-05-11,142.55999755859375,155.27999877929688,142.0500030517578,144.16000366210938,2390800
2022-05-12,143.13999938964844,158.1199951171875,142.75999450683594,158.0,2227200
2022-05-13,160.0,165.0,156.6699981689453,158.83999633789062,1722900
2022-05-16,157.72999572753906,159.44000244140625,150.14500427246094,151.1999969482422,1266400
2022-05-17,154.61000061035156,161.2100067138672,153.5399932861328,159.8000030517578,1058400
2022-05-18,157.1999969482422,160.8000030517578,155.70899963378906,157.05999755859375,840400
2022-05-19,158.7899932861328,170.25,158.57000732421875,167.8699951171875,1821900
2022-05-20,168.08999633789062,169.25999450683594,159.9080047607422,163.0,1198000
2022-05-23,166.38999938964844,166.49000549316406,161.13999938964844,163.22000122070312,785700
2022-05-24,160.94000244140625,162.11000061035156,153.75,154.5,1103100
2022-05-25,154.1999969482422,157.8800048828125,150.55999755859375,154.6699981689453,672900
2022-05-26,155.85000610351562,159.25999450683594,153.63999938964844,158.14999389648438,664200
2022-05-27,159.875,167.67999267578125,157.6300048828125,166.9600067138672,1071500
2022-05-31,163.8000030517578,167.8699951171875,162.9499969482422,163.36000061035156,1047700
2022-06-01,165.0,166.9199981689453,159.17999267578125,161.49000549316406,583000
2022-06-02,160.55999755859375,163.4029998779297,155.86000061035156,158.36000061035156,1033300
2022-06-03,158.1199951171875,159.5,152.13999938964844,157.6999969482422,917400
2022-06-06,159.1999969482422,162.1300048828125,157.7519989013672,159.30999755859375,812000
2022-06-07,157.0500030517578,162.08999633789062,156.99000549316406,160.1199951171875,690700
2022-06-08,159.27999877929688,163.72999572753906,158.72999572753906,161.72999572753906,870800
2022-06-09,161.91000366210938,162.14999389648438,149.17999267578125,149.27000427246094,1141100
2022-06-10,148.1999969482422,150.18499755859375,140.16000366210938,143.85000610351562,1171300
2022-06-13,140.0,142.63999938964844,133.41000366210938,133.6199951171875,997100
2022-06-14,135.58999633789062,138.85000610351562,132.80999755859375,134.82000732421875,832600
2022-06-15,135.83999633789062,139.47000122070312,133.67999267578125,137.99000549316406,1453400
2022-06-16,134.77999877929688,134.77999877929688,126.62000274658203,129.14999389648438,1323000
2022-06-17,130.1999969482422,131.5,125.06999969482422,125.13999938964844,2202400
2022-06-21,130.1999969482422,131.02000427246094,122.38999938964844,123.25,2106300
2022-06-22,122.0,127.2699966430664,117.08000183105469,123.66000366210938,1970100
2022-06-23,123.66000366210938,132.8699951171875,122.69000244140625,132.2899932861328,1039000
2022-06-24,133.0,134.28500366210938,129.22000122070312,134.0399932861328,1020200
2022-06-27,140.24000549316406,144.27999877929688,138.0800018310547,143.7100067138672,1870600
2022-06-28,141.2100067138672,144.3679962158203,138.91000366210938,139.82000732421875,902800
2022-06-29,139.63999938964844,143.25,137.00999450683594,141.97999572753906,1054400
2022-06-30,146.52499389648438,153.8000030517578,142.10000610351562,149.10000610351562,2495600
2022-07-01,148.0,157.5,147.1999969482422,157.5,1335200
2022-07-05,151.3699951171875,162.82000732421875,151.0800018310547,161.02999877929688,1651300
2022-07-06,157.05999755859375,160.66000366210938,155.25,160.1999969482422,867200
2022-07-07,159.92999267578125,169.38999938964844,159.33999633789062,167.97000122070312,1100000
2022-07-08,165.5,172.75,165.5,170.1300048828125,861100
2022-07-11,167.9499969482422,171.42300415039062,166.0800018310547,166.47000122070312,886000
2022-07-12,164.69000244140625,165.98899841308594,160.4199981689453,161.4199981689453,750000
2022-07-13,161.0399932861328,169.9499969482422,160.02000427246094,166.6199951171875,949400
2022-07-14,164.67999267578125,164.67999267578125,154.44000244140625,154.4600067138672,1083400
2022-07-15,155.5800018310547,161.5449981689453,153.8300018310547,161.44000244140625,669100
2022-07-18,163.0,165.0,159.52000427246094,161.02999877929688,678300
2022-07-19,162.72999572753906,165.5,160.0,164.72999572753906,516500
2022-07-20,164.47000122070312,167.6699981689453,161.77000427246094,164.0800018310547,466000
2022-07-21,164.4600067138672,169.74000549316406,162.875,165.8699951171875,654100
2022-07-22,164.1199951171875,166.52999877929688,159.2449951171875,160.16000366210938,618700
2022-07-25,161.75,163.35000610351562,159.1699981689453,162.3699951171875,404500
2022-07-26,160.24000549316406,162.35000610351562,157.3300018310547,159.72000122070312,431100
2022-07-27,159.50999450683594,159.50999450683594,153.8699951171875,155.8800048828125,852700
2022-07-28,157.97999572753906,165.11000061035156,154.0399932861328,164.9199981689453,1082200
2022-07-29,164.25,165.80999755859375,161.07000732421875,165.14999389648438,587000
2022-08-01,163.58999633789062,169.83999633789062,163.0500030517578,163.47999572753906,746300
2022-08-02,161.3800048828125,166.1999969482422,161.00999450683594,165.77000427246094,640800
2022-08-03,168.74000549316406,179.0,168.74000549316406,178.22999572753906,1932200
2022-08-04,177.5,180.8800048828125,174.33999633789062,180.44000244140625,992400
2022-08-05,179.6300048828125,185.08999633789062,177.6300048828125,183.11000061035156,1579800
2022-08-08,167.0,170.92999267578125,162.24000549316406,169.3000030517578,3613100
2022-08-09,164.0399932861328,167.44000244140625,156.8249969482422,157.2100067138672,1766200
2022-08-10,162.24000549316406,162.3000030517578,156.6199951171875,160.9199981689453,1168300
2022-08-11,161.32000732421875,165.8300018310547,158.47999572753906,158.58999633789062,653900
2022-08-12,160.5,161.60000610351562,158.5800018310547,160.35000610351562,500500
2022-08-15,162.0,163.72999572753906,160.41000366210938,162.47999572753906,608700
2022-08-16,162.2899932861328,165.4199981689453,158.22999572753906,160.3699951171875,718700
2022-08-17,157.25,159.13999938964844,150.4499969482422,152.0399932861328,1133400
2022-08-18,151.72000122070312,152.1699981689453,146.7100067138672,147.61000061035156,1414100
2022-08-19,145.4499969482422,149.75,145.42999267578125,147.9199981689453,919900
2022-08-22,146.75,150.5,145.82000732421875,148.3000030517578,727500
2022-08-23,148.5,150.19000244140625,146.41000366210938,147.25,577000
2022-08-24,148.0,149.0,145.88999938964844,146.24000549316406,593000
2022-08-25,149.02000427246094,149.2100067138672,145.7100067138672,148.55999755859375,564800
2022-08-26,145.33999633789062,148.77999877929688,142.30999755859375,142.60000610351562,983900
2022-08-29,140.0,146.1300048828125,139.02999877929688,144.6300048828125,650000
2022-08-30,146.38999938964844,147.97000122070312,145.0399932861328,147.0800018310547,483200
2022-08-31,148.0,150.10000610351562,144.30999755859375,144.63999938964844,644400
2022-09-01,145.6199951171875,147.97000122070312,143.86000061035156,147.80999755859375,588300
2022-09-02,148.57000732421875,150.0399932861328,146.3800048828125,147.89999389648438,510900
2022-09-06,146.13999938964844,146.60000610351562,138.47000122070312,138.5800018310547,1056100
2022-09-07,137.16000366210938,144.57000732421875,137.1199951171875,144.11000061035156,488300
2022-09-08,142.74000549316406,147.74000549316406,142.33999633789062,147.1999969482422,615200
2022-09-09,147.50999450683594,152.6750030517578,146.97999572753906,150.91000366210938,784200
2022-09-12,150.27999877929688,152.19700622558594,148.05999755859375,148.27000427246094,486900
2022-09-13,144.17999267578125,146.0,140.67999267578125,141.0500030517578,867500
2022-09-14,142.3000030517578,146.75,141.3300018310547,146.5500030517578,729000
2022-09-15,145.67999267578125,145.67999267578125,143.16000366210938,144.13999938964844,532500
2022-09-16,141.50999450683594,146.13999938964844,141.5,145.75999450683594,707300
2022-09-19,142.22999572753906,142.7899932861328,131.51499938964844,133.22000122070312,1475600
2022-09-20,128.0,137.22000122070312,127.52999877929688,133.4600067138672,1413600
2022-09-21,131.99000549316406,134.0,128.13999938964844,128.24000549316406,880400
2022-09-22,127.72000122070312,131.7100067138672,126.55999755859375,130.0,1038900
2022-09-23,127.83999633789062,129.66000366210938,126.80000305175781,128.35000610351562,997000
2022-09-26,126.80000305175781,132.5,126.61000061035156,127.6500015258789,1062300
2022-09-27,128.0,133.41000366210938,128.0,130.3000030517578,994200
2022-09-28,129.6699981689453,135.6199951171875,129.6699981689453,133.7899932861328,932600
2022-09-29,132.85000610351562,135.30999755859375,131.64999389648438,133.60000610351562,632700
2022-09-30,133.02999877929688,136.25,133.02999877929688,134.8800048828125,735100
2022-10-03,135.24000549316406,138.1999969482422,135.02000427246094,136.67999267578125,497100
2022-10-04,139.0800018310547,140.64999389648438,136.66000366210938,137.57000732421875,594200
2022-10-05,136.5,138.55999755859375,135.50999450683594,137.19000244140625,508400
2022-10-06,135.6300048828125,139.11000061035156,135.6300048828125,137.52999877929688,591400
2022-10-07,136.4499969482422,138.0,134.33999633789062,134.7100067138672,767100
2022-10-10,134.72999572753906,137.16000366210938,133.10000610351562,135.2899932861328,615300
2022-10-11,134.3000030517578,135.1199951171875,127.48999786376953,129.49000549316406,641400
2022-10-12,133.88999938964844,140.45799255371094,133.4600067138672,136.64999389648438,1167300
2022-10-13,133.64999389648438,142.08999633789062,132.09800720214844,140.00999450683594,724300
2022-10-14,139.88999938964844,140.4499969482422,135.00999450683594,135.6199951171875,489700
2022-10-17,137.1999969482422,139.55999755859375,134.1999969482422,138.94000244140625,651400
2022-10-18,139.5,139.5,132.8300018310547,133.67999267578125,859400
2022-10-19,131.85000610351562,132.3350067138672,122.38999938964844,122.66000366210938,1181400
2022-10-20,122.62999725341797,124.55000305175781,118.30999755859375,118.43000030517578,1083700
2022-10-21,122.0,131.85000610351562,121.13999938964844,131.63999938964844,1623100
2022-10-24,130.6300048828125,135.0,128.32000732421875,134.99000549316406,778000
2022-10-25,133.97999572753906,139.8800048828125,133.74000549316406,135.27000427246094,707200
2022-10-26,135.1999969482422,140.8000030517578,134.97999572753906,137.08999633789062,743800
2022-10-27,136.1699981689453,136.4499969482422,133.25,135.5800018310547,465400
2022-10-28,134.5500030517578,138.66000366210938,133.5,137.64999389648438,572200
2022-10-31,137.77000427246094,141.0,136.9199981689453,137.63999938964844,751600
2022-11-01,143.88999938964844,150.0,141.1300048828125,144.0800018310547,945000
2022-11-02,143.89999389648438,145.67999267578125,140.5399932861328,141.52000427246094,591500
2022-11-03,134.5,145.49000549316406,133.9499969482422,145.25,1120100
2022-11-04,156.2899932861328,156.8000030517578,147.35000610351562,154.30999755859375,2179200
2022-11-07,152.77000427246094,161.5399932861328,150.25100708007812,160.72000122070312,2009800
2022-11-08,157.27999877929688,163.33999633789062,156.58999633789062,160.94000244140625,895800
2022-11-09,158.5500030517578,162.02999877929688,158.5500030517578,159.5800018310547,810600
2022-11-10,152.25999450683594,157.25,152.0,156.9199981689453,1807400
2022-11-11,152.38999938964844,155.01499938964844,146.7899932861328,154.50999450683594,1481000
2022-11-14,152.02999877929688,161.74000549316406,152.02999877929688,160.3699951171875,1267800
2022-11-15,161.0,164.80999755859375,160.3000030517578,163.72999572753906,940300
2022-11-16,163.89999389648438,167.0800018310547,163.30999755859375,164.89999389648438,864200
2022-11-17,162.50999450683594,166.33999633789062,159.3699951171875,166.25999450683594,557100
2022-11-18,165.77000427246094,167.06500244140625,164.5449981689453,166.38999938964844,647100
2022-11-21,163.08999633789062,165.03500366210938,158.1199951171875,158.41000366210938,800300
2022-11-22,154.97999572753906,159.1300048828125,151.5,158.72999572753906,1032700
2022-11-23,157.5,158.75999450683594,155.08999633789062,156.22999572753906,606200
2022-11-25,155.2100067138672,157.1199951171875,154.11000061035156,154.85000610351562,348300
2022-11-28,157.0,166.41000366210938,156.50999450683594,161.49000549316406,1214800
2022-11-29,162.11000061035156,165.50999450683594,159.4199981689453,163.61000061035156,935500
2022-11-30,164.30999755859375,167.29299926757812,163.1999969482422,167.02000427246094,1062100
2022-12-01,167.50999450683594,170.3800048828125,165.1699981689453,169.47000122070312,759200
2022-12-02,167.11000061035156,169.88999938964844,166.6999969482422,169.74000549316406,721300
2022-12-05,168.4600067138672,171.36000061035156,165.36000061035156,166.7100067138672,989800
2022-12-06,166.0,166.0,158.36000061035156,161.6199951171875,1167100
2022-12-07,159.55999755859375,165.97000122070312,159.50999450683594,162.6300048828125,600100
2022-12-08,163.22999572753906,171.89999389648438,162.38499450683594,171.80999755859375,1158900
2022-12-09,171.72000122070312,173.0,169.2899932861328,170.3000030517578,819700
2022-12-12,171.19000244140625,171.27999877929688,164.80999755859375,166.6199951171875,1111800
2022-12-13,174.25,183.44000244140625,172.61000061035156,178.24000549316406,2030500
2022-12-14,176.88999938964844,188.81500244140625,174.3300018310547,186.0500030517578,2011100
2022-12-15,186.2899932861328,188.98500061035156,179.2270050048828,182.0399932861328,1577100
2022-12-16,178.6999969482422,183.63999938964844,174.83999633789062,175.25,883100
2022-12-19,175.9600067138672,177.75,167.6999969482422,168.55999755859375,927700
2022-12-20,166.25,174.99000549316406,165.5,172.6999969482422,680000
2022-12-21,172.60000610351562,178.6199951171875,170.99000549316406,178.14999389648438,819400
2022-12-22,177.22999572753906,180.39999389648438,174.11000061035156,179.8800048828125,777300
2022-12-23,179.67999267578125,179.97999572753906,173.1060028076172,175.97000122070312,760100
2022-12-27,175.75999450683594,176.6699981689453,159.47000122070312,159.86000061035156,1286300
2022-12-28,157.85000610351562,159.26100158691406,151.6999969482422,151.6999969482422,960000
2022-12-29,152.97000122070312,156.24400329589844,152.6999969482422,153.11000061035156,573400
2022-12-30,150.4499969482422,151.0,146.0,150.22000122070312,934900
2023-01-03,152.94000244140625,155.2949981689453,148.5,148.64999389648438,739000
2023-01-04,149.97000122070312,150.5749969482422,145.7550048828125,146.1300048828125,938800
2023-01-05,145.10000610351562,146.39999389648438,143.60000610351562,145.6699981689453,856500
2023-01-06,148.5,156.27499389648438,145.22999572753906,150.08999633789062,1068000
2023-01-09,152.22000122070312,153.1999969482422,148.56700134277344,148.75999450683594,568000
2023-01-10,150.02999877929688,154.24000549316406,149.30999755859375,153.6699981689453,678200
2023-01-11,153.6199951171875,153.99000549316406,146.77499389648438,149.61000061035156,750200
2023-01-12,149.35000610351562,149.9199981689453,146.25,149.41000366210938,416200
2023-01-13,149.5,150.63499450683594,142.08999633789062,145.0500030517578,1287100
2023-01-17,145.0,145.5,140.91000366210938,143.1999969482422,1160300
2023-01-18,145.8300018310547,147.67999267578125,142.82000732421875,143.08999633789062,724900
2023-01-19,143.0,144.10800170898438,139.66000366210938,139.94000244140625,1040400
2023-01-20,141.0,143.41000366210938,139.0500030517578,142.7899932861328,1125400
2023-01-23,142.3300018310547,144.92999267578125,141.79100036621094,143.72999572753906,725000
2023-01-24,143.27999877929688,144.3699951171875,140.6999969482422,143.85000610351562,504000
2023-01-25,143.0500030517578,144.69000244140625,141.625,142.72999572753906,580600
2023-01-26,143.0,143.88999938964844,140.3300018310547,142.5399932861328,531200
2023-01-27,141.47999572753906,143.94000244140625,140.95700073242188,143.66000366210938,436600
2023-01-30,142.47999572753906,143.02000427246094,139.5,140.49000549316406,680800
2023-01-31,138.0500030517578,144.72999572753906,138.0500030517578,143.41000366210938,1248600
2023-02-01,142.02000427246094,144.47500610351562,139.27999877929688,143.0500030517578,746600
2023-02-02,142.63999938964844,144.97000122070312,141.8300018310547,144.39999389648438,606800
2023-02-03,142.91000366210938,145.22000122070312,141.86000061035156,142.05999755859375,379200
2023-02-06,140.0,142.55999755859375,139.25999450683594,140.9600067138672,333700
2023-02-07,140.0,142.13999938964844,138.8699951171875,142.11500549316406,375700
2023-02-08,140.1999969482422,142.35000610351562,140.1999969482422,141.14999389648438,629900
2023-02-09,141.14999389648438,144.19000244140625,140.4600067138672,140.5399932861328,633900
2023-02-10,140.5,142.32000732421875,140.0,141.50999450683594,485700
2023-02-13,141.49000549316406,143.6999969482422,141.1999969482422,143.0,466800
2023-02-14,143.16000366210938,144.39999389648438,142.39999389648438,143.9199981689453,462800
2023-02-15,142.5,147.66000366210938,142.1199951171875,147.6199951171875,633200
2023-02-16,145.9199981689453,146.6750030517578,141.35000610351562,141.38999938964844,676500
2023-02-17,140.0500030517578,140.27999877929688,137.3300018310547,138.6199951171875,814900
2023-02-21,138.9600067138672,141.9250030517578,137.4199981689453,137.52999877929688,618200
2023-02-22,137.72000122070312,138.50999450683594,134.17999267578125,134.6300048828125,865800
2023-02-23,134.02000427246094,135.60000610351562,130.8800048828125,134.38999938964844,1027100
2023-02-24,132.38999938964844,133.89500427246094,129.02000427246094,133.30999755859375,673800
2023-02-27,134.0,134.1300048828125,130.0,130.86000061035156,663400
2023-02-28,130.14999389648438,130.8350067138672,129.0500030517578,130.0500030517578,557100
2023-03-01,128.2899932861328,130.5500030517578,126.5199966430664,127.4800033569336,804000
2023-03-02,126.5199966430664,128.38999938964844,125.44000244140625,127.9800033569336,536300
2023-03-03,128.4499969482422,131.8000030517578,128.44500732421875,130.77000427246094,507500
2023-03-06,131.0,132.30999755859375,130.25999450683594,131.5399932861328,281700
2023-03-07,131.02000427246094,131.83999633789062,129.02000427246094,129.02000427246094,404400
2023-03-08,128.6199951171875,129.1999969482422,127.91000366210938,128.8800048828125,370200
2023-03-09,128.99000549316406,130.22000122070312,127.16999816894531,127.29000091552734,693200
2023-03-10,127.01000213623047,129.50999450683594,126.25,127.44999694824219,694400
2023-03-13,124.58999633789062,131.23500061035156,124.58999633789062,129.77000427246094,514100
2023-03-14,130.6999969482422,132.47999572753906,129.55999755859375,130.3800048828125,496700
2023-03-15,128.27999877929688,130.55999755859375,128.27999877929688,129.94000244140625,578200
2023-03-16,130.39999389648438,132.47500610351562,129.17999267578125,131.9600067138672,506400
2023-03-17,130.82000732421875,132.2899932861328,129.52000427246094,129.63999938964844,794300
2023-03-20,128.80999755859375,132.32000732421875,128.5,132.0800018310547,469900
2023-03-21,132.24000549316406,134.77000427246094,132.0,133.3300018310547,534600
2023-03-22,134.11000061035156,136.9149932861328,133.25,133.67999267578125,439500
2023-03-23,134.89500427246094,135.89999389648438,128.0,129.38999938964844,837600
2023-03-24,128.5,129.38999938964844,127.2300033569336,128.1999969482422,618700
2023-03-27,123.19999694824219,128.08999633789062,119.9800033569336,123.5999984741211,1794600
2023-03-28,124.05000305175781,125.37000274658203,122.19000244140625,123.0,783300
2023-03-29,124.3499984741211,125.16000366210938,122.58999633789062,122.97000122070312,627000
2023-03-30,122.8499984741211,123.78500366210938,121.26000213623047,122.56999969482422,775500
2023-03-31,121.94999694824219,125.05000305175781,121.72000122070312,124.56999969482422,805400
2023-04-03,124.1500015258789,129.7100067138672,124.1500015258789,129.52999877929688,665500
2023-04-04,129.60000610351562,130.75,125.0999984741211,125.87000274658203,628300
2023-04-05,126.0,127.08999633789062,125.13999938964844,125.5999984741211,333100
2023-04-06,125.55999755859375,128.9239959716797,125.20999908447266,128.89999389648438,377200
2023-04-10,128.11000061035156,128.50999450683594,125.95999908447266,127.70999908447266,323300
2023-04-11,126.25,127.70999908447266,125.54100036621094,126.33999633789062,344000
2023-04-12,126.62000274658203,128.49000549316406,125.76000213623047,125.80999755859375,358800
2023-04-13,126.13999938964844,129.77999877929688,125.58999633789062,129.64999389648438,436500
2023-04-14,129.10000610351562,131.52000427246094,128.13999938964844,129.66000366210938,313500
2023-04-17,129.0,129.09500122070312,124.0199966430664,124.75,687900
2023-04-18,125.0,125.0,122.44000244140625,123.19000244140625,513800
2023-04-19,122.4000015258789,123.08000183105469,120.47000122070312,121.79000091552734,637600
2023-04-20,120.76000213623047,122.58300018310547,120.38999938964844,120.94000244140625,350800
2023-04-21,120.38999938964844,120.38999938964844,117.83100128173828,118.27999877929688,855600
2023-04-24,113.83999633789062,117.4000015258789,111.52999877929688,116.93000030517578,1192000
2023-04-25,116.0,116.5,114.0,114.25,509600
2023-04-26,113.86000061035156,114.19999694824219,109.9800033569336,110.5999984741211,684000
2023-04-27,110.08000183105469,111.87999725341797,109.43000030517578,111.72000122070312,553000
2023-04-28,110.69000244140625,114.9000015258789,109.80999755859375,114.23999786376953,729800
2023-05-01,112.5,113.33000183105469,111.45999908447266,111.98999786376953,436200
2023-05-02,111.05000305175781,113.30500030517578,110.31999969482422,111.05999755859375,418000
2023-05-03,109.9800033569336,111.19000244140625,108.95999908447266,110.12000274658203,512800
2023-05-04,110.01000213623047,110.94499969482422,107.54000091552734,107.63999938964844,791800
2023-05-05,107.44499969482422,109.58000183105469,106.63999938964844,108.43000030517578,1218300
2023-05-08,113.0199966430664,113.0199966430664,107.63999938964844,108.05000305175781,1224000
2023-05-09,105.91999816894531,106.18000030517578,101.9800033569336,104.68000030517578,1413000
2023-05-10,103.0,104.69000244140625,101.30999755859375,102.5999984741211,1517900
2023-05-11,101.5,102.86000061035156,100.08000183105469,102.58000183105469,1076800
2023-05-12,102.98999786376953,106.04000091552734,102.5999984741211,105.23999786376953,801700
2023-05-15,104.6500015258789,108.26599884033203,104.01000213623047,107.9000015258789,728900
2023-05-16,106.7699966430664,107.31999969482422,105.08000183105469,105.5999984741211,487700
2023-05-17,108.04000091552734,108.41999816894531,105.1500015258789,105.1500015258789,943400
2023-05-18,105.25,105.5999984741211,103.94999694824219,104.94999694824219,604600
2023-05-19,105.33999633789062,107.4000015258789,104.91999816894531,106.48999786376953,481000
2023-05-22,106.48999786376953,108.87999725341797,106.0999984741211,107.5,574700
2023-05-23,107.52999877929688,119.00499725341797,107.27999877929688,116.30000305175781,2473100
2023-05-24,117.0,117.18000030517578,110.30999755859375,111.08999633789062,1149300
2023-05-25,112.06999969482422,112.13999938964844,108.20999908447266,108.7300033569336,571200
2023-05-26,109.01000213623047,109.37999725341797,104.58999633789062,105.2699966430664,897300
2023-05-30,105.3499984741211,105.41999816894531,103.05000305175781,104.3499984741211,610700
2023-05-31,104.58999633789062,106.0999984741211,103.83999633789062,105.08000183105469,393500
2023-06-01,104.22000122070312,105.05000305175781,103.26000213623047,104.12000274658203,388100
2023-06-02,107.45999908447266,109.61000061035156,106.52999877929688,108.12999725341797,941700
2023-06-05,107.30000305175781,108.93000030517578,107.20999908447266,108.7300033569336,445300
2023-06-06,108.69000244140625,110.47000122070312,107.25,109.8499984741211,503500
2023-06-07,110.0,110.75,109.4000015258789,109.41000366210938,409900
2023-06-08,109.83999633789062,110.0,108.45999908447266,108.97000122070312,642700
2023-06-09,109.44999694824219,110.76000213623047,108.6050033569336,109.25,507100
2023-06-12,108.51000213623047,110.6500015258789,108.51000213623047,109.79000091552734,481000
2023-06-13,109.98999786376953,116.36499786376953,109.75,115.5999984741211,1091800
2023-06-14,115.66999816894531,115.66999816894531,110.91000366210938,110.94999694824219,767200
2023-06-15,111.05999755859375,113.75,110.51000213623047,113.0,901100
2023-06-16,113.93000030517578,116.23999786376953,112.4000015258789,112.55000305175781,664500
2023-06-20,111.83999633789062,112.19999694824219,109.4800033569336,109.94000244140625,639200
2023-06-21,108.7699966430664,109.11000061035156,107.41999816894531,107.45999908447266,737900
2023-06-22,107.4800033569336,108.20999908447266,106.87000274658203,107.30999755859375,398100
2023-06-23,106.87000274658203,107.80999755859375,105.55000305175781,107.13999938964844,524500
2023-06-26,107.0,108.91000366210938,106.72000122070312,106.93000030517578,439500
2023-06-27,106.94000244140625,106.94000244140625,105.38999938964844,105.86000061035156,410600
2023-06-28,105.79000091552734,106.93000030517578,104.72000122070312,106.9000015258789,512800
2023-06-29,106.55000305175781,108.1500015258789,105.58000183105469,107.0,495100
2023-06-30,107.43000030517578,108.66999816894531,106.97000122070312,107.93000030517578,465200
2023-07-03,107.41999816894531,109.30000305175781,107.25,107.81999969482422,346200
2023-07-05,107.68000030517578,112.37000274658203,107.5,109.08000183105469,816400
2023-07-06,108.02999877929688,108.25499725341797,105.02999877929688,105.76000213623047,708800
2023-07-07,105.66000366210938,107.63999938964844,105.51000213623047,106.86000061035156,327400
2023-07-10,107.62000274658203,108.91999816894531,107.13999938964844,107.43000030517578,481300
2023-07-11,106.98999786376953,108.72000122070312,106.73999786376953,107.9000015258789,455300
2023-07-12,109.0,110.23999786376953,108.18000030517578,109.0,557700
2023-07-13,109.88999938964844,110.30500030517578,108.95999908447266,109.51000213623047,543300
2023-07-14,110.41000366210938,110.41000366210938,108.11000061035156,108.23999786376953,530600
2023-07-17,107.94999694824219,108.7699966430664,106.94000244140625,107.20999908447266,498000
2023-07-18,107.5,109.16000366210938,107.4800033569336,108.1500015258789,448100
2023-07-19,108.0999984741211,110.19000244140625,107.9000015258789,109.12999725341797,632900
2023-07-20,109.55999755859375,109.55999755859375,107.5999984741211,107.72000122070312,487200
2023-07-21,107.5,109.52999877929688,106.58000183105469,108.58999633789062,680000
2023-07-24,108.61000061035156,108.69999694824219,106.12000274658203,107.02999877929688,619600
2023-07-25,106.66999816894531,109.6500015258789,106.66999816894531,106.86000061035156,627800
2023-07-26,106.7300033569336,107.08999633789062,105.0999984741211,105.51000213623047,679700
2023-07-27,106.4800033569336,106.66999816894531,104.76000213623047,105.0,507200
2023-07-28,105.0,107.88999938964844,105.0,107.41999816894531,688000
2023-07-31,107.5999984741211,109.9749984741211,107.08000183105469,108.87000274658203,610800
2023-08-01,108.61000061035156,108.61000061035156,106.33999633789062,107.12999725341797,595400
2023-08-02,105.5,106.52999877929688,104.66999816894531,104.9800033569336,607800
2023-08-03,104.72000122070312,108.0,104.5,106.6500015258789,712800
2023-08-04,106.63999938964844,107.94999694824219,105.87999725341797,106.4800033569336,655500
2023-08-07,101.01000213623047,101.36000061035156,95.5,98.5,3212600
2023-08-08,97.98999786376953,102.48999786376953,97.44999694824219,101.7699966430664,1131100
2023-08-09,102.0,107.63999938964844,101.94000244140625,106.48999786376953,1196200
2023-08-10,106.4800033569336,109.83000183105469,105.38999938964844,105.45999908447266,1059900
2023-08-11,104.69999694824219,107.61000061035156,104.55999755859375,106.91999816894531,427000
2023-08-14,106.80999755859375,107.79000091552734,105.05000305175781,107.44000244140625,417100
2023-08-15,106.73999786376953,106.73999786376953,104.5999984741211,105.69999694824219,602700
2023-08-16,104.91000366210938,109.0,104.51000213623047,107.95999908447266,648700
2023-08-17,107.81999969482422,113.43499755859375,107.81999969482422,113.22000122070312,939400
2023-08-18,111.05000305175781,112.12999725341797,109.9000015258789,110.36000061035156,680700
2023-08-21,111.36000061035156,119.55999755859375,111.25,117.52999877929688,1727100
2023-08-22,118.0,124.0199966430664,117.8499984741211,123.81999969482422,1588400
2023-08-23,123.05999755859375,124.0,121.22000122070312,123.0,1000400
2023-08-24,123.4000015258789,123.4000015258789,118.93000030517578,119.05000305175781,665700
2023-08-25,119.05000305175781,119.4000015258789,115.04000091552734,117.61000061035156,775000
2023-08-28,119.76000213623047,122.2699966430664,119.44000244140625,120.68000030517578,693600
2023-08-29,120.08000183105469,122.62000274658203,119.94000244140625,122.55999755859375,502400
2023-08-30,122.5,125.69999694824219,122.19999694824219,125.08000183105469,685400
2023-08-31,125.73999786376953,125.83000183105469,120.48999786376953,120.93000030517578,603600
2023-09-01,122.81999969482422,123.48999786376953,121.55999755859375,121.75,426800
2023-09-05,121.87000274658203,122.94999694824219,121.01000213623047,122.0,517800
2023-09-06,122.02999877929688,122.08000183105469,118.94000244140625,120.05999755859375,474100
2023-09-07,118.66999816894531,120.0250015258789,118.37999725341797,119.7300033569336,409100
2023-09-08,120.31999969482422,121.38999938964844,119.38999938964844,120.12999725341797,371500
2023-09-11,119.54000091552734,119.77999877929688,116.55000305175781,117.94999694824219,626000
2023-09-12,116.26000213623047,117.47000122070312,113.22000122070312,115.62999725341797,973600
2023-09-13,116.56999969482422,117.9800033569336,112.41999816894531,113.25,791100
2023-09-14,113.5199966430664,115.98999786376953,112.76000213623047,113.80999755859375,732300
2023-09-15,114.0,114.55000305175781,112.87000274658203,113.05999755859375,544900
2023-09-18,113.05999755859375,113.23999786376953,108.59500122070312,109.04000091552734,679400
2023-09-19,109.02999877929688,111.19499969482422,108.77999877929688,110.43000030517578,319500
2023-09-20,110.79000091552734,110.79000091552734,108.58000183105469,108.61000061035156,214300
2023-09-21,107.2699966430664,108.47000122070312,106.25,106.43000030517578,314000
2023-09-22,106.08999633789062,106.69000244140625,104.63999938964844,104.63999938964844,470600
2023-09-25,104.0,104.06999969482422,102.4800033569336,103.12000274658203,400500
2023-09-26,102.08000183105469,102.63999938964844,101.08999633789062,101.86000061035156,419100
2023-09-27,101.48999786376953,103.4489974975586,100.9000015258789,103.12000274658203,330500
2023-09-28,103.33999633789062,103.38200378417969,100.83000183105469,102.02999877929688,637800
2023-09-29,102.38999938964844,110.5,102.38999938964844,108.63999938964844,1189000
2023-10-02,109.25,113.04000091552734,108.06999969482422,112.75,1118200
2023-10-03,111.30999755859375,112.00499725341797,107.72000122070312,109.33000183105469,692800
2023-10-04,108.30000305175781,110.44999694824219,107.26000213623047,110.23999786376953,576500
2023-10-05,109.76000213623047,111.43000030517578,107.59500122070312,109.8499984741211,498300
2023-10-06,109.4000015258789,112.37000274658203,109.02999877929688,111.20999908447266,520200
2023-10-09,109.56999969482422,110.40499877929688,107.5,109.30999755859375,450700
2023-10-10,109.5,112.33999633789062,108.95999908447266,111.16999816894531,425200
2023-10-11,111.56999969482422,112.5199966430664,110.24800109863281,110.94000244140625,281900
2023-10-12,109.81500244140625,110.0,107.9000015258789,108.9000015258789,462200
2023-10-13,107.77999877929688,108.0,103.01000213623047,103.58000183105469,859000
2023-10-16,98.1500015258789,99.97000122070312,94.68000030517578,96.97000122070312,2557500
2023-10-17,96.25,97.56999969482422,95.5,96.58999633789062,817300
2023-10-18,95.8499984741211,96.16400146484375,93.98999786376953,94.37999725341797,821000
2023-10-19,94.0,94.37999725341797,91.94000244140625,93.23999786376953,825100
2023-10-20,91.87999725341797,92.31999969482422,90.1500015258789,90.91000366210938,875000
2023-10-23,88.87000274658203,95.19999694824219,88.0,92.5199966430664,1352300
2023-10-24,97.48999786376953,98.58999633789062,95.48999786376953,95.80000305175781,1008600
2023-10-25,95.55000305175781,96.6449966430664,93.55000305175781,95.25,515000
2023-10-26,96.19000244140625,97.93000030517578,95.7300033569336,96.63999938964844,512700
2023-10-27,97.4000015258789,97.75,90.69999694824219,91.19999694824219,1011100
2023-10-30,91.47000122070312,94.01000213623047,91.47000122070312,93.25,666800
2023-10-31,91.70999908447266,94.26000213623047,91.70999908447266,93.54000091552734,554400
2023-11-01,93.0,94.86499786376953,92.30000305175781,93.44999694824219,491000
2023-11-02,90.19999694824219,92.72000122070312,88.66000366210938,92.48999786376953,984400
2023-11-03,93.33999633789062,98.33999633789062,93.33000183105469,95.77999877929688,1099600
2023-11-06,101.27999877929688,104.5,98.72000122070312,99.70999908447266,1425900
2023-11-07,99.36000061035156,102.43000030517578,97.16000366210938,102.37000274658203,707300
2023-11-08,102.5,102.58499908447266,98.69000244140625,99.62000274658203,432500
2023-11-09,99.55000305175781,99.75,97.72000122070312,99.31999969482422,566300
2023-11-10,99.30000305175781,100.58000183105469,97.7699966430664,99.55999755859375,392600
2023-11-13,98.27999877929688,98.76000213623047,96.23999786376953,97.93000030517578,354900
2023-11-14,99.08000183105469,101.72000122070312,98.79000091552734,100.66000366210938,363400
2023-11-15,100.31999969482422,102.26000213623047,100.2699966430664,100.70999908447266,372700
2023-11-16,99.9000015258789,100.12999725341797,98.26000213623047,99.69999694824219,370500
2023-11-17,99.94000244140625,100.71800231933594,98.86000061035156,99.38999938964844,293300
2023-11-20,99.06999969482422,99.69000244140625,98.76000213623047,98.83000183105469,400900
2023-11-21,98.16000366210938,98.30999755859375,95.29000091552734,97.16000366210938,503200
2023-11-22,97.20999908447266,98.33999633789062,96.5,97.95999908447266,363800
2023-11-24,97.44000244140625,100.12000274658203,97.16999816894531,98.83000183105469,279400
2023-11-27,99.94000244140625,99.94000244140625,96.42400360107422,96.86000061035156,492400
2023-11-28,97.0199966430664,98.8499984741211,95.8499984741211,98.30000305175781,470700
2023-11-29,98.80000305175781,102.02300262451172,98.80000305175781,99.25,426900
2023-11-30,100.63999938964844,103.41000366210938,99.27999877929688,100.41000366210938,658600
2023-12-01,96.79000091552734,99.63999938964844,94.69999694824219,99.4000015258789,802900
2023-12-04,98.47000122070312,99.95999908447266,95.19000244140625,99.91000366210938,823100
2023-12-05,98.5999984741211,99.02999877929688,97.93000030517578,98.73999786376953,800600
2023-12-06,98.55999755859375,102.51000213623047,97.61000061035156,101.33999633789062,810300
2023-12-07,101.33000183105469,102.0,99.13999938964844,101.92500305175781,809800
2023-12-08,101.19000244140625,103.62000274658203,100.69999694824219,103.43000030517578,459000
2023-12-11,101.87000274658203,101.9800033569336,99.93000030517578,100.48999786376953,739300
2023-12-12,100.2300033569336,100.83000183105469,96.80999755859375,98.6500015258789,781000
2023-12-13,94.5199966430664,97.30000305175781,92.0199966430664,97.18000030517578,1926900
2023-12-14,100.37000274658203,105.94000244140625,99.26000213623047,103.94999694824219,1493300
2023-12-15,104.18000030517578,105.9000015258789,101.31999969482422,102.19999694824219,911700
2023-12-18,101.9800033569336,104.42500305175781,101.16999816894531,103.56999969482422,806100
2023-12-19,104.5,107.08399963378906,104.5,106.70999908447266,950100
2023-12-20,105.25,105.97000122070312,102.19999694824219,102.80000305175781,740400
2023-12-21,103.48999786376953,105.00399780273438,102.70999908447266,103.56999969482422,731000
2023-12-22,103.94999694824219,106.5999984741211,103.58999633789062,105.33000183105469,617600
2023-12-26,105.73999786376953,105.94499969482422,104.23500061035156,104.7300033569336,383800
2023-12-27,104.9000015258789,108.36299896240234,104.9000015258789,107.55999755859375,640500
2023-12-28,106.83999633789062,107.69999694824219,105.0,105.72000122070312,527400
2023-12-29,105.68000030517578,106.37999725341797,104.11000061035156,105.54000091552734,500600
2024-01-02,105.16999816894531,114.69499969482422,105.16999816894531,112.34500122070312,1370400
2024-01-03,110.48999786376953,111.58599853515625,108.38999938964844,110.06999969482422,698100
2024-01-04,110.13999938964844,110.81999969482422,107.05999755859375,107.48999786376953,522600
2024-01-05,106.7300033569336,112.5999984741211,105.63999938964844,111.66000366210938,826700
2024-01-08,112.91999816894531,112.91999816894531,110.06500244140625,111.87999725341797,656600
2024-01-09,109.0999984741211,110.0,106.61000061035156,108.69999694824219,1023000
2024-01-10,107.77999877929688,107.83999633789062,103.97000122070312,106.0,1127900
2024-01-11,106.0,106.0,100.5,103.68000030517578,866000
2024-01-12,103.69999694824219,106.55000305175781,103.16000366210938,103.56999969482422,368200
2024-01-16,101.54000091552734,101.87999725341797,99.41000366210938,99.56999969482422,1039800
2024-01-17,97.80000305175781,97.9800033569336,96.44999694824219,97.5999984741211,816400
2024-01-18,97.79000091552734,97.98999786376953,96.33000183105469,97.52999877929688,562500
2024-01-19,97.30000305175781,98.37999725341797,95.9000015258789,98.22000122070312,1547800
2024-01-22,98.38999938964844,99.91000366210938,97.5,99.80999755859375,857400
2024-01-23,99.69999694824219,100.36000061035156,98.44499969482422,100.29000091552734,621400
2024-01-24,100.80000305175781,101.12999725341797,97.94999694824219,98.9000015258789,513700
2024-01-25,98.05999755859375,99.25,95.68000030517578,96.9000015258789,2088200
2024-01-26,95.58999633789062,95.7030029296875,92.68000030517578,94.80000305175781,1172300
2024-01-29,94.52999877929688,95.83000183105469,93.31999969482422,95.77999877929688,532000
2024-01-30,95.62000274658203,95.98999786376953,93.93000030517578,94.9800033569336,553400
2024-01-31,94.0,96.73999786376953,93.68000030517578,95.04000091552734,532600
2024-02-01,94.83000183105469,94.8499984741211,92.94999694824219,94.51000213623047,455500
2024-02-02,93.55999755859375,93.8499984741211,91.9800033569336,92.6500015258789,439400
2024-02-05,93.87000274658203,93.87000274658203,92.30999755859375,93.3499984741211,406800
2024-02-06,93.51000213623047,96.0199966430664,93.16999816894531,96.0,383300
2024-02-07,96.0,96.0,94.1500015258789,95.05000305175781,372000
2024-02-08,95.19999694824219,95.35800170898438,93.8499984741211,94.0999984741211,355000
2024-02-09,94.0,94.0,91.5199966430664,93.13999938964844,709300
2024-02-12,93.0,94.05000305175781,92.25,93.86000061035156,548600
2024-02-13,92.58000183105469,93.55999755859375,90.49500274658203,90.58000183105469,574300
2024-02-14,91.13999938964844,92.16999816894531,90.33999633789062,91.45999908447266,503200
2024-02-15,91.63999938964844,93.75,91.30000305175781,92.91000366210938,336600
2024-02-16,92.26000213623047,92.58000183105469,91.3499984741211,91.66999816894531,415300
2024-02-20,90.5,92.61799621582031,90.5,91.23999786376953,443400
2024-02-21,90.86000061035156,92.80999755859375,90.5199966430664,92.73999786376953,325100
2024-02-22,93.36000061035156,94.4800033569336,92.41200256347656,93.56999969482422,573700
2024-02-23,94.26000213623047,94.87999725341797,92.51000213623047,93.97000122070312,493300
2024-02-26,93.0,94.18000030517578,92.58000183105469,93.5199966430664,557300
2024-02-27,93.5199966430664,95.08999633789062,92.7300033569336,92.79000091552734,429600
2024-02-28,91.68000030517578,92.76000213623047,91.19000244140625,91.43000030517578,633100
2024-02-29,91.62999725341797,91.96099853515625,88.83000183105469,88.95999908447266,735500
2024-03-01,89.69999694824219,92.31300354003906,89.45999908447266,90.94000244140625,704300
2024-03-04,89.88999938964844,90.4000015258789,87.9000015258789,89.30000305175781,619400
2024-03-05,88.25,91.25,88.25,90.5199966430664,664800
2024-03-06,91.0999984741211,92.11000061035156,90.2699966430664,91.38999938964844,576200
2024-03-07,91.38999938964844,91.88999938964844,90.63999938964844,91.08999633789062,353600
2024-03-08,91.08999633789062,91.52999877929688,90.69000244140625,91.2699966430664,266400
2024-03-11,91.0999984741211,97.5,90.8499984741211,96.30000305175781,1260300
2024-03-12,96.81999969482422,96.98999786376953,94.80000305175781,95.7300033569336,411400
2024-03-13,95.73999786376953,96.68000030517578,93.36000061035156,93.94999694824219,565900
2024-03-14,94.05000305175781,94.33000183105469,92.37000274658203,92.91000366210938,638400
2024-03-15,92.20999908447266,92.94999694824219,91.47000122070312,92.4800033569336,645500
2024-03-18,92.91999816894531,94.01499938964844,91.6500015258789,92.98999786376953,459100
2024-03-19,92.23999786376953,94.43900299072266,92.19999694824219,94.12000274658203,571400
2024-03-20,88.93000030517578,90.11000061035156,85.21299743652344,90.0,2966700
2024-03-21,89.55000305175781,93.38999938964844,88.16999816894531,91.98999786376953,1349400
2024-03-22,91.5,92.05000305175781,90.77999877929688,91.83000183105469,558700
2024-03-25,91.30999755859375,93.23999786376953,91.16000366210938,93.0,489400
2024-03-26,93.5,93.5199966430664,91.5,91.69999694824219,360600
2024-03-27,92.37999725341797,93.55500030517578,90.80000305175781,92.97000122070312,378300
2024-03-28,92.9000015258789,93.84300231933594,92.19999694824219,92.25,433100
2024-04-01,92.37000274658203,93.23999786376953,91.19400024414062,93.12000274658203,252400
2024-04-02,93.0,93.05999755859375,91.31999969482422,91.52999877929688,351100
2024-04-03,91.19000244140625,91.7300033569336,89.5199966430664,90.77999877929688,405000
2024-04-04,91.6500015258789,91.84500122070312,89.8499984741211,89.94000244140625,326000
2024-04-05,89.47000122070312,90.69999694824219,89.0,90.5199966430664,290600
2024-04-08,90.45999908447266,90.81999969482422,89.18000030517578,89.30999755859375,647400
2024-04-09,88.9800033569336,92.4800033569336,88.80000305175781,90.05000305175781,626000
2024-04-10,88.52999877929688,89.38999938964844,87.61000061035156,88.6500015258789,429400
2024-04-11,89.63999938964844,89.63999938964844,86.80999755859375,87.01000213623047,574500
2024-04-12,86.69000244140625,86.79000091552734,85.5999984741211,86.4800033569336,726700
2024-04-15,86.12000274658203,88.95500183105469,86.06500244140625,87.88999938964844,753300
2024-04-16,86.44000244140625,87.31500244140625,86.13999938964844,86.33999633789062,782100
2024-04-17,86.62999725341797,86.875,85.4000015258789,86.4000015258789,1264700
2024-04-18,85.66999816894531,86.7699966430664,85.6050033569336,86.16999816894531,578600
2024-04-19,85.69999694824219,87.58999633789062,85.625,86.80999755859375,1577800
2024-04-22,86.87999725341797,88.72000122070312,86.5,88.01000213623047,528500
2024-04-23,88.08000183105469,89.5199966430664,87.58000183105469,88.48999786376953,362400
2024-04-24,88.58999633789062,89.44999694824219,87.81999969482422,88.08999633789062,281700
2024-04-25,87.9800033569336,88.23999786376953,86.12999725341797,86.70999908447266,438100
2024-04-26,87.4000015258789,88.31999969482422,86.88999938964844,87.20999908447266,355700
2024-04-29,87.01000213623047,89.52999877929688,87.01000213623047,87.94999694824219,409100
2024-04-30,88.38999938964844,89.62000274658203,87.87000274658203,88.81999969482422,410400
2024-05-01,86.7699966430664,90.66000366210938,86.36000061035156,89.94999694824219,427000
2024-05-02,90.75,92.4000015258789,90.68000030517578,92.23999786376953,561700
2024-05-03,93.41999816894531,93.54000091552734,91.5999984741211,92.72000122070312,663300
2024-05-06,90.08999633789062,95.29000091552734,89.94000244140625,93.3499984741211,1097700
2024-05-07,92.8499984741211,93.2300033569336,90.75,90.87999725341797,487600
2024-05-08,90.72000122070312,90.98999786376953,89.37999725341797,90.12999725341797,344000
2024-05-09,90.23999786376953,93.86000061035156,90.13999938964844,92.05999755859375,581700
2024-05-10,92.58999633789062,93.38500213623047,91.52999877929688,91.66999816894531,389800
2024-05-13,92.55999755859375,93.4800033569336,92.41300201416016,92.72000122070312,249400
2024-05-14,92.79000091552734,93.22000122070312,91.70999908447266,92.27999877929688,271600
2024-05-15,93.0,93.0,91.60399627685547,92.19999694824219,468400
2024-05-16,92.0,93.30000305175781,91.77999877929688,92.9800033569336,389100
2024-05-17,92.80000305175781,92.80000305175781,90.53500366210938,90.61000061035156,471700
2024-05-20,90.56999969482422,92.66999816894531,90.23999786376953,92.47000122070312,341000
2024-05-21,91.62000274658203,92.26000213623047,90.9000015258789,92.06999969482422,609200
2024-05-22,92.0,102.66000366210938,91.80000305175781,102.30000305175781,3753000
2024-05-23,101.75,101.94999694824219,97.68000030517578,99.0,1553700
2024-05-24,99.0,99.2699966430664,94.5199966430664,96.94999694824219,1245200
2024-05-28,97.72000122070312,97.72000122070312,92.56999969482422,94.0999984741211,897700
2024-05-29,93.0199966430664,93.54000091552734,91.56999969482422,93.2300033569336,435300
2024-05-30,94.0,103.41000366210938,92.38999938964844,98.75,2794000
2024-05-31,99.5,103.56999969482422,98.62000274658203,100.5999984741211,1618200
2024-06-03,100.0,103.75,99.66999816894531,102.87000274658203,986400
2024-06-04,103.31999969482422,103.31999969482422,99.11399841308594,99.4800033569336,1048400
2024-06-05,99.69999694824219,102.69999694824219,98.55000305175781,102.5,921600
2024-06-06,102.55999755859375,104.33000183105469,101.68000030517578,101.80999755859375,618700
2024-06-07,101.0,101.95999908447266,100.29000091552734,100.33999633789062,377700
2024-06-10,99.66000366210938,99.95999908447266,97.4000015258789,97.9800033569336,652300
2024-06-11,97.63999938964844,99.36000061035156,97.11000061035156,98.80000305175781,476600
2024-06-12,101.8499984741211,101.87000274658203,97.51000213623047,97.91000366210938,510800
2024-06-13,97.79000091552734,98.27999877929688,95.23999786376953,96.0,384200
2024-06-14,94.26000213623047,95.24099731445312,92.01499938964844,92.08000183105469,768300
2024-06-17,91.19999694824219,91.19999694824219,87.20999908447266,88.44000244140625,1238200
2024-06-18,88.44000244140625,88.61000061035156,85.31999969482422,86.2699966430664,968100
2024-06-20,85.5199966430664,86.62000274658203,85.5199966430664,85.87999725341797,482000
2024-06-21,85.80999755859375,86.08999633789062,83.72000122070312,84.63999938964844,1034500
2024-06-24,86.9800033569336,87.18000030517578,85.20500183105469,86.61000061035156,1123600
2024-06-25,84.83000183105469,85.79000091552734,84.05999755859375,84.37999725341797,566800
2024-06-26,84.12999725341797,84.19999694824219,82.04000091552734,82.5199966430664,873500
2024-06-27,82.52999877929688,82.63999938964844,80.30000305175781,80.37999725341797,997100
2024-06-28,80.91999816894531,81.44000244140625,80.0199966430664,80.36000061035156,548700
2024-07-01,80.22000122070312,81.87999725341797,78.68000030517578,78.83000183105469,888100
2024-07-02,78.79000091552734,79.2300033569336,78.0199966430664,78.76000213623047,494000
2024-07-03,79.6500015258789,81.5,79.37999725341797,79.86000061035156,594100
2024-07-05,80.29000091552734,80.81999969482422,79.29000091552734,80.08999633789062,471800
2024-07-08,80.66999816894531,81.16000366210938,79.6500015258789,80.48999786376953,469800
2024-07-09,80.5199966430664,81.12999725341797,79.88099670410156,80.51000213623047,361700
2024-07-10,80.91999816894531,81.69000244140625,80.19999694824219,81.30000305175781,788900
2024-07-11,81.9800033569336,85.44000244140625,81.83999633789062,84.69999694824219,743900
2024-07-12,85.73999786376953,86.9800033569336,83.62000274658203,84.94999694824219,848000
2024-07-15,84.94999694824219,84.94999694824219,83.16999816894531,84.25,397400
2024-07-16,84.41000366210938,86.91000366210938,84.16999816894531,86.81999969482422,576100
2024-07-17,86.77999877929688,87.87000274658203,85.0199966430664,86.47000122070312,485100
2024-07-18,87.05999755859375,87.62000274658203,85.97000122070312,86.37000274658203,517400
2024-07-19,86.01000213623047,86.44999694824219,85.0199966430664,85.45999908447266,433900
2024-07-22,86.72000122070312,86.80000305175781,84.41999816894531,86.08000183105469,401700
2024-07-23,85.30999755859375,85.8499984741211,83.7699966430664,85.5,267700
2024-07-24,83.08000183105469,84.44999694824219,82.6050033569336,83.13999938964844,509100
2024-07-25,82.9800033569336,85.95999908447266,82.69999694824219,84.68000030517578,420600
2024-07-26,85.05000305175781,86.14199829101562,84.91999816894531,85.94000244140625,265200
2024-07-29,86.01000213623047,86.75,85.01000213623047,86.61000061035156,358100
2024-07-30,87.87999725341797,88.9800033569336,86.0199966430664,86.73999786376953,758500
2024-07-31,87.11000061035156,87.54000091552734,85.63999938964844,86.19999694824219,417500
2024-08-01,82.72000122070312,82.73999786376953,80.2300033569336,80.68000030517578,1108200
2024-08-02,82.13999938964844,82.73999786376953,80.36000061035156,82.01000213623047,1313400
2024-08-05,76.55000305175781,81.19000244140625,76.52999877929688,78.36000061035156,1659600
2024-08-06,78.5999984741211,80.33999633789062,76.83999633789062,79.5,741300
2024-08-07,81.54000091552734,81.75,78.38999938964844,79.25,783900
2024-08-08,78.56999969482422,81.0999984741211,78.47000122070312,80.52999877929688,534500
2024-08-09,80.5,81.0999984741211,79.13999938964844,80.80000305175781,421000
2024-08-12,80.83000183105469,81.0199966430664,79.94000244140625,80.62000274658203,318800
2024-08-13,79.98999786376953,83.12000274658203,79.87999725341797,82.83999633789062,1036400
2024-08-14,83.77999877929688,85.58000183105469,82.9000015258789,84.8499984741211,616700
2024-08-15,84.33999633789062,87.56999969482422,84.33999633789062,87.25,750400
2024-08-16,84.25,85.66999816894531,82.45999908447266,85.19000244140625,1086200
2024-08-19,85.25,90.77999877929688,85.25,89.93000030517578,1570700
2024-08-20,89.08000183105469,90.58000183105469,88.2699966430664,88.52999877929688,652500
2024-08-21,88.83000183105469,89.52999877929688,87.76000213623047,88.98999786376953,517700
2024-08-22,88.80000305175781,89.16999816894531,87.13999938964844,87.2300033569336,390500
2024-08-23,88.30999755859375,89.68000030517578,87.76000213623047,88.19000244140625,442100
2024-08-26,88.69000244140625,90.23999786376953,87.20999908447266,87.51000213623047,488100
2024-08-27,88.20999908447266,88.20999908447266,86.30000305175781,87.11000061035156,321900
2024-08-28,85.0,88.47000122070312,85.0,88.19999694824219,442900
2024-08-29,87.5,89.4800033569336,87.5,87.5999984741211,471900
2024-08-30,87.68000030517578,88.66000366210938,87.0,88.22000122070312,595100
2024-09-03,88.08000183105469,88.94000244140625,86.86000061035156,88.0,739600
2024-09-04,86.66000366210938,89.41999816894531,86.44999694824219,89.0199966430664,478200
2024-09-05,88.83999633789062,91.68000030517578,88.83999633789062,90.1500015258789,556400
2024-09-06,89.4000015258789,90.38999938964844,88.30000305175781,89.94000244140625,654900
2024-09-09,91.33000183105469,101.1500015258789,90.91999816894531,100.52999877929688,2370600
2024-09-10,96.37999725341797,103.19000244140625,96.37999725341797,100.62999725341797,1703500
2024-09-11,100.98999786376953,101.66000366210938,97.33000183105469,99.2699966430664,925100
2024-09-12,97.0,105.06999969482422,95.44999694824219,105.0,1839100
2024-09-13,105.08000183105469,125.41000366210938,105.0,123.4000015258789,6298000
2024-09-16,121.7699966430664,129.3800048828125,120.94000244140625,123.47000122070312,3837100
2024-09-17,127.4000015258789,131.49000549316406,121.87999725341797,124.70999908447266,2562800
2024-09-18,121.4000015258789,122.98999786376953,115.5,115.62000274658203,1968300
2024-09-19,117.18000030517578,117.27999877929688,110.33999633789062,112.51000213623047,1981600
2024-09-20,111.43000030517578,114.33000183105469,110.47000122070312,112.27999877929688,1523900
2024-09-23,113.47000122070312,114.12699890136719,111.0,113.05000305175781,1169000
2024-09-24,116.79000091552734,119.5999984741211,115.0,118.47000122070312,1698000
2024-09-25,117.70999908447266,119.75,115.33000183105469,115.80000305175781,903400
2024-09-26,116.80999755859375,118.0,115.20500183105469,117.63999938964844,653300
2024-09-27,119.16999816894531,119.30999755859375,117.30000305175781,118.22000122070312,525600
2024-09-30,117.30000305175781,119.19999694824219,116.91000366210938,118.7699966430664,577700
2024-10-01,119.91000366210938,120.76000213623047,117.66999816894531,119.93000030517578,750500
2024-10-02,118.91999816894531,120.30000305175781,115.16000366210938,119.0,776300
2024-10-03,118.80000305175781,120.08999633789062,117.94000244140625,119.80000305175781,946200
2024-10-04,119.69999694824219,124.13999938964844,119.68499755859375,122.68000030517578,680000
2024-10-07,122.19000244140625,124.0,119.88099670410156,121.55000305175781,901600
2024-10-08,120.44999694824219,122.46499633789062,120.12000274658203,120.30000305175781,524600
2024-10-09,119.27999877929688,119.44999694824219,116.72000122070312,117.47000122070312,597800
2024-10-10,117.4800033569336,118.52999877929688,115.76499938964844,118.37000274658203,489100
2024-10-11,118.19000244140625,120.91000366210938,117.45999908447266,120.5199966430664,472600
2024-10-14,119.68000030517578,121.56999969482422,119.66500091552734,120.13999938964844,548900
2024-10-15,118.97000122070312,119.85800170898438,116.59500122070312,117.52999877929688,611700
2024-10-16,117.63999938964844,118.3949966430664,116.49500274658203,117.73999786376953,471100
2024-10-17,117.30000305175781,117.63999938964844,114.36499786376953,114.47000122070312,709300
2024-10-18,113.56999969482422,114.22000122070312,108.75,111.7699966430664,1320100
2024-10-21,111.58000183105469,112.01000213623047,108.86000061035156,111.58000183105469,712700
2024-10-22,111.12999725341797,111.88999938964844,109.58999633789062,110.87999725341797,561600
2024-10-23,111.0,111.63999938964844,109.80999755859375,110.9800033569336,454100
2024-10-24,110.75,113.33999633789062,110.75,111.7300033569336,611400
2024-10-25,111.5,112.13999938964844,109.8550033569336,110.4800033569336,531100
2024-10-28,110.54000091552734,113.75,110.2699966430664,113.26000213623047,666800
2024-10-29,114.23999786376953,115.80000305175781,113.47000122070312,114.01000213623047,684900
2024-10-30,112.61000061035156,114.56999969482422,110.9000015258789,113.94000244140625,844300
2024-10-31,112.80000305175781,113.43000030517578,110.19999694824219,113.0999984741211,704300
2024-11-01,113.31999969482422,113.76000213623047,109.58000183105469,111.4800033569336,984800
2024-11-04,112.12999725341797,113.9800033569336,107.19000244140625,108.97000122070312,767500
2024-11-05,108.8499984741211,111.25,108.35299682617188,110.97000122070312,417500
2024-11-06,107.5199966430664,109.28600311279297,102.5199966430664,106.63999938964844,1217900
2024-11-07,107.66000366210938,110.4800033569336,106.69999694824219,107.87999725341797,578500
2024-11-08,112.83000183105469,115.31999969482422,110.01000213623047,110.63999938964844,1237400
2024-11-11,110.44999694824219,110.95999908447266,107.54000091552734,108.7300033569336,1408600
2024-11-12,107.41999816894531,108.9000015258789,105.62000274658203,106.31999969482422,603700
2024-11-13,105.79000091552734,113.19999694824219,105.79000091552734,111.4800033569336,1293200
2024-11-14,112.9000015258789,115.93000030517578,102.13999938964844,103.55999755859375,1703900
2024-11-15,99.88999938964844,101.6500015258789,94.30999755859375,99.72000122070312,3377200
2024-11-18,99.30000305175781,102.4800033569336,98.25,101.87000274658203,1286300
2024-11-19,102.77999877929688,108.01000213623047,102.66999816894531,106.4000015258789,1177700
2024-11-20,105.80000305175781,105.81999969482422,101.0199966430664,102.13999938964844,1128800
2024-11-21,102.37999725341797,108.73999786376953,101.26000213623047,108.2300033569336,1033300
2024-11-22,107.87000274658203,114.31999969482422,107.41000366210938,113.12999725341797,1185900
2024-11-25,114.0999984741211,121.11000061035156,113.44000244140625,120.76000213623047,1973000
2024-11-26,119.7300033569336,121.80000305175781,117.0,118.54000091552734,771400
2024-11-27,119.0,121.51000213623047,118.5999984741211,120.72000122070312,604400
2024-11-29,120.4000015258789,120.4800033569336,117.79000091552734,118.38999938964844,518900
2024-12-02,118.38999938964844,119.6500015258789,116.58000183105469,117.19999694824219,599000
2024-12-03,117.25,118.83999633789062,115.30000305175781,115.58999633789062,613000
2024-12-04,115.19999694824219,116.9800033569336,114.04000091552734,114.69999694824219,436500
2024-12-05,114.26000213623047,120.66999816894531,112.95999908447266,118.83999633789062,706900
2024-12-06,120.27999877929688,125.4000015258789,119.33999633789062,121.72000122070312,992400
2024-12-09,121.19000244140625,122.08000183105469,119.19999694824219,120.81999969482422,538500
2024-12-10,121.29000091552734,123.29000091552734,116.7300033569336,116.8499984741211,554600
2024-12-11,119.95999908447266,121.87999725341797,118.58000183105469,119.33999633789062,679000
2024-12-12,119.33999633789062,123.30000305175781,118.5,120.69000244140625,684000
2024-12-13,118.76000213623047,121.69999694824219,117.76000213623047,120.37999725341797,586100
2024-12-16,119.63999938964844,119.63999938964844,112.91000366210938,114.22000122070312,1018900
2024-12-17,115.3499984741211,118.9800033569336,114.4800033569336,117.38999938964844,655600
2024-12-18,116.0,117.11000061035156,110.0199966430664,111.61000061035156,800500
2024-12-19,111.61000061035156,112.31999969482422,109.5199966430664,111.33999633789062,958600
2024-12-20,110.76000213623047,115.33999633789062,109.80000305175781,113.08000183105469,924800
2024-12-23,112.19000244140625,114.45999908447266,112.19000244140625,113.51000213623047,413800
2024-12-24,112.80000305175781,114.41999816894531,112.23500061035156,114.12999725341797,131800
2024-12-26,114.12000274658203,115.8499984741211,113.47000122070312,113.7699966430664,332800
2024-12-27,113.11000061035156,115.25,112.91999816894531,113.94999694824219,282400
2024-12-30,112.88999938964844,114.93000030517578,110.6050033569336,112.58000183105469,486700
2024-12-31,113.94000244140625,113.99800109863281,111.58999633789062,113.94999694824219,321200
2025-01-02,114.93000030517578,116.63600158691406,114.01000213623047,115.30000305175781,447500
2025-01-03,115.4000015258789,116.73999786376953,114.69499969482422,115.79000091552734,310100
2025-01-06,117.73999786376953,121.45999908447266,116.06999969482422,120.20999908447266,861800
2025-01-07,122.23999786376953,129.27000427246094,121.69999694824219,126.87999725341797,2013800
2025-01-08,125.94999694824219,126.4800033569336,121.80000305175781,122.1500015258789,762400
2025-01-10,122.62999725341797,124.48999786376953,120.41000366210938,122.8499984741211,572900
2025-01-13,118.0,118.7300033569336,112.5199966430664,113.73999786376953,1180300
2025-01-14,116.94000244140625,117.69499969482422,111.19999694824219,112.43000030517578,929400
2025-01-15,114.30999755859375,116.7300033569336,113.51000213623047,113.66999816894531,581200
2025-01-16,112.98999786376953,114.12999725341797,112.02999877929688,112.76000213623047,483900
2025-01-17,113.55999755859375,114.66999816894531,111.93000030517578,111.93000030517578,459700
2025-01-21,112.41000366210938,118.44000244140625,111.12000274658203,117.25,747900
2025-01-22,116.9800033569336,117.0,113.3499984741211,115.16999816894531,612200
2025-01-23,114.9000015258789,122.23999786376953,113.9800033569336,122.12000274658203,712700
2025-01-24,122.12000274658203,124.87000274658203,117.91000366210938,118.13999938964844,695400
2025-01-27,118.41999816894531,121.33999633789062,118.00499725341797,119.75,529000
2025-01-28,118.91000366210938,124.87000274658203,118.6449966430664,124.30000305175781,923700
2025-01-29,124.30000305175781,126.7699966430664,119.30000305175781,121.16000366210938,673300
2025-01-30,121.44000244140625,124.0,120.0,120.87999725341797,649700
2025-01-31,121.16999816894531,124.9800033569336,119.84500122070312,123.7699966430664,865400
2025-02-03,120.44000244140625,122.22000122070312,117.48999786376953,119.81999969482422,737000
2025-02-04,120.3499984741211,123.19000244140625,115.0199966430664,117.13999938964844,1048100
2025-02-05,118.25,124.37000274658203,118.25,122.37999725341797,870900
2025-02-06,122.0,122.33999633789062,119.41500091552734,119.94000244140625,483600
2025-02-07,119.47000122070312,120.18000030517578,117.48999786376953,117.61000061035156,416100
2025-02-10,119.1500015258789,119.1500015258789,114.91000366210938,115.2699966430664,518500
2025-02-11,115.41999816894531,115.5,113.0,114.5,442000
2025-02-12,114.0,114.9000015258789,111.55999755859375,111.88999938964844,445700
2025-02-13,114.66000366210938,122.91999816894531,113.58000183105469,122.77999877929688,1271700
2025-02-14,119.91000366210938,122.25,117.91999816894531,119.83000183105469,654600
2025-02-18,120.80999755859375,124.48699951171875,118.51499938964844,122.75,710000
2025-02-19,120.29000091552734,121.12000274658203,118.5999984741211,119.58000183105469,548300
2025-02-20,119.58000183105469,120.63999938964844,115.66000366210938,117.87999725341797,866100
2025-02-21,118.87999725341797,123.87000274658203,116.5,120.01000213623047,1364000
2025-02-24,119.16999816894531,119.17500305175781,115.55000305175781,116.9800033569336,808300
2025-02-25,116.01000213623047,117.79000091552734,110.41200256347656,110.97000122070312,988200
2025-02-26,114.17500305175781,115.63999938964844,112.2300033569336,114.0,864600
2025-02-27,113.0,114.0,108.66999816894531,108.80000305175781,811200
2025-02-28,107.54000091552734,113.23999786376953,105.44999694824219,112.91999816894531,904200
2025-03-03,113.11000061035156,114.73999786376953,111.0,111.55999755859375,780300
2025-03-04,109.5999984741211,112.05000305175781,109.47000122070312,109.6500015258789,745500
2025-03-05,110.2699966430664,115.0999984741211,110.19000244140625,114.7699966430664,662900
2025-03-06,112.26000213623047,113.23999786376953,109.88999938964844,110.83000183105469,1051700
2025-03-07,110.5199966430664,112.8499984741211,108.11000061035156,108.77999877929688,1365100
2025-03-10,105.7699966430664,107.45999908447266,103.4800033569336,105.3499984741211,1170900
2025-03-11,103.52999877929688,104.76000213623047,98.25,98.38999938964844,1014200
2025-03-12,100.12999725341797,101.07499694824219,97.81999969482422,100.30999755859375,1549400
2025-03-13,100.08000183105469,104.16999816894531,97.41000366210938,97.46499633789062,677500
2025-03-14,98.29000091552734,99.69999694824219,97.94000244140625,99.47000122070312,685000
2025-03-17,99.2300033569336,102.81999969482422,99.18000030517578,100.86000061035156,626100
2025-03-18,100.31999969482422,100.48999786376953,98.43000030517578,98.95999908447266,626700
2025-03-19,98.7699966430664,99.98999786376953,98.45999908447266,99.2699966430664,507500
2025-03-20,99.77999877929688,100.30000305175781,95.61000061035156,96.2300033569336,945600
2025-03-21,95.81999969482422,96.04499816894531,94.5,95.37999725341797,787000
2025-03-24,95.6500015258789,100.98500061035156,95.5999984741211,100.63999938964844,982500
2025-03-25,101.13999938964844,101.69000244140625,96.5,97.05000305175781,552200
2025-03-26,97.08999633789062,98.1500015258789,93.4800033569336,95.9000015258789,1091400
2025-03-27,96.9000015258789,97.30000305175781,94.41000366210938,95.4000015258789,722300
2025-03-28,95.83999633789062,96.01000213623047,93.72000122070312,94.94999694824219,624400
2025-03-31,89.0,91.55999755859375,85.55000305175781,91.05999755859375,2311000
2025-04-01,92.2699966430664,92.38999938964844,87.6050033569336,90.29000091552734,1140700
2025-04-02,89.2699966430664,94.23500061035156,88.77999877929688,93.31999969482422,1252100
2025-04-03,91.20999908447266,93.97000122070312,89.68000030517578,92.01000213623047,937100
2025-04-04,88.31999969482422,89.61000061035156,86.25,88.05000305175781,1035700
2025-04-07,81.83999633789062,88.9000015258789,81.19999694824219,86.81999969482422,1078800
2025-04-08,89.75,92.6500015258789,84.46499633789062,86.6500015258789,951600
2025-04-09,85.52999877929688,94.33999633789062,83.58999633789062,94.13999938964844,1569800
2025-04-10,91.9800033569336,94.29000091552734,89.69000244140625,93.12000274658203,1165400
2025-04-11,93.69999694824219,97.16999816894531,92.11000061035156,96.5199966430664,1149800
2025-04-14,99.16999816894531,103.58999633789062,98.08999633789062,102.33999633789062,1845000
2025-04-15,102.29000091552734,102.29000091552734,97.5,99.0,988000
2025-04-16,98.80999755859375,99.16000366210938,96.61000061035156,98.25,625600
2025-04-17,98.0,99.06999969482422,96.54000091552734,98.76000213623047,723200
2025-04-21,97.5,102.98999786376953,97.29499816894531,101.80999755859375,978300
2025-04-22,101.23999786376953,105.19999694824219,101.23999786376953,104.68000030517578,1246500
2025-04-23,111.4000015258789,120.31999969482422,111.26000213623047,114.83000183105469,2671900
2025-04-24,113.87000274658203,120.62000274658203,113.7699966430664,120.54000091552734,1508000
2025-04-25,118.7300033569336,118.7300033569336,93.16999816894531,102.0199966430664,6438900
2025-04-28,107.63999938964844,108.79000091552734,103.5,104.0,2243600
2025-04-29,103.72000122070312,107.47000122070312,103.447998046875,104.0,1272100
2025-04-30,105.2300033569336,105.2300033569336,102.11000061035156,104.1500015258789,872400
2025-05-01,103.16999816894531,103.70500183105469,99.8499984741211,102.43000030517578,985000
2025-05-02,104.19999694824219,106.5,103.51000213623047,104.94000244140625,729400
2025-05-05,104.58000183105469,106.98999786376953,100.27999877929688,101.0999984741211,788600
2025-05-06,100.80999755859375,100.80999755859375,92.4000015258789,94.73999786376953,1841800
2025-05-07,96.5199966430664,97.05000305175781,92.61000061035156,92.80000305175781,1049400
2025-05-08,94.57499694824219,95.66000366210938,92.26000213623047,94.77999877929688,966200
2025-05-09,95.2300033569336,96.30000305175781,92.75,92.7699966430664,607300
2025-05-12,94.0199966430664,97.48999786376953,93.94000244140625,97.2699966430664,818200
2025-05-13,97.12000274658203,97.20999908447266,94.26000213623047,94.5,778500
2025-05-14,95.27999877929688,95.51799774169922,91.5,92.08499908447266,628900
2025-05-15,92.75,93.7300033569336,89.7699966430664,92.33999633789062,1179700
2025-05-16,92.77999877929688,93.16999816894531,91.79499816894531,92.7699966430664,733400
2025-05-19,94.5,99.18000030517578,94.30000305175781,97.80000305175781,780600
2025-05-20,96.87999725341797,104.55999755859375,96.13999938964844,101.72000122070312,1813200
2025-05-21,101.11000061035156,101.91999816894531,97.86000061035156,99.08999633789062,769600
2025-05-22,97.79000091552734,99.70999908447266,97.25399780273438,99.06999969482422,457400
2025-05-23,96.9800033569336,98.87999725341797,96.37999725341797,98.68000030517578,598400
2025-05-27,99.33999633789062,99.94999694824219,98.0999984741211,98.55000305175781,842100
2025-05-28,97.91000366210938,98.4000015258789,96.93199920654297,97.52999877929688,510800
2025-05-29,97.91000366210938,100.4800033569336,96.80000305175781,100.25,559000
2025-05-30,96.48999786376953,96.5,93.5,95.80999755859375,1493500
2025-06-02,106.66000366210938,115.98999786376953,106.30000305175781,113.0999984741211,5275500
2025-06-03,121.0,122.9000015258789,115.375,115.63999938964844,3216400
2025-06-04,116.45999908447266,117.2300033569336,111.02999877929688,111.1449966430664,1533900
2025-06-05,112.73999786376953,113.5,109.66000366210938,110.1500015258789,851200
2025-06-06,110.5,110.71499633789062,108.41000366210938,108.48999786376953,1135900
2025-06-09,109.18499755859375,109.61000061035156,108.0,108.97000122070312,607000
2025-06-10,109.95999908447266,110.0,105.61000061035156,106.88999938964844,686900
2025-06-11,107.25,108.36000061035156,105.25,105.45999908447266,547500
2025-06-12,105.7750015258789,108.0,104.0,104.91999816894531,1523800
2025-06-13,106.01000213623047,107.69999694824219,105.11799621582031,106.56999969482422,1328300
2025-06-16,108.1500015258789,108.55999755859375,105.69999694824219,106.33000183105469,1240100
2025-06-17,105.19000244140625,105.88999938964844,104.0999984741211,104.97000122070312,765200
2025-06-18,104.83999633789062,105.19999694824219,102.23999786376953,104.4000015258789,895000
2025-06-20,104.44999694824219,107.51000213623047,104.41000366210938,106.52999877929688,722500
2025-06-23,104.22000122070312,105.58999633789062,101.87000274658203,103.01000213623047,626100
2025-06-24,104.5,105.45999908447266,103.25,105.08999633789062,391100
2025-06-25,105.0,105.0,102.56999969482422,104.80000305175781,551300
2025-06-26,104.91999816894531,106.58999633789062,104.26000213623047,106.13999938964844,403200
2025-06-27,106.06999969482422,107.66300201416016,105.63400268554688,106.72000122070312,490600
2025-06-30,106.88999938964844,108.38999938964844,106.06999969482422,106.47000122070312,367500
2025-07-01,107.12999725341797,109.68000030517578,105.34500122070312,107.51000213623047,673200
2025-07-02,107.08999633789062,108.54000091552734,106.06999969482422,108.26000213623047,998600
2025-07-03,108.27999877929688,111.81999969482422,108.05000305175781,110.0,613700
2025-07-07,110.5,111.63999938964844,108.94000244140625,110.05000305175781,598800
2025-07-08,110.69999694824219,112.30000305175781,110.5,111.66000366210938,804100
2025-07-09,111.80000305175781,113.29000091552734,110.58000183105469,111.77999877929688,436700
2025-07-10,112.4000015258789,114.0,111.76000213623047,113.91999816894531,667900
2025-07-11,113.63999938964844,113.72000122070312,112.05999755859375,112.88999938964844,521900
2025-07-14,111.0,111.8499984741211,109.8499984741211,111.0,441600
2025-07-15,111.0,111.80999755859375,108.72000122070312,110.6500015258789,548000
2025-07-16,109.93000030517578,112.55000305175781,109.06999969482422,112.48999786376953,786600
2025-07-17,111.54000091552734,112.58000183105469,110.81500244140625,111.04000091552734,628400
2025-07-18,111.77999877929688,111.77999877929688,109.4800033569336,110.0199966430664,616400
2025-07-21,109.1500015258789,110.93000030517578,108.62999725341797,108.91000366210938,867900
2025-07-22,109.01000213623047,111.55999755859375,108.54900360107422,111.44000244140625,427400
2025-07-23,112.31999969482422,114.88999938964844,111.31500244140625,114.5999984741211,594100
2025-07-24,114.5,115.08999633789062,112.6500015258789,114.56999969482422,511100
2025-07-25,114.54000091552734,115.54000091552734,113.54000091552734,115.30999755859375,392100
2025-07-28,114.5,114.91000366210938,112.0,112.79000091552734,801800
2025-07-29,112.44000244140625,112.66000366210938,109.5199966430664,111.4800033569336,805900
2025-07-30,112.20999908447266,113.30000305175781,109.4800033569336,110.05000305175781,657900
2025-07-31,108.94999694824219,110.01000213623047,106.5,107.5,859100
2025-08-01,105.0199966430664,107.4800033569336,104.63999938964844,107.33999633789062,840700
2025-08-04,112.4000015258789,115.51000213623047,109.52999877929688,110.02999877929688,906000
2025-08-05,111.13999938964844,111.80999755859375,108.76000213623047,111.06999969482422,905600
2025-08-06,110.16000366210938,111.43000030517578,108.9000015258789,111.30000305175781,1181000
2025-08-07,111.61000061035156,114.01000213623047,111.12000274658203,111.3499984741211,891800
2025-08-08,112.0,112.80000305175781,111.05999755859375,111.66000366210938,530300
2025-08-11,111.76000213623047,111.94999694824219,108.55999755859375,109.26000213623047,541300
2025-08-12,109.72000122070312,111.2699966430664,109.43000030517578,111.0,464100
2025-08-13,111.5,113.38999938964844,111.5,112.77999877929688,534700
2025-08-14,112.16000366210938,113.08999633789062,110.66999816894531,112.69999694824219,560100
2025-08-15,112.7300033569336,114.09500122070312,111.72000122070312,113.5199966430664,501400
2025-08-18,113.95999908447266,114.14800262451172,112.5,112.55000305175781,398900
2025-08-19,113.0,114.12999725341797,111.4000015258789,111.4000015258789,546700
2025-08-20,111.51000213623047,112.0719985961914,109.27999877929688,111.30000305175781,1006700
2025-08-21,110.76000213623047,110.93000030517578,109.63500213623047,110.7699966430664,697000
2025-08-22,110.75,112.9020004272461,110.62000274658203,110.87999725341797,401200
2025-08-25,110.75,110.875,104.94999694824219,105.06999969482422,1265000
2025-08-26,105.56999969482422,106.9000015258789,103.76000213623047,104.79000091552734,1025700
2025-08-27,104.83999633789062,104.83999633789062,101.5199966430664,103.01000213623047,1410300
2025-08-28,103.0,103.01499938964844,101.66999816894531,101.93000030517578,907400
2025-08-29,101.7300033569336,102.0250015258789,99.98999786376953,100.0,505500
2025-09-02,99.97000122070312,102.5,98.95999908447266,100.62000274658203,784400
2025-09-03,100.44000244140625,101.15499877929688,99.58000183105469,100.41999816894531,530400
2025-09-04,100.5,104.56999969482422,99.80999755859375,103.5,786300
2025-09-05,112.94000244140625,114.88999938964844,110.23999786376953,112.45999908447266,2052500
2025-09-08,110.0,111.33000183105469,102.25,102.66000366210938,2075100
2025-09-09,103.81999969482422,104.4000015258789,102.05000305175781,102.08999633789062,913500
2025-09-10,101.83999633789062,101.8499984741211,99.9000015258789,101.0,915900
2025-09-11,101.26000213623047,104.4800033569336,100.66000366210938,104.30999755859375,770700
2025-09-12,101.5999984741211,102.12999725341797,90.12000274658203,96.73999786376953,5153800
2025-09-15,98.0,98.66999816894531,96.16000366210938,97.87999725341797,1410300
2025-09-16,98.11000061035156,100.83999633789062,97.92500305175781,99.26000213623047,1171200
2025-09-17,99.05999755859375,100.18000030517578,96.8499984741211,98.1500015258789,1034000
2025-09-18,99.0,99.48999786376953,95.33999633789062,96.30999755859375,1596100
2025-09-19,96.88500213623047,97.83999633789062,96.04000091552734,96.22000122070312,2158000
2025-09-22,96.36000061035156,99.54000091552734,95.94000244140625,98.72000122070312,741500
2025-09-23,98.44000244140625,98.94999694824219,97.87000274658203,98.2699966430664,566900
2025-09-24,97.9800033569336,99.9800033569336,97.95999908447266,99.75,661300
2025-09-25,98.27999877929688,99.29000091552734,97.62000274658203,98.08000183105469,591700
2025-09-26,98.5,98.58000183105469,96.93000030517578,98.08000183105469,570500
2025-09-29,98.3499984741211,99.08000183105469,97.52999877929688,98.0999984741211,620500
2025-09-30,97.26000213623047,99.33999633789062,96.08000183105469,98.62000274658203,733900
2025-10-01,99.25,102.87999725341797,98.80000305175781,102.20999908447266,1056200
2025-10-02,101.91000366210938,104.75,101.80000305175781,104.51000213623047,568900
2025-10-03,104.55000305175781,106.51699829101562,104.26000213623047,105.48999786376953,535700
2025-10-06,104.56999969482422,105.90499877929688,104.44999694824219,105.16000366210938,441500
2025-10-07,105.12000274658203,107.33000183105469,104.98500061035156,106.05999755859375,704300
2025-10-08,106.6500015258789,108.08999633789062,105.88500213623047,106.27999877929688,604400
2025-10-09,106.2300033569336,106.91999816894531,104.0199966430664,104.4800033569336,655600
2025-10-10,104.72000122070312,104.8499984741211,101.17500305175781,102.05999755859375,855400
2025-10-13,102.0,109.73999786376953,101.25,102.30000305175781,1421200
2025-10-14,101.45500183105469,103.12999725341797,101.0,102.61000061035156,441400
2025-10-15,102.01000213623047,104.5,101.99500274658203,104.33999633789062,448500
2025-10-16,104.66000366210938,106.73999786376953,103.73999786376953,105.08000183105469,495200
2025-10-17,103.0999984741211,105.58000183105469,103.0999984741211,105.13999938964844,487900
2025-10-20,104.06999969482422,108.05000305175781,103.20999908447266,107.94999694824219,886400
2025-10-21,107.19999694824219,107.5999984741211,106.22000122070312,106.88999938964844,554600
2025-10-22,105.37000274658203,107.05000305175781,105.0,106.2300033569336,797400
2025-10-23,105.18000030517578,106.06999969482422,103.05999755859375,104.75,719200
2025-10-24,105.83999633789062,106.63999938964844,104.5199966430664,105.66000366210938,361200
2025-10-27,106.05000305175781,106.88999938964844,104.75,106.05000305175781,341000
2025-10-28,105.1500015258789,106.80000305175781,104.79000091552734,105.02999877929688,358300
2025-10-29,104.5,106.19000244140625,103.2300033569336,103.3499984741211,578000
2025-10-30,101.9000015258789,107.31999969482422,101.9000015258789,104.66999816894531,516200
2025-10-31,104.02999877929688,104.73500061035156,102.33999633789062,103.91000366210938,557800
2025-11-03,104.80000305175781,109.0199966430664,101.66000366210938,103.95500183105469,879900
2025-11-04,104.37999725341797,105.02999877929688,102.58999633789062,104.83000183105469,820600
2025-11-05,103.11000061035156,105.20500183105469,103.04000091552734,103.43000030517578,534700
2025-11-06,103.48999786376953,103.87000274658203,101.98999786376953,103.3499984741211,411600
2025-11-07,102.18000030517578,103.22000122070312,100.08499908447266,103.13999938964844,506400
2025-11-10,104.31999969482422,107.0,104.05000305175781,105.06999969482422,607900
2025-11-11,105.37000274658203,109.95999908447266,105.37000274658203,108.6500015258789,1304200
2025-11-12,108.94000244140625,113.38999938964844,107.6500015258789,111.69999694824219,1121000
2025-11-13,105.5,106.75,103.24500274658203,103.87999725341797,2285800
2025-11-14,102.75499725341797,105.0,101.5199966430664,103.08999633789062,1285700
2025-11-17,103.23999786376953,103.91000366210938,102.0199966430664,102.66999816894531,785500
2025-11-18,102.37999725341797,103.51000213623047,101.19000244140625,102.52999877929688,903900
2025-11-19,102.91999816894531,103.08000183105469,101.17500305175781,101.43000030517578,594700
2025-11-20,102.2300033569336,102.43000030517578,96.875,96.97000122070312,1179700
2025-11-21,97.5199966430664,99.1500015258789,95.44999694824219,95.58999633789062,1314600
2025-11-24,95.4000015258789,98.06999969482422,94.0,96.54000091552734,1459800
2025-11-25,96.69999694824219,99.80999755859375,96.6500015258789,99.70999908447266,1212300
2025-11-26,99.6449966430664,102.9000015258789,98.72000122070312,102.69999694824219,1046200
2025-11-28,102.30000305175781,104.05000305175781,102.0999984741211,103.1500015258789,822300
2025-12-01,101.0,101.83999633789062,97.1500015258789,97.38999938964844,1760900
2025-12-02,97.05000305175781,97.5,95.61000061035156,96.11000061035156,2097500
2025-12-03,96.55999755859375,98.19999694824219,96.19999694824219,96.7300033569336,3483600
2025-12-04,97.08000183105469,98.11000061035156,95.58999633789062,96.0,1609100
2025-12-05,96.41000366210938,96.69000244140625,95.20999908447266,96.25,1270300
2025-12-08,99.0,99.55999755859375,96.12999725341797,97.27999877929688,1569900
2025-12-09,97.5,97.69000244140625,95.04000091552734,95.8499984741211,1548700
2025-12-10,95.80000305175781,96.09200286865234,94.5199966430664,95.73500061035156,958200
2025-12-11,96.3499984741211,97.3499984741211,95.33000183105469,96.0,1185100
2025-12-12,96.18000030517578,96.75,94.33999633789062,94.80999755859375,849000
2025-12-15,94.5199966430664,94.75,93.62999725341797,93.80999755859375,974200
2025-12-16,93.51000213623047,93.73999786376953,91.4000015258789,92.2300033569336,1174600
2025-12-17,92.43000030517578,93.76000213623047,91.26000213623047,91.5999984741211,977500
2025-12-18,91.58999633789062,92.47000122070312,91.11000061035156,91.45999908447266,1403600
2025-12-19,91.79000091552734,93.31999969482422,91.54000091552734,92.5,2724400
2025-12-22,91.70999908447266,93.31999969482422,91.31999969482422,92.16999816894531,2213600
2025-12-23,92.5999984741211,94.9800033569336,91.91000366210938,94.13999938964844,3223200
2025-12-24,94.81500244140625,96.18499755859375,94.69000244140625,95.02999877929688,765900
2025-12-26,94.7300033569336,95.13999938964844,94.0199966430664,94.5199966430664,503500
2025-12-29,94.27999877929688,95.31999969482422,94.0,95.19999694824219,462500
2025-12-30,95.0,95.70999908447266,94.5510025024414,95.27999877929688,448100
2025-12-31,95.18000030517578,95.52999877929688,94.86000061035156,95.19999694824219,453000
2026-01-02,96.41999816894531,97.77999877929688,96.08000183105469,96.69000244140625,663700
2026-01-05,97.41999816894531,98.12000274658203,95.8499984741211,96.8499984741211,1190500
2026-01-06,97.3499984741211,99.4000015258789,97.1500015258789,98.08999633789062,839400
2026-01-07,98.27999877929688,101.4800033569336,97.79499816894531,100.08000183105469,1071100
2026-01-08,99.18000030517578,99.87999725341797,97.93000030517578,98.8499984741211,677500
2026-01-09,99.18000030517578,100.55999755859375,98.87000274658203,99.8499984741211,728900
2026-01-12,101.16999816894531,102.4800033569336,99.12999725341797,102.18000030517578,1108000
2026-01-13,104.80999755859375,108.12000274658203,104.4000015258789,107.19000244140625,1599000
2026-01-14,109.2699966430664,109.27999877929688,107.22000122070312,109.12000274658203,1409800
2026-01-15,108.62999725341797,108.81999969482422,105.16000366210938,106.06999969482422,675900
2026-01-16,109.23999786376953,111.26000213623047,107.91000366210938,109.0,1192200
2026-01-20,106.12999725341797,107.7699966430664,105.0999984741211,105.55999755859375,946700
2026-01-21,105.5999984741211,118.45999908447266,105.5999984741211,118.0,2112100
2026-01-22,119.40499877929688,124.0,118.23999786376953,118.47000122070312,1711300
2026-01-23,119.5,119.5,115.58000183105469,115.9800033569336,1250700
2026-01-26,117.69999694824219,118.0,116.16999816894531,118.0,827200
2026-01-27,119.05000305175781,120.16000366210938,118.72000122070312,119.33999633789062,904600
2026-01-28,117.43000030517578,117.69999694824219,114.61000061035156,116.16000366210938,908600
2026-01-29,115.5199966430664,117.33000183105469,115.44000244140625,116.7699966430664,528700
2026-01-30,115.95999908447266,116.96499633789062,113.16000366210938,113.75,894000
2026-02-02,109.77999877929688,111.36000061035156,108.31999969482422,108.87999725341797,1063900
2026-02-03,108.70999908447266,109.61000061035156,106.16000366210938,108.25,1051800
2026-02-04,108.16999816894531,110.11000061035156,107.75,108.7699966430664,919400
2026-02-05,107.25,109.0,105.41999816894531,105.54000091552734,691600
2026-02-06,107.29000091552734,107.58999633789062,105.80500030517578,106.62000274658203,739300
2026-02-09,106.86000061035156,110.4800033569336,106.86000061035156,110.33999633789062,757700
2026-02-10,110.43499755859375,112.68000030517578,108.69999694824219,108.93000030517578,522400
2026-02-11,108.18000030517578,109.62000274658203,106.5999984741211,109.37999725341797,411900
2026-02-12,109.0,109.52999877929688,105.58499908447266,105.76000213623047,592800
2026-02-13,106.37999725341797,108.0,105.69999694824219,105.87000274658203,632000
2026-02-17,106.0,107.55999755859375,105.41000366210938,106.98999786376953,384400
2026-02-18,107.06999969482422,108.79499816894531,106.37999725341797,107.94999694824219,380500
2026-02-19,107.01000213623047,110.4800033569336,106.20999908447266,110.41999816894531,561700
2026-02-20,109.18499755859375,110.88999938964844,108.6500015258789,110.1449966430664,946200
2026-02-23,109.30000305175781,112.23999786376953,108.81999969482422,109.93000030517578,560600
2026-02-24,110.06999969482422,111.37000274658203,109.5999984741211,110.88500213623047,359800
2026-02-25,110.88999938964844,112.4000015258789,109.80000305175781,109.83999633789062,315900
2026-02-26,109.11000061035156,109.37000274658203,107.75,108.80000305175781,418500
2026-02-27,109.0,111.05000305175781,108.98999786376953,110.2300033569336,420600
2026-03-02,108.18000030517578,110.0999984741211,107.0,107.4800033569336,599500
2026-03-03,103.22000122070312,104.12000274658203,97.22000122070312,100.76000213623047,1497700
2026-03-04,102.5199966430664,104.08000183105469,99.81999969482422,103.80000305175781,732300
2026-03-05,102.80000305175781,103.51000213623047,99.2300033569336,101.94999694824219,693100
2026-03-06,99.0,102.0999984741211,98.5999984741211,101.5,578300
2026-03-09,100.45999908447266,102.8550033569336,98.94999694824219,102.16000366210938,1032000
2026-03-10,82.80999755859375,85.5,79.5199966430664,83.88999938964844,12523200
2026-03-11,86.27999877929688,92.58999633789062,86.27999877929688,90.83999633789062,4547200
2026-03-12,89.69999694824219,90.93199920654297,88.5,90.0999984741211,2351400
2026-03-13,90.05999755859375,91.5999984741211,89.5999984741211,91.19000244140625,1407400
2026-03-16,92.0,92.7979965209961,90.36000061035156,90.54000091552734,959300
2026-03-17,91.33000183105469,95.13999938964844,91.18000030517578,94.86000061035156,1290200
2026-03-18,93.5,93.7699966430664,89.86000061035156,90.0,1295900
2026-03-19,88.0199966430664,89.38999938964844,87.66000366210938,89.30999755859375,1698800
2026-03-20,89.0,89.62000274658203,87.16000366210938,89.2699966430664,1573400
2026-03-23,89.41000366210938,90.94000244140625,87.95999908447266,88.41000366210938,1191900
2026-03-24,87.13999938964844,87.79000091552734,86.33000183105469,86.80999755859375,1085700
2026-03-25,88.0,89.16999816894531,87.76000213623047,88.7699966430664,651400
2026-03-26,87.88999938964844,89.33499908447266,87.18000030517578,87.45999908447266,686400
2026-03-27,87.62000274658203,87.95999908447266,85.05000305175781,85.68000030517578,706300
2026-03-30,85.87000274658203,86.04000091552734,84.77999877929688,85.25,583200
2026-03-31,86.29000091552734,89.54000091552734,86.29000091552734,88.87999725341797,856700
2026-04-01,89.77999877929688,90.73999786376953,88.75,89.41999816894531,617900
2026-04-02,87.66999816894531,91.43000030517578,87.44999694824219,91.18000030517578,786600
2026-04-06,90.80999755859375,92.3499984741211,90.55000305175781,91.27999877929688,466600
2026-04-07,89.4000015258789,90.23999786376953,87.55999755859375,89.62000274658203,662100
2026-04-08,92.44999694824219,92.5,90.94999694824219,92.08000183105469,569400
2026-04-09,91.3499984741211,93.0250015258789,90.08000183105469,91.9800033569336,761700
2026-04-10,92.75,96.0,92.29000091552734,95.5,1000800
2026-04-13,95.75,98.2300033569336,95.65499877929688,96.69999694824219,1361700
2026-04-14,96.38999938964844,99.86000061035156,95.36000061035156,98.41000366210938,1087400
2026-04-15,98.81999969482422,100.47000122070312,98.81999969482422,99.47000122070312,475000
2026-04-16,99.73999786376953,102.15499877929688,98.83999633789062,102.12000274658203,647000
2026-04-17,103.5199966430664,104.9800033569336,102.77999877929688,102.91999816894531,777500
2026-04-20,102.1500015258789,105.25499725341797,102.0999984741211,105.19000244140625,907900
2026-04-21,105.04000091552734,112.5999984741211,104.20999908447266,111.5999984741211,2753500
2026-04-22,112.38999938964844,113.26000213623047,107.5250015258789,108.5999984741211,1235200
2026-04-23,108.91999816894531,109.76000213623047,105.38999938964844,105.55999755859375,716500
2026-04-24,106.27999877929688,106.91999816894531,104.51000213623047,105.45999908447266,543600
2026-04-27,105.58999633789062,107.13500213623047,101.76000213623047,102.05999755859375,824400
2026-04-28,101.66000366210938,102.25,100.66000366210938,102.05999755859375,524700
2026-04-29,102.0,102.05999755859375,99.80999755859375,101.56999969482422,552900
2026-04-30,102.30000305175781,104.80999755859375,102.30000305175781,103.44999694824219,707100
2026-05-01,98.4800033569336,99.08999633789062,95.41999816894531,97.54000091552734,1082700
2026-05-04,98.87999725341797,100.20999908447266,97.94999694824219,99.3499984741211,1053400
2026-05-05,95.7699966430664,98.56999969482422,95.0199966430664,95.5,1512400
2026-05-06,91.75,96.04499816894531,90.79000091552734,95.26000213623047,1038600
2026-05-07,95.75499725341797,97.7300033569336,92.11000061035156,93.0199966430664,1118800
2026-05-08,93.37999725341797,95.98999786376953,92.5,94.125,1035600
2026-05-11,96.19999694824219,96.80000305175781,92.52999877929688,93.33999633789062,647800
2026-05-12,93.33999633789062,94.47000122070312,92.12000274658203,93.66000366210938,384800
2026-05-13,93.19999694824219,93.47000122070312,91.25,92.2300033569336,879900
2026-05-14,92.0,92.86000061035156,90.87999725341797,91.98999786376953,646500
2026-05-15,90.30000305175781,91.12000274658203,88.5469970703125,89.55000305175781,1169100
2026-05-18,89.0199966430664,89.29000091552734,87.80500030517578,88.8499984741211,989100
2026-05-19,88.8499984741211,89.13999938964844,87.52999877929688,87.79000091552734,774500
2026-05-20,87.93000030517578,91.12000274658203,87.93000030517578,90.36000061035156,848200
2026-05-21,89.97000122070312,91.98999786376953,89.79000091552734,90.93000030517578,958600
2026-05-22,92.54000091552734,93.4800033569336,91.66999816894531,92.13999938964844,668600
2026-05-26,91.83000183105469,93.29000091552734,90.91999816894531,92.25,587700
2026-05-27,94.19000244140625,95.83899688720703,92.72000122070312,93.0,1551300
2026-05-28,92.69000244140625,94.37999725341797,91.06999969482422,93.44000244140625,914900
2026-05-29,94.16999816894531,97.44000244140625,94.02999877929688,95.94999694824219,1373400
2026-06-01,97.0,97.44000244140625,91.26000213623047,91.69999694824219,1296300
2026-06-02,90.08000183105469,90.2300033569336,88.0999984741211,89.13999938964844,968300
2026-06-03,88.48999786376953,88.80999755859375,87.94999694824219,88.44999694824219,659900
2026-06-04,88.95999908447266,91.08499908447266,88.91400146484375,89.58999633789062,861000
2026-06-05,89.51000213623047,89.94999694824219,87.75,88.08000183105469,837200
2026-06-08,87.75,87.83999633789062,85.37000274658203,85.5,1121600
2026-06-09,86.63999938964844,87.05000305175781,84.95500183105469,86.5,1173300
2026-06-10,85.69999694824219,87.30000305175781,85.08699798583984,86.1500015258789,1213800
2026-06-11,86.29000091552734,90.01000213623047,86.13999938964844,89.54000091552734,3094800
2026-06-12,89.0999984741211,90.68000030517578,88.58000183105469,90.54000091552734,1130800
2026-06-15,91.11000061035156,92.20999908447266,90.58000183105469,90.80000305175781,825000
2026-06-16,90.7300033569336,91.0999984741211,89.33999633789062,89.5,819000
2026-06-17,89.98999786376953,93.1500015258789,89.91999816894531,92.22000122070312,902500
2026-06-18,92.16000366210938,93.25,90.12000274658203,90.88999938964844,939600
2026-06-22,89.88500213623047,91.9000015258789,89.70999908447266,90.19000244140625,887500
2026-06-23,90.38500213623047,91.70999908447266,90.13999938964844,90.62000274658203,552900
2026-06-24,90.30000305175781,91.11100006103516,89.33000183105469,90.20999908447266,1440700
2026-06-25,90.20999908447266,90.98999786376953,89.41999816894531,90.0,712700
2026-06-26,88.8499984741211,91.3499984741211,88.82499694824219,91.22000122070312,873600
2026-06-29,91.55000305175781,94.37000274658203,91.2699966430664,94.26000213623047,935600
2026-06-30,94.3499984741211,95.08000183105469,92.95999908447266,93.05000305175781,561300
2026-07-01,93.29000091552734,94.0,92.55999755859375,93.91999816894531,545300
2026-07-02,94.48999786376953,98.80999755859375,94.48999786376953,97.54499816894531,1390600
2026-07-06,95.2249984741211,95.88999938964844,93.83000183105469,93.93000030517578,784900
2026-07-07,94.41000366210938,95.05999755859375,93.3499984741211,94.29000091552734,895600
2026-07-08,93.02999877929688,93.88300323486328,92.26000213623047,93.52999877929688,686500
2026-07-09,93.47000122070312,94.625,92.36000061035156,92.9800033569336,816200
2026-07-10,93.44000244140625,93.44000244140625,91.0199966430664,91.48999786376953,551800
2026-07-13,91.26000213623047,91.9800033569336,89.66000366210938,90.06999969482422,671500
2026-07-14,90.08999633789062,91.19999694824219,88.3499984741211,90.4000015258789,923500
2026-07-15,90.08999633789062,92.2300033569336,89.69000244140625,91.98999786376953,761900
2026-07-16,91.95999908447266,92.75700378417969,90.83499908447266,91.55999755859375,670200
2026-07-17,91.37999725341797,92.0999984741211,90.95999908447266,91.4800033569336,1131000
2026-07-20,91.79000091552734,92.9000015258789,90.59500122070312,92.16000366210938,687700
