date,open,high,low,close,volume
2012-01-03,31.350000381469727,32.369998931884766,30.299999237060547,30.510000228881836,504100
2012-01-04,30.450000762939453,31.809999465942383,30.299999237060547,30.700000762939453,372000
2012-01-05,30.739999771118164,31.139999389648438,30.420000076293945,31.030000686645508,605500
2012-01-06,31.0,31.579999923706055,31.0,31.350000381469727,191500
2012-01-09,31.260000228881836,31.329999923706055,30.25,30.450000762939453,463300
2012-01-10,30.700000762939453,31.1299991607666,29.479999542236328,29.700000762939453,1113200
2012-01-11,29.709999084472656,30.040000915527344,29.3799991607666,29.600000381469727,648200
2012-01-12,29.59000015258789,29.649999618530273,29.06999969482422,29.579999923706055,570000
2012-01-13,29.350000381469727,30.360000610351562,29.270000457763672,29.719999313354492,902600
2012-01-17,30.190000534057617,30.389999389648438,28.030000686645508,28.950000762939453,1056600
2012-01-18,28.8700008392334,29.579999923706055,28.5,29.299999237060547,1049700
2012-01-19,29.31999969482422,30.719999313354492,29.31999969482422,30.260000228881836,865100
2012-01-20,30.450000762939453,30.959999084472656,29.979999542236328,30.010000228881836,863900
2012-01-23,30.5,30.600000381469727,30.0,30.139999389648438,492500
2012-01-24,30.020000457763672,30.899999618530273,29.65999984741211,30.450000762939453,681300
2012-01-25,30.329999923706055,31.270000457763672,30.0,31.25,609200
2012-01-26,31.399999618530273,33.900001525878906,31.25,32.93000030517578,1710200
2012-01-27,32.709999084472656,35.209999084472656,31.610000610351562,34.790000915527344,1630300
2012-01-30,34.619998931884766,38.16999816894531,34.33000183105469,36.279998779296875,2424100
2012-01-31,36.25,36.38999938964844,35.099998474121094,35.880001068115234,641800
2012-02-01,36.9900016784668,38.61000061035156,36.47999954223633,37.70000076293945,881000
2012-02-02,37.5099983215332,38.970001220703125,37.5099983215332,38.83000183105469,486300
2012-02-03,39.040000915527344,40.9900016784668,38.650001525878906,39.83000183105469,665600
2012-02-06,39.29999923706055,39.959999084472656,38.5,39.38999938964844,372100
2012-02-07,39.290000915527344,41.4900016784668,38.84000015258789,40.88999938964844,487100
2012-02-08,40.709999084472656,41.91999816894531,40.38999938964844,40.41999816894531,450500
2012-02-09,40.77000045776367,40.81999969482422,40.04999923706055,40.45000076293945,473300
2012-02-10,40.2599983215332,40.849998474121094,39.189998626708984,39.22999954223633,542500
2012-02-13,39.40999984741211,40.65999984741211,39.20000076293945,40.34000015258789,535800
2012-02-14,40.45000076293945,40.5,39.290000915527344,39.31999969482422,421600
2012-02-15,39.5,39.9900016784668,38.849998474121094,39.439998626708984,413000
2012-02-16,39.529998779296875,40.0099983215332,39.0099983215332,39.7400016784668,291000
2012-02-17,39.959999084472656,39.959999084472656,39.189998626708984,39.400001525878906,253500
2012-02-21,39.439998626708984,41.22999954223633,39.220001220703125,40.369998931884766,463400
2012-02-22,40.06999969482422,40.56999969482422,39.95000076293945,40.2599983215332,320800
2012-02-23,40.20000076293945,41.400001525878906,40.0,40.68000030517578,549500
2012-02-24,40.869998931884766,41.209999084472656,40.47999954223633,41.099998474121094,218500
2012-02-27,41.0,41.060001373291016,40.0099983215332,40.560001373291016,268000
2012-02-28,40.95000076293945,40.95000076293945,40.09000015258789,40.34000015258789,255500
2012-02-29,40.349998474121094,40.93000030517578,40.349998474121094,40.68000030517578,430000
2012-03-01,40.91999816894531,41.36000061035156,40.5,40.72999954223633,268000
2012-03-02,40.63999938964844,40.93000030517578,40.099998474121094,40.2400016784668,155700
2012-03-05,40.08000183105469,40.220001220703125,38.5,38.939998626708984,432900
2012-03-06,38.529998779296875,38.95000076293945,37.70000076293945,37.81999969482422,310700
2012-03-07,37.869998931884766,38.20000076293945,37.2599983215332,37.47999954223633,329100
2012-03-08,37.75,37.779998779296875,37.11000061035156,37.31999969482422,255900
2012-03-09,37.689998626708984,38.349998474121094,37.119998931884766,38.31999969482422,256800
2012-03-12,38.2599983215332,38.4900016784668,37.52000045776367,37.70000076293945,145600
2012-03-13,37.880001068115234,38.34000015258789,37.33000183105469,37.79999923706055,277700
2012-03-14,38.13999938964844,39.47999954223633,37.77000045776367,38.04999923706055,726100
2012-03-15,37.9900016784668,40.189998626708984,37.36000061035156,39.790000915527344,742400
2012-03-16,39.95000076293945,40.38999938964844,39.220001220703125,40.06999969482422,558100
2012-03-19,39.97999954223633,40.439998626708984,39.720001220703125,40.18000030517578,206200
2012-03-20,40.279998779296875,40.279998779296875,39.4900016784668,39.81999969482422,160500
2012-03-21,39.70000076293945,40.689998626708984,39.650001525878906,39.959999084472656,173300
2012-03-22,39.650001525878906,39.9900016784668,39.20000076293945,39.58000183105469,129000
2012-03-23,39.810001373291016,39.810001373291016,38.900001525878906,39.63999938964844,90600
2012-03-26,39.869998931884766,40.439998626708984,39.5099983215332,40.18000030517578,117400
2012-03-27,40.13999938964844,40.5,39.72999954223633,39.810001373291016,93700
2012-03-28,39.86000061035156,39.970001220703125,39.41999816894531,39.58000183105469,292500
2012-03-29,39.5,39.75,38.560001373291016,38.709999084472656,391600
2012-03-30,38.849998474121094,39.27000045776367,38.2599983215332,38.650001525878906,327400
2012-04-02,38.599998474121094,39.04999923706055,38.04999923706055,38.93000030517578,167000
2012-04-03,39.060001373291016,40.529998779296875,38.970001220703125,39.88999938964844,326900
2012-04-04,39.45000076293945,39.58000183105469,38.189998626708984,38.77000045776367,577300
2012-04-05,38.7599983215332,38.939998626708984,37.279998779296875,37.459999084472656,555100
2012-04-09,37.0,37.0,36.209999084472656,36.459999084472656,374100
2012-04-10,36.400001525878906,36.86000061035156,35.880001068115234,36.040000915527344,455900
2012-04-11,36.380001068115234,37.2400016784668,36.380001068115234,37.15999984741211,267700
2012-04-12,37.16999816894531,38.310001373291016,37.06999969482422,37.7400016784668,152600
2012-04-13,37.52000045776367,37.63999938964844,36.869998931884766,37.31999969482422,57500
2012-04-16,37.380001068115234,38.209999084472656,37.380001068115234,37.599998474121094,244300
2012-04-17,37.79999923706055,38.7599983215332,37.79999923706055,38.209999084472656,252000
2012-04-18,38.029998779296875,38.029998779296875,37.380001068115234,37.54999923706055,121200
2012-04-19,37.41999816894531,38.279998779296875,37.0,37.5,233600
2012-04-20,37.540000915527344,38.33000183105469,37.540000915527344,37.83000183105469,199100
2012-04-23,37.439998626708984,39.63999938964844,37.099998474121094,38.560001373291016,524300
2012-04-24,38.59000015258789,40.63999938964844,38.59000015258789,40.15999984741211,355000
2012-04-25,40.43000030517578,41.40999984741211,39.959999084472656,41.22999954223633,466500
2012-04-26,41.119998931884766,43.41999816894531,40.9900016784668,42.77000045776367,747700
2012-04-27,39.119998931884766,41.43000030517578,38.13999938964844,39.0,1852600
2012-04-30,38.90999984741211,39.470001220703125,37.25,37.290000915527344,575700
2012-05-01,37.13999938964844,37.84000015258789,36.720001220703125,37.7599983215332,659700
2012-05-02,37.54999923706055,38.59000015258789,36.970001220703125,37.66999816894531,327600
2012-05-03,37.66999816894531,38.27000045776367,37.380001068115234,37.77000045776367,463100
2012-05-04,37.41999816894531,38.150001525878906,37.41999816894531,37.70000076293945,293200
2012-05-07,37.54999923706055,38.189998626708984,37.2400016784668,37.560001373291016,217300
2012-05-08,37.15999984741211,37.40999984741211,35.650001525878906,36.849998474121094,455100
2012-05-09,36.470001220703125,38.38999938964844,35.970001220703125,38.04999923706055,278300
2012-05-10,38.349998474121094,38.9900016784668,38.0,38.31999969482422,177000
2012-05-11,38.7400016784668,38.7400016784668,37.54999923706055,37.63999938964844,136500
2012-05-14,37.5099983215332,38.47999954223633,37.189998626708984,37.22999954223633,393600
2012-05-15,37.41999816894531,38.0,36.91999816894531,37.16999816894531,346500
2012-05-16,37.36000061035156,38.470001220703125,37.0099983215332,37.34000015258789,416800
2012-05-17,37.22999954223633,37.90999984741211,35.5,35.83000183105469,367200
2012-05-18,36.380001068115234,36.68000030517578,34.56999969482422,35.150001525878906,597900
2012-05-21,34.86000061035156,36.61000061035156,34.810001373291016,36.04999923706055,679400
2012-05-22,36.130001068115234,37.470001220703125,36.029998779296875,36.650001525878906,566400
2012-05-23,36.09000015258789,36.790000915527344,35.58000183105469,36.68000030517578,759000
2012-05-24,36.79999923706055,37.470001220703125,36.18000030517578,36.54999923706055,255300
2012-05-25,36.560001373291016,37.20000076293945,35.75,35.91999816894531,373000
2012-05-29,36.16999816894531,37.310001373291016,36.16999816894531,36.45000076293945,267900
2012-05-30,36.150001525878906,37.06999969482422,35.189998626708984,35.400001525878906,300300
2012-05-31,35.20000076293945,36.0,33.849998474121094,33.880001068115234,1040100
2012-06-01,33.25,33.400001525878906,30.979999542236328,31.549999237060547,1470500
2012-06-04,32.0,32.810001373291016,31.670000076293945,32.5,580600
2012-06-05,32.369998931884766,33.65999984741211,31.549999237060547,33.06999969482422,355300
2012-06-06,33.2400016784668,34.380001068115234,33.2400016784668,34.08000183105469,229700
2012-06-07,34.36000061035156,35.400001525878906,34.310001373291016,34.540000915527344,702100
2012-06-08,34.43000030517578,34.93000030517578,33.81999969482422,33.869998931884766,286800
2012-06-11,33.88999938964844,34.029998779296875,32.15999984741211,32.66999816894531,498900
2012-06-12,32.7400016784668,33.7599983215332,32.2599983215332,33.029998779296875,456500
2012-06-13,31.200000762939453,31.25,29.059999465942383,30.1200008392334,1420700
2012-06-14,30.040000915527344,31.280000686645508,30.040000915527344,30.709999084472656,672800
2012-06-15,30.6200008392334,31.399999618530273,30.40999984741211,31.010000228881836,633100
2012-06-18,30.790000915527344,31.809999465942383,30.790000915527344,31.6200008392334,735900
2012-06-19,31.809999465942383,32.959999084472656,31.56999969482422,32.2400016784668,770100
2012-06-20,32.2400016784668,33.540000915527344,31.780000686645508,32.77000045776367,772800
2012-06-21,32.72999954223633,33.380001068115234,32.11000061035156,32.31999969482422,719600
2012-06-22,32.369998931884766,33.77000045776367,31.719999313354492,32.060001373291016,4455000
2012-06-25,31.479999542236328,32.29999923706055,30.43000030517578,30.59000015258789,669600
2012-06-26,30.6299991607666,31.399999618530273,30.010000228881836,31.020000457763672,238500
2012-06-27,31.049999237060547,31.43000030517578,30.389999389648438,30.68000030517578,289800
2012-06-28,30.309999465942383,31.139999389648438,29.889999389648438,30.489999771118164,437100
2012-06-29,31.18000030517578,32.65999984741211,30.639999389648438,32.29999923706055,794700
2012-07-02,32.36000061035156,32.90999984741211,31.190000534057617,32.0,487100
2012-07-03,32.0099983215332,32.720001220703125,31.93000030517578,32.63999938964844,206300
2012-07-05,32.43000030517578,33.13999938964844,32.02000045776367,32.54999923706055,460900
2012-07-06,32.20000076293945,32.459999084472656,31.549999237060547,32.0099983215332,258500
2012-07-09,31.889999389648438,32.13999938964844,31.56999969482422,31.84000015258789,456500
2012-07-10,32.0,32.150001525878906,30.549999237060547,30.799999237060547,367200
2012-07-11,30.770000457763672,31.270000457763672,30.59000015258789,30.84000015258789,210600
2012-07-12,30.549999237060547,30.81999969482422,30.049999237060547,30.579999923706055,403600
2012-07-13,30.75,32.150001525878906,30.75,31.260000228881836,235000
2012-07-16,31.530000686645508,32.31999969482422,31.3700008392334,31.84000015258789,282500
2012-07-17,31.959999084472656,32.58000183105469,31.3799991607666,32.279998779296875,350400
2012-07-18,32.06999969482422,32.869998931884766,31.459999084472656,32.7599983215332,574500
2012-07-19,32.81999969482422,33.43000030517578,32.689998626708984,33.0,273900
2012-07-20,33.2400016784668,33.41999816894531,32.93000030517578,32.9900016784668,792200
2012-07-23,32.2400016784668,33.75,32.2400016784668,33.150001525878906,387100
2012-07-24,33.130001068115234,33.130001068115234,31.700000762939453,32.70000076293945,470200
2012-07-25,32.790000915527344,34.439998626708984,32.290000915527344,33.72999954223633,580300
2012-07-26,34.209999084472656,34.349998474121094,31.860000610351562,32.290000915527344,929800
2012-07-27,30.1299991607666,34.20000076293945,29.489999771118164,33.22999954223633,2781300
2012-07-30,33.189998626708984,34.91999816894531,33.0099983215332,34.099998474121094,659600
2012-07-31,33.95000076293945,36.150001525878906,33.86000061035156,34.5,805000
2012-08-01,34.75,35.22999954223633,33.20000076293945,34.56999969482422,574600
2012-08-02,34.2599983215332,35.2400016784668,34.040000915527344,34.95000076293945,427500
2012-08-03,35.75,38.08000183105469,35.0,36.38999938964844,686300
2012-08-06,36.5099983215332,38.2400016784668,36.22999954223633,37.95000076293945,520000
2012-08-07,38.220001220703125,39.45000076293945,38.220001220703125,38.7400016784668,679700
2012-08-08,38.650001525878906,39.439998626708984,37.75,38.33000183105469,418800
2012-08-09,38.2400016784668,38.54999923706055,37.189998626708984,37.439998626708984,340700
2012-08-10,38.04999923706055,39.63999938964844,37.58000183105469,39.16999816894531,399700
2012-08-13,39.08000183105469,39.27000045776367,38.2400016784668,38.689998626708984,249400
2012-08-14,39.0,39.0,38.130001068115234,38.47999954223633,513500
2012-08-15,38.40999984741211,39.720001220703125,38.130001068115234,39.650001525878906,157700
2012-08-16,39.439998626708984,40.900001525878906,39.040000915527344,40.56999969482422,284000
2012-08-17,40.5,42.880001068115234,40.0,42.59000015258789,599500
2012-08-20,42.72999954223633,43.0,40.75,41.02000045776367,593800
2012-08-21,41.02000045776367,41.20000076293945,39.20000076293945,39.349998474121094,379000
2012-08-22,39.41999816894531,39.900001525878906,37.900001525878906,38.529998779296875,804300
2012-08-23,38.369998931884766,39.599998474121094,37.86000061035156,38.349998474121094,479100
2012-08-24,38.150001525878906,38.939998626708984,37.29999923706055,38.02000045776367,216700
2012-08-27,38.099998474121094,38.470001220703125,36.810001373291016,37.099998474121094,445300
2012-08-28,37.040000915527344,37.439998626708984,36.52000045776367,37.130001068115234,564900
2012-08-29,37.11000061035156,37.68000030517578,36.540000915527344,37.56999969482422,700900
2012-08-30,37.38999938964844,37.86000061035156,36.540000915527344,37.29999923706055,522800
2012-08-31,37.52000045776367,37.52000045776367,36.0,36.06999969482422,694300
2012-09-04,36.0099983215332,36.779998779296875,35.5,36.349998474121094,462200
2012-09-05,35.939998626708984,36.43000030517578,35.099998474121094,35.34000015258789,314700
2012-09-06,35.560001373291016,36.11000061035156,34.90999984741211,35.58000183105469,409600
2012-09-07,35.790000915527344,37.5,35.790000915527344,36.81999969482422,321400
2012-09-10,36.939998626708984,37.68000030517578,36.75,36.9900016784668,570900
2012-09-11,37.130001068115234,37.38999938964844,36.58000183105469,36.849998474121094,271200
2012-09-12,36.849998474121094,37.290000915527344,36.650001525878906,36.900001525878906,156600
2012-09-13,35.5,38.06999969482422,35.41999816894531,38.0,1558600
2012-09-14,38.2400016784668,38.599998474121094,37.38999938964844,37.7400016784668,230200
2012-09-17,37.59000015258789,38.31999969482422,36.84000015258789,37.56999969482422,206500
2012-09-18,37.59000015258789,38.20000076293945,37.33000183105469,37.72999954223633,320400
2012-09-19,37.41999816894531,37.720001220703125,37.02000045776367,37.529998779296875,406100
2012-09-20,37.220001220703125,38.150001525878906,36.54999923706055,37.560001373291016,481200
2012-09-21,38.310001373291016,38.33000183105469,35.97999954223633,36.099998474121094,2192700
2012-09-24,35.83000183105469,36.59000015258789,35.099998474121094,35.720001220703125,654000
2012-09-25,35.970001220703125,36.220001220703125,35.150001525878906,35.279998779296875,388800
2012-09-26,35.290000915527344,35.650001525878906,34.34000015258789,34.439998626708984,289400
2012-09-27,34.599998474121094,34.95000076293945,34.36000061035156,34.81999969482422,530500
2012-09-28,34.58000183105469,35.18000030517578,34.130001068115234,34.150001525878906,458600
2012-10-01,34.70000076293945,34.79999923706055,33.540000915527344,33.90999984741211,255900
2012-10-02,34.15999984741211,34.560001373291016,33.95000076293945,34.540000915527344,151900
2012-10-03,34.52000045776367,34.93000030517578,34.16999816894531,34.720001220703125,154500
2012-10-04,34.779998779296875,35.7400016784668,34.630001068115234,35.33000183105469,195900
2012-10-05,35.58000183105469,36.349998474121094,35.16999816894531,35.22999954223633,206700
2012-10-08,35.16999816894531,36.33000183105469,34.65999984741211,34.7400016784668,99100
2012-10-09,34.880001068115234,35.279998779296875,34.33000183105469,34.5,200200
2012-10-10,34.65999984741211,35.16999816894531,34.11000061035156,34.36000061035156,241400
2012-10-11,34.70000076293945,35.900001525878906,34.130001068115234,34.209999084472656,96800
2012-10-12,34.33000183105469,35.880001068115234,34.33000183105469,35.619998931884766,356500
2012-10-15,35.63999938964844,36.04999923706055,35.459999084472656,35.720001220703125,145200
2012-10-16,35.9900016784668,36.220001220703125,35.369998931884766,35.58000183105469,123400
2012-10-17,35.68000030517578,36.4900016784668,34.59000015258789,36.43000030517578,209600
2012-10-18,36.290000915527344,36.720001220703125,35.72999954223633,35.97999954223633,211000
2012-10-19,35.97999954223633,36.060001373291016,34.11000061035156,34.189998626708984,356200
2012-10-22,34.310001373291016,34.529998779296875,33.40999984741211,34.18000030517578,371900
2012-10-23,33.900001525878906,34.459999084472656,33.72999954223633,34.349998474121094,232900
2012-10-24,34.43000030517578,34.65999984741211,34.310001373291016,34.470001220703125,357100
2012-10-25,34.779998779296875,36.0,34.11000061035156,34.540000915527344,512900
2012-10-26,32.4900016784668,32.9900016784668,29.670000076293945,29.979999542236328,1878500
2012-10-31,30.290000915527344,30.979999542236328,29.540000915527344,30.469999313354492,568900
2012-11-01,30.399999618530273,31.010000228881836,29.889999389648438,30.420000076293945,367100
2012-11-02,30.6299991607666,30.81999969482422,29.8700008392334,30.0,308700
2012-11-05,29.979999542236328,30.3700008392334,29.6299991607666,30.190000534057617,154800
2012-11-06,30.209999084472656,30.979999542236328,30.200000762939453,30.56999969482422,144700
2012-11-07,30.170000076293945,30.639999389648438,29.889999389648438,29.989999771118164,175000
2012-11-08,30.260000228881836,30.6200008392334,29.829999923706055,30.299999237060547,199400
2012-11-09,30.110000610351562,30.459999084472656,29.8799991607666,30.1299991607666,131500
2012-11-12,30.360000610351562,30.399999618530273,29.889999389648438,30.170000076293945,95500
2012-11-13,29.8799991607666,30.170000076293945,29.709999084472656,29.809999465942383,283600
2012-11-14,29.979999542236328,29.979999542236328,28.56999969482422,28.610000610351562,392000
2012-11-15,28.68000030517578,29.350000381469727,28.270000457763672,29.200000762939453,252500
2012-11-16,29.100000381469727,29.540000915527344,29.010000228881836,29.100000381469727,899900
2012-11-19,29.510000228881836,29.510000228881836,28.170000076293945,28.959999084472656,319700
2012-11-20,28.969999313354492,29.40999984741211,28.18000030517578,28.899999618530273,178400
2012-11-21,28.899999618530273,29.09000015258789,28.420000076293945,29.09000015258789,132600
2012-11-23,29.209999084472656,29.760000228881836,28.93000030517578,29.6299991607666,106800
2012-11-26,29.6299991607666,29.860000610351562,29.09000015258789,29.639999389648438,185900
2012-11-27,29.989999771118164,31.15999984741211,29.989999771118164,30.350000381469727,512400
2012-11-28,30.280000686645508,30.75,29.860000610351562,30.610000610351562,275800
2012-11-29,30.829999923706055,30.850000381469727,29.889999389648438,29.899999618530273,599900
2012-11-30,30.510000228881836,31.59000015258789,30.40999984741211,31.049999237060547,816000
2012-12-03,31.0,32.13999938964844,31.0,31.6299991607666,428600
2012-12-04,31.6299991607666,32.2599983215332,31.40999984741211,31.639999389648438,228000
2012-12-05,31.739999771118164,32.099998474121094,31.329999923706055,31.65999984741211,241600
2012-12-06,31.579999923706055,32.0,31.06999969482422,31.280000686645508,319000
2012-12-07,31.350000381469727,32.0099983215332,30.850000381469727,31.079999923706055,117400
2012-12-10,31.469999313354492,31.75,30.920000076293945,31.34000015258789,267900
2012-12-11,31.420000076293945,32.099998474121094,31.209999084472656,31.719999313354492,250700
2012-12-12,32.279998779296875,33.95000076293945,31.770000457763672,33.59000015258789,446000
2012-12-13,33.2599983215332,35.04999923706055,32.2400016784668,34.88999938964844,708100
2012-12-14,34.720001220703125,35.220001220703125,34.36000061035156,34.529998779296875,211900
2012-12-17,34.630001068115234,34.81999969482422,33.84000015258789,34.61000061035156,384200
2012-12-18,34.529998779296875,35.060001373291016,34.20000076293945,34.52000045776367,312000
2012-12-19,34.43000030517578,34.47999954223633,33.86000061035156,34.310001373291016,275000
2012-12-20,34.2400016784668,34.279998779296875,33.470001220703125,33.7400016784668,358400
2012-12-21,34.08000183105469,34.08000183105469,32.709999084472656,33.41999816894531,332500
2012-12-24,33.43000030517578,33.630001068115234,32.849998474121094,32.939998626708984,47600
2012-12-26,33.0,33.279998779296875,32.459999084472656,32.779998779296875,134600
2012-12-27,32.63999938964844,32.9900016784668,31.299999237060547,31.969999313354492,422000
2012-12-28,31.780000686645508,32.20000076293945,31.079999923706055,31.329999923706055,321600
2012-12-31,31.360000610351562,32.900001525878906,31.299999237060547,32.86000061035156,349100
2013-01-02,33.97999954223633,34.650001525878906,33.40999984741211,34.38999938964844,505900
2013-01-03,34.41999816894531,34.560001373291016,33.63999938964844,34.060001373291016,252700
2013-01-04,34.290000915527344,34.68000030517578,33.779998779296875,34.150001525878906,125600
2013-01-07,34.09000015258789,34.599998474121094,33.81999969482422,34.18000030517578,132200
2013-01-08,34.02000045776367,34.77000045776367,32.52000045776367,33.560001373291016,194400
2013-01-09,33.779998779296875,34.68000030517578,33.7400016784668,34.439998626708984,200100
2013-01-10,34.619998931884766,34.86000061035156,34.06999969482422,34.59000015258789,203000
2013-01-11,34.72999954223633,34.79999923706055,34.0099983215332,34.09000015258789,127400
2013-01-14,33.970001220703125,34.47999954223633,33.939998626708984,34.119998931884766,153900
2013-01-15,33.939998626708984,35.060001373291016,33.880001068115234,34.9900016784668,256200
2013-01-16,34.790000915527344,35.380001068115234,34.5,34.720001220703125,150200
2013-01-17,34.790000915527344,35.88999938964844,34.779998779296875,35.880001068115234,176200
2013-01-18,35.75,35.88999938964844,34.47999954223633,35.709999084472656,275800
2013-01-22,35.72999954223633,35.95000076293945,35.2400016784668,35.38999938964844,140200
2013-01-23,35.7400016784668,36.970001220703125,35.400001525878906,36.869998931884766,336700
2013-01-24,36.790000915527344,37.599998474121094,36.38999938964844,37.16999816894531,486000
2013-01-25,37.18000030517578,37.7400016784668,36.9900016784668,37.599998474121094,215900
2013-01-28,37.5,37.86000061035156,36.650001525878906,36.900001525878906,413300
2013-01-29,36.75,37.060001373291016,35.970001220703125,36.02000045776367,398700
2013-01-30,35.90999984741211,36.20000076293945,35.16999816894531,35.52000045776367,320700
2013-01-31,36.86000061035156,36.880001068115234,35.59000015258789,35.849998474121094,682700
2013-02-01,34.27000045776367,35.13999938964844,32.63999938964844,33.970001220703125,1650900
2013-02-04,33.77000045776367,34.209999084472656,32.630001068115234,32.689998626708984,630900
2013-02-05,32.880001068115234,33.709999084472656,31.850000381469727,33.66999816894531,642700
2013-02-06,33.5,33.790000915527344,32.91999816894531,33.209999084472656,358000
2013-02-07,33.25,34.0,32.34000015258789,33.58000183105469,270300
2013-02-08,33.70000076293945,35.25,33.529998779296875,34.54999923706055,292200
2013-02-11,34.5,35.189998626708984,34.2400016784668,34.459999084472656,143600
2013-02-12,34.470001220703125,34.650001525878906,34.08000183105469,34.380001068115234,100500
2013-02-13,34.5,35.0099983215332,34.2400016784668,34.77000045776367,200200
2013-02-14,35.75,36.22999954223633,35.33000183105469,35.7400016784668,252300
2013-02-15,36.52000045776367,37.0,35.7599983215332,36.369998931884766,225000
2013-02-19,36.27000045776367,36.689998626708984,36.189998626708984,36.36000061035156,160100
2013-02-20,36.310001373291016,36.810001373291016,35.91999816894531,36.31999969482422,165200
2013-02-21,36.25,36.25,34.5099983215332,35.380001068115234,326200
2013-02-22,35.810001373291016,35.939998626708984,34.9900016784668,35.90999984741211,125000
2013-02-25,36.0,36.08000183105469,35.22999954223633,35.34000015258789,559900
2013-02-26,35.5,35.61000061035156,35.02000045776367,35.150001525878906,320800
2013-02-27,35.220001220703125,35.58000183105469,35.18000030517578,35.369998931884766,407100
2013-02-28,35.220001220703125,35.54999923706055,34.97999954223633,35.0,246800
2013-03-01,34.66999816894531,35.15999984741211,33.0,33.400001525878906,4096500
2013-03-04,33.41999816894531,34.279998779296875,33.2599983215332,33.900001525878906,769800
2013-03-05,34.189998626708984,34.189998626708984,33.810001373291016,33.900001525878906,611600
2013-03-06,33.95000076293945,34.91999816894531,33.91999816894531,34.86000061035156,580500
2013-03-07,35.04999923706055,35.959999084472656,34.91999816894531,35.880001068115234,513000
2013-03-08,36.25,37.400001525878906,35.79999923706055,37.18000030517578,416800
2013-03-11,36.900001525878906,39.290000915527344,36.900001525878906,39.02000045776367,714900
2013-03-12,38.7599983215332,39.29999923706055,37.77000045776367,38.25,636600
2013-03-13,38.15999984741211,39.349998474121094,38.15999984741211,38.88999938964844,333100
2013-03-14,38.84000015258789,40.29999923706055,38.84000015258789,40.16999816894531,509800
2013-03-15,40.02000045776367,40.7599983215332,39.61000061035156,39.75,443800
2013-03-18,39.25,40.040000915527344,39.25,39.56999969482422,202300
2013-03-19,39.77000045776367,40.349998474121094,39.47999954223633,39.91999816894531,420400
2013-03-20,40.040000915527344,40.41999816894531,40.0,40.18000030517578,278100
2013-03-21,39.83000183105469,40.560001373291016,39.630001068115234,39.849998474121094,241700
2013-03-22,39.790000915527344,40.08000183105469,39.529998779296875,39.59000015258789,147300
2013-03-25,39.65999984741211,40.02000045776367,39.0,39.27000045776367,194700
2013-03-26,39.599998474121094,39.97999954223633,39.0099983215332,39.43000030517578,138100
2013-03-27,39.099998474121094,39.45000076293945,39.04999923706055,39.09000015258789,108400
2013-03-28,39.290000915527344,39.38999938964844,38.290000915527344,38.65999984741211,361400
2013-04-01,38.720001220703125,38.869998931884766,37.75,37.88999938964844,362300
2013-04-02,38.189998626708984,38.43000030517578,37.5,37.619998931884766,197300
2013-04-03,37.630001068115234,38.06999969482422,36.88999938964844,37.220001220703125,219200
2013-04-04,37.33000183105469,37.72999954223633,37.15999984741211,37.310001373291016,183000
2013-04-05,36.650001525878906,37.369998931884766,36.650001525878906,37.2400016784668,157700
2013-04-08,37.41999816894531,37.470001220703125,36.5099983215332,37.0099983215332,233500
2013-04-09,37.189998626708984,37.380001068115234,36.63999938964844,36.75,245500
2013-04-10,36.84000015258789,39.790000915527344,36.630001068115234,39.25,855600
2013-04-11,39.04999923706055,40.0,39.040000915527344,39.61000061035156,372200
2013-04-12,39.31999969482422,39.75,38.63999938964844,39.209999084472656,249700
2013-04-15,38.849998474121094,38.93000030517578,37.369998931884766,37.43000030517578,339000
2013-04-16,37.779998779296875,38.7400016784668,37.09000015258789,38.540000915527344,330200
2013-04-17,38.09000015258789,38.34000015258789,37.02000045776367,37.27000045776367,366000
2013-04-18,37.27000045776367,38.27000045776367,36.58000183105469,37.90999984741211,421100
2013-04-19,38.029998779296875,39.16999816894531,38.029998779296875,38.81999969482422,450800
2013-04-22,38.9900016784668,40.040000915527344,38.849998474121094,39.97999954223633,460100
2013-04-23,40.06999969482422,41.939998626708984,40.04999923706055,40.880001068115234,551200
2013-04-24,40.90999984741211,41.380001068115234,39.869998931884766,39.939998626708984,343700
2013-04-25,40.18000030517578,41.5,40.0099983215332,40.880001068115234,555800
2013-04-26,40.25,43.459999084472656,40.16999816894531,42.38999938964844,812000
2013-04-29,42.689998626708984,42.77000045776367,41.25,41.38999938964844,716300
2013-04-30,41.5,41.5,40.16999816894531,40.79999923706055,370000
2013-05-01,40.540000915527344,41.5099983215332,40.4900016784668,40.9900016784668,323800
2013-05-02,41.0,41.31999969482422,40.4900016784668,41.0,217900
2013-05-03,42.5,42.5,40.90999984741211,41.22999954223633,338600
2013-05-06,41.2599983215332,42.13999938964844,41.20000076293945,42.029998779296875,189400
2013-05-07,42.029998779296875,42.869998931884766,41.83000183105469,42.810001373291016,205900
2013-05-08,42.810001373291016,44.06999969482422,42.41999816894531,43.689998626708984,207800
2013-05-09,43.650001525878906,45.220001220703125,43.25,45.099998474121094,353400
2013-05-10,45.0,46.650001525878906,44.90999984741211,46.54999923706055,519700
2013-05-13,46.22999954223633,46.65999984741211,44.880001068115234,46.060001373291016,364100
2013-05-14,46.0,47.31999969482422,45.79999923706055,46.599998474121094,460500
2013-05-15,46.5,48.11000061035156,46.459999084472656,46.52000045776367,346400
2013-05-16,46.630001068115234,47.900001525878906,46.5,47.33000183105469,297300
2013-05-17,47.720001220703125,47.720001220703125,47.08000183105469,47.45000076293945,165000
2013-05-20,47.310001373291016,48.650001525878906,47.22999954223633,48.36000061035156,309200
2013-05-21,48.29999923706055,48.29999923706055,47.61000061035156,47.880001068115234,118000
2013-05-22,48.02000045776367,48.15999984741211,46.27000045776367,46.369998931884766,200200
2013-05-23,46.20000076293945,46.619998931884766,45.970001220703125,46.38999938964844,138900
2013-05-24,45.970001220703125,46.40999984741211,45.47999954223633,46.22999954223633,176300
2013-05-28,46.58000183105469,47.95000076293945,46.0,46.63999938964844,346400
2013-05-29,46.47999954223633,46.9900016784668,46.33000183105469,46.52000045776367,87000
2013-05-30,46.61000061035156,47.13999938964844,46.04999923706055,46.83000183105469,88000
2013-05-31,46.400001525878906,46.63999938964844,45.88999938964844,45.95000076293945,91500
2013-06-03,45.959999084472656,46.33000183105469,45.130001068115234,45.9900016784668,249000
2013-06-04,46.0099983215332,46.79999923706055,45.630001068115234,46.380001068115234,211100
2013-06-05,46.2400016784668,46.56999969482422,45.310001373291016,46.099998474121094,265800
2013-06-06,45.9900016784668,47.459999084472656,45.939998626708984,47.22999954223633,349600
2013-06-07,47.529998779296875,48.2599983215332,46.970001220703125,47.7599983215332,364800
2013-06-10,47.79999923706055,48.25,47.459999084472656,47.90999984741211,131700
2013-06-11,47.220001220703125,48.22999954223633,46.599998474121094,48.06999969482422,92000
2013-06-12,48.27000045776367,48.880001068115234,47.369998931884766,47.650001525878906,271500
2013-06-13,47.529998779296875,48.439998626708984,46.84000015258789,48.18000030517578,126200
2013-06-14,47.81999969482422,47.939998626708984,46.54999923706055,47.15999984741211,137100
2013-06-17,47.470001220703125,48.16999816894531,46.61000061035156,47.400001525878906,145900
2013-06-18,47.540000915527344,47.790000915527344,47.04999923706055,47.560001373291016,160700
2013-06-19,47.709999084472656,47.849998474121094,46.9900016784668,47.58000183105469,201700
2013-06-20,46.86000061035156,47.81999969482422,46.47999954223633,46.95000076293945,195600
2013-06-21,47.08000183105469,47.09000015258789,45.810001373291016,46.56999969482422,270200
2013-06-24,45.970001220703125,47.400001525878906,45.45000076293945,45.83000183105469,197400
2013-06-25,46.150001525878906,46.5,45.38999938964844,46.25,184000
2013-06-26,46.52000045776367,47.79999923706055,45.75,46.97999954223633,223300
2013-06-27,47.439998626708984,48.599998474121094,47.04999923706055,48.290000915527344,191700
2013-06-28,48.060001373291016,50.0,48.0,49.369998931884766,666400
2013-07-01,49.380001068115234,50.220001220703125,49.380001068115234,50.099998474121094,211100
2013-07-02,50.189998626708984,51.029998779296875,48.66999816894531,49.40999984741211,236000
2013-07-03,49.29999923706055,49.689998626708984,48.16999816894531,48.369998931884766,95100
2013-07-05,55.0,55.0,47.7400016784668,48.5,202200
2013-07-08,48.779998779296875,50.65999984741211,48.369998931884766,50.5,459800
2013-07-09,50.56999969482422,52.0,49.95000076293945,51.4900016784668,190600
2013-07-10,51.29999923706055,51.400001525878906,49.91999816894531,50.0099983215332,181800
2013-07-11,50.7400016784668,51.34000015258789,49.88999938964844,50.0099983215332,165900
2013-07-12,49.84000015258789,51.79999923706055,49.84000015258789,51.279998779296875,220400
2013-07-15,51.38999938964844,51.810001373291016,50.75,51.11000061035156,137400
2013-07-16,51.099998474121094,51.47999954223633,50.61000061035156,50.81999969482422,99700
2013-07-17,50.959999084472656,51.779998779296875,50.599998474121094,51.5,313300
2013-07-18,51.4900016784668,52.70000076293945,51.4900016784668,51.9900016784668,124500
2013-07-19,52.0,52.47999954223633,51.290000915527344,52.099998474121094,122400
2013-07-22,52.20000076293945,52.70000076293945,51.02000045776367,51.2400016784668,219900
2013-07-23,51.529998779296875,51.93000030517578,50.36000061035156,51.61000061035156,339600
2013-07-24,51.54999923706055,51.790000915527344,51.0099983215332,51.599998474121094,309100
2013-07-25,51.400001525878906,52.900001525878906,51.02000045776367,52.439998626708984,355600
2013-07-26,52.20000076293945,53.15999984741211,52.13999938964844,52.95000076293945,174300
2013-07-29,52.68000030517578,52.68000030517578,51.709999084472656,51.9900016784668,176400
2013-07-30,52.0,52.38999938964844,51.400001525878906,51.4900016784668,86600
2013-07-31,51.7599983215332,51.7599983215332,50.459999084472656,50.97999954223633,356700
2013-08-01,51.150001525878906,52.34000015258789,50.970001220703125,52.25,503900
2013-08-02,51.709999084472656,55.25,50.70000076293945,55.0099983215332,1160300
2013-08-05,55.119998931884766,56.630001068115234,54.630001068115234,55.720001220703125,535500
2013-08-06,55.599998474121094,57.540000915527344,55.16999816894531,56.779998779296875,615300
2013-08-07,56.779998779296875,56.779998779296875,54.970001220703125,55.099998474121094,387000
2013-08-08,55.5099983215332,55.619998931884766,54.849998474121094,55.25,395300
2013-08-09,55.0099983215332,55.95000076293945,54.869998931884766,55.369998931884766,254400
2013-08-12,55.0,55.900001525878906,54.95000076293945,55.54999923706055,251100
2013-08-13,55.54999923706055,55.54999923706055,54.88999938964844,54.970001220703125,260900
2013-08-14,55.119998931884766,56.220001220703125,55.0,55.959999084472656,525400
2013-08-15,55.40999984741211,55.61000061035156,53.310001373291016,53.33000183105469,213200
2013-08-16,52.849998474121094,54.849998474121094,52.5099983215332,54.2400016784668,297800
2013-08-19,53.91999816894531,54.459999084472656,53.060001373291016,53.099998474121094,290300
2013-08-20,53.06999969482422,53.939998626708984,52.81999969482422,53.45000076293945,182900
2013-08-21,53.349998474121094,53.650001525878906,52.93000030517578,53.2400016784668,93200
2013-08-22,53.2400016784668,54.45000076293945,53.2400016784668,54.2599983215332,133200
2013-08-23,54.25,54.83000183105469,53.7400016784668,53.790000915527344,189900
2013-08-26,53.689998626708984,53.7599983215332,53.189998626708984,53.31999969482422,243400
2013-08-27,52.869998931884766,53.7599983215332,52.290000915527344,52.33000183105469,256100
2013-08-28,52.310001373291016,52.79999923706055,52.13999938964844,52.75,90000
2013-08-29,52.650001525878906,54.13999938964844,52.650001525878906,53.650001525878906,116500
2013-08-30,53.540000915527344,54.40999984741211,52.709999084472656,53.2400016784668,187000
2013-09-03,53.529998779296875,54.400001525878906,53.310001373291016,53.84000015258789,127500
2013-09-04,53.83000183105469,54.310001373291016,53.45000076293945,53.86000061035156,116300
2013-09-05,53.95000076293945,54.40999984741211,53.54999923706055,54.209999084472656,164500
2013-09-06,53.650001525878906,55.150001525878906,52.90999984741211,54.58000183105469,99200
2013-09-09,54.61000061035156,55.86000061035156,54.470001220703125,55.25,158300
2013-09-10,55.540000915527344,56.209999084472656,55.2400016784668,56.13999938964844,265800
2013-09-11,55.970001220703125,56.0,55.279998779296875,55.540000915527344,241900
2013-09-12,55.439998626708984,55.439998626708984,54.68000030517578,54.900001525878906,191500
2013-09-13,55.0,55.02000045776367,54.029998779296875,54.63999938964844,90200
2013-09-16,55.130001068115234,55.18000030517578,53.90999984741211,53.91999816894531,138400
2013-09-17,54.029998779296875,54.72999954223633,53.91999816894531,54.58000183105469,267100
2013-09-18,54.41999816894531,54.459999084472656,53.349998474121094,54.13999938964844,243300
2013-09-19,54.400001525878906,54.75,54.0099983215332,54.130001068115234,152300
2013-09-20,54.15999984741211,54.43000030517578,53.38999938964844,53.5,171400
2013-09-23,53.470001220703125,54.56999969482422,53.13999938964844,54.36000061035156,183900
2013-09-24,54.459999084472656,54.4900016784668,53.810001373291016,53.959999084472656,225500
2013-09-25,54.0,54.81999969482422,53.65999984741211,53.869998931884766,170500
2013-09-26,54.040000915527344,54.459999084472656,53.459999084472656,53.7400016784668,101300
2013-09-27,53.400001525878906,55.630001068115234,53.400001525878906,55.59000015258789,130700
2013-09-30,55.040000915527344,56.779998779296875,55.040000915527344,56.599998474121094,208400
2013-10-01,56.0,58.189998626708984,55.83000183105469,57.06999969482422,260100
2013-10-02,56.810001373291016,56.88999938964844,56.150001525878906,56.25,80300
2013-10-03,56.040000915527344,56.38999938964844,55.16999816894531,55.779998779296875,79100
2013-10-04,55.630001068115234,56.34000015258789,54.97999954223633,56.0,193400
2013-10-07,55.630001068115234,56.04999923706055,54.81999969482422,55.220001220703125,113600
2013-10-08,55.31999969482422,55.77000045776367,52.459999084472656,52.650001525878906,187300
2013-10-09,52.75,53.0,51.47999954223633,51.91999816894531,265700
2013-10-10,52.54999923706055,52.970001220703125,52.16999816894531,52.86000061035156,195400
2013-10-11,52.47999954223633,53.630001068115234,52.47999954223633,53.540000915527344,176400
2013-10-14,53.11000061035156,54.86000061035156,52.689998626708984,54.61000061035156,156100
2013-10-15,54.209999084472656,55.31999969482422,54.209999084472656,55.15999984741211,164900
2013-10-16,55.349998474121094,56.11000061035156,55.099998474121094,55.88999938964844,150900
2013-10-17,55.77000045776367,56.02000045776367,55.06999969482422,55.2599983215332,164700
2013-10-18,55.720001220703125,56.34000015258789,55.209999084472656,55.290000915527344,290800
2013-10-21,55.38999938964844,55.38999938964844,54.83000183105469,54.93000030517578,227500
2013-10-22,55.029998779296875,56.060001373291016,54.959999084472656,55.95000076293945,395700
2013-10-23,55.63999938964844,55.75,53.52000045776367,54.5,336300
2013-10-24,54.47999954223633,54.7400016784668,54.310001373291016,54.560001373291016,114100
2013-10-25,54.779998779296875,54.779998779296875,53.61000061035156,53.959999084472656,162500
2013-10-28,53.959999084472656,54.13999938964844,52.9900016784668,53.59000015258789,228300
2013-10-29,53.689998626708984,56.38999938964844,53.54999923706055,54.7599983215332,857600
2013-10-30,51.41999816894531,54.58000183105469,48.939998626708984,53.33000183105469,685900
2013-10-31,53.189998626708984,54.25,52.77000045776367,54.04999923706055,162700
2013-11-01,53.880001068115234,55.5,53.880001068115234,54.4900016784668,293400
2013-11-04,54.540000915527344,55.88999938964844,54.09000015258789,55.709999084472656,166200
2013-11-05,55.59000015258789,56.59000015258789,55.43000030517578,56.43000030517578,226600
2013-11-06,56.939998626708984,56.9900016784668,54.97999954223633,55.02000045776367,98700
2013-11-07,55.099998474121094,55.29999923706055,53.630001068115234,54.08000183105469,185100
2013-11-08,54.040000915527344,55.400001525878906,54.040000915527344,54.86000061035156,101600
2013-11-11,54.66999816894531,54.9900016784668,53.77000045776367,54.59000015258789,64200
2013-11-12,54.56999969482422,55.0099983215332,54.150001525878906,54.959999084472656,83700
2013-11-13,54.54999923706055,55.61000061035156,54.369998931884766,55.45000076293945,44000
2013-11-14,55.34000015258789,55.560001373291016,54.86000061035156,55.40999984741211,56300
2013-11-15,55.33000183105469,56.09000015258789,54.91999816894531,55.599998474121094,108600
2013-11-18,55.56999969482422,56.029998779296875,54.58000183105469,55.08000183105469,170100
2013-11-19,54.939998626708984,55.29999923706055,53.90999984741211,54.040000915527344,177300
2013-11-20,54.099998474121094,55.560001373291016,53.900001525878906,55.25,172400
2013-11-21,55.29999923706055,56.52000045776367,54.869998931884766,56.439998626708984,184100
2013-11-22,56.290000915527344,57.70000076293945,55.90999984741211,57.65999984741211,217700
2013-11-25,57.65999984741211,58.20000076293945,56.959999084472656,57.0099983215332,182900
2013-11-26,56.9900016784668,57.79999923706055,56.619998931884766,57.4900016784668,197400
2013-11-27,57.400001525878906,57.79999923706055,56.939998626708984,57.47999954223633,278200
2013-11-29,57.83000183105469,57.9900016784668,57.290000915527344,57.34000015258789,123100
2013-12-02,57.150001525878906,57.86000061035156,56.439998626708984,56.59000015258789,200900
2013-12-03,56.439998626708984,56.970001220703125,55.689998626708984,55.79999923706055,177000
2013-12-04,55.720001220703125,56.5,54.77000045776367,55.970001220703125,134300
2013-12-05,55.810001373291016,56.459999084472656,55.540000915527344,56.220001220703125,94800
2013-12-06,56.91999816894531,57.349998474121094,56.38999938964844,56.77000045776367,113700
2013-12-09,56.91999816894531,57.849998474121094,56.56999969482422,57.5,101800
2013-12-10,57.290000915527344,57.529998779296875,56.4900016784668,57.31999969482422,133000
2013-12-11,57.22999954223633,57.880001068115234,55.56999969482422,55.66999816894531,161900
2013-12-12,55.75,55.849998474121094,54.310001373291016,54.5099983215332,150800
2013-12-13,54.529998779296875,54.95000076293945,53.900001525878906,54.33000183105469,327100
2013-12-16,54.2599983215332,56.29999923706055,54.2599983215332,56.130001068115234,229300
2013-12-17,55.95000076293945,55.95000076293945,53.90999984741211,54.02000045776367,284900
2013-12-18,54.2400016784668,55.77000045776367,53.86000061035156,55.619998931884766,200100
2013-12-19,55.41999816894531,56.689998626708984,55.40999984741211,55.90999984741211,160300
2013-12-20,56.16999816894531,56.849998474121094,55.310001373291016,56.22999954223633,383700
2013-12-23,56.25,57.619998931884766,55.65999984741211,57.369998931884766,197800
2013-12-24,57.470001220703125,57.86000061035156,56.88999938964844,57.459999084472656,94400
2013-12-26,57.650001525878906,58.0,57.209999084472656,57.61000061035156,62300
2013-12-27,57.83000183105469,58.09000015258789,57.25,57.61000061035156,52900
2013-12-30,57.5099983215332,57.5099983215332,56.689998626708984,57.060001373291016,67700
2013-12-31,57.189998626708984,57.220001220703125,56.290000915527344,56.849998474121094,172800
2014-01-02,56.650001525878906,56.650001525878906,54.5,55.20000076293945,223800
2014-01-03,55.220001220703125,55.75,54.52000045776367,54.970001220703125,172600
2014-01-06,55.0,55.0,52.779998779296875,52.939998626708984,257400
2014-01-07,53.279998779296875,54.75,53.15999984741211,54.060001373291016,236100
2014-01-08,53.95000076293945,55.75,53.95000076293945,54.93000030517578,321800
2014-01-09,55.189998626708984,55.79999923706055,54.2599983215332,54.720001220703125,228100
2014-01-10,54.880001068115234,55.849998474121094,54.0,54.56999969482422,179800
2014-01-13,54.34000015258789,54.810001373291016,51.70000076293945,52.04999923706055,252700
2014-01-14,52.33000183105469,53.06999969482422,52.02000045776367,52.380001068115234,219100
2014-01-15,52.45000076293945,52.959999084472656,51.119998931884766,51.54999923706055,421800
2014-01-16,51.619998931884766,52.220001220703125,51.310001373291016,51.61000061035156,323900
2014-01-17,51.43000030517578,52.31999969482422,51.0,51.27000045776367,177400
2014-01-21,51.650001525878906,51.91999816894531,50.0,50.7599983215332,420200
2014-01-22,50.93000030517578,52.09000015258789,50.91999816894531,51.709999084472656,303600
2014-01-23,51.54999923706055,51.75,50.779998779296875,50.81999969482422,322300
2014-01-24,50.439998626708984,51.060001373291016,49.88999938964844,50.150001525878906,407300
2014-01-27,50.31999969482422,50.91999816894531,48.88999938964844,50.02000045776367,459700
2014-01-28,50.099998474121094,50.72999954223633,49.18000030517578,49.650001525878906,273100
2014-01-29,48.93000030517578,49.189998626708984,46.91999816894531,46.95000076293945,859000
2014-01-30,52.40999984741211,53.47999954223633,45.47999954223633,49.380001068115234,917600
2014-01-31,48.41999816894531,50.65999984741211,48.41999816894531,48.880001068115234,520000
2014-02-03,48.630001068115234,49.02000045776367,46.58000183105469,47.369998931884766,646800
2014-02-04,47.369998931884766,47.9900016784668,46.970001220703125,47.779998779296875,432800
2014-02-05,47.72999954223633,47.72999954223633,45.33000183105469,47.099998474121094,394400
2014-02-06,47.130001068115234,49.08000183105469,46.9900016784668,49.040000915527344,562100
2014-02-07,49.220001220703125,49.959999084472656,49.20000076293945,49.83000183105469,476700
2014-02-10,49.810001373291016,49.970001220703125,49.5,49.650001525878906,259400
2014-02-11,49.75,50.08000183105469,49.54999923706055,49.63999938964844,151200
2014-02-12,49.79999923706055,50.04999923706055,48.849998474121094,49.310001373291016,195100
2014-02-13,48.83000183105469,50.33000183105469,48.83000183105469,50.060001373291016,225900
2014-02-14,50.13999938964844,50.66999816894531,49.279998779296875,50.439998626708984,155500
2014-02-18,50.290000915527344,51.33000183105469,49.9900016784668,50.97999954223633,215000
2014-02-19,50.83000183105469,51.540000915527344,50.630001068115234,51.15999984741211,244900
2014-02-20,51.02000045776367,51.11000061035156,49.20000076293945,50.86000061035156,298500
2014-02-21,50.849998474121094,51.400001525878906,50.38999938964844,51.06999969482422,303800
2014-02-24,51.040000915527344,51.81999969482422,50.40999984741211,51.33000183105469,194200
2014-02-25,51.45000076293945,51.91999816894531,50.720001220703125,50.880001068115234,134100
2014-02-26,50.939998626708984,51.97999954223633,50.630001068115234,51.04999923706055,136800
2014-02-27,50.90999984741211,51.369998931884766,49.869998931884766,50.08000183105469,320000
2014-02-28,50.0099983215332,51.29999923706055,48.040000915527344,49.220001220703125,553400
2014-03-03,48.93000030517578,49.849998474121094,48.5,49.47999954223633,313300
2014-03-04,50.20000076293945,52.939998626708984,50.20000076293945,52.380001068115234,502800
2014-03-05,52.290000915527344,53.09000015258789,51.52000045776367,52.75,323800
2014-03-06,52.97999954223633,53.880001068115234,52.689998626708984,53.119998931884766,220600
2014-03-07,53.4900016784668,53.54999923706055,52.33000183105469,53.040000915527344,207400
2014-03-10,52.900001525878906,53.400001525878906,52.04999923706055,52.38999938964844,223900
2014-03-11,52.43000030517578,52.90999984741211,51.06999969482422,51.41999816894531,250700
2014-03-12,51.04999923706055,51.04999923706055,50.290000915527344,50.66999816894531,244500
2014-03-13,50.779998779296875,50.779998779296875,49.0,49.5099983215332,338200
2014-03-14,49.31999969482422,49.88999938964844,49.08000183105469,49.36000061035156,204000
2014-03-17,49.540000915527344,50.29999923706055,49.540000915527344,49.880001068115234,105400
2014-03-18,50.130001068115234,51.040000915527344,49.79999923706055,50.47999954223633,160500
2014-03-19,50.4900016784668,50.4900016784668,49.77000045776367,50.150001525878906,142600
2014-03-20,49.939998626708984,50.79999923706055,49.68000030517578,50.20000076293945,113900
2014-03-21,50.560001373291016,50.779998779296875,49.36000061035156,49.45000076293945,278500
2014-03-24,49.650001525878906,49.650001525878906,47.95000076293945,48.369998931884766,197300
2014-03-25,48.70000076293945,49.43000030517578,47.83000183105469,48.75,284800
2014-03-26,49.099998474121094,50.2400016784668,46.7599983215332,47.689998626708984,684100
2014-03-27,47.75,48.5,46.790000915527344,47.58000183105469,321200
2014-03-28,47.56999969482422,48.63999938964844,46.97999954223633,48.09000015258789,163000
2014-03-31,48.369998931884766,49.75,47.869998931884766,49.220001220703125,299000
2014-04-01,49.41999816894531,50.52000045776367,49.22999954223633,50.29999923706055,253700
2014-04-02,50.33000183105469,53.099998474121094,49.849998474121094,52.91999816894531,589200
2014-04-03,52.81999969482422,53.560001373291016,51.2400016784668,51.7400016784668,818500
2014-04-04,52.18000030517578,52.36000061035156,49.93000030517578,50.65999984741211,485500
2014-04-07,50.29999923706055,51.119998931884766,49.25,49.90999984741211,412400
2014-04-08,49.939998626708984,51.970001220703125,49.939998626708984,50.720001220703125,284400
2014-04-09,51.130001068115234,52.130001068115234,50.27000045776367,51.33000183105469,143400
2014-04-10,51.34000015258789,51.630001068115234,49.20000076293945,49.38999938964844,243800
2014-04-11,48.849998474121094,49.790000915527344,47.88999938964844,48.20000076293945,199200
2014-04-14,48.68000030517578,50.45000076293945,47.900001525878906,48.369998931884766,282300
2014-04-15,48.41999816894531,49.4900016784668,47.279998779296875,49.290000915527344,359000
2014-04-16,49.72999954223633,50.150001525878906,49.02000045776367,49.7400016784668,173400
2014-04-17,49.63999938964844,50.2400016784668,48.72999954223633,49.310001373291016,178300
2014-04-21,49.349998474121094,50.0099983215332,48.310001373291016,49.869998931884766,163600
2014-04-22,49.95000076293945,51.13999938964844,49.77000045776367,50.75,170500
2014-04-23,50.619998931884766,50.900001525878906,49.939998626708984,49.9900016784668,270300
2014-04-24,50.20000076293945,50.20000076293945,48.529998779296875,49.27000045776367,274600
2014-04-25,48.93000030517578,49.11000061035156,47.7400016784668,48.0,274800
2014-04-28,48.31999969482422,50.470001220703125,48.0,50.11000061035156,431000
2014-04-29,50.310001373291016,53.869998931884766,48.599998474121094,53.41999816894531,767700
2014-04-30,42.470001220703125,44.099998474121094,38.880001068115234,39.470001220703125,4658100
2014-05-01,39.41999816894531,39.66999816894531,37.5,38.58000183105469,1552700
2014-05-02,38.70000076293945,40.15999984741211,38.5099983215332,39.220001220703125,1056600
2014-05-05,39.029998779296875,41.2400016784668,38.630001068115234,40.63999938964844,1103000
2014-05-06,40.619998931884766,40.619998931884766,39.59000015258789,39.59000015258789,886500
2014-05-07,39.70000076293945,40.33000183105469,38.709999084472656,39.77000045776367,665600
2014-05-08,39.54999923706055,41.77000045776367,39.04999923706055,40.79999923706055,574900
2014-05-09,40.75,41.970001220703125,40.040000915527344,41.77000045776367,406900
2014-05-12,41.849998474121094,42.349998474121094,40.91999816894531,41.119998931884766,460300
2014-05-13,41.16999816894531,41.220001220703125,40.31999969482422,40.86000061035156,266500
2014-05-14,40.869998931884766,40.869998931884766,39.77000045776367,39.86000061035156,367600
2014-05-15,39.599998474121094,39.97999954223633,38.5099983215332,39.79999923706055,406100
2014-05-16,40.0,40.150001525878906,39.400001525878906,40.0,265600
2014-05-19,39.81999969482422,41.060001373291016,39.61000061035156,40.630001068115234,250900
2014-05-20,40.5,40.970001220703125,39.849998474121094,40.56999969482422,268000
2014-05-21,40.720001220703125,41.77000045776367,40.369998931884766,41.29999923706055,368000
2014-05-22,41.29999923706055,41.369998931884766,40.29999923706055,40.52000045776367,212900
2014-05-23,40.599998474121094,41.560001373291016,40.529998779296875,41.25,251200
2014-05-27,41.470001220703125,43.220001220703125,41.470001220703125,41.810001373291016,378800
2014-05-28,41.88999938964844,42.099998474121094,41.09000015258789,41.290000915527344,183400
2014-05-29,41.529998779296875,41.709999084472656,40.540000915527344,40.900001525878906,221200
2014-05-30,41.0,41.150001525878906,39.630001068115234,40.02000045776367,415100
2014-06-02,40.18000030517578,40.27000045776367,38.88999938964844,40.2599983215332,307600
2014-06-03,40.16999816894531,40.5099983215332,39.4900016784668,40.369998931884766,547300
2014-06-04,40.290000915527344,40.689998626708984,39.689998626708984,39.939998626708984,267400
2014-06-05,39.95000076293945,40.380001068115234,39.2599983215332,40.0,278500
2014-06-06,40.150001525878906,40.4900016784668,40.0,40.04999923706055,260800
2014-06-09,40.099998474121094,40.59000015258789,39.68000030517578,40.22999954223633,350100
2014-06-10,40.209999084472656,40.459999084472656,39.11000061035156,39.5099983215332,351900
2014-06-11,39.310001373291016,39.63999938964844,39.15999984741211,39.4900016784668,534600
2014-06-12,39.41999816894531,40.459999084472656,39.0099983215332,39.650001525878906,220200
2014-06-13,39.9900016784668,40.20000076293945,39.310001373291016,39.63999938964844,291600
2014-06-16,39.599998474121094,41.029998779296875,39.310001373291016,40.720001220703125,508800
2014-06-17,40.52000045776367,41.459999084472656,40.5,41.220001220703125,786700
2014-06-18,41.06999969482422,41.2599983215332,40.68000030517578,41.029998779296875,269700
2014-06-19,41.130001068115234,41.369998931884766,40.2599983215332,40.34000015258789,165100
2014-06-20,40.529998779296875,40.529998779296875,39.849998474121094,40.22999954223633,337500
2014-06-23,40.20000076293945,40.880001068115234,39.880001068115234,40.470001220703125,306700
2014-06-24,40.439998626708984,40.7400016784668,40.029998779296875,40.04999923706055,249700
2014-06-25,39.9900016784668,40.849998474121094,39.68000030517578,40.4900016784668,272800
2014-06-26,40.56999969482422,40.95000076293945,40.0099983215332,40.33000183105469,291000
2014-06-27,40.04999923706055,40.650001525878906,39.79999923706055,40.52000045776367,222500
2014-06-30,40.369998931884766,40.7599983215332,40.08000183105469,40.459999084472656,423400
2014-07-01,40.63999938964844,42.54999923706055,40.41999816894531,41.59000015258789,381300
2014-07-02,41.59000015258789,42.16999816894531,41.08000183105469,41.220001220703125,244800
2014-07-03,41.349998474121094,41.849998474121094,40.75,41.58000183105469,180100
2014-07-07,41.40999984741211,41.5,40.4900016784668,40.5099983215332,162500
2014-07-08,40.380001068115234,40.400001525878906,38.689998626708984,38.77000045776367,444200
2014-07-09,38.84000015258789,39.130001068115234,38.04999923706055,38.22999954223633,278900
2014-07-10,37.47999954223633,38.79999923706055,37.43000030517578,38.34000015258789,352000
2014-07-11,38.310001373291016,38.5,37.810001373291016,37.90999984741211,169500
2014-07-14,38.290000915527344,38.38999938964844,37.900001525878906,38.099998474121094,273900
2014-07-15,38.099998474121094,38.20000076293945,37.34000015258789,37.529998779296875,210700
2014-07-16,37.72999954223633,38.0,37.2400016784668,37.79999923706055,383800
2014-07-17,37.63999938964844,38.15999984741211,37.04999923706055,37.150001525878906,189400
2014-07-18,37.04999923706055,37.84000015258789,37.04999923706055,37.59000015258789,193400
2014-07-21,37.5,38.060001373291016,37.279998779296875,37.900001525878906,458900
2014-07-22,38.20000076293945,38.77000045776367,38.08000183105469,38.72999954223633,448300
2014-07-23,38.70000076293945,39.08000183105469,38.54999923706055,38.77000045776367,216600
2014-07-24,38.209999084472656,39.06999969482422,38.209999084472656,38.65999984741211,507000
2014-07-25,38.29999923706055,39.36000061035156,38.0099983215332,39.0099983215332,294100
2014-07-28,38.959999084472656,39.04999923706055,37.77000045776367,37.84000015258789,447000
2014-07-29,37.95000076293945,38.2599983215332,37.529998779296875,37.59000015258789,440100
2014-07-30,38.04999923706055,38.70000076293945,37.61000061035156,37.72999954223633,574700
2014-07-31,45.290000915527344,49.91999816894531,45.290000915527344,49.2599983215332,2773800
2014-08-01,49.189998626708984,49.619998931884766,48.5,48.95000076293945,893000
2014-08-04,48.939998626708984,49.029998779296875,48.22999954223633,48.310001373291016,529000
2014-08-05,48.08000183105469,48.75,47.72999954223633,47.84000015258789,303100
2014-08-06,47.65999984741211,48.209999084472656,47.16999816894531,47.40999984741211,458700
2014-08-07,47.83000183105469,48.119998931884766,47.279998779296875,47.43000030517578,313700
2014-08-08,47.459999084472656,47.84000015258789,46.83000183105469,46.970001220703125,337300
2014-08-11,47.189998626708984,48.31999969482422,47.0,47.900001525878906,216700
2014-08-12,47.65999984741211,48.040000915527344,47.189998626708984,47.45000076293945,220700
2014-08-13,47.560001373291016,47.560001373291016,46.779998779296875,47.41999816894531,309900
2014-08-14,47.38999938964844,47.56999969482422,47.18000030517578,47.47999954223633,147300
2014-08-15,47.959999084472656,48.08000183105469,46.45000076293945,47.279998779296875,283000
2014-08-18,47.59000015258789,48.619998931884766,47.20000076293945,48.09000015258789,221300
2014-08-19,48.2599983215332,49.0,47.65999984741211,48.40999984741211,163600
2014-08-20,48.11000061035156,48.2599983215332,47.470001220703125,47.720001220703125,153800
2014-08-21,47.65999984741211,48.06999969482422,46.849998474121094,48.060001373291016,187500
2014-08-22,48.060001373291016,48.060001373291016,47.439998626708984,47.459999084472656,164800
2014-08-25,47.63999938964844,48.380001068115234,47.38999938964844,47.65999984741211,188500
2014-08-26,47.56999969482422,49.90999984741211,47.56999969482422,49.220001220703125,603200
2014-08-27,49.09000015258789,49.13999938964844,47.68000030517578,48.58000183105469,154300
2014-08-28,48.209999084472656,48.7599983215332,47.47999954223633,47.63999938964844,154300
2014-08-29,47.63999938964844,48.40999984741211,47.36000061035156,48.279998779296875,77200
2014-09-02,48.540000915527344,48.81999969482422,48.15999984741211,48.47999954223633,159900
2014-09-03,48.59000015258789,48.939998626708984,47.61000061035156,48.0099983215332,162600
2014-09-04,48.130001068115234,48.72999954223633,48.0,48.150001525878906,120000
2014-09-05,47.880001068115234,48.2599983215332,47.619998931884766,48.0,87800
2014-09-08,48.189998626708984,48.5,47.16999816894531,48.11000061035156,153800
2014-09-09,47.93000030517578,48.09000015258789,47.4900016784668,47.689998626708984,137100
2014-09-10,47.560001373291016,49.380001068115234,47.380001068115234,49.08000183105469,182600
2014-09-11,48.59000015258789,49.31999969482422,48.31999969482422,49.220001220703125,167500
2014-09-12,49.369998931884766,49.790000915527344,48.72999954223633,49.650001525878906,198700
2014-09-15,49.66999816894531,49.75,48.58000183105469,49.40999984741211,225400
2014-09-16,49.060001373291016,49.7599983215332,48.54999923706055,49.619998931884766,200600
2014-09-17,49.70000076293945,50.79999923706055,49.349998474121094,50.31999969482422,404400
2014-09-18,50.41999816894531,51.619998931884766,50.04999923706055,51.38999938964844,279000
2014-09-19,51.5,52.20000076293945,51.27000045776367,52.060001373291016,543200
2014-09-22,51.83000183105469,53.13999938964844,51.5099983215332,52.0099983215332,555900
2014-09-23,51.619998931884766,52.45000076293945,50.310001373291016,51.11000061035156,1038600
2014-09-24,51.08000183105469,52.18000030517578,50.61000061035156,51.70000076293945,276100
2014-09-25,51.619998931884766,52.63999938964844,51.09000015258789,51.90999984741211,293800
2014-09-26,51.939998626708984,53.150001525878906,51.65999984741211,53.06999969482422,182200
2014-09-29,52.5099983215332,53.65999984741211,51.79999923706055,53.5,266700
2014-09-30,53.4900016784668,55.060001373291016,53.36000061035156,54.790000915527344,513300
2014-10-01,55.13999938964844,56.04999923706055,54.119998931884766,54.97999954223633,952800
2014-10-02,55.0,56.220001220703125,54.619998931884766,55.34000015258789,666400
2014-10-03,55.540000915527344,56.11000061035156,54.869998931884766,55.0,341900
2014-10-06,55.0,55.43000030517578,54.47999954223633,55.09000015258789,645100
2014-10-07,54.86000061035156,55.5,54.27000045776367,54.84000015258789,683000
2014-10-08,54.790000915527344,55.900001525878906,54.38999938964844,55.45000076293945,598700
2014-10-09,55.22999954223633,55.5099983215332,54.15999984741211,54.439998626708984,843000
2014-10-10,54.06999969482422,55.060001373291016,53.43000030517578,54.0,623400
2014-10-13,54.0,54.84000015258789,52.45000076293945,52.630001068115234,767800
2014-10-14,53.0099983215332,54.130001068115234,52.619998931884766,53.0,537000
2014-10-15,52.65999984741211,55.52000045776367,52.130001068115234,55.15999984741211,855900
2014-10-16,54.650001525878906,56.63999938964844,54.650001525878906,56.189998626708984,418400
2014-10-17,56.970001220703125,57.880001068115234,54.95000076293945,55.36000061035156,721000
2014-10-20,55.2599983215332,56.040000915527344,55.11000061035156,55.72999954223633,134800
2014-10-21,55.84000015258789,57.11000061035156,55.689998626708984,56.900001525878906,394000
2014-10-22,57.0,57.0,54.709999084472656,54.93000030517578,489500
2014-10-23,55.31999969482422,56.619998931884766,55.029998779296875,55.25,305100
2014-10-24,55.369998931884766,56.15999984741211,55.04999923706055,55.90999984741211,223700
2014-10-27,55.56999969482422,55.95000076293945,54.900001525878906,54.93000030517578,250900
2014-10-28,55.189998626708984,55.68000030517578,54.900001525878906,55.630001068115234,610900
2014-10-29,55.349998474121094,55.38999938964844,54.68000030517578,55.060001373291016,695800
2014-10-30,56.04999923706055,65.61000061035156,55.2400016784668,64.23999786376953,2904500
2014-10-31,65.33999633789062,67.19999694824219,65.33999633789062,66.86000061035156,1753000
2014-11-03,66.81999969482422,68.12000274658203,63.650001525878906,64.33999633789062,942900
2014-11-04,64.30000305175781,65.72000122070312,63.630001068115234,65.33999633789062,535500
2014-11-05,65.62000274658203,66.83000183105469,65.30000305175781,65.77999877929688,269800
2014-11-06,65.68000030517578,66.76000213623047,65.2300033569336,66.48999786376953,271600
2014-11-07,66.26000213623047,67.5999984741211,66.05999755859375,67.41000366210938,367300
2014-11-10,65.4000015258789,68.8499984741211,64.5,68.81999969482422,442000
2014-11-11,68.5,69.0,66.33000183105469,67.0,620800
2014-11-12,66.8499984741211,68.80000305175781,66.83999633789062,68.37999725341797,453400
2014-11-13,68.61000061035156,68.98999786376953,66.70999908447266,66.95999908447266,301600
2014-11-14,66.80000305175781,68.4000015258789,66.38999938964844,67.5999984741211,325300
2014-11-17,66.98999786376953,68.81999969482422,62.2599983215332,67.0,332000
2014-11-18,67.01000213623047,67.69000244140625,63.439998626708984,67.02999877929688,353200
2014-11-19,65.23999786376953,68.58999633789062,64.75,64.80000305175781,247900
2014-11-20,64.81999969482422,66.0,64.26000213623047,64.5999984741211,163600
2014-11-21,65.3499984741211,65.66999816894531,63.34000015258789,63.720001220703125,148200
2014-11-24,64.06999969482422,68.12999725341797,63.459999084472656,65.02999877929688,311800
2014-11-25,64.94000244140625,67.63999938964844,64.94000244140625,66.83000183105469,203200
2014-11-26,66.9800033569336,67.75,66.05000305175781,67.55000305175781,131800
2014-11-28,67.47000122070312,68.98999786376953,66.12999725341797,67.08999633789062,128000
2014-12-01,68.18000030517578,68.98999786376953,65.83000183105469,66.51000213623047,221400
2014-12-02,66.81999969482422,69.73999786376953,66.81999969482422,69.38999938964844,263000
2014-12-03,69.5,70.0,69.16000366210938,69.75,141400
2014-12-04,69.69000244140625,71.16000366210938,69.44000244140625,70.19000244140625,214500
2014-12-05,70.08000183105469,72.29000091552734,69.76000213623047,71.93000030517578,177000
2014-12-08,71.30000305175781,72.68000030517578,71.13999938964844,71.3499984741211,181600
2014-12-09,70.81999969482422,72.20999908447266,69.51000213623047,72.05000305175781,257400
2014-12-10,71.7300033569336,73.22000122070312,71.0,71.36000061035156,155400
2014-12-11,69.43000030517578,73.94999694824219,69.4000015258789,71.69999694824219,251100
2014-12-12,70.5999984741211,72.11000061035156,70.44999694824219,71.4000015258789,134200
2014-12-15,71.98999786376953,73.02999877929688,71.54000091552734,72.12999725341797,212100
2014-12-16,71.62000274658203,72.95999908447266,71.01000213623047,71.58000183105469,271500
2014-12-17,71.58000183105469,75.70999908447266,71.02999877929688,75.4800033569336,266600
2014-12-18,76.37999725341797,76.4000015258789,74.68000030517578,75.44999694824219,363000
2014-12-19,75.26000213623047,76.27999877929688,74.19999694824219,75.22000122070312,500800
2014-12-22,75.48999786376953,76.2300033569336,74.52999877929688,75.30999755859375,238600
2014-12-23,75.9800033569336,76.29000091552734,75.41000366210938,75.70999908447266,227800
2014-12-24,76.20999908447266,76.56999969482422,75.51000213623047,75.76000213623047,69200
2014-12-26,75.87000274658203,76.41000366210938,75.27999877929688,75.93000030517578,128200
2014-12-29,76.08999633789062,76.5,75.3499984741211,75.9800033569336,138900
2014-12-30,75.81999969482422,76.68000030517578,75.25,75.55000305175781,108200
2014-12-31,75.94999694824219,76.6500015258789,74.7300033569336,74.83999633789062,146100
2015-01-02,75.37000274658203,76.31999969482422,73.08000183105469,73.83000183105469,236300
2015-01-05,73.54000091552734,74.1500015258789,70.9000015258789,71.33999633789062,246700
2015-01-06,71.3499984741211,73.25,67.61000061035156,69.62999725341797,314400
2015-01-07,70.30999755859375,72.94999694824219,67.41000366210938,70.79000091552734,202200
2015-01-08,71.72000122070312,73.41000366210938,70.9000015258789,73.19000244140625,254000
2015-01-09,73.0,74.30000305175781,69.5199966430664,73.6500015258789,213500
2015-01-12,73.2699966430664,73.7699966430664,71.12000274658203,72.55000305175781,174800
2015-01-13,72.87999725341797,74.9000015258789,71.8499984741211,72.81999969482422,182000
2015-01-14,71.7300033569336,74.3499984741211,71.7300033569336,73.0,126800
2015-01-15,73.04000091552734,73.16000366210938,70.08999633789062,70.4800033569336,280100
2015-01-16,70.19000244140625,72.77999877929688,68.8499984741211,72.54000091552734,139700
2015-01-20,72.58000183105469,72.98999786376953,70.5,72.12999725341797,134600
2015-01-21,71.73999786376953,73.2300033569336,71.26000213623047,72.66999816894531,250300
2015-01-22,73.41999816894531,76.04000091552734,71.66999816894531,74.51000213623047,238100
2015-01-23,74.4000015258789,75.36000061035156,73.94999694824219,74.6500015258789,116700
2015-01-26,74.44999694824219,75.18000030517578,73.55999755859375,74.70999908447266,194800
2015-01-27,73.80999755859375,75.72000122070312,72.66999816894531,74.69000244140625,217700
2015-01-28,75.2699966430664,75.2699966430664,71.5,72.37999725341797,362300
2015-01-29,73.81999969482422,84.9800033569336,73.81999969482422,82.25,1502300
2015-01-30,81.25,83.97000122070312,80.02999877929688,80.55000305175781,642900
2015-02-02,80.16000366210938,80.81999969482422,78.51000213623047,80.0,311400
2015-02-03,80.0,81.45999908447266,78.83999633789062,79.5199966430664,434700
2015-02-04,78.9000015258789,81.19000244140625,78.44999694824219,80.5999984741211,221900
2015-02-05,81.08999633789062,84.6500015258789,80.63999938964844,84.44000244140625,383500
2015-02-06,84.12999725341797,84.72000122070312,81.11000061035156,82.33000183105469,203900
2015-02-09,82.33000183105469,82.44999694824219,80.91000366210938,81.19000244140625,84700
2015-02-10,81.38999938964844,82.8499984741211,80.8499984741211,82.73999786376953,94600
2015-02-11,82.31999969482422,83.5,81.77999877929688,83.22000122070312,96700
2015-02-12,83.83999633789062,84.98999786376953,83.26000213623047,84.7699966430664,124500
2015-02-13,84.30999755859375,86.77999877929688,83.41000366210938,84.37999725341797,291300
2015-02-17,84.1500015258789,86.41999816894531,83.19999694824219,83.9800033569336,210700
2015-02-18,83.38999938964844,84.45999908447266,83.38999938964844,83.79000091552734,128600
2015-02-19,83.69999694824219,84.94999694824219,83.1500015258789,83.5,122700
2015-02-20,83.68000030517578,83.70999908447266,82.5999984741211,82.93000030517578,232400
2015-02-23,82.83000183105469,84.5199966430664,82.37999725341797,83.45999908447266,170300
2015-02-24,83.44999694824219,84.1500015258789,82.7699966430664,83.41000366210938,124100
2015-02-25,83.11000061035156,84.4000015258789,82.8499984741211,83.55000305175781,106200
2015-02-26,83.76000213623047,84.9800033569336,83.22000122070312,83.95999908447266,155100
2015-02-27,84.06999969482422,84.9000015258789,83.37000274658203,83.5,126100
2015-03-02,83.19999694824219,85.9000015258789,83.19999694824219,85.29000091552734,200500
2015-03-03,85.0199966430664,85.83000183105469,83.58999633789062,84.11000061035156,143600
2015-03-04,83.44000244140625,85.37999725341797,83.0199966430664,83.41999816894531,146500
2015-03-05,83.69999694824219,85.05999755859375,83.05999755859375,83.93000030517578,191300
2015-03-06,83.18000030517578,84.61000061035156,81.88999938964844,82.61000061035156,229900
2015-03-09,82.61000061035156,83.75,80.9800033569336,81.20999908447266,237700
2015-03-10,80.83999633789062,82.2699966430664,79.80000305175781,80.69999694824219,275100
2015-03-11,81.04000091552734,81.97000122070312,80.38999938964844,81.41999816894531,194900
2015-03-12,82.05000305175781,82.62999725341797,81.22000122070312,82.08000183105469,298600
2015-03-13,82.23999786376953,82.56999969482422,80.22000122070312,81.70999908447266,148900
2015-03-16,82.2300033569336,83.33999633789062,81.19999694824219,82.44000244140625,212100
2015-03-17,82.08999633789062,84.0199966430664,81.58000183105469,82.91000366210938,111500
2015-03-18,82.81999969482422,84.45999908447266,82.55000305175781,83.44999694824219,123000
2015-03-19,82.95999908447266,84.38999938964844,82.94999694824219,83.31999969482422,152500
2015-03-20,83.83999633789062,86.2699966430664,82.70999908447266,85.08999633789062,488800
2015-03-23,85.25,85.73999786376953,84.13999938964844,84.94000244140625,141000
2015-03-24,85.20999908447266,85.20999908447266,82.69000244140625,83.69999694824219,148600
2015-03-25,83.66999816894531,84.13999938964844,80.5999984741211,81.19000244140625,178000
2015-03-26,81.06999969482422,82.22000122070312,80.66999816894531,80.98999786376953,118500
2015-03-27,80.79000091552734,82.93000030517578,80.79000091552734,82.70999908447266,127900
2015-03-30,83.11000061035156,84.36000061035156,82.5999984741211,83.86000061035156,146700
2015-03-31,83.44000244140625,84.94000244140625,82.27999877929688,84.37999725341797,187100
2015-04-01,85.62999725341797,88.44999694824219,85.13999938964844,86.98999786376953,470800
2015-04-02,87.43000030517578,89.27999877929688,86.56999969482422,87.0999984741211,231200
2015-04-06,86.76000213623047,87.88999938964844,86.2699966430664,87.66999816894531,142900
2015-04-07,87.58999633789062,89.43000030517578,87.5199966430664,88.01000213623047,141700
2015-04-08,87.7300033569336,90.52999877929688,87.7300033569336,90.30000305175781,181700
2015-04-09,90.1500015258789,91.0,89.58999633789062,90.88999938964844,200600
2015-04-10,91.5199966430664,91.62999725341797,89.94999694824219,90.43000030517578,151900
2015-04-13,90.5999984741211,91.75,90.2699966430664,91.16000366210938,116800
2015-04-14,91.19000244140625,91.58999633789062,90.31999969482422,90.7300033569336,222500
2015-04-15,91.1500015258789,91.1500015258789,89.5,90.04000091552734,388700
2015-04-16,90.16999816894531,90.37000274658203,87.08999633789062,87.66999816894531,265400
2015-04-17,86.79000091552734,87.63999938964844,83.37999725341797,83.75,419000
2015-04-20,83.94000244140625,86.69000244140625,83.04000091552734,85.73999786376953,221200
2015-04-21,85.76000213623047,87.38999938964844,85.76000213623047,86.58000183105469,155000
2015-04-22,86.52999877929688,87.3499984741211,85.27999877929688,86.79000091552734,156500
2015-04-23,86.36000061035156,87.58999633789062,84.87999725341797,86.94999694824219,232100
2015-04-24,86.72000122070312,87.4800033569336,85.0999984741211,86.01000213623047,219200
2015-04-27,86.58999633789062,87.18000030517578,82.47000122070312,84.81999969482422,412000
2015-04-28,84.87000274658203,86.38999938964844,82.0,85.63999938964844,403000
2015-04-29,84.72000122070312,86.75,84.4000015258789,86.69000244140625,385900
2015-04-30,90.5999984741211,90.5999984741211,80.05000305175781,83.94000244140625,798600
2015-05-01,84.0,86.48999786376953,83.37999725341797,84.37999725341797,464700
2015-05-04,84.76000213623047,87.16000366210938,83.6500015258789,86.05999755859375,312300
2015-05-05,85.97000122070312,86.51000213623047,83.48999786376953,84.29000091552734,450400
2015-05-06,84.72000122070312,85.54000091552734,83.62000274658203,83.98999786376953,472700
2015-05-07,83.7699966430664,86.08999633789062,83.72000122070312,84.6500015258789,245400
2015-05-08,85.69999694824219,86.9000015258789,84.6500015258789,84.97000122070312,148900
2015-05-11,84.76000213623047,86.16000366210938,84.05000305175781,84.36000061035156,197500
2015-05-12,83.70999908447266,85.38999938964844,82.86000061035156,84.26000213623047,209800
2015-05-13,84.63999938964844,84.75,82.80000305175781,83.08999633789062,221800
2015-05-14,83.56999969482422,85.08999633789062,82.83000183105469,84.6500015258789,118200
2015-05-15,84.29000091552734,85.83999633789062,83.41000366210938,84.63999938964844,209100
2015-05-18,84.26000213623047,85.80000305175781,84.26000213623047,85.63999938964844,290700
2015-05-19,85.81999969482422,86.7300033569336,83.5199966430664,84.1500015258789,296000
2015-05-20,84.62999725341797,85.08999633789062,83.41000366210938,84.2300033569336,252500
2015-05-21,83.8499984741211,85.25,82.36000061035156,82.55000305175781,278300
2015-05-22,82.69999694824219,83.76000213623047,82.11000061035156,83.30000305175781,221100
2015-05-26,82.6500015258789,83.2300033569336,80.33000183105469,80.51000213623047,390100
2015-05-27,80.75,82.13999938964844,79.80999755859375,81.33999633789062,314100
2015-05-28,80.97000122070312,82.13999938964844,80.81999969482422,82.04000091552734,325000
2015-05-29,81.7699966430664,82.5999984741211,80.86000061035156,82.31999969482422,215500
2015-06-01,82.72000122070312,83.4000015258789,81.05000305175781,83.08999633789062,229700
2015-06-02,82.62000274658203,83.05000305175781,81.45999908447266,81.81999969482422,174900
2015-06-03,82.08000183105469,84.2699966430664,81.83999633789062,84.16000366210938,224600
2015-06-04,83.38999938964844,84.66999816894531,83.38999938964844,84.55999755859375,177700
2015-06-05,84.30000305175781,85.87000274658203,83.11000061035156,85.5999984741211,165500
2015-06-08,85.1500015258789,85.6500015258789,83.97000122070312,84.0,130500
2015-06-09,84.12999725341797,84.12999725341797,82.7300033569336,83.18000030517578,205800
2015-06-10,83.5199966430664,84.66000366210938,83.05000305175781,83.12999725341797,150500
2015-06-11,83.04000091552734,84.33000183105469,82.44000244140625,83.68000030517578,123200
2015-06-12,84.66999816894531,85.05999755859375,84.26000213623047,84.5999984741211,144600
2015-06-15,83.70999908447266,86.95999908447266,82.88999938964844,86.33000183105469,370900
2015-06-16,85.30000305175781,86.77999877929688,84.56999969482422,85.36000061035156,192700
2015-06-17,85.8499984741211,86.30000305175781,84.5199966430664,84.62000274658203,174700
2015-06-18,85.2300033569336,87.4800033569336,84.88999938964844,86.97000122070312,209400
2015-06-19,87.18000030517578,87.30999755859375,84.22000122070312,85.31999969482422,383700
2015-06-22,85.69999694824219,86.29000091552734,85.22000122070312,86.05999755859375,133400
2015-06-23,85.94000244140625,87.7300033569336,85.83999633789062,87.51000213623047,139600
2015-06-24,87.47000122070312,87.81999969482422,85.11000061035156,85.22000122070312,227100
2015-06-25,85.5199966430664,87.19000244140625,85.19999694824219,86.76000213623047,224600
2015-06-26,86.41000366210938,88.5199966430664,85.87000274658203,88.2699966430664,492800
2015-06-29,87.76000213623047,88.2699966430664,84.41000366210938,84.58999633789062,380300
2015-06-30,84.80999755859375,84.80999755859375,82.86000061035156,84.16000366210938,386100
2015-07-01,84.75,86.94999694824219,84.16999816894531,84.51000213623047,215200
2015-07-02,84.61000061035156,84.61000061035156,81.31999969482422,81.3499984741211,235500
2015-07-06,80.9000015258789,83.5,80.41000366210938,82.01000213623047,323200
2015-07-07,82.19999694824219,83.38999938964844,81.33000183105469,83.12000274658203,435600
2015-07-08,82.66000366210938,83.0999984741211,81.62000274658203,82.26000213623047,378100
2015-07-09,83.30999755859375,84.05999755859375,82.43000030517578,82.68000030517578,254700
2015-07-10,83.68000030517578,84.30000305175781,82.87999725341797,83.69000244140625,225800
2015-07-13,84.19000244140625,85.44999694824219,83.05000305175781,83.12999725341797,195400
2015-07-14,83.0999984741211,84.4000015258789,82.44999694824219,84.37000274658203,215800
2015-07-15,84.29000091552734,84.88999938964844,83.23999786376953,83.44999694824219,156600
2015-07-16,84.19000244140625,84.69999694824219,82.87000274658203,83.05000305175781,287600
2015-07-17,83.05000305175781,84.63999938964844,82.13999938964844,82.75,700800
2015-07-20,82.6500015258789,83.0999984741211,81.26000213623047,82.5,363300
2015-07-21,82.18000030517578,83.1500015258789,78.66000366210938,78.97000122070312,317000
2015-07-22,78.41999816894531,80.6500015258789,78.30999755859375,80.20999908447266,524200
2015-07-23,80.51000213623047,82.05999755859375,80.16999816894531,80.97000122070312,386500
2015-07-24,80.83000183105469,81.44999694824219,79.7300033569336,79.83999633789062,268200
2015-07-27,79.55999755859375,79.91000366210938,78.72000122070312,79.16999816894531,459800
2015-07-28,79.76000213623047,79.76000213623047,78.41999816894531,79.0,535300
2015-07-29,78.76000213623047,81.36000061035156,78.26000213623047,81.31999969482422,689900
2015-07-30,78.5,80.33000183105469,64.41000366210938,66.08999633789062,4744800
2015-07-31,65.3499984741211,67.13999938964844,63.7599983215332,64.52999877929688,2161800
2015-08-03,64.5199966430664,66.45999908447266,63.150001525878906,65.77999877929688,1319700
2015-08-04,66.73999786376953,67.73999786376953,65.02999877929688,66.9800033569336,915700
2015-08-05,67.02999877929688,70.26000213623047,66.73999786376953,68.9800033569336,1041700
2015-08-06,69.69000244140625,69.75,66.48999786376953,68.06999969482422,1206200
2015-08-07,67.58000183105469,70.02999877929688,67.48999786376953,69.4000015258789,757500
2015-08-10,69.93000030517578,70.33999633789062,69.4000015258789,70.05999755859375,637800
2015-08-11,70.0,70.93000030517578,68.4000015258789,68.5,613700
2015-08-12,68.9000015258789,68.9000015258789,66.26000213623047,67.7699966430664,433600
2015-08-13,68.01000213623047,71.16000366210938,67.69000244140625,70.23999786376953,536800
2015-08-14,69.97000122070312,70.95999908447266,69.0,70.4800033569336,342700
2015-08-17,70.58999633789062,70.93000030517578,69.55000305175781,70.44999694824219,364300
2015-08-18,70.08000183105469,71.16000366210938,69.16000366210938,70.87000274658203,304800
2015-08-19,70.56999969482422,70.9000015258789,69.68000030517578,70.69000244140625,363800
2015-08-20,69.86000061035156,70.69999694824219,67.30000305175781,67.6500015258789,522400
2015-08-21,67.37000274658203,69.08000183105469,67.25,67.75,943800
2015-08-24,66.3499984741211,67.4000015258789,65.04000091552734,66.79000091552734,839800
2015-08-25,69.38999938964844,69.98999786376953,66.5,66.5999984741211,597500
2015-08-26,67.88999938964844,68.56999969482422,65.52999877929688,68.20999908447266,342000
2015-08-27,68.26000213623047,70.5,68.08000183105469,70.12000274658203,440600
2015-08-28,69.66999816894531,73.5199966430664,69.66999816894531,73.45999908447266,431900
2015-08-31,72.94999694824219,73.29000091552734,69.77999877929688,69.9800033569336,557600
2015-09-01,68.86000061035156,71.51000213623047,67.29000091552734,67.80000305175781,588200
2015-09-02,68.54000091552734,69.52999877929688,67.25,69.48999786376953,244900
2015-09-03,69.7300033569336,71.80000305175781,69.7300033569336,71.45999908447266,400400
2015-09-04,70.47000122070312,71.79000091552734,69.98999786376953,71.52999877929688,207400
2015-09-08,72.12000274658203,73.88999938964844,71.54000091552734,73.72000122070312,315800
2015-09-09,74.45999908447266,75.58999633789062,71.7300033569336,72.11000061035156,575700
2015-09-10,72.08000183105469,75.98999786376953,71.43000030517578,71.72000122070312,157900
2015-09-11,71.23999786376953,74.55999755859375,70.80000305175781,74.33999633789062,365100
2015-09-14,74.43000030517578,75.22000122070312,73.56999969482422,74.51000213623047,466600
2015-09-15,74.55000305175781,75.38999938964844,74.29000091552734,75.08999633789062,243800
2015-09-16,75.0999984741211,76.13999938964844,74.6500015258789,75.5999984741211,204300
2015-09-17,75.44999694824219,77.31999969482422,73.69000244140625,74.41999816894531,285400
2015-09-18,73.16999816894531,76.18000030517578,72.37000274658203,73.02999877929688,247300
2015-09-21,73.73999786376953,75.4800033569336,73.19000244140625,74.68000030517578,285700
2015-09-22,73.80000305175781,75.80999755859375,73.05000305175781,73.83999633789062,331300
2015-09-23,74.1500015258789,75.83999633789062,73.06999969482422,74.75,339500
2015-09-24,74.11000061035156,75.37000274658203,73.12000274658203,75.08999633789062,386800
2015-09-25,75.91000366210938,76.76000213623047,74.25,74.25,367900
2015-09-28,74.0,74.87999725341797,72.18000030517578,74.12000274658203,470400
2015-09-29,73.94999694824219,75.5,73.0199966430664,75.16000366210938,487200
2015-09-30,75.95999908447266,77.5199966430664,75.66999816894531,76.11000061035156,475100
2015-10-01,76.16999816894531,78.4800033569336,76.0,76.76000213623047,499600
2015-10-02,76.22000122070312,78.37999725341797,75.2699966430664,78.1500015258789,236700
2015-10-05,78.72000122070312,80.66999816894531,78.16999816894531,80.38999938964844,174100
2015-10-06,80.0,81.12000274658203,78.80000305175781,80.87999725341797,187100
2015-10-07,81.02999877929688,84.97000122070312,81.01000213623047,84.91999816894531,341100
2015-10-08,84.4800033569336,85.9800033569336,83.27999877929688,85.7300033569336,261700
2015-10-09,85.2300033569336,85.26000213623047,80.37999725341797,81.98999786376953,233700
2015-10-12,82.06999969482422,83.05999755859375,80.9800033569336,81.97000122070312,147500
2015-10-13,81.87000274658203,83.45999908447266,81.4000015258789,81.44000244140625,124600
2015-10-14,81.44999694824219,82.76000213623047,79.91999816894531,80.13999938964844,126500
2015-10-15,80.4000015258789,81.25,78.98999786376953,80.26000213623047,316200
2015-10-16,80.30000305175781,81.0,78.94000244140625,79.7300033569336,182000
2015-10-19,79.4800033569336,80.66000366210938,79.4800033569336,80.0,375700
2015-10-20,79.77999877929688,80.93000030517578,78.80999755859375,79.80000305175781,234600
2015-10-21,80.05000305175781,80.05000305175781,75.13999938964844,75.33000183105469,484200
2015-10-22,75.63999938964844,77.9800033569336,74.98999786376953,76.7699966430664,367800
2015-10-23,77.55000305175781,78.56999969482422,76.12999725341797,76.4000015258789,428900
2015-10-26,76.5,77.3499984741211,75.0199966430664,75.9800033569336,393500
2015-10-27,75.80000305175781,76.83000183105469,75.16999816894531,75.38999938964844,313600
2015-10-28,75.5,77.83000183105469,74.56999969482422,77.75,816100
2015-10-29,78.44000244140625,78.44000244140625,75.02999877929688,77.58000183105469,400100
2015-10-30,77.75,79.3499984741211,77.13999938964844,78.9000015258789,338500
2015-11-02,78.87000274658203,83.44999694824219,77.77999877929688,81.86000061035156,502000
2015-11-03,81.16999816894531,82.75,80.5999984741211,81.18000030517578,295700
2015-11-04,81.05999755859375,81.26000213623047,79.16999816894531,79.98999786376953,321400
2015-11-05,79.80000305175781,79.80000305175781,76.80999755859375,78.70999908447266,256000
2015-11-06,78.33999633789062,80.9000015258789,77.43000030517578,80.76000213623047,178700
2015-11-09,80.36000061035156,80.73999786376953,75.0,80.4800033569336,170300
2015-11-10,80.13999938964844,81.58000183105469,80.06999969482422,80.75,148000
2015-11-11,80.77999877929688,81.58000183105469,79.9800033569336,80.04000091552734,77000
2015-11-12,79.37999725341797,81.06999969482422,78.97000122070312,79.7699966430664,124300
2015-11-13,79.16000366210938,80.44000244140625,78.44999694824219,79.5,116600
2015-11-16,79.26000213623047,81.30000305175781,79.26000213623047,81.2300033569336,152700
2015-11-17,81.0,82.41000366210938,80.19999694824219,81.5199966430664,138000
2015-11-18,81.69999694824219,84.45999908447266,81.43000030517578,83.81999969482422,188500
2015-11-19,83.37000274658203,85.97000122070312,83.06999969482422,84.98999786376953,122700
2015-11-20,85.63999938964844,87.4800033569336,85.2300033569336,85.91000366210938,135500
2015-11-23,85.5,86.9000015258789,84.91000366210938,86.30000305175781,134000
2015-11-24,86.0999984741211,92.7699966430664,81.69000244140625,89.05000305175781,345200
2015-11-25,88.98999786376953,91.8499984741211,88.30999755859375,91.19000244140625,179600
2015-11-27,91.97000122070312,91.97000122070312,90.19000244140625,90.91999816894531,77000
2015-11-30,90.98999786376953,93.76000213623047,90.75,92.23999786376953,212700
2015-12-01,92.62000274658203,94.56999969482422,91.69999694824219,92.83000183105469,345000
2015-12-02,92.61000061035156,92.83000183105469,90.83999633789062,91.08000183105469,389400
2015-12-03,91.44999694824219,91.44999694824219,87.73999786376953,89.12999725341797,244200
2015-12-04,89.4000015258789,91.81999969482422,89.29000091552734,90.93000030517578,206400
2015-12-07,90.55000305175781,90.77999877929688,88.2699966430664,89.77999877929688,224800
2015-12-08,89.05999755859375,90.69999694824219,87.69000244140625,88.98999786376953,264000
2015-12-09,88.7300033569336,89.66999816894531,87.04000091552734,87.77999877929688,193800
2015-12-10,87.81999969482422,88.4000015258789,83.31999969482422,86.93000030517578,247000
2015-12-11,85.41000366210938,85.41000366210938,82.2699966430664,82.94000244140625,297100
2015-12-14,83.0999984741211,83.37000274658203,81.5999984741211,82.48999786376953,248700
2015-12-15,83.16999816894531,85.04000091552734,83.12000274658203,84.94000244140625,204000
2015-12-16,85.26000213623047,85.79000091552734,84.23999786376953,85.20999908447266,269000
2015-12-17,85.41000366210938,85.45999908447266,83.04000091552734,83.11000061035156,109000
2015-12-18,82.62000274658203,83.61000061035156,81.66999816894531,81.9000015258789,277100
2015-12-21,82.7300033569336,83.19999694824219,80.04000091552734,81.66000366210938,142400
2015-12-22,81.80000305175781,82.1500015258789,80.41999816894531,82.12000274658203,128200
2015-12-23,82.44999694824219,83.41000366210938,82.16000366210938,82.98999786376953,97900
2015-12-24,83.12000274658203,83.62000274658203,81.58000183105469,82.0,54500
2015-12-28,81.5999984741211,82.20999908447266,81.01000213623047,82.1500015258789,115200
2015-12-29,82.47000122070312,83.38999938964844,82.12999725341797,82.4800033569336,148900
2015-12-30,82.48999786376953,83.87000274658203,81.87000274658203,82.43000030517578,150200
2015-12-31,81.87000274658203,82.86000061035156,79.68000030517578,81.13999938964844,258400
2016-01-04,80.08999633789062,83.11000061035156,76.83999633789062,78.0199966430664,713800
2016-01-05,78.12000274658203,78.87000274658203,77.11000061035156,77.66000366210938,490000
2016-01-06,76.69999694824219,77.69000244140625,76.08000183105469,76.62000274658203,453900
2016-01-07,75.43000030517578,78.44000244140625,75.0999984741211,78.06999969482422,454100
2016-01-08,78.27999877929688,79.83999633789062,77.30000305175781,79.61000061035156,371400
2016-01-11,79.91999816894531,81.4800033569336,78.86000061035156,79.80999755859375,388300
2016-01-12,80.30999755859375,81.5,76.83000183105469,78.19000244140625,310700
2016-01-13,76.0,77.25,69.52999877929688,71.94999694824219,848500
2016-01-14,72.13999938964844,73.08999633789062,69.91999816894531,72.12000274658203,339600
2016-01-15,70.7699966430664,71.5999984741211,68.61000061035156,71.05999755859375,395900
2016-01-19,71.5,71.80999755859375,68.45999908447266,69.16999816894531,297100
2016-01-20,68.33999633789062,73.8499984741211,67.88999938964844,73.41000366210938,628900
2016-01-21,73.5199966430664,74.91999816894531,70.33999633789062,70.4000015258789,411400
2016-01-22,71.37000274658203,73.16999816894531,70.9000015258789,72.58999633789062,317000
2016-01-25,72.44999694824219,73.5999984741211,71.20999908447266,71.83000183105469,306000
2016-01-26,72.12000274658203,75.58000183105469,71.91000366210938,74.61000061035156,370100
2016-01-27,74.12000274658203,75.66999816894531,70.1500015258789,70.5199966430664,769200
2016-01-28,81.51000213623047,84.31999969482422,71.9000015258789,77.77999877929688,1457500
2016-01-29,78.37999725341797,79.72000122070312,77.19999694824219,78.5199966430664,443100
2016-02-01,78.12999725341797,82.94999694824219,77.7699966430664,78.41000366210938,354000
2016-02-02,77.93000030517578,79.62999725341797,76.7699966430664,77.55999755859375,337400
2016-02-03,78.12000274658203,79.93000030517578,76.16000366210938,78.31999969482422,293000
2016-02-04,77.87000274658203,81.04000091552734,76.06999969482422,79.93000030517578,269900
2016-02-05,79.33999633789062,79.51000213623047,77.75,78.7699966430664,389400
2016-02-08,77.83000183105469,79.33999633789062,75.4800033569336,78.91999816894531,490000
2016-02-09,77.86000061035156,80.54000091552734,76.05999755859375,78.33999633789062,532700
2016-02-10,78.7300033569336,80.80000305175781,78.51000213623047,78.80000305175781,483000
2016-02-11,77.51000213623047,79.44999694824219,76.26000213623047,77.80999755859375,365100
2016-02-12,78.52999877929688,80.48999786376953,77.58000183105469,78.76000213623047,177400
2016-02-16,79.54000091552734,85.44000244140625,79.51000213623047,85.05999755859375,386100
2016-02-17,85.12999725341797,87.83999633789062,84.70999908447266,86.44000244140625,367400
2016-02-18,86.62000274658203,88.98999786376953,85.5,85.69000244140625,194700
2016-02-19,85.51000213623047,88.62999725341797,85.51000213623047,88.29000091552734,289400
2016-02-22,88.81999969482422,89.93000030517578,86.19999694824219,86.52999877929688,287900
2016-02-23,86.44000244140625,87.30999755859375,84.83999633789062,85.13999938964844,646200
2016-02-24,84.5199966430664,88.63999938964844,84.20999908447266,86.75,315000
2016-02-25,86.7699966430664,88.37000274658203,85.62000274658203,88.02999877929688,121700
2016-02-26,88.5,88.55000305175781,86.33000183105469,88.11000061035156,135600
2016-02-29,87.9000015258789,89.83999633789062,86.08999633789062,88.18000030517578,294200
2016-03-01,88.91000366210938,89.5999984741211,84.08000183105469,85.63999938964844,355000
2016-03-02,85.27999877929688,86.72000122070312,83.95999908447266,86.30999755859375,168700
2016-03-03,86.20999908447266,88.27999877929688,85.8499984741211,87.94999694824219,187900
2016-03-04,88.44999694824219,90.75,87.73999786376953,88.20999908447266,188600
2016-03-07,87.37000274658203,90.38999938964844,87.37000274658203,90.0199966430664,237000
2016-03-08,89.58000183105469,89.77999877929688,86.69000244140625,87.11000061035156,232900
2016-03-09,87.41999816894531,89.16999816894531,86.77999877929688,88.04000091552734,210600
2016-03-10,88.30000305175781,89.33999633789062,86.18000030517578,87.62000274658203,185400
2016-03-11,88.44000244140625,89.0999984741211,87.83999633789062,88.88999938964844,131300
2016-03-14,88.62999725341797,89.16000366210938,87.72000122070312,88.61000061035156,138000
2016-03-15,88.26000213623047,88.80999755859375,85.5,85.66999816894531,186400
2016-03-16,85.54000091552734,87.11000061035156,82.48999786376953,85.72000122070312,233100
2016-03-17,85.68000030517578,87.70999908447266,81.73999786376953,87.08000183105469,166800
2016-03-18,87.55999755859375,89.5999984741211,87.55999755859375,89.0199966430664,208800
2016-03-21,89.27999877929688,89.93000030517578,89.0199966430664,89.12000274658203,170200
2016-03-22,88.43000030517578,88.69999694824219,86.93000030517578,87.25,180200
2016-03-23,87.08999633789062,87.19999694824219,85.95999908447266,86.02999877929688,174400
2016-03-24,85.33999633789062,87.13999938964844,84.54000091552734,86.80999755859375,93900
2016-03-28,87.1500015258789,87.76000213623047,86.29000091552734,86.66999816894531,50300
2016-03-29,86.41000366210938,89.4800033569336,84.94999694824219,89.20999908447266,175000
2016-03-30,89.5,91.05999755859375,88.38999938964844,90.66000366210938,207900
2016-03-31,90.66000366210938,91.83999633789062,90.29000091552734,90.69000244140625,509400
2016-04-01,90.01000213623047,92.8499984741211,88.9800033569336,92.68000030517578,220900
2016-04-04,92.5,92.69000244140625,89.7300033569336,90.56999969482422,124900
2016-04-05,89.77999877929688,90.47000122070312,88.77999877929688,89.69000244140625,155600
2016-04-06,89.69000244140625,92.47000122070312,88.3499984741211,90.88999938964844,227500
2016-04-07,90.27999877929688,90.38999938964844,88.55000305175781,89.0999984741211,327300
2016-04-08,89.69999694824219,89.69999694824219,86.93000030517578,89.08999633789062,143000
2016-04-11,89.44000244140625,91.44999694824219,88.75,89.62999725341797,174100
2016-04-12,89.76000213623047,91.5199966430664,88.23999786376953,90.86000061035156,195400
2016-04-13,91.41999816894531,93.37999725341797,90.76000213623047,92.62999725341797,153700
2016-04-14,92.69000244140625,93.05000305175781,91.26000213623047,92.44999694824219,149300
2016-04-15,92.0999984741211,93.2699966430664,91.5199966430664,92.33999633789062,177300
2016-04-18,91.94999694824219,94.80999755859375,91.6500015258789,93.98999786376953,132000
2016-04-19,94.2699966430664,94.45999908447266,93.1500015258789,94.08999633789062,113700
2016-04-20,93.97000122070312,95.48999786376953,93.5,94.12000274658203,292700
2016-04-21,94.19999694824219,94.47000122070312,93.62999725341797,93.94999694824219,202500
2016-04-22,93.79000091552734,95.1500015258789,93.44000244140625,94.37999725341797,238600
2016-04-25,94.44000244140625,96.05000305175781,93.56999969482422,95.6500015258789,174800
2016-04-26,94.2699966430664,95.87999725341797,92.37999725341797,95.80999755859375,283000
2016-04-27,95.75,96.69000244140625,94.36000061035156,96.33999633789062,298000
2016-04-28,99.94999694824219,99.94999694824219,87.5,89.20999908447266,708600
2016-04-29,89.19999694824219,90.43000030517578,86.94999694824219,87.87000274658203,297700
2016-05-02,88.47000122070312,89.97000122070312,88.08000183105469,89.41999816894531,376000
2016-05-03,88.81999969482422,88.83999633789062,87.16000366210938,88.01000213623047,152900
2016-05-04,87.8499984741211,91.66000366210938,87.8499984741211,89.6500015258789,229200
2016-05-05,89.9000015258789,90.55000305175781,88.72000122070312,89.31999969482422,211900
2016-05-06,89.30999755859375,91.02999877929688,88.6500015258789,90.95999908447266,213100
2016-05-09,90.66000366210938,94.43000030517578,90.31999969482422,93.75,435000
2016-05-10,94.33000183105469,95.5999984741211,92.9800033569336,94.45999908447266,212200
2016-05-11,94.68000030517578,94.68000030517578,93.31999969482422,94.19999694824219,184000
2016-05-12,94.79000091552734,95.38999938964844,93.5,94.3499984741211,152700
2016-05-13,94.2699966430664,94.95999908447266,93.58999633789062,94.08999633789062,115800
2016-05-16,93.87000274658203,95.61000061035156,92.80000305175781,95.16999816894531,150600
2016-05-17,94.66000366210938,95.25,92.7300033569336,93.37000274658203,232600
2016-05-18,93.27999877929688,94.44000244140625,92.30000305175781,93.51000213623047,101800
2016-05-19,92.9800033569336,93.8499984741211,91.80999755859375,92.7300033569336,83300
2016-05-20,93.4000015258789,94.2300033569336,92.5999984741211,93.80999755859375,150500
2016-05-23,94.08000183105469,95.98999786376953,93.69000244140625,94.18000030517578,150500
2016-05-24,95.0,97.51000213623047,94.9800033569336,97.37999725341797,252200
2016-05-25,97.23999786376953,98.16000366210938,96.76000213623047,98.0199966430664,181200
2016-05-26,98.55999755859375,99.12000274658203,97.20999908447266,98.98999786376953,144300
2016-05-27,99.27999877929688,100.37000274658203,98.13999938964844,100.01000213623047,282900
2016-05-31,100.16999816894531,100.91999816894531,99.87999725341797,100.16999816894531,235500
2016-06-01,97.73999786376953,100.12999725341797,95.91999816894531,100.0,190000
2016-06-02,99.41000366210938,100.38999938964844,99.13999938964844,100.29000091552734,207000
2016-06-03,99.87000274658203,101.5999984741211,98.01000213623047,99.23999786376953,203400
2016-06-06,99.2300033569336,100.6500015258789,97.87999725341797,100.2699966430664,112100
2016-06-07,100.61000061035156,101.7699966430664,99.55999755859375,99.83999633789062,215000
2016-06-08,99.83000183105469,100.51000213623047,96.06999969482422,96.2699966430664,348600
2016-06-09,95.73999786376953,96.75,94.83000183105469,95.22000122070312,149400
2016-06-10,94.62999725341797,94.73999786376953,92.8499984741211,93.27999877929688,164200
2016-06-13,92.8499984741211,93.8499984741211,91.83000183105469,92.16000366210938,155500
2016-06-14,91.79000091552734,94.31999969482422,91.08000183105469,93.97000122070312,155000
2016-06-15,92.22000122070312,95.4800033569336,92.22000122070312,94.11000061035156,243500
2016-06-16,93.16999816894531,94.98999786376953,91.88999938964844,94.73999786376953,194000
2016-06-17,94.79000091552734,95.23999786376953,92.9800033569336,93.37999725341797,259000
2016-06-20,94.43000030517578,96.4800033569336,94.12000274658203,95.22000122070312,199200
2016-06-21,95.47000122070312,96.81999969482422,94.75,94.91999816894531,306400
2016-06-22,95.25,96.48999786376953,94.72000122070312,95.30999755859375,177000
2016-06-23,96.38999938964844,99.61000061035156,95.88999938964844,97.98999786376953,349000
2016-06-24,93.41999816894531,96.69999694824219,91.6500015258789,93.16999816894531,1131400
2016-06-27,91.83000183105469,92.12000274658203,88.66000366210938,90.48999786376953,548400
2016-06-28,91.5,91.63999938964844,88.69999694824219,89.0999984741211,352400
2016-06-29,89.93000030517578,91.4800033569336,89.69999694824219,90.9800033569336,252900
2016-06-30,90.9000015258789,92.5999984741211,89.4800033569336,92.4800033569336,392600
2016-07-01,92.7300033569336,93.43000030517578,91.33000183105469,91.87000274658203,221400
2016-07-05,91.30000305175781,91.30999755859375,89.51000213623047,90.98999786376953,230400
2016-07-06,90.3499984741211,92.73999786376953,90.1500015258789,92.23999786376953,151100
2016-07-07,92.30000305175781,92.62000274658203,91.27999877929688,92.06999969482422,142600
2016-07-08,92.7300033569336,96.29000091552734,92.19999694824219,95.77999877929688,504500
2016-07-11,96.4800033569336,97.0,95.7300033569336,96.62000274658203,145900
2016-07-12,97.2699966430664,98.58999633789062,96.87000274658203,97.66000366210938,265600
2016-07-13,98.2300033569336,98.72000122070312,97.16000366210938,97.62000274658203,111900
2016-07-14,98.3499984741211,99.0,96.05999755859375,97.5199966430664,92400
2016-07-15,98.16000366210938,98.5,96.75,97.11000061035156,82500
2016-07-18,97.31999969482422,98.79000091552734,97.31999969482422,98.12000274658203,83900
2016-07-19,97.80000305175781,98.80999755859375,97.6500015258789,97.88999938964844,71600
2016-07-20,98.52999877929688,99.44999694824219,97.94999694824219,99.05999755859375,155500
2016-07-21,99.0199966430664,100.25,98.4000015258789,99.0199966430664,186000
2016-07-22,99.0199966430664,99.66999816894531,98.22000122070312,98.7699966430664,241600
2016-07-25,98.4000015258789,98.44999694824219,96.80000305175781,96.98999786376953,202900
2016-07-26,97.2699966430664,98.11000061035156,94.87999725341797,95.7300033569336,303200
2016-07-27,96.05999755859375,96.48999786376953,94.05000305175781,94.25,307900
2016-07-28,90.16000366210938,95.27999877929688,88.30999755859375,93.06999969482422,851500
2016-07-29,92.66999816894531,95.63999938964844,91.41999816894531,94.80000305175781,497500
2016-08-01,95.08000183105469,96.06999969482422,93.88999938964844,95.25,317200
2016-08-02,95.04000091552734,95.66999816894531,92.9800033569336,93.12999725341797,231900
2016-08-03,93.16000366210938,94.02999877929688,92.13999938964844,93.11000061035156,169100
2016-08-04,93.1500015258789,95.33000183105469,93.0,95.0,445400
2016-08-05,95.41000366210938,96.08999633789062,94.33999633789062,94.66999816894531,424700
2016-08-08,94.4800033569336,96.08999633789062,94.22000122070312,95.69000244140625,172900
2016-08-09,95.52999877929688,97.66000366210938,95.0999984741211,96.52999877929688,370800
2016-08-10,96.77999877929688,97.9000015258789,95.5199966430664,96.55999755859375,101000
2016-08-11,96.7300033569336,97.80999755859375,94.5999984741211,96.13999938964844,259800
2016-08-12,95.73999786376953,96.43000030517578,95.23999786376953,96.3499984741211,129600
2016-08-15,96.38999938964844,98.25,96.08000183105469,97.7300033569336,186700
2016-08-16,97.2300033569336,97.93000030517578,96.58000183105469,96.62999725341797,147400
2016-08-17,96.5199966430664,97.41000366210938,95.66999816894531,96.23999786376953,116600
2016-08-18,96.30000305175781,97.0999984741211,95.36000061035156,96.33000183105469,149400
2016-08-19,95.94000244140625,97.44999694824219,95.26000213623047,97.04000091552734,168200
2016-08-22,96.61000061035156,97.8499984741211,96.23999786376953,97.83999633789062,136100
2016-08-23,97.91000366210938,98.94999694824219,97.87000274658203,98.61000061035156,145100
2016-08-24,98.6500015258789,98.6500015258789,97.62000274658203,98.20999908447266,104000
2016-08-25,97.91000366210938,98.80000305175781,97.63999938964844,98.5,88200
2016-08-26,98.72000122070312,99.44000244140625,97.58000183105469,97.98999786376953,142500
2016-08-29,98.41999816894531,99.3499984741211,97.9000015258789,98.2699966430664,62000
2016-08-30,98.31999969482422,99.0,98.05999755859375,98.88999938964844,73700
2016-08-31,98.66000366210938,99.48999786376953,97.80999755859375,99.2699966430664,121100
2016-09-01,99.6500015258789,100.37999725341797,98.12999725341797,99.7699966430664,166500
2016-09-02,99.9800033569336,101.0,98.75,100.0,143500
2016-09-06,100.0,100.9800033569336,99.5199966430664,100.16000366210938,205000
2016-09-07,99.9000015258789,100.26000213623047,99.02999877929688,100.0,95200
2016-09-08,99.83999633789062,100.16000366210938,99.33999633789062,99.51000213623047,102400
2016-09-09,98.47000122070312,99.47000122070312,96.52999877929688,96.68000030517578,198700
2016-09-12,96.11000061035156,98.80000305175781,95.01000213623047,98.77999877929688,111300
2016-09-13,97.91999816894531,98.8499984741211,97.62000274658203,98.55999755859375,134500
2016-09-14,98.66999816894531,98.94000244140625,97.37999725341797,98.55999755859375,135700
2016-09-15,98.68000030517578,99.48999786376953,96.0199966430664,99.0,119800
2016-09-16,99.05000305175781,99.76000213623047,98.2699966430664,99.16999816894531,158900
2016-09-19,99.48999786376953,100.41999816894531,98.91999816894531,99.9800033569336,113900
2016-09-20,99.9800033569336,100.8499984741211,99.4000015258789,99.81999969482422,110000
2016-09-21,99.94999694824219,100.68000030517578,99.62000274658203,99.9800033569336,135000
2016-09-22,100.87000274658203,101.75,100.3499984741211,100.76000213623047,144900
2016-09-23,100.8499984741211,101.08000183105469,100.05999755859375,100.30000305175781,96900
2016-09-26,99.87000274658203,102.63999938964844,99.61000061035156,102.06999969482422,143600
2016-09-27,102.06999969482422,103.5,101.8499984741211,103.16999816894531,93200
2016-09-28,103.31999969482422,104.18000030517578,101.8499984741211,102.8499984741211,62400
2016-09-29,102.66000366210938,102.7300033569336,99.43000030517578,100.22000122070312,118800
2016-09-30,100.83999633789062,102.16000366210938,99.98999786376953,101.18000030517578,105300
2016-10-03,101.27999877929688,102.23999786376953,100.36000061035156,101.75,235000
2016-10-04,101.80999755859375,102.94999694824219,99.80999755859375,100.08000183105469,104400
2016-10-05,100.44000244140625,101.0999984741211,99.20999908447266,99.45999908447266,88700
2016-10-06,99.54000091552734,99.83999633789062,98.41999816894531,99.33999633789062,168000
2016-10-07,99.48999786376953,99.48999786376953,97.62000274658203,98.41000366210938,129200
2016-10-10,98.8499984741211,100.8499984741211,98.48999786376953,100.0999984741211,139300
2016-10-11,99.80000305175781,100.80000305175781,99.52999877929688,100.47000122070312,176000
2016-10-12,100.5999984741211,102.68000030517578,99.30999755859375,99.3499984741211,164000
2016-10-13,98.58999633789062,98.83000183105469,96.44999694824219,97.0,250700
2016-10-14,97.19999694824219,98.12999725341797,95.12000274658203,95.27999877929688,193600
2016-10-17,95.08999633789062,96.01000213623047,94.73999786376953,94.87999725341797,222400
2016-10-18,95.62000274658203,96.48999786376953,94.73999786376953,94.80000305175781,160500
2016-10-19,94.97000122070312,95.63999938964844,94.45999908447266,94.91999816894531,145500
2016-10-20,94.8499984741211,95.51000213623047,94.4000015258789,94.47000122070312,118700
2016-10-21,94.0999984741211,96.0999984741211,93.61000061035156,95.83000183105469,103500
2016-10-24,96.23999786376953,97.33000183105469,94.48999786376953,97.02999877929688,191100
2016-10-25,97.5,97.5,95.51000213623047,95.63999938964844,79800
2016-10-26,95.37999725341797,97.4000015258789,95.37999725341797,97.20999908447266,309300
2016-10-27,92.13999938964844,92.13999938964844,80.47000122070312,83.22000122070312,2388600
2016-10-28,83.22000122070312,86.6500015258789,82.0999984741211,82.54000091552734,845800
2016-10-31,83.55000305175781,85.11000061035156,83.08000183105469,83.25,563100
2016-11-01,83.04000091552734,83.2699966430664,81.05999755859375,81.22000122070312,591200
2016-11-02,81.0,83.55000305175781,81.0,83.19000244140625,317500
2016-11-03,83.51000213623047,84.2300033569336,82.87999725341797,84.0,221400
2016-11-04,84.37000274658203,86.2699966430664,83.87999725341797,84.55000305175781,234100
2016-11-07,85.88999938964844,86.58999633789062,84.12000274658203,84.73999786376953,344600
2016-11-08,84.76000213623047,86.77999877929688,84.2300033569336,84.33999633789062,394200
2016-11-09,83.36000061035156,87.37999725341797,82.44000244140625,87.13999938964844,555500
2016-11-10,87.76000213623047,88.81999969482422,85.83000183105469,87.98999786376953,364700
2016-11-11,87.79000091552734,90.05000305175781,87.19000244140625,87.87999725341797,298100
2016-11-14,88.55000305175781,89.70999908447266,85.36000061035156,85.97000122070312,418600
2016-11-15,86.19999694824219,88.16999816894531,82.86000061035156,83.29000091552734,424100
2016-11-16,82.94999694824219,86.11000061035156,81.9800033569336,85.61000061035156,433500
2016-11-17,86.25,86.33999633789062,85.30999755859375,85.86000061035156,239700
2016-11-18,85.9000015258789,86.20999908447266,84.5999984741211,85.16999816894531,178000
2016-11-21,85.91999816894531,86.0,84.91999816894531,85.77999877929688,172500
2016-11-22,85.79000091552734,86.9800033569336,84.29000091552734,86.31999969482422,253800
2016-11-23,85.80000305175781,87.16999816894531,85.05999755859375,87.01000213623047,267400
2016-11-25,87.25,87.25,85.5199966430664,86.55000305175781,99500
2016-11-28,86.12000274658203,87.6500015258789,85.9800033569336,87.1500015258789,240700
2016-11-29,87.66999816894531,88.56999969482422,87.2300033569336,87.9800033569336,247800
2016-11-30,88.66999816894531,89.5,86.55999755859375,86.94999694824219,266300
2016-12-01,86.8499984741211,87.94999694824219,82.56999969482422,83.18000030517578,188000
2016-12-02,83.36000061035156,85.91000366210938,82.48999786376953,84.45999908447266,282400
2016-12-05,85.05999755859375,86.47000122070312,84.88999938964844,85.6500015258789,124400
2016-12-06,85.6500015258789,87.52999877929688,85.6500015258789,87.38999938964844,135400
2016-12-07,87.37999725341797,89.95999908447266,87.25,89.9000015258789,223300
2016-12-08,89.52999877929688,91.76000213623047,88.98999786376953,91.02999877929688,233500
2016-12-09,91.22000122070312,92.55999755859375,89.31999969482422,91.58000183105469,187300
2016-12-12,91.70999908447266,92.52999877929688,91.13999938964844,91.80000305175781,171500
2016-12-13,92.37999725341797,94.41999816894531,92.0,94.30999755859375,190000
2016-12-14,94.41000366210938,94.6500015258789,92.33000183105469,92.47000122070312,173100
2016-12-15,92.44999694824219,94.01000213623047,91.37000274658203,92.81999969482422,152200
2016-12-16,93.30000305175781,94.12000274658203,92.37000274658203,93.5,228400
2016-12-19,93.38999938964844,94.30999755859375,92.44000244140625,93.31999969482422,308100
2016-12-20,93.58000183105469,93.88999938964844,92.44000244140625,93.08000183105469,127600
2016-12-21,93.08000183105469,93.83000183105469,91.87999725341797,92.33000183105469,245900
2016-12-22,92.25,93.33000183105469,90.0,90.12000274658203,134800
2016-12-23,90.31999969482422,91.2300033569336,90.0,91.20999908447266,83200
2016-12-27,91.22000122070312,93.0,91.22000122070312,92.30999755859375,83000
2016-12-28,92.11000061035156,93.4000015258789,92.11000061035156,92.91999816894531,167200
2016-12-29,93.16999816894531,93.44999694824219,91.8499984741211,92.93000030517578,92300
2016-12-30,93.19000244140625,94.86000061035156,91.31999969482422,91.61000061035156,144200
2017-01-03,92.30000305175781,93.80999755859375,91.79000091552734,93.30999755859375,230600
2017-01-04,93.6500015258789,94.25,93.5,93.9800033569336,213100
2017-01-05,93.94000244140625,96.66999816894531,92.88999938964844,96.37000274658203,343800
2017-01-06,96.12000274658203,97.83000183105469,95.70999908447266,96.30000305175781,247700
2017-01-09,96.36000061035156,97.0999984741211,94.91999816894531,95.2300033569336,176400
2017-01-10,94.95999908447266,96.41000366210938,94.52999877929688,95.62999725341797,116200
2017-01-11,95.27999877929688,96.2300033569336,94.2300033569336,95.5999984741211,108700
2017-01-12,95.36000061035156,95.4800033569336,93.79000091552734,94.95999908447266,229500
2017-01-13,95.27999877929688,97.18000030517578,94.83999633789062,96.66000366210938,239100
2017-01-17,96.80999755859375,97.2699966430664,94.80000305175781,95.0199966430664,155800
2017-01-18,95.26000213623047,96.08000183105469,94.66000366210938,95.19000244140625,210300
2017-01-19,95.22000122070312,96.43000030517578,94.20999908447266,94.4800033569336,216500
2017-01-20,94.47000122070312,95.41000366210938,93.79000091552734,95.19000244140625,147700
2017-01-23,95.02999877929688,96.69000244140625,94.4000015258789,95.02999877929688,193400
2017-01-24,95.19000244140625,98.30000305175781,95.19000244140625,97.81999969482422,284900
2017-01-25,98.86000061035156,99.98999786376953,97.08000183105469,98.16999816894531,478200
2017-01-26,88.25,88.25,85.0999984741211,86.56999969482422,2149100
2017-01-27,86.23999786376953,89.08000183105469,85.83000183105469,86.0999984741211,826000
2017-01-30,86.05999755859375,86.52999877929688,85.0999984741211,85.56999969482422,348200
2017-01-31,85.23999786376953,85.9000015258789,83.41000366210938,84.38999938964844,391900
2017-02-01,84.38999938964844,84.58000183105469,82.86000061035156,83.62000274658203,396700
2017-02-02,84.5999984741211,84.87000274658203,82.73999786376953,83.56999969482422,338200
2017-02-03,83.9800033569336,85.75,82.98999786376953,84.43000030517578,249500
2017-02-06,84.12000274658203,84.54000091552734,83.05000305175781,84.3499984741211,222500
2017-02-07,84.51000213623047,85.16000366210938,83.79000091552734,84.94999694824219,210200
2017-02-08,84.87000274658203,85.08000183105469,83.68000030517578,83.95999908447266,147500
2017-02-09,83.91999816894531,84.69000244140625,83.5999984741211,83.7300033569336,188700
2017-02-10,83.66000366210938,85.58999633789062,83.52999877929688,84.69000244140625,206500
2017-02-13,85.1500015258789,85.58999633789062,83.83000183105469,83.94000244140625,72300
2017-02-14,83.72000122070312,84.0999984741211,83.6500015258789,83.91999816894531,162300
2017-02-15,83.5,84.13999938964844,83.33000183105469,83.76000213623047,252500
2017-02-16,84.0999984741211,84.62999725341797,82.6500015258789,83.18000030517578,268900
2017-02-17,82.72000122070312,84.44000244140625,82.55999755859375,83.77999877929688,281200
2017-02-21,83.77999877929688,84.51000213623047,82.88999938964844,83.69999694824219,152100
2017-02-22,83.55000305175781,84.0,83.20999908447266,83.38999938964844,146900
2017-02-23,83.58999633789062,84.12999725341797,82.8499984741211,83.44000244140625,213600
2017-02-24,83.1500015258789,83.54000091552734,82.62999725341797,83.22000122070312,194600
2017-02-27,83.04000091552734,83.12999725341797,81.08999633789062,81.43000030517578,376000
2017-02-28,81.33000183105469,82.33000183105469,79.66999816894531,80.20999908447266,495100
2017-03-01,80.76000213623047,81.81999969482422,79.62999725341797,81.80999755859375,301700
2017-03-02,81.76000213623047,81.76000213623047,80.54000091552734,80.62000274658203,171300
2017-03-03,80.68000030517578,80.94999694824219,79.91000366210938,80.38999938964844,101400
2017-03-06,80.0,80.18000030517578,79.30000305175781,79.69999694824219,232200
2017-03-07,79.55999755859375,80.33999633789062,79.1500015258789,79.80000305175781,177600
2017-03-08,80.20999908447266,81.19999694824219,80.0,80.76000213623047,181200
2017-03-09,80.91999816894531,81.7300033569336,80.55000305175781,81.37999725341797,183600
2017-03-10,81.33000183105469,82.38999938964844,81.01000213623047,82.27999877929688,167400
2017-03-13,82.30999755859375,83.5199966430664,82.30999755859375,83.02999877929688,129800
2017-03-14,83.0,83.11000061035156,82.2300033569336,82.76000213623047,134800
2017-03-15,83.11000061035156,83.63999938964844,82.38999938964844,83.5199966430664,89400
2017-03-16,83.75,85.61000061035156,83.54000091552734,83.98999786376953,80800
2017-03-17,83.47000122070312,85.12000274658203,83.08000183105469,84.87999725341797,234400
2017-03-20,84.83999633789062,85.06999969482422,81.86000061035156,84.94000244140625,106900
2017-03-21,85.47000122070312,85.47000122070312,83.55000305175781,83.62999725341797,193900
2017-03-22,83.43000030517578,84.75,81.7300033569336,82.0199966430664,160900
2017-03-23,81.87999725341797,82.68000030517578,80.76000213623047,82.18000030517578,96300
2017-03-24,82.33999633789062,83.4000015258789,80.95999908447266,82.8499984741211,89300
2017-03-27,82.20999908447266,83.9000015258789,80.9800033569336,83.5999984741211,107500
2017-03-28,83.44999694824219,84.12000274658203,82.80999755859375,83.56999969482422,106400
2017-03-29,83.4000015258789,84.55999755859375,83.29000091552734,84.47000122070312,118800
2017-03-30,84.43000030517578,85.44999694824219,84.05000305175781,85.18000030517578,92500
2017-03-31,85.41000366210938,86.63999938964844,84.81999969482422,86.19000244140625,193900
2017-04-03,86.23999786376953,87.9000015258789,85.97000122070312,86.5,260600
2017-04-04,86.37999725341797,87.37000274658203,85.5,86.95999908447266,217000
2017-04-05,86.94000244140625,87.83000183105469,86.30000305175781,86.98999786376953,268900
2017-04-06,87.33999633789062,87.61000061035156,83.6500015258789,87.58000183105469,233700
2017-04-07,87.54000091552734,88.54000091552734,87.08999633789062,88.2300033569336,115300
2017-04-10,88.31999969482422,89.06999969482422,87.8499984741211,88.29000091552734,89400
2017-04-11,88.26000213623047,89.48999786376953,81.06999969482422,88.38999938964844,198000
2017-04-12,88.13999938964844,88.13999938964844,86.29000091552734,86.44000244140625,246200
2017-04-13,86.19000244140625,87.31999969482422,85.68000030517578,85.9000015258789,133700
2017-04-17,86.16999816894531,89.3499984741211,84.2300033569336,86.51000213623047,108800
2017-04-18,86.11000061035156,88.9000015258789,84.73999786376953,86.2300033569336,219600
2017-04-19,85.87999725341797,87.37999725341797,85.87999725341797,86.05999755859375,225500
2017-04-20,86.22000122070312,87.41999816894531,85.94999694824219,87.1500015258789,166800
2017-04-21,86.86000061035156,88.0,86.27999877929688,87.23999786376953,284800
2017-04-24,88.37999725341797,88.55999755859375,86.52999877929688,86.87999725341797,89300
2017-04-25,87.48999786376953,87.48999786376953,85.16999816894531,86.31999969482422,261000
2017-04-26,86.33000183105469,86.94999694824219,85.55000305175781,86.25,479800
2017-04-27,82.7699966430664,86.7699966430664,78.80000305175781,85.16000366210938,1074500
2017-04-28,84.91000366210938,86.04000091552734,81.0,82.08000183105469,639800
2017-05-01,82.08000183105469,84.37000274658203,81.4800033569336,83.01000213623047,192700
2017-05-02,83.29000091552734,84.58999633789062,83.29000091552734,84.13999938964844,186200
2017-05-03,84.16999816894531,85.0999984741211,83.6500015258789,84.27999877929688,231700
2017-05-04,84.38999938964844,85.44999694824219,84.12000274658203,84.73999786376953,111600
2017-05-05,85.5,85.9800033569336,83.3499984741211,85.2699966430664,117100
2017-05-08,85.08000183105469,85.4800033569336,84.52999877929688,85.04000091552734,115900
2017-05-09,84.94000244140625,85.56999969482422,83.2699966430664,85.20999908447266,134800
2017-05-10,85.5,86.33000183105469,85.12999725341797,85.76000213623047,147500
2017-05-11,85.45999908447266,86.16000366210938,84.5199966430664,85.26000213623047,124500
2017-05-12,85.1500015258789,85.80000305175781,84.7699966430664,85.5,127600
2017-05-15,85.8499984741211,86.98999786376953,85.8499984741211,86.54000091552734,96800
2017-05-16,86.8499984741211,87.37000274658203,86.31999969482422,86.87999725341797,156700
2017-05-17,86.11000061035156,88.0999984741211,85.68000030517578,86.22000122070312,273600
2017-05-18,86.16000366210938,87.12999725341797,85.61000061035156,86.58999633789062,116900
2017-05-19,86.81999969482422,87.86000061035156,86.19999694824219,86.80999755859375,196200
2017-05-22,87.0,88.30000305175781,86.83000183105469,87.5999984741211,107800
2017-05-23,88.0999984741211,89.83999633789062,87.44000244140625,89.77999877929688,161200
2017-05-24,89.95999908447266,90.88999938964844,89.30000305175781,90.44999694824219,154500
2017-05-25,90.5,91.0,90.13999938964844,90.22000122070312,160300
2017-05-26,90.08999633789062,91.1500015258789,89.68000030517578,90.20999908447266,115300
2017-05-30,89.97000122070312,90.5,89.05999755859375,89.30000305175781,135400
2017-05-31,89.52999877929688,90.2300033569336,87.6500015258789,88.33999633789062,159800
2017-06-01,88.5,91.31999969482422,88.5,90.97000122070312,220200
2017-06-02,91.83999633789062,91.94000244140625,90.98999786376953,91.43000030517578,250000
2017-06-05,91.4800033569336,92.38999938964844,91.01000213623047,91.0199966430664,121000
2017-06-06,91.20999908447266,91.69999694824219,89.80000305175781,90.2699966430664,100600
2017-06-07,90.37999725341797,90.37999725341797,89.30999755859375,89.55999755859375,85900
2017-06-08,89.58999633789062,90.30000305175781,88.76000213623047,89.86000061035156,110200
2017-06-09,90.12999725341797,91.87999725341797,89.20999908447266,90.20999908447266,154700
2017-06-12,90.0,91.69999694824219,88.94000244140625,91.62999725341797,167100
2017-06-13,91.8499984741211,92.9800033569336,91.8499984741211,92.38999938964844,184300
2017-06-14,92.45999908447266,94.47000122070312,91.62999725341797,92.41000366210938,253600
2017-06-15,92.4000015258789,93.69999694824219,90.5199966430664,93.05000305175781,334300
2017-06-16,92.41999816894531,93.30000305175781,91.29000091552734,91.48999786376953,219400
2017-06-19,91.75,92.37000274658203,91.33000183105469,92.0,90500
2017-06-20,91.69999694824219,92.19999694824219,90.75,91.37999725341797,87300
2017-06-21,91.44999694824219,91.69999694824219,90.77999877929688,91.0199966430664,117600
2017-06-22,91.0999984741211,91.7300033569336,90.55000305175781,90.97000122070312,90100
2017-06-23,90.79000091552734,92.20999908447266,90.79000091552734,91.69000244140625,225500
2017-06-26,91.97000122070312,93.08000183105469,90.43000030517578,91.1500015258789,203300
2017-06-27,91.12999725341797,92.23999786376953,90.86000061035156,91.37000274658203,160900
2017-06-28,91.7300033569336,92.20999908447266,90.6500015258789,92.1500015258789,168700
2017-06-29,92.30000305175781,92.47000122070312,91.05999755859375,92.08999633789062,162900
2017-06-30,92.2300033569336,95.0,91.47000122070312,94.52999877929688,276400
2017-07-03,94.56999969482422,94.98999786376953,90.66999816894531,94.01000213623047,128400
2017-07-05,94.0199966430664,94.5999984741211,92.69999694824219,94.05999755859375,104500
2017-07-06,93.63999938964844,94.63999938964844,93.19000244140625,93.69000244140625,142300
2017-07-07,93.7300033569336,95.55000305175781,93.30000305175781,95.31999969482422,188300
2017-07-10,95.48999786376953,95.9000015258789,94.87000274658203,95.27999877929688,162200
2017-07-11,95.2699966430664,97.88999938964844,95.05999755859375,97.19000244140625,273300
2017-07-12,97.5999984741211,98.33000183105469,94.83999633789062,95.27999877929688,200800
2017-07-13,95.27999877929688,96.3499984741211,94.58000183105469,94.83999633789062,112500
2017-07-14,94.93000030517578,97.08999633789062,94.38999938964844,95.27999877929688,153200
2017-07-17,95.1500015258789,95.4000015258789,93.37999725341797,93.69999694824219,233000
2017-07-18,93.77999877929688,95.18000030517578,92.2300033569336,95.05000305175781,143900
2017-07-19,95.04000091552734,95.9000015258789,93.87999725341797,94.06999969482422,167300
2017-07-20,94.05999755859375,95.2300033569336,93.83999633789062,94.2699966430664,140000
2017-07-21,94.70999908447266,94.83000183105469,92.88999938964844,93.05999755859375,233600
2017-07-24,93.06999969482422,93.66000366210938,91.1500015258789,92.13999938964844,293500
2017-07-25,92.70999908447266,93.66999816894531,90.69999694824219,91.83999633789062,359700
2017-07-26,91.79000091552734,94.08000183105469,91.30999755859375,93.38999938964844,422300
2017-07-27,80.61000061035156,90.87000274658203,80.61000061035156,87.1500015258789,1378300
2017-07-28,86.9000015258789,87.94000244140625,84.27999877929688,87.08999633789062,584400
2017-07-31,87.19000244140625,89.33999633789062,86.98999786376953,88.23999786376953,386200
2017-08-01,88.45999908447266,90.31999969482422,86.94000244140625,90.05000305175781,309300
2017-08-02,89.93000030517578,90.48999786376953,88.77999877929688,90.33999633789062,210100
2017-08-03,90.38999938964844,91.7699966430664,90.08999633789062,91.4800033569336,203000
2017-08-04,91.75,92.06999969482422,90.41999816894531,90.45999908447266,173300
2017-08-07,90.52999877929688,92.16999816894531,89.2699966430664,89.4800033569336,132100
2017-08-08,89.45999908447266,90.73999786376953,88.2699966430664,88.4800033569336,170300
2017-08-09,88.16000366210938,89.97000122070312,87.36000061035156,87.87000274658203,250400
2017-08-10,87.61000061035156,88.37999725341797,86.73999786376953,86.87999725341797,250300
2017-08-11,86.93000030517578,88.44999694824219,86.93000030517578,88.12999725341797,140600
2017-08-14,88.66999816894531,90.94999694824219,88.66999816894531,90.30999755859375,143900
2017-08-15,90.44000244140625,91.19999694824219,89.72000122070312,90.16999816894531,121600
2017-08-16,90.0,91.13999938964844,89.52999877929688,89.94999694824219,128200
2017-08-17,89.5999984741211,90.16000366210938,87.55999755859375,87.75,219700
2017-08-18,87.4000015258789,89.2300033569336,87.4000015258789,88.56999969482422,170800
2017-08-21,88.43000030517578,89.36000061035156,87.9000015258789,88.91999816894531,183800
2017-08-22,89.26000213623047,90.9800033569336,89.0199966430664,90.73999786376953,104000
2017-08-23,90.08999633789062,90.95999908447266,89.29000091552734,89.73999786376953,121500
2017-08-24,89.91999816894531,90.81999969482422,89.66000366210938,89.73999786376953,81700
2017-08-25,89.79000091552734,90.33999633789062,88.77999877929688,90.0,92300
2017-08-28,89.98999786376953,90.76000213623047,89.5199966430664,90.70999908447266,135800
2017-08-29,90.2699966430664,91.41999816894531,89.87999725341797,91.2699966430664,90100
2017-08-30,91.19000244140625,92.05000305175781,90.9000015258789,91.86000061035156,88000
2017-08-31,92.30000305175781,93.63999938964844,91.68000030517578,92.44000244140625,199200
2017-09-01,92.45999908447266,94.80999755859375,92.01000213623047,93.69999694824219,172800
2017-09-05,93.4800033569336,94.45999908447266,92.0999984741211,92.56999969482422,118600
2017-09-06,92.81999969482422,94.04000091552734,92.31999969482422,93.76000213623047,91400
2017-09-07,94.25,94.69999694824219,93.16000366210938,93.87999725341797,115800
2017-09-08,93.75,94.94000244140625,93.37999725341797,94.77999877929688,140300
2017-09-11,95.0,95.9800033569336,94.22000122070312,94.45999908447266,136500
2017-09-12,94.95999908447266,96.81999969482422,94.16000366210938,95.93000030517578,201600
2017-09-13,95.70999908447266,96.36000061035156,93.26000213623047,94.01000213623047,163700
2017-09-14,93.88999938964844,94.9000015258789,93.30999755859375,94.0999984741211,119500
2017-09-15,94.16999816894531,94.4800033569336,93.19999694824219,93.6500015258789,251400
2017-09-18,95.63999938964844,98.87999725341797,95.29000091552734,97.0,380400
2017-09-19,97.20999908447266,99.51000213623047,96.9000015258789,99.45999908447266,201100
2017-09-20,99.06999969482422,99.98999786376953,97.11000061035156,98.44000244140625,222100
2017-09-21,98.44999694824219,98.94999694824219,96.44000244140625,98.18000030517578,94200
2017-09-22,98.13999938964844,99.30999755859375,94.93000030517578,98.25,111500
2017-09-25,97.8499984741211,98.73999786376953,95.79000091552734,95.9800033569336,197800
2017-09-26,96.25,97.23999786376953,95.44999694824219,96.29000091552734,148300
2017-09-27,96.58999633789062,98.91999816894531,95.6500015258789,97.9000015258789,134000
2017-09-28,97.80999755859375,99.01000213623047,97.6500015258789,98.26000213623047,116400
2017-09-29,98.33000183105469,98.94000244140625,97.44000244140625,97.66000366210938,160600
2017-10-02,98.04000091552734,101.08999633789062,98.0,100.5,463500
2017-10-03,100.47000122070312,101.70999908447266,100.11000061035156,100.98999786376953,195200
2017-10-04,100.98999786376953,101.54000091552734,99.47000122070312,101.27999877929688,144200
2017-10-05,101.62000274658203,102.58999633789062,100.70999908447266,101.87999725341797,204000
2017-10-06,101.25,103.68000030517578,101.06999969482422,103.2300033569336,231300
2017-10-09,103.22000122070312,106.9800033569336,102.44999694824219,104.31999969482422,367600
2017-10-10,104.9800033569336,105.27999877929688,100.56999969482422,100.77999877929688,249400
2017-10-11,100.79000091552734,101.44000244140625,99.01000213623047,100.80999755859375,102100
2017-10-12,100.55000305175781,102.68000030517578,100.16999816894531,102.5999984741211,137800
2017-10-13,102.81999969482422,105.3499984741211,102.58000183105469,104.44000244140625,131900
2017-10-16,104.5199966430664,105.41999816894531,103.70999908447266,105.19000244140625,129500
2017-10-17,105.2699966430664,106.88999938964844,103.25,106.76000213623047,323900
2017-10-18,107.36000061035156,108.80999755859375,106.87999725341797,107.88999938964844,188800
2017-10-19,107.13999938964844,108.37999725341797,106.61000061035156,107.80000305175781,197600
2017-10-20,108.04000091552734,108.41000366210938,106.81999969482422,107.9800033569336,260900
2017-10-23,108.18000030517578,108.7300033569336,107.44000244140625,108.2699966430664,198700
2017-10-24,108.37999725341797,109.2300033569336,107.43000030517578,107.75,182800
2017-10-25,107.4000015258789,108.12999725341797,103.11000061035156,107.0999984741211,180200
2017-10-26,107.37999725341797,108.13999938964844,105.19999694824219,108.0,120600
2017-10-27,108.63999938964844,109.1500015258789,107.43000030517578,108.56999969482422,175200
2017-10-30,108.51000213623047,109.18000030517578,107.61000061035156,109.0,156900
2017-10-31,109.1500015258789,109.91999816894531,108.5999984741211,109.13999938964844,296000
2017-11-01,110.0,110.0,104.06999969482422,109.37000274658203,516100
2017-11-02,115.0,121.05999755859375,109.63999938964844,117.5,812800
2017-11-03,117.38999938964844,120.0999984741211,115.58999633789062,119.12000274658203,706600
2017-11-06,118.5,119.83000183105469,114.55000305175781,118.9000015258789,473200
2017-11-07,119.06999969482422,119.62999725341797,117.77999877929688,119.0,155000
2017-11-08,118.43000030517578,119.5,117.95999908447266,118.97000122070312,184100
2017-11-09,117.98999786376953,118.79000091552734,116.7300033569336,118.63999938964844,115700
2017-11-10,118.43000030517578,119.7699966430664,117.87999725341797,119.16000366210938,185400
2017-11-13,118.94000244140625,119.62000274658203,118.31999969482422,119.41999816894531,190900
2017-11-14,119.23999786376953,120.33999633789062,118.77999877929688,120.05000305175781,165800
2017-11-15,119.30999755859375,119.66999816894531,118.33000183105469,118.69000244140625,202000
2017-11-16,118.68000030517578,119.75,118.26000213623047,119.08000183105469,196400
2017-11-17,118.5,122.33000183105469,118.5,122.16999816894531,362400
2017-11-20,122.19999694824219,123.7699966430664,119.91000366210938,122.12999725341797,173500
2017-11-21,122.08999633789062,122.4800033569336,121.54000091552734,122.0199966430664,147800
2017-11-22,122.05000305175781,122.55000305175781,121.01000213623047,121.38999938964844,91500
2017-11-24,121.41999816894531,123.33999633789062,119.55999755859375,122.93000030517578,78000
2017-11-27,122.5199966430664,122.93000030517578,121.38999938964844,122.08000183105469,139200
2017-11-28,122.95999908447266,123.05999755859375,121.0199966430664,122.44000244140625,175800
2017-11-29,122.52999877929688,122.9800033569336,119.72000122070312,121.43000030517578,166200
2017-11-30,121.97000122070312,122.43000030517578,121.20999908447266,121.80000305175781,200700
2017-12-01,121.6500015258789,122.30000305175781,117.76000213623047,122.01000213623047,141500
2017-12-04,122.77999877929688,123.58000183105469,120.30999755859375,121.87000274658203,176200
2017-12-05,121.80999755859375,123.93000030517578,121.1500015258789,122.68000030517578,244100
2017-12-06,122.5199966430664,123.75,122.05999755859375,122.66999816894531,112400
2017-12-07,123.05000305175781,123.94999694824219,121.98999786376953,122.01000213623047,141000
2017-12-08,123.05000305175781,123.05000305175781,119.7699966430664,119.81999969482422,137200
2017-12-11,119.95999908447266,121.23999786376953,119.72000122070312,119.95999908447266,235400
2017-12-12,120.0,120.0,116.0999984741211,116.69000244140625,291900
2017-12-13,117.27999877929688,119.61000061035156,117.27999877929688,118.83999633789062,212500
2017-12-14,118.91000366210938,119.88999938964844,116.81999969482422,118.08999633789062,247300
2017-12-15,118.16000366210938,120.97000122070312,118.16000366210938,120.43000030517578,280700
2017-12-18,121.2699966430664,121.81999969482422,119.58999633789062,121.04000091552734,172600
2017-12-19,121.02999877929688,121.95999908447266,118.04000091552734,118.9000015258789,138700
2017-12-20,119.47000122070312,120.33000183105469,117.80000305175781,118.58999633789062,164100
2017-12-21,118.61000061035156,119.95999908447266,118.37000274658203,119.22000122070312,87700
2017-12-22,119.13999938964844,119.63999938964844,117.22000122070312,117.52999877929688,71700
2017-12-26,117.41999816894531,118.04000091552734,116.81999969482422,117.7699966430664,76700
2017-12-27,117.9800033569336,118.61000061035156,116.86000061035156,117.37000274658203,102600
2017-12-28,117.56999969482422,119.61000061035156,117.2699966430664,119.54000091552734,109400
2017-12-29,119.80999755859375,120.91999816894531,118.54000091552734,119.87999725341797,127600
2018-01-02,119.75,121.79000091552734,119.5199966430664,121.25,171500
2018-01-03,121.33999633789062,123.8499984741211,119.88999938964844,123.47000122070312,209600
2018-01-04,123.51000213623047,125.05999755859375,123.04000091552734,124.83999633789062,231400
2018-01-05,125.16999816894531,125.66999816894531,123.44999694824219,123.62000274658203,189800
2018-01-08,123.30000305175781,125.08000183105469,122.56999969482422,124.93000030517578,269200
2018-01-09,124.98999786376953,126.30999755859375,124.33000183105469,124.98999786376953,389600
2018-01-10,124.4000015258789,124.66999816894531,119.86000061035156,120.16000366210938,480900
2018-01-11,120.33000183105469,121.13999938964844,119.86000061035156,120.0,293200
2018-01-12,120.23999786376953,122.44999694824219,119.81999969482422,122.25,317000
2018-01-16,122.86000061035156,125.37999725341797,122.86000061035156,124.5,221700
2018-01-17,124.5999984741211,128.1300048828125,124.08000183105469,128.08999633789062,186600
2018-01-18,127.81999969482422,128.3800048828125,126.88999938964844,127.48999786376953,121700
2018-01-19,127.23999786376953,132.89999389648438,126.47000122070312,132.75999450683594,236200
2018-01-22,132.86000061035156,137.07000732421875,131.74000549316406,137.0,494300
2018-01-23,137.30999755859375,137.33999633789062,136.0500030517578,137.0,475900
2018-01-24,137.69000244140625,138.02999877929688,131.8000030517578,131.88999938964844,195900
2018-01-25,132.5500030517578,133.77000427246094,130.80999755859375,132.41000366210938,250200
2018-01-26,131.10000610351562,132.74000549316406,130.24000549316406,132.1999969482422,196700
2018-01-29,131.91000366210938,134.57000732421875,130.9499969482422,132.69000244140625,198700
2018-01-30,131.8300018310547,132.22000122070312,129.9499969482422,131.35000610351562,240700
2018-01-31,132.22999572753906,133.0800018310547,126.83000183105469,127.41000366210938,524200
2018-02-01,134.11000061035156,155.0800018310547,130.16000366210938,153.00999450683594,1445400
2018-02-02,153.16000366210938,162.8000030517578,150.92999267578125,162.49000549316406,1123100
2018-02-05,159.97000122070312,167.69000244140625,158.38999938964844,160.0399932861328,590300
2018-02-06,158.30999755859375,159.5500030517578,152.57000732421875,158.72999572753906,646400
2018-02-07,158.97000122070312,162.4499969482422,155.13999938964844,155.22999572753906,529700
2018-02-08,154.97000122070312,157.5500030517578,150.0,150.00999450683594,421800
2018-02-09,151.08999633789062,152.74000549316406,146.5,149.2100067138672,476200
2018-02-12,149.5,150.33999633789062,146.47000122070312,148.4499969482422,318100
2018-02-13,147.60000610351562,151.24000549316406,146.3699951171875,149.89999389648438,281500
2018-02-14,148.6699981689453,157.77000427246094,148.3800048828125,157.61000061035156,245100
2018-02-15,158.61000061035156,159.5,155.42999267578125,158.36000061035156,220900
2018-02-16,157.6300048828125,159.16000366210938,157.17999267578125,157.94000244140625,166200
2018-02-20,156.91000366210938,159.11000061035156,154.1199951171875,155.3800048828125,186800
2018-02-21,156.60000610351562,163.97000122070312,155.1999969482422,162.5,333400
2018-02-22,163.3000030517578,165.88999938964844,161.1999969482422,162.77999877929688,337600
2018-02-23,164.1999969482422,167.92999267578125,163.61000061035156,167.8300018310547,228500
2018-02-26,167.5,169.6300048828125,163.16000366210938,164.22999572753906,385000
2018-02-27,164.52999877929688,165.94000244140625,162.02999877929688,162.27999877929688,273300
2018-02-28,163.4600067138672,165.36000061035156,162.6999969482422,162.75,303500
2018-03-01,163.74000549316406,163.74000549316406,158.55999755859375,161.77999877929688,365400
2018-03-02,161.19000244140625,164.0,156.9199981689453,160.91000366210938,492900
2018-03-05,160.61000061035156,160.61000061035156,154.39999389648438,158.3800048828125,348100
2018-03-06,158.32000732421875,160.61000061035156,155.17999267578125,160.4499969482422,206800
2018-03-07,159.4199981689453,168.8300018310547,158.72999572753906,168.80999755859375,284600
2018-03-08,168.80999755859375,170.2899932861328,161.82000732421875,170.13999938964844,306400
2018-03-09,170.6999969482422,171.75999450683594,168.4199981689453,171.24000549316406,340500
2018-03-12,171.67999267578125,171.67999267578125,158.75,158.80999755859375,436200
2018-03-13,159.5500030517578,162.17999267578125,158.77000427246094,161.61000061035156,218800
2018-03-14,162.33999633789062,163.69000244140625,159.14999389648438,160.3300018310547,241500
2018-03-15,160.64999389648438,162.92999267578125,158.8699951171875,160.8300018310547,225300
2018-03-16,161.11000061035156,167.7899932861328,160.5800018310547,167.19000244140625,441000
2018-03-19,166.55999755859375,167.38999938964844,162.17999267578125,163.19000244140625,327400
2018-03-20,163.3000030517578,167.2899932861328,161.1300048828125,166.17999267578125,275200
2018-03-21,166.1699981689453,168.52000427246094,164.91000366210938,166.52000427246094,219400
2018-03-22,164.58999633789062,166.25999450683594,160.61000061035156,160.8300018310547,172500
2018-03-23,161.19000244140625,164.07000732421875,158.75999450683594,158.8800048828125,167300
2018-03-26,160.82000732421875,164.3300018310547,160.52999877929688,163.77000427246094,152400
2018-03-27,163.77999877929688,164.5800018310547,157.60000610351562,158.14999389648438,109100
2018-03-28,158.25,158.6199951171875,153.3300018310547,153.5800018310547,206600
2018-03-29,154.6300048828125,159.25,154.2899932861328,154.6999969482422,203600
2018-04-02,154.42999267578125,163.94000244140625,149.0500030517578,151.25,173300
2018-04-03,151.8800048828125,155.6999969482422,149.5,152.89999389648438,154700
2018-04-04,151.0,154.1300048828125,150.19000244140625,152.02999877929688,159200
2018-04-05,152.8699951171875,154.47000122070312,152.14999389648438,153.6300048828125,161800
2018-04-06,152.82000732421875,153.61000061035156,149.05999755859375,150.86000061035156,163400
2018-04-09,151.7899932861328,153.55999755859375,150.22000122070312,151.16000366210938,126900
2018-04-10,152.75999450683594,154.5,152.22000122070312,152.52999877929688,102700
2018-04-11,152.00999450683594,155.02999877929688,151.52999877929688,152.05999755859375,128300
2018-04-12,153.49000549316406,156.2100067138672,152.75999450683594,153.9499969482422,116800
2018-04-13,154.38999938964844,155.94000244140625,150.55999755859375,150.97999572753906,83500
2018-04-16,151.66000366210938,153.1999969482422,150.6300048828125,152.19000244140625,148100
2018-04-17,152.9499969482422,157.4499969482422,152.9499969482422,155.97999572753906,137900
2018-04-18,156.5399932861328,156.5399932861328,154.2100067138672,154.42999267578125,94100
2018-04-19,154.1199951171875,157.27000427246094,151.30999755859375,151.55999755859375,128800
2018-04-20,152.0800018310547,154.0,150.6300048828125,150.94000244140625,173600
2018-04-23,151.55999755859375,152.69000244140625,148.4600067138672,149.1300048828125,131000
2018-04-24,149.75,152.02000427246094,147.00999450683594,147.80999755859375,138600
2018-04-25,148.10000610351562,148.6999969482422,144.11000061035156,147.60000610351562,131600
2018-04-26,148.3699951171875,149.88999938964844,146.9600067138672,147.8699951171875,136800
2018-04-27,148.42999267578125,148.42999267578125,142.3800048828125,142.86000061035156,191000
2018-04-30,143.13999938964844,147.1199951171875,142.5399932861328,143.80999755859375,177400
2018-05-01,143.42999267578125,144.6300048828125,139.30999755859375,142.47000122070312,271600
2018-05-02,142.22999572753906,147.13999938964844,139.64999389648438,141.75,236600
2018-05-03,135.33999633789062,141.8000030517578,135.33999633789062,140.67999267578125,213200
2018-05-04,139.6999969482422,142.33999633789062,138.0800018310547,141.27000427246094,118700
2018-05-07,141.6300048828125,142.0399932861328,138.27999877929688,138.38999938964844,140300
2018-05-08,137.8800048828125,139.97999572753906,136.0,136.80999755859375,148500
2018-05-09,136.0,139.39999389648438,134.75999450683594,138.77999877929688,147800
2018-05-10,139.27999877929688,141.8300018310547,136.6699981689453,140.25,130400
2018-05-11,140.52000427246094,141.47999572753906,139.42999267578125,140.77000427246094,135500
2018-05-14,140.5500030517578,141.0,137.44000244140625,138.16000366210938,240200
2018-05-15,137.8000030517578,138.6199951171875,136.32000732421875,138.22000122070312,128900
2018-05-16,138.1300048828125,140.8000030517578,137.66000366210938,139.07000732421875,118000
2018-05-17,138.97999572753906,139.1699981689453,137.0,137.4600067138672,112900
2018-05-18,138.5399932861328,138.7899932861328,135.27999877929688,136.64999389648438,197500
2018-05-21,137.2100067138672,139.4600067138672,136.14999389648438,138.2100067138672,91500
2018-05-22,138.72000122070312,138.72000122070312,134.25,134.74000549316406,152200
2018-05-23,134.25,135.72000122070312,133.77000427246094,135.6699981689453,127600
2018-05-24,135.63999938964844,136.6999969482422,134.1699981689453,135.52000427246094,125600
2018-05-25,135.3699951171875,135.88999938964844,134.08999633789062,135.0399932861328,79200
2018-05-29,133.9600067138672,136.8800048828125,133.83999633789062,136.67999267578125,138500
2018-05-30,136.72999572753906,138.86000061035156,134.14999389648438,138.50999450683594,230300
2018-05-31,138.8800048828125,139.3000030517578,137.75999450683594,139.22999572753906,217600
2018-06-01,140.0399932861328,140.97000122070312,138.2899932861328,139.7100067138672,194700
2018-06-04,140.66000366210938,141.74000549316406,139.6199951171875,140.3000030517578,182000
2018-06-05,140.2100067138672,140.97999572753906,138.58999633789062,139.50999450683594,181700
2018-06-06,139.92999267578125,143.4499969482422,138.1300048828125,143.38999938964844,166300
2018-06-07,143.1699981689453,144.88999938964844,140.5,142.07000732421875,137100
2018-06-08,142.1300048828125,145.2899932861328,141.49000549316406,144.1199951171875,143500
2018-06-11,144.1300048828125,144.19000244140625,139.85000610351562,143.77999877929688,141800
2018-06-12,143.7899932861328,146.13999938964844,142.4600067138672,145.2899932861328,150400
2018-06-13,145.27999877929688,146.07000732421875,144.55999755859375,145.25,102500
2018-06-14,145.6300048828125,148.83999633789062,145.6300048828125,147.16000366210938,219900
2018-06-15,146.38999938964844,150.14999389648438,146.1999969482422,150.13999938964844,278000
2018-06-18,150.0500030517578,152.86000061035156,147.14999389648438,152.72999572753906,148600
2018-06-19,151.3699951171875,151.60000610351562,147.4600067138672,151.5800018310547,116500
2018-06-20,152.67999267578125,153.0,149.7899932861328,150.13999938964844,122800
2018-06-21,150.63999938964844,152.08999633789062,149.0399932861328,149.58999633789062,144300
2018-06-22,148.17999267578125,150.86000061035156,135.3699951171875,145.50999450683594,374100
2018-06-25,144.77999877929688,145.19000244140625,142.39999389648438,143.66000366210938,152900
2018-06-26,144.0399932861328,146.02999877929688,144.0,145.35000610351562,144000
2018-06-27,146.77000427246094,146.9499969482422,142.9499969482422,143.00999450683594,132700
2018-06-28,142.64999389648438,145.1699981689453,142.05999755859375,144.77999877929688,101500
2018-06-29,145.1699981689453,146.36000061035156,141.6300048828125,144.9600067138672,123000
2018-07-02,144.1199951171875,146.8000030517578,140.69000244140625,146.8000030517578,134100
2018-07-03,147.13999938964844,147.5800018310547,146.22000122070312,146.7100067138672,50400
2018-07-05,147.75,147.75,145.30999755859375,147.24000549316406,92900
2018-07-06,147.3300018310547,148.3300018310547,146.19000244140625,147.8800048828125,102500
2018-07-09,148.91000366210938,150.92999267578125,147.44000244140625,148.24000549316406,124500
2018-07-10,148.27000427246094,148.86000061035156,147.60000610351562,148.0399932861328,110800
2018-07-11,147.3800048828125,151.1999969482422,147.3800048828125,151.00999450683594,142100
2018-07-12,151.77000427246094,152.88999938964844,150.47000122070312,152.66000366210938,104600
2018-07-13,152.5800018310547,153.5,150.77000427246094,150.9499969482422,58300
2018-07-16,151.17999267578125,151.41000366210938,148.4600067138672,149.10000610351562,57100
2018-07-17,149.39999389648438,149.8699951171875,147.1699981689453,149.25999450683594,62900
2018-07-18,149.16000366210938,149.63999938964844,147.3300018310547,149.49000549316406,81400
2018-07-19,149.2100067138672,151.86000061035156,148.42999267578125,151.30999755859375,60000
2018-07-20,150.58999633789062,153.42999267578125,150.39999389648438,150.9199981689453,96300
2018-07-23,150.3699951171875,152.13999938964844,148.92999267578125,151.80999755859375,68900
2018-07-24,152.32000732421875,153.2100067138672,148.32000732421875,150.42999267578125,92200
2018-07-25,150.4199981689453,155.5,150.4199981689453,154.67999267578125,143400
2018-07-26,154.6699981689453,155.50999450683594,151.9499969482422,152.80999755859375,59800
2018-07-27,152.82000732421875,152.9199981689453,145.80999755859375,145.86000061035156,106900
2018-07-30,145.57000732421875,147.49000549316406,143.77000427246094,143.89999389648438,125000
2018-07-31,144.52000427246094,146.74000549316406,142.86000061035156,146.07000732421875,131300
2018-08-01,146.5800018310547,150.16000366210938,144.38999938964844,146.86000061035156,246400
2018-08-02,140.61000061035156,144.57000732421875,134.50999450683594,142.8800048828125,273800
2018-08-03,142.60000610351562,147.25999450683594,142.60000610351562,146.5800018310547,137700
2018-08-06,146.55999755859375,149.0500030517578,145.13999938964844,146.77999877929688,120800
2018-08-07,146.6300048828125,146.6300048828125,143.38999938964844,143.88999938964844,92100
2018-08-08,144.25,145.00999450683594,143.61000061035156,144.3300018310547,85300
2018-08-09,145.22000122070312,146.22999572753906,143.9600067138672,144.3300018310547,97600
2018-08-10,143.52999877929688,146.16000366210938,143.52999877929688,144.13999938964844,67300
2018-08-13,144.13999938964844,145.25999450683594,139.00999450683594,139.2100067138672,194800
2018-08-14,139.22000122070312,143.2899932861328,139.22000122070312,140.8800048828125,106400
2018-08-15,140.19000244140625,142.58999633789062,139.9199981689453,141.39999389648438,208400
2018-08-16,141.7899932861328,142.3699951171875,137.72999572753906,138.0500030517578,127900
2018-08-17,137.49000549316406,138.3699951171875,136.17999267578125,138.14999389648438,92500
2018-08-20,138.50999450683594,141.1999969482422,138.25,139.8699951171875,63400
2018-08-21,140.25999450683594,141.32000732421875,139.1699981689453,140.3699951171875,142400
2018-08-22,140.27999877929688,142.39999389648438,140.11000061035156,141.9600067138672,63600
2018-08-23,141.5,143.50999450683594,140.50999450683594,140.80999755859375,63900
2018-08-24,141.3800048828125,143.10000610351562,140.5500030517578,141.0,86900
2018-08-27,140.83999633789062,141.85000610351562,139.3800048828125,139.74000549316406,71900
2018-08-28,140.1199951171875,143.19000244140625,140.0,141.5,94100
2018-08-29,141.3300018310547,141.7100067138672,138.1300048828125,139.5500030517578,82900
2018-08-30,138.88999938964844,141.3300018310547,138.5,139.67999267578125,78500
2018-08-31,139.27000427246094,140.27000427246094,138.17999267578125,140.0,116200
2018-09-04,139.63999938964844,143.74000549316406,139.10000610351562,143.4499969482422,151800
2018-09-05,143.08999633789062,144.6699981689453,140.60000610351562,141.41000366210938,182300
2018-09-06,141.38999938964844,141.88999938964844,139.58999633789062,140.39999389648438,219300
2018-09-07,140.38999938964844,142.80999755859375,139.38999938964844,142.6300048828125,101200
2018-09-10,143.17999267578125,145.13999938964844,141.77000427246094,144.4199981689453,152200
2018-09-11,143.99000549316406,145.52999877929688,139.9600067138672,140.1999969482422,94500
2018-09-12,140.47999572753906,140.97000122070312,137.5,140.7899932861328,147800
2018-09-13,141.08999633789062,143.88999938964844,140.1999969482422,143.52000427246094,97800
2018-09-14,143.3300018310547,145.66000366210938,142.6300048828125,143.57000732421875,99500
2018-09-17,143.66000366210938,144.63999938964844,140.47999572753906,142.35000610351562,125400
2018-09-18,142.13999938964844,145.57000732421875,141.64999389648438,144.0500030517578,96400
2018-09-19,144.0,144.0,142.05999755859375,142.5399932861328,91400
2018-09-20,143.35000610351562,144.61000061035156,142.0399932861328,144.4600067138672,90800
2018-09-21,144.2899932861328,146.6699981689453,143.85000610351562,145.13999938964844,228100
2018-09-24,144.63999938964844,145.08999633789062,140.22000122070312,140.39999389648438,136700
2018-09-25,140.7100067138672,143.30999755859375,140.16000366210938,141.47999572753906,157100
2018-09-26,142.0,144.3300018310547,140.10000610351562,143.13999938964844,92300
2018-09-27,143.89999389648438,144.8300018310547,137.85000610351562,138.8300018310547,176700
2018-09-28,138.74000549316406,139.16000366210938,136.4199981689453,136.61000061035156,192700
2018-10-01,137.74000549316406,138.99000549316406,134.5,134.63999938964844,223100
2018-10-02,134.6999969482422,135.47999572753906,132.8699951171875,133.0500030517578,171000
2018-10-03,133.69000244140625,134.66000366210938,132.61000061035156,132.7100067138672,103200
2018-10-04,132.5,133.41000366210938,127.98999786376953,128.99000549316406,299300
2018-10-05,129.3300018310547,130.35000610351562,124.2300033569336,125.75,112100
2018-10-08,125.23999786376953,126.9000015258789,123.01000213623047,124.08000183105469,158300
2018-10-09,123.5199966430664,124.80999755859375,120.56999969482422,121.29000091552734,138500
2018-10-10,121.0,121.0,116.06999969482422,116.51000213623047,154800
2018-10-11,116.16999816894531,118.01000213623047,115.23999786376953,115.30999755859375,165100
2018-10-12,117.0,118.47000122070312,111.18000030517578,114.23999786376953,226300
2018-10-15,114.06999969482422,116.33000183105469,113.37000274658203,115.66999816894531,122900
2018-10-16,116.20999908447266,119.62999725341797,116.19999694824219,119.5,122600
2018-10-17,119.51000213623047,119.62000274658203,117.4000015258789,119.05000305175781,87700
2018-10-18,118.55000305175781,118.55000305175781,115.56999969482422,116.58000183105469,76700
2018-10-19,116.29000091552734,116.75,112.87000274658203,115.79000091552734,104900
2018-10-22,116.33000183105469,121.9000015258789,116.33000183105469,118.77999877929688,151900
2018-10-23,117.0,120.44999694824219,113.62999725341797,119.54000091552734,178100
2018-10-24,119.48999786376953,120.36000061035156,116.01000213623047,116.16000366210938,174700
2018-10-25,117.05000305175781,119.9000015258789,116.63999938964844,119.58000183105469,213100
2018-10-26,117.70999908447266,120.87999725341797,115.02999877929688,119.54000091552734,133100
2018-10-29,121.02999877929688,123.94000244140625,119.05000305175781,121.25,168200
2018-10-30,121.04000091552734,125.01000213623047,120.80999755859375,124.45999908447266,209900
2018-10-31,126.16000366210938,129.1999969482422,124.70999908447266,124.98999786376953,174700
2018-11-01,111.62000274658203,117.56999969482422,110.0,111.51000213623047,452000
2018-11-02,111.5,115.37000274658203,111.5,112.86000061035156,272300
2018-11-05,113.36000061035156,114.0999984741211,109.0,111.5199966430664,185800
2018-11-06,111.58000183105469,116.08999633789062,111.13999938964844,115.33000183105469,224300
2018-11-07,115.93000030517578,118.19000244140625,114.76000213623047,117.93000030517578,115600
2018-11-08,117.68000030517578,118.7699966430664,116.68000030517578,117.23999786376953,120800
2018-11-09,117.0199966430664,117.86000061035156,114.7300033569336,117.58000183105469,189700
2018-11-12,117.41999816894531,118.31999969482422,115.8499984741211,116.26000213623047,142500
2018-11-13,116.51000213623047,117.4800033569336,111.83999633789062,112.77999877929688,216200
2018-11-14,113.45999908447266,117.9000015258789,113.45999908447266,117.51000213623047,236900
2018-11-15,116.62000274658203,123.27999877929688,115.6500015258789,120.6500015258789,180500
2018-11-16,119.70999908447266,123.80999755859375,118.4000015258789,123.31999969482422,235500
2018-11-19,123.08000183105469,124.91999816894531,120.8499984741211,120.86000061035156,503700
2018-11-20,119.63999938964844,121.87000274658203,110.93000030517578,111.61000061035156,221300
2018-11-21,112.22000122070312,115.3499984741211,112.01000213623047,114.01000213623047,123600
2018-11-23,113.68000030517578,115.8499984741211,111.56999969482422,114.16000366210938,55800
2018-11-26,115.5,117.48999786376953,113.73999786376953,115.51000213623047,139600
2018-11-27,114.80999755859375,115.44000244140625,113.3499984741211,114.93000030517578,94200
2018-11-28,115.97000122070312,121.4800033569336,115.0199966430664,121.41000366210938,164000
2018-11-29,121.20999908447266,123.41999816894531,117.37999725341797,118.58999633789062,117500
2018-11-30,118.4000015258789,120.91999816894531,118.4000015258789,120.66000366210938,94400
2018-12-03,121.87000274658203,124.79000091552734,119.33000183105469,122.52999877929688,163900
2018-12-04,123.76000213623047,123.88999938964844,114.93000030517578,115.6500015258789,148600
2018-12-06,114.79000091552734,117.5999984741211,110.88999938964844,112.37999725341797,169600
2018-12-07,112.0,117.12999725341797,109.62000274658203,111.80000305175781,248100
2018-12-10,111.80999755859375,115.48999786376953,111.80999755859375,113.11000061035156,142100
2018-12-11,114.44000244140625,118.06999969482422,110.5999984741211,111.31999969482422,136800
2018-12-12,112.4000015258789,115.1500015258789,111.05000305175781,112.3499984741211,126000
2018-12-13,113.19000244140625,113.55000305175781,110.37999725341797,113.22000122070312,143500
2018-12-14,112.08000183105469,114.44999694824219,109.62999725341797,110.05000305175781,126300
2018-12-17,109.75,111.04000091552734,106.0,107.95999908447266,163900
2018-12-18,108.93000030517578,111.95999908447266,106.70999908447266,107.51000213623047,169400
2018-12-19,107.68000030517578,110.12999725341797,103.68000030517578,105.08999633789062,200200
2018-12-20,105.19999694824219,110.87000274658203,101.98999786376953,104.37000274658203,169300
2018-12-21,104.37000274658203,104.76000213623047,99.63999938964844,100.3499984741211,358100
2018-12-24,99.41000366210938,102.77999877929688,99.16000366210938,100.2699966430664,91400
2018-12-26,101.1500015258789,105.63999938964844,99.83000183105469,104.55000305175781,186800
2018-12-27,103.12999725341797,107.0,102.08999633789062,106.91999816894531,142600
2018-12-28,107.19000244140625,108.1500015258789,104.23999786376953,106.02999877929688,147200
2018-12-31,106.19999694824219,109.98999786376953,102.3499984741211,103.41999816894531,166500
2019-01-02,102.11000061035156,107.05000305175781,100.25,105.37000274658203,183600
2019-01-03,104.38999938964844,104.88999938964844,100.43000030517578,101.5199966430664,197100
2019-01-04,102.9000015258789,108.12999725341797,101.62999725341797,106.5,99200
2019-01-07,106.48999786376953,110.8499984741211,106.48999786376953,109.33000183105469,104000
2019-01-08,110.23999786376953,111.06999969482422,107.80999755859375,110.87999725341797,118300
2019-01-09,111.41999816894531,114.22000122070312,110.69999694824219,113.9800033569336,134200
2019-01-10,113.38999938964844,114.86000061035156,111.66000366210938,114.66000366210938,163600
2019-01-11,114.5,115.22000122070312,112.61000061035156,115.05999755859375,157500
2019-01-14,113.97000122070312,116.30999755859375,112.4000015258789,114.23999786376953,111500
2019-01-15,114.25,118.73999786376953,113.63999938964844,117.86000061035156,143600
2019-01-16,118.3499984741211,118.97000122070312,116.41000366210938,118.80000305175781,117200
2019-01-17,118.30999755859375,120.19999694824219,117.80000305175781,119.8499984741211,117500
2019-01-18,119.83999633789062,122.33999633789062,119.12000274658203,119.98999786376953,106000
2019-01-22,119.9800033569336,119.9800033569336,117.80000305175781,119.02999877929688,121700
2019-01-23,119.47000122070312,120.16000366210938,115.9800033569336,116.41000366210938,111600
2019-01-24,116.31999969482422,118.76000213623047,116.31999969482422,117.1500015258789,100400
2019-01-25,118.25,119.94999694824219,118.06999969482422,119.38999938964844,125200
2019-01-28,117.94000244140625,119.54000091552734,115.83000183105469,119.38999938964844,114700
2019-01-29,119.66999816894531,119.66999816894531,117.20999908447266,117.29000091552734,120800
2019-01-30,118.6500015258789,120.54000091552734,114.87000274658203,115.94999694824219,247800
2019-01-31,87.70999908447266,89.75,76.76000213623047,83.16999816894531,2237900
2019-02-01,83.91000366210938,86.5,80.30000305175781,81.69000244140625,727200
2019-02-04,81.08000183105469,82.58999633789062,80.2699966430664,82.27999877929688,302800
2019-02-05,82.63999938964844,83.19999694824219,80.20999908447266,81.63999938964844,462500
2019-02-06,81.94000244140625,82.20999908447266,79.16000366210938,79.58999633789062,179000
2019-02-07,79.0,79.81999969482422,77.06999969482422,77.8499984741211,238400
2019-02-08,77.77999877929688,78.48999786376953,76.33000183105469,78.20999908447266,357900
2019-02-11,78.2300033569336,80.55000305175781,78.0,80.51000213623047,340600
2019-02-12,80.95999908447266,81.9800033569336,80.31999969482422,81.30000305175781,410900
2019-02-13,81.7699966430664,82.0,80.06999969482422,81.45999908447266,167300
2019-02-14,81.20999908447266,82.19000244140625,80.12000274658203,82.01000213623047,237600
2019-02-15,82.01000213623047,83.41999816894531,81.2300033569336,82.36000061035156,258300
2019-02-19,82.23999786376953,84.62999725341797,81.81999969482422,83.70999908447266,228700
2019-02-20,83.79000091552734,83.80999755859375,82.16000366210938,82.27999877929688,207000
2019-02-21,82.30999755859375,83.0,81.3499984741211,82.1500015258789,175400
2019-02-22,82.44000244140625,83.12000274658203,81.31999969482422,82.13999938964844,146200
2019-02-25,82.62999725341797,83.87000274658203,81.62000274658203,82.16000366210938,207600
2019-02-26,82.1500015258789,82.73999786376953,81.5,82.19000244140625,206900
2019-02-27,82.19999694824219,82.68000030517578,81.83999633789062,82.20999908447266,185400
2019-02-28,82.1500015258789,83.08999633789062,81.9000015258789,82.5,136200
2019-03-01,83.0,83.69000244140625,82.1500015258789,82.51000213623047,146200
2019-03-04,82.69999694824219,83.27999877929688,82.0999984741211,82.44000244140625,200900
2019-03-05,82.5,82.80999755859375,81.70999908447266,82.2699966430664,251200
2019-03-06,82.2300033569336,82.31999969482422,81.75,82.18000030517578,316000
2019-03-07,81.86000061035156,82.1500015258789,77.05999755859375,77.1500015258789,374600
2019-03-08,77.0199966430664,77.0199966430664,73.95999908447266,74.91000366210938,254600
2019-03-11,74.73999786376953,76.58000183105469,74.13999938964844,75.9800033569336,214000
2019-03-12,76.55000305175781,78.0999984741211,74.86000061035156,77.62000274658203,369700
2019-03-13,78.70999908447266,79.83999633789062,78.4000015258789,79.43000030517578,250200
2019-03-14,79.55999755859375,80.25,78.44000244140625,79.48999786376953,193700
2019-03-15,79.75,80.5199966430664,78.41000366210938,78.98999786376953,263500
2019-03-18,79.16999816894531,79.27999877929688,78.0,78.97000122070312,209900
2019-03-19,79.43000030517578,80.62999725341797,78.18000030517578,79.31999969482422,153100
2019-03-20,79.43000030517578,79.43000030517578,77.41000366210938,77.58999633789062,109500
2019-03-21,77.5,78.93000030517578,77.33000183105469,78.27999877929688,132000
2019-03-22,77.9000015258789,78.12999725341797,74.7699966430664,74.77999877929688,293500
2019-03-25,74.62999725341797,75.6500015258789,73.73999786376953,74.97000122070312,165900
2019-03-26,75.62999725341797,76.87000274658203,75.37000274658203,75.9800033569336,149200
2019-03-27,76.05000305175781,77.87000274658203,74.94000244140625,77.23999786376953,252000
2019-03-28,77.5199966430664,80.16000366210938,76.47000122070312,79.4000015258789,194800
2019-03-29,79.86000061035156,80.30000305175781,77.91999816894531,80.12999725341797,184800
2019-04-01,80.8499984741211,81.68000030517578,79.73999786376953,80.30000305175781,135700
2019-04-02,80.56999969482422,80.7699966430664,79.02999877929688,80.0199966430664,129700
2019-04-03,80.61000061035156,81.94999694824219,79.81999969482422,81.5,145600
2019-04-04,81.56999969482422,83.01000213623047,80.9800033569336,82.94000244140625,103400
2019-04-05,82.75,83.36000061035156,82.22000122070312,82.91999816894531,157000
2019-04-08,82.52999877929688,83.72000122070312,81.0,83.6500015258789,113100
2019-04-09,83.48999786376953,83.69000244140625,81.73999786376953,83.13999938964844,170400
2019-04-10,83.29000091552734,85.43000030517578,82.77999877929688,84.93000030517578,148700
2019-04-11,85.29000091552734,87.12000274658203,84.6500015258789,86.75,149600
2019-04-12,87.33000183105469,87.93000030517578,86.01000213623047,87.38999938964844,137700
2019-04-15,87.68000030517578,88.51000213623047,86.91000366210938,88.0,148800
2019-04-16,88.06999969482422,89.66000366210938,87.51000213623047,89.26000213623047,192100
2019-04-17,89.79000091552734,92.04000091552734,89.37999725341797,91.52999877929688,164100
2019-04-18,91.70999908447266,92.1500015258789,90.41000366210938,90.9800033569336,102700
2019-04-22,90.5199966430664,91.5,87.66000366210938,88.0199966430664,136700
2019-04-23,87.79000091552734,90.69999694824219,87.4800033569336,89.72000122070312,133100
2019-04-24,89.9800033569336,93.19000244140625,89.3499984741211,92.55000305175781,140400
2019-04-25,92.58999633789062,92.68000030517578,89.91999816894531,91.36000061035156,96900
2019-04-26,91.36000061035156,93.80999755859375,90.66999816894531,92.30000305175781,94600
2019-04-29,92.62000274658203,94.05000305175781,91.11000061035156,91.43000030517578,181000
2019-04-30,91.5199966430664,91.81999969482422,89.54000091552734,90.4000015258789,177500
2019-05-01,90.37999725341797,92.88999938964844,89.83000183105469,90.19999694824219,173700
2019-05-02,90.29000091552734,91.61000061035156,85.68000030517578,85.80000305175781,308200
2019-05-03,86.56999969482422,90.79000091552734,85.33000183105469,89.06999969482422,267900
2019-05-06,87.45999908447266,87.54000091552734,85.55999755859375,86.54000091552734,248000
2019-05-07,85.73999786376953,86.5999984741211,84.0199966430664,84.44999694824219,211800
2019-05-08,84.4000015258789,88.69000244140625,84.4000015258789,88.45999908447266,274400
2019-05-09,87.86000061035156,91.41999816894531,86.94000244140625,90.0,202600
2019-05-10,89.55999755859375,89.5999984741211,87.62999725341797,89.36000061035156,110400
2019-05-13,88.2300033569336,88.2300033569336,85.04000091552734,85.05000305175781,118500
2019-05-14,85.12999725341797,86.22000122070312,84.05000305175781,84.79000091552734,107500
2019-05-15,83.91999816894531,85.88999938964844,83.41999816894531,85.63999938964844,124900
2019-05-16,85.83000183105469,88.1500015258789,84.5199966430664,86.81999969482422,98400
2019-05-17,86.5999984741211,88.37000274658203,85.5199966430664,88.16000366210938,117200
2019-05-20,87.63999938964844,89.2699966430664,87.0999984741211,88.44000244140625,181000
2019-05-21,88.83999633789062,91.8499984741211,88.83999633789062,91.12000274658203,141700
2019-05-22,91.01000213623047,91.87999725341797,90.2300033569336,90.36000061035156,110700
2019-05-23,89.44999694824219,90.69000244140625,88.80000305175781,89.5,236400
2019-05-24,89.91999816894531,90.87999725341797,89.79000091552734,90.0,165800
2019-05-28,90.11000061035156,90.48999786376953,86.88999938964844,86.94999694824219,198400
2019-05-29,86.56999969482422,88.31999969482422,85.55999755859375,87.58000183105469,152700
2019-05-30,87.94999694824219,89.02999877929688,87.30000305175781,87.70999908447266,107700
2019-05-31,86.7300033569336,87.87000274658203,85.87000274658203,87.5,117400
2019-06-03,87.11000061035156,87.73999786376953,86.37999725341797,86.76000213623047,162200
2019-06-04,87.61000061035156,90.95999908447266,87.37999725341797,90.13999938964844,119900
2019-06-05,90.75,91.5199966430664,89.22000122070312,91.5199966430664,118000
2019-06-06,91.70999908447266,91.76000213623047,90.0,90.7300033569336,66700
2019-06-07,91.12999725341797,94.33999633789062,91.12999725341797,94.19000244140625,90300
2019-06-10,94.62999725341797,97.48999786376953,94.25,95.2300033569336,100500
2019-06-11,96.18000030517578,97.9000015258789,95.81999969482422,96.88999938964844,140100
2019-06-12,96.86000061035156,98.88999938964844,96.02999877929688,98.4000015258789,171700
2019-06-13,98.81999969482422,100.93000030517578,97.68000030517578,100.26000213623047,140300
2019-06-14,99.66000366210938,102.23999786376953,99.66000366210938,101.0199966430664,162900
2019-06-17,101.01000213623047,101.91999816894531,99.9800033569336,100.73999786376953,197600
2019-06-18,101.62000274658203,103.12999725341797,96.63999938964844,97.05000305175781,197500
2019-06-19,96.9000015258789,98.33999633789062,94.83000183105469,98.0999984741211,171400
2019-06-20,99.23999786376953,100.94000244140625,97.33999633789062,98.48999786376953,98600
2019-06-21,97.87999725341797,99.6500015258789,97.22000122070312,99.5,206600
2019-06-24,99.63999938964844,100.31999969482422,96.02999877929688,96.18000030517578,197300
2019-06-25,96.12999725341797,96.61000061035156,92.91000366210938,93.02999877929688,180600
2019-06-26,93.61000061035156,94.38999938964844,91.91000366210938,93.37999725341797,79700
2019-06-27,93.68000030517578,95.01000213623047,89.69999694824219,89.94999694824219,204800
2019-06-28,89.9000015258789,92.95999908447266,88.31999969482422,90.88999938964844,287500
2019-07-01,91.4800033569336,93.2699966430664,90.0,90.37000274658203,170700
2019-07-02,90.3499984741211,91.54000091552734,88.91000366210938,91.26000213623047,138800
2019-07-03,91.5999984741211,92.76000213623047,91.48999786376953,91.98999786376953,62000
2019-07-05,91.44000244140625,93.66999816894531,90.94999694824219,93.44000244140625,97300
2019-07-08,93.05999755859375,93.38999938964844,91.12000274658203,91.77999877929688,115600
2019-07-09,91.12000274658203,91.38999938964844,88.9800033569336,90.66999816894531,155800
2019-07-10,90.86000061035156,93.55999755859375,90.69999694824219,91.91999816894531,148200
2019-07-11,91.63999938964844,92.44000244140625,88.41999816894531,88.86000061035156,122300
2019-07-12,89.05000305175781,91.08000183105469,88.9000015258789,88.98999786376953,245300
2019-07-15,89.33000183105469,91.22000122070312,88.47000122070312,90.94999694824219,168600
2019-07-16,91.0199966430664,91.31999969482422,90.16000366210938,90.7699966430664,119700
2019-07-17,91.22000122070312,93.41000366210938,90.51000213623047,92.51000213623047,172500
2019-07-18,92.23999786376953,94.4800033569336,89.43000030517578,89.54000091552734,160100
2019-07-19,90.12000274658203,91.72000122070312,89.26000213623047,89.7699966430664,133900
2019-07-22,89.9800033569336,91.68000030517578,89.2300033569336,90.37000274658203,128400
2019-07-23,90.56999969482422,93.69999694824219,89.5,93.62000274658203,125500
2019-07-24,93.44000244140625,97.23999786376953,92.22000122070312,95.38999938964844,120700
2019-07-25,95.05000305175781,96.4000015258789,92.83999633789062,93.16999816894531,98000
2019-07-26,93.61000061035156,95.62999725341797,93.58000183105469,94.68000030517578,103900
2019-07-29,94.44999694824219,95.5999984741211,93.47000122070312,94.91000366210938,105600
2019-07-30,94.12000274658203,95.2300033569336,93.81999969482422,95.0,137200
2019-07-31,94.91999816894531,97.68000030517578,94.91999816894531,96.44999694824219,313100
2019-08-01,104.80000305175781,120.44000244140625,95.38999938964844,103.38999938964844,1111100
2019-08-02,105.19000244140625,106.20999908447266,103.12999725341797,105.16000366210938,362100
2019-08-05,102.66000366210938,104.2300033569336,99.91000366210938,102.47000122070312,392700
2019-08-06,103.08000183105469,106.37999725341797,103.08000183105469,105.83999633789062,218100
2019-08-07,106.16000366210938,107.79000091552734,104.72000122070312,107.54000091552734,234500
2019-08-08,107.83000183105469,114.33999633789062,107.20999908447266,113.51000213623047,224800
2019-08-09,112.95999908447266,117.54000091552734,111.66000366210938,116.58000183105469,200400
2019-08-12,117.0,118.94000244140625,115.87999725341797,118.47000122070312,187500
2019-08-13,118.16000366210938,121.79000091552734,118.16000366210938,121.27999877929688,191900
2019-08-14,119.0,119.83999633789062,113.7699966430664,114.9800033569336,458300
2019-08-15,115.62999725341797,119.51000213623047,115.2699966430664,115.43000030517578,339500
2019-08-16,116.2300033569336,120.4800033569336,116.2300033569336,117.04000091552734,225600
2019-08-19,118.55999755859375,121.4000015258789,116.0,117.54000091552734,283200
2019-08-20,117.51000213623047,118.88999938964844,115.9000015258789,116.66999816894531,158900
2019-08-21,117.91999816894531,119.22000122070312,116.31999969482422,117.25,199800
2019-08-22,117.7300033569336,120.16000366210938,117.5199966430664,118.61000061035156,216900
2019-08-23,117.54000091552734,120.0,114.72000122070312,115.4000015258789,324400
2019-08-26,116.4800033569336,121.86000061035156,116.02999877929688,121.8499984741211,273700
2019-08-27,122.0,122.0,111.62000274658203,112.19000244140625,559700
2019-08-28,112.02999877929688,114.83000183105469,110.6500015258789,112.76000213623047,372100
2019-08-29,114.12000274658203,115.26000213623047,112.08999633789062,114.37999725341797,202000
2019-08-30,115.0,115.61000061035156,113.38999938964844,114.69000244140625,205100
2019-09-03,113.55999755859375,115.3499984741211,108.48999786376953,110.91000366210938,297700
2019-09-04,112.30000305175781,116.52999877929688,112.30000305175781,114.94000244140625,248100
2019-09-05,116.05999755859375,116.6500015258789,112.55999755859375,113.3499984741211,212700
2019-09-06,113.55999755859375,118.5999984741211,113.55999755859375,117.44999694824219,178000
2019-09-09,117.41000366210938,120.13999938964844,116.36000061035156,119.23999786376953,235200
2019-09-10,118.79000091552734,122.0,116.69999694824219,120.63999938964844,254100
2019-09-11,120.77999877929688,126.68000030517578,120.33999633789062,126.41000366210938,246900
2019-09-12,126.77999877929688,129.58999633789062,124.18000030517578,126.61000061035156,293100
2019-09-13,131.14999389648438,132.4199981689453,124.51000213623047,126.94000244140625,489800
2019-09-16,125.4000015258789,130.8699951171875,125.19000244140625,130.1300048828125,230100
2019-09-17,130.0399932861328,131.64999389648438,127.9000015258789,131.38999938964844,139400
2019-09-18,131.75999450683594,132.10000610351562,128.82000732421875,132.0,127500
2019-09-19,132.0,134.3699951171875,131.19000244140625,131.97000122070312,135400
2019-09-20,131.74000549316406,132.5800018310547,129.61000061035156,129.7899932861328,295800
2019-09-23,129.9600067138672,130.6199951171875,127.08000183105469,127.3499984741211,237200
2019-09-24,126.94999694824219,129.4199981689453,126.30999755859375,127.66999816894531,385700
2019-09-25,128.47000122070312,131.64999389648438,128.3300018310547,130.50999450683594,146000
2019-09-26,130.3000030517578,130.86000061035156,129.6199951171875,130.0800018310547,106800
2019-09-27,130.64999389648438,132.64999389648438,129.9600067138672,130.5399932861328,132100
2019-09-30,130.42999267578125,133.22999572753906,130.42999267578125,131.83999633789062,175300
2019-10-01,131.77000427246094,134.35000610351562,128.4199981689453,128.99000549316406,246300
2019-10-02,128.1199951171875,130.2100067138672,126.5,129.74000549316406,187700
2019-10-03,129.74000549316406,130.4499969482422,126.12999725341797,128.67999267578125,257400
2019-10-04,129.38999938964844,129.9199981689453,124.31999969482422,124.77999877929688,360000
2019-10-07,124.79000091552734,129.67999267578125,123.37999725341797,128.82000732421875,345300
2019-10-08,127.5199966430664,130.38999938964844,127.5199966430664,128.0399932861328,239600
2019-10-09,127.66000366210938,130.1199951171875,126.33999633789062,128.64999389648438,196900
2019-10-10,128.66000366210938,131.6300048828125,128.66000366210938,130.2100067138672,214700
2019-10-11,131.72000122070312,134.47000122070312,130.89999389648438,132.27000427246094,140000
2019-10-14,131.05999755859375,133.0399932861328,129.9499969482422,132.30999755859375,82400
2019-10-15,132.69000244140625,134.8699951171875,132.07000732421875,133.1199951171875,142500
2019-10-16,132.8300018310547,135.1199951171875,132.02000427246094,132.5399932861328,187900
2019-10-17,133.6999969482422,134.10000610351562,130.91000366210938,131.1199951171875,151100
2019-10-18,130.36000061035156,132.75999450683594,130.07000732421875,130.25999450683594,186100
2019-10-21,130.61000061035156,131.72999572753906,129.5800018310547,130.3300018310547,121800
2019-10-22,130.4600067138672,131.10000610351562,128.8000030517578,130.9499969482422,174300
2019-10-23,130.5800018310547,132.0,129.69000244140625,129.86000061035156,97500
2019-10-24,129.91000366210938,131.91000366210938,129.25999450683594,131.39999389648438,253000
2019-10-25,131.0500030517578,135.8800048828125,131.0500030517578,134.47999572753906,180300
2019-10-28,134.47999572753906,138.77000427246094,132.75,133.11000061035156,204800
2019-10-29,132.11000061035156,133.4199981689453,129.10000610351562,129.99000549316406,160600
2019-10-30,129.8000030517578,130.58999633789062,128.3800048828125,130.0500030517578,309900
2019-10-31,125.63999938964844,132.52000427246094,119.98999786376953,132.1199951171875,374600
2019-11-01,133.07000732421875,135.8800048828125,131.32000732421875,135.8300018310547,165900
2019-11-04,135.35000610351562,140.4499969482422,134.77999877929688,140.16000366210938,271300
2019-11-05,140.36000061035156,141.25999450683594,135.1199951171875,136.0500030517578,189900
2019-11-06,136.0,136.77000427246094,133.4199981689453,134.39999389648438,299200
2019-11-07,135.33999633789062,137.58999633789062,135.1300048828125,136.72999572753906,231500
2019-11-08,136.5,137.61000061035156,134.75999450683594,136.57000732421875,201400
2019-11-11,136.30999755859375,139.1699981689453,135.3800048828125,138.44000244140625,207900
2019-11-12,138.41000366210938,141.49000549316406,136.00999450683594,140.55999755859375,205400
2019-11-13,139.52999877929688,142.85000610351562,137.67999267578125,141.2100067138672,207100
2019-11-14,140.99000549316406,145.08999633789062,140.44000244140625,144.2899932861328,173300
2019-11-15,144.00999450683594,144.0399932861328,139.64999389648438,140.2899932861328,201000
2019-11-18,140.27999877929688,144.13999938964844,138.6699981689453,142.52999877929688,194300
2019-11-19,142.47999572753906,142.47999572753906,137.1999969482422,137.64999389648438,232200
2019-11-20,137.57000732421875,138.66000366210938,135.77000427246094,137.10000610351562,226000
2019-11-21,137.72999572753906,138.0,128.77999877929688,129.05999755859375,458900
2019-11-22,130.0,131.47000122070312,123.58000183105469,128.00999450683594,403300
2019-11-25,128.39999389648438,131.85000610351562,127.0,129.97999572753906,270700
2019-11-26,130.07000732421875,134.5,128.82000732421875,131.82000732421875,306700
2019-11-27,132.86000061035156,133.66000366210938,131.13999938964844,133.3300018310547,182900
2019-11-29,132.5,132.5,127.87000274658203,128.13999938964844,72900
2019-12-02,127.22000122070312,127.4000015258789,122.11000061035156,122.72000122070312,233700
2019-12-03,120.94999694824219,122.91000366210938,120.30000305175781,121.87000274658203,194300
2019-12-04,121.66999816894531,124.2300033569336,121.6500015258789,122.37999725341797,190200
2019-12-05,123.80000305175781,125.0,122.7300033569336,124.77999877929688,177800
2019-12-06,125.61000061035156,127.2699966430664,124.16999816894531,124.69000244140625,133500
2019-12-09,124.06999969482422,125.72000122070312,123.20999908447266,124.8499984741211,214500
2019-12-10,124.83999633789062,124.91999816894531,122.30000305175781,123.0,158400
2019-12-11,122.91999816894531,123.08999633789062,121.0999984741211,122.44000244140625,297100
2019-12-12,123.0,123.66999816894531,117.08999633789062,118.88999938964844,239400
2019-12-13,118.97000122070312,121.5999984741211,116.43000030517578,117.63999938964844,270100
2019-12-16,118.62000274658203,125.5,118.62000274658203,125.16999816894531,739600
2019-12-17,124.80000305175781,126.25,121.9000015258789,125.45999908447266,409500
2019-12-18,125.93000030517578,126.48999786376953,121.6500015258789,121.7699966430664,343400
2019-12-19,121.68000030517578,123.72000122070312,120.19999694824219,121.23999786376953,429200
2019-12-20,121.54000091552734,126.69000244140625,121.54000091552734,124.95999908447266,1628100
2019-12-23,125.11000061035156,125.19999694824219,121.81999969482422,124.41999816894531,278100
2019-12-24,124.61000061035156,125.01000213623047,123.23999786376953,123.97000122070312,53300
2019-12-26,123.86000061035156,126.04000091552734,122.8499984741211,125.70999908447266,171000
2019-12-27,125.69000244140625,126.73999786376953,124.44000244140625,126.37999725341797,326400
2019-12-30,126.01000213623047,126.33000183105469,124.62000274658203,125.45999908447266,113300
2019-12-31,125.1500015258789,126.58999633789062,125.1500015258789,125.7699966430664,144200
2020-01-02,126.45999908447266,126.45999908447266,123.62999725341797,125.70999908447266,235200
2020-01-03,124.3499984741211,124.94999694824219,116.56999969482422,116.56999969482422,247800
2020-01-06,116.26000213623047,117.37000274658203,112.54000091552734,117.33999633789062,381400
2020-01-07,117.58999633789062,117.66999816894531,112.27999877929688,113.3499984741211,548800
2020-01-08,113.55999755859375,114.52999877929688,108.95999908447266,108.98999786376953,377300
2020-01-09,108.69999694824219,109.38999938964844,106.45999908447266,107.2300033569336,370500
2020-01-10,106.9000015258789,108.0,104.51000213623047,107.25,220700
2020-01-13,107.16000366210938,108.33999633789062,105.66000366210938,107.30000305175781,290400
2020-01-14,107.4000015258789,110.87000274658203,106.9000015258789,109.25,221300
2020-01-15,109.11000061035156,110.1500015258789,105.9000015258789,107.23999786376953,150700
2020-01-16,108.3499984741211,112.0,106.27999877929688,107.52999877929688,145000
2020-01-17,107.31999969482422,108.5999984741211,105.0,105.2300033569336,150200
2020-01-21,105.12000274658203,107.25,104.66999816894531,106.87999725341797,177700
2020-01-22,106.97000122070312,108.87999725341797,106.01000213623047,106.91999816894531,130500
2020-01-23,106.77999877929688,107.0999984741211,105.33999633789062,106.55000305175781,125800
2020-01-24,107.37000274658203,107.37000274658203,104.5,105.0199966430664,310300
2020-01-27,103.47000122070312,107.9000015258789,102.88999938964844,106.88999938964844,330400
2020-01-28,107.31999969482422,109.44000244140625,105.70999908447266,108.8499984741211,215800
2020-01-29,108.38999938964844,113.58999633789062,108.33999633789062,111.37999725341797,642600
2020-01-30,111.98999786376953,126.36000061035156,111.33000183105469,123.66999816894531,830800
2020-01-31,123.58000183105469,126.19000244140625,118.5,119.62999725341797,429200
2020-02-03,119.36000061035156,119.9000015258789,114.06999969482422,115.45999908447266,332200
2020-02-04,117.72000122070312,118.0,114.5,115.0,307300
2020-02-05,115.5999984741211,117.1500015258789,114.26000213623047,116.19000244140625,226400
2020-02-06,116.27999877929688,118.27999877929688,115.22000122070312,115.95999908447266,143600
2020-02-07,115.56999969482422,116.94999694824219,113.33999633789062,115.5199966430664,160400
2020-02-10,115.29000091552734,117.91000366210938,115.05999755859375,117.13999938964844,210600
2020-02-11,117.44000244140625,117.75,115.38999938964844,116.12000274658203,169300
2020-02-12,117.0,117.06999969482422,114.18000030517578,115.19000244140625,227100
2020-02-13,116.20999908447266,119.5,115.33000183105469,116.27999877929688,246100
2020-02-14,116.86000061035156,117.94000244140625,115.54000091552734,117.44000244140625,272100
2020-02-18,117.83000183105469,119.79000091552734,116.25,116.43000030517578,186300
2020-02-19,117.22000122070312,118.18000030517578,116.4800033569336,117.33999633789062,198600
2020-02-20,117.08000183105469,119.0999984741211,116.80999755859375,118.8499984741211,201900
2020-02-21,118.80999755859375,123.83000183105469,118.0,123.5199966430664,325800
2020-02-24,120.95999908447266,123.5,119.4000015258789,122.79000091552734,311400
2020-02-25,122.81999969482422,123.18000030517578,115.77999877929688,116.37999725341797,227100
2020-02-26,116.4000015258789,121.20999908447266,116.13999938964844,119.91000366210938,378100
2020-02-27,118.81999969482422,123.12999725341797,115.94999694824219,120.88999938964844,407900
2020-02-28,117.11000061035156,118.19000244140625,111.58000183105469,116.41000366210938,594400
2020-03-02,117.12999725341797,118.5199966430664,110.55999755859375,115.04000091552734,370300
2020-03-03,114.94000244140625,119.12000274658203,114.01000213623047,115.06999969482422,268100
2020-03-04,116.33999633789062,119.36000061035156,114.66000366210938,119.04000091552734,252600
2020-03-05,116.13999938964844,117.37999725341797,110.2300033569336,114.18000030517578,509200
2020-03-06,110.43000030517578,113.94999694824219,108.19000244140625,110.62999725341797,305700
2020-03-09,105.19000244140625,107.36000061035156,90.5199966430664,91.87000274658203,526300
2020-03-10,93.7300033569336,96.56999969482422,88.56999969482422,96.0999984741211,415700
2020-03-11,93.37999725341797,94.8499984741211,90.2300033569336,91.2699966430664,429100
2020-03-12,84.9800033569336,84.9800033569336,74.16999816894531,74.29000091552734,523900
2020-03-13,77.83999633789062,79.72000122070312,69.43000030517578,76.37000274658203,662600
2020-03-16,69.3499984741211,71.91000366210938,66.55999755859375,67.01000213623047,642900
2020-03-17,68.33999633789062,72.19999694824219,64.87999725341797,72.0,480700
2020-03-18,67.0,69.69000244140625,55.45000076293945,59.5099983215332,496100
2020-03-19,58.4900016784668,61.9900016784668,55.279998779296875,58.75,576900
2020-03-20,58.189998626708984,61.619998931884766,51.0,52.02000045776367,543400
2020-03-23,52.09000015258789,53.4900016784668,43.9900016784668,46.5,552400
2020-03-24,49.68000030517578,72.1500015258789,49.45000076293945,69.0199966430664,609200
2020-03-25,67.11000061035156,79.63999938964844,59.689998626708984,67.02999877929688,650000
2020-03-26,63.27000045776367,68.87000274658203,62.0,63.54999923706055,439400
2020-03-27,60.38999938964844,60.38999938964844,50.810001373291016,57.56999969482422,840800
2020-03-30,57.5099983215332,60.33000183105469,52.2400016784668,57.43000030517578,527500
2020-03-31,56.5099983215332,58.68000030517578,51.84000015258789,53.20000076293945,358600
2020-04-01,50.47999954223633,52.560001373291016,46.0,46.65999984741211,308300
2020-04-02,46.150001525878906,48.099998474121094,44.470001220703125,44.900001525878906,580000
2020-04-03,44.90999984741211,45.86000061035156,40.79999923706055,43.86000061035156,367800
2020-04-06,46.779998779296875,50.47999954223633,45.06999969482422,48.880001068115234,414200
2020-04-07,52.119998931884766,54.060001373291016,48.540000915527344,51.7400016784668,485000
2020-04-08,53.31999969482422,61.68000030517578,52.66999816894531,61.15999984741211,414200
2020-04-09,64.44000244140625,71.18000030517578,62.560001373291016,64.31999969482422,619100
2020-04-13,64.0,64.0,56.7400016784668,59.040000915527344,329600
2020-04-14,60.93000030517578,61.849998474121094,51.810001373291016,52.560001373291016,443900
2020-04-15,51.810001373291016,51.810001373291016,45.04999923706055,45.7599983215332,667000
2020-04-16,45.40999984741211,50.040000915527344,44.0099983215332,49.619998931884766,429700
2020-04-17,51.59000015258789,53.2599983215332,50.02000045776367,50.189998626708984,296800
2020-04-20,48.29999923706055,49.06999969482422,45.0,46.790000915527344,198300
2020-04-21,45.0,48.47999954223633,43.56999969482422,47.65999984741211,457400
2020-04-22,49.25,51.970001220703125,48.33000183105469,51.189998626708984,267900
2020-04-23,51.95000076293945,55.119998931884766,50.290000915527344,53.02000045776367,237900
2020-04-24,53.369998931884766,55.65999984741211,52.290000915527344,54.77000045776367,232800
2020-04-27,55.47999954223633,63.59000015258789,55.47999954223633,62.599998474121094,357500
2020-04-28,65.41999816894531,67.83000183105469,61.43000030517578,63.20000076293945,320000
2020-04-29,66.41999816894531,78.70999908447266,63.20000076293945,75.08999633789062,1028000
2020-04-30,73.0999984741211,74.0,69.93000030517578,72.79000091552734,421900
2020-05-01,69.44999694824219,70.98999786376953,62.560001373291016,66.19000244140625,349700
2020-05-04,64.83999633789062,66.1500015258789,61.66999816894531,64.22000122070312,478700
2020-05-05,65.2300033569336,69.18000030517578,64.02999877929688,68.30000305175781,448700
2020-05-06,68.47000122070312,72.83999633789062,64.72000122070312,71.97000122070312,377000
2020-05-07,74.30999755859375,77.5999984741211,73.1500015258789,74.2300033569336,248000
2020-05-08,76.29000091552734,77.80000305175781,74.38999938964844,75.23999786376953,247000
2020-05-11,73.36000061035156,76.6500015258789,72.06999969482422,75.16999816894531,249700
2020-05-12,75.01000213623047,75.91999816894531,73.9000015258789,74.52999877929688,182400
2020-05-13,73.41000366210938,73.73999786376953,66.9000015258789,69.02999877929688,529500
2020-05-14,67.58000183105469,70.55999755859375,67.08999633789062,70.1500015258789,427000
2020-05-15,70.88999938964844,72.81999969482422,69.44999694824219,72.08999633789062,214900
2020-05-18,76.30999755859375,80.44000244140625,75.30999755859375,80.04000091552734,246500
2020-05-19,79.43000030517578,81.69000244140625,74.5999984741211,77.91999816894531,192300
2020-05-20,79.08999633789062,81.26000213623047,77.12000274658203,78.0999984741211,160800
2020-05-21,78.01000213623047,81.2300033569336,78.01000213623047,80.0,125000
2020-05-22,80.77999877929688,81.23999786376953,80.0,80.26000213623047,215700
2020-05-26,81.12000274658203,88.76000213623047,80.58000183105469,86.7300033569336,233800
2020-05-27,89.95999908447266,91.37999725341797,85.13999938964844,91.2300033569336,260400
2020-05-28,92.13999938964844,92.97000122070312,88.16000366210938,88.7300033569336,210500
2020-05-29,87.37999725341797,92.62000274658203,86.62999725341797,90.12999725341797,374600
2020-06-01,89.7300033569336,90.36000061035156,87.37000274658203,88.16000366210938,497700
2020-06-02,89.66000366210938,90.69000244140625,86.51000213623047,86.69000244140625,441700
2020-06-03,87.6500015258789,88.80000305175781,85.30000305175781,85.41999816894531,420600
2020-06-04,83.83999633789062,84.94000244140625,80.94000244140625,81.0199966430664,386600
2020-06-05,84.51000213623047,85.1500015258789,80.16999816894531,81.61000061035156,655700
2020-06-08,83.58999633789062,97.0999984741211,82.58000183105469,96.95999908447266,268400
2020-06-09,92.44000244140625,95.3499984741211,88.55000305175781,93.58999633789062,292600
2020-06-10,92.12000274658203,92.12000274658203,86.56999969482422,86.72000122070312,262600
2020-06-11,81.66000366210938,81.69000244140625,72.97000122070312,73.27999877929688,359100
2020-06-12,78.58999633789062,80.55000305175781,73.97000122070312,78.44000244140625,206000
2020-06-15,74.87999725341797,81.31999969482422,74.52999877929688,80.18000030517578,173100
2020-06-16,84.55999755859375,85.83999633789062,79.7699966430664,80.62000274658203,162500
2020-06-17,80.55000305175781,80.9000015258789,77.76000213623047,78.41999816894531,166700
2020-06-18,76.83999633789062,81.55000305175781,75.75,80.63999938964844,157800
2020-06-19,81.0,81.91999816894531,76.36000061035156,76.93000030517578,237100
2020-06-22,76.93000030517578,79.1500015258789,75.5199966430664,78.95999908447266,137500
2020-06-23,80.58000183105469,80.7300033569336,78.36000061035156,79.51000213623047,134000
2020-06-24,78.29000091552734,81.41000366210938,77.26000213623047,80.58999633789062,169800
2020-06-25,79.62999725341797,81.54000091552734,78.6500015258789,81.29000091552734,149600
2020-06-26,80.7699966430664,81.41000366210938,77.54000091552734,78.11000061035156,424900
2020-06-29,79.76000213623047,85.5,78.19999694824219,82.73999786376953,181200
2020-06-30,82.22000122070312,82.22000122070312,74.30000305175781,76.33999633789062,397900
2020-07-01,75.70999908447266,78.44999694824219,74.81999969482422,75.22000122070312,154800
2020-07-02,77.29000091552734,79.18000030517578,74.25,74.70999908447266,133800
2020-07-06,76.51000213623047,77.58000183105469,73.31999969482422,74.19999694824219,195800
2020-07-07,73.23999786376953,73.8499984741211,71.2699966430664,71.66999816894531,132000
2020-07-08,71.66999816894531,72.13999938964844,70.05000305175781,72.05999755859375,180900
2020-07-09,71.9000015258789,72.1500015258789,68.73999786376953,71.33000183105469,190800
2020-07-10,71.27999877929688,73.88999938964844,70.25,73.7699966430664,153800
2020-07-13,75.87999725341797,76.54000091552734,71.72000122070312,72.98999786376953,188400
2020-07-14,72.58999633789062,76.72000122070312,71.73999786376953,76.06999969482422,186900
2020-07-15,78.73999786376953,84.48999786376953,78.0999984741211,82.66000366210938,256600
2020-07-16,81.61000061035156,83.13999938964844,80.06999969482422,80.97000122070312,137400
2020-07-17,81.26000213623047,83.69000244140625,79.76000213623047,83.45999908447266,172300
2020-07-20,82.83000183105469,83.66999816894531,79.9800033569336,80.6500015258789,134100
2020-07-21,82.01000213623047,84.26000213623047,81.41000366210938,82.41999816894531,105700
2020-07-22,82.04000091552734,83.69000244140625,81.58000183105469,82.37999725341797,168700
2020-07-23,82.1500015258789,84.12000274658203,80.27999877929688,80.6500015258789,164500
2020-07-24,80.70999908447266,81.08999633789062,78.54000091552734,79.18000030517578,116900
2020-07-27,79.12999725341797,84.91000366210938,78.81999969482422,84.7300033569336,131100
2020-07-28,83.98999786376953,85.12999725341797,81.0999984741211,82.63999938964844,293400
2020-07-29,83.37000274658203,93.30000305175781,83.37000274658203,92.02999877929688,178400
2020-07-30,106.9000015258789,123.30000305175781,102.0,102.66000366210938,918900
2020-07-31,101.04000091552734,103.31999969482422,95.79000091552734,100.0,299300
2020-08-03,99.9800033569336,100.81999969482422,96.19999694824219,97.44999694824219,190800
2020-08-04,97.44000244140625,100.22000122070312,96.52999877929688,97.02999877929688,109300
2020-08-05,97.62999725341797,99.20999908447266,95.70999908447266,98.56999969482422,111800
2020-08-06,97.18000030517578,100.0,96.25,99.7300033569336,115400
2020-08-07,98.54000091552734,100.7699966430664,96.91000366210938,98.29000091552734,154100
2020-08-10,99.36000061035156,101.0,99.08000183105469,99.51000213623047,161900
2020-08-11,99.75,101.19999694824219,96.45999908447266,97.41999816894531,151700
2020-08-12,98.73999786376953,99.06999969482422,96.19999694824219,97.93000030517578,85700
2020-08-13,96.86000061035156,97.66000366210938,94.7699966430664,96.19999694824219,87800
2020-08-14,95.5999984741211,96.47000122070312,94.55999755859375,95.30999755859375,89500
2020-08-17,97.0,100.33999633789062,95.63999938964844,99.12000274658203,179900
2020-08-18,98.12999725341797,98.20999908447266,90.19000244140625,92.51000213623047,174000
2020-08-19,91.98999786376953,94.94000244140625,91.5199966430664,93.38999938964844,107000
2020-08-20,92.27999877929688,97.26000213623047,92.27999877929688,96.02999877929688,86600
2020-08-21,95.19000244140625,95.66000366210938,92.37000274658203,93.80999755859375,88100
2020-08-24,95.0,96.23999786376953,93.56999969482422,96.05000305175781,69500
2020-08-25,96.95999908447266,96.95999908447266,94.18000030517578,96.55000305175781,85200
2020-08-26,96.54000091552734,97.70999908447266,94.58000183105469,95.19999694824219,80300
2020-08-27,95.94000244140625,96.66000366210938,94.25,95.94999694824219,68300
2020-08-28,96.45999908447266,97.47000122070312,93.91000366210938,95.08999633789062,88200
2020-08-31,96.36000061035156,97.62999725341797,91.37000274658203,92.69999694824219,161200
2020-09-01,91.44000244140625,93.5999984741211,90.51000213623047,93.55999755859375,201600
2020-09-02,93.37999725341797,95.58999633789062,91.22000122070312,94.91000366210938,115400
2020-09-03,94.05999755859375,94.2300033569336,86.97000122070312,87.5,149300
2020-09-04,89.16000366210938,89.16000366210938,82.5,85.22000122070312,122100
2020-09-08,83.87999725341797,86.0,81.69999694824219,83.88999938964844,117100
2020-09-09,84.70999908447266,84.70999908447266,80.91000366210938,82.16000366210938,136600
2020-09-10,82.77999877929688,85.54000091552734,81.80999755859375,81.87999725341797,185600
2020-09-11,81.91999816894531,82.33000183105469,79.22000122070312,81.80999755859375,179300
2020-09-14,82.56999969482422,84.52999877929688,81.62000274658203,83.76000213623047,143200
2020-09-15,84.4000015258789,85.0,80.12000274658203,80.29000091552734,114500
2020-09-16,81.04000091552734,81.79000091552734,79.41000366210938,80.66999816894531,137600
2020-09-17,79.0,81.4000015258789,78.20999908447266,80.69000244140625,141100
2020-09-18,81.38999938964844,81.69000244140625,75.87999725341797,77.02999877929688,626100
2020-09-21,74.9000015258789,76.12999725341797,71.97000122070312,75.94999694824219,189500
2020-09-22,76.19000244140625,76.79000091552734,73.11000061035156,75.3499984741211,175800
2020-09-23,75.73999786376953,77.37000274658203,69.93000030517578,70.22000122070312,218600
2020-09-24,69.94000244140625,71.81999969482422,68.2699966430664,71.19000244140625,173500
2020-09-25,70.9000015258789,73.08000183105469,70.04000091552734,72.30000305175781,84300
2020-09-28,73.38999938964844,75.55000305175781,72.5,75.12999725341797,132000
2020-09-29,75.0199966430664,75.37000274658203,73.33000183105469,74.12000274658203,74200
2020-09-30,74.94000244140625,76.73999786376953,74.51000213623047,75.16000366210938,111900
2020-10-01,74.94000244140625,77.04000091552734,73.0999984741211,75.30999755859375,120100
2020-10-02,73.44999694824219,78.31999969482422,72.86000061035156,78.22000122070312,116100
2020-10-05,79.05000305175781,80.83999633789062,78.01000213623047,80.68000030517578,146700
2020-10-06,81.4800033569336,84.16999816894531,80.26000213623047,81.05999755859375,154100
2020-10-07,82.77999877929688,85.3499984741211,82.27999877929688,84.72000122070312,138100
2020-10-08,86.19999694824219,87.93000030517578,84.9800033569336,85.94000244140625,92300
2020-10-09,86.81999969482422,89.69000244140625,85.54000091552734,85.72000122070312,113500
2020-10-12,85.7699966430664,88.73999786376953,85.30999755859375,88.4800033569336,68600
2020-10-13,87.5199966430664,88.37000274658203,84.61000061035156,84.97000122070312,56600
2020-10-14,85.58000183105469,87.79000091552734,85.58000183105469,87.0999984741211,86100
2020-10-15,85.75,87.66999816894531,84.05000305175781,87.18000030517578,91600
2020-10-16,86.70999908447266,88.0999984741211,85.98999786376953,87.20999908447266,61100
2020-10-19,87.55999755859375,87.55999755859375,83.25,83.7699966430664,99300
2020-10-20,84.47000122070312,85.94000244140625,82.41000366210938,83.05999755859375,67600
2020-10-21,82.9800033569336,83.0999984741211,80.56999969482422,82.26000213623047,79100
2020-10-22,83.19999694824219,84.58000183105469,82.27999877929688,82.69999694824219,76700
2020-10-23,83.31999969482422,83.31999969482422,79.05000305175781,81.61000061035156,106600
2020-10-26,80.0999984741211,81.23999786376953,76.56999969482422,80.69999694824219,181300
2020-10-27,80.44999694824219,82.68000030517578,79.4000015258789,79.6500015258789,86400
2020-10-28,77.5199966430664,77.9000015258789,74.11000061035156,76.25,155400
2020-10-29,75.45999908447266,82.38999938964844,75.26000213623047,77.1500015258789,168600
2020-10-30,76.11000061035156,79.36000061035156,72.13999938964844,73.4000015258789,203800
2020-11-02,74.97000122070312,78.88999938964844,74.31999969482422,77.86000061035156,114500
2020-11-03,79.7699966430664,83.2300033569336,78.51000213623047,82.22000122070312,84700
2020-11-04,81.37999725341797,83.33999633789062,81.0199966430664,82.41000366210938,57000
2020-11-05,83.19999694824219,87.0,83.19999694824219,86.77999877929688,81600
2020-11-06,86.70999908447266,87.22000122070312,83.54000091552734,83.87000274658203,63100
2020-11-09,90.37000274658203,95.22000122070312,89.87999725341797,90.04000091552734,132900
2020-11-10,91.5999984741211,92.5,86.05000305175781,86.80000305175781,173100
2020-11-11,87.69999694824219,87.75,82.06999969482422,83.0,127700
2020-11-12,81.7300033569336,84.0,77.93000030517578,78.93000030517578,144000
2020-11-13,79.81999969482422,83.44999694824219,79.81999969482422,82.79000091552734,115600
2020-11-16,85.08999633789062,85.87999725341797,80.98999786376953,85.4000015258789,184100
2020-11-17,84.12999725341797,85.41999816894531,79.4800033569336,84.33000183105469,129100
2020-11-18,84.19000244140625,88.41999816894531,84.19000244140625,85.41999816894531,64600
2020-11-19,85.5,86.83000183105469,83.27999877929688,86.06999969482422,62200
2020-11-20,85.29000091552734,85.83000183105469,82.63999938964844,85.56999969482422,108600
2020-11-23,86.6500015258789,89.91000366210938,85.69999694824219,88.48999786376953,100800
2020-11-24,89.66999816894531,96.97000122070312,89.4000015258789,96.72000122070312,194000
2020-11-25,96.36000061035156,97.33999633789062,94.62999725341797,96.19999694824219,175700
2020-11-27,96.08000183105469,97.33999633789062,94.05000305175781,94.37000274658203,50800
2020-11-30,94.48999786376953,95.88999938964844,89.2300033569336,89.62999725341797,136500
2020-12-01,91.11000061035156,91.19999694824219,85.98999786376953,88.1500015258789,180900
2020-12-02,87.97000122070312,90.18000030517578,86.43000030517578,87.11000061035156,114800
2020-12-03,87.4000015258789,91.61000061035156,86.08999633789062,89.80000305175781,182000
2020-12-04,89.93000030517578,91.29000091552734,87.3499984741211,88.80000305175781,93700
2020-12-07,89.06999969482422,91.1500015258789,86.22000122070312,90.63999938964844,81700
2020-12-08,89.37000274658203,92.87000274658203,88.63999938964844,90.2300033569336,99600
2020-12-09,92.33000183105469,92.47000122070312,90.11000061035156,91.29000091552734,82600
2020-12-10,90.58999633789062,94.91000366210938,90.58999633789062,93.87999725341797,88300
2020-12-11,92.94999694824219,94.5,90.12000274658203,90.26000213623047,71500
2020-12-14,91.70999908447266,94.16999816894531,91.30999755859375,91.94999694824219,116000
2020-12-15,92.9800033569336,93.54000091552734,90.93000030517578,92.66999816894531,71900
2020-12-16,93.02999877929688,93.52999877929688,89.41000366210938,90.47000122070312,100500
2020-12-17,90.47000122070312,91.8499984741211,89.7699966430664,90.94999694824219,80800
2020-12-18,91.37999725341797,93.77999877929688,90.27999877929688,90.83999633789062,200800
2020-12-21,88.18000030517578,89.0199966430664,85.8499984741211,88.02999877929688,80000
2020-12-22,88.11000061035156,88.76000213623047,86.3499984741211,87.51000213623047,59600
2020-12-23,88.13999938964844,90.0999984741211,86.11000061035156,86.56999969482422,75400
2020-12-24,87.08000183105469,87.37000274658203,86.13999938964844,86.62999725341797,24300
2020-12-28,88.08999633789062,89.1500015258789,86.56999969482422,86.75,65500
2020-12-29,87.19000244140625,88.25,84.98999786376953,86.38999938964844,88600
2020-12-30,86.62999725341797,88.25,85.94999694824219,86.75,46700
2020-12-31,87.04000091552734,88.41000366210938,84.73999786376953,87.73999786376953,113300
2021-01-04,87.94000244140625,88.0,83.4800033569336,85.22000122070312,67500
2021-01-05,86.0,92.68000030517578,82.87999725341797,91.19000244140625,108000
2021-01-06,91.87000274658203,99.25,91.87000274658203,97.41999816894531,121800
2021-01-07,97.1500015258789,97.1500015258789,92.7699966430664,93.06999969482422,87500
2021-01-08,93.0999984741211,95.41999816894531,90.43000030517578,91.6500015258789,145700
2021-01-11,89.86000061035156,92.58999633789062,88.62999725341797,92.4800033569336,53800
2021-01-12,92.52999877929688,98.1500015258789,92.52999877929688,97.5999984741211,80000
2021-01-13,97.72000122070312,98.18000030517578,94.70999908447266,95.23999786376953,65700
2021-01-14,95.83999633789062,98.06999969482422,94.25,95.27999877929688,62800
2021-01-15,93.62000274658203,94.93000030517578,91.37000274658203,93.80000305175781,58700
2021-01-19,94.5199966430664,95.7699966430664,93.36000061035156,94.97000122070312,85400
2021-01-20,94.72000122070312,97.58999633789062,94.72000122070312,95.4000015258789,38500
2021-01-21,95.58000183105469,96.31999969482422,93.23999786376953,95.36000061035156,49600
2021-01-22,94.43000030517578,96.62000274658203,94.13999938964844,96.18000030517578,46600
2021-01-25,95.41999816894531,100.44999694824219,95.2300033569336,97.45999908447266,72900
2021-01-26,98.73999786376953,103.86000061035156,97.66000366210938,103.26000213623047,140000
2021-01-27,101.19000244140625,114.94999694824219,101.19000244140625,114.37999725341797,360000
2021-01-28,119.87999725341797,128.8699951171875,106.5,109.83999633789062,455600
2021-01-29,109.5,109.5,91.37999725341797,91.38999938964844,222700
2021-02-01,92.5199966430664,94.5199966430664,88.76000213623047,92.05000305175781,134200
2021-02-02,92.23999786376953,93.48999786376953,87.62999725341797,91.8499984741211,128600
2021-02-03,91.44999694824219,94.98999786376953,90.48999786376953,94.98999786376953,124000
2021-02-04,93.81999969482422,101.41000366210938,92.37999725341797,100.36000061035156,172600
2021-02-05,101.01000213623047,101.7300033569336,97.0999984741211,98.5199966430664,102700
2021-02-08,99.33000183105469,107.0,98.7300033569336,106.5999984741211,152900
2021-02-09,105.4800033569336,106.55999755859375,102.33999633789062,103.47000122070312,65000
2021-02-10,103.55999755859375,106.79000091552734,103.55999755859375,104.12000274658203,66100
2021-02-11,104.3499984741211,106.20999908447266,102.31999969482422,104.20999908447266,61600
2021-02-12,105.29000091552734,105.5,102.63999938964844,104.88999938964844,103100
2021-02-16,105.16999816894531,106.41999816894531,103.30000305175781,104.69000244140625,104000
2021-02-17,103.55999755859375,103.55999755859375,99.0199966430664,99.06999969482422,88200
2021-02-18,97.94999694824219,97.94999694824219,93.13999938964844,94.52999877929688,113600
2021-02-19,95.20999908447266,96.77999877929688,93.62000274658203,94.83999633789062,61700
2021-02-22,94.48999786376953,96.73999786376953,93.76000213623047,95.37999725341797,59900
2021-02-23,94.69999694824219,99.1500015258789,92.05999755859375,97.55000305175781,86400
2021-02-24,97.8499984741211,101.08999633789062,95.83999633789062,99.69999694824219,60900
2021-02-25,99.38999938964844,101.61000061035156,94.27999877929688,95.66000366210938,85800
2021-02-26,96.47000122070312,101.37000274658203,94.73999786376953,99.08000183105469,127200
2021-03-01,101.4000015258789,102.87999725341797,97.58999633789062,97.88999938964844,142500
2021-03-02,96.88999938964844,96.88999938964844,92.86000061035156,94.3499984741211,62000
2021-03-03,95.26000213623047,98.76000213623047,93.08000183105469,97.0199966430664,101700
2021-03-04,97.04000091552734,99.20999908447266,93.47000122070312,95.12999725341797,86600
2021-03-05,97.33999633789062,98.68000030517578,92.7300033569336,97.91000366210938,78400
2021-03-08,98.83000183105469,100.75,96.44999694824219,99.18000030517578,82900
2021-03-09,100.62999725341797,102.01000213623047,98.80999755859375,99.41000366210938,65100
2021-03-10,100.91000366210938,102.41000366210938,100.02999877929688,101.63999938964844,59100
2021-03-11,102.56999969482422,104.44999694824219,101.25,102.83000183105469,62300
2021-03-12,103.13999938964844,104.68000030517578,101.45999908447266,104.4000015258789,56500
2021-03-15,104.8499984741211,105.5,102.93000030517578,105.33000183105469,57600
2021-03-16,104.33000183105469,104.33000183105469,101.69999694824219,102.9000015258789,54400
2021-03-17,102.69000244140625,105.5,98.91000366210938,105.33999633789062,84000
2021-03-18,103.62999725341797,105.48999786376953,100.98999786376953,101.81999969482422,68400
2021-03-19,101.61000061035156,105.5,101.61000061035156,104.66000366210938,201700
2021-03-22,105.48999786376953,105.48999786376953,100.51000213623047,101.83999633789062,41900
2021-03-23,100.19999694824219,101.25,93.75,94.2300033569336,96100
2021-03-24,95.0,100.0,93.7699966430664,94.58999633789062,124100
2021-03-25,93.55999755859375,96.72000122070312,92.22000122070312,96.27999877929688,60500
2021-03-26,97.2699966430664,100.56999969482422,96.62000274658203,100.1500015258789,76200
2021-03-29,99.97000122070312,101.66000366210938,97.37999725341797,98.93000030517578,77100
2021-03-30,98.5999984741211,99.91000366210938,96.8499984741211,99.45999908447266,49400
2021-03-31,100.08999633789062,102.08999633789062,99.62999725341797,100.12999725341797,76200
2021-04-01,101.11000061035156,104.63999938964844,99.62999725341797,103.55999755859375,86200
2021-04-05,103.91999816894531,105.9000015258789,103.5,105.9000015258789,72900
2021-04-06,105.80000305175781,107.9800033569336,104.91999816894531,107.93000030517578,84300
2021-04-07,107.80000305175781,107.94000244140625,105.97000122070312,107.22000122070312,54500
2021-04-08,107.37000274658203,108.44999694824219,105.41000366210938,106.16999816894531,95200
2021-04-09,105.44999694824219,107.72000122070312,103.9000015258789,106.2699966430664,51000
2021-04-12,106.93000030517578,107.51000213623047,104.86000061035156,107.41999816894531,24200
2021-04-13,107.54000091552734,107.87999725341797,104.12999725341797,104.69999694824219,57000
2021-04-14,105.0,107.4800033569336,104.51000213623047,104.97000122070312,37100
2021-04-15,108.5,111.01000213623047,99.37999725341797,99.98999786376953,99500
2021-04-16,100.93000030517578,102.80000305175781,97.77999877929688,101.8499984741211,83200
2021-04-19,101.69999694824219,101.69999694824219,97.18000030517578,99.7699966430664,47400
2021-04-20,99.19000244140625,99.19000244140625,92.47000122070312,95.62999725341797,180100
2021-04-21,95.44000244140625,97.72000122070312,93.13999938964844,96.19999694824219,107600
2021-04-22,96.91000366210938,98.05000305175781,93.68000030517578,94.54000091552734,76000
2021-04-23,94.94000244140625,96.44999694824219,93.86000061035156,95.22000122070312,31800
2021-04-26,96.12000274658203,97.47000122070312,95.20999908447266,96.6500015258789,36300
2021-04-27,95.97000122070312,97.54000091552734,95.69999694824219,95.9800033569336,39000
2021-04-28,96.7699966430664,97.2300033569336,94.5999984741211,95.0,54200
2021-04-29,95.66000366210938,96.41999816894531,92.58999633789062,96.1500015258789,69600
2021-04-30,95.75,95.97000122070312,92.70999908447266,95.26000213623047,110100
2021-05-03,95.9000015258789,99.69000244140625,94.0,98.22000122070312,77800
2021-05-04,97.94000244140625,98.76000213623047,95.44999694824219,98.75,173500
2021-05-05,99.4000015258789,99.97000122070312,95.5199966430664,96.05000305175781,109200
2021-05-06,96.62999725341797,98.16999816894531,93.63999938964844,95.18000030517578,72300
2021-05-07,94.77999877929688,101.98999786376953,94.77999877929688,101.48999786376953,71500
2021-05-10,101.75,101.88999938964844,98.38999938964844,98.38999938964844,45200
2021-05-11,95.9000015258789,101.44000244140625,94.19999694824219,100.66999816894531,62600
2021-05-12,99.62999725341797,106.11000061035156,99.62999725341797,101.38999938964844,357300
2021-05-13,101.12000274658203,104.01000213623047,99.61000061035156,103.05999755859375,86300
2021-05-14,104.30999755859375,107.0,102.80999755859375,104.2300033569336,73300
2021-05-17,102.94000244140625,106.16000366210938,101.86000061035156,103.69999694824219,71000
2021-05-18,103.63999938964844,104.81999969482422,96.0999984741211,96.27999877929688,493400
2021-05-19,94.69999694824219,99.48999786376953,93.27999877929688,98.9000015258789,103700
2021-05-20,98.31999969482422,100.31999969482422,96.3499984741211,97.86000061035156,76800
2021-05-21,98.9000015258789,99.87999725341797,95.94000244140625,97.37000274658203,75400
2021-05-24,97.91000366210938,98.4000015258789,96.80000305175781,97.18000030517578,56600
2021-05-25,97.11000061035156,98.80999755859375,94.6500015258789,95.18000030517578,110000
2021-05-26,95.51000213623047,97.7300033569336,91.62000274658203,96.23999786376953,171300
2021-05-27,96.44000244140625,99.80999755859375,93.94999694824219,98.52999877929688,135800
2021-05-28,99.13999938964844,99.30999755859375,95.51000213623047,99.30999755859375,68400
2021-06-01,100.0,100.61000061035156,96.68000030517578,99.04000091552734,70700
2021-06-02,99.61000061035156,100.91999816894531,97.38999938964844,98.86000061035156,178200
2021-06-03,98.26000213623047,100.12000274658203,96.55999755859375,99.05000305175781,80400
2021-06-04,99.58000183105469,100.12999725341797,95.83000183105469,96.41000366210938,59600
2021-06-07,96.87999725341797,98.0,95.27999877929688,97.94000244140625,88200
2021-06-08,98.19000244140625,100.52999877929688,97.31999969482422,99.6500015258789,82900
2021-06-09,99.4800033569336,100.86000061035156,98.91999816894531,100.22000122070312,64800
2021-06-10,100.9000015258789,101.3499984741211,98.79000091552734,100.70999908447266,93700
2021-06-11,101.55999755859375,105.12999725341797,101.13999938964844,105.12999725341797,79100
2021-06-14,105.22000122070312,106.19000244140625,102.95999908447266,104.05999755859375,100500
2021-06-15,104.0,105.37000274658203,103.0,105.12000274658203,98000
2021-06-16,105.05000305175781,107.04000091552734,103.26000213623047,106.9000015258789,100200
2021-06-17,106.06999969482422,108.26000213623047,104.79000091552734,105.23999786376953,106200
2021-06-18,103.23999786376953,105.23999786376953,99.23999786376953,101.55999755859375,190700
2021-06-21,102.7300033569336,103.55000305175781,99.87000274658203,102.76000213623047,91500
2021-06-22,102.31999969482422,105.44000244140625,100.86000061035156,104.20999908447266,76900
2021-06-23,104.08000183105469,106.16999816894531,103.33999633789062,104.83999633789062,93700
2021-06-24,105.43000030517578,108.5,104.63999938964844,108.22000122070312,81800
2021-06-25,108.5,109.69000244140625,106.30999755859375,106.69999694824219,713700
2021-06-28,107.22000122070312,108.70999908447266,104.97000122070312,108.1500015258789,82100
2021-06-29,108.05000305175781,109.58999633789062,105.87000274658203,109.44999694824219,76900
2021-06-30,109.30000305175781,110.33999633789062,107.2699966430664,108.41000366210938,91000
2021-07-01,109.73999786376953,109.94000244140625,107.93000030517578,108.94999694824219,54400
2021-07-02,109.31999969482422,110.54000091552734,107.80999755859375,109.05000305175781,55000
2021-07-06,108.70999908447266,110.05000305175781,107.44999694824219,108.77999877929688,59400
2021-07-07,109.0,110.48999786376953,106.0999984741211,109.04000091552734,73500
2021-07-08,107.37000274658203,109.27999877929688,106.16999816894531,108.54000091552734,123800
2021-07-09,109.94999694824219,111.18000030517578,108.9800033569336,110.70999908447266,97400
2021-07-12,109.87000274658203,112.4800033569336,108.61000061035156,111.94999694824219,85700
2021-07-13,110.83000183105469,113.88999938964844,110.7300033569336,112.44000244140625,110700
2021-07-14,112.80999755859375,114.4800033569336,108.81999969482422,108.95999908447266,132800
2021-07-15,108.72000122070312,111.80000305175781,108.38999938964844,111.3499984741211,87200
2021-07-16,112.76000213623047,114.05999755859375,112.4000015258789,113.83999633789062,84300
2021-07-19,111.66999816894531,114.30000305175781,110.0,110.83999633789062,100300
2021-07-20,111.41999816894531,121.95999908447266,111.41999816894531,120.33000183105469,195400
2021-07-21,120.44000244140625,122.30000305175781,116.45999908447266,117.05000305175781,81400
2021-07-22,117.05999755859375,119.43000030517578,116.19000244140625,117.83999633789062,82500
2021-07-23,118.4800033569336,120.30999755859375,116.20999908447266,118.76000213623047,47700
2021-07-26,119.47000122070312,120.30000305175781,116.43000030517578,117.58000183105469,63400
2021-07-27,116.55000305175781,117.97000122070312,114.0,115.4000015258789,91000
2021-07-28,116.68000030517578,118.12000274658203,115.20999908447266,116.87999725341797,104300
2021-07-29,116.73999786376953,116.73999786376953,101.4800033569336,104.0199966430664,244000
2021-07-30,103.01000213623047,104.58999633789062,100.12999725341797,102.25,90400
2021-08-02,102.0,104.9800033569336,100.2300033569336,103.18000030517578,85300
2021-08-03,102.77999877929688,102.77999877929688,98.70999908447266,102.29000091552734,83100
2021-08-04,100.98999786376953,102.0,99.12000274658203,100.48999786376953,89200
2021-08-05,100.2300033569336,100.62000274658203,96.81999969482422,96.81999969482422,105600
2021-08-06,97.9800033569336,97.9800033569336,95.08000183105469,96.13999938964844,83400
2021-08-09,95.73999786376953,96.58999633789062,92.33000183105469,95.26000213623047,97500
2021-08-10,95.62000274658203,96.83999633789062,93.62000274658203,95.05000305175781,80200
2021-08-11,95.73999786376953,98.5,94.87999725341797,96.02999877929688,91300
2021-08-12,96.0,97.51000213623047,93.80999755859375,94.52999877929688,76600
2021-08-13,93.61000061035156,94.75,91.97000122070312,93.58999633789062,96300
2021-08-16,93.44999694824219,93.80999755859375,91.08999633789062,92.91999816894531,65500
2021-08-17,91.7699966430664,92.5,89.55999755859375,90.95999908447266,80900
2021-08-18,90.86000061035156,92.2699966430664,89.83999633789062,89.83999633789062,57400
2021-08-19,88.87000274658203,90.25,88.66000366210938,89.62999725341797,71500
2021-08-20,89.02999877929688,92.41999816894531,89.02999877929688,92.13999938964844,68500
2021-08-23,92.27999877929688,94.26000213623047,91.2699966430664,91.80000305175781,61500
2021-08-24,92.01000213623047,93.69999694824219,92.01000213623047,93.0999984741211,47200
2021-08-25,93.52999877929688,94.30999755859375,92.83999633789062,93.18000030517578,39000
2021-08-26,92.83999633789062,93.55000305175781,90.06999969482422,92.08999633789062,58800
2021-08-27,92.05999755859375,94.5199966430664,91.3499984741211,93.80999755859375,76800
2021-08-30,93.83000183105469,94.5,93.05999755859375,93.77999877929688,79000
2021-08-31,93.87000274658203,95.6500015258789,92.55999755859375,94.9800033569336,70000
2021-09-01,95.52999877929688,96.73999786376953,94.70999908447266,95.7300033569336,63000
2021-09-02,95.87999725341797,97.37999725341797,95.51000213623047,96.61000061035156,62700
2021-09-03,96.41999816894531,96.41999816894531,94.19999694824219,95.02999877929688,49700
2021-09-07,94.37999725341797,94.55000305175781,88.93000030517578,88.94999694824219,152700
2021-09-08,88.6500015258789,89.0,85.66999816894531,85.93000030517578,179600
2021-09-09,84.47000122070312,88.3499984741211,84.44999694824219,87.43000030517578,90800
2021-09-10,88.16999816894531,88.37999725341797,84.68000030517578,84.79000091552734,82700
2021-09-13,85.44000244140625,87.81999969482422,85.0,87.69999694824219,76300
2021-09-14,88.51000213623047,88.51000213623047,84.3499984741211,84.86000061035156,87800
2021-09-15,86.0,87.80000305175781,85.62999725341797,86.05999755859375,110200
2021-09-16,86.19999694824219,90.73999786376953,86.19999694824219,90.0,112900
2021-09-17,90.94999694824219,90.94999694824219,86.87999725341797,89.4000015258789,325900
2021-09-20,87.73999786376953,88.37000274658203,84.55999755859375,85.36000061035156,99500
2021-09-21,85.95999908447266,87.79000091552734,83.36000061035156,83.62999725341797,55500
2021-09-22,83.9000015258789,86.04000091552734,83.05000305175781,83.86000061035156,75500
2021-09-23,84.05000305175781,85.95999908447266,83.68000030517578,85.23999786376953,55300
2021-09-24,84.43000030517578,84.73999786376953,83.0999984741211,83.43000030517578,68900
2021-09-27,83.88999938964844,87.30999755859375,82.69000244140625,86.2699966430664,81200
2021-09-28,85.54000091552734,86.88999938964844,84.02999877929688,85.4800033569336,87600
2021-09-29,85.6500015258789,87.05000305175781,84.5199966430664,86.47000122070312,69700
2021-09-30,86.94000244140625,90.02999877929688,86.68000030517578,86.83000183105469,80500
2021-10-01,86.97000122070312,90.76000213623047,85.79000091552734,90.48999786376953,109500
2021-10-04,90.48999786376953,90.80000305175781,87.80999755859375,88.80999755859375,73200
2021-10-05,88.81999969482422,90.97000122070312,87.27999877929688,90.37999725341797,65800
2021-10-06,89.33999633789062,90.51000213623047,88.19999694824219,89.45999908447266,71100
2021-10-07,89.87000274658203,91.98999786376953,89.83999633789062,90.7699966430664,76400
2021-10-08,90.69999694824219,91.41000366210938,84.30999755859375,84.43000030517578,97200
2021-10-11,84.44000244140625,84.44000244140625,81.63999938964844,81.94999694824219,89700
2021-10-12,81.62000274658203,85.33000183105469,81.62000274658203,85.30999755859375,61000
2021-10-13,85.38999938964844,86.1500015258789,83.93000030517578,84.88999938964844,50300
2021-10-14,86.16999816894531,87.86000061035156,85.63999938964844,87.16999816894531,53000
2021-10-15,87.63999938964844,88.0,86.91999816894531,87.37999725341797,108600
2021-10-18,87.30999755859375,89.05000305175781,87.19000244140625,89.04000091552734,65100
2021-10-19,89.47000122070312,90.97000122070312,88.83999633789062,89.62000274658203,807500
2021-10-20,89.83000183105469,91.58000183105469,87.72000122070312,88.41999816894531,86900
2021-10-21,87.94999694824219,88.97000122070312,86.41999816894531,88.16000366210938,74700
2021-10-22,87.88999938964844,89.33000183105469,85.4000015258789,88.58999633789062,56100
2021-10-25,88.37000274658203,90.30999755859375,87.52999877929688,88.86000061035156,62100
2021-10-26,89.29000091552734,91.37999725341797,88.66999816894531,90.87000274658203,113600
2021-10-27,90.08000183105469,90.08000183105469,84.05999755859375,86.87000274658203,167600
2021-10-28,88.2699966430664,97.91000366210938,88.2699966430664,89.6500015258789,145200
2021-10-29,90.13999938964844,94.12000274658203,86.62000274658203,89.31999969482422,107100
2021-11-01,89.48999786376953,93.0999984741211,88.80999755859375,92.69000244140625,81200
2021-11-02,92.54000091552734,93.1500015258789,91.19999694824219,92.26000213623047,76000
2021-11-03,92.26000213623047,93.72000122070312,89.70999908447266,92.37000274658203,85500
2021-11-04,92.5199966430664,93.45999908447266,89.51000213623047,91.8499984741211,71700
2021-11-05,91.72000122070312,93.51000213623047,91.20999908447266,92.41999816894531,133300
2021-11-08,93.66000366210938,94.0,91.69000244140625,92.20999908447266,75500
2021-11-09,92.41000366210938,93.30000305175781,90.16999816894531,90.27999877929688,97400
2021-11-10,89.79000091552734,90.2300033569336,85.23999786376953,87.08000183105469,190400
2021-11-11,87.55000305175781,87.55999755859375,86.20999908447266,86.76000213623047,70200
2021-11-12,86.91000366210938,88.3499984741211,86.69999694824219,88.0,80200
2021-11-15,88.33000183105469,92.11000061035156,85.1500015258789,88.97000122070312,61100
2021-11-16,88.56999969482422,90.1500015258789,86.41999816894531,86.66000366210938,65900
2021-11-17,85.88999938964844,87.29000091552734,83.97000122070312,84.86000061035156,63200
2021-11-18,84.81999969482422,88.80999755859375,80.0,80.2699966430664,163900
2021-11-19,79.25,80.83999633789062,79.25,79.83000183105469,91100
2021-11-22,79.98999786376953,81.76000213623047,78.80000305175781,80.37000274658203,91200
2021-11-23,80.16000366210938,81.31999969482422,78.5,80.87999725341797,68100
2021-11-24,80.06999969482422,83.5999984741211,80.06999969482422,83.37000274658203,62400
2021-11-26,80.72000122070312,83.13999938964844,77.61000061035156,79.4000015258789,77600
2021-11-29,80.79000091552734,81.87000274658203,78.75,80.38999938964844,81200
2021-11-30,79.19999694824219,79.80999755859375,76.13999938964844,77.83000183105469,87000
2021-12-01,79.83000183105469,80.2699966430664,75.08999633789062,75.7699966430664,128000
2021-12-02,75.9800033569336,80.4800033569336,75.9800033569336,79.61000061035156,113100
2021-12-03,79.80000305175781,80.0,76.73999786376953,77.62000274658203,81300
2021-12-06,78.66999816894531,80.05000305175781,78.02999877929688,78.79000091552734,79100
2021-12-07,80.1500015258789,81.23999786376953,78.33999633789062,78.56999969482422,83000
2021-12-08,78.80999755859375,79.27999877929688,76.38999938964844,76.81999969482422,63100
2021-12-09,75.62000274658203,76.20999908447266,72.98999786376953,73.0999984741211,98700
2021-12-10,73.88999938964844,74.1500015258789,70.26000213623047,71.87999725341797,103800
2021-12-13,71.83999633789062,72.76000213623047,68.87000274658203,69.12000274658203,105700
2021-12-14,68.5999984741211,70.55999755859375,68.36000061035156,69.83999633789062,160800
2021-12-15,70.19000244140625,71.5999984741211,67.33999633789062,70.86000061035156,111600
2021-12-16,71.44000244140625,72.01000213623047,69.44999694824219,70.16999816894531,113600
2021-12-17,70.30000305175781,70.55999755859375,66.91000366210938,67.6500015258789,239600
2021-12-20,66.30999755859375,67.44999694824219,65.3499984741211,66.22000122070312,111700
2021-12-21,66.93000030517578,68.62999725341797,66.9000015258789,67.94999694824219,88800
2021-12-22,67.72000122070312,69.37999725341797,67.72000122070312,69.11000061035156,71700
2021-12-23,69.69000244140625,70.29000091552734,69.38999938964844,69.77999877929688,58600
2021-12-27,69.66999816894531,69.66999816894531,66.87000274658203,68.26000213623047,113000
2021-12-28,68.52999877929688,69.61000061035156,68.30000305175781,69.0,108900
2021-12-29,69.22000122070312,69.47000122070312,66.73999786376953,67.83000183105469,97300
2021-12-30,67.83000183105469,71.83000183105469,67.5199966430664,70.66000366210938,73400
2021-12-31,70.23999786376953,72.77999877929688,69.87000274658203,71.61000061035156,67900
2022-01-03,72.0,73.5999984741211,71.45999908447266,73.16999816894531,87000
2022-01-04,73.23999786376953,75.13999938964844,72.68000030517578,73.9000015258789,68800
2022-01-05,73.83999633789062,73.83999633789062,69.5999984741211,69.76000213623047,63300
2022-01-06,69.87999725341797,72.66000366210938,69.87999725341797,72.31999969482422,78800
2022-01-07,71.88999938964844,73.18000030517578,70.13999938964844,70.73999786376953,77000
2022-01-10,70.31999969482422,71.55000305175781,69.05000305175781,70.83000183105469,56400
2022-01-11,70.72000122070312,73.0199966430664,70.08000183105469,72.33999633789062,66300
2022-01-12,72.5,73.18000030517578,71.7300033569336,72.0199966430664,60000
2022-01-13,72.11000061035156,73.36000061035156,71.69000244140625,71.97000122070312,56500
2022-01-14,71.55999755859375,73.80000305175781,71.05000305175781,73.5999984741211,73400
2022-01-18,72.37999725341797,73.0999984741211,72.0,72.44999694824219,64200
2022-01-19,72.58999633789062,73.30000305175781,70.47000122070312,71.63999938964844,79000
2022-01-20,71.75,73.79000091552734,71.52999877929688,72.0,99200
2022-01-21,71.95999908447266,72.9000015258789,69.70999908447266,71.70999908447266,153700
2022-01-24,70.51000213623047,74.19999694824219,68.16999816894531,73.52999877929688,120000
2022-01-25,72.33999633789062,73.08999633789062,69.20999908447266,71.91999816894531,91300
2022-01-26,72.88999938964844,73.29000091552734,69.08000183105469,70.20999908447266,93600
2022-01-27,73.41999816894531,75.4000015258789,67.05000305175781,67.13999938964844,186400
2022-01-28,67.44000244140625,69.37000274658203,65.7699966430664,69.2300033569336,90400
2022-01-31,68.52999877929688,69.93000030517578,66.2699966430664,67.22000122070312,84500
2022-02-01,67.27999877929688,68.63999938964844,64.63999938964844,66.20999908447266,115200
2022-02-02,65.7699966430664,66.44999694824219,65.0199966430664,65.41999816894531,108900
2022-02-03,64.77999877929688,66.44000244140625,63.66999816894531,64.16000366210938,131200
2022-02-04,64.0,64.12999725341797,61.75,62.81999969482422,69300
2022-02-07,62.81999969482422,64.8499984741211,62.0,63.59000015258789,111300
2022-02-08,63.720001220703125,66.44000244140625,63.13999938964844,66.06999969482422,102000
2022-02-09,66.69999694824219,68.5999984741211,65.73999786376953,66.20999908447266,78800
2022-02-10,64.88999938964844,65.79000091552734,64.12999725341797,65.33999633789062,83500
2022-02-11,65.43000030517578,68.12000274658203,65.1500015258789,66.80000305175781,92100
2022-02-14,66.8499984741211,67.62999725341797,66.13999938964844,66.72000122070312,67400
2022-02-15,67.13999938964844,70.33999633789062,67.13999938964844,70.16000366210938,80700
2022-02-16,69.62000274658203,69.62000274658203,67.05999755859375,67.88999938964844,57800
2022-02-17,67.19000244140625,67.62000274658203,65.5999984741211,67.55999755859375,75700
2022-02-18,67.12000274658203,67.9800033569336,65.37999725341797,65.70999908447266,67500
2022-02-22,65.5,65.7699966430664,62.45000076293945,62.619998931884766,121600
2022-02-23,62.939998626708984,63.29999923706055,61.0099983215332,61.47999954223633,75900
2022-02-24,60.31999969482422,62.63999938964844,59.5099983215332,62.61000061035156,80000
2022-02-25,62.43000030517578,63.40999984741211,60.849998474121094,62.189998626708984,71800
2022-02-28,61.290000915527344,63.84000015258789,61.290000915527344,62.9900016784668,85200
2022-03-01,62.650001525878906,62.650001525878906,60.0099983215332,62.189998626708984,87600
2022-03-02,62.470001220703125,65.5999984741211,62.0,65.05000305175781,73300
2022-03-03,65.41000366210938,66.1500015258789,63.77000045776367,64.79000091552734,47400
2022-03-04,63.869998931884766,64.73999786376953,61.5,62.75,63400
2022-03-07,63.0099983215332,63.79999923706055,61.52000045776367,61.72999954223633,64000
2022-03-08,61.900001525878906,64.22000122070312,61.11000061035156,61.66999816894531,53700
2022-03-09,62.560001373291016,64.31999969482422,61.72999954223633,62.97999954223633,45200
2022-03-10,61.709999084472656,61.709999084472656,58.619998931884766,60.41999816894531,101900
2022-03-11,61.15999984741211,61.939998626708984,58.91999816894531,59.869998931884766,47300
2022-03-14,59.79999923706055,61.63999938964844,59.2599983215332,60.720001220703125,69500
2022-03-15,61.36000061035156,63.29999923706055,61.310001373291016,62.47999954223633,44300
2022-03-16,62.779998779296875,64.97000122070312,62.779998779296875,63.93000030517578,76800
2022-03-17,64.2699966430664,66.26000213623047,63.540000915527344,65.87000274658203,53700
2022-03-18,65.47000122070312,66.70999908447266,64.72000122070312,66.62999725341797,107900
2022-03-21,66.18000030517578,67.05000305175781,64.06999969482422,64.47000122070312,50800
2022-03-22,65.13999938964844,66.91000366210938,64.69000244140625,64.83999633789062,54800
2022-03-23,64.30000305175781,64.7699966430664,61.7599983215332,62.31999969482422,54800
2022-03-24,62.459999084472656,63.70000076293945,61.720001220703125,63.70000076293945,35700
2022-03-25,62.45000076293945,64.30999755859375,62.38999938964844,64.0,47400
2022-03-28,63.52000045776367,64.0,62.7400016784668,63.650001525878906,32900
2022-03-29,64.48999786376953,67.30999755859375,63.709999084472656,67.26000213623047,41800
2022-03-30,66.62000274658203,67.23999786376953,64.9000015258789,65.08999633789062,46500
2022-03-31,64.91000366210938,65.86000061035156,63.349998474121094,63.59000015258789,53900
2022-04-01,64.1500015258789,65.86000061035156,63.380001068115234,64.83999633789062,64100
2022-04-04,64.83999633789062,66.58999633789062,64.83999633789062,65.93000030517578,41300
2022-04-05,65.58999633789062,65.81999969482422,63.90999984741211,64.05000305175781,45600
2022-04-06,63.45000076293945,65.0999984741211,61.56999969482422,64.12999725341797,59900
2022-04-07,64.41000366210938,64.87000274658203,61.790000915527344,62.34000015258789,64600
2022-04-08,62.40999984741211,63.119998931884766,60.029998779296875,61.58000183105469,48300
2022-04-11,61.310001373291016,62.38999938964844,59.869998931884766,60.77000045776367,73000
2022-04-12,61.5,63.47999954223633,60.470001220703125,61.04999923706055,38700
2022-04-13,60.81999969482422,62.36000061035156,59.13999938964844,61.900001525878906,46700
2022-04-14,62.18000030517578,62.209999084472656,60.36000061035156,60.459999084472656,44400
2022-04-18,60.220001220703125,60.40999984741211,58.91999816894531,60.150001525878906,50000
2022-04-19,60.18000030517578,63.06999969482422,59.849998474121094,62.20000076293945,42100
2022-04-20,62.63999938964844,63.79999923706055,62.029998779296875,62.81999969482422,55200
2022-04-21,63.4900016784668,64.33000183105469,61.13999938964844,61.95000076293945,59500
2022-04-22,61.599998474121094,65.37999725341797,59.220001220703125,59.34000015258789,70100
2022-04-25,59.0,60.119998931884766,58.38999938964844,60.119998931884766,59300
2022-04-26,59.5099983215332,59.560001373291016,57.36000061035156,57.900001525878906,62500
2022-04-27,58.13999938964844,58.59000015258789,56.970001220703125,57.61000061035156,68400
2022-04-28,57.290000915527344,58.38999938964844,51.560001373291016,53.439998626708984,120800
2022-04-29,53.9900016784668,54.91999816894531,49.09000015258789,50.5099983215332,180000
2022-05-02,50.220001220703125,53.349998474121094,49.5,52.31999969482422,141700
2022-05-03,52.27000045776367,52.790000915527344,51.349998474121094,51.83000183105469,90600
2022-05-04,51.599998474121094,55.06999969482422,50.7400016784668,55.0099983215332,120000
2022-05-05,54.15999984741211,54.72999954223633,48.27000045776367,48.47999954223633,100100
2022-05-06,48.060001373291016,48.060001373291016,45.97999954223633,47.06999969482422,128000
2022-05-09,46.06999969482422,46.79999923706055,44.02000045776367,44.349998474121094,111700
2022-05-10,45.400001525878906,45.560001373291016,42.06999969482422,44.97999954223633,159800
2022-05-11,45.040000915527344,45.060001373291016,41.38999938964844,42.959999084472656,257300
2022-05-12,42.66999816894531,45.529998779296875,41.5,43.2400016784668,88800
2022-05-13,43.75,46.08000183105469,43.75,45.380001068115234,66700
2022-05-16,44.959999084472656,45.970001220703125,43.650001525878906,43.939998626708984,64400
2022-05-17,45.08000183105469,47.18000030517578,44.36000061035156,45.560001373291016,70600
2022-05-18,44.560001373291016,45.72999954223633,43.220001220703125,43.66999816894531,80800
2022-05-19,43.130001068115234,44.63999938964844,43.02000045776367,43.75,67100
2022-05-20,44.56999969482422,45.06999969482422,42.0,43.86000061035156,80600
2022-05-23,44.68000030517578,44.68000030517578,42.709999084472656,43.529998779296875,65600
2022-05-24,43.099998474121094,43.099998474121094,41.20000076293945,42.7400016784668,63700
2022-05-25,42.22999954223633,43.75,41.630001068115234,43.13999938964844,64900
2022-05-26,43.7400016784668,45.77000045776367,43.7400016784668,44.119998931884766,65600
2022-05-27,44.58000183105469,46.13999938964844,44.58000183105469,45.81999969482422,53800
2022-05-31,45.22999954223633,45.90999984741211,43.119998931884766,43.58000183105469,103300
2022-06-01,43.61000061035156,44.220001220703125,42.43000030517578,42.630001068115234,75900
2022-06-02,42.540000915527344,43.88999938964844,42.25,43.5,52800
2022-06-03,42.779998779296875,43.25,42.099998474121094,42.72999954223633,74000
2022-06-06,43.540000915527344,43.79999923706055,41.75,42.56999969482422,83200
2022-06-07,42.099998474121094,43.189998626708984,41.959999084472656,42.560001373291016,46500
2022-06-08,42.119998931884766,42.709999084472656,41.63999938964844,41.720001220703125,60200
2022-06-09,41.220001220703125,41.86000061035156,40.56999969482422,40.79999923706055,97600
2022-06-10,40.13999938964844,40.439998626708984,38.58000183105469,38.709999084472656,82900
2022-06-13,36.779998779296875,38.529998779296875,36.779998779296875,37.439998626708984,121900
2022-06-14,37.560001373291016,37.75,36.11000061035156,36.91999816894531,65500
2022-06-15,37.47999954223633,40.400001525878906,36.959999084472656,40.04999923706055,161000
2022-06-16,38.93000030517578,39.279998779296875,37.880001068115234,38.939998626708984,85400
2022-06-17,38.959999084472656,40.52000045776367,38.83000183105469,39.68000030517578,189400
2022-06-21,40.470001220703125,41.400001525878906,39.720001220703125,40.58000183105469,85900
2022-06-22,39.95000076293945,41.58000183105469,39.95000076293945,40.7400016784668,79800
2022-06-23,41.16999816894531,41.619998931884766,40.22999954223633,41.369998931884766,67900
2022-06-24,41.630001068115234,42.95000076293945,41.27000045776367,41.79999923706055,158800
2022-06-27,41.779998779296875,41.93000030517578,40.88999938964844,41.400001525878906,69600
2022-06-28,41.2599983215332,42.029998779296875,39.77000045776367,40.0,113500
2022-06-29,40.029998779296875,41.63999938964844,38.91999816894531,39.400001525878906,84600
2022-06-30,38.650001525878906,39.119998931884766,37.900001525878906,38.900001525878906,58300
2022-07-01,38.79999923706055,39.790000915527344,38.06999969482422,39.40999984741211,80500
2022-07-05,38.529998779296875,38.529998779296875,36.7400016784668,36.900001525878906,106400
2022-07-06,37.08000183105469,37.529998779296875,33.279998779296875,33.59000015258789,137300
2022-07-07,34.0,34.0,31.979999542236328,33.5099983215332,292900
2022-07-08,33.70000076293945,34.790000915527344,32.29999923706055,32.86000061035156,238800
2022-07-11,32.66999816894531,33.06999969482422,29.5,29.950000762939453,164100
2022-07-12,29.860000610351562,30.079999923706055,27.8700008392334,28.540000915527344,189800
2022-07-13,27.979999542236328,28.670000076293945,26.329999923706055,27.200000762939453,254800
2022-07-14,26.559999465942383,28.040000915527344,25.010000228881836,25.8799991607666,156500
2022-07-15,26.719999313354492,27.350000381469727,26.020000457763672,27.299999237060547,120800
2022-07-18,27.530000686645508,30.030000686645508,27.530000686645508,29.84000015258789,158700
2022-07-19,30.280000686645508,32.11000061035156,30.0,31.799999237060547,397000
2022-07-20,32.34000015258789,34.7599983215332,32.34000015258789,34.380001068115234,244300
2022-07-21,33.849998474121094,35.18000030517578,31.90999984741211,34.040000915527344,117100
2022-07-22,34.11000061035156,35.439998626708984,32.59000015258789,33.11000061035156,81100
2022-07-25,33.25,34.72999954223633,32.29999923706055,34.119998931884766,89600
2022-07-26,33.75,34.290000915527344,32.83000183105469,34.25,61900
2022-07-27,34.75,35.66999816894531,33.029998779296875,34.90999984741211,88600
2022-07-28,34.86000061035156,40.0,34.33000183105469,39.099998474121094,368200
2022-07-29,39.4900016784668,42.52000045776367,39.25,40.189998626708984,261400
2022-08-01,40.18000030517578,40.18000030517578,38.47999954223633,38.90999984741211,221500
2022-08-02,38.47999954223633,38.689998626708984,36.84000015258789,37.06999969482422,161900
2022-08-03,37.41999816894531,38.84000015258789,37.099998474121094,38.25,215300
2022-08-04,38.25,39.09000015258789,36.380001068115234,37.93000030517578,137300
2022-08-05,37.040000915527344,38.119998931884766,36.33000183105469,37.5,85200
2022-08-08,37.9900016784668,40.040000915527344,37.869998931884766,39.900001525878906,319300
2022-08-09,39.45000076293945,40.34000015258789,37.709999084472656,40.220001220703125,124600
2022-08-10,41.54999923706055,43.29999923706055,41.54999923706055,42.13999938964844,114600
2022-08-11,42.779998779296875,42.81999969482422,41.470001220703125,41.72999954223633,102700
2022-08-12,42.0,44.310001373291016,41.77000045776367,44.08000183105469,125100
2022-08-15,43.400001525878906,46.279998779296875,43.400001525878906,46.20000076293945,104900
2022-08-16,45.81999969482422,47.5,44.9900016784668,47.45000076293945,123400
2022-08-17,46.470001220703125,46.70000076293945,45.0099983215332,45.560001373291016,69500
2022-08-18,45.43000030517578,47.5099983215332,44.529998779296875,46.689998626708984,78900
2022-08-19,45.97999954223633,46.34000015258789,44.15999984741211,44.650001525878906,65000
2022-08-22,43.470001220703125,43.88999938964844,42.150001525878906,42.70000076293945,95600
2022-08-23,43.18000030517578,44.18000030517578,42.47999954223633,42.9900016784668,110700
2022-08-24,42.9900016784668,43.04999923706055,40.279998779296875,40.349998474121094,84900
2022-08-25,40.43000030517578,40.75,39.0099983215332,39.380001068115234,104000
2022-08-26,39.279998779296875,39.63999938964844,36.060001373291016,36.279998779296875,153700
2022-08-29,36.0,36.27000045776367,35.08000183105469,35.61000061035156,126300
2022-08-30,35.689998626708984,36.529998779296875,34.97999954223633,35.45000076293945,120200
2022-08-31,35.66999816894531,35.66999816894531,33.56999969482422,33.58000183105469,90800
2022-09-01,33.119998931884766,33.119998931884766,30.709999084472656,31.84000015258789,177700
2022-09-02,32.65999984741211,32.900001525878906,30.149999618530273,30.549999237060547,130400
2022-09-06,30.84000015258789,32.119998931884766,29.25,30.559999465942383,142500
2022-09-07,30.18000030517578,30.950000762939453,28.989999771118164,30.719999313354492,118100
2022-09-08,30.1200008392334,30.739999771118164,28.239999771118164,28.299999237060547,88300
2022-09-09,28.459999084472656,31.209999084472656,28.389999389648438,31.110000610351562,188600
2022-09-12,31.489999771118164,34.02000045776367,31.489999771118164,33.849998474121094,241100
2022-09-13,32.0,33.75,29.59000015258789,29.68000030517578,165700
2022-09-14,29.59000015258789,30.079999923706055,28.309999465942383,29.610000610351562,136600
2022-09-15,29.270000457763672,30.690000534057617,28.40999984741211,30.399999618530273,177100
2022-09-16,29.690000534057617,30.559999465942383,28.540000915527344,29.100000381469727,228400
2022-09-19,28.350000381469727,29.239999771118164,28.09000015258789,28.68000030517578,102900
2022-09-20,28.020000457763672,28.260000228881836,26.860000610351562,26.889999389648438,152700
2022-09-21,27.0,27.3799991607666,26.010000228881836,26.010000228881836,192300
2022-09-22,25.959999084472656,25.959999084472656,24.149999618530273,24.31999969482422,121700
2022-09-23,23.6200008392334,25.979999542236328,23.239999771118164,25.239999771118164,262800
2022-09-26,25.079999923706055,26.299999237060547,24.690000534057617,25.559999465942383,182100
2022-09-27,25.850000381469727,26.549999237060547,25.139999389648438,25.799999237060547,210800
2022-09-28,26.010000228881836,26.489999771118164,25.649999618530273,26.040000915527344,195900
2022-09-29,25.389999389648438,25.649999618530273,24.010000228881836,25.389999389648438,144600
2022-09-30,25.40999984741211,25.780000686645508,24.3700008392334,24.479999542236328,254500
2022-10-03,24.68000030517578,26.270000457763672,23.809999465942383,25.079999923706055,188000
2022-10-04,25.479999542236328,27.719999313354492,25.479999542236328,27.520000457763672,165100
2022-10-05,26.799999237060547,27.389999389648438,25.920000076293945,26.989999771118164,79600
2022-10-06,26.65999984741211,27.079999923706055,25.8700008392334,26.799999237060547,62900
2022-10-07,26.329999923706055,26.329999923706055,25.219999313354492,25.75,151600
2022-10-10,25.8700008392334,25.950000762939453,24.360000610351562,25.09000015258789,94500
2022-10-11,25.0,26.309999465942383,24.770000457763672,26.18000030517578,133900
2022-10-12,26.239999771118164,26.790000915527344,23.899999618530273,24.110000610351562,136900
2022-10-13,23.139999389648438,24.700000762939453,22.06999969482422,23.739999771118164,138800
2022-10-14,24.15999984741211,24.75,21.239999771118164,21.459999084472656,155500
2022-10-17,22.190000534057617,24.75,22.139999389648438,24.270000457763672,147500
2022-10-18,25.110000610351562,26.510000228881836,24.75,25.059999465942383,107500
2022-10-19,24.6299991607666,25.100000381469727,23.0,23.34000015258789,96000
2022-10-20,23.31999969482422,24.280000686645508,23.190000534057617,23.270000457763672,146200
2022-10-21,22.899999618530273,23.739999771118164,22.719999313354492,23.170000076293945,115100
2022-10-24,23.290000915527344,23.59000015258789,21.510000228881836,21.579999923706055,150100
2022-10-25,21.860000610351562,23.520000457763672,21.469999313354492,22.959999084472656,265300
2022-10-26,23.209999084472656,23.639999389648438,21.950000762939453,22.229999542236328,179100
2022-10-27,22.360000610351562,23.790000915527344,18.0,19.290000915527344,306000
2022-10-28,19.09000015258789,20.559999465942383,19.09000015258789,20.559999465942383,170700
2022-10-31,20.329999923706055,23.489999771118164,20.329999923706055,23.280000686645508,339600
2022-11-01,23.790000915527344,25.079999923706055,23.43000030517578,24.34000015258789,239800
2022-11-02,24.450000762939453,25.110000610351562,22.790000915527344,23.229999542236328,216300
2022-11-03,23.0,24.559999465942383,22.139999389648438,24.43000030517578,121300
2022-11-04,25.100000381469727,25.469999313354492,23.920000076293945,24.780000686645508,189600
2022-11-07,25.459999084472656,25.889999389648438,24.510000228881836,25.350000381469727,176000
2022-11-08,25.559999465942383,26.020000457763672,23.170000076293945,23.81999969482422,172500
2022-11-09,23.459999084472656,23.829999923706055,22.920000076293945,23.43000030517578,156200
2022-11-10,24.920000076293945,28.049999237060547,24.920000076293945,27.670000076293945,145000
2022-11-11,27.780000686645508,29.170000076293945,27.649999618530273,27.969999313354492,127200
2022-11-14,27.65999984741211,28.729999542236328,26.549999237060547,27.739999771118164,132800
2022-11-15,28.489999771118164,29.600000381469727,28.139999389648438,28.979999542236328,113900
2022-11-16,28.780000686645508,29.030000686645508,27.3700008392334,27.709999084472656,114600
2022-11-17,27.100000381469727,27.360000610351562,25.0,26.8799991607666,107900
2022-11-18,27.719999313354492,27.790000915527344,25.709999084472656,25.809999465942383,88700
2022-11-21,25.469999313354492,27.6200008392334,25.34000015258789,27.0,135300
2022-11-22,27.079999923706055,27.360000610351562,26.5,27.219999313354492,70300
2022-11-23,27.219999313354492,28.030000686645508,26.719999313354492,27.809999465942383,78000
2022-11-25,27.700000762939453,28.520000457763672,26.770000457763672,27.940000534057617,31300
2022-11-28,27.549999237060547,28.18000030517578,27.06999969482422,27.520000457763672,114000
2022-11-29,27.43000030517578,28.059999465942383,27.190000534057617,27.469999313354492,97200
2022-11-30,27.75,29.639999389648438,26.940000534057617,29.59000015258789,110200
2022-12-01,29.989999771118164,33.04999923706055,29.670000076293945,31.25,153400
2022-12-02,30.690000534057617,31.6299991607666,29.84000015258789,31.299999237060547,117200
2022-12-05,31.020000457763672,32.689998626708984,29.139999389648438,29.860000610351562,103200
2022-12-06,30.020000457763672,30.540000915527344,28.75,29.18000030517578,89300
2022-12-07,28.8700008392334,29.0,28.030000686645508,28.280000686645508,143700
2022-12-08,28.579999923706055,29.040000915527344,27.920000076293945,28.0,100300
2022-12-09,27.649999618530273,27.899999618530273,27.079999923706055,27.43000030517578,73500
2022-12-12,27.579999923706055,28.399999618530273,27.209999084472656,27.84000015258789,109400
2022-12-13,29.420000076293945,30.5,27.860000610351562,28.290000915527344,167200
2022-12-14,28.18000030517578,28.280000686645508,27.329999923706055,27.649999618530273,146800
2022-12-15,27.110000610351562,27.15999984741211,26.1200008392334,26.31999969482422,127100
2022-12-16,25.5,26.739999771118164,23.780000686645508,24.329999923706055,320600
2022-12-19,24.229999542236328,24.780000686645508,23.280000686645508,24.469999313354492,125100
2022-12-20,24.299999237060547,25.1299991607666,23.1299991607666,24.920000076293945,98200
2022-12-21,25.309999465942383,26.329999923706055,24.739999771118164,26.299999237060547,91100
2022-12-22,25.93000030517578,25.93000030517578,24.43000030517578,25.670000076293945,73500
2022-12-23,25.639999389648438,27.5,25.530000686645508,27.06999969482422,105900
2022-12-27,27.1200008392334,28.40999984741211,26.729999542236328,26.739999771118164,101900
2022-12-28,26.729999542236328,27.0,25.079999923706055,25.739999771118164,79300
2022-12-29,26.0,27.520000457763672,25.360000610351562,27.239999771118164,80900
2022-12-30,26.969999313354492,27.979999542236328,26.690000534057617,27.610000610351562,50900
2023-01-03,28.209999084472656,28.829999923706055,25.979999542236328,26.149999618530273,108300
2023-01-04,26.610000610351562,27.899999618530273,26.34000015258789,26.799999237060547,101900
2023-01-05,26.729999542236328,28.479999542236328,25.610000610351562,28.110000610351562,95700
2023-01-06,28.690000534057617,28.690000534057617,25.809999465942383,25.920000076293945,107900
2023-01-09,26.25,26.489999771118164,25.329999923706055,25.350000381469727,70600
2023-01-10,25.299999237060547,27.059999465942383,24.68000030517578,26.68000030517578,72000
2023-01-11,27.290000915527344,27.309999465942383,26.350000381469727,26.829999923706055,60300
2023-01-12,27.200000762939453,28.139999389648438,26.3799991607666,28.110000610351562,88900
2023-01-13,27.760000228881836,30.5,27.639999389648438,30.469999313354492,75400
2023-01-17,30.139999389648438,31.899999618530273,30.0,31.389999389648438,91800
2023-01-18,31.469999313354492,32.58000183105469,31.010000228881836,31.170000076293945,62500
2023-01-19,30.59000015258789,32.06999969482422,30.309999465942383,31.530000686645508,53600
2023-01-20,32.060001373291016,33.689998626708984,31.469999313354492,32.459999084472656,72000
2023-01-23,32.77000045776367,33.720001220703125,32.33000183105469,32.33000183105469,88700
2023-01-24,32.029998779296875,33.34000015258789,32.0,32.779998779296875,49000
2023-01-25,32.18000030517578,33.29999923706055,31.450000762939453,32.72999954223633,61800
2023-01-26,31.219999313354492,31.489999771118164,26.520000457763672,29.739999771118164,549800
2023-01-27,29.540000915527344,32.63999938964844,28.90999984741211,31.940000534057617,105300
2023-01-30,31.1299991607666,32.13999938964844,30.219999313354492,30.739999771118164,93500
2023-01-31,30.799999237060547,32.77000045776367,30.799999237060547,32.689998626708984,106600
2023-02-01,32.77000045776367,35.45000076293945,32.77000045776367,35.16999816894531,121500
2023-02-02,35.369998931884766,36.880001068115234,35.06999969482422,36.13999938964844,160800
2023-02-03,35.43000030517578,37.31999969482422,34.90999984741211,36.54999923706055,161800
2023-02-06,36.060001373291016,37.08000183105469,35.29999923706055,36.939998626708984,103300
2023-02-07,36.95000076293945,37.9900016784668,35.70000076293945,37.59000015258789,139000
2023-02-08,37.27000045776367,39.77000045776367,36.90999984741211,39.2400016784668,144600
2023-02-09,39.88999938964844,41.41999816894531,37.90999984741211,38.150001525878906,146000
2023-02-10,38.61000061035156,38.970001220703125,36.81999969482422,36.900001525878906,190400
2023-02-13,37.0,38.04999923706055,36.29999923706055,37.43000030517578,106800
2023-02-14,36.9900016784668,37.970001220703125,36.20000076293945,37.119998931884766,211400
2023-02-15,36.95000076293945,37.91999816894531,36.619998931884766,37.0099983215332,175000
2023-02-16,36.86000061035156,36.86000061035156,35.400001525878906,36.15999984741211,231300
2023-02-17,36.16999816894531,37.900001525878906,35.29999923706055,37.849998474121094,189900
2023-02-21,37.02000045776367,37.16999816894531,34.380001068115234,34.4900016784668,192900
2023-02-22,34.5,35.47999954223633,33.4900016784668,34.720001220703125,175100
2023-02-23,35.22999954223633,36.150001525878906,34.77000045776367,36.08000183105469,102300
2023-02-24,35.16999816894531,35.16999816894531,32.08000183105469,32.869998931884766,143200
2023-02-27,33.52000045776367,34.790000915527344,33.52000045776367,34.599998474121094,104200
2023-02-28,34.72999954223633,35.810001373291016,34.72999954223633,35.119998931884766,128800
2023-03-01,35.0099983215332,35.209999084472656,34.380001068115234,34.630001068115234,104000
2023-03-02,34.310001373291016,35.06999969482422,34.0,34.90999984741211,90600
2023-03-03,35.150001525878906,37.959999084472656,35.04999923706055,37.40999984741211,194700
2023-03-06,37.810001373291016,37.810001373291016,36.119998931884766,37.0,232000
2023-03-07,36.95000076293945,37.7599983215332,36.720001220703125,37.75,79100
2023-03-08,37.75,37.75,36.59000015258789,37.0,74100
2023-03-09,37.220001220703125,37.220001220703125,35.2599983215332,35.2599983215332,83300
2023-03-10,35.119998931884766,35.119998931884766,33.209999084472656,33.90999984741211,142200
2023-03-13,33.13999938964844,35.099998474121094,32.349998474121094,33.7400016784668,138700
2023-03-14,34.9900016784668,36.58000183105469,33.599998474121094,33.869998931884766,170100
2023-03-15,32.540000915527344,34.529998779296875,32.11000061035156,34.529998779296875,129600
2023-03-16,33.83000183105469,35.41999816894531,33.65999984741211,34.97999954223633,164000
2023-03-17,34.47999954223633,35.4900016784668,31.530000686645508,32.97999954223633,255700
2023-03-20,33.22999954223633,33.90999984741211,32.5099983215332,33.08000183105469,134500
2023-03-21,34.04999923706055,35.279998779296875,33.709999084472656,33.880001068115234,103800
2023-03-22,33.900001525878906,34.279998779296875,32.220001220703125,32.279998779296875,92200
2023-03-23,32.369998931884766,33.040000915527344,30.809999465942383,31.149999618530273,126100
2023-03-24,31.149999618530273,31.56999969482422,30.170000076293945,31.200000762939453,129000
2023-03-27,32.439998626708984,44.0099983215332,32.439998626708984,41.79999923706055,1119800
2023-03-28,41.59000015258789,43.70000076293945,41.380001068115234,42.709999084472656,274800
2023-03-29,43.349998474121094,43.95000076293945,41.36000061035156,42.04999923706055,219700
2023-03-30,42.61000061035156,43.38999938964844,41.81999969482422,42.720001220703125,150100
2023-03-31,43.36000061035156,44.880001068115234,43.04999923706055,43.81999969482422,234200
2023-04-03,44.369998931884766,45.220001220703125,43.310001373291016,45.13999938964844,208600
2023-04-04,45.5099983215332,45.619998931884766,43.810001373291016,45.470001220703125,148100
2023-04-05,45.150001525878906,45.61000061035156,43.2400016784668,43.56999969482422,134100
2023-04-06,43.439998626708984,43.439998626708984,41.349998474121094,41.56999969482422,101600
2023-04-10,41.060001373291016,43.34000015258789,40.88999938964844,43.16999816894531,118000
2023-04-11,43.439998626708984,44.63999938964844,43.11000061035156,43.95000076293945,99100
2023-04-12,44.7400016784668,44.79999923706055,43.5,43.84000015258789,74700
2023-04-13,44.16999816894531,44.279998779296875,43.34000015258789,44.04999923706055,117100
2023-04-14,44.31999969482422,44.97999954223633,43.66999816894531,43.97999954223633,70600
2023-04-17,43.97999954223633,45.619998931884766,43.5099983215332,45.349998474121094,122000
2023-04-18,45.619998931884766,46.61000061035156,43.93000030517578,43.95000076293945,114900
2023-04-19,43.58000183105469,44.34000015258789,43.5,43.689998626708984,63900
2023-04-20,43.02000045776367,45.16999816894531,43.02000045776367,44.54999923706055,114600
2023-04-21,44.630001068115234,46.349998474121094,44.630001068115234,45.25,209100
2023-04-24,45.5,46.2599983215332,44.290000915527344,46.189998626708984,126200
2023-04-25,45.63999938964844,46.11000061035156,43.630001068115234,43.70000076293945,118400
2023-04-26,43.220001220703125,44.0099983215332,42.779998779296875,43.34000015258789,125500
2023-04-27,44.0,53.18000030517578,44.0,52.4900016784668,574400
2023-04-28,52.63999938964844,53.79999923706055,51.65999984741211,51.95000076293945,223200
2023-05-01,51.95000076293945,52.45000076293945,49.95000076293945,51.22999954223633,228900
2023-05-02,51.0,51.5,49.5099983215332,50.47999954223633,164500
2023-05-03,50.47999954223633,51.36000061035156,48.959999084472656,48.970001220703125,130300
2023-05-04,48.560001373291016,49.290000915527344,46.43000030517578,46.86000061035156,155200
2023-05-05,47.90999984741211,48.369998931884766,46.63999938964844,47.08000183105469,117200
2023-05-08,47.2599983215332,47.43000030517578,45.02000045776367,45.18000030517578,129600
2023-05-09,45.040000915527344,45.81999969482422,44.220001220703125,44.2599983215332,135600
2023-05-10,45.220001220703125,45.36000061035156,42.84000015258789,44.52000045776367,158600
2023-05-11,44.06999969482422,45.20000076293945,44.040000915527344,44.959999084472656,115800
2023-05-12,45.18000030517578,46.79999923706055,44.54999923706055,46.650001525878906,157900
2023-05-15,46.810001373291016,49.2599983215332,46.75,49.13999938964844,104000
2023-05-16,48.7599983215332,50.09000015258789,48.34000015258789,48.349998474121094,145600
2023-05-17,48.4900016784668,50.2599983215332,48.25,49.81999969482422,171000
2023-05-18,49.47999954223633,50.93000030517578,49.11000061035156,50.77000045776367,113800
2023-05-19,51.310001373291016,52.119998931884766,50.099998474121094,51.22999954223633,127300
2023-05-22,51.4900016784668,52.619998931884766,51.02000045776367,51.560001373291016,127200
2023-05-23,51.22999954223633,52.5099983215332,50.099998474121094,50.63999938964844,102700
2023-05-24,50.31999969482422,50.4900016784668,49.209999084472656,49.84000015258789,89100
2023-05-25,49.91999816894531,50.36000061035156,48.20000076293945,48.93000030517578,91700
2023-05-26,48.869998931884766,50.25,48.869998931884766,49.38999938964844,77700
2023-05-30,49.65999984741211,49.779998779296875,48.540000915527344,49.099998474121094,87100
2023-05-31,48.95000076293945,49.380001068115234,47.29999923706055,47.779998779296875,99300
2023-06-01,47.779998779296875,48.66999816894531,46.66999816894531,48.5,81900
2023-06-02,49.540000915527344,51.189998626708984,49.540000915527344,51.040000915527344,123200
2023-06-05,50.66999816894531,50.66999816894531,48.439998626708984,48.560001373291016,92800
2023-06-06,48.33000183105469,53.11000061035156,48.33000183105469,52.470001220703125,147000
2023-06-07,52.7599983215332,54.349998474121094,51.9900016784668,53.63999938964844,144100
2023-06-08,53.2400016784668,53.84000015258789,52.75,52.93000030517578,87800
2023-06-09,52.66999816894531,53.220001220703125,52.150001525878906,52.529998779296875,67500
2023-06-12,52.810001373291016,54.310001373291016,52.18000030517578,54.29999923706055,161200
2023-06-13,54.83000183105469,55.7400016784668,53.900001525878906,54.31999969482422,124300
2023-06-14,54.97999954223633,55.29999923706055,52.86000061035156,53.720001220703125,129200
2023-06-15,53.38999938964844,54.689998626708984,52.88999938964844,54.310001373291016,100900
2023-06-16,55.0,55.0,53.380001068115234,53.93000030517578,168800
2023-06-20,53.5099983215332,54.41999816894531,53.2599983215332,53.810001373291016,72700
2023-06-21,53.43000030517578,54.720001220703125,52.040000915527344,53.41999816894531,77900
2023-06-22,53.41999816894531,54.4900016784668,52.16999816894531,54.400001525878906,79700
2023-06-23,53.150001525878906,54.29999923706055,52.7599983215332,53.16999816894531,369500
2023-06-26,53.220001220703125,55.36000061035156,53.11000061035156,53.75,202900
2023-06-27,54.13999938964844,57.84000015258789,54.0099983215332,57.599998474121094,160000
2023-06-28,57.439998626708984,58.95000076293945,57.15999984741211,58.83000183105469,161100
2023-06-29,58.72999954223633,60.33000183105469,58.43000030517578,58.75,116900
2023-06-30,59.380001068115234,59.84000015258789,58.86000061035156,59.47999954223633,176300
2023-07-03,59.099998474121094,60.41999816894531,58.5099983215332,58.70000076293945,44300
2023-07-05,58.290000915527344,58.61000061035156,56.43000030517578,57.790000915527344,122500
2023-07-06,57.09000015258789,58.52000045776367,55.369998931884766,57.650001525878906,103300
2023-07-07,57.650001525878906,59.0,57.650001525878906,57.779998779296875,66000
2023-07-10,57.54999923706055,60.77000045776367,57.54999923706055,59.97999954223633,166300
2023-07-11,60.13999938964844,61.79999923706055,60.13999938964844,61.02000045776367,74500
2023-07-12,62.189998626708984,62.619998931884766,60.880001068115234,61.0,75000
2023-07-13,61.22999954223633,62.2400016784668,60.36000061035156,62.06999969482422,115600
2023-07-14,61.880001068115234,63.119998931884766,59.220001220703125,63.099998474121094,103200
2023-07-17,63.02000045776367,65.0,62.709999084472656,64.5199966430664,112800
2023-07-18,64.88999938964844,66.30999755859375,64.16999816894531,66.30999755859375,141300
2023-07-19,66.86000061035156,66.86000061035156,63.349998474121094,64.69999694824219,134700
2023-07-20,64.41999816894531,65.62999725341797,63.650001525878906,64.43000030517578,75900
2023-07-21,65.2300033569336,65.2300033569336,62.939998626708984,63.369998931884766,78200
2023-07-24,63.369998931884766,63.93000030517578,63.02000045776367,63.58000183105469,111600
2023-07-25,63.470001220703125,64.5199966430664,63.470001220703125,64.08000183105469,85500
2023-07-26,64.04000091552734,65.27999877929688,63.0,64.7699966430664,101400
2023-07-27,66.75,69.44999694824219,62.09000015258789,68.0999984741211,246200
2023-07-28,69.0999984741211,71.72000122070312,67.44999694824219,67.51000213623047,151300
2023-07-31,67.9000015258789,70.58999633789062,67.58000183105469,69.5,133200
2023-08-01,69.18000030517578,69.81999969482422,67.72000122070312,69.4000015258789,125400
2023-08-02,68.62000274658203,70.16999816894531,67.5,70.0,107700
2023-08-03,69.76000213623047,70.69000244140625,67.3499984741211,70.11000061035156,97500
2023-08-04,70.41999816894531,72.97000122070312,69.47000122070312,71.69000244140625,107100
2023-08-07,71.62999725341797,72.3499984741211,70.70999908447266,71.6500015258789,111200
2023-08-08,70.93000030517578,71.70999908447266,69.55999755859375,70.83000183105469,61100
2023-08-09,70.61000061035156,70.61000061035156,68.37000274658203,68.69999694824219,100900
2023-08-10,69.0999984741211,70.98999786376953,66.30000305175781,69.13999938964844,108300
2023-08-11,69.0,70.77999877929688,68.70999908447266,70.66000366210938,86900
2023-08-14,69.1500015258789,71.27999877929688,68.88999938964844,71.23999786376953,111900
2023-08-15,70.73999786376953,70.95999908447266,69.0,70.19999694824219,89600
2023-08-16,69.73999786376953,71.0,69.02999877929688,69.62000274658203,121500
2023-08-17,69.27999877929688,69.51000213623047,64.68000030517578,64.69000244140625,144800
2023-08-18,63.72999954223633,65.7699966430664,63.13999938964844,65.22000122070312,112500
2023-08-21,65.0199966430664,65.0199966430664,63.619998931884766,63.81999969482422,76100
2023-08-22,63.939998626708984,63.939998626708984,61.4900016784668,62.349998474121094,76600
2023-08-23,62.38999938964844,64.16000366210938,62.25,63.91999816894531,77200
2023-08-24,63.540000915527344,63.9900016784668,62.47999954223633,62.47999954223633,85100
2023-08-25,62.970001220703125,63.61000061035156,62.220001220703125,62.7599983215332,72700
2023-08-28,63.06999969482422,64.55999755859375,63.06999969482422,63.20000076293945,100300
2023-08-29,63.119998931884766,64.5999984741211,62.15999984741211,63.95000076293945,108500
2023-08-30,63.849998474121094,67.22000122070312,63.84000015258789,65.80000305175781,155800
2023-08-31,66.11000061035156,67.0,64.5199966430664,64.61000061035156,75700
2023-09-01,65.01000213623047,66.20999908447266,64.5999984741211,65.7300033569336,97200
2023-09-05,64.94000244140625,65.30999755859375,62.08000183105469,64.33999633789062,156700
2023-09-06,64.33999633789062,65.5999984741211,63.90999984741211,64.97000122070312,66800
2023-09-07,64.4800033569336,65.58999633789062,63.099998474121094,65.3499984741211,88000
2023-09-08,65.3499984741211,65.45999908447266,63.65999984741211,63.79999923706055,64000
2023-09-11,64.20999908447266,65.43000030517578,64.20999908447266,64.62999725341797,84100
2023-09-12,64.26000213623047,64.68000030517578,62.630001068115234,62.63999938964844,99600
2023-09-13,62.66999816894531,63.22999954223633,61.060001373291016,62.56999969482422,162200
2023-09-14,63.029998779296875,69.95999908447266,63.0,69.87999725341797,225900
2023-09-15,69.87999725341797,71.27999877929688,66.69999694824219,68.9800033569336,400500
2023-09-18,69.20999908447266,70.62999725341797,68.76000213623047,69.87000274658203,109600
2023-09-19,69.61000061035156,70.52999877929688,69.43000030517578,69.93000030517578,146200
2023-09-20,70.41000366210938,73.01000213623047,70.41000366210938,71.18000030517578,119800
2023-09-21,70.05000305175781,71.22000122070312,69.30000305175781,71.16000366210938,114400
2023-09-22,70.54000091552734,73.27999877929688,70.5,72.05000305175781,116700
2023-09-25,71.72000122070312,73.16999816894531,71.5,72.08000183105469,89200
2023-09-26,71.62999725341797,72.04000091552734,69.75,70.08999633789062,148900
2023-09-27,70.6500015258789,71.2300033569336,68.29000091552734,70.91999816894531,102000
2023-09-28,71.0,72.38999938964844,70.12999725341797,72.13999938964844,68000
2023-09-29,72.26000213623047,73.72000122070312,69.36000061035156,70.01000213623047,116600
2023-10-02,69.9000015258789,70.2699966430664,67.7300033569336,68.20999908447266,100900
2023-10-03,68.12999725341797,68.5199966430664,66.55000305175781,68.19000244140625,98700
2023-10-04,68.19000244140625,68.77999877929688,67.18000030517578,68.26000213623047,67800
2023-10-05,68.02999877929688,68.75,67.12000274658203,67.54000091552734,79500
2023-10-06,66.98999786376953,69.05999755859375,66.37999725341797,67.31999969482422,144000
2023-10-09,67.1500015258789,67.43000030517578,65.98999786376953,66.7699966430664,70300
2023-10-10,67.30000305175781,69.33000183105469,66.83000183105469,68.97000122070312,86700
2023-10-11,69.16000366210938,70.02999877929688,67.58000183105469,68.66000366210938,66600
2023-10-12,68.87999725341797,69.80000305175781,66.66000366210938,66.9000015258789,114600
2023-10-13,66.9000015258789,68.52999877929688,64.9800033569336,65.0999984741211,77600
2023-10-16,65.73999786376953,66.9000015258789,65.23999786376953,66.02999877929688,95300
2023-10-17,65.68000030517578,68.11000061035156,65.22000122070312,66.58999633789062,91600
2023-10-18,66.0199966430664,66.0199966430664,63.7599983215332,63.810001373291016,88700
2023-10-19,64.13999938964844,64.13999938964844,61.20000076293945,61.36000061035156,153800
2023-10-20,61.40999984741211,61.83000183105469,60.41999816894531,60.84000015258789,141400
2023-10-23,60.810001373291016,61.459999084472656,60.029998779296875,60.150001525878906,95500
2023-10-24,61.0099983215332,63.11000061035156,60.849998474121094,62.91999816894531,130700
2023-10-25,61.900001525878906,62.9900016784668,60.83000183105469,60.83000183105469,120700
2023-10-26,61.75,61.970001220703125,57.0099983215332,61.4900016784668,195800
2023-10-27,61.09000015258789,61.09000015258789,57.52000045776367,57.720001220703125,140500
2023-10-30,58.93000030517578,60.09000015258789,58.689998626708984,59.439998626708984,124200
2023-10-31,59.68000030517578,60.0,58.689998626708984,59.66999816894531,143500
2023-11-01,59.290000915527344,60.0,57.20000076293945,57.400001525878906,164500
2023-11-02,58.45000076293945,59.97999954223633,58.02000045776367,59.439998626708984,81800
2023-11-03,60.0,62.38999938964844,59.880001068115234,62.31999969482422,176900
2023-11-06,61.41999816894531,61.9900016784668,60.459999084472656,61.5,100600
2023-11-07,60.9900016784668,63.34000015258789,60.7400016784668,62.380001068115234,99600
2023-11-08,62.43000030517578,63.36000061035156,61.650001525878906,63.33000183105469,66200
2023-11-09,63.619998931884766,64.6500015258789,61.599998474121094,62.040000915527344,64800
2023-11-10,62.02000045776367,63.849998474121094,61.59000015258789,63.27000045776367,68200
2023-11-13,62.459999084472656,63.33000183105469,62.36000061035156,62.869998931884766,70400
2023-11-14,65.1500015258789,69.2300033569336,65.1500015258789,68.9800033569336,117900
2023-11-15,69.1500015258789,71.44999694824219,68.69999694824219,69.88999938964844,101500
2023-11-16,69.05000305175781,69.63999938964844,67.80000305175781,68.98999786376953,77700
2023-11-17,69.81999969482422,71.33000183105469,69.58000183105469,70.86000061035156,91300
2023-11-20,70.91000366210938,72.63999938964844,70.45999908447266,72.58000183105469,74800
2023-11-21,71.48999786376953,73.48999786376953,71.47000122070312,71.73999786376953,57400
2023-11-22,72.12000274658203,72.93000030517578,71.72000122070312,71.8499984741211,67100
2023-11-24,71.44000244140625,72.80000305175781,71.3499984741211,71.81999969482422,25500
2023-11-27,70.63999938964844,72.1500015258789,70.63999938964844,71.45999908447266,135000
2023-11-28,71.0,71.23999786376953,69.01000213623047,69.83000183105469,99000
2023-11-29,70.9000015258789,71.83000183105469,69.16000366210938,70.13999938964844,99400
2023-11-30,70.18000030517578,70.79000091552734,69.36000061035156,70.48999786376953,104800
2023-12-01,70.11000061035156,75.0,70.11000061035156,74.8499984741211,205800
2023-12-04,74.11000061035156,77.4800033569336,73.80999755859375,77.02999877929688,118800
2023-12-05,76.25,76.43000030517578,74.47000122070312,75.4000015258789,146100
2023-12-06,76.22000122070312,77.80000305175781,74.22000122070312,74.5199966430664,79600
2023-12-07,74.41000366210938,74.94000244140625,73.54000091552734,73.9000015258789,103700
2023-12-08,73.9000015258789,76.5,73.9000015258789,75.41000366210938,126200
2023-12-11,75.72000122070312,77.2699966430664,74.08000183105469,76.05000305175781,140900
2023-12-12,76.05000305175781,76.91000366210938,74.38999938964844,76.26000213623047,75200
2023-12-13,76.30000305175781,79.3499984741211,75.19000244140625,79.1500015258789,93400
2023-12-14,80.80999755859375,82.95999908447266,79.16999816894531,80.9800033569336,145200
2023-12-15,81.38999938964844,81.38999938964844,78.75,79.5999984741211,204700
2023-12-18,79.69999694824219,80.79000091552734,78.31999969482422,79.0,84300
2023-12-19,79.9000015258789,81.0199966430664,79.18000030517578,80.19999694824219,127800
2023-12-20,80.16000366210938,82.0199966430664,79.16999816894531,79.33000183105469,132300
2023-12-21,80.26000213623047,80.93000030517578,79.04000091552734,80.55999755859375,144300
2023-12-22,80.76000213623047,82.4000015258789,80.18000030517578,81.23999786376953,117700
2023-12-26,81.31999969482422,82.62999725341797,80.37000274658203,81.55999755859375,92700
2023-12-27,81.33999633789062,83.36000061035156,80.58000183105469,82.58000183105469,111400
2023-12-28,82.37000274658203,83.01000213623047,80.1500015258789,81.69999694824219,94200
2023-12-29,81.05999755859375,82.23999786376953,79.83999633789062,80.05000305175781,80600
2024-01-02,79.25,80.16000366210938,77.08999633789062,78.06999969482422,113500
2024-01-03,76.91000366210938,76.91000366210938,69.2300033569336,74.27999877929688,109900
2024-01-04,74.47000122070312,75.56999969482422,73.41999816894531,73.5999984741211,82600
2024-01-05,72.80999755859375,73.36000061035156,71.87000274658203,72.23999786376953,102400
2024-01-08,72.66000366210938,73.94000244140625,72.2300033569336,73.70999908447266,66200
2024-01-09,72.2300033569336,74.19000244140625,71.73999786376953,73.9800033569336,117600
2024-01-10,73.66000366210938,75.69000244140625,73.66000366210938,74.45999908447266,100500
2024-01-11,74.26000213623047,74.9000015258789,72.87999725341797,74.66999816894531,74800
2024-01-12,75.83999633789062,76.0199966430664,73.36000061035156,73.44000244140625,105500
2024-01-16,72.58000183105469,72.58000183105469,70.58999633789062,71.44000244140625,101300
2024-01-17,69.83999633789062,71.8499984741211,68.9000015258789,71.05999755859375,121200
2024-01-18,71.27999877929688,72.55000305175781,70.66999816894531,72.5199966430664,92200
2024-01-19,73.08999633789062,73.12999725341797,70.52999877929688,73.02999877929688,70600
2024-01-22,74.23999786376953,75.19000244140625,67.7699966430664,74.62999725341797,73300
2024-01-23,75.62999725341797,75.87000274658203,73.9800033569336,74.94999694824219,72500
2024-01-24,76.29000091552734,76.29000091552734,73.79000091552734,73.94999694824219,54400
2024-01-25,75.26000213623047,76.16999816894531,74.72000122070312,75.66999816894531,70400
2024-01-26,76.30000305175781,76.70999908447266,75.33000183105469,75.5999984741211,61800
2024-01-29,76.0,79.18000030517578,75.7699966430664,79.16999816894531,77300
2024-01-30,78.30000305175781,79.19999694824219,77.6500015258789,78.08999633789062,64400
2024-01-31,78.25,78.48999786376953,75.0199966430664,75.22000122070312,77200
2024-02-01,89.80000305175781,99.0,86.61000061035156,91.52999877929688,618600
2024-02-02,91.62999725341797,92.68000030517578,85.9800033569336,91.36000061035156,236600
2024-02-05,87.5,92.8499984741211,86.45999908447266,90.05999755859375,241600
2024-02-06,84.6500015258789,86.75,83.45999908447266,84.08999633789062,307300
2024-02-07,84.52999877929688,85.5,83.33000183105469,84.58999633789062,182300
2024-02-08,84.16999816894531,87.0999984741211,84.16999816894531,85.80999755859375,216100
2024-02-09,86.83999633789062,88.5999984741211,85.80999755859375,88.04000091552734,235700
2024-02-12,88.4000015258789,90.58000183105469,88.4000015258789,90.01000213623047,254000
2024-02-13,86.51000213623047,88.52999877929688,85.1500015258789,85.83999633789062,225100
2024-02-14,87.2300033569336,90.44999694824219,87.2300033569336,89.9800033569336,317400
2024-02-15,90.27999877929688,91.4800033569336,89.44999694824219,91.08999633789062,315200
2024-02-16,90.23999786376953,91.0,88.88999938964844,89.20999908447266,210900
2024-02-20,87.41999816894531,89.61000061035156,85.95999908447266,88.0999984741211,229000
2024-02-21,87.5999984741211,88.76000213623047,86.19000244140625,88.41000366210938,200100
2024-02-22,88.30000305175781,90.4000015258789,88.30000305175781,89.98999786376953,250000
2024-02-23,90.06999969482422,91.73999786376953,89.97000122070312,91.5999984741211,227600
2024-02-26,91.62999725341797,94.83000183105469,89.20999908447266,93.47000122070312,316900
2024-02-27,94.5,96.0,93.97000122070312,94.33000183105469,198200
2024-02-28,93.37000274658203,94.98999786376953,93.37000274658203,93.80999755859375,182700
2024-02-29,94.88999938964844,98.44000244140625,94.5199966430664,98.01000213623047,306100
2024-03-01,97.9000015258789,100.01000213623047,97.0,99.63999938964844,233500
2024-03-04,99.22000122070312,99.88999938964844,97.16000366210938,98.36000061035156,171400
2024-03-05,97.0,98.33999633789062,93.18000030517578,93.6500015258789,164800
2024-03-06,94.70999908447266,94.70999908447266,89.88999938964844,89.95999908447266,88600
2024-03-07,90.61000061035156,91.48999786376953,89.3499984741211,90.30999755859375,147500
2024-03-08,91.80000305175781,94.19000244140625,91.23999786376953,91.43000030517578,126900
2024-03-11,90.58999633789062,91.4000015258789,88.22000122070312,88.75,139300
2024-03-12,88.44999694824219,90.5,88.4000015258789,90.36000061035156,109400
2024-03-13,89.47000122070312,91.25,89.13999938964844,89.62000274658203,110200
2024-03-14,89.33000183105469,89.6500015258789,86.8499984741211,87.68000030517578,104400
2024-03-15,87.33000183105469,88.61000061035156,87.22000122070312,87.54000091552734,204100
2024-03-18,88.47000122070312,88.69999694824219,86.68000030517578,87.08000183105469,266300
2024-03-19,86.4800033569336,90.5999984741211,85.77999877929688,89.8499984741211,143200
2024-03-20,89.37000274658203,91.9000015258789,89.0,90.93000030517578,94200
2024-03-21,91.79000091552734,93.83000183105469,91.66000366210938,92.45999908447266,119800
2024-03-22,92.83999633789062,92.83999633789062,90.04000091552734,90.3499984741211,58900
2024-03-25,91.02999877929688,91.19000244140625,89.36000061035156,89.9000015258789,58000
2024-03-26,90.29000091552734,90.62999725341797,87.12000274658203,87.3499984741211,101100
2024-03-27,88.5,89.8499984741211,87.83999633789062,88.66000366210938,131500
2024-03-28,88.72000122070312,89.55000305175781,87.83999633789062,88.51000213623047,149300
2024-04-01,89.11000061035156,92.44999694824219,88.55000305175781,91.58000183105469,200900
2024-04-02,90.19999694824219,93.5,89.31999969482422,91.76000213623047,183700
2024-04-03,90.9000015258789,96.8499984741211,90.05000305175781,96.45999908447266,190500
2024-04-04,97.93000030517578,99.45999908447266,95.05999755859375,95.55999755859375,221100
2024-04-05,95.37999725341797,98.11000061035156,95.16000366210938,97.12999725341797,161100
2024-04-08,97.48999786376953,99.30000305175781,97.22000122070312,97.91999816894531,185800
2024-04-09,98.5999984741211,99.04000091552734,96.69000244140625,96.77999877929688,112800
2024-04-10,94.61000061035156,95.0,92.23999786376953,93.44999694824219,112300
2024-04-11,94.01000213623047,95.37000274658203,93.11000061035156,95.36000061035156,162400
2024-04-12,94.37000274658203,94.44999694824219,92.4000015258789,93.19000244140625,66100
2024-04-15,93.88999938964844,94.47000122070312,90.51000213623047,91.58999633789062,118300
2024-04-16,90.70999908447266,90.70999908447266,88.52999877929688,89.5,97100
2024-04-17,90.0,91.5,88.94000244140625,90.2300033569336,114700
2024-04-18,90.3499984741211,92.5999984741211,88.23999786376953,88.33000183105469,123900
2024-04-19,87.5199966430664,88.83999633789062,85.54000091552734,87.0999984741211,173200
2024-04-22,87.80000305175781,89.45999908447266,87.55999755859375,88.91000366210938,115100
2024-04-23,89.66999816894531,91.83000183105469,89.47000122070312,90.9000015258789,133200
2024-04-24,90.20999908447266,92.55999755859375,89.22000122070312,89.37999725341797,125700
2024-04-25,87.9800033569336,89.4000015258789,87.19000244140625,88.61000061035156,138600
2024-04-26,88.9800033569336,89.58000183105469,88.12000274658203,89.08000183105469,98200
2024-04-29,89.83999633789062,90.06999969482422,88.08999633789062,89.31999969482422,153800
2024-04-30,88.62999725341797,88.62999725341797,85.1500015258789,85.2699966430664,143900
2024-05-01,85.05999755859375,86.7300033569336,84.08999633789062,84.30000305175781,155800
2024-05-02,80.93000030517578,83.0199966430664,72.83999633789062,82.58999633789062,357900
2024-05-03,83.8499984741211,85.54000091552734,82.08999633789062,83.08999633789062,207000
2024-05-06,84.0999984741211,86.08999633789062,83.01000213623047,83.4000015258789,121000
2024-05-07,83.38999938964844,85.44000244140625,82.91000366210938,84.23999786376953,109500
2024-05-08,83.2699966430664,84.97000122070312,82.38999938964844,84.83000183105469,128500
2024-05-09,84.91999816894531,87.73999786376953,84.81999969482422,87.27999877929688,120700
2024-05-10,87.93000030517578,88.20999908447266,86.0199966430664,87.16000366210938,139100
2024-05-13,88.16999816894531,88.16999816894531,85.41000366210938,85.61000061035156,129900
2024-05-14,86.69999694824219,86.91999816894531,84.68000030517578,85.06999969482422,153000
2024-05-15,86.22000122070312,86.22000122070312,84.5199966430664,84.66999816894531,265800
2024-05-16,83.66999816894531,90.36000061035156,83.56999969482422,90.12999725341797,393500
2024-05-17,90.31999969482422,91.0,87.94000244140625,88.31999969482422,120400
2024-05-20,87.58999633789062,88.1500015258789,83.52999877929688,84.25,195200
2024-05-21,84.19000244140625,84.19000244140625,81.47000122070312,82.54000091552734,111300
2024-05-22,82.27999877929688,83.08999633789062,81.31999969482422,81.69999694824219,133600
2024-05-23,81.94999694824219,82.43000030517578,80.72000122070312,81.97000122070312,141200
2024-05-24,82.76000213623047,83.4800033569336,81.72000122070312,83.05999755859375,106600
2024-05-28,83.7699966430664,84.43000030517578,80.93000030517578,81.75,114500
2024-05-29,80.43000030517578,81.63999938964844,79.61000061035156,79.75,101600
2024-05-30,81.06999969482422,83.4800033569336,80.68000030517578,82.44999694824219,118700
2024-05-31,82.68000030517578,83.72000122070312,81.54000091552734,82.51000213623047,120900
2024-06-03,83.72000122070312,84.26000213623047,80.19999694824219,83.23999786376953,150600
2024-06-04,82.79000091552734,84.69000244140625,82.77999877929688,83.43000030517578,114100
2024-06-05,83.87000274658203,88.22000122070312,83.87000274658203,88.11000061035156,103600
2024-06-06,87.48999786376953,88.68000030517578,87.33999633789062,88.01000213623047,120100
2024-06-07,86.75,88.1500015258789,86.41000366210938,87.44999694824219,191900
2024-06-10,86.54000091552734,88.81999969482422,86.54000091552734,88.22000122070312,161400
2024-06-11,87.48999786376953,88.20999908447266,85.2699966430664,86.0,293400
2024-06-12,88.80999755859375,88.81999969482422,86.44000244140625,87.23999786376953,113500
2024-06-13,87.13999938964844,87.13999938964844,84.3499984741211,85.0999984741211,117000
2024-06-14,83.5999984741211,83.7300033569336,81.94999694824219,82.87000274658203,99600
2024-06-17,82.55000305175781,83.37999725341797,80.88999938964844,83.12999725341797,76300
2024-06-18,82.76000213623047,83.62999725341797,82.20999908447266,83.2699966430664,82800
2024-06-20,82.95999908447266,83.79000091552734,82.2300033569336,83.30999755859375,89600
2024-06-21,83.47000122070312,85.0,82.73999786376953,84.88999938964844,177500
2024-06-24,84.88999938964844,85.91000366210938,83.18000030517578,84.3499984741211,78000
2024-06-25,83.86000061035156,84.33999633789062,82.36000061035156,83.68000030517578,84100
2024-06-26,83.19999694824219,86.9800033569336,83.1500015258789,86.56999969482422,104500
2024-06-27,87.0199966430664,87.33999633789062,85.30999755859375,86.37000274658203,82500
2024-06-28,87.31999969482422,88.25,85.91000366210938,87.61000061035156,322100
2024-07-01,87.33999633789062,88.04000091552734,85.66999816894531,87.29000091552734,110000
2024-07-02,87.69999694824219,89.08000183105469,86.44000244140625,88.80000305175781,119400
2024-07-03,88.7300033569336,90.12999725341797,88.22000122070312,89.61000061035156,47300
2024-07-05,89.44000244140625,89.44000244140625,88.1500015258789,88.44000244140625,70800
2024-07-08,89.05999755859375,90.58000183105469,88.88999938964844,88.9800033569336,92100
2024-07-09,88.62999725341797,88.6500015258789,87.44999694824219,88.55999755859375,86200
2024-07-10,88.6500015258789,90.2300033569336,85.55000305175781,86.25,135200
2024-07-11,88.41999816894531,90.19000244140625,87.04000091552734,89.79000091552734,124300
2024-07-12,90.8499984741211,92.72000122070312,90.12000274658203,92.04000091552734,100000
2024-07-15,92.48999786376953,95.31999969482422,91.98999786376953,94.58000183105469,97600
2024-07-16,95.5,99.75,94.66000366210938,98.62999725341797,160400
2024-07-17,96.38999938964844,98.72000122070312,95.55999755859375,96.08999633789062,110000
2024-07-18,95.5,97.66999816894531,93.19000244140625,94.22000122070312,96200
2024-07-19,94.3499984741211,94.3499984741211,91.38999938964844,91.61000061035156,96800
2024-07-22,92.51000213623047,93.33999633789062,91.05000305175781,92.47000122070312,252200
2024-07-23,91.83999633789062,93.55000305175781,91.04000091552734,91.88999938964844,122700
2024-07-24,91.12999725341797,92.02999877929688,89.20999908447266,89.66999816894531,116900
2024-07-25,90.08999633789062,91.61000061035156,88.83000183105469,89.16000366210938,136300
2024-07-26,90.81999969482422,91.05000305175781,88.12000274658203,90.77999877929688,122300
2024-07-29,90.72000122070312,91.68000030517578,88.87000274658203,89.83999633789062,128300
2024-07-30,90.81999969482422,91.33999633789062,89.93000030517578,91.2699966430664,187300
2024-07-31,92.23999786376953,92.97000122070312,90.43000030517578,91.2699966430664,177900
2024-08-01,94.0,104.91999816894531,93.68000030517578,95.58999633789062,473400
2024-08-02,93.0,94.05999755859375,88.54000091552734,88.95999908447266,241300
2024-08-05,83.0,86.38999938964844,80.9000015258789,83.20999908447266,224400
2024-08-06,82.87000274658203,84.83999633789062,82.48999786376953,83.66999816894531,167600
2024-08-07,84.76000213623047,85.05999755859375,82.16999816894531,83.66000366210938,238000
2024-08-08,84.6500015258789,85.2300033569336,83.76000213623047,84.0,111400
2024-08-09,83.7699966430664,84.29000091552734,81.83999633789062,82.83999633789062,110300
2024-08-12,82.83999633789062,83.79000091552734,81.9800033569336,83.16999816894531,127800
2024-08-13,84.13999938964844,87.18000030517578,84.13999938964844,86.80999755859375,131200
2024-08-14,86.80999755859375,88.19000244140625,85.0,85.05000305175781,75800
2024-08-15,86.94000244140625,87.5,85.91000366210938,86.33999633789062,166800
2024-08-16,85.18000030517578,87.16999816894531,85.18000030517578,87.0,143000
2024-08-19,86.75,89.02999877929688,86.75,87.77999877929688,165500
2024-08-20,87.45999908447266,88.0,85.41000366210938,86.4800033569336,137000
2024-08-21,87.04000091552734,87.23999786376953,85.87000274658203,86.91999816894531,152900
2024-08-22,86.91999816894531,90.69999694824219,86.56999969482422,90.55000305175781,125400
2024-08-23,90.80999755859375,94.11000061035156,90.2699966430664,92.19000244140625,121700
2024-08-26,92.30000305175781,93.05999755859375,90.94000244140625,91.33000183105469,90700
2024-08-27,90.25,99.61000061035156,89.69999694824219,97.94999694824219,251300
2024-08-28,96.55999755859375,101.27999877929688,96.55999755859375,101.04000091552734,223600
2024-08-29,101.33999633789062,102.22000122070312,97.4000015258789,100.0999984741211,319100
2024-08-30,100.54000091552734,100.54000091552734,97.88999938964844,98.87999725341797,215900
2024-09-03,97.73999786376953,99.41999816894531,94.5999984741211,94.8499984741211,127500
2024-09-04,94.8499984741211,97.08999633789062,94.04000091552734,96.58999633789062,176600
2024-09-05,96.72000122070312,97.80999755859375,94.81999969482422,96.36000061035156,130900
2024-09-06,96.41000366210938,97.61000061035156,90.75,90.76000213623047,166400
2024-09-09,90.94000244140625,91.87000274658203,83.72000122070312,84.38999938964844,205900
2024-09-10,84.33000183105469,84.33000183105469,81.18000030517578,83.62999725341797,174800
2024-09-11,82.88999938964844,83.58999633789062,78.41999816894531,80.2300033569336,230200
2024-09-12,80.80000305175781,81.94000244140625,79.25,79.94000244140625,153800
2024-09-13,80.68000030517578,82.87999725341797,80.52999877929688,82.5999984741211,144100
2024-09-16,83.0999984741211,84.26000213623047,81.47000122070312,82.37000274658203,158900
2024-09-17,83.30999755859375,85.13999938964844,81.76000213623047,81.91000366210938,104000
2024-09-18,82.19000244140625,86.30999755859375,81.88999938964844,84.44000244140625,207100
2024-09-19,86.76000213623047,86.76000213623047,84.7300033569336,85.30999755859375,126500
2024-09-20,85.08000183105469,85.58999633789062,83.83000183105469,84.68000030517578,436900
2024-09-23,85.01000213623047,85.55000305175781,83.44999694824219,85.3499984741211,117200
2024-09-24,85.3499984741211,86.37000274658203,84.02999877929688,85.91999816894531,182800
2024-09-25,85.9000015258789,85.9000015258789,84.05000305175781,84.05000305175781,141100
2024-09-26,85.20999908447266,85.73999786376953,81.9800033569336,82.16000366210938,175400
2024-09-27,82.52999877929688,84.36000061035156,81.83999633789062,81.83999633789062,127600
2024-09-30,81.61000061035156,82.66000366210938,81.0,81.91999816894531,175000
2024-10-01,81.44000244140625,84.12999725341797,81.19999694824219,82.58000183105469,219400
2024-10-02,81.87000274658203,82.7300033569336,79.93000030517578,79.97000122070312,90000
2024-10-03,79.29000091552734,79.8499984741211,77.06999969482422,77.4000015258789,148200
2024-10-04,78.55999755859375,80.52999877929688,78.55999755859375,80.30999755859375,117000
2024-10-07,80.05999755859375,80.20999908447266,77.16999816894531,78.30999755859375,152000
2024-10-08,78.88999938964844,80.93000030517578,78.88999938964844,79.80000305175781,164700
2024-10-09,79.55000305175781,81.72000122070312,79.55000305175781,80.83999633789062,92000
2024-10-10,79.61000061035156,80.79000091552734,79.08999633789062,80.11000061035156,88900
2024-10-11,80.52999877929688,82.01000213623047,80.52999877929688,81.83999633789062,104300
2024-10-14,82.0199966430664,82.37999725341797,79.63999938964844,81.8499984741211,94700
2024-10-15,81.30999755859375,82.62999725341797,81.04000091552734,81.1500015258789,124300
2024-10-16,81.47000122070312,81.87999725341797,79.7699966430664,80.48999786376953,92100
2024-10-17,80.77999877929688,80.77999877929688,78.80999755859375,79.2300033569336,109200
2024-10-18,79.83000183105469,80.11000061035156,77.95999908447266,78.37000274658203,100200
2024-10-21,78.37000274658203,78.70999908447266,76.79000091552734,78.55000305175781,100300
2024-10-22,78.48999786376953,78.58000183105469,76.7699966430664,76.91999816894531,88200
2024-10-23,76.52999877929688,78.05000305175781,76.13999938964844,77.16000366210938,85400
2024-10-24,77.23999786376953,77.6500015258789,75.76000213623047,76.0,78300
2024-10-25,76.48999786376953,77.0199966430664,75.83000183105469,75.86000061035156,95300
2024-10-28,76.66000366210938,77.44999694824219,76.0,77.12999725341797,127900
2024-10-29,76.5999984741211,77.9000015258789,74.9000015258789,75.58999633789062,156400
2024-10-30,75.19999694824219,76.2699966430664,75.12999725341797,76.13999938964844,143500
2024-10-31,60.58000183105469,70.0,58.04999923706055,69.01000213623047,450900
2024-11-01,69.6500015258789,74.29000091552734,69.6500015258789,71.25,247600
2024-11-04,71.76000213623047,74.80999755859375,71.36000061035156,73.6500015258789,148800
2024-11-05,73.33000183105469,76.52999877929688,73.33000183105469,76.43000030517578,142700
2024-11-06,77.20999908447266,81.3499984741211,77.12999725341797,80.87999725341797,235500
2024-11-07,80.87999725341797,81.77999877929688,79.33999633789062,80.3499984741211,165400
2024-11-08,80.8499984741211,81.62000274658203,78.94999694824219,79.66000366210938,116800
2024-11-11,81.33999633789062,82.37000274658203,79.91000366210938,81.69000244140625,126200
2024-11-12,81.69999694824219,81.83000183105469,78.94000244140625,79.19999694824219,174900
2024-11-13,79.4000015258789,82.66000366210938,79.4000015258789,81.33999633789062,166000
2024-11-14,81.44000244140625,83.04000091552734,80.0,80.4800033569336,165500
2024-11-15,81.05000305175781,81.66000366210938,77.12000274658203,77.4000015258789,132800
2024-11-18,77.0,78.23999786376953,76.2699966430664,76.83999633789062,129700
2024-11-19,75.55000305175781,77.76000213623047,75.55000305175781,77.02999877929688,107200
2024-11-20,76.69999694824219,80.0,76.69999694824219,78.37999725341797,156300
2024-11-21,78.80999755859375,81.48999786376953,78.55999755859375,81.25,140400
2024-11-22,81.83999633789062,82.37999725341797,80.30000305175781,81.33000183105469,96100
2024-11-25,82.19000244140625,85.30999755859375,81.61000061035156,83.48999786376953,131200
2024-11-26,83.19999694824219,83.19999694824219,80.80000305175781,81.08999633789062,106300
2024-11-27,81.4000015258789,82.23999786376953,79.95999908447266,80.45999908447266,137000
2024-11-29,81.04000091552734,81.9800033569336,80.0999984741211,80.30000305175781,75100
2024-12-02,80.30000305175781,83.63999938964844,79.04000091552734,83.06999969482422,147500
2024-12-03,83.3499984741211,83.44000244140625,77.6500015258789,80.29000091552734,132600
2024-12-04,80.80000305175781,81.56999969482422,79.3499984741211,81.08999633789062,96100
2024-12-05,81.16999816894531,81.33000183105469,78.19999694824219,79.12000274658203,95400
2024-12-06,80.0,80.26000213623047,78.44999694824219,80.01000213623047,108500
2024-12-09,80.04000091552734,85.55999755859375,79.44999694824219,83.16999816894531,152700
2024-12-10,82.76000213623047,85.08999633789062,82.66999816894531,83.52999877929688,122800
2024-12-11,84.77999877929688,85.0,82.4800033569336,82.75,119400
2024-12-12,82.4000015258789,82.4000015258789,80.8499984741211,82.05000305175781,95100
2024-12-13,81.48999786376953,82.11000061035156,77.25,78.76000213623047,96800
2024-12-16,78.51000213623047,81.11000061035156,78.51000213623047,80.48999786376953,133500
2024-12-17,79.91000366210938,80.94000244140625,78.06999969482422,78.52999877929688,105500
2024-12-18,79.56999969482422,80.94000244140625,74.83000183105469,75.48999786376953,131400
2024-12-19,76.12000274658203,77.26000213623047,73.41999816894531,73.69999694824219,425200
2024-12-20,72.80000305175781,75.52999877929688,72.73999786376953,74.20999908447266,268200
2024-12-23,74.22000122070312,74.9000015258789,72.73999786376953,73.4000015258789,160100
2024-12-24,73.58000183105469,74.63999938964844,72.69000244140625,73.87999725341797,69200
2024-12-26,73.18000030517578,74.48999786376953,72.7699966430664,74.0,86700
2024-12-27,73.6500015258789,74.4000015258789,72.12999725341797,72.18000030517578,105400
2024-12-30,71.8499984741211,72.58999633789062,70.22000122070312,71.94000244140625,105500
2024-12-31,72.19000244140625,72.55000305175781,71.1500015258789,71.72000122070312,106400
2025-01-02,72.25,72.5999984741211,68.88999938964844,70.06999969482422,141200
2025-01-03,70.18000030517578,71.02999877929688,68.94999694824219,70.38999938964844,92800
2025-01-06,70.4800033569336,72.62999725341797,69.86000061035156,71.91999816894531,176300
2025-01-07,71.7699966430664,72.83999633789062,69.9800033569336,70.38999938964844,143100
2025-01-08,69.63999938964844,70.0,67.38999938964844,69.80000305175781,207800
2025-01-10,68.31999969482422,68.97000122070312,67.19000244140625,68.3499984741211,115600
2025-01-13,67.16000366210938,71.7300033569336,67.16000366210938,71.38999938964844,139500
2025-01-14,71.86000061035156,72.47000122070312,70.0,71.41000366210938,98200
2025-01-15,73.4800033569336,74.1500015258789,71.61000061035156,72.41000366210938,74200
2025-01-16,72.11000061035156,73.16999816894531,71.12000274658203,72.63999938964844,94800
2025-01-17,73.20999908447266,75.06999969482422,72.87000274658203,73.80999755859375,129900
2025-01-21,73.86000061035156,75.83000183105469,73.86000061035156,74.8499984741211,112300
2025-01-22,75.0,75.0,72.68000030517578,72.7300033569336,110100
2025-01-23,72.80000305175781,74.05000305175781,72.47000122070312,73.12000274658203,156500
2025-01-24,73.16000366210938,73.20999908447266,71.83999633789062,72.18000030517578,86300
2025-01-27,71.87999725341797,74.48999786376953,71.81999969482422,73.87999725341797,123300
2025-01-28,73.6500015258789,74.4000015258789,71.77999877929688,72.8499984741211,109000
2025-01-29,72.23999786376953,74.69000244140625,72.23999786376953,74.2300033569336,153300
2025-01-30,61.4900016784668,70.83000183105469,61.4900016784668,70.16000366210938,547300
2025-01-31,69.94000244140625,71.13999938964844,66.16000366210938,66.4800033569336,382100
2025-02-03,64.44000244140625,64.69000244140625,62.20000076293945,62.88999938964844,235100
2025-02-04,62.4900016784668,63.619998931884766,60.25,60.560001373291016,232200
2025-02-05,60.7400016784668,60.91999816894531,57.7400016784668,57.91999816894531,232100
2025-02-06,60.09000015258789,60.41999816894531,57.56999969482422,57.72999954223633,263200
2025-02-07,57.41999816894531,58.2599983215332,56.34000015258789,57.220001220703125,219100
2025-02-10,57.31999969482422,57.470001220703125,55.09000015258789,55.63999938964844,149900
2025-02-11,55.099998474121094,56.43000030517578,54.130001068115234,55.380001068115234,234600
2025-02-12,54.34000015258789,54.779998779296875,52.09000015258789,52.41999816894531,215500
2025-02-13,52.91999816894531,53.47999954223633,52.27000045776367,52.720001220703125,136600
2025-02-14,53.06999969482422,53.849998474121094,52.560001373291016,53.849998474121094,126300
2025-02-18,53.54999923706055,53.75,50.290000915527344,50.290000915527344,289100
2025-02-19,50.099998474121094,50.79999923706055,48.11000061035156,48.189998626708984,216800
2025-02-20,48.119998931884766,50.290000915527344,47.83000183105469,50.099998474121094,367300
2025-02-21,50.36000061035156,51.540000915527344,49.220001220703125,49.7599983215332,456100
2025-02-24,49.97999954223633,52.779998779296875,49.220001220703125,52.02000045776367,421400
2025-02-25,52.209999084472656,52.7400016784668,49.369998931884766,49.939998626708984,323900
2025-02-26,49.7599983215332,49.7599983215332,46.060001373291016,47.93000030517578,348300
2025-02-27,47.79999923706055,48.380001068115234,46.86000061035156,47.34000015258789,189600
2025-02-28,47.25,48.29999923706055,46.54999923706055,48.08000183105469,211600
2025-03-03,48.040000915527344,48.40999984741211,45.61000061035156,46.290000915527344,317300
2025-03-04,45.4900016784668,45.75,43.4900016784668,44.560001373291016,350700
2025-03-05,44.560001373291016,45.279998779296875,43.900001525878906,44.2400016784668,324700
2025-03-06,43.52000045776367,44.97999954223633,43.38999938964844,44.130001068115234,257200
2025-03-07,44.18000030517578,46.81999969482422,44.029998779296875,45.93000030517578,333400
2025-03-10,45.41999816894531,46.25,44.2599983215332,44.9900016784668,319400
2025-03-11,45.150001525878906,45.38999938964844,43.7599983215332,44.4900016784668,292200
2025-03-12,44.529998779296875,45.0,43.61000061035156,43.91999816894531,239900
2025-03-13,43.63999938964844,43.7599983215332,41.2400016784668,41.95000076293945,179100
2025-03-14,42.22999954223633,43.0,41.380001068115234,41.880001068115234,193000
2025-03-17,41.810001373291016,45.52000045776367,41.75,45.060001373291016,269100
2025-03-18,44.70000076293945,45.150001525878906,43.040000915527344,45.08000183105469,259900
2025-03-19,45.15999984741211,46.06999969482422,44.369998931884766,45.2400016784668,177100
2025-03-20,45.029998779296875,45.90999984741211,44.0099983215332,44.15999984741211,121700
2025-03-21,43.4900016784668,44.25,42.47999954223633,43.31999969482422,329800
2025-03-24,43.66999816894531,44.439998626708984,42.650001525878906,43.459999084472656,173900
2025-03-25,43.43000030517578,43.599998474121094,42.29999923706055,42.36000061035156,187200
2025-03-26,42.79999923706055,43.2599983215332,41.0099983215332,42.40999984741211,194800
2025-03-27,42.52000045776367,45.400001525878906,42.38999938964844,45.29999923706055,182500
2025-03-28,45.20000076293945,46.220001220703125,43.709999084472656,45.189998626708984,250500
2025-03-31,44.47999954223633,45.58000183105469,44.0,45.22999954223633,237100
2025-04-01,45.130001068115234,46.02000045776367,44.18000030517578,45.7400016784668,214700
2025-04-02,45.02000045776367,47.689998626708984,44.810001373291016,47.13999938964844,167200
2025-04-03,47.7599983215332,47.93000030517578,43.70000076293945,44.369998931884766,284800
2025-04-04,42.68000030517578,43.849998474121094,41.41999816894531,43.41999816894531,238700
2025-04-07,41.900001525878906,44.279998779296875,40.619998931884766,41.56999969482422,298900
2025-04-08,42.86000061035156,44.599998474121094,39.11000061035156,39.790000915527344,242700
2025-04-09,39.72999954223633,45.119998931884766,39.150001525878906,44.5,389900
2025-04-10,43.310001373291016,43.650001525878906,41.560001373291016,42.95000076293945,195200
2025-04-11,43.150001525878906,43.77000045776367,41.720001220703125,43.77000045776367,160700
2025-04-14,44.209999084472656,44.75,43.0,43.5099983215332,295000
2025-04-15,43.18000030517578,43.61000061035156,42.459999084472656,42.91999816894531,280300
2025-04-16,42.61000061035156,43.099998474121094,41.38999938964844,42.31999969482422,157100
2025-04-17,42.279998779296875,42.599998474121094,41.4900016784668,42.11000061035156,172500
2025-04-21,41.47999954223633,41.540000915527344,40.41999816894531,41.41999816894531,236300
2025-04-22,41.959999084472656,42.45000076293945,40.88999938964844,41.630001068115234,197600
2025-04-23,43.13999938964844,43.58000183105469,41.540000915527344,41.59000015258789,158500
2025-04-24,41.7599983215332,42.880001068115234,41.31999969482422,42.61000061035156,198100
2025-04-25,42.15999984741211,42.81999969482422,41.5,42.45000076293945,125500
2025-04-28,42.29999923706055,42.75,41.130001068115234,41.970001220703125,174400
2025-04-29,41.68000030517578,42.86000061035156,41.45000076293945,42.68000030517578,183700
2025-04-30,42.0,42.29999923706055,41.0099983215332,42.02000045776367,201600
2025-05-01,39.220001220703125,40.02000045776367,35.209999084472656,39.22999954223633,534200
2025-05-02,39.86000061035156,41.04999923706055,38.970001220703125,39.86000061035156,223600
2025-05-05,40.13999938964844,40.58000183105469,39.310001373291016,40.099998474121094,186800
2025-05-06,39.529998779296875,40.709999084472656,39.11000061035156,40.06999969482422,162500
2025-05-07,40.72999954223633,42.150001525878906,40.439998626708984,41.31999969482422,296100
2025-05-08,41.31999969482422,42.689998626708984,40.900001525878906,42.36000061035156,251100
2025-05-09,42.380001068115234,43.790000915527344,42.380001068115234,43.68000030517578,229800
2025-05-12,46.04999923706055,47.540000915527344,45.400001525878906,45.849998474121094,190400
2025-05-13,46.15999984741211,46.220001220703125,45.25,45.56999969482422,199100
2025-05-14,45.189998626708984,45.709999084472656,44.810001373291016,45.060001373291016,182200
2025-05-15,45.220001220703125,46.060001373291016,44.70000076293945,44.91999816894531,168100
2025-05-16,44.880001068115234,45.20000076293945,44.790000915527344,44.900001525878906,178000
2025-05-19,44.279998779296875,46.209999084472656,44.279998779296875,45.02000045776367,208100
2025-05-20,44.7599983215332,45.310001373291016,44.5,44.84000015258789,154200
2025-05-21,44.25,44.5,42.709999084472656,42.81999969482422,220600
2025-05-22,42.52000045776367,43.38999938964844,42.27000045776367,43.060001373291016,219500
2025-05-23,42.0,42.59000015258789,41.880001068115234,42.22999954223633,176400
2025-05-27,42.90999984741211,43.959999084472656,42.4900016784668,43.880001068115234,234800
2025-05-28,43.779998779296875,43.86000061035156,42.77000045776367,42.91999816894531,198500
2025-05-29,43.369998931884766,44.27000045776367,43.15999984741211,44.060001373291016,219700
2025-05-30,43.900001525878906,44.689998626708984,43.04999923706055,44.2599983215332,234100
2025-06-02,43.97999954223633,44.25,42.83000183105469,43.70000076293945,205400
2025-06-03,43.52000045776367,44.599998474121094,43.290000915527344,44.54999923706055,238800
2025-06-04,44.529998779296875,45.79999923706055,44.529998779296875,44.9900016784668,188800
2025-06-05,44.779998779296875,45.31999969482422,44.7599983215332,45.130001068115234,154100
2025-06-06,45.810001373291016,46.15999984741211,44.900001525878906,45.25,116300
2025-06-09,45.65999984741211,46.4900016784668,45.54999923706055,46.25,160700
2025-06-10,46.58000183105469,47.540000915527344,45.95000076293945,47.349998474121094,153500
2025-06-11,47.650001525878906,47.790000915527344,44.66999816894531,44.709999084472656,360300
2025-06-12,44.130001068115234,45.720001220703125,44.029998779296875,45.29999923706055,263700
2025-06-13,44.38999938964844,45.529998779296875,42.810001373291016,43.0,268600
2025-06-16,43.619998931884766,45.380001068115234,43.20000076293945,44.91999816894531,256400
2025-06-17,44.31999969482422,45.220001220703125,43.060001373291016,44.0,259400
2025-06-18,43.779998779296875,44.33000183105469,42.25,42.619998931884766,341400
2025-06-20,43.13999938964844,43.40999984741211,42.04999923706055,42.90999984741211,415500
2025-06-23,42.90999984741211,43.7400016784668,42.31999969482422,43.66999816894531,268100
2025-06-24,43.93000030517578,46.099998474121094,43.75,45.959999084472656,226900
2025-06-25,45.97999954223633,47.029998779296875,45.27000045776367,46.61000061035156,294700
2025-06-26,46.959999084472656,47.25,46.13999938964844,46.77000045776367,245100
2025-06-27,46.900001525878906,47.720001220703125,46.13999938964844,46.79999923706055,570000
2025-06-30,47.209999084472656,47.81999969482422,45.779998779296875,47.0,440300
2025-07-01,46.779998779296875,50.119998931884766,46.779998779296875,48.79999923706055,1061700
2025-07-02,48.95000076293945,50.81999969482422,48.68000030517578,49.880001068115234,511000
2025-07-03,49.959999084472656,50.529998779296875,49.290000915527344,49.68000030517578,69900
2025-07-07,49.25,49.59000015258789,45.72999954223633,46.439998626708984,318400
2025-07-08,46.5099983215332,48.40999984741211,46.459999084472656,47.790000915527344,231400
2025-07-09,48.22999954223633,48.779998779296875,47.63999938964844,48.20000076293945,199200
2025-07-10,48.20000076293945,50.47999954223633,47.75,49.2599983215332,186600
2025-07-11,48.65999984741211,49.15999984741211,47.63999938964844,47.7400016784668,142500
2025-07-14,47.400001525878906,47.52000045776367,46.189998626708984,46.45000076293945,170800
2025-07-15,46.849998474121094,46.849998474121094,43.61000061035156,43.86000061035156,383700
2025-07-16,44.11000061035156,44.869998931884766,42.849998474121094,43.33000183105469,274200
2025-07-17,43.290000915527344,44.56999969482422,42.08000183105469,44.029998779296875,250000
2025-07-18,44.52000045776367,44.77000045776367,43.52000045776367,44.650001525878906,165900
2025-07-21,45.25,45.720001220703125,44.31999969482422,44.650001525878906,130900
2025-07-22,44.709999084472656,48.18000030517578,44.189998626708984,47.310001373291016,239200
2025-07-23,47.790000915527344,48.959999084472656,45.279998779296875,48.790000915527344,198300
2025-07-24,48.779998779296875,49.209999084472656,47.88999938964844,48.470001220703125,186500
2025-07-25,48.88999938964844,49.45000076293945,47.7599983215332,48.459999084472656,165900
2025-07-28,48.5099983215332,50.099998474121094,47.95000076293945,49.56999969482422,338800
2025-07-29,49.70000076293945,50.16999816894531,48.61000061035156,49.720001220703125,329500
2025-07-30,53.650001525878906,58.13999938964844,53.529998779296875,55.7400016784668,726000
2025-07-31,55.59000015258789,56.79999923706055,54.27000045776367,55.310001373291016,349700
2025-08-01,54.5,55.2400016784668,52.7400016784668,53.189998626708984,381700
2025-08-04,53.20000076293945,54.61000061035156,48.5099983215332,53.880001068115234,313400
2025-08-05,54.349998474121094,56.189998626708984,53.88999938964844,55.439998626708984,254500
2025-08-06,55.58000183105469,55.880001068115234,54.22999954223633,54.439998626708984,274200
2025-08-07,55.2400016784668,56.650001525878906,54.93000030517578,55.47999954223633,199100
2025-08-08,55.849998474121094,56.11000061035156,54.52000045776367,55.36000061035156,178500
2025-08-11,55.40999984741211,56.43000030517578,54.58000183105469,55.349998474121094,192600
2025-08-12,55.099998474121094,58.689998626708984,54.34000015258789,58.41999816894531,249900
2025-08-13,58.47999954223633,61.22999954223633,58.2599983215332,60.599998474121094,236700
2025-08-14,59.849998474121094,60.63999938964844,59.09000015258789,60.15999984741211,215000
2025-08-15,60.810001373291016,60.810001373291016,58.79999923706055,59.060001373291016,216500
2025-08-18,58.779998779296875,59.7599983215332,58.66999816894531,58.88999938964844,184300
2025-08-19,58.599998474121094,61.130001068115234,58.599998474121094,60.4900016784668,206100
2025-08-20,60.63999938964844,61.09000015258789,59.279998779296875,59.810001373291016,174200
2025-08-21,59.58000183105469,60.709999084472656,58.720001220703125,58.88999938964844,235200
2025-08-22,59.38999938964844,63.7400016784668,59.25,62.65999984741211,254700
2025-08-25,62.04999923706055,62.45000076293945,61.439998626708984,61.77000045776367,120400
2025-08-26,62.06999969482422,64.37000274658203,61.790000915527344,63.220001220703125,203400
2025-08-27,62.83000183105469,63.7599983215332,62.310001373291016,62.93000030517578,199700
2025-08-28,63.119998931884766,63.22999954223633,61.720001220703125,62.470001220703125,140900
2025-08-29,62.689998626708984,64.08000183105469,62.38999938964844,63.119998931884766,151600
2025-09-02,62.650001525878906,62.810001373291016,61.11000061035156,62.459999084472656,320600
2025-09-03,62.0,62.61000061035156,60.470001220703125,60.75,177700
2025-09-04,61.22999954223633,61.380001068115234,60.380001068115234,60.65999984741211,218500
2025-09-05,61.099998474121094,62.83000183105469,61.040000915527344,62.810001373291016,204500
2025-09-08,62.93000030517578,64.66999816894531,61.90999984741211,63.470001220703125,256300
2025-09-09,63.25,64.30999755859375,59.25,62.66999816894531,173900
2025-09-10,62.66999816894531,63.0099983215332,58.06999969482422,58.9900016784668,164100
2025-09-11,59.18000030517578,61.33000183105469,58.88999938964844,61.16999816894531,197800
2025-09-12,60.47999954223633,60.84000015258789,57.02000045776367,57.099998474121094,177800
2025-09-15,57.09000015258789,58.369998931884766,56.7599983215332,57.59000015258789,362800
2025-09-16,57.47999954223633,63.119998931884766,56.34000015258789,62.650001525878906,517200
2025-09-17,63.630001068115234,66.0,62.119998931884766,62.18000030517578,342900
2025-09-18,63.060001373291016,63.650001525878906,61.630001068115234,62.900001525878906,262000
2025-09-19,62.900001525878906,63.630001068115234,61.36000061035156,62.310001373291016,312200
2025-09-22,62.2599983215332,64.0,61.400001525878906,63.130001068115234,257100
2025-09-23,63.5,63.7599983215332,61.95000076293945,61.970001220703125,169900
2025-09-24,62.310001373291016,64.29000091552734,61.65999984741211,61.869998931884766,158200
2025-09-25,61.47999954223633,62.459999084472656,60.75,61.2400016784668,119400
2025-09-26,61.439998626708984,62.75,61.2599983215332,62.41999816894531,145400
2025-09-29,62.849998474121094,63.369998931884766,61.650001525878906,61.9900016784668,138100
2025-09-30,61.66999816894531,63.38999938964844,61.34000015258789,63.040000915527344,212800
2025-10-01,63.47999954223633,63.790000915527344,61.61000061035156,62.79999923706055,125900
2025-10-02,62.86000061035156,63.77000045776367,62.38999938964844,63.34000015258789,136100
2025-10-03,63.849998474121094,65.05999755859375,63.849998474121094,64.7699966430664,106200
2025-10-06,64.55999755859375,65.86000061035156,60.720001220703125,63.45000076293945,123200
2025-10-07,63.68000030517578,63.779998779296875,62.36000061035156,63.02000045776367,174700
2025-10-08,63.400001525878906,64.16000366210938,62.349998474121094,63.650001525878906,168900
2025-10-09,63.45000076293945,63.68000030517578,62.7599983215332,63.38999938964844,132600
2025-10-10,63.869998931884766,64.27999877929688,61.209999084472656,61.33000183105469,129200
2025-10-13,62.540000915527344,63.029998779296875,61.900001525878906,62.59000015258789,108200
2025-10-14,62.06999969482422,64.6500015258789,62.06999969482422,64.18000030517578,103400
2025-10-15,64.36000061035156,66.80000305175781,64.0199966430664,64.77999877929688,138500
2025-10-16,65.23999786376953,65.8499984741211,63.970001220703125,65.73999786376953,74200
2025-10-17,65.2699966430664,66.29000091552734,64.25,65.0,88900
2025-10-20,65.33000183105469,66.80999755859375,65.22000122070312,66.2300033569336,75400
2025-10-21,66.22000122070312,66.9800033569336,65.1500015258789,65.91000366210938,104000
2025-10-22,65.87000274658203,66.5,65.0199966430664,65.13999938964844,102700
2025-10-23,65.0999984741211,67.11000061035156,64.62999725341797,66.29000091552734,104200
2025-10-24,67.0,68.58000183105469,66.62000274658203,67.3499984741211,108400
2025-10-27,67.55000305175781,68.26000213623047,65.31999969482422,65.44999694824219,170700
2025-10-28,65.22000122070312,67.75,63.86000061035156,66.72000122070312,204700
2025-10-29,66.44999694824219,68.37999725341797,65.9800033569336,66.75,352000
2025-10-30,66.2300033569336,76.6500015258789,61.84000015258789,74.19000244140625,495400
2025-10-31,73.0199966430664,73.2300033569336,68.98999786376953,69.20999908447266,365600
2025-11-03,68.33999633789062,71.31999969482422,66.97000122070312,68.12000274658203,363900
2025-11-04,67.9000015258789,69.44999694824219,65.7699966430664,66.08999633789062,181900
2025-11-05,65.62000274658203,66.83000183105469,63.040000915527344,64.72000122070312,238300
2025-11-06,64.66999816894531,66.37999725341797,61.439998626708984,62.41999816894531,182100
2025-11-07,63.34000015258789,65.19000244140625,60.869998931884766,61.209999084472656,199700
2025-11-10,61.88999938964844,65.5999984741211,60.59000015258789,65.27999877929688,192500
2025-11-11,65.47000122070312,66.98999786376953,64.9800033569336,66.5999984741211,199000
2025-11-12,66.30999755859375,68.11000061035156,65.0,65.12000274658203,123000
2025-11-13,65.2300033569336,67.80000305175781,65.2300033569336,67.51000213623047,146400
2025-11-14,67.16000366210938,67.93000030517578,65.6500015258789,66.58999633789062,164000
2025-11-17,66.88999938964844,67.04000091552734,64.7699966430664,65.25,180900
2025-11-18,64.62000274658203,69.05000305175781,64.2699966430664,65.66000366210938,138800
2025-11-19,66.1500015258789,67.98999786376953,65.66000366210938,67.45999908447266,145400
2025-11-20,68.13999938964844,69.43000030517578,65.9000015258789,66.05000305175781,151000
2025-11-21,66.01000213623047,69.94000244140625,65.94999694824219,67.6500015258789,160900
2025-11-24,67.4000015258789,69.5999984741211,66.62000274658203,69.13999938964844,115900
2025-11-25,69.73999786376953,70.95999908447266,68.73999786376953,70.38999938964844,217900
2025-11-26,70.04000091552734,70.33999633789062,67.77999877929688,68.87999725341797,190500
2025-11-28,68.7699966430664,70.56999969482422,68.08999633789062,68.8499984741211,159500
2025-12-01,68.48999786376953,70.31999969482422,67.4800033569336,67.75,394600
2025-12-02,68.12000274658203,72.44000244140625,67.2699966430664,70.44999694824219,244200
2025-12-03,70.6500015258789,75.16999816894531,70.6500015258789,73.69000244140625,175600
2025-12-04,73.13999938964844,74.94000244140625,71.7699966430664,72.11000061035156,171800
2025-12-05,72.11000061035156,72.98999786376953,69.18000030517578,70.47000122070312,278200
2025-12-08,70.94000244140625,71.69999694824219,70.22000122070312,71.45999908447266,130000
2025-12-09,70.94999694824219,72.37000274658203,70.94999694824219,72.30999755859375,117300
2025-12-10,72.12999725341797,73.76000213623047,71.25,72.05000305175781,143800
2025-12-11,72.5,74.83000183105469,72.5,73.88999938964844,142100
2025-12-12,73.9000015258789,75.7699966430664,73.62999725341797,74.62000274658203,153200
2025-12-15,74.75,76.1500015258789,74.63999938964844,75.22000122070312,142800
2025-12-16,75.22000122070312,76.19999694824219,73.5999984741211,74.19000244140625,194400
2025-12-17,73.88999938964844,75.9800033569336,73.88999938964844,74.43000030517578,168200
2025-12-18,74.9000015258789,76.4000015258789,74.9000015258789,76.1500015258789,138700
2025-12-19,76.25,76.5999984741211,72.87000274658203,72.98999786376953,413400
2025-12-22,73.37999725341797,73.5,71.05999755859375,71.83999633789062,152100
2025-12-23,71.69999694824219,74.48999786376953,69.87000274658203,71.0,155400
2025-12-24,70.7699966430664,70.88999938964844,69.9800033569336,70.5199966430664,55000
2025-12-26,70.43000030517578,70.5,69.0,69.19999694824219,116300
2025-12-29,69.37000274658203,69.51000213623047,68.51000213623047,69.0,93400
2025-12-30,68.69999694824219,68.69999694824219,67.37000274658203,67.5999984741211,103500
2025-12-31,67.87999725341797,67.91999816894531,66.2300033569336,66.58999633789062,110900
2026-01-02,66.58999633789062,66.7300033569336,65.05000305175781,65.66000366210938,124800
2026-01-05,65.77999877929688,67.80000305175781,65.41999816894531,66.56999969482422,169000
2026-01-06,66.08000183105469,66.62000274658203,64.19000244140625,66.2300033569336,222300
2026-01-07,66.62999725341797,70.87999725341797,66.2300033569336,69.72000122070312,179100
2026-01-08,69.08000183105469,74.08000183105469,67.8499984741211,73.79000091552734,145400
2026-01-09,74.0,78.75,73.43000030517578,78.69000244140625,142900
2026-01-12,78.45999908447266,79.44999694824219,76.80000305175781,77.05000305175781,114900
2026-01-13,77.08999633789062,78.19999694824219,76.58999633789062,77.31999969482422,123200
2026-01-14,76.55000305175781,80.20999908447266,76.55000305175781,79.7300033569336,112200
2026-01-15,79.61000061035156,81.63999938964844,76.61000061035156,80.18000030517578,100500
2026-01-16,80.16000366210938,80.6500015258789,79.26000213623047,79.73999786376953,100100
2026-01-20,77.88999938964844,78.98999786376953,75.94000244140625,76.36000061035156,98800
2026-01-21,77.13999938964844,80.55999755859375,76.88999938964844,80.08999633789062,136600
2026-01-22,80.12999725341797,81.9800033569336,80.0,80.66000366210938,109600
2026-01-23,80.0199966430664,80.81999969482422,77.9800033569336,78.8499984741211,104500
2026-01-26,78.69000244140625,79.70999908447266,78.08000183105469,78.62999725341797,98100
2026-01-27,78.04000091552734,78.87999725341797,77.08999633789062,78.52999877929688,108800
2026-01-28,79.01000213623047,79.70999908447266,77.62999725341797,77.91000366210938,133000
2026-01-29,69.19000244140625,82.16000366210938,69.01000213623047,78.01000213623047,223100
2026-01-30,77.9000015258789,79.45999908447266,75.13999938964844,79.08999633789062,208700
2026-02-02,78.91999816894531,82.43000030517578,78.91999816894531,80.54000091552734,175600
2026-02-03,80.08000183105469,81.75,75.12000274658203,76.61000061035156,150100
2026-02-04,77.41000366210938,79.20999908447266,73.88999938964844,74.94000244140625,189000
2026-02-05,74.93000030517578,76.5199966430664,72.7300033569336,73.58000183105469,164200
2026-02-06,74.25,76.3499984741211,71.12000274658203,75.63999938964844,92200
2026-02-09,75.0,77.05000305175781,72.45999908447266,76.97000122070312,184500
2026-02-10,77.2300033569336,78.98999786376953,76.16999816894531,76.33000183105469,82900
2026-02-11,76.33999633789062,77.79000091552734,75.33000183105469,76.41000366210938,129000
2026-02-12,77.16000366210938,78.98999786376953,74.05000305175781,75.0,207400
2026-02-13,75.54000091552734,77.8499984741211,72.87999725341797,74.2699966430664,273500
2026-02-17,74.26000213623047,75.52999877929688,71.87000274658203,71.87999725341797,88800
2026-02-18,71.81999969482422,75.22000122070312,71.81999969482422,73.41000366210938,135800
2026-02-19,72.93000030517578,73.98999786376953,72.12000274658203,73.45999908447266,105200
2026-02-20,73.2699966430664,74.20999908447266,71.62999725341797,72.23999786376953,68500
2026-02-23,71.55000305175781,72.37000274658203,69.31999969482422,70.19999694824219,139900
2026-02-24,70.56999969482422,73.27999877929688,70.48999786376953,71.5999984741211,91300
2026-02-25,71.7300033569336,72.0999984741211,70.80000305175781,72.0999984741211,100300
2026-02-26,72.4800033569336,74.58999633789062,71.0,72.68000030517578,161300
2026-02-27,71.4800033569336,73.94999694824219,70.30999755859375,73.05000305175781,182200
2026-03-02,71.52999877929688,72.83000183105469,70.37000274658203,71.1500015258789,98500
2026-03-03,69.06999969482422,70.88999938964844,68.25,70.43000030517578,96800
2026-03-04,70.83999633789062,72.44999694824219,69.80000305175781,70.19999694824219,90700
2026-03-05,68.88999938964844,72.61000061035156,68.88999938964844,72.19000244140625,108100
2026-03-06,70.70999908447266,71.70999908447266,68.86000061035156,71.69000244140625,111400
2026-03-09,70.36000061035156,72.23999786376953,68.51000213623047,71.69999694824219,98200
2026-03-10,71.13999938964844,71.87000274658203,69.4800033569336,71.11000061035156,78500
2026-03-11,70.69000244140625,71.91000366210938,69.68000030517578,70.22000122070312,70600
2026-03-12,69.19000244140625,71.13999938964844,67.41999816894531,69.91999816894531,107300
2026-03-13,70.54000091552734,71.79000091552734,69.75,71.05000305175781,143300
2026-03-16,71.29000091552734,72.77999877929688,69.7300033569336,71.12000274658203,148900
2026-03-17,71.70999908447266,72.9000015258789,71.05999755859375,72.69999694824219,90800
2026-03-18,72.0199966430664,72.16000366210938,69.05000305175781,69.91999816894531,131600
2026-03-19,69.61000061035156,71.44999694824219,68.93000030517578,70.4800033569336,116000
2026-03-20,70.55999755859375,71.04000091552734,68.95999908447266,69.31999969482422,271800
2026-03-23,70.87000274658203,72.55999755859375,70.8499984741211,71.98999786376953,110400
2026-03-24,71.0999984741211,74.30999755859375,70.45999908447266,74.02999877929688,102400
2026-03-25,75.13999938964844,75.73999786376953,73.5,74.41000366210938,138800
2026-03-26,74.08000183105469,75.0,73.25,73.61000061035156,99400
2026-03-27,73.80000305175781,74.19999694824219,72.0,72.18000030517578,60800
2026-03-30,72.4800033569336,73.30999755859375,71.69000244140625,72.75,90800
2026-03-31,74.52999877929688,75.0,72.0,73.0,273100
2026-04-01,73.9000015258789,74.76000213623047,72.75,74.04000091552734,172500
2026-04-02,73.41999816894531,77.06999969482422,72.86000061035156,74.1500015258789,93900
2026-04-06,74.44000244140625,76.0,73.45999908447266,73.87000274658203,95400
2026-04-07,73.70999908447266,75.52999877929688,73.16000366210938,74.02999877929688,153300
2026-04-08,76.12000274658203,78.9000015258789,76.12000274658203,78.0,211400
2026-04-09,77.31999969482422,78.05000305175781,74.44000244140625,75.13999938964844,142600
2026-04-10,75.13999938964844,76.83000183105469,73.72000122070312,76.69999694824219,131400
2026-04-13,76.61000061035156,78.76000213623047,75.94999694824219,78.29000091552734,76600
2026-04-14,78.33000183105469,81.0,78.25,80.48999786376953,82400
2026-04-15,80.01000213623047,80.86000061035156,77.80000305175781,78.97000122070312,87800
2026-04-16,78.2699966430664,79.98999786376953,78.2699966430664,79.18000030517578,96200
2026-04-17,80.23999786376953,82.80999755859375,79.16000366210938,81.18000030517578,183600
2026-04-20,81.18000030517578,82.19999694824219,80.43000030517578,81.11000061035156,81400
2026-04-21,80.91999816894531,83.0,79.6500015258789,82.36000061035156,110900
2026-04-22,82.66000366210938,83.80999755859375,81.62000274658203,83.0,68600
2026-04-23,83.48999786376953,84.0,80.69000244140625,81.58000183105469,84200
2026-04-24,81.22000122070312,82.68000030517578,79.44000244140625,81.97000122070312,79500
2026-04-27,81.58999633789062,83.20999908447266,80.66000366210938,83.04000091552734,103500
2026-04-28,83.5199966430664,84.0,82.18000030517578,82.68000030517578,80000
2026-04-29,82.0,82.6500015258789,80.44000244140625,81.41999816894531,78300
2026-04-30,85.81999969482422,90.98999786376953,84.69999694824219,88.45999908447266,331200
2026-05-01,89.02999877929688,93.93000030517578,87.75,93.75,230200
2026-05-04,92.16000366210938,95.0,88.9800033569336,94.68000030517578,245900
2026-05-05,94.66999816894531,96.0,89.5,91.83000183105469,147800
2026-05-06,93.05999755859375,93.05999755859375,89.20999908447266,89.5199966430664,128600
2026-05-07,89.16999816894531,92.94000244140625,89.0,91.9800033569336,118500
2026-05-08,91.56999969482422,92.58999633789062,89.02999877929688,91.66999816894531,151700
2026-05-11,92.73999786376953,93.12999725341797,88.30999755859375,88.44999694824219,164700
2026-05-12,88.58999633789062,91.80999755859375,88.26000213623047,91.51000213623047,169900
2026-05-13,90.5199966430664,91.73999786376953,89.05999755859375,89.27999877929688,193500
2026-05-14,90.37000274658203,93.4800033569336,89.4000015258789,93.25,229100
2026-05-15,92.83000183105469,95.30999755859375,92.37000274658203,94.19999694824219,301500
2026-05-18,94.38999938964844,103.12000274658203,92.51000213623047,102.87999725341797,427400
2026-05-19,102.13999938964844,104.91000366210938,99.16000366210938,99.4800033569336,347800
2026-05-20,98.95999908447266,98.95999908447266,95.80999755859375,97.69000244140625,218800
2026-05-21,96.30000305175781,98.58000183105469,93.88999938964844,95.16999816894531,203400
2026-05-22,96.44999694824219,104.11000061035156,95.19000244140625,102.38999938964844,234500
2026-05-26,102.31999969482422,105.08999633789062,100.88999938964844,104.05999755859375,262500
2026-05-27,104.16000366210938,106.12999725341797,103.44000244140625,104.4800033569336,187600
2026-05-28,104.4800033569336,104.5,99.63999938964844,99.8499984741211,102900
2026-05-29,98.66000366210938,99.62000274658203,98.01000213623047,98.55999755859375,189000
2026-06-01,98.06999969482422,99.62999725341797,97.47000122070312,98.94999694824219,158300
2026-06-02,98.54000091552734,98.83999633789062,96.1500015258789,97.23999786376953,218000
2026-06-03,96.43000030517578,98.0999984741211,94.91999816894531,96.0199966430664,153200
2026-06-04,97.37999725341797,99.02999877929688,96.4000015258789,96.97000122070312,168800
2026-06-05,96.7300033569336,96.91000366210938,93.22000122070312,94.55000305175781,165200
2026-06-08,94.5199966430664,95.94999694824219,93.06999969482422,93.27999877929688,135500
2026-06-09,93.47000122070312,95.9000015258789,92.05999755859375,92.56999969482422,197300
2026-06-10,92.5,93.4000015258789,89.38999938964844,91.9000015258789,206300
2026-06-11,92.66999816894531,92.66999816894531,89.5999984741211,90.51000213623047,175500
2026-06-12,90.51000213623047,92.2300033569336,88.6500015258789,88.87999725341797,169600
2026-06-15,88.30000305175781,89.33000183105469,82.75,83.33000183105469,393200
2026-06-16,83.31999969482422,85.80000305175781,79.45999908447266,83.93000030517578,929400
2026-06-17,83.55999755859375,85.73999786376953,83.26000213623047,84.5999984741211,250500
2026-06-18,85.19999694824219,86.25,83.0199966430664,84.8499984741211,284200
2026-06-22,84.70999908447266,87.45999908447266,84.4800033569336,86.66000366210938,193500
2026-06-23,86.0,88.01000213623047,85.80000305175781,87.83000183105469,112300
2026-06-24,87.83000183105469,90.44000244140625,87.83000183105469,90.19999694824219,153600
2026-06-25,90.55999755859375,92.91000366210938,89.47000122070312,89.69999694824219,120700
2026-06-26,89.51000213623047,93.05000305175781,88.55000305175781,92.01000213623047,702700
2026-06-29,92.23999786376953,98.77999877929688,91.29000091552734,98.3499984741211,181500
2026-06-30,98.75,101.83999633789062,97.6500015258789,101.69999694824219,329500
2026-07-01,101.5999984741211,105.7300033569336,101.5999984741211,103.91999816894531,191900
2026-07-02,103.80999755859375,105.0,96.2699966430664,97.62000274658203,325000
2026-07-06,97.62000274658203,99.6500015258789,94.05000305175781,94.16999816894531,195900
2026-07-07,94.79000091552734,96.61000061035156,94.43000030517578,96.23999786376953,194600
2026-07-08,96.69000244140625,99.69000244140625,93.51000213623047,97.77999877929688,438400
2026-07-09,96.98999786376953,98.43000030517578,96.19000244140625,97.69000244140625,125500
2026-07-10,97.6500015258789,100.75,96.47000122070312,99.7300033569336,114900
2026-07-13,100.30000305175781,101.47000122070312,99.52999877929688,99.9000015258789,97000
2026-07-14,99.13999938964844,99.69999694824219,97.4800033569336,98.5199966430664,108500
2026-07-15,98.6500015258789,104.5199966430664,98.6500015258789,103.0,143200
2026-07-16,104.19999694824219,106.58000183105469,103.70999908447266,105.30999755859375,104300
2026-07-17,104.5999984741211,106.05000305175781,102.5999984741211,102.8499984741211,144400
2026-07-20,102.73999786376953,104.41999816894531,101.69000244140625,103.02999877929688,126600
