date,open,high,low,close,volume
2017-06-27,15.899999618530273,15.899999618530273,15.0,15.25,715300
2017-06-28,15.220000267028809,15.25,15.100000381469727,15.149999618530273,71000
2017-06-29,15.149999618530273,15.149999618530273,14.739999771118164,14.859999656677246,90200
2017-06-30,14.829999923706055,15.126999855041504,14.829999923706055,15.0,31600
2017-07-03,15.270000457763672,15.270000457763672,15.0,15.050000190734863,10400
2017-07-05,14.899999618530273,15.199999809265137,14.890000343322754,15.140000343322754,13000
2017-07-06,15.270000457763672,15.3100004196167,14.949999809265137,14.949999809265137,24400
2017-07-07,15.0,15.039999961853027,14.970000267028809,14.994999885559082,8200
2017-07-10,15.0,15.210000038146973,14.789999961853027,14.850000381469727,42500
2017-07-11,14.850000381469727,15.0,14.800000190734863,14.9399995803833,29000
2017-07-12,14.770000457763672,15.0,14.510000228881836,14.899999618530273,81400
2017-07-13,14.770000457763672,15.0,14.770000457763672,14.949999809265137,53900
2017-07-14,14.767000198364258,14.810999870300293,14.600000381469727,14.649999618530273,44000
2017-07-17,14.656000137329102,14.682999610900879,14.640000343322754,14.65999984741211,16800
2017-07-18,14.649999618530273,14.75,14.649999618530273,14.699999809265137,8200
2017-07-19,14.59000015258789,14.670000076293945,14.550000190734863,14.649999618530273,51500
2017-07-20,14.649999618530273,14.677000045776367,14.600000381469727,14.649999618530273,30800
2017-07-21,14.649999618530273,14.75,14.649999618530273,14.649999618530273,27000
2017-07-24,14.680000305175781,14.699999809265137,14.552000045776367,14.649999618530273,7200
2017-07-25,14.75,14.8149995803833,14.600000381469727,14.739999771118164,63600
2017-07-26,14.795000076293945,14.890000343322754,14.550000190734863,14.850000381469727,53900
2017-07-27,14.90999984741211,14.90999984741211,14.609999656677246,14.609999656677246,39100
2017-07-28,14.75,14.949999809265137,14.75,14.899999618530273,15000
2017-07-31,14.850000381469727,14.850000381469727,14.699999809265137,14.774999618530273,24600
2017-08-01,14.75,14.949999809265137,14.699999809265137,14.890000343322754,11800
2017-08-02,14.8100004196167,14.850000381469727,14.800000190734863,14.800000190734863,15800
2017-08-03,14.899999618530273,14.9399995803833,14.75,14.819999694824219,52700
2017-08-04,14.989999771118164,15.0,14.84000015258789,15.0,22000
2017-08-07,15.0,15.050000190734863,14.899999618530273,15.010000228881836,49600
2017-08-08,15.04699993133545,15.170000076293945,15.0,15.149999618530273,23000
2017-08-09,15.25,15.300000190734863,15.050000190734863,15.180000305175781,10300
2017-08-10,15.0,15.300000190734863,15.0,15.170000076293945,9900
2017-08-11,15.319999694824219,16.1200008392334,15.210000038146973,16.059999465942383,1500
2017-08-14,15.989999771118164,16.059999465942383,15.157999992370605,16.0,4000
2017-08-15,16.0,16.0,15.52400016784668,15.52400016784668,1700
2017-08-16,15.600000381469727,15.829999923706055,15.600000381469727,15.829999923706055,1400
2017-08-17,15.779999732971191,16.010000228881836,15.779999732971191,16.010000228881836,200
2017-08-18,15.987000465393066,15.987000465393066,15.987000465393066,15.987000465393066,700
2017-08-21,16.010000228881836,16.15999984741211,15.779999732971191,15.899999618530273,12300
2017-08-22,15.899999618530273,15.899999618530273,15.170000076293945,15.279999732971191,21600
2017-08-23,15.430000305175781,15.5,14.78499984741211,15.15999984741211,23900
2017-08-24,15.09000015258789,15.199999809265137,14.899999618530273,15.199999809265137,3400
2017-08-25,15.350000381469727,15.5,15.0,15.074999809265137,4100
2017-08-28,14.949999809265137,14.949999809265137,14.800000190734863,14.899999618530273,11200
2017-08-29,14.800000190734863,14.852999687194824,14.529999732971191,14.699999809265137,43700
2017-08-30,14.800000190734863,15.0600004196167,14.729999542236328,15.0600004196167,45800
2017-08-31,15.0600004196167,15.25,15.0,15.0,19900
2017-09-01,15.0,15.25,14.760000228881836,14.760000228881836,22000
2017-09-05,14.949999809265137,14.949999809265137,14.510000228881836,14.800000190734863,30500
2017-09-06,14.569999694824219,15.0,14.569999694824219,14.9399995803833,33100
2017-09-07,15.239999771118164,15.239999771118164,15.0,15.079999923706055,7500
2017-09-08,15.029999732971191,15.234999656677246,15.029999732971191,15.125,2300
2017-09-11,15.0600004196167,15.229999542236328,14.949999809265137,15.100000381469727,19700
2017-09-12,15.199999809265137,15.199999809265137,15.0,15.199999809265137,9700
2017-09-13,15.25,15.25,15.0,15.0,13100
2017-09-14,14.979999542236328,15.25,14.979999542236328,15.199999809265137,17500
2017-09-15,15.1899995803833,15.199999809265137,14.649999618530273,14.649999618530273,66200
2017-09-18,14.800000190734863,15.149999618530273,14.699999809265137,14.850000381469727,23000
2017-09-19,15.081000328063965,15.09000015258789,14.90999984741211,15.0,4500
2017-09-20,15.0,15.180000305175781,15.0,15.180000305175781,11600
2017-09-21,15.180000305175781,15.25,15.119999885559082,15.210000038146973,28200
2017-09-22,15.020000457763672,15.1899995803833,15.0,15.0600004196167,1500
2017-09-25,15.199999809265137,15.210000038146973,15.0,15.199999809265137,9600
2017-09-26,15.199999809265137,15.199999809265137,15.039999961853027,15.1899995803833,1800
2017-09-27,15.175000190734863,15.4399995803833,15.175000190734863,15.34000015258789,12200
2017-09-28,15.350000381469727,16.52199935913086,15.350000381469727,16.0,67700
2017-09-29,15.989999771118164,16.09000015258789,15.84000015258789,16.09000015258789,8700
2017-10-02,16.100000381469727,16.149999618530273,15.595999717712402,16.079999923706055,16000
2017-10-03,16.200000762939453,16.200000762939453,15.979999542236328,16.010000228881836,2800
2017-10-04,16.100000381469727,16.100000381469727,16.100000381469727,16.100000381469727,100
2017-10-05,15.420000076293945,15.84000015258789,15.420000076293945,15.84000015258789,1300
2017-10-06,15.600000381469727,16.049999237060547,15.600000381469727,16.049999237060547,6800
2017-10-09,16.0,16.0,15.600000381469727,15.949999809265137,15400
2017-10-10,15.84000015258789,16.049999237060547,15.760000228881836,16.049999237060547,11100
2017-10-11,16.049999237060547,16.049999237060547,15.609999656677246,15.890000343322754,2600
2017-10-12,15.720000267028809,15.779999732971191,15.65999984741211,15.65999984741211,8500
2017-10-13,15.979999542236328,16.040000915527344,15.609999656677246,15.609999656677246,7300
2017-10-16,15.600000381469727,15.800000190734863,15.220000267028809,15.220000267028809,6000
2017-10-17,15.34000015258789,16.030000686645508,15.34000015258789,16.030000686645508,24000
2017-10-18,15.869999885559082,16.023000717163086,15.869999885559082,16.010000228881836,9100
2017-10-19,15.26200008392334,15.989999771118164,15.26200008392334,15.989999771118164,3500
2017-10-20,15.899999618530273,16.149999618530273,15.899999618530273,16.149999618530273,9000
2017-10-23,16.149999618530273,16.149999618530273,15.8100004196167,16.0,1500
2017-10-24,16.0,16.0,15.640000343322754,15.789999961853027,1100
2017-10-25,15.979999542236328,16.100000381469727,15.949999809265137,16.049999237060547,14400
2017-10-26,15.680000305175781,16.149999618530273,15.680000305175781,16.149999618530273,11900
2017-10-27,16.059999465942383,16.200000762939453,15.899999618530273,16.100000381469727,6100
2017-10-30,16.100000381469727,16.25,15.920000076293945,16.25,4600
2017-10-31,16.441999435424805,16.860000610351562,16.440000534057617,16.709999084472656,25300
2017-11-01,16.160999298095703,16.309999465942383,16.020000457763672,16.299999237060547,18500
2017-11-02,16.420000076293945,16.649999618530273,16.110000610351562,16.360000610351562,11500
2017-11-03,16.31999969482422,16.65999984741211,16.31999969482422,16.510000228881836,4800
2017-11-06,16.329999923706055,16.6299991607666,16.280000686645508,16.6299991607666,2600
2017-11-07,16.309999465942383,16.549999237060547,16.309999465942383,16.549999237060547,3300
2017-11-08,16.510000228881836,16.979999542236328,16.5,16.979999542236328,21900
2017-11-09,16.850000381469727,16.850000381469727,16.510000228881836,16.75,6100
2017-11-10,16.75,16.75,16.75,16.75,0
2017-11-13,16.81999969482422,16.940000534057617,16.5,16.510000228881836,4600
2017-11-14,16.5,16.829999923706055,16.5,16.829999923706055,1000
2017-11-15,16.68000030517578,16.68000030517578,16.670000076293945,16.670000076293945,700
2017-11-16,16.65999984741211,16.969999313354492,16.65999984741211,16.969999313354492,8600
2017-11-17,17.0,17.0,15.960000038146973,16.75,9500
2017-11-20,16.729999542236328,16.950000762939453,16.35099983215332,16.35099983215332,5900
2017-11-21,16.65999984741211,16.899999618530273,16.65999984741211,16.899999618530273,1100
2017-11-22,16.399999618530273,17.719999313354492,16.399999618530273,17.649999618530273,11400
2017-11-24,17.079999923706055,17.600000381469727,17.079999923706055,17.600000381469727,500
2017-11-27,17.649999618530273,17.649999618530273,17.1200008392334,17.6200008392334,7000
2017-11-28,17.649999618530273,17.729999542236328,17.399999618530273,17.729999542236328,4000
2017-11-29,17.75,18.209999084472656,17.684999465942383,18.209999084472656,3600
2017-11-30,18.299999237060547,19.780000686645508,18.1299991607666,18.579999923706055,59500
2017-12-01,18.899999618530273,18.899999618530273,18.899999618530273,18.899999618530273,600
2017-12-04,19.507999420166016,23.183000564575195,19.507999420166016,21.0,13700
2017-12-05,21.0,21.309999465942383,20.0,20.270000457763672,84900
2017-12-06,20.5,20.5,19.950000762939453,20.31999969482422,30300
2017-12-07,20.5,20.979999542236328,20.459999084472656,20.520000457763672,63400
2017-12-08,21.31999969482422,21.31999969482422,20.111000061035156,20.450000762939453,9600
2017-12-11,19.6299991607666,20.610000610351562,19.6299991607666,20.5,5200
2017-12-12,20.749000549316406,20.75,19.079999923706055,20.100000381469727,10900
2017-12-13,20.040000915527344,20.229999542236328,19.979999542236328,19.979999542236328,5700
2017-12-14,19.979999542236328,20.0,19.5,19.5,10100
2017-12-15,18.01099967956543,20.343000411987305,17.81999969482422,19.0,22000
2017-12-18,20.58300018310547,20.58300018310547,19.0,19.100000381469727,10100
2017-12-19,19.0,19.79599952697754,18.899999618530273,19.0,19000
2017-12-20,19.0,19.549999237060547,19.0,19.549999237060547,7000
2017-12-21,19.3799991607666,19.719999313354492,19.149999618530273,19.15999984741211,9500
2017-12-22,19.200000762939453,19.700000762939453,19.100000381469727,19.100000381469727,1300
2017-12-26,19.229999542236328,19.950000762939453,19.100000381469727,19.950000762939453,12600
2017-12-27,19.93000030517578,20.59000015258789,19.75,19.75,5000
2017-12-28,20.010000228881836,20.4950008392334,19.600000381469727,19.600000381469727,3100
2017-12-29,19.799999237060547,19.850000381469727,19.739999771118164,19.739999771118164,4100
2018-01-02,19.98900032043457,19.98900032043457,18.510000228881836,18.90999984741211,13900
2018-01-03,18.90999984741211,19.940000534057617,18.90999984741211,19.25,8900
2018-01-04,19.440000534057617,19.93000030517578,19.440000534057617,19.700000762939453,1500
2018-01-05,19.5,19.989999771118164,19.5,19.8700008392334,11600
2018-01-08,19.75,19.75,19.75,19.75,500
2018-01-09,19.75,19.75,19.75,19.75,0
2018-01-10,19.75,19.75,19.75,19.75,0
2018-01-11,19.65999984741211,19.65999984741211,19.65999984741211,19.65999984741211,400
2018-01-12,19.280000686645508,19.700000762939453,18.190000534057617,19.700000762939453,11800
2018-01-16,19.48900032043457,19.979999542236328,19.399999618530273,19.809999465942383,5500
2018-01-17,19.809999465942383,19.809999465942383,19.809999465942383,19.809999465942383,0
2018-01-18,19.799999237060547,19.8700008392334,19.719999313354492,19.735000610351562,9700
2018-01-19,19.75,20.0,19.52899932861328,20.0,7700
2018-01-22,20.0,20.0,20.0,20.0,400
2018-01-23,20.0,20.0,18.3700008392334,19.25,12200
2018-01-24,19.899999618530273,20.190000534057617,19.25,19.299999237060547,3100
2018-01-25,19.719999313354492,21.089000701904297,19.719999313354492,20.4950008392334,600
2018-01-26,20.350000381469727,21.520000457763672,20.200000762939453,21.510000228881836,7300
2018-01-29,21.670000076293945,22.316999435424805,17.34000015258789,22.316999435424805,10500
2018-01-30,22.700000762939453,22.829999923706055,21.5,22.809999465942383,21400
2018-01-31,21.450000762939453,22.899999618530273,21.450000762939453,22.760000228881836,6100
2018-02-01,23.0,25.915000915527344,23.0,24.75,29200
2018-02-02,24.770000457763672,24.770000457763672,23.520000457763672,24.510000228881836,8100
2018-02-05,24.010000228881836,24.280000686645508,22.270000457763672,22.270000457763672,15600
2018-02-06,21.819000244140625,23.999000549316406,20.700000762939453,23.0,12200
2018-02-07,22.979999542236328,22.989999771118164,21.799999237060547,22.0,14100
2018-02-08,21.8700008392334,24.0,21.520000457763672,22.0,11900
2018-02-09,22.0,23.399999618530273,21.562999725341797,21.700000762939453,9400
2018-02-12,21.190000534057617,23.0,21.190000534057617,22.0,6400
2018-02-13,22.0,22.469999313354492,21.899999618530273,22.010000228881836,3500
2018-02-14,23.49799919128418,23.49799919128418,21.600000381469727,21.799999237060547,23100
2018-02-15,21.760000228881836,22.049999237060547,21.5,21.739999771118164,8700
2018-02-16,22.280000686645508,22.829999923706055,21.68000030517578,22.68000030517578,107600
2018-02-20,22.690000534057617,23.405000686645508,21.559999465942383,22.5,43500
2018-02-21,22.5,23.579999923706055,22.079999923706055,22.594999313354492,6500
2018-02-22,22.700000762939453,22.700000762939453,22.0,22.5,5500
2018-02-23,22.53700065612793,23.360000610351562,22.53700065612793,23.0,5000
2018-02-26,23.0,23.299999237060547,22.490999221801758,22.979999542236328,9700
2018-02-27,22.829999923706055,23.114999771118164,22.15999984741211,22.860000610351562,17100
2018-02-28,23.0,23.5,22.90999984741211,23.0,18900
2018-03-01,22.760000228881836,23.200000762939453,22.5,22.540000915527344,22500
2018-03-02,22.5,23.040000915527344,22.5,22.90999984741211,18400
2018-03-05,22.899999618530273,23.06999969482422,22.708999633789062,22.75,12400
2018-03-06,22.920000076293945,23.375,22.5,22.5,19400
2018-03-07,23.139999389648438,23.299999237060547,22.559999465942383,22.559999465942383,10800
2018-03-08,22.700000762939453,23.19499969482422,21.559999465942383,22.440000534057617,24100
2018-03-09,22.329999923706055,22.5,22.020000457763672,22.329999923706055,17200
2018-03-12,22.200000762939453,23.5,21.850000381469727,22.1200008392334,37000
2018-03-13,22.799999237060547,22.799999237060547,22.350000381469727,22.530000686645508,34400
2018-03-14,22.59000015258789,23.559999465942383,22.399999618530273,23.049999237060547,76800
2018-03-15,23.0,23.90999984741211,23.0,23.5,27000
2018-03-16,23.579999923706055,24.3700008392334,23.510000228881836,23.93000030517578,31400
2018-03-19,23.860000610351562,24.440000534057617,23.84000015258789,24.219999313354492,78900
2018-03-20,24.299999237060547,24.92099952697754,23.290000915527344,23.709999084472656,56000
2018-03-21,23.84000015258789,23.889999389648438,23.059999465942383,23.420000076293945,17400
2018-03-22,23.489999771118164,24.579999923706055,23.489999771118164,24.469999313354492,27500
2018-03-23,24.389999389648438,24.989999771118164,24.049999237060547,24.6200008392334,39400
2018-03-26,24.950000762939453,24.950000762939453,23.910999298095703,24.700000762939453,37800
2018-03-27,24.6299991607666,24.739999771118164,24.0,24.200000762939453,24000
2018-03-28,24.950000762939453,24.950000762939453,24.170000076293945,24.450000762939453,14600
2018-03-29,24.399999618530273,24.399999618530273,20.760000228881836,24.399999618530273,25300
2018-04-02,24.31999969482422,24.979999542236328,24.139999389648438,24.979999542236328,23000
2018-04-03,24.899999618530273,24.950000762939453,24.5,24.68000030517578,14500
2018-04-04,24.5,24.899999618530273,24.329999923706055,24.8700008392334,23500
2018-04-05,24.649999618530273,24.700000762939453,24.479999542236328,24.6200008392334,10800
2018-04-06,24.559999465942383,24.885000228881836,24.110000610351562,24.110000610351562,31700
2018-04-09,24.459999084472656,24.700000762939453,24.437000274658203,24.579999923706055,12500
2018-04-10,24.59000015258789,24.600000381469727,24.450000762939453,24.5,6600
2018-04-11,24.40999984741211,24.600000381469727,24.25,24.450000762939453,38800
2018-04-12,24.530000686645508,24.950000762939453,24.420000076293945,24.479999542236328,20400
2018-04-13,24.65999984741211,24.979999542236328,24.25,24.450000762939453,11300
2018-04-16,24.56999969482422,24.729999542236328,24.25,24.25,4100
2018-04-17,24.399999618530273,24.68000030517578,24.270000457763672,24.40999984741211,10100
2018-04-18,24.474000930786133,24.75,24.360000610351562,24.690000534057617,7300
2018-04-19,24.700000762939453,24.860000610351562,24.389999389648438,24.549999237060547,6800
2018-04-20,24.670000076293945,24.989999771118164,24.149999618530273,24.399999618530273,18000
2018-04-23,24.600000381469727,25.0,24.15999984741211,24.450000762939453,27800
2018-04-24,24.450000762939453,24.75,24.389999389648438,24.700000762939453,16100
2018-04-25,24.959999084472656,24.959999084472656,24.0,24.15999984741211,14800
2018-04-26,24.459999084472656,24.75,24.0,24.030000686645508,11600
2018-04-27,24.0,24.209999084472656,24.0,24.200000762939453,12600
2018-04-30,24.360000610351562,24.809999465942383,24.0,24.09000015258789,16500
2018-05-01,23.850000381469727,24.5,23.850000381469727,24.25,10500
2018-05-02,24.31999969482422,24.5,24.010000228881836,24.5,9200
2018-05-03,24.450000762939453,24.5,24.100000381469727,24.1200008392334,19800
2018-05-04,24.0,24.489999771118164,24.0,24.139999389648438,7500
2018-05-07,24.31999969482422,24.399999618530273,24.009000778198242,24.229999542236328,6900
2018-05-08,24.31999969482422,24.639999389648438,24.131000518798828,24.25,20700
2018-05-09,24.219999313354492,24.639999389648438,24.06999969482422,24.110000610351562,13300
2018-05-10,24.31999969482422,24.5,24.30500030517578,24.389999389648438,7800
2018-05-11,24.364999771118164,24.600000381469727,24.040000915527344,24.5,4800
2018-05-14,24.459999084472656,24.459999084472656,24.049999237060547,24.110000610351562,8700
2018-05-15,24.200000762939453,24.469999313354492,24.149999618530273,24.469999313354492,5900
2018-05-16,24.200000762939453,24.93000030517578,24.190000534057617,24.700000762939453,12900
2018-05-17,24.610000610351562,24.8799991607666,24.350000381469727,24.350000381469727,26700
2018-05-18,25.149999618530273,25.149999618530273,24.299999237060547,24.360000610351562,39200
2018-05-21,24.639999389648438,24.889999389648438,24.5,24.850000381469727,2800
2018-05-22,24.5,24.979999542236328,24.489999771118164,24.780000686645508,17400
2018-05-23,24.799999237060547,25.0,24.770999908447266,24.985000610351562,3700
2018-05-24,24.760000228881836,24.969999313354492,24.65999984741211,24.850000381469727,6000
2018-05-25,24.920000076293945,24.989999771118164,24.670000076293945,24.81999969482422,6900
2018-05-29,24.989999771118164,25.450000762939453,24.899999618530273,25.280000686645508,4100
2018-05-30,25.200000762939453,25.56999969482422,24.989999771118164,25.010000228881836,15600
2018-05-31,25.0,26.729999542236328,25.0,26.149999618530273,24300
2018-06-01,26.229999542236328,26.440000534057617,26.0,26.239999771118164,17800
2018-06-04,26.139999389648438,26.174999237060547,25.969999313354492,26.139999389648438,12400
2018-06-05,26.0,26.0,25.200000762939453,25.5,16500
2018-06-06,23.959999084472656,25.885000228881836,23.959999084472656,25.219999313354492,16200
2018-06-07,25.450000762939453,25.649999618530273,25.135000228881836,25.25,10200
2018-06-08,25.329999923706055,25.621000289916992,25.0,25.010000228881836,8400
2018-06-11,25.5,26.309999465942383,25.145000457763672,26.280000686645508,19900
2018-06-12,26.280000686645508,27.0,25.8799991607666,25.8799991607666,32700
2018-06-13,26.25,29.450000762939453,26.110000610351562,26.770000457763672,17700
2018-06-14,26.989999771118164,27.350000381469727,26.700000762939453,26.889999389648438,13600
2018-06-15,26.93000030517578,27.030000686645508,26.030000686645508,26.549999237060547,38600
2018-06-18,26.639999389648438,26.84000015258789,26.520000457763672,26.6200008392334,20000
2018-06-19,26.6299991607666,27.149999618530273,26.1299991607666,26.899999618530273,24000
2018-06-20,26.889999389648438,27.09000015258789,26.329999923706055,26.75,30300
2018-06-21,26.700000762939453,27.0,25.722999572753906,26.209999084472656,28100
2018-06-22,26.440000534057617,26.809999465942383,24.80500030517578,25.84000015258789,647800
2018-06-25,25.950000762939453,26.100000381469727,25.399999618530273,25.809999465942383,27300
2018-06-26,25.75,25.989999771118164,25.239999771118164,25.969999313354492,28100
2018-06-27,26.0,26.530000686645508,25.899999618530273,26.3700008392334,34400
2018-06-28,26.600000381469727,27.8799991607666,26.15999984741211,26.90999984741211,50600
2018-06-29,26.920000076293945,26.920000076293945,26.06999969482422,26.389999389648438,24300
2018-07-02,26.229999542236328,26.65999984741211,25.90999984741211,26.399999618530273,12200
2018-07-03,26.399999618530273,26.600000381469727,26.110000610351562,26.450000762939453,16900
2018-07-05,26.530000686645508,26.700000762939453,26.110000610351562,26.399999618530273,25100
2018-07-06,26.530000686645508,27.149999618530273,26.530000686645508,26.700000762939453,37200
2018-07-09,24.01099967956543,27.03499984741211,24.01099967956543,26.540000915527344,35600
2018-07-10,26.520000457763672,26.8799991607666,26.260000228881836,26.690000534057617,14500
2018-07-11,26.56999969482422,26.899999618530273,25.43000030517578,26.540000915527344,22200
2018-07-12,26.670000076293945,26.700000762939453,26.25,26.59000015258789,22000
2018-07-13,26.530000686645508,26.530000686645508,26.003999710083008,26.360000610351562,12000
2018-07-16,26.309999465942383,26.309999465942383,25.75,25.93000030517578,30400
2018-07-17,26.030000686645508,26.15999984741211,25.889999389648438,25.989999771118164,8300
2018-07-18,26.100000381469727,26.100000381469727,25.610000610351562,26.0,9600
2018-07-19,26.0,26.479999542236328,25.510000228881836,26.030000686645508,26500
2018-07-20,26.0,26.100000381469727,25.739999771118164,25.75,35800
2018-07-23,25.700000762939453,26.09000015258789,25.25,25.90999984741211,23400
2018-07-24,26.0,26.0,25.700000762939453,25.760000228881836,24300
2018-07-25,25.760000228881836,26.489999771118164,24.01099967956543,24.350000381469727,38700
2018-07-26,24.31999969482422,25.770000457763672,24.18000030517578,25.770000457763672,13500
2018-07-27,25.719999313354492,25.719999313354492,24.489999771118164,24.5,30800
2018-07-30,24.489999771118164,25.83300018310547,24.024999618530273,24.700000762939453,29800
2018-07-31,24.700000762939453,25.729999542236328,23.93000030517578,25.540000915527344,18200
2018-08-01,25.530000686645508,25.760000228881836,25.25,25.75,2400
2018-08-02,25.59000015258789,25.770000457763672,25.45800018310547,25.610000610351562,9500
2018-08-03,25.59000015258789,25.75,25.0,25.25,14600
2018-08-06,25.270000457763672,25.649999618530273,25.100000381469727,25.489999771118164,9000
2018-08-07,25.459999084472656,25.6200008392334,25.280000686645508,25.530000686645508,4900
2018-08-08,25.549999237060547,25.614999771118164,25.204999923706055,25.450000762939453,13900
2018-08-09,25.469999313354492,25.700000762939453,25.270000457763672,25.559999465942383,6900
2018-08-10,25.489999771118164,25.59000015258789,23.0,24.360000610351562,135200
2018-08-13,24.84000015258789,25.5,24.799999237060547,25.059999465942383,55800
2018-08-14,25.239999771118164,25.440000534057617,24.610000610351562,24.84000015258789,17500
2018-08-15,24.780000686645508,24.780000686645508,24.090999603271484,24.350000381469727,9000
2018-08-16,24.600000381469727,25.059999465942383,24.44499969482422,25.030000686645508,16400
2018-08-17,24.90999984741211,25.459999084472656,24.90999984741211,25.219999313354492,8700
2018-08-20,25.479999542236328,25.698999404907227,25.049999237060547,25.1299991607666,24400
2018-08-21,25.149999618530273,25.649999618530273,25.121000289916992,25.270000457763672,8300
2018-08-22,25.3700008392334,25.6200008392334,25.25,25.450000762939453,6900
2018-08-23,25.489999771118164,25.979999542236328,25.454999923706055,25.700000762939453,4300
2018-08-24,25.860000610351562,26.635000228881836,25.527000427246094,26.25,16100
2018-08-27,26.299999237060547,26.299999237060547,25.459999084472656,25.459999084472656,6700
2018-08-28,25.520000457763672,25.520000457763672,25.25,25.360000610351562,11500
2018-08-29,25.450000762939453,25.5,25.040000915527344,25.18000030517578,18000
2018-08-30,25.149999618530273,25.690000534057617,25.149999618530273,25.350000381469727,5200
2018-08-31,25.399999618530273,26.200000762939453,25.399999618530273,26.0,14400
2018-09-04,25.989999771118164,26.020000457763672,25.53499984741211,25.959999084472656,12200
2018-09-05,26.0,26.0,25.309999465942383,25.450000762939453,17800
2018-09-06,25.5,25.5,24.760000228881836,25.389999389648438,23800
2018-09-07,25.290000915527344,25.829999923706055,25.290000915527344,25.5,17800
2018-09-10,25.5,25.5,25.399999618530273,25.469999313354492,16500
2018-09-11,25.399999618530273,25.864999771118164,25.34000015258789,25.5,36700
2018-09-12,25.450000762939453,25.655000686645508,25.280000686645508,25.309999465942383,13600
2018-09-13,25.360000610351562,25.719999313354492,25.27199935913086,25.719999313354492,11200
2018-09-14,25.65999984741211,25.920000076293945,25.40999984741211,25.479999542236328,16200
2018-09-17,25.360000610351562,25.709999084472656,25.309999465942383,25.5,16600
2018-09-18,25.540000915527344,25.549999237060547,25.299999237060547,25.489999771118164,20300
2018-09-19,25.450000762939453,25.75,25.290000915527344,25.43000030517578,14400
2018-09-20,25.530000686645508,25.649999618530273,25.389999389648438,25.5,27800
2018-09-21,25.459999084472656,25.649999618530273,24.700000762939453,24.709999084472656,83500
2018-09-24,24.75,25.059999465942383,23.774999618530273,24.479999542236328,34900
2018-09-25,24.549999237060547,25.43000030517578,24.479999542236328,25.139999389648438,20900
2018-09-26,25.040000915527344,25.350000381469727,25.0,25.079999923706055,15100
2018-09-27,25.15999984741211,25.15999984741211,25.0,25.079999923706055,9300
2018-09-28,25.09000015258789,25.100000381469727,24.6299991607666,24.959999084472656,14900
2018-10-01,25.0,25.149999618530273,24.59000015258789,24.59000015258789,15900
2018-10-02,24.549999237060547,24.700000762939453,23.93000030517578,24.149999618530273,14500
2018-10-03,24.290000915527344,24.290000915527344,23.559999465942383,23.84000015258789,35000
2018-10-04,23.850000381469727,23.899999618530273,23.299999237060547,23.540000915527344,19900
2018-10-05,23.59000015258789,23.700000762939453,23.16900062561035,23.5,10400
2018-10-08,23.440000534057617,24.049999237060547,23.350000381469727,23.850000381469727,9400
2018-10-09,23.799999237060547,24.559999465942383,23.799999237060547,24.34000015258789,12600
2018-10-10,24.399999618530273,24.75,23.979000091552734,24.229999542236328,16700
2018-10-11,24.149999618530273,24.65999984741211,24.149999618530273,24.3700008392334,15700
2018-10-12,24.56999969482422,24.934999465942383,23.72800064086914,24.479999542236328,9700
2018-10-15,24.469999313354492,24.6299991607666,23.729999542236328,24.040000915527344,13700
2018-10-16,24.170000076293945,24.760000228881836,24.170000076293945,24.700000762939453,6500
2018-10-17,24.639999389648438,24.639999389648438,24.100000381469727,24.3799991607666,24300
2018-10-18,24.3799991607666,24.3799991607666,23.40999984741211,23.790000915527344,1800
2018-10-19,23.670000076293945,24.54400062561035,23.31999969482422,23.31999969482422,4500
2018-10-22,23.309999465942383,24.049999237060547,22.799999237060547,22.799999237060547,18000
2018-10-23,22.65999984741211,23.549999237060547,21.520000457763672,23.049999237060547,23000
2018-10-24,23.100000381469727,23.75,22.83300018310547,23.149999618530273,34300
2018-10-25,23.200000762939453,23.3799991607666,23.1200008392334,23.229999542236328,15800
2018-10-26,22.940000534057617,24.170000076293945,22.940000534057617,24.15999984741211,9600
2018-10-29,24.170000076293945,24.34000015258789,21.3799991607666,23.8799991607666,18500
2018-10-30,23.90999984741211,24.139999389648438,23.5,24.040000915527344,10500
2018-10-31,24.34000015258789,24.350000381469727,23.68000030517578,23.979999542236328,19000
2018-11-01,24.030000686645508,24.549999237060547,24.010000228881836,24.18000030517578,19600
2018-11-02,24.280000686645508,24.280000686645508,24.010000228881836,24.040000915527344,12700
2018-11-05,23.90999984741211,24.139999389648438,23.5,23.790000915527344,9600
2018-11-06,23.84000015258789,23.850000381469727,23.030000686645508,23.549999237060547,4700
2018-11-07,23.760000228881836,24.110000610351562,23.5,24.020000457763672,7400
2018-11-08,24.0,25.295000076293945,23.899999618530273,24.809999465942383,32800
2018-11-09,24.959999084472656,25.18000030517578,24.700000762939453,25.049999237060547,8400
2018-11-12,25.0,25.19499969482422,25.0,25.0,10600
2018-11-13,25.18000030517578,25.639999389648438,24.950000762939453,25.459999084472656,3200
2018-11-14,25.559999465942383,25.610000610351562,25.0,25.610000610351562,12000
2018-11-15,25.75,25.75,25.0,25.200000762939453,7600
2018-11-16,25.09000015258789,25.09000015258789,24.809999465942383,24.889999389648438,5400
2018-11-19,24.920000076293945,24.920000076293945,24.5,24.510000228881836,3600
2018-11-20,24.59000015258789,24.8700008392334,24.5,24.5,4700
2018-11-21,24.5,25.489999771118164,24.5,25.489999771118164,2800
2018-11-23,25.510000228881836,25.75,24.610000610351562,25.75,2000
2018-11-26,25.739999771118164,25.75,25.3799991607666,25.40999984741211,14400
2018-11-27,25.5,25.5,25.079999923706055,25.350000381469727,4700
2018-11-28,25.399999618530273,25.6200008392334,23.76799964904785,25.389999389648438,4500
2018-11-29,25.5,25.5,25.299999237060547,25.5,8300
2018-11-30,25.5,25.5,24.90999984741211,25.079999923706055,6300
2018-12-03,25.34000015258789,25.34000015258789,24.69499969482422,24.989999771118164,10500
2018-12-04,25.100000381469727,25.100000381469727,23.979999542236328,24.809999465942383,14600
2018-12-06,24.010000228881836,24.18000030517578,20.700000762939453,23.860000610351562,11100
2018-12-07,24.059999465942383,24.3799991607666,23.68000030517578,24.290000915527344,7000
2018-12-10,24.200000762939453,24.899999618530273,23.8700008392334,24.899999618530273,3500
2018-12-11,25.0,25.0,23.860000610351562,24.100000381469727,2800
2018-12-12,24.3799991607666,24.979999542236328,23.899999618530273,24.100000381469727,4200
2018-12-13,24.049999237060547,25.0,23.90999984741211,23.90999984741211,6900
2018-12-14,22.46500015258789,24.81999969482422,22.46500015258789,23.3700008392334,2700
2018-12-17,24.200000762939453,24.5,21.40999984741211,21.59000015258789,10400
2018-12-18,21.65999984741211,22.799999237060547,21.520000457763672,21.520000457763672,25000
2018-12-19,21.809999465942383,21.809999465942383,20.760000228881836,20.799999237060547,51000
2018-12-20,20.600000381469727,20.600000381469727,19.290000915527344,19.479999542236328,12200
2018-12-21,18.889999389648438,20.190000534057617,18.152999877929688,18.489999771118164,44900
2018-12-24,18.309999465942383,19.0,17.6200008392334,18.450000762939453,5500
2018-12-26,18.709999084472656,20.0,18.709999084472656,19.739999771118164,23000
2018-12-27,19.81999969482422,20.69499969482422,19.81999969482422,20.110000610351562,18600
2018-12-28,20.280000686645508,23.209999084472656,20.0,21.510000228881836,11500
2018-12-31,21.84000015258789,21.989999771118164,20.48200035095215,21.700000762939453,8900
2019-01-02,21.399999618530273,21.649999618530273,20.610000610351562,21.0,9600
2019-01-03,21.059999465942383,21.649999618530273,21.0,21.0,5100
2019-01-04,21.5,21.5,20.691999435424805,21.309999465942383,7800
2019-01-07,21.270000457763672,21.600000381469727,20.683000564575195,21.5,6400
2019-01-08,21.489999771118164,22.290000915527344,21.450000762939453,22.149999618530273,9800
2019-01-09,22.260000228881836,23.010000228881836,21.56999969482422,21.899999618530273,7500
2019-01-10,20.951000213623047,21.84000015258789,20.951000213623047,21.729999542236328,2200
2019-01-11,21.469999313354492,22.399999618530273,21.469999313354492,22.100000381469727,2300
2019-01-14,22.170000076293945,22.170000076293945,21.799999237060547,21.850000381469727,6200
2019-01-15,22.079999923706055,22.079999923706055,21.600000381469727,21.899999618530273,2200
2019-01-16,21.899999618530273,22.350000381469727,21.815000534057617,22.350000381469727,25800
2019-01-17,22.020000457763672,23.010000228881836,21.75,22.600000381469727,13200
2019-01-18,22.540000915527344,23.0,22.25,22.389999389648438,11000
2019-01-22,22.78499984741211,23.079999923706055,22.59000015258789,22.834999084472656,19200
2019-01-23,22.93000030517578,22.93000030517578,21.8700008392334,22.700000762939453,60600
2019-01-24,22.90999984741211,22.90999984741211,22.020000457763672,22.350000381469727,3300
2019-01-25,22.1299991607666,22.1299991607666,21.75,21.959999084472656,3400
2019-01-28,21.799999237060547,21.799999237060547,21.280000686645508,21.65999984741211,3500
2019-01-29,21.700000762939453,21.719999313354492,21.25,21.280000686645508,5100
2019-01-30,21.924999237060547,22.200000762939453,21.850000381469727,22.139999389648438,4100
2019-01-31,21.575000762939453,22.0,21.575000762939453,21.729999542236328,3400
2019-02-01,22.0,22.0,22.0,22.0,1100
2019-02-04,21.84000015258789,22.084999084472656,21.663000106811523,22.010000228881836,8000
2019-02-05,22.350000381469727,22.700000762939453,21.950000762939453,22.09000015258789,16600
2019-02-06,22.09000015258789,22.25,22.06999969482422,22.25,2200
2019-02-07,22.399999618530273,23.6299991607666,22.389999389648438,23.149999618530273,4700
2019-02-08,22.899999618530273,25.0,22.899999618530273,24.709999084472656,37500
2019-02-11,25.0,25.1200008392334,24.260000228881836,24.479999542236328,15100
2019-02-12,23.299999237060547,24.5,23.299999237060547,24.5,6900
2019-02-13,24.540000915527344,24.989999771118164,24.309999465942383,24.309999465942383,5200
2019-02-14,22.333999633789062,24.405000686645508,21.579999923706055,23.649999618530273,8800
2019-02-15,23.81999969482422,23.989999771118164,23.684999465942383,23.899999618530273,5800
2019-02-19,23.798999786376953,23.847000122070312,22.65999984741211,23.450000762939453,14400
2019-02-20,23.8799991607666,24.0,23.100000381469727,23.75,6900
2019-02-21,23.3799991607666,23.8799991607666,23.3799991607666,23.8799991607666,4400
2019-02-22,24.0,24.100000381469727,23.93000030517578,24.0,24800
2019-02-25,23.43600082397461,24.0,23.40999984741211,23.40999984741211,3900
2019-02-26,23.59000015258789,24.100000381469727,23.34000015258789,23.450000762939453,17600
2019-02-27,23.5,23.75,23.40999984741211,23.40999984741211,1500
2019-02-28,23.360000610351562,23.399999618530273,22.809999465942383,22.809999465942383,3200
2019-03-01,23.100000381469727,23.399999618530273,22.899999618530273,22.899999618530273,6500
2019-03-04,23.299999237060547,23.299999237060547,22.93000030517578,22.940000534057617,4100
2019-03-05,24.649999618530273,24.649999618530273,22.610000610351562,22.610000610351562,4300
2019-03-06,23.329999923706055,23.34000015258789,22.420000076293945,22.420000076293945,1700
2019-03-07,22.219999313354492,22.510000228881836,22.030000686645508,22.030000686645508,3300
2019-03-08,21.950000762939453,21.950000762939453,21.3700008392334,21.3700008392334,6600
2019-03-11,21.600000381469727,21.78700065612793,21.280000686645508,21.739999771118164,7600
2019-03-12,22.100000381469727,22.100000381469727,21.309999465942383,21.5,4000
2019-03-13,21.850000381469727,21.850000381469727,21.290000915527344,21.290000915527344,8900
2019-03-14,21.739999771118164,21.739999771118164,21.06999969482422,21.389999389648438,5700
2019-03-15,21.360000610351562,21.8799991607666,21.094999313354492,21.850000381469727,43200
2019-03-18,21.690000534057617,22.0,21.459999084472656,21.809999465942383,8900
2019-03-19,21.910999298095703,22.0,21.65999984741211,21.65999984741211,8900
2019-03-20,21.899999618530273,21.899999618530273,21.510000228881836,21.760000228881836,3900
2019-03-21,21.764999389648438,22.139999389648438,21.739999771118164,21.899999618530273,10600
2019-03-22,21.700000762939453,21.709999084472656,20.93000030517578,21.5,15100
2019-03-25,21.309999465942383,21.5,21.104999542236328,21.5,6100
2019-03-26,21.21500015258789,21.899999618530273,21.21500015258789,21.899999618530273,2600
2019-03-27,21.19499969482422,21.579999923706055,21.0,21.520000457763672,22700
2019-03-28,21.40999984741211,22.5,21.25,22.5,4800
2019-03-29,22.299999237060547,23.079999923706055,21.860000610351562,22.760000228881836,27500
2019-04-01,23.030000686645508,23.030000686645508,22.25,22.899999618530273,15500
2019-04-02,22.420000076293945,23.200000762939453,22.290000915527344,22.299999237060547,46800
2019-04-03,22.360000610351562,22.71500015258789,22.21500015258789,22.299999237060547,11700
2019-04-04,22.690000534057617,22.690000534057617,22.31999969482422,22.40999984741211,12900
2019-04-05,22.450000762939453,22.545000076293945,20.899999618530273,22.0,78800
2019-04-08,22.0,23.249000549316406,22.0,22.799999237060547,8300
2019-04-09,22.649999618530273,23.100000381469727,22.59000015258789,22.600000381469727,4700
2019-04-10,22.700000762939453,22.700000762939453,22.5,22.700000762939453,3300
2019-04-11,22.5,22.774999618530273,22.3700008392334,22.3700008392334,2300
2019-04-12,22.19300079345703,22.725000381469727,22.19300079345703,22.649999618530273,2900
2019-04-15,22.540000915527344,22.700000762939453,22.2810001373291,22.389999389648438,5900
2019-04-16,22.5,22.729999542236328,22.5,22.65999984741211,35600
2019-04-17,23.059999465942383,23.059999465942383,22.309999465942383,22.559999465942383,6900
2019-04-18,22.559999465942383,22.899999618530273,22.559999465942383,22.899999618530273,4900
2019-04-22,22.670000076293945,22.996999740600586,22.290000915527344,22.309999465942383,13300
2019-04-23,22.450000762939453,22.59000015258789,22.290000915527344,22.389999389648438,4700
2019-04-24,22.389999389648438,22.719999313354492,22.34000015258789,22.34000015258789,2100
2019-04-25,22.42099952697754,23.0,22.42099952697754,23.0,16100
2019-04-26,23.25,23.899999618530273,23.09000015258789,23.690000534057617,5600
2019-04-29,24.25,24.979999542236328,24.073999404907227,24.979999542236328,12800
2019-04-30,24.75,25.645999908447266,24.75,25.139999389648438,16600
2019-05-01,25.309999465942383,25.399999618530273,24.639999389648438,24.639999389648438,7800
2019-05-02,24.739999771118164,25.25,24.270000457763672,25.139999389648438,8600
2019-05-03,25.190000534057617,25.614999771118164,24.989999771118164,25.149999618530273,12700
2019-05-06,24.670000076293945,24.969999313354492,24.59000015258789,24.799999237060547,1800
2019-05-07,24.5,24.850000381469727,24.200000762939453,24.31999969482422,2400
2019-05-08,24.600000381469727,25.959999084472656,23.649999618530273,23.850000381469727,5200
2019-05-09,23.229999542236328,23.989999771118164,22.709999084472656,22.709999084472656,13300
2019-05-10,22.739999771118164,23.860000610351562,22.201000213623047,23.860000610351562,15100
2019-05-13,23.360000610351562,24.5,22.413000106811523,24.0,17000
2019-05-14,24.0,24.25,23.145000457763672,23.670000076293945,7000
2019-05-15,23.75,24.06999969482422,23.399999618530273,23.399999618530273,2700
2019-05-16,23.399999618530273,23.399999618530273,22.600000381469727,22.75,6300
2019-05-17,22.68000030517578,23.25,22.68000030517578,23.010000228881836,4300
2019-05-20,22.989999771118164,23.25,22.915000915527344,23.200000762939453,3800
2019-05-21,23.084999084472656,23.399999618530273,23.0,23.200000762939453,5000
2019-05-22,22.459999084472656,23.200000762939453,22.459999084472656,23.049999237060547,5800
2019-05-23,22.809999465942383,23.290000915527344,22.530000686645508,22.90999984741211,8700
2019-05-24,22.610000610351562,23.0,22.610000610351562,22.80500030517578,6600
2019-05-28,22.899999618530273,22.899999618530273,22.520000457763672,22.520000457763672,3700
2019-05-29,22.760000228881836,22.760000228881836,22.600000381469727,22.600000381469727,3800
2019-05-30,22.780000686645508,22.799999237060547,22.780000686645508,22.799999237060547,1800
2019-05-31,22.700000762939453,23.079999923706055,22.700000762939453,22.799999237060547,6100
2019-06-03,23.0,23.0,22.690000534057617,23.0,8800
2019-06-04,22.979999542236328,23.25,22.8700008392334,23.25,3900
2019-06-05,23.0,24.8799991607666,23.0,24.309999465942383,57500
2019-06-06,23.90999984741211,24.690000534057617,23.90999984741211,24.5,4900
2019-06-07,24.950000762939453,24.950000762939453,24.5,24.614999771118164,7600
2019-06-10,24.399999618530273,24.844999313354492,24.399999618530273,24.829999923706055,4500
2019-06-11,24.860000610351562,24.899999618530273,24.5,24.899999618530273,4500
2019-06-12,24.899999618530273,25.0,24.40999984741211,24.739999771118164,2700
2019-06-13,25.139999389648438,25.139999389648438,24.388999938964844,24.940000534057617,9400
2019-06-14,24.700000762939453,25.0,24.350000381469727,24.649999618530273,5000
2019-06-17,24.6299991607666,24.9950008392334,24.25,24.790000915527344,17000
2019-06-18,24.8700008392334,24.989999771118164,24.25,24.25,12400
2019-06-19,24.100000381469727,24.149999618530273,23.889999389648438,24.09000015258789,3700
2019-06-20,23.950000762939453,24.309999465942383,23.90999984741211,24.260000228881836,3100
2019-06-21,23.969999313354492,24.639999389648438,23.969999313354492,24.639999389648438,24400
2019-06-24,24.450000762939453,24.75,24.260000228881836,24.3700008392334,3200
2019-06-25,24.378999710083008,24.670000076293945,24.378999710083008,24.520000457763672,3900
2019-06-26,24.940000534057617,24.940000534057617,24.600000381469727,24.75,29000
2019-06-27,24.950000762939453,24.950000762939453,24.5,24.850000381469727,17800
2019-06-28,24.75,25.40999984741211,24.75,25.149999618530273,80100
2019-07-01,25.260000228881836,25.260000228881836,24.479999542236328,24.700000762939453,13100
2019-07-02,24.739999771118164,24.739999771118164,24.25,24.299999237060547,4800
2019-07-03,24.93000030517578,24.969999313354492,24.25,24.270000457763672,4500
2019-07-05,24.0049991607666,24.3700008392334,22.82699966430664,24.350000381469727,3900
2019-07-08,24.350000381469727,24.5,24.25,24.5,4200
2019-07-09,24.5,24.829999923706055,24.5,24.670000076293945,4000
2019-07-10,24.399999618530273,24.889999389648438,24.385000228881836,24.610000610351562,7000
2019-07-11,24.709999084472656,24.709999084472656,24.280000686645508,24.56999969482422,5900
2019-07-12,24.299999237060547,24.604999542236328,23.610000610351562,24.299999237060547,5100
2019-07-15,24.299999237060547,24.31999969482422,24.059999465942383,24.31999969482422,6000
2019-07-16,23.670000076293945,24.579999923706055,23.670000076293945,24.579999923706055,3100
2019-07-17,24.299999237060547,24.399999618530273,23.690000534057617,23.690000534057617,4600
2019-07-18,23.8700008392334,24.290000915527344,23.34000015258789,24.219999313354492,6500
2019-07-19,23.90999984741211,24.350000381469727,23.899999618530273,23.899999618530273,4500
2019-07-22,23.899999618530273,23.950000762939453,23.5,23.799999237060547,4100
2019-07-23,23.905000686645508,23.905000686645508,23.799999237060547,23.889999389648438,1900
2019-07-24,23.989999771118164,24.549999237060547,23.799999237060547,24.100000381469727,4900
2019-07-25,24.059999465942383,24.350000381469727,24.0,24.0,3200
2019-07-26,24.34600067138672,25.2549991607666,24.200000762939453,24.940000534057617,21900
2019-07-29,24.920000076293945,25.200000762939453,24.700000762939453,24.739999771118164,17400
2019-07-30,24.559999465942383,26.0,24.559999465942383,25.84000015258789,21000
2019-07-31,25.989999771118164,26.3799991607666,25.649999618530273,25.649999618530273,20900
2019-08-01,25.450000762939453,25.670000076293945,25.100000381469727,25.18000030517578,13800
2019-08-02,25.350000381469727,25.350000381469727,24.020000457763672,24.020000457763672,8900
2019-08-05,23.87299919128418,24.100000381469727,22.639999389648438,22.899999618530273,8200
2019-08-06,23.18000030517578,24.239999771118164,23.030000686645508,23.989999771118164,11800
2019-08-07,23.84000015258789,24.270000457763672,23.790000915527344,23.90999984741211,10300
2019-08-08,24.010000228881836,25.0,23.760000228881836,24.299999237060547,7100
2019-08-09,24.40999984741211,24.40999984741211,20.816999435424805,22.959999084472656,18900
2019-08-12,23.010000228881836,23.34000015258789,22.520000457763672,22.920000076293945,4000
2019-08-13,23.799999237060547,24.299999237060547,22.768999099731445,23.389999389648438,10400
2019-08-14,22.809999465942383,23.350000381469727,22.31999969482422,22.520000457763672,3700
2019-08-15,23.100000381469727,23.454999923706055,22.610000610351562,22.610000610351562,4800
2019-08-16,22.780000686645508,24.489999771118164,22.773000717163086,24.440000534057617,14200
2019-08-19,23.33300018310547,24.0,22.711999893188477,23.049999237060547,20100
2019-08-20,23.25,23.979999542236328,22.809999465942383,23.850000381469727,20800
2019-08-21,24.020000457763672,24.149999618530273,23.604000091552734,23.75,16700
2019-08-22,23.299999237060547,24.200000762939453,23.299999237060547,24.0,8700
2019-08-23,23.59000015258789,23.81999969482422,22.600000381469727,22.950000762939453,15400
2019-08-26,23.110000610351562,23.760000228881836,22.829999923706055,23.760000228881836,10200
2019-08-27,23.670000076293945,24.030000686645508,22.82900047302246,23.100000381469727,7000
2019-08-28,23.525999069213867,23.525999069213867,22.874000549316406,23.40999984741211,5400
2019-08-29,23.56999969482422,23.899999618530273,23.479999542236328,23.530000686645508,3100
2019-08-30,23.5,23.5,23.5,23.5,1100
2019-09-03,23.149999618530273,23.68199920654297,22.530000686645508,22.729999542236328,15500
2019-09-04,22.84000015258789,23.016000747680664,22.420000076293945,22.639999389648438,3900
2019-09-05,22.639999389648438,23.700000762939453,22.049999237060547,22.5,8900
2019-09-06,22.549999237060547,22.969999313354492,22.143999099731445,22.40999984741211,9900
2019-09-09,22.639999389648438,24.389999389648438,22.639999389648438,24.18000030517578,28100
2019-09-10,24.0,24.25,23.16699981689453,24.0,9300
2019-09-11,23.604000091552734,24.100000381469727,23.299999237060547,23.6299991607666,13900
2019-09-12,23.350000381469727,24.15999984741211,23.350000381469727,24.040000915527344,13400
2019-09-13,24.020000457763672,24.15999984741211,23.549999237060547,23.979999542236328,11500
2019-09-16,23.540000915527344,24.010000228881836,23.540000915527344,23.760000228881836,6300
2019-09-17,23.420000076293945,23.829999923706055,23.420000076293945,23.65999984741211,1900
2019-09-18,23.320999145507812,24.0,23.320999145507812,23.850000381469727,7200
2019-09-19,23.709999084472656,24.0,23.198999404907227,23.75,6100
2019-09-20,23.700000762939453,24.25,23.1200008392334,24.0,40100
2019-09-23,23.739999771118164,24.0,23.739999771118164,23.850000381469727,3600
2019-09-24,23.700000762939453,23.700000762939453,23.399999618530273,23.399999618530273,4700
2019-09-25,23.549999237060547,24.0,23.350000381469727,23.90999984741211,6500
2019-09-26,23.93000030517578,24.3799991607666,23.93000030517578,24.149999618530273,34500
2019-09-27,25.0,25.0,24.479999542236328,24.479999542236328,2900
2019-09-30,24.599000930786133,24.920000076293945,24.0939998626709,24.799999237060547,17600
2019-10-01,24.940000534057617,24.940000534057617,23.809999465942383,23.90999984741211,13000
2019-10-02,23.6200008392334,24.030000686645508,23.461999893188477,23.690000534057617,5600
2019-10-03,23.799999237060547,24.290000915527344,23.799999237060547,24.25,6100
2019-10-04,24.65999984741211,24.65999984741211,24.190000534057617,24.549999237060547,9400
2019-10-07,24.399999618530273,24.559999465942383,24.389999389648438,24.559999465942383,2700
2019-10-08,24.260000228881836,24.399999618530273,23.61199951171875,24.299999237060547,14400
2019-10-09,24.459999084472656,24.6200008392334,24.18000030517578,24.190000534057617,11500
2019-10-10,24.149999618530273,24.298999786376953,23.829999923706055,23.829999923706055,10200
2019-10-11,24.170000076293945,24.25,23.67099952697754,24.049999237060547,18000
2019-10-14,23.850000381469727,24.15999984741211,23.299999237060547,23.65999984741211,32600
2019-10-15,23.663000106811523,23.697999954223633,23.510000228881836,23.549999237060547,12200
2019-10-16,23.510000228881836,23.549999237060547,23.333999633789062,23.549999237060547,6400
2019-10-17,23.549999237060547,23.549999237060547,23.43000030517578,23.43000030517578,6100
2019-10-18,23.270000457763672,23.450000762939453,22.540000915527344,22.600000381469727,25100
2019-10-21,22.790000915527344,23.09000015258789,22.666000366210938,23.09000015258789,8500
2019-10-22,22.850000381469727,23.15999984741211,22.834999084472656,23.0,2600
2019-10-23,23.041000366210938,23.25,23.020000457763672,23.25,3800
2019-10-24,23.045000076293945,23.1299991607666,22.829999923706055,22.889999389648438,2600
2019-10-25,22.43000030517578,24.170000076293945,22.222999572753906,24.170000076293945,12200
2019-10-28,24.0,24.149999618530273,23.0,23.969999313354492,7800
2019-10-29,23.959999084472656,24.299999237060547,23.959999084472656,24.299999237060547,1500
2019-10-30,23.375999450683594,24.489999771118164,23.375999450683594,24.360000610351562,35300
2019-10-31,24.389999389648438,24.389999389648438,24.270000457763672,24.299999237060547,3700
2019-11-01,24.329999923706055,24.700000762939453,24.309999465942383,24.700000762939453,2400
2019-11-04,24.670000076293945,24.670000076293945,24.079999923706055,24.100000381469727,8500
2019-11-05,24.20800018310547,24.3700008392334,23.969999313354492,24.3700008392334,6900
2019-11-06,23.510000228881836,24.280000686645508,23.510000228881836,24.0,3600
2019-11-07,23.979999542236328,24.389999389648438,23.979999542236328,24.389999389648438,6100
2019-11-08,24.049999237060547,24.739999771118164,24.049999237060547,24.489999771118164,3200
2019-11-11,24.43000030517578,24.75,24.3799991607666,24.600000381469727,2100
2019-11-12,24.299999237060547,24.6200008392334,24.280000686645508,24.280000686645508,7600
2019-11-13,24.309999465942383,24.309999465942383,23.85700035095215,24.079999923706055,2400
2019-11-14,23.610000610351562,23.809999465942383,23.209999084472656,23.799999237060547,6200
2019-11-15,23.799999237060547,24.48900032043457,23.799999237060547,24.110000610351562,197600
2019-11-18,24.200000762939453,24.5,23.799999237060547,24.450000762939453,108400
2019-11-19,24.799999237060547,24.808000564575195,24.399999618530273,24.649999618530273,36500
2019-11-20,24.450000762939453,24.5,24.18000030517578,24.3700008392334,19700
2019-11-21,24.389999389648438,24.5,24.239999771118164,24.239999771118164,5300
2019-11-22,24.479999542236328,24.479999542236328,24.149999618530273,24.31999969482422,6400
2019-11-25,24.200000762939453,24.479999542236328,24.0,24.360000610351562,152200
2019-11-26,24.110000610351562,24.264999389648438,23.579999923706055,24.100000381469727,27300
2019-11-27,24.100000381469727,24.100000381469727,23.93000030517578,23.969999313354492,10500
2019-11-29,24.079999923706055,24.100000381469727,23.940000534057617,23.940000534057617,14300
2019-12-02,24.0,24.100000381469727,23.780000686645508,23.969999313354492,74600
2019-12-03,23.799999237060547,24.040000915527344,23.25,23.979999542236328,25000
2019-12-04,23.76799964904785,24.09000015258789,23.559999465942383,23.920000076293945,26700
2019-12-05,23.84000015258789,24.079999923706055,23.84000015258789,23.979999542236328,5200
2019-12-06,23.950000762939453,25.290000915527344,23.950000762939453,25.100000381469727,28000
2019-12-09,24.899999618530273,25.09000015258789,24.549999237060547,24.93000030517578,29200
2019-12-10,25.149999618530273,25.649999618530273,25.084999084472656,25.649999618530273,28700
2019-12-11,25.690000534057617,25.690000534057617,24.8700008392334,25.0,42500
2019-12-12,25.0,25.190000534057617,25.0,25.0,27300
2019-12-13,24.770000457763672,25.389999389648438,24.690000534057617,25.1299991607666,16900
2019-12-16,25.149999618530273,25.459999084472656,24.510000228881836,24.799999237060547,29800
2019-12-17,24.891000747680664,24.93899917602539,24.75,24.84000015258789,13300
2019-12-18,24.93000030517578,24.954999923706055,24.75,24.93000030517578,32100
2019-12-19,24.940000534057617,26.5,24.940000534057617,25.5,28600
2019-12-20,25.510000228881836,28.889999389648438,25.3700008392334,26.549999237060547,66700
2019-12-23,26.440000534057617,26.489999771118164,25.700000762939453,26.09000015258789,50100
2019-12-24,26.891000747680664,27.25,25.847999572753906,26.200000762939453,27600
2019-12-26,26.18000030517578,26.575000762939453,25.649999618530273,26.190000534057617,27800
2019-12-27,26.110000610351562,26.989999771118164,26.0,26.700000762939453,13300
2019-12-30,26.709999084472656,26.709999084472656,26.049999237060547,26.399999618530273,51300
2019-12-31,26.290000915527344,26.360000610351562,25.90999984741211,26.06999969482422,16700
2020-01-02,26.06999969482422,26.06999969482422,25.760000228881836,25.959999084472656,5600
2020-01-03,25.40999984741211,25.850000381469727,25.200000762939453,25.40999984741211,15700
2020-01-06,25.31999969482422,25.489999771118164,24.46500015258789,25.200000762939453,8600
2020-01-07,25.18000030517578,25.18000030517578,24.65999984741211,24.860000610351562,9400
2020-01-08,24.850000381469727,25.389999389648438,24.600000381469727,25.270000457763672,13900
2020-01-09,25.25,25.600000381469727,25.25,25.600000381469727,10000
2020-01-10,25.549999237060547,25.75,25.350000381469727,25.719999313354492,22300
2020-01-13,25.75,25.940000534057617,25.454999923706055,25.760000228881836,21200
2020-01-14,25.75,25.760000228881836,24.270000457763672,24.350000381469727,39300
2020-01-15,24.329999923706055,24.68000030517578,23.90999984741211,24.510000228881836,27500
2020-01-16,24.59000015258789,24.8700008392334,24.15999984741211,24.8700008392334,8200
2020-01-17,25.030000686645508,25.200000762939453,24.75,24.760000228881836,7000
2020-01-21,24.709999084472656,25.079999923706055,24.600000381469727,24.809999465942383,5500
2020-01-22,24.8799991607666,24.94499969482422,24.610000610351562,24.614999771118164,5200
2020-01-23,24.469999313354492,24.469999313354492,23.610000610351562,23.81999969482422,20500
2020-01-24,23.90399932861328,24.21500015258789,23.520000457763672,23.700000762939453,9600
2020-01-27,23.299999237060547,23.729999542236328,22.899999618530273,23.260000228881836,20500
2020-01-28,23.600000381469727,23.709999084472656,23.5,23.579999923706055,11800
2020-01-29,23.5,23.639999389648438,23.5,23.56999969482422,12600
2020-01-30,23.479999542236328,23.579999923706055,23.260000228881836,23.469999313354492,12000
2020-01-31,23.25,23.260000228881836,22.75,22.75,17100
2020-02-03,22.8700008392334,24.610000610351562,22.5,24.299999237060547,29600
2020-02-04,24.579999923706055,24.700000762939453,23.655000686645508,24.040000915527344,15700
2020-02-05,24.350000381469727,24.690000534057617,22.729999542236328,24.31999969482422,15900
2020-02-06,24.56999969482422,24.56999969482422,23.799999237060547,23.799999237060547,3800
2020-02-07,22.886999130249023,24.110000610351562,22.886999130249023,24.110000610351562,10200
2020-02-10,23.969999313354492,24.5,23.969999313354492,24.139999389648438,4500
2020-02-11,24.209999084472656,24.299999237060547,23.579999923706055,24.010000228881836,4600
2020-02-12,24.139999389648438,24.139999389648438,24.0,24.0,4200
2020-02-13,23.920000076293945,24.344999313354492,23.90999984741211,24.18000030517578,13900
2020-02-14,24.200000762939453,24.34000015258789,24.020000457763672,24.1200008392334,4600
2020-02-18,24.049999237060547,24.049999237060547,23.81999969482422,23.969999313354492,1800
2020-02-19,23.510000228881836,23.899999618530273,23.239999771118164,23.239999771118164,12300
2020-02-20,23.299999237060547,23.799999237060547,23.0,23.799999237060547,9900
2020-02-21,23.700000762939453,24.049999237060547,23.360000610351562,24.049999237060547,9000
2020-02-24,23.709999084472656,23.983999252319336,23.232999801635742,23.8799991607666,13800
2020-02-25,23.899999618530273,24.0,22.760000228881836,22.799999237060547,17700
2020-02-26,22.959999084472656,23.290000915527344,22.959999084472656,23.184999465942383,14300
2020-02-27,22.8700008392334,24.5,22.5,23.219999313354492,36900
2020-02-28,23.0,23.389999389648438,22.68400001525879,22.90999984741211,19300
2020-03-02,23.299999237060547,23.549999237060547,22.5,22.760000228881836,13500
2020-03-03,22.75,22.75,21.610000610351562,21.610000610351562,19500
2020-03-04,21.899999618530273,22.68600082397461,20.583999633789062,22.290000915527344,24400
2020-03-05,21.865999221801758,22.5,21.75,22.0,44700
2020-03-06,21.81999969482422,22.56999969482422,21.299999237060547,22.1299991607666,7600
2020-03-09,21.450000762939453,21.850000381469727,19.350000381469727,20.290000915527344,25300
2020-03-10,20.739999771118164,21.68000030517578,20.25,20.799999237060547,24000
2020-03-11,20.489999771118164,20.899999618530273,18.329999923706055,19.389999389648438,18900
2020-03-12,18.540000915527344,19.655000686645508,17.229999542236328,18.809999465942383,31800
2020-03-13,19.639999389648438,19.799999237060547,14.489999771118164,17.510000228881836,114700
2020-03-16,15.979999542236328,16.0,15.0,15.010000228881836,45600
2020-03-17,14.699999809265137,19.459999084472656,14.479999542236328,19.459999084472656,37100
2020-03-18,16.559999465942383,16.559999465942383,14.5,14.670000076293945,24100
2020-03-19,14.010000228881836,17.264999389648438,14.010000228881836,16.770000457763672,58600
2020-03-20,16.489999771118164,16.489999771118164,14.5,15.0,46100
2020-03-23,15.010000228881836,15.890000343322754,11.699999809265137,12.5600004196167,37800
2020-03-24,13.609999656677246,15.024999618530273,13.585000038146973,14.8100004196167,45300
2020-03-25,14.239999771118164,14.949999809265137,14.239999771118164,14.819999694824219,15700
2020-03-26,15.25,16.5,15.010000228881836,16.0,38400
2020-03-27,16.0,16.200000762939453,14.699999809265137,14.699999809265137,15800
2020-03-30,14.75,15.449999809265137,13.984999656677246,15.180000305175781,28000
2020-03-31,15.670000076293945,16.450000762939453,14.170000076293945,15.050000190734863,28900
2020-04-01,14.539999961853027,15.6899995803833,14.399999618530273,14.75,24900
2020-04-02,14.699999809265137,15.5,14.140000343322754,14.720000267028809,12400
2020-04-03,14.869999885559082,15.25,13.100000381469727,13.100000381469727,13100
2020-04-06,13.699999809265137,14.899999618530273,13.699999809265137,14.6899995803833,35800
2020-04-07,14.800000190734863,14.800000190734863,13.5,13.710000038146973,14700
2020-04-08,14.149999618530273,15.279999732971191,14.0,14.289999961853027,62100
2020-04-09,14.6899995803833,16.01300048828125,14.329999923706055,15.0,41300
2020-04-13,15.0,15.0,14.010000228881836,14.010000228881836,16100
2020-04-14,14.710000038146973,14.920000076293945,14.0600004196167,14.210000038146973,14900
2020-04-15,14.100000381469727,14.449999809265137,13.520000457763672,13.6899995803833,26400
2020-04-16,14.039999961853027,14.210000038146973,13.0600004196167,14.210000038146973,27800
2020-04-17,14.539999961853027,14.708999633789062,14.100000381469727,14.529999732971191,21600
2020-04-20,14.100000381469727,15.789999961853027,13.720000267028809,15.40999984741211,38400
2020-04-21,15.100000381469727,16.239999771118164,14.680000305175781,15.329999923706055,28400
2020-04-22,15.789999961853027,15.800000190734863,15.010000228881836,15.289999961853027,24600
2020-04-23,15.09000015258789,15.9399995803833,14.75,14.760000228881836,35300
2020-04-24,14.789999961853027,15.180000305175781,14.789999961853027,14.989999771118164,24200
2020-04-27,14.920000076293945,15.869999885559082,14.920000076293945,15.430000305175781,60000
2020-04-28,16.100000381469727,16.299999237060547,15.392000198364258,16.0,40400
2020-04-29,16.25,16.950000762939453,15.930000305175781,16.649999618530273,70700
2020-04-30,15.90999984741211,16.6200008392334,15.704999923706055,16.420000076293945,18300
2020-05-01,15.914999961853027,16.6299991607666,15.520000457763672,16.6299991607666,17000
2020-05-04,16.420000076293945,16.8799991607666,16.420000076293945,16.690000534057617,9500
2020-05-05,17.5,18.5,15.899999618530273,16.010000228881836,21900
2020-05-06,16.020000457763672,16.350000381469727,15.722000122070312,15.75,16700
2020-05-07,16.09000015258789,16.5,15.350000381469727,15.579999923706055,8000
2020-05-08,15.859999656677246,18.579999923706055,15.706000328063965,16.28499984741211,15300
2020-05-11,16.399999618530273,16.829999923706055,16.190000534057617,16.59000015258789,12500
2020-05-12,16.290000915527344,16.290000915527344,14.010000228881836,14.25,22500
2020-05-13,14.5600004196167,14.5600004196167,12.75,13.0600004196167,53600
2020-05-14,13.039999961853027,13.184000015258789,10.829999923706055,11.699999809265137,484900
2020-05-15,11.930000305175781,14.949999809265137,11.930000305175781,14.390000343322754,124900
2020-05-18,14.9399995803833,15.699999809265137,14.715999603271484,15.489999771118164,58600
2020-05-19,15.359999656677246,15.765000343322754,14.710000038146973,15.350000381469727,35100
2020-05-20,15.59000015258789,16.027000427246094,15.539999961853027,16.0,16900
2020-05-21,16.06999969482422,16.06999969482422,15.609999656677246,15.899999618530273,17100
2020-05-22,16.049999237060547,17.209999084472656,15.819999694824219,16.84000015258789,44400
2020-05-26,17.18000030517578,17.5,16.53700065612793,16.799999237060547,13100
2020-05-27,16.969999313354492,17.200000762939453,16.760000228881836,17.010000228881836,54300
2020-05-28,17.40999984741211,17.40999984741211,16.790000915527344,16.8799991607666,42400
2020-05-29,16.889999389648438,17.239999771118164,16.84000015258789,17.1299991607666,18000
2020-06-01,16.783000946044922,17.090999603271484,16.783000946044922,17.0,42700
2020-06-02,16.729999542236328,17.059999465942383,16.363000869750977,16.43000030517578,21400
2020-06-03,16.799999237060547,17.219999313354492,16.524999618530273,17.0,44800
2020-06-04,16.75,17.139999389648438,16.690000534057617,16.950000762939453,42700
2020-06-05,17.389999389648438,18.594999313354492,17.040000915527344,18.40999984741211,44600
2020-06-08,18.649999618530273,19.499000549316406,17.440000534057617,18.5,30000
2020-06-09,18.100000381469727,19.850000381469727,18.0,19.239999771118164,79600
2020-06-10,19.239999771118164,19.239999771118164,18.15999984741211,18.15999984741211,37900
2020-06-11,17.600000381469727,17.950000762939453,15.670000076293945,15.930000305175781,23300
2020-06-12,16.549999237060547,17.65999984741211,15.819999694824219,16.399999618530273,24200
2020-06-15,15.890000343322754,16.739999771118164,15.890000343322754,16.65999984741211,11700
2020-06-16,16.719999313354492,18.139999389648438,16.65999984741211,17.40999984741211,9700
2020-06-17,17.260000228881836,18.0,16.0,16.0,8400
2020-06-18,16.15999984741211,17.360000610351562,15.779000282287598,16.5,10700
2020-06-19,16.81999969482422,17.33300018310547,16.5,16.6299991607666,29700
2020-06-22,16.5,16.579999923706055,16.190000534057617,16.459999084472656,14800
2020-06-23,16.850000381469727,16.850000381469727,16.219999313354492,16.229999542236328,14400
2020-06-24,16.200000762939453,16.530000686645508,15.979999542236328,16.280000686645508,16300
2020-06-25,16.399999618530273,16.75,16.15999984741211,16.75,10500
2020-06-26,16.559999465942383,16.559999465942383,15.850000381469727,16.309999465942383,40800
2020-06-29,16.420000076293945,16.809999465942383,16.21500015258789,16.809999465942383,17600
2020-06-30,16.56999969482422,16.989999771118164,16.56999969482422,16.899999618530273,31800
2020-07-01,17.334999084472656,17.334999084472656,16.299999237060547,16.649999618530273,33500
2020-07-02,16.799999237060547,16.799999237060547,16.299999237060547,16.299999237060547,18600
2020-07-06,17.2450008392334,17.299999237060547,15.40999984741211,15.75,12200
2020-07-07,15.949999809265137,16.84600067138672,15.300000190734863,15.5,19700
2020-07-08,15.630000114440918,16.155000686645508,14.819999694824219,15.170000076293945,13500
2020-07-09,15.029999732971191,15.1899995803833,14.079999923706055,14.34000015258789,23200
2020-07-10,14.449999809265137,15.770000457763672,14.449999809265137,15.699999809265137,11300
2020-07-13,15.75,15.819999694824219,14.710000038146973,14.75,13900
2020-07-14,14.880000114440918,15.260000228881836,14.800000190734863,15.229999542236328,9900
2020-07-15,15.720000267028809,16.315000534057617,15.65999984741211,15.65999984741211,16700
2020-07-16,16.270000457763672,16.270000457763672,15.609999656677246,15.609999656677246,17900
2020-07-17,15.609999656677246,15.800000190734863,14.670000076293945,14.829999923706055,23600
2020-07-20,15.130000114440918,15.569999694824219,14.949999809265137,15.569999694824219,8000
2020-07-21,15.6899995803833,15.890000343322754,15.449999809265137,15.710000038146973,6400
2020-07-22,15.460000038146973,15.850000381469727,15.350000381469727,15.609999656677246,8700
2020-07-23,15.600000381469727,16.655000686645508,15.420000076293945,16.239999771118164,42900
2020-07-24,15.836000442504883,15.836000442504883,15.5,15.5,2600
2020-07-27,15.399999618530273,16.149999618530273,15.399999618530273,16.0,5100
2020-07-28,15.789999961853027,17.128999710083008,15.649999618530273,15.649999618530273,2100
2020-07-29,16.097999572753906,16.391000747680664,15.5,15.729999542236328,15300
2020-07-30,15.635000228881836,15.90999984741211,15.5,15.630000114440918,16700
2020-07-31,15.520000457763672,15.720000267028809,15.5,15.550000190734863,9500
2020-08-03,16.052000045776367,16.052000045776367,15.484999656677246,15.920000076293945,6800
2020-08-04,15.699999809265137,16.200000762939453,15.699999809265137,16.190000534057617,6700
2020-08-05,16.229999542236328,16.25,15.9399995803833,16.200000762939453,25900
2020-08-06,16.010000228881836,16.25,16.010000228881836,16.239999771118164,11400
2020-08-07,16.134000778198242,16.75,16.003999710083008,16.6299991607666,15100
2020-08-10,16.719999313354492,17.81999969482422,16.649999618530273,16.899999618530273,27100
2020-08-11,17.100000381469727,17.25,16.989999771118164,17.059999465942383,37200
2020-08-12,17.350000381469727,17.360000610351562,16.899999618530273,16.950000762939453,52600
2020-08-13,16.850000381469727,17.190000534057617,16.514999389648438,17.190000534057617,21800
2020-08-14,16.979999542236328,17.600000381469727,16.979999542236328,17.270000457763672,17900
2020-08-17,17.139999389648438,17.350000381469727,17.049999237060547,17.049999237060547,7800
2020-08-18,17.15999984741211,17.540000915527344,16.94499969482422,17.15999984741211,55800
2020-08-19,17.020000457763672,17.450000762939453,16.959999084472656,17.450000762939453,9500
2020-08-20,17.139999389648438,17.329999923706055,16.850000381469727,16.850000381469727,11800
2020-08-21,16.920000076293945,17.125,16.559999465942383,16.809999465942383,18800
2020-08-24,17.059999465942383,17.059999465942383,16.299999237060547,16.329999923706055,23100
2020-08-25,16.59000015258789,17.30500030517578,16.59000015258789,16.799999237060547,2500
2020-08-26,17.110000610351562,17.110000610351562,16.25,16.260000228881836,10600
2020-08-27,16.18000030517578,16.760000228881836,16.1299991607666,16.709999084472656,16600
2020-08-28,16.299999237060547,16.94499969482422,16.299999237060547,16.940000534057617,4400
2020-08-31,16.420000076293945,17.239999771118164,16.420000076293945,16.5,19200
2020-09-01,16.600000381469727,16.860000610351562,16.43000030517578,16.489999771118164,28900
2020-09-02,16.610000610351562,16.959999084472656,15.873000144958496,16.520000457763672,20500
2020-09-03,16.5,16.6299991607666,16.270000457763672,16.360000610351562,26500
2020-09-04,16.690000534057617,16.690000534057617,16.125,16.299999237060547,15700
2020-09-08,16.290000915527344,16.799999237060547,16.290000915527344,16.420000076293945,6500
2020-09-09,16.56999969482422,16.600000381469727,16.125999450683594,16.31999969482422,7800
2020-09-10,16.520000457763672,16.559999465942383,15.920000076293945,15.989999771118164,12600
2020-09-11,16.170000076293945,16.600000381469727,15.800000190734863,15.930000305175781,23200
2020-09-14,16.18000030517578,16.5,15.90999984741211,16.170000076293945,40600
2020-09-15,16.299999237060547,16.5,15.979999542236328,15.979999542236328,10600
2020-09-16,16.110000610351562,16.434999465942383,16.030000686645508,16.030000686645508,5900
2020-09-17,15.84000015258789,16.200000762939453,15.75,15.979999542236328,24100
2020-09-18,16.18000030517578,16.325000762939453,15.8149995803833,15.9399995803833,15900
2020-09-21,16.020000457763672,16.149999618530273,15.40999984741211,15.569999694824219,17100
2020-09-22,16.06999969482422,16.06999969482422,15.3100004196167,15.470000267028809,23300
2020-09-23,15.600000381469727,15.600000381469727,14.539999961853027,14.539999961853027,19700
2020-09-24,14.569999694824219,14.84000015258789,14.25,14.649999618530273,17100
2020-09-25,14.489999771118164,14.90999984741211,14.210000038146973,14.329999923706055,15400
2020-09-28,14.5600004196167,15.5,14.0,14.460000038146973,16700
2020-09-29,14.579999923706055,14.75,14.479999542236328,14.569999694824219,35800
2020-09-30,14.630000114440918,15.079999923706055,14.539999961853027,15.0,14800
2020-10-01,15.100000381469727,15.880000114440918,15.100000381469727,15.470000267028809,6900
2020-10-02,15.359999656677246,15.430000305175781,15.114999771118164,15.430000305175781,4100
2020-10-05,15.510000228881836,15.510000228881836,15.510000228881836,15.510000228881836,2700
2020-10-06,16.020000457763672,16.34000015258789,15.765000343322754,15.8100004196167,41000
2020-10-07,15.8100004196167,16.6299991607666,15.8100004196167,16.549999237060547,7700
2020-10-08,16.5,17.790000915527344,16.5,17.690000534057617,11100
2020-10-09,18.040000915527344,18.562000274658203,15.760000228881836,16.700000762939453,36700
2020-10-12,16.6200008392334,17.600000381469727,16.482999801635742,17.31999969482422,9800
2020-10-13,17.200000762939453,17.850000381469727,15.770000457763672,15.819999694824219,24600
2020-10-14,16.100000381469727,16.899999618530273,16.09000015258789,16.639999389648438,4400
2020-10-15,16.559999465942383,16.9950008392334,15.75,16.959999084472656,7500
2020-10-16,16.760000228881836,17.9950008392334,16.510000228881836,16.510000228881836,7000
2020-10-19,16.75,16.75,16.079999923706055,16.079999923706055,1800
2020-10-20,16.360000610351562,16.774999618530273,16.280000686645508,16.770000457763672,3900
2020-10-21,17.399999618530273,17.399999618530273,17.399999618530273,17.399999618530273,1100
2020-10-22,16.777999877929688,17.34000015258789,16.350000381469727,16.829999923706055,13800
2020-10-23,16.6200008392334,17.989999771118164,16.6200008392334,17.709999084472656,3900
2020-10-26,17.600000381469727,18.0,17.1299991607666,17.1299991607666,7500
2020-10-27,17.290000915527344,17.5,16.700000762939453,16.700000762939453,18000
2020-10-28,16.649999618530273,16.799999237060547,15.25,15.460000038146973,64000
2020-10-29,15.359999656677246,15.920000076293945,15.300000190734863,15.899999618530273,10500
2020-10-30,15.800000190734863,16.25,15.529999732971191,15.59000015258789,8000
2020-11-02,15.890000343322754,16.985000610351562,15.574999809265137,16.799999237060547,27000
2020-11-03,17.1200008392334,18.010000228881836,17.0,17.59000015258789,30500
2020-11-04,17.18000030517578,17.440000534057617,16.40999984741211,16.479999542236328,18200
2020-11-05,16.489999771118164,16.81999969482422,15.630000114440918,16.149999618530273,9800
2020-11-06,16.1200008392334,16.389999389648438,16.0,16.200000762939453,6500
2020-11-09,17.790000915527344,18.75,16.920000076293945,17.6200008392334,21600
2020-11-10,17.969999313354492,19.0,17.25,19.0,18000
2020-11-11,18.889999389648438,18.889999389648438,17.469999313354492,18.389999389648438,6700
2020-11-12,18.40999984741211,18.40999984741211,17.09000015258789,17.09000015258789,4600
2020-11-13,17.489999771118164,18.040000915527344,17.18000030517578,17.18000030517578,3100
2020-11-16,17.729999542236328,18.6200008392334,17.579999923706055,18.299999237060547,14400
2020-11-17,18.270000457763672,18.30699920654297,18.0,18.049999237060547,6500
2020-11-18,18.420000076293945,18.5,17.729999542236328,17.81999969482422,14600
2020-11-19,17.510000228881836,18.989999771118164,17.399999618530273,18.639999389648438,17600
2020-11-20,18.25,18.3799991607666,17.84000015258789,18.329999923706055,15800
2020-11-23,18.030000686645508,18.610000610351562,17.65999984741211,17.65999984741211,17000
2020-11-24,17.950000762939453,18.985000610351562,17.950000762939453,18.600000381469727,13700
2020-11-25,18.5,18.829999923706055,18.299999237060547,18.309999465942383,30700
2020-11-27,18.200000762939453,18.350000381469727,17.697999954223633,18.299999237060547,4700
2020-11-30,18.020000457763672,19.0,17.049999237060547,18.700000762939453,37000
2020-12-01,18.8799991607666,18.8799991607666,18.190000534057617,18.190000534057617,6000
2020-12-02,18.34000015258789,18.75,18.145000457763672,18.600000381469727,163500
2020-12-03,18.790000915527344,19.309999465942383,18.40999984741211,18.489999771118164,31700
2020-12-04,18.690000534057617,19.0,18.25,18.3700008392334,17100
2020-12-07,18.3700008392334,18.559999465942383,17.600000381469727,17.899999618530273,41400
2020-12-08,17.700000762939453,19.360000610351562,17.649999618530273,19.020000457763672,17600
2020-12-09,19.06999969482422,19.950000762939453,18.7549991607666,19.850000381469727,25300
2020-12-10,19.489999771118164,19.979999542236328,19.1299991607666,19.809999465942383,8900
2020-12-11,19.729999542236328,20.0,19.555999755859375,19.989999771118164,4700
2020-12-14,20.0,20.389999389648438,19.5,19.889999389648438,29500
2020-12-15,20.0,21.389999389648438,19.690000534057617,21.100000381469727,35700
2020-12-16,20.98200035095215,21.709999084472656,20.700000762939453,20.850000381469727,17000
2020-12-17,20.71500015258789,21.190000534057617,20.549999237060547,20.829999923706055,3900
2020-12-18,20.75,20.75,20.174999237060547,20.75,45400
2020-12-21,20.600000381469727,20.799999237060547,19.700000762939453,19.700000762939453,9000
2020-12-22,19.600000381469727,19.600000381469727,18.82200050354004,19.479999542236328,5900
2020-12-23,19.530000686645508,20.0,19.190000534057617,19.850000381469727,4700
2020-12-24,19.450000762939453,19.489999771118164,19.170000076293945,19.25,5500
2020-12-28,19.610000610351562,19.610000610351562,19.049999237060547,19.149999618530273,4100
2020-12-29,19.100000381469727,19.3700008392334,19.100000381469727,19.3700008392334,4000
2020-12-30,19.299999237060547,19.40999984741211,19.299999237060547,19.40999984741211,1800
2020-12-31,19.34000015258789,19.5,19.190000534057617,19.190000534057617,7200
2021-01-04,19.299999237060547,19.440000534057617,18.469999313354492,18.700000762939453,12200
2021-01-05,18.899999618530273,19.690000534057617,18.899999618530273,19.200000762939453,9300
2021-01-06,19.709999084472656,21.899999618530273,19.709999084472656,20.739999771118164,13700
2021-01-07,20.8799991607666,21.639999389648438,20.8799991607666,21.059999465942383,13400
2021-01-08,21.18400001525879,22.0,20.420000076293945,21.8700008392334,33200
2021-01-11,21.329999923706055,24.139999389648438,21.280000686645508,21.729999542236328,26400
2021-01-12,21.110000610351562,23.760000228881836,21.09000015258789,22.049999237060547,16600
2021-01-13,22.89900016784668,22.89900016784668,21.19499969482422,21.299999237060547,21200
2021-01-14,21.399999618530273,21.594999313354492,20.520000457763672,20.959999084472656,28400
2021-01-15,20.399999618530273,23.110000610351562,19.34000015258789,22.5,36300
2021-01-19,23.010000228881836,23.469999313354492,22.114999771118164,22.65999984741211,63000
2021-01-20,23.559999465942383,23.700000762939453,21.975000381469727,23.350000381469727,30100
2021-01-21,21.75,23.735000610351562,21.75,23.600000381469727,42400
2021-01-22,23.399999618530273,25.100000381469727,22.760000228881836,25.100000381469727,75400
2021-01-25,24.600000381469727,26.790000915527344,23.729999542236328,24.540000915527344,46300
2021-01-26,23.389999389648438,25.440000534057617,23.389999389648438,25.0,41200
2021-01-27,24.15999984741211,25.489999771118164,22.959999084472656,23.540000915527344,64500
2021-01-28,23.920000076293945,23.920000076293945,22.309999465942383,22.309999465942383,22200
2021-01-29,22.299999237060547,22.299999237060547,21.010000228881836,22.079999923706055,39200
2021-02-01,22.100000381469727,22.610000610351562,21.510000228881836,21.760000228881836,8800
2021-02-02,22.100000381469727,23.15999984741211,22.010000228881836,22.06999969482422,20200
2021-02-03,22.280000686645508,22.280000686645508,21.510000228881836,21.559999465942383,8400
2021-02-04,22.145000457763672,22.459999084472656,21.875,21.950000762939453,12800
2021-02-05,22.5,22.899999618530273,21.989999771118164,22.899999618530273,7700
2021-02-08,23.010000228881836,23.450000762939453,22.75,23.110000610351562,15100
2021-02-09,22.84000015258789,23.270000457763672,22.84000015258789,22.8700008392334,6300
2021-02-10,22.899999618530273,23.110000610351562,22.360000610351562,22.610000610351562,8000
2021-02-11,22.43000030517578,23.389999389648438,22.43000030517578,23.110000610351562,17500
2021-02-12,23.149999618530273,24.049999237060547,22.760000228881836,22.979999542236328,15800
2021-02-16,23.799999237060547,23.850000381469727,22.850000381469727,23.399999618530273,12900
2021-02-17,23.290000915527344,23.690000534057617,23.010000228881836,23.010000228881836,11200
2021-02-18,23.020000457763672,23.020000457763672,22.270000457763672,22.350000381469727,18100
2021-02-19,22.299999237060547,23.0,22.209999084472656,22.450000762939453,14200
2021-02-22,22.290000915527344,23.0,22.25,22.709999084472656,12000
2021-02-23,22.649999618530273,23.0,22.329999923706055,22.350000381469727,7500
2021-02-24,22.969999313354492,23.0,22.760000228881836,22.760000228881836,8600
2021-02-25,22.950000762939453,23.0,22.25,22.25,16600
2021-02-26,22.299999237060547,22.969999313354492,22.25,22.31999969482422,39700
2021-03-01,22.889999389648438,22.95199966430664,22.40999984741211,22.774999618530273,9100
2021-03-02,22.559999465942383,22.780000686645508,22.270000457763672,22.540000915527344,6300
2021-03-03,22.75,23.65999984741211,22.5,23.309999465942383,19400
2021-03-04,23.34000015258789,24.25,22.81999969482422,24.149999618530273,18200
2021-03-05,24.34000015258789,25.729999542236328,23.905000686645508,25.549999237060547,20600
2021-03-08,25.770000457763672,25.770000457763672,24.454999923706055,25.100000381469727,19400
2021-03-09,25.200000762939453,25.950000762939453,24.709999084472656,25.950000762939453,6800
2021-03-10,25.75,26.040000915527344,25.65999984741211,26.0,14100
2021-03-11,25.850000381469727,26.0,25.440000534057617,25.649999618530273,24100
2021-03-12,25.614999771118164,25.700000762939453,25.450000762939453,25.700000762939453,8600
2021-03-15,25.700000762939453,25.719999313354492,24.364999771118164,24.690000534057617,18300
2021-03-16,24.469999313354492,24.80900001525879,24.0,24.09000015258789,8600
2021-03-17,24.010000228881836,24.010000228881836,23.809999465942383,23.920000076293945,14300
2021-03-18,24.375,25.110000610351562,24.0,24.020000457763672,46600
2021-03-19,24.0,24.420000076293945,24.0,24.100000381469727,84300
2021-03-22,23.850000381469727,23.899999618530273,22.600000381469727,23.450000762939453,32800
2021-03-23,23.18000030517578,23.514999389648438,22.610000610351562,23.360000610351562,18000
2021-03-24,23.389999389648438,24.040000915527344,22.850000381469727,22.850000381469727,12100
2021-03-25,22.700000762939453,23.440000534057617,22.5,23.440000534057617,13800
2021-03-26,23.709999084472656,23.709999084472656,22.969999313354492,23.010000228881836,13400
2021-03-29,23.010000228881836,23.68000030517578,22.950000762939453,22.950000762939453,11700
2021-03-30,23.170000076293945,23.170000076293945,22.799999237060547,22.850000381469727,5600
2021-03-31,23.3700008392334,23.399999618530273,22.799999237060547,22.809999465942383,7600
2021-04-01,23.100000381469727,23.34000015258789,23.020000457763672,23.34000015258789,9100
2021-04-05,23.079999923706055,23.114999771118164,22.799999237060547,23.0,15900
2021-04-06,23.219999313354492,23.219999313354492,22.899999618530273,22.969999313354492,4700
2021-04-07,22.850000381469727,23.024999618530273,22.850000381469727,22.860000610351562,19300
2021-04-08,23.010000228881836,23.20800018310547,22.899999618530273,23.18000030517578,7300
2021-04-09,23.200000762939453,23.559999465942383,22.15999984741211,22.989999771118164,30600
2021-04-12,22.885000228881836,22.90999984741211,22.799999237060547,22.829999923706055,10300
2021-04-13,22.799999237060547,22.989999771118164,22.700000762939453,22.829999923706055,7900
2021-04-14,22.7450008392334,23.09000015258789,22.7450008392334,22.8799991607666,3100
2021-04-15,23.18000030517578,23.479999542236328,22.809999465942383,23.1200008392334,20100
2021-04-16,23.3799991607666,24.489999771118164,22.899999618530273,23.8700008392334,23900
2021-04-19,23.989999771118164,23.989999771118164,22.809999465942383,22.81999969482422,17500
2021-04-20,23.0,23.049999237060547,22.799999237060547,22.899999618530273,26300
2021-04-21,23.420000076293945,23.420000076293945,22.799999237060547,22.809999465942383,9300
2021-04-22,22.979999542236328,23.8700008392334,22.940000534057617,23.0,22800
2021-04-23,23.68000030517578,24.139999389648438,23.010000228881836,23.110000610351562,24200
2021-04-26,23.350000381469727,25.0,23.100000381469727,23.479999542236328,18400
2021-04-27,23.469999313354492,23.649999618530273,23.0,23.0,15900
2021-04-28,23.0,23.400999069213867,22.899999618530273,22.90999984741211,30100
2021-04-29,22.989999771118164,23.863000869750977,22.899999618530273,23.040000915527344,16600
2021-04-30,22.950000762939453,23.579999923706055,22.899999618530273,22.950000762939453,34900
2021-05-03,23.040000915527344,23.65999984741211,23.0,23.139999389648438,23100
2021-05-04,23.0,23.363000869750977,22.950000762939453,23.0,19900
2021-05-05,23.059999465942383,23.426000595092773,22.950000762939453,23.06999969482422,32300
2021-05-06,23.100000381469727,23.639999389648438,22.899999618530273,23.0,17900
2021-05-07,22.809999465942383,23.253999710083008,22.600000381469727,23.020000457763672,29200
2021-05-10,23.0,23.260000228881836,23.0,23.135000228881836,15000
2021-05-11,22.8700008392334,23.549999237060547,22.8700008392334,22.90999984741211,11500
2021-05-12,22.90999984741211,23.701000213623047,22.90999984741211,22.920000076293945,23600
2021-05-13,23.170000076293945,23.600000381469727,22.90999984741211,23.530000686645508,18000
2021-05-14,23.200000762939453,23.809999465942383,23.049999237060547,23.3799991607666,10800
2021-05-17,23.209999084472656,23.65999984741211,23.209999084472656,23.65999984741211,2900
2021-05-18,23.209999084472656,24.440000534057617,23.209999084472656,24.0,20300
2021-05-19,23.25,24.639999389648438,23.170000076293945,23.700000762939453,20700
2021-05-20,23.684999465942383,24.479999542236328,23.110000610351562,24.3700008392334,33400
2021-05-21,24.31999969482422,24.610000610351562,24.0,24.100000381469727,17400
2021-05-24,24.030000686645508,24.59000015258789,23.899999618530273,24.510000228881836,14200
2021-05-25,24.489999771118164,24.600000381469727,23.93000030517578,24.25,19300
2021-05-26,24.454999923706055,24.5,24.1200008392334,24.309999465942383,10000
2021-05-27,24.790000915527344,24.799999237060547,24.25,24.739999771118164,10000
2021-05-28,24.739999771118164,24.75,24.399999618530273,24.6299991607666,8100
2021-06-01,24.469999313354492,25.739999771118164,24.360000610351562,25.34000015258789,33000
2021-06-02,24.65999984741211,25.450000762939453,24.510000228881836,25.0,23300
2021-06-03,25.010000228881836,25.454999923706055,24.795000076293945,25.0,17200
2021-06-04,25.239999771118164,25.239999771118164,24.860000610351562,25.010000228881836,11200
2021-06-07,24.93000030517578,25.510000228881836,24.219999313354492,24.75,26100
2021-06-08,24.899999618530273,25.190000534057617,24.809999465942383,25.0,52400
2021-06-09,24.520000457763672,25.389999389648438,24.309999465942383,25.110000610351562,22400
2021-06-10,25.239999771118164,25.239999771118164,24.90999984741211,25.030000686645508,11700
2021-06-11,24.920000076293945,25.139999389648438,24.920000076293945,25.0,7900
2021-06-14,25.31999969482422,25.354999542236328,23.760000228881836,24.420000076293945,28200
2021-06-15,24.15999984741211,24.7450008392334,24.15999984741211,24.399999618530273,19300
2021-06-16,24.520000457763672,25.149999618530273,24.360000610351562,24.81999969482422,28700
2021-06-17,24.950000762939453,25.219999313354492,23.81999969482422,23.81999969482422,29300
2021-06-18,23.90999984741211,24.479999542236328,23.440000534057617,23.780000686645508,36000
2021-06-21,23.729999542236328,25.209999084472656,23.579999923706055,23.719999313354492,40700
2021-06-22,23.850000381469727,24.190000534057617,23.780000686645508,24.059999465942383,31500
2021-06-23,26.018999099731445,26.018999099731445,23.899999618530273,24.040000915527344,40600
2021-06-24,24.079999923706055,24.125,23.790000915527344,24.059999465942383,93000
2021-06-25,24.030000686645508,24.149999618530273,23.780000686645508,23.950000762939453,884800
2021-06-28,24.049999237060547,24.354999542236328,23.399999618530273,23.65999984741211,140800
2021-06-29,23.690000534057617,23.979999542236328,23.600000381469727,23.700000762939453,34200
2021-06-30,23.950000762939453,24.469999313354492,23.700000762939453,23.700000762939453,32200
2021-07-01,23.799999237060547,23.8799991607666,23.65999984741211,23.809999465942383,24800
2021-07-02,23.799999237060547,23.920000076293945,23.799999237060547,23.809999465942383,11900
2021-07-06,24.06999969482422,24.06999969482422,23.6299991607666,23.780000686645508,13000
2021-07-07,24.100000381469727,24.100000381469727,23.280000686645508,23.450000762939453,27500
2021-07-08,23.25,23.299999237060547,23.15999984741211,23.170000076293945,33600
2021-07-09,23.18000030517578,23.584999084472656,22.950000762939453,23.18000030517578,58900
2021-07-12,23.239999771118164,23.540000915527344,23.239999771118164,23.479999542236328,21500
2021-07-13,23.25,23.780000686645508,23.1299991607666,23.5,11500
2021-07-14,23.75,24.229999542236328,23.690000534057617,23.799999237060547,9900
2021-07-15,23.7189998626709,24.31999969482422,23.540000915527344,23.920000076293945,8000
2021-07-16,23.93000030517578,24.610000610351562,23.700000762939453,23.700000762939453,9400
2021-07-19,23.520000457763672,23.790000915527344,22.959999084472656,22.959999084472656,16900
2021-07-20,23.049999237060547,24.65999984741211,23.049999237060547,23.329999923706055,22500
2021-07-21,23.5,23.670000076293945,23.5,23.579999923706055,3700
2021-07-22,24.200000762939453,24.200000762939453,23.34000015258789,23.399999618530273,4700
2021-07-23,23.6299991607666,23.860000610351562,23.459999084472656,23.760000228881836,6100
2021-07-26,23.760000228881836,23.8799991607666,23.5,23.8799991607666,23000
2021-07-27,24.145000457763672,25.045000076293945,24.003000259399414,24.40999984741211,30400
2021-07-28,24.31999969482422,24.65999984741211,24.079999923706055,24.170000076293945,7700
2021-07-29,24.079999923706055,25.0,24.079999923706055,24.549999237060547,25600
2021-07-30,24.329999923706055,24.809999465942383,24.049999237060547,24.1299991607666,28000
2021-08-02,24.25,24.514999389648438,23.8799991607666,24.0,19800
2021-08-03,24.040000915527344,24.65999984741211,23.899999618530273,24.200000762939453,11000
2021-08-04,24.079999923706055,24.479999542236328,24.079999923706055,24.09000015258789,4600
2021-08-05,24.190000534057617,25.239999771118164,24.170000076293945,24.75,8500
2021-08-06,24.690000534057617,25.049999237060547,24.56999969482422,24.969999313354492,24300
2021-08-09,25.0,25.0,24.649999618530273,24.979999542236328,5200
2021-08-10,24.729999542236328,25.09000015258789,24.690000534057617,25.06999969482422,36000
2021-08-11,24.770000457763672,25.360000610351562,24.770000457763672,25.360000610351562,27600
2021-08-12,25.3799991607666,25.889999389648438,25.1200008392334,25.81999969482422,13900
2021-08-13,25.860000610351562,25.8799991607666,25.739999771118164,25.739999771118164,2300
2021-08-16,25.899999618530273,26.0,25.440000534057617,25.899999618530273,26100
2021-08-17,25.950000762939453,26.020000457763672,25.579999923706055,25.579999923706055,45700
2021-08-18,25.920000076293945,26.0,25.7450008392334,25.979999542236328,26200
2021-08-19,25.950000762939453,26.100000381469727,25.549999237060547,26.09000015258789,17500
2021-08-20,25.969999313354492,26.0,25.924999237060547,26.0,14100
2021-08-23,26.0,26.0,25.920000076293945,25.940000534057617,17000
2021-08-24,25.79599952697754,26.010000228881836,25.624000549316406,25.93000030517578,14200
2021-08-25,27.25,27.25,25.8799991607666,25.8799991607666,31100
2021-08-26,25.899999618530273,26.020000457763672,25.579999923706055,26.020000457763672,21500
2021-08-27,25.979999542236328,26.15999984741211,25.90999984741211,25.969999313354492,20400
2021-08-30,26.030000686645508,26.030000686645508,25.770000457763672,25.8799991607666,8000
2021-08-31,25.799999237060547,26.0,25.79800033569336,26.0,9600
2021-09-01,26.0,27.260000228881836,25.899999618530273,26.6200008392334,38200
2021-09-02,26.889999389648438,27.8799991607666,26.75,26.93000030517578,52700
2021-09-03,27.010000228881836,27.280000686645508,27.010000228881836,27.280000686645508,12300
2021-09-07,26.93000030517578,27.809999465942383,26.93000030517578,27.399999618530273,25900
2021-09-08,27.510000228881836,27.790000915527344,27.100000381469727,27.600000381469727,19400
2021-09-09,27.350000381469727,27.729999542236328,26.75,27.25,23700
2021-09-10,27.06999969482422,27.200000762939453,26.739999771118164,26.989999771118164,20200
2021-09-13,27.0,27.25,26.389999389648438,27.1200008392334,30200
2021-09-14,26.979999542236328,27.459999084472656,26.979999542236328,27.09000015258789,16100
2021-09-15,26.899999618530273,27.329999923706055,26.81999969482422,27.079999923706055,25700
2021-09-16,26.979999542236328,27.299999237060547,26.920000076293945,27.190000534057617,15400
2021-09-17,27.190000534057617,27.389999389648438,26.889999389648438,27.389999389648438,11300
2021-09-20,27.1200008392334,27.1200008392334,26.059999465942383,26.3799991607666,113600
2021-09-21,26.3799991607666,26.65999984741211,26.09000015258789,26.15999984741211,34600
2021-09-22,26.5,27.299999237060547,26.25,27.260000228881836,20500
2021-09-23,27.0,27.549999237060547,26.899999618530273,27.170000076293945,41700
2021-09-24,27.0,27.450000762939453,26.899999618530273,27.149999618530273,51500
2021-09-27,27.139999389648438,27.969999313354492,27.100000381469727,27.84000015258789,25100
2021-09-28,27.8700008392334,29.399999618530273,27.610000610351562,28.520000457763672,42600
2021-09-29,29.18000030517578,29.893999099731445,28.68000030517578,28.799999237060547,12400
2021-09-30,29.079999923706055,29.6299991607666,28.389999389648438,28.65999984741211,10100
2021-10-01,28.969999313354492,29.485000610351562,28.809999465942383,29.1200008392334,9200
2021-10-04,29.190000534057617,30.389999389648438,29.104999542236328,29.899999618530273,91000
2021-10-05,30.059999465942383,30.5,29.760000228881836,30.5,2500
2021-10-06,30.1299991607666,30.219999313354492,29.760000228881836,30.219999313354492,15300
2021-10-07,30.440000534057617,30.8799991607666,30.440000534057617,30.670000076293945,6600
2021-10-08,30.858999252319336,31.0,30.829999923706055,31.0,4500
2021-10-11,31.510000228881836,32.22999954223633,31.260000228881836,32.029998779296875,18400
2021-10-12,32.310001373291016,33.26499938964844,31.600000381469727,32.709999084472656,19700
2021-10-13,31.139999389648438,32.599998474121094,31.139999389648438,32.599998474121094,9200
2021-10-14,32.9900016784668,34.0,32.79999923706055,33.290000915527344,21100
2021-10-15,33.29999923706055,33.400001525878906,31.8700008392334,32.43000030517578,35500
2021-10-18,32.11000061035156,32.11000061035156,31.700000762939453,31.899999618530273,3600
2021-10-19,31.920000076293945,32.369998931884766,30.790000915527344,31.690000534057617,10100
2021-10-20,31.399999618530273,31.5,31.0,31.399999618530273,5900
2021-10-21,31.229999542236328,31.860000610351562,30.200000762939453,31.530000686645508,7600
2021-10-22,31.5,31.950000762939453,31.459999084472656,31.950000762939453,2300
2021-10-25,31.700000762939453,31.871000289916992,31.100000381469727,31.559999465942383,11900
2021-10-26,31.459999084472656,31.950000762939453,30.84000015258789,31.6299991607666,17200
2021-10-27,31.350000381469727,31.600000381469727,31.174999237060547,31.469999313354492,6200
2021-10-28,31.399999618530273,31.950000762939453,31.309999465942383,31.809999465942383,41700
2021-10-29,31.760000228881836,32.369998931884766,31.264999389648438,31.979999542236328,29200
2021-11-01,32.0,33.900001525878906,31.979999542236328,33.66999816894531,30100
2021-11-02,33.38999938964844,33.38999938964844,31.709999084472656,32.29999923706055,9500
2021-11-03,31.829999923706055,33.60100173950195,31.25,32.650001525878906,307300
2021-11-04,32.81999969482422,33.63999938964844,32.81999969482422,33.38999938964844,30200
2021-11-05,33.70000076293945,33.900001525878906,32.362998962402344,33.68000030517578,8500
2021-11-08,33.65999984741211,33.65999984741211,32.349998474121094,33.63999938964844,4300
2021-11-09,33.5,33.880001068115234,32.7400016784668,33.619998931884766,19200
2021-11-10,33.314998626708984,34.900001525878906,33.29999923706055,34.900001525878906,39500
2021-11-11,34.849998474121094,36.52000045776367,34.849998474121094,36.06999969482422,35900
2021-11-12,36.380001068115234,36.5,35.31999969482422,36.220001220703125,27500
2021-11-15,36.65999984741211,37.5099983215332,36.2599983215332,36.97999954223633,23200
2021-11-16,36.41999816894531,36.41999816894531,35.03300094604492,35.099998474121094,10800
2021-11-17,36.19300079345703,36.19300079345703,34.369998931884766,34.900001525878906,5200
2021-11-18,35.2599983215332,35.34000015258789,34.70000076293945,35.02000045776367,2600
2021-11-19,34.58000183105469,34.75,34.11399841308594,34.619998931884766,2200
2021-11-22,34.79999923706055,35.20000076293945,34.45000076293945,35.0,11600
2021-11-23,35.119998931884766,35.34000015258789,34.70399856567383,35.0,15300
2021-11-24,34.779998779296875,35.04999923706055,34.5,35.04999923706055,8500
2021-11-26,34.0,35.17499923706055,34.0,35.099998474121094,2700
2021-11-29,35.0,35.02000045776367,33.5,33.810001373291016,11000
2021-11-30,33.90999984741211,34.25,31.549999237060547,33.0099983215332,15500
2021-12-01,33.06999969482422,33.70000076293945,31.65999984741211,32.0,22100
2021-12-02,31.770000457763672,32.41999816894531,31.25,31.600000381469727,52100
2021-12-03,31.829999923706055,32.119998931884766,30.510000228881836,31.190000534057617,21800
2021-12-06,31.079999923706055,31.540000915527344,29.700000762939453,31.1200008392334,46500
2021-12-07,31.059999465942383,32.0,30.450000762939453,31.280000686645508,26900
2021-12-08,31.40999984741211,31.545000076293945,30.229999542236328,31.5,21200
2021-12-09,31.5,31.510000228881836,30.920000076293945,31.040000915527344,9700
2021-12-10,31.399999618530273,31.399999618530273,30.450000762939453,31.0,22400
2021-12-13,30.540000915527344,31.25,29.450000762939453,29.450000762939453,39800
2021-12-14,29.790000915527344,30.0,29.219999313354492,29.75,26700
2021-12-15,30.884000778198242,30.884000778198242,28.8700008392334,30.059999465942383,47500
2021-12-16,30.469999313354492,31.700000762939453,28.90999984741211,30.59000015258789,104400
2021-12-17,30.84000015258789,31.43000030517578,30.25,31.290000915527344,37200
2021-12-20,30.709999084472656,31.100000381469727,30.299999237060547,31.100000381469727,16400
2021-12-21,31.969999313354492,32.26499938964844,31.09000015258789,31.600000381469727,20600
2021-12-22,31.309999465942383,32.0,31.239999771118164,31.3700008392334,4000
2021-12-23,31.56999969482422,31.56999969482422,31.260000228881836,31.31999969482422,1900
2021-12-27,31.649999618530273,32.2400016784668,31.020000457763672,31.200000762939453,14600
2021-12-28,31.68000030517578,31.68000030517578,30.65999984741211,31.479999542236328,21600
2021-12-29,31.1200008392334,32.0,31.100000381469727,31.5,14900
2021-12-30,31.690000534057617,32.310001373291016,31.219999313354492,31.479999542236328,18000
2021-12-31,31.59000015258789,32.02000045776367,31.010000228881836,31.5,9300
2022-01-03,31.959999084472656,33.709999084472656,31.59000015258789,31.899999618530273,11700
2022-01-04,32.56999969482422,33.470001220703125,32.0890007019043,32.529998779296875,35500
2022-01-05,33.099998474121094,33.375,32.099998474121094,32.81999969482422,31800
2022-01-06,34.375,34.375,32.11000061035156,33.0,7900
2022-01-07,33.369998931884766,34.685001373291016,32.790000915527344,33.7599983215332,24400
2022-01-10,33.290000915527344,34.415000915527344,32.297000885009766,34.31999969482422,12500
2022-01-11,34.36000061035156,34.900001525878906,33.70000076293945,34.83000183105469,11400
2022-01-12,34.52000045776367,35.46500015258789,34.38999938964844,34.75,40500
2022-01-13,34.849998474121094,35.25,34.4900016784668,34.939998626708984,18700
2022-01-14,34.834999084472656,34.834999084472656,34.0,34.459999084472656,13600
2022-01-18,34.2400016784668,35.117000579833984,33.5099983215332,34.22999954223633,18600
2022-01-19,34.70000076293945,34.70000076293945,32.000999450683594,32.79999923706055,27100
2022-01-20,32.41999816894531,33.5,32.15999984741211,32.22999954223633,16100
2022-01-21,32.5,33.625,32.29999923706055,33.439998626708984,6500
2022-01-24,33.5,33.5,32.0,32.52000045776367,14600
2022-01-25,32.900001525878906,33.279998779296875,32.57500076293945,32.709999084472656,7300
2022-01-26,32.880001068115234,34.54999923706055,32.880001068115234,33.95000076293945,22400
2022-01-27,34.150001525878906,34.529998779296875,34.02000045776367,34.150001525878906,17600
2022-01-28,34.06999969482422,34.17900085449219,32.77000045776367,33.31999969482422,20000
2022-01-31,33.45000076293945,34.470001220703125,32.880001068115234,34.470001220703125,17700
2022-02-01,34.04999923706055,34.060001373291016,33.064998626708984,34.04999923706055,19000
2022-02-02,33.529998779296875,36.099998474121094,33.41400146484375,35.68000030517578,56800
2022-02-03,35.7400016784668,36.255001068115234,35.0,36.0,24500
2022-02-04,35.970001220703125,36.84000015258789,35.03799819946289,35.970001220703125,33300
2022-02-07,36.27000045776367,36.869998931884766,35.678001403808594,35.72999954223633,18800
2022-02-08,36.029998779296875,36.61000061035156,35.36000061035156,36.61000061035156,18500
2022-02-09,36.84000015258789,37.0,36.20000076293945,36.349998474121094,10900
2022-02-10,36.79499816894531,37.17499923706055,34.02000045776367,34.470001220703125,28600
2022-02-11,34.90999984741211,35.11000061035156,34.178001403808594,34.79999923706055,10500
2022-02-14,34.95000076293945,34.95000076293945,34.189998626708984,34.40999984741211,10900
2022-02-15,34.86000061035156,35.63999938964844,34.66999816894531,34.709999084472656,10500
2022-02-16,35.0,35.0,34.301998138427734,34.54999923706055,6300
2022-02-17,34.11000061035156,34.11000061035156,33.5099983215332,34.0,4900
2022-02-18,34.025001525878906,34.025001525878906,33.560001373291016,33.650001525878906,7300
2022-02-22,33.54999923706055,34.064998626708984,33.36000061035156,34.0,14500
2022-02-23,34.040000915527344,34.04999923706055,33.11000061035156,33.47999954223633,12100
2022-02-24,32.90999984741211,34.0,32.5,33.91999816894531,22300
2022-02-25,34.11000061035156,34.11000061035156,33.18000030517578,33.54999923706055,7500
2022-02-28,33.58000183105469,34.04999923706055,33.15999984741211,33.75,20700
2022-03-01,34.869998931884766,34.869998931884766,31.809999465942383,31.809999465942383,7100
2022-03-02,32.31999969482422,33.40999984741211,32.31999969482422,32.630001068115234,2800
2022-03-03,33.220001220703125,33.220001220703125,32.630001068115234,32.720001220703125,2700
2022-03-04,32.880001068115234,32.880001068115234,32.310001373291016,32.709999084472656,10900
2022-03-07,32.310001373291016,32.90999984741211,32.06999969482422,32.06999969482422,14900
2022-03-08,32.060001373291016,32.77000045776367,32.060001373291016,32.11000061035156,11800
2022-03-09,32.66999816894531,33.025001525878906,32.31999969482422,32.5,6400
2022-03-10,32.11000061035156,33.75,32.11000061035156,32.63999938964844,3600
2022-03-11,33.06999969482422,33.06999969482422,32.13999938964844,32.13999938964844,8500
2022-03-14,32.45000076293945,33.13999938964844,32.02000045776367,32.279998779296875,19900
2022-03-15,32.66999816894531,33.0,32.40999984741211,32.5099983215332,8900
2022-03-16,32.4900016784668,33.040000915527344,32.2400016784668,32.790000915527344,5300
2022-03-17,32.56999969482422,33.130001068115234,32.43000030517578,33.130001068115234,3100
2022-03-18,32.810001373291016,33.439998626708984,32.279998779296875,32.279998779296875,7300
2022-03-21,32.32699966430664,32.790000915527344,32.32699966430664,32.7599983215332,8200
2022-03-22,32.75,33.2400016784668,32.7400016784668,32.7400016784668,5600
2022-03-23,32.55400085449219,33.125,32.529998779296875,32.79999923706055,7600
2022-03-24,32.79999923706055,32.9900016784668,32.70000076293945,32.83000183105469,4800
2022-03-25,32.970001220703125,33.099998474121094,32.970001220703125,33.099998474121094,3400
2022-03-28,33.47999954223633,33.47999954223633,32.7400016784668,32.79999923706055,6200
2022-03-29,32.97999954223633,33.375,32.79999923706055,33.099998474121094,6700
2022-03-30,33.0,33.4900016784668,32.849998474121094,32.869998931884766,4800
2022-03-31,32.88999938964844,33.95000076293945,32.88999938964844,33.61000061035156,8500
2022-04-01,33.93000030517578,34.18000030517578,33.130001068115234,33.130001068115234,11400
2022-04-04,33.47999954223633,33.47999954223633,33.04999923706055,33.06999969482422,3500
2022-04-05,33.29999923706055,33.470001220703125,33.099998474121094,33.130001068115234,7700
2022-04-06,33.11000061035156,33.65999984741211,33.11000061035156,33.2400016784668,10700
2022-04-07,33.11000061035156,33.3849983215332,32.66999816894531,32.720001220703125,17700
2022-04-08,32.689998626708984,32.96500015258789,32.25,32.599998474121094,11200
2022-04-11,32.529998779296875,32.89500045776367,32.52000045776367,32.81999969482422,5700
2022-04-12,32.650001525878906,33.70000076293945,32.650001525878906,33.29999923706055,18200
2022-04-13,33.2400016784668,34.02000045776367,32.81999969482422,33.970001220703125,6200
2022-04-14,33.61000061035156,34.619998931884766,33.61000061035156,34.18000030517578,24100
2022-04-18,33.939998626708984,34.67100143432617,33.45000076293945,33.68000030517578,15500
2022-04-19,33.95000076293945,34.540000915527344,33.59000015258789,34.369998931884766,25200
2022-04-20,34.27000045776367,36.540000915527344,34.27000045776367,35.81999969482422,42700
2022-04-21,35.7400016784668,36.7599983215332,35.70000076293945,36.66999816894531,37200
2022-04-22,36.290000915527344,38.18000030517578,36.16999816894531,37.439998626708984,61500
2022-04-25,37.720001220703125,39.084999084472656,36.402000427246094,37.599998474121094,70400
2022-04-26,37.5099983215332,37.979000091552734,35.630001068115234,36.369998931884766,53100
2022-04-27,36.56999969482422,37.25,35.77000045776367,36.0,68900
2022-04-28,36.31999969482422,37.23500061035156,35.93000030517578,36.09000015258789,68300
2022-04-29,36.189998626708984,36.685001373291016,35.31999969482422,36.0,39100
2022-05-02,35.68000030517578,36.150001525878906,35.68000030517578,36.04999923706055,35800
2022-05-03,36.0,36.93000030517578,35.5,36.72999954223633,48800
2022-05-04,37.0,37.59000015258789,36.310001373291016,37.25,50100
2022-05-05,36.97999954223633,37.34000015258789,36.40999984741211,37.0,36600
2022-05-06,37.0,37.02000045776367,36.47999954223633,36.68000030517578,23300
2022-05-09,36.560001373291016,36.560001373291016,35.81999969482422,36.27000045776367,30100
2022-05-10,36.20000076293945,36.47999954223633,33.16999816894531,34.099998474121094,30500
2022-05-11,33.79999923706055,35.400001525878906,33.79999923706055,34.900001525878906,42800
2022-05-12,34.88999938964844,35.099998474121094,34.65999984741211,35.04999923706055,24000
2022-05-13,35.33000183105469,35.70000076293945,34.95000076293945,35.20000076293945,32800
2022-05-16,34.86000061035156,35.400001525878906,34.720001220703125,34.90999984741211,23600
2022-05-17,35.369998931884766,35.63999938964844,34.70000076293945,35.25,58400
2022-05-18,35.34000015258789,35.34000015258789,33.7599983215332,34.380001068115234,33300
2022-05-19,34.310001373291016,34.939998626708984,34.310001373291016,34.369998931884766,13100
2022-05-20,34.81999969482422,35.459999084472656,34.689998626708984,35.060001373291016,60800
2022-05-23,35.47999954223633,36.61000061035156,35.47999954223633,36.29999923706055,39300
2022-05-24,36.29999923706055,36.7400016784668,35.58000183105469,36.310001373291016,27100
2022-05-25,36.5,36.93000030517578,36.22999954223633,36.349998474121094,17800
2022-05-26,36.25,36.97999954223633,36.25,36.5,33700
2022-05-27,36.70000076293945,37.7599983215332,36.70000076293945,37.41999816894531,36600
2022-05-31,37.5,38.38999938964844,36.849998474121094,38.18000030517578,27000
2022-06-01,38.5,38.5,37.7400016784668,38.5,52500
2022-06-02,38.45000076293945,39.005001068115234,38.380001068115234,38.56999969482422,34600
2022-06-03,38.290000915527344,38.779998779296875,37.82500076293945,38.029998779296875,34100
2022-06-06,38.08000183105469,38.595001220703125,37.529998779296875,37.91999816894531,41000
2022-06-07,38.09000015258789,38.189998626708984,36.32500076293945,37.349998474121094,62400
2022-06-08,37.43000030517578,37.55500030517578,36.880001068115234,37.5,25100
2022-06-09,37.060001373291016,37.5099983215332,36.20000076293945,36.20000076293945,41700
2022-06-10,35.869998931884766,35.88999938964844,35.1150016784668,35.36000061035156,21600
2022-06-13,34.65999984741211,34.869998931884766,32.68000030517578,32.689998626708984,58700
2022-06-14,32.9900016784668,34.08000183105469,32.63999938964844,33.400001525878906,56600
2022-06-15,33.810001373291016,34.6349983215332,33.810001373291016,34.150001525878906,41500
2022-06-16,33.97999954223633,33.97999954223633,33.07500076293945,33.36000061035156,48800
2022-06-17,33.650001525878906,35.70000076293945,33.45000076293945,34.43000030517578,99400
2022-06-21,34.43000030517578,34.915000915527344,33.900001525878906,34.099998474121094,65500
2022-06-22,33.849998474121094,34.119998931884766,33.20000076293945,33.9900016784668,129800
2022-06-23,33.970001220703125,34.2599983215332,33.060001373291016,33.150001525878906,66700
2022-06-24,33.400001525878906,34.974998474121094,32.189998626708984,32.22999954223633,944600
2022-06-27,32.59000015258789,34.09000015258789,32.55500030517578,33.93000030517578,124300
2022-06-28,34.099998474121094,35.040000915527344,33.66999816894531,34.63999938964844,64700
2022-06-29,34.79999923706055,34.880001068115234,33.05500030517578,33.25,77700
2022-06-30,33.09000015258789,33.56999969482422,32.435001373291016,33.29999923706055,111200
2022-07-01,33.150001525878906,33.78499984741211,33.08599853515625,33.709999084472656,59300
2022-07-05,33.33000183105469,34.52000045776367,32.900001525878906,34.36000061035156,46400
2022-07-06,34.189998626708984,34.60499954223633,33.779998779296875,34.380001068115234,26900
2022-07-07,34.77000045776367,35.45000076293945,34.58000183105469,34.709999084472656,32500
2022-07-08,34.56999969482422,35.0,34.275001525878906,34.91999816894531,25200
2022-07-11,34.90999984741211,35.029998779296875,34.47600173950195,34.709999084472656,14500
2022-07-12,34.79999923706055,35.34000015258789,34.65999984741211,34.709999084472656,32300
2022-07-13,34.61000061035156,34.61000061035156,34.029998779296875,34.349998474121094,25100
2022-07-14,33.97999954223633,34.150001525878906,32.959999084472656,33.04999923706055,19600
2022-07-15,33.540000915527344,34.25,33.275001525878906,33.959999084472656,23500
2022-07-18,34.099998474121094,34.79999923706055,34.099998474121094,34.189998626708984,16300
2022-07-19,34.36000061035156,34.86000061035156,34.26499938964844,34.61000061035156,20800
2022-07-20,34.53200149536133,34.88999938964844,34.25,34.58000183105469,18600
2022-07-21,34.349998474121094,34.349998474121094,33.709999084472656,34.220001220703125,19400
2022-07-22,33.97999954223633,34.95500183105469,33.709999084472656,34.29999923706055,24100
2022-07-25,34.63999938964844,36.31999969482422,34.63999938964844,36.18000030517578,43900
2022-07-26,36.04999923706055,37.957000732421875,35.400001525878906,37.16999816894531,61100
2022-07-27,37.52000045776367,37.97999954223633,37.119998931884766,37.400001525878906,37900
2022-07-28,37.310001373291016,37.310001373291016,36.23500061035156,36.31999969482422,12600
2022-07-29,36.5,36.720001220703125,35.875,36.220001220703125,29300
2022-08-01,36.220001220703125,36.66999816894531,35.45000076293945,36.40999984741211,26500
2022-08-02,36.279998779296875,36.33000183105469,34.70000076293945,36.130001068115234,58100
2022-08-03,36.02000045776367,36.720001220703125,35.9900016784668,36.560001373291016,13000
2022-08-04,36.90999984741211,36.95000076293945,36.47999954223633,36.63999938964844,14700
2022-08-05,36.70000076293945,37.45000076293945,36.56999969482422,37.27000045776367,21500
2022-08-08,37.66400146484375,38.27000045776367,37.25,37.939998626708984,32400
2022-08-09,38.0,38.5,37.810001373291016,38.41999816894531,22100
2022-08-10,38.66999816894531,39.5,38.27000045776367,38.40999984741211,40800
2022-08-11,38.81999969482422,39.41999816894531,38.34000015258789,38.41999816894531,13600
2022-08-12,38.29499816894531,39.79999923706055,38.29499816894531,39.79999923706055,27800
2022-08-15,39.82500076293945,40.34000015258789,39.7599983215332,40.25,30500
2022-08-16,40.09000015258789,41.68000030517578,39.88999938964844,40.18000030517578,126100
2022-08-17,39.93000030517578,40.52000045776367,39.5,40.209999084472656,34800
2022-08-18,40.465999603271484,40.86000061035156,39.880001068115234,40.459999084472656,21200
2022-08-19,40.41999816894531,40.97999954223633,39.75,40.7599983215332,44900
2022-08-22,40.060001373291016,40.060001373291016,39.22999954223633,39.22999954223633,16600
2022-08-23,38.284000396728516,39.29999923706055,38.284000396728516,39.06999969482422,21000
2022-08-24,38.900001525878906,39.029998779296875,38.5,38.81999969482422,14600
2022-08-25,38.7400016784668,39.54999923706055,38.7400016784668,39.029998779296875,15400
2022-08-26,38.86000061035156,39.310001373291016,38.150001525878906,38.29999923706055,25700
2022-08-29,37.93000030517578,38.189998626708984,37.099998474121094,37.91999816894531,24300
2022-08-30,37.69300079345703,37.7400016784668,37.040000915527344,37.54999923706055,24500
2022-08-31,37.70000076293945,37.70000076293945,37.0,37.380001068115234,20700
2022-09-01,38.290000915527344,38.290000915527344,36.11000061035156,36.900001525878906,16700
2022-09-02,37.35300064086914,37.35300064086914,36.314998626708984,36.59000015258789,11900
2022-09-06,36.5,37.3650016784668,36.0,36.380001068115234,15200
2022-09-07,36.13999938964844,37.209999084472656,36.13999938964844,37.209999084472656,17700
2022-09-08,36.790000915527344,38.06999969482422,36.790000915527344,37.349998474121094,18800
2022-09-09,37.48500061035156,37.96500015258789,37.380001068115234,37.79999923706055,16800
2022-09-12,37.56999969482422,38.95500183105469,37.56999969482422,38.86000061035156,22200
2022-09-13,38.47999954223633,39.255001068115234,38.25,38.38999938964844,26600
2022-09-14,38.58000183105469,38.81999969482422,38.130001068115234,38.4900016784668,21700
2022-09-15,38.65999984741211,39.810001373291016,38.41999816894531,38.790000915527344,21400
2022-09-16,38.41999816894531,39.849998474121094,38.41999816894531,39.689998626708984,50000
2022-09-19,39.4900016784668,39.72999954223633,38.66999816894531,39.040000915527344,15900
2022-09-20,39.13999938964844,39.25,38.630001068115234,39.08000183105469,21100
2022-09-21,38.88999938964844,38.95500183105469,38.220001220703125,38.439998626708984,15700
2022-09-22,37.790000915527344,38.81999969482422,37.68000030517578,38.540000915527344,24000
2022-09-23,38.400001525878906,38.91999816894531,38.279998779296875,38.70000076293945,37800
2022-09-26,38.709999084472656,38.845001220703125,38.04999923706055,38.31999969482422,8000
2022-09-27,38.22999954223633,38.38999938964844,37.619998931884766,37.81999969482422,9400
2022-09-28,37.529998779296875,37.93000030517578,37.279998779296875,37.279998779296875,24300
2022-09-29,37.18000030517578,37.18000030517578,36.0,36.68000030517578,48700
2022-09-30,36.54999923706055,38.02000045776367,36.54999923706055,37.54999923706055,32800
2022-10-03,37.7599983215332,38.314998626708984,37.7599983215332,38.13999938964844,24700
2022-10-04,38.5099983215332,39.0,38.220001220703125,38.310001373291016,22600
2022-10-05,38.119998931884766,38.31999969482422,37.43000030517578,37.56999969482422,11000
2022-10-06,37.775001525878906,38.040000915527344,37.09000015258789,37.43000030517578,17200
2022-10-07,37.369998931884766,37.599998474121094,36.81999969482422,37.189998626708984,10600
2022-10-10,37.68000030517578,38.150001525878906,37.439998626708984,37.630001068115234,16200
2022-10-11,37.959999084472656,37.959999084472656,36.869998931884766,37.45000076293945,19900
2022-10-12,37.22999954223633,37.5,36.560001373291016,37.38999938964844,12700
2022-10-13,37.0,38.5,37.0,38.5,40800
2022-10-14,38.5,38.95000076293945,38.244998931884766,38.41999816894531,24200
2022-10-17,38.5,39.0,38.16999816894531,38.880001068115234,34500
2022-10-18,39.0,41.43000030517578,38.88999938964844,41.150001525878906,42800
2022-10-19,41.099998474121094,41.150001525878906,40.150001525878906,40.220001220703125,22000
2022-10-20,40.5099983215332,41.599998474121094,39.0,39.29999923706055,55200
2022-10-21,39.61000061035156,39.85499954223633,38.88999938964844,39.2400016784668,31000
2022-10-24,40.5,40.5,39.459999084472656,39.81999969482422,40800
2022-10-25,40.79999923706055,42.814998626708984,40.0,41.79999923706055,99300
2022-10-26,42.45000076293945,44.69499969482422,42.45000076293945,42.900001525878906,62000
2022-10-27,43.0099983215332,43.560001373291016,42.540000915527344,42.970001220703125,26700
2022-10-28,43.16999816894531,45.0099983215332,42.584999084472656,44.13999938964844,51800
2022-10-31,43.77000045776367,45.20000076293945,43.65999984741211,45.18000030517578,60500
2022-11-01,45.25,46.91999816894531,45.02000045776367,46.04999923706055,31000
2022-11-02,46.25,46.25,44.882999420166016,44.900001525878906,26600
2022-11-03,44.880001068115234,45.97999954223633,44.61000061035156,45.75,21600
2022-11-04,46.04999923706055,48.13399887084961,46.0,47.25,26300
2022-11-07,47.11000061035156,47.11000061035156,44.939998626708984,45.459999084472656,31400
2022-11-08,45.18000030517578,45.4900016784668,44.16999816894531,44.2400016784668,32500
2022-11-09,44.33000183105469,44.33000183105469,42.790000915527344,42.95000076293945,27500
2022-11-10,43.630001068115234,45.60900115966797,43.31999969482422,45.09000015258789,41200
2022-11-11,45.09000015258789,45.48699951171875,43.459999084472656,43.65999984741211,22500
2022-11-14,43.38999938964844,44.35300064086914,42.95000076293945,43.83000183105469,28600
2022-11-15,45.65999984741211,45.65999984741211,44.7400016784668,45.0,23700
2022-11-16,44.849998474121094,45.5,43.02000045776367,44.849998474121094,13800
2022-11-17,44.40999984741211,44.9900016784668,43.41999816894531,44.34000015258789,18900
2022-11-18,44.959999084472656,45.529998779296875,44.84000015258789,44.97999954223633,14000
2022-11-21,44.790000915527344,45.47999954223633,44.790000915527344,45.18000030517578,11600
2022-11-22,45.119998931884766,46.459999084472656,45.119998931884766,46.20000076293945,14100
2022-11-23,46.380001068115234,48.05500030517578,45.65999984741211,45.900001525878906,46700
2022-11-25,45.88999938964844,45.88999938964844,45.099998474121094,45.099998474121094,36700
2022-11-28,45.099998474121094,45.099998474121094,43.025001525878906,43.529998779296875,14700
2022-11-29,43.619998931884766,43.630001068115234,42.89500045776367,43.2599983215332,14800
2022-11-30,43.06999969482422,44.970001220703125,42.59000015258789,44.84000015258789,26500
2022-12-01,44.68000030517578,45.095001220703125,44.54999923706055,44.75,10100
2022-12-02,44.25,44.349998474121094,43.2599983215332,43.70000076293945,17400
2022-12-05,43.72999954223633,43.95500183105469,42.75,43.04999923706055,17000
2022-12-06,43.2400016784668,43.29999923706055,42.4900016784668,42.88999938964844,14900
2022-12-07,42.58000183105469,43.3849983215332,42.540000915527344,42.790000915527344,12800
2022-12-08,42.709999084472656,43.72999954223633,42.709999084472656,43.380001068115234,11200
2022-12-09,43.08000183105469,43.08000183105469,42.150001525878906,42.25,11100
2022-12-12,42.09000015258789,42.91999816894531,41.76900100708008,42.720001220703125,15800
2022-12-13,43.470001220703125,43.75,41.810001373291016,41.81999969482422,30900
2022-12-14,41.869998931884766,41.97999954223633,41.404998779296875,41.68000030517578,29700
2022-12-15,41.619998931884766,41.650001525878906,41.0,41.220001220703125,12200
2022-12-16,40.77000045776367,42.369998931884766,40.220001220703125,42.25,75000
2022-12-19,42.0,42.43000030517578,42.0,42.29999923706055,28300
2022-12-20,42.25,42.970001220703125,42.25,42.459999084472656,11400
2022-12-21,42.84000015258789,43.084999084472656,42.279998779296875,43.02000045776367,17700
2022-12-22,43.029998779296875,43.060001373291016,42.439998626708984,42.7400016784668,13800
2022-12-23,42.779998779296875,43.27000045776367,42.470001220703125,42.779998779296875,11000
2022-12-27,42.779998779296875,43.03900146484375,42.779998779296875,42.900001525878906,7700
2022-12-28,43.029998779296875,43.0369987487793,41.650001525878906,41.849998474121094,15400
2022-12-29,41.959999084472656,42.900001525878906,41.959999084472656,42.709999084472656,10600
2022-12-30,43.0260009765625,43.43000030517578,42.7599983215332,43.2599983215332,22300
2023-01-03,43.25,43.27000045776367,42.709999084472656,42.849998474121094,20200
2023-01-04,42.7599983215332,43.85499954223633,42.33000183105469,42.34000015258789,32400
2023-01-05,42.150001525878906,42.25,40.720001220703125,40.75,26300
2023-01-06,41.2599983215332,41.974998474121094,40.67300033569336,41.959999084472656,13200
2023-01-09,41.77000045776367,41.77000045776367,41.04999923706055,41.34000015258789,12000
2023-01-10,41.0099983215332,41.599998474121094,40.970001220703125,41.040000915527344,18100
2023-01-11,41.040000915527344,41.25,40.5,41.040000915527344,20100
2023-01-12,41.33000183105469,42.060001373291016,41.04999923706055,41.869998931884766,13400
2023-01-13,41.54999923706055,43.0,41.54999923706055,42.689998626708984,10000
2023-01-17,42.689998626708984,42.689998626708984,41.45000076293945,41.619998931884766,30400
2023-01-18,41.5,41.599998474121094,40.4900016784668,40.709999084472656,23700
2023-01-19,40.54999923706055,40.790000915527344,40.54999923706055,40.630001068115234,12500
2023-01-20,40.97999954223633,41.349998474121094,40.599998474121094,41.34000015258789,13800
2023-01-23,41.189998626708984,41.34000015258789,40.88999938964844,41.220001220703125,15800
2023-01-24,40.849998474121094,41.45000076293945,40.79999923706055,41.2599983215332,6500
2023-01-25,41.939998626708984,46.02000045776367,41.810001373291016,44.75,105300
2023-01-26,45.040000915527344,45.573001861572266,42.90999984741211,44.0,88900
2023-01-27,43.810001373291016,44.45000076293945,43.75,44.0099983215332,65900
2023-01-30,44.290000915527344,45.6349983215332,44.150001525878906,44.689998626708984,12800
2023-01-31,45.54999923706055,46.584999084472656,45.34000015258789,46.540000915527344,20700
2023-02-01,46.540000915527344,46.65999984741211,45.56999969482422,46.02000045776367,20200
2023-02-02,46.34000015258789,46.893001556396484,45.91999816894531,46.34000015258789,40300
2023-02-03,46.34000015258789,46.790000915527344,45.73500061035156,45.95000076293945,26700
2023-02-06,45.77000045776367,45.77000045776367,43.7599983215332,43.959999084472656,36200
2023-02-07,44.15999984741211,46.04999923706055,43.79999923706055,45.86000061035156,42900
2023-02-08,45.65999984741211,46.0,45.16999816894531,45.5099983215332,21500
2023-02-09,45.970001220703125,46.2400016784668,44.02000045776367,44.150001525878906,12500
2023-02-10,43.7599983215332,44.58000183105469,43.65999984741211,44.52000045776367,41700
2023-02-13,45.084999084472656,45.630001068115234,44.25,45.11000061035156,15800
2023-02-14,45.0,45.20000076293945,43.880001068115234,44.150001525878906,12500
2023-02-15,44.36000061035156,45.5,43.54999923706055,45.25,15800
2023-02-16,45.0,45.77000045776367,45.0,45.529998779296875,18300
2023-02-17,45.54999923706055,45.91999816894531,44.71099853515625,45.599998474121094,16700
2023-02-21,45.7400016784668,46.08000183105469,44.5099983215332,45.849998474121094,15600
2023-02-22,46.06999969482422,46.06999969482422,44.630001068115234,44.90999984741211,17000
2023-02-23,45.15999984741211,45.36000061035156,44.994998931884766,45.2599983215332,12500
2023-02-24,44.83000183105469,45.76499938964844,44.79499816894531,45.529998779296875,28200
2023-02-27,45.9900016784668,46.25,45.290000915527344,46.060001373291016,20800
2023-02-28,46.34000015258789,46.650001525878906,45.9900016784668,45.9900016784668,13900
2023-03-01,46.22999954223633,46.25,45.689998626708984,46.130001068115234,17400
2023-03-02,45.86000061035156,46.02000045776367,45.310001373291016,45.349998474121094,24900
2023-03-03,45.619998931884766,45.619998931884766,44.790000915527344,45.040000915527344,18000
2023-03-06,45.11000061035156,45.290000915527344,44.0,44.310001373291016,26400
2023-03-07,44.56999969482422,44.63999938964844,43.277000427246094,43.790000915527344,19100
2023-03-08,43.400001525878906,44.0,43.27000045776367,43.68000030517578,23900
2023-03-09,43.43000030517578,43.43000030517578,39.79999923706055,40.849998474121094,71300
2023-03-10,40.060001373291016,40.68000030517578,38.540000915527344,39.29999923706055,39600
2023-03-13,38.52000045776367,38.540000915527344,34.75,35.849998474121094,91500
2023-03-14,37.61000061035156,40.38999938964844,37.22999954223633,37.47999954223633,50700
2023-03-15,36.540000915527344,38.0,36.540000915527344,37.2400016784668,38600
2023-03-16,36.939998626708984,39.49300003051758,36.41999816894531,38.58000183105469,34300
2023-03-17,38.439998626708984,39.38999938964844,36.11000061035156,36.5,75900
2023-03-20,37.45000076293945,37.62900161743164,36.540000915527344,36.86000061035156,28000
2023-03-21,37.599998474121094,38.25,37.28099822998047,37.400001525878906,40900
2023-03-22,37.43000030517578,38.09000015258789,36.400001525878906,36.54999923706055,32500
2023-03-23,36.58000183105469,37.189998626708984,35.11000061035156,35.380001068115234,62400
2023-03-24,35.11000061035156,36.29999923706055,35.11000061035156,36.16999816894531,86100
2023-03-27,36.09000015258789,37.119998931884766,35.88999938964844,36.93000030517578,59700
2023-03-28,36.86000061035156,37.560001373291016,36.86000061035156,37.27000045776367,24100
2023-03-29,37.34000015258789,37.645999908447266,37.053001403808594,37.45000076293945,28000
2023-03-30,37.4900016784668,38.0,37.369998931884766,37.56999969482422,90800
2023-03-31,37.94499969482422,39.36000061035156,37.595001220703125,39.099998474121094,148600
2023-04-03,39.040000915527344,39.06999969482422,38.11000061035156,38.970001220703125,89900
2023-04-04,38.939998626708984,38.939998626708984,37.75,38.11000061035156,40400
2023-04-05,37.619998931884766,38.0099983215332,37.5,37.66999816894531,14400
2023-04-06,37.45000076293945,37.75,36.90999984741211,37.029998779296875,33600
2023-04-10,36.66999816894531,36.66999816894531,36.04999923706055,36.16999816894531,26600
2023-04-11,36.06999969482422,36.34000015258789,35.900001525878906,35.970001220703125,21600
2023-04-12,36.150001525878906,36.840999603271484,36.150001525878906,36.38999938964844,18800
2023-04-13,36.66999816894531,37.459999084472656,36.47999954223633,37.08000183105469,13200
2023-04-14,37.33000183105469,37.33000183105469,36.20000076293945,36.29999923706055,14200
2023-04-17,36.25,37.060001373291016,36.25,37.060001373291016,13700
2023-04-18,37.132999420166016,37.132999420166016,36.310001373291016,36.900001525878906,19000
2023-04-19,36.93000030517578,38.3849983215332,36.93000030517578,37.810001373291016,24400
2023-04-20,37.31999969482422,37.31999969482422,36.779998779296875,37.15999984741211,19700
2023-04-21,37.2400016784668,37.93000030517578,36.90999984741211,37.54999923706055,25700
2023-04-24,37.650001525878906,37.86000061035156,36.974998474121094,37.04999923706055,40200
2023-04-25,37.290000915527344,38.130001068115234,37.290000915527344,37.790000915527344,22700
2023-04-26,37.93000030517578,38.86000061035156,37.33000183105469,38.08000183105469,42400
2023-04-27,38.08000183105469,39.099998474121094,38.08000183105469,38.54999923706055,14900
2023-04-28,38.58000183105469,39.20000076293945,38.025001525878906,38.65999984741211,38100
2023-05-01,38.63999938964844,38.8849983215332,37.849998474121094,38.43000030517578,24100
2023-05-02,38.2400016784668,38.95000076293945,36.75,37.150001525878906,21300
2023-05-03,37.5,38.689998626708984,37.5,37.84000015258789,22500
2023-05-04,37.27000045776367,37.27000045776367,35.0,36.34000015258789,26900
2023-05-05,37.18000030517578,38.63999938964844,36.7400016784668,38.560001373291016,28300
2023-05-08,38.54999923706055,39.426998138427734,37.900001525878906,39.150001525878906,101300
2023-05-09,39.09000015258789,39.52000045776367,38.435001373291016,39.0,34300
2023-05-10,39.709999084472656,40.77000045776367,39.4119987487793,40.34000015258789,32900
2023-05-11,39.75,39.849998474121094,39.11000061035156,39.5,41700
2023-05-12,40.0,40.40999984741211,39.540000915527344,40.209999084472656,31300
2023-05-15,40.5,40.5,39.8650016784668,40.11000061035156,10300
2023-05-16,40.439998626708984,40.93000030517578,40.130001068115234,40.75,23200
2023-05-17,40.43000030517578,41.97999954223633,40.119998931884766,41.63999938964844,22400
2023-05-18,41.86000061035156,42.9900016784668,41.560001373291016,42.86000061035156,36200
2023-05-19,43.369998931884766,43.369998931884766,41.650001525878906,42.0,17900
2023-05-22,42.15999984741211,43.0,42.0,42.52000045776367,22100
2023-05-23,44.16600036621094,44.16600036621094,42.220001220703125,42.54999923706055,33800
2023-05-24,42.5,42.90999984741211,41.94499969482422,42.70000076293945,21000
2023-05-25,42.709999084472656,42.9900016784668,42.0,42.52000045776367,9800
2023-05-26,42.900001525878906,43.0,41.119998931884766,42.93000030517578,23400
2023-05-30,41.7400016784668,43.29999923706055,41.7400016784668,43.0,8600
2023-05-31,43.0,43.0,41.93000030517578,42.33000183105469,14500
2023-06-01,41.90999984741211,42.29999923706055,41.849998474121094,41.970001220703125,23700
2023-06-02,42.130001068115234,44.2400016784668,41.36000061035156,44.209999084472656,19100
2023-06-05,44.209999084472656,44.209999084472656,42.16999816894531,42.189998626708984,22900
2023-06-06,42.540000915527344,43.560001373291016,42.39500045776367,43.0,44800
2023-06-07,43.380001068115234,45.20000076293945,43.0,45.06999969482422,33400
2023-06-08,44.244998931884766,45.54999923706055,44.244998931884766,44.79999923706055,20300
2023-06-09,44.05500030517578,44.36000061035156,43.60499954223633,44.0,13000
2023-06-12,44.36000061035156,44.470001220703125,43.650001525878906,44.220001220703125,11600
2023-06-13,44.380001068115234,44.40999984741211,43.72999954223633,43.9900016784668,29700
2023-06-14,44.20500183105469,44.529998779296875,43.5,43.79999923706055,37600
2023-06-15,44.400001525878906,45.595001220703125,44.029998779296875,45.34000015258789,20300
2023-06-16,45.869998931884766,47.95000076293945,44.68000030517578,47.59000015258789,141800
2023-06-20,47.310001373291016,47.790000915527344,46.290000915527344,46.310001373291016,37600
2023-06-21,46.40999984741211,46.90999984741211,45.599998474121094,45.959999084472656,17800
2023-06-22,45.91999816894531,46.27000045776367,44.849998474121094,45.20000076293945,25000
2023-06-23,44.7400016784668,45.52000045776367,43.810001373291016,45.0,98200
2023-06-26,44.779998779296875,45.040000915527344,44.34000015258789,44.61000061035156,20700
2023-06-27,44.709999084472656,45.369998931884766,44.349998474121094,44.7599983215332,13000
2023-06-28,45.09000015258789,45.529998779296875,44.310001373291016,45.11000061035156,28500
2023-06-29,45.33000183105469,46.27000045776367,45.25,45.81999969482422,22400
2023-06-30,45.45000076293945,45.9900016784668,45.45000076293945,45.7400016784668,27400
2023-07-03,45.869998931884766,46.060001373291016,45.52000045776367,46.060001373291016,11800
2023-07-05,46.060001373291016,46.060001373291016,44.619998931884766,44.86000061035156,36400
2023-07-06,44.56999969482422,44.56999969482422,42.52000045776367,43.529998779296875,22800
2023-07-07,43.43000030517578,44.314998626708984,43.310001373291016,44.2599983215332,19500
2023-07-10,43.97999954223633,45.18000030517578,43.59000015258789,44.0,20300
2023-07-11,44.33000183105469,45.029998779296875,44.060001373291016,44.869998931884766,29000
2023-07-12,45.72999954223633,45.75,45.11000061035156,45.209999084472656,22000
2023-07-13,45.59000015258789,46.63999938964844,45.47999954223633,46.279998779296875,25100
2023-07-14,46.529998779296875,46.900001525878906,45.290000915527344,46.27000045776367,64800
2023-07-17,45.90999984741211,47.599998474121094,45.90999984741211,47.439998626708984,48000
2023-07-18,48.0,48.630001068115234,47.93000030517578,48.59000015258789,35900
2023-07-19,48.79999923706055,49.2400016784668,48.125,48.2599983215332,33300
2023-07-20,48.31999969482422,49.209999084472656,48.119998931884766,48.65999984741211,25200
2023-07-21,48.779998779296875,49.380001068115234,48.540000915527344,48.91999816894531,16800
2023-07-24,48.70000076293945,49.970001220703125,48.369998931884766,49.93000030517578,21100
2023-07-25,49.900001525878906,51.43000030517578,49.4900016784668,51.20000076293945,57200
2023-07-26,52.25,54.029998779296875,51.459999084472656,51.75,57700
2023-07-27,52.279998779296875,52.279998779296875,49.939998626708984,50.119998931884766,36400
2023-07-28,50.71799850463867,51.125,50.43000030517578,50.45500183105469,24600
2023-07-31,50.599998474121094,50.630001068115234,49.88999938964844,49.94499969482422,21900
2023-08-01,49.61000061035156,50.04999923706055,49.099998474121094,49.84000015258789,32000
2023-08-02,49.099998474121094,49.959999084472656,48.939998626708984,49.849998474121094,28900
2023-08-03,50.560001373291016,50.880001068115234,50.42499923706055,50.47999954223633,11500
2023-08-04,50.52000045776367,51.45000076293945,50.45000076293945,50.779998779296875,12500
2023-08-07,50.83000183105469,52.0099983215332,50.689998626708984,51.66999816894531,22600
2023-08-08,50.97999954223633,51.970001220703125,50.599998474121094,51.720001220703125,13500
2023-08-09,51.15999984741211,51.15999984741211,50.150001525878906,50.43000030517578,8000
2023-08-10,50.9900016784668,50.9900016784668,50.0,50.75,17000
2023-08-11,50.4900016784668,51.005001068115234,50.290000915527344,50.290000915527344,7300
2023-08-14,50.0,50.0,49.46099853515625,49.58000183105469,12400
2023-08-15,49.040000915527344,49.5,48.060001373291016,48.060001373291016,13700
2023-08-16,48.11000061035156,48.65999984741211,47.68000030517578,48.20000076293945,19600
2023-08-17,48.599998474121094,48.599998474121094,47.650001525878906,47.93000030517578,11300
2023-08-18,47.54999923706055,48.16999816894531,47.470001220703125,47.84000015258789,16900
2023-08-21,47.48099899291992,47.8650016784668,47.34700012207031,47.4900016784668,19900
2023-08-22,47.29999923706055,47.54399871826172,47.06999969482422,47.16999816894531,15900
2023-08-23,47.400001525878906,47.89899826049805,47.400001525878906,47.709999084472656,12600
2023-08-24,47.599998474121094,48.09000015258789,47.5,47.54999923706055,20500
2023-08-25,47.29999923706055,47.400001525878906,46.70000076293945,46.779998779296875,18500
2023-08-28,47.4900016784668,47.4900016784668,46.25,46.31999969482422,17100
2023-08-29,46.33000183105469,46.61000061035156,46.25,46.439998626708984,18400
2023-08-30,46.38999938964844,46.38999938964844,45.9900016784668,46.11000061035156,26700
2023-08-31,46.27000045776367,46.84000015258789,46.220001220703125,46.7599983215332,25100
2023-09-01,47.15999984741211,47.79999923706055,47.15999984741211,47.5,16100
2023-09-05,46.81999969482422,47.43000030517578,46.599998474121094,47.38999938964844,11800
2023-09-06,47.849998474121094,48.380001068115234,46.33000183105469,46.5,18200
2023-09-07,46.88999938964844,47.02000045776367,46.25,46.52000045776367,15800
2023-09-08,46.88999938964844,47.595001220703125,46.875,47.209999084472656,13600
2023-09-11,47.790000915527344,48.279998779296875,46.900001525878906,46.90999984741211,15000
2023-09-12,46.54999923706055,47.380001068115234,46.5,47.22999954223633,11300
2023-09-13,47.20000076293945,47.459999084472656,46.73500061035156,46.88999938964844,13600
2023-09-14,46.40999984741211,47.439998626708984,46.40999984741211,47.31999969482422,12700
2023-09-15,47.31999969482422,47.790000915527344,45.78499984741211,46.15999984741211,56800
2023-09-18,46.08000183105469,46.80500030517578,46.0099983215332,46.040000915527344,10000
2023-09-19,45.75,46.055999755859375,45.52000045776367,45.52000045776367,21800
2023-09-20,45.5,46.0,45.369998931884766,45.45000076293945,24900
2023-09-21,44.492000579833984,45.54499816894531,44.492000579833984,44.90999984741211,9900
2023-09-22,45.189998626708984,45.189998626708984,43.8849983215332,44.58000183105469,22300
2023-09-25,44.400001525878906,45.02000045776367,44.310001373291016,45.0099983215332,39100
2023-09-26,44.529998779296875,45.2599983215332,44.529998779296875,44.83000183105469,18600
2023-09-27,44.6150016784668,45.93000030517578,44.6150016784668,45.380001068115234,18000
2023-09-28,45.150001525878906,46.494998931884766,45.150001525878906,45.93000030517578,20000
2023-09-29,46.4900016784668,46.4900016784668,45.459999084472656,45.689998626708984,76200
2023-10-02,46.45000076293945,46.45000076293945,45.15999984741211,45.54999923706055,15500
2023-10-03,45.400001525878906,45.400001525878906,44.43000030517578,44.84000015258789,9100
2023-10-04,44.540000915527344,45.650001525878906,44.44200134277344,45.400001525878906,24400
2023-10-05,45.25,45.744998931884766,45.02000045776367,45.40999984741211,18200
2023-10-06,45.25,46.83000183105469,44.90999984741211,46.720001220703125,23800
2023-10-09,46.27000045776367,47.5,46.0099983215332,47.13999938964844,22400
2023-10-10,47.540000915527344,47.571998596191406,47.11000061035156,47.20000076293945,20200
2023-10-11,47.75,47.75,47.22700119018555,47.58000183105469,14500
2023-10-12,47.599998474121094,47.599998474121094,46.810001373291016,47.130001068115234,20500
2023-10-13,47.400001525878906,47.400001525878906,45.4900016784668,45.63999938964844,25300
2023-10-16,45.76599884033203,46.185001373291016,45.35499954223633,45.560001373291016,13000
2023-10-17,45.93000030517578,46.7599983215332,45.93000030517578,46.709999084472656,21800
2023-10-18,45.810001373291016,45.810001373291016,44.77000045776367,44.790000915527344,16500
2023-10-19,44.9900016784668,45.150001525878906,44.369998931884766,44.5,16400
2023-10-20,44.70000076293945,44.70000076293945,43.2400016784668,43.65999984741211,24900
2023-10-23,44.70500183105469,45.56999969482422,43.91999816894531,44.540000915527344,57200
2023-10-24,45.130001068115234,45.349998474121094,44.150001525878906,44.54999923706055,15000
2023-10-25,44.26499938964844,44.630001068115234,43.849998474121094,44.31999969482422,15200
2023-10-26,44.02000045776367,46.08000183105469,44.02000045776367,45.540000915527344,14100
2023-10-27,45.77000045776367,46.68000030517578,45.7599983215332,45.97999954223633,12500
2023-10-30,45.369998931884766,46.18000030517578,45.369998931884766,46.15999984741211,10100
2023-10-31,46.0,46.189998626708984,45.279998779296875,45.79999923706055,21500
2023-11-01,46.65999984741211,46.65999984741211,44.97999954223633,45.599998474121094,19200
2023-11-02,45.72999954223633,46.540000915527344,45.72999954223633,46.52000045776367,12000
2023-11-03,47.290000915527344,47.900001525878906,47.290000915527344,47.709999084472656,19100
2023-11-06,47.41999816894531,47.459999084472656,45.599998474121094,47.369998931884766,15300
2023-11-07,46.98500061035156,47.68000030517578,46.07699966430664,47.61000061035156,7000
2023-11-08,47.33000183105469,47.33000183105469,46.060001373291016,46.68000030517578,13900
2023-11-09,46.5,47.11800003051758,45.59000015258789,45.900001525878906,13300
2023-11-10,46.40999984741211,46.685001373291016,46.369998931884766,46.56999969482422,12300
2023-11-13,46.130001068115234,46.290000915527344,45.349998474121094,45.5,22000
2023-11-14,46.189998626708984,48.130001068115234,46.189998626708984,48.130001068115234,53200
2023-11-15,48.20000076293945,48.29999923706055,47.79999923706055,47.84000015258789,20700
2023-11-16,47.439998626708984,47.439998626708984,45.97999954223633,46.400001525878906,20000
2023-11-17,46.93000030517578,47.099998474121094,46.56999969482422,46.79999923706055,29600
2023-11-20,46.40999984741211,46.5,46.0,46.310001373291016,13700
2023-11-21,46.43000030517578,46.599998474121094,45.540000915527344,45.630001068115234,10900
2023-11-22,45.65999984741211,45.8849983215332,45.44499969482422,45.630001068115234,15700
2023-11-24,45.25,45.47999954223633,45.099998474121094,45.47999954223633,5200
2023-11-27,44.970001220703125,46.16999816894531,44.970001220703125,46.16999816894531,15400
2023-11-28,46.43000030517578,47.0,45.33000183105469,45.83000183105469,16600
2023-11-29,46.52000045776367,47.91999816894531,46.52000045776367,47.08000183105469,12000
2023-11-30,46.939998626708984,47.275001525878906,46.099998474121094,46.56999969482422,21800
2023-12-01,46.61000061035156,47.810001373291016,46.54999923706055,47.810001373291016,40400
2023-12-04,47.29999923706055,48.810001373291016,47.29999923706055,47.93000030517578,26200
2023-12-05,47.56999969482422,47.75,47.255001068115234,47.34000015258789,15700
2023-12-06,47.470001220703125,48.130001068115234,46.4900016784668,46.81999969482422,19500
2023-12-07,46.75,47.04999923706055,46.5,46.70000076293945,10300
2023-12-08,47.0,47.439998626708984,46.720001220703125,47.27000045776367,22300
2023-12-11,47.560001373291016,48.290000915527344,47.290000915527344,48.040000915527344,11600
2023-12-12,48.0099983215332,48.9900016784668,48.0099983215332,48.150001525878906,11100
2023-12-13,48.41999816894531,50.0099983215332,48.099998474121094,49.41999816894531,29700
2023-12-14,50.34000015258789,50.47999954223633,49.59000015258789,50.0,35700
2023-12-15,50.36000061035156,50.36000061035156,47.86000061035156,48.31999969482422,48400
2023-12-18,48.220001220703125,48.625,47.560001373291016,47.939998626708984,22900
2023-12-19,48.81999969482422,49.79999923706055,48.75,49.709999084472656,27000
2023-12-20,49.2400016784668,50.7400016784668,48.83000183105469,49.02000045776367,25200
2023-12-21,49.24599838256836,50.125,49.0,49.150001525878906,22000
2023-12-22,49.290000915527344,50.18600082397461,49.0,49.9900016784668,38200
2023-12-26,50.459999084472656,51.599998474121094,50.07600021362305,51.13999938964844,13800
2023-12-27,51.0,51.33000183105469,50.564998626708984,51.099998474121094,10500
2023-12-28,51.099998474121094,51.709999084472656,50.97999954223633,51.13999938964844,11500
2023-12-29,50.59000015258789,51.2400016784668,49.90999984741211,49.959999084472656,12800
2024-01-02,49.880001068115234,51.2400016784668,49.470001220703125,50.209999084472656,16300
2024-01-03,50.08000183105469,50.2400016784668,48.04999923706055,48.63999938964844,17100
2024-01-04,49.099998474121094,49.20000076293945,48.25,48.459999084472656,10100
2024-01-05,47.47999954223633,48.650001525878906,47.47999954223633,48.099998474121094,10600
2024-01-08,48.5099983215332,48.529998779296875,47.970001220703125,48.529998779296875,8300
2024-01-09,48.0,48.7599983215332,47.099998474121094,47.2599983215332,25200
2024-01-10,47.439998626708984,47.439998626708984,46.709999084472656,47.31999969482422,10100
2024-01-11,46.86000061035156,47.81999969482422,46.11000061035156,47.2599983215332,16500
2024-01-12,47.68000030517578,47.68000030517578,46.380001068115234,46.95000076293945,10000
2024-01-16,47.0,48.47999954223633,46.88999938964844,48.02000045776367,18700
2024-01-17,47.560001373291016,48.060001373291016,47.029998779296875,47.619998931884766,16100
2024-01-18,47.95000076293945,48.81999969482422,47.09000015258789,47.790000915527344,8000
2024-01-19,47.93000030517578,49.0,47.290000915527344,48.599998474121094,10900
2024-01-22,49.900001525878906,50.52000045776367,48.459999084472656,49.4900016784668,12600
2024-01-23,49.75,50.400001525878906,48.755001068115234,49.310001373291016,11000
2024-01-24,49.757999420166016,50.209999084472656,48.79999923706055,49.27000045776367,8000
2024-01-25,53.79999923706055,53.79999923706055,49.02000045776367,50.099998474121094,143400
2024-01-26,51.13999938964844,53.4900016784668,50.869998931884766,52.65999984741211,166000
2024-01-29,53.25,54.79999923706055,52.810001373291016,54.209999084472656,184600
2024-01-30,53.72999954223633,54.779998779296875,52.79499816894531,53.7400016784668,181000
2024-01-31,53.0,53.0,49.775001525878906,49.86000061035156,22000
2024-02-01,50.58000183105469,50.58000183105469,48.84000015258789,50.2599983215332,42400
2024-02-02,49.5099983215332,51.619998931884766,49.5099983215332,50.18000030517578,25300
2024-02-05,50.060001373291016,50.38999938964844,48.88100051879883,49.31999969482422,21600
2024-02-06,48.900001525878906,49.97999954223633,47.7599983215332,49.310001373291016,26700
2024-02-07,49.040000915527344,49.20000076293945,47.099998474121094,47.470001220703125,72000
2024-02-08,47.0,47.60499954223633,46.720001220703125,47.27000045776367,69400
2024-02-09,47.810001373291016,47.810001373291016,46.63199996948242,47.47999954223633,31700
2024-02-12,47.5099983215332,49.40999984741211,47.5099983215332,49.029998779296875,32800
2024-02-13,47.52000045776367,48.130001068115234,47.2599983215332,47.75,57800
2024-02-14,49.310001373291016,49.52000045776367,47.540000915527344,49.369998931884766,18600
2024-02-15,49.959999084472656,51.0,48.7599983215332,50.5099983215332,34200
2024-02-16,50.18000030517578,50.5,47.959999084472656,49.7599983215332,39800
2024-02-20,49.4900016784668,50.099998474121094,49.0099983215332,49.7599983215332,23300
2024-02-21,49.16999816894531,50.0,49.16999816894531,49.61000061035156,22100
2024-02-22,49.529998779296875,49.70800018310547,49.0,49.2599983215332,32100
2024-02-23,49.2599983215332,50.150001525878906,49.0099983215332,49.880001068115234,12000
2024-02-26,50.099998474121094,50.176998138427734,49.119998931884766,49.70000076293945,24900
2024-02-27,50.08000183105469,50.44499969482422,49.75,49.869998931884766,15600
2024-02-28,49.790000915527344,50.470001220703125,49.09000015258789,50.470001220703125,25300
2024-02-29,51.43000030517578,51.720001220703125,50.52000045776367,50.779998779296875,13500
2024-03-01,50.119998931884766,50.90999984741211,49.77000045776367,50.16999816894531,11200
2024-03-04,50.0099983215332,51.922000885009766,49.220001220703125,49.70000076293945,50500
2024-03-05,49.88999938964844,50.25,49.47999954223633,49.84000015258789,54300
2024-03-06,50.29999923706055,50.630001068115234,49.4900016784668,50.40999984741211,34600
2024-03-07,49.810001373291016,50.08000183105469,49.150001525878906,49.25,14600
2024-03-08,50.0,50.20000076293945,49.209999084472656,49.65999984741211,22400
2024-03-11,49.40999984741211,49.41999816894531,48.845001220703125,48.9900016784668,15900
2024-03-12,48.84000015258789,49.255001068115234,48.5,48.689998626708984,12200
2024-03-13,48.869998931884766,49.09000015258789,47.810001373291016,48.400001525878906,27100
2024-03-14,47.96500015258789,47.96500015258789,47.40999984741211,47.72999954223633,26900
2024-03-15,47.599998474121094,48.20000076293945,47.0,47.349998474121094,104200
2024-03-18,47.189998626708984,47.189998626708984,46.099998474121094,46.5,48700
2024-03-19,46.4900016784668,46.79999923706055,46.40999984741211,46.52000045776367,30600
2024-03-20,46.7400016784668,49.439998626708984,46.33000183105469,49.04999923706055,39300
2024-03-21,49.040000915527344,49.7599983215332,48.04999923706055,48.439998626708984,36200
2024-03-22,48.77000045776367,48.77000045776367,47.310001373291016,47.630001068115234,41400
2024-03-25,47.36000061035156,48.22999954223633,46.75,46.970001220703125,29400
2024-03-26,47.0,47.20000076293945,45.849998474121094,45.970001220703125,37300
2024-03-27,46.29999923706055,47.04499816894531,45.959999084472656,47.02000045776367,34100
2024-03-28,46.83000183105469,47.5,46.5099983215332,47.470001220703125,54900
2024-04-01,47.35499954223633,47.75,46.79999923706055,47.72999954223633,68300
2024-04-02,47.52000045776367,47.52000045776367,45.310001373291016,45.65999984741211,59900
2024-04-03,45.560001373291016,46.369998931884766,45.560001373291016,45.79999923706055,29000
2024-04-04,45.970001220703125,47.154998779296875,45.970001220703125,46.61000061035156,46900
2024-04-05,46.13999938964844,46.58000183105469,45.79999923706055,46.41999816894531,73000
2024-04-08,46.52000045776367,48.06999969482422,46.52000045776367,47.33000183105469,81100
2024-04-09,47.83000183105469,47.83000183105469,46.974998474121094,47.560001373291016,71000
2024-04-10,46.58000183105469,47.38999938964844,45.11000061035156,45.75,79800
2024-04-11,46.150001525878906,46.15999984741211,45.11000061035156,45.310001373291016,39600
2024-04-12,45.20000076293945,46.09000015258789,45.11000061035156,46.060001373291016,84800
2024-04-15,46.33000183105469,46.529998779296875,45.040000915527344,45.29999923706055,20900
2024-04-16,44.900001525878906,45.40999984741211,44.650001525878906,44.810001373291016,78700
2024-04-17,45.189998626708984,45.189998626708984,44.4900016784668,44.599998474121094,49400
2024-04-18,44.599998474121094,45.42499923706055,44.45000076293945,45.0099983215332,51800
2024-04-19,44.72999954223633,46.61000061035156,44.72999954223633,46.599998474121094,83300
2024-04-22,46.369998931884766,47.36000061035156,46.130001068115234,46.560001373291016,50300
2024-04-23,46.20000076293945,47.0,46.09000015258789,46.810001373291016,44400
2024-04-24,46.310001373291016,46.970001220703125,46.310001373291016,46.95000076293945,13100
2024-04-25,47.0,47.827999114990234,46.2599983215332,47.400001525878906,46000
2024-04-26,47.95000076293945,49.310001373291016,47.349998474121094,49.119998931884766,63100
2024-04-29,49.47999954223633,49.54999923706055,47.025001525878906,47.040000915527344,55300
2024-04-30,46.29999923706055,47.470001220703125,46.18000030517578,47.060001373291016,44900
2024-05-01,47.18000030517578,48.119998931884766,47.18000030517578,47.625,19500
2024-05-02,47.310001373291016,48.584999084472656,47.310001373291016,48.220001220703125,31500
2024-05-03,48.869998931884766,48.869998931884766,48.34199905395508,48.5099983215332,20300
2024-05-06,49.0,50.09000015258789,48.77000045776367,49.77000045776367,42900
2024-05-07,50.310001373291016,50.5,49.869998931884766,49.869998931884766,13500
2024-05-08,49.400001525878906,50.529998779296875,49.400001525878906,50.27000045776367,17200
2024-05-09,50.38999938964844,50.5099983215332,49.90999984741211,50.310001373291016,23200
2024-05-10,49.86899948120117,50.66999816894531,49.47999954223633,49.7400016784668,24500
2024-05-13,50.209999084472656,50.209999084472656,48.97999954223633,48.97999954223633,20700
2024-05-14,49.540000915527344,49.540000915527344,48.36000061035156,48.97999954223633,28400
2024-05-15,49.150001525878906,49.435001373291016,49.0099983215332,49.099998474121094,22100
2024-05-16,48.939998626708984,49.04800033569336,48.470001220703125,48.779998779296875,22400
2024-05-17,48.970001220703125,49.099998474121094,48.56999969482422,48.72999954223633,20300
2024-05-20,48.994998931884766,49.0099983215332,47.83000183105469,47.84000015258789,28800
2024-05-21,47.63999938964844,48.04999923706055,47.61000061035156,48.0,9000
2024-05-22,47.845001220703125,48.33000183105469,47.5,47.900001525878906,36200
2024-05-23,47.650001525878906,47.78499984741211,46.46500015258789,46.779998779296875,33100
2024-05-24,47.22999954223633,47.22999954223633,46.790000915527344,47.08000183105469,16200
2024-05-28,47.09000015258789,47.5,46.459999084472656,46.66999816894531,19000
2024-05-29,46.45000076293945,46.45000076293945,45.25,45.27000045776367,19800
2024-05-30,45.7400016784668,46.209999084472656,45.459999084472656,45.650001525878906,15700
2024-05-31,45.52000045776367,45.880001068115234,45.290000915527344,45.77000045776367,12900
2024-06-03,46.150001525878906,46.22999954223633,45.290000915527344,46.0,19300
2024-06-04,45.84000015258789,46.04999923706055,45.529998779296875,45.9900016784668,20400
2024-06-05,45.84400177001953,46.0,45.45000076293945,45.81999969482422,20100
2024-06-06,45.814998626708984,46.970001220703125,45.814998626708984,46.70000076293945,23000
2024-06-07,46.45000076293945,47.07500076293945,46.45000076293945,46.790000915527344,18500
2024-06-10,46.45000076293945,46.95000076293945,46.04999923706055,46.650001525878906,19600
2024-06-11,46.2599983215332,47.0,46.119998931884766,46.90999984741211,22700
2024-06-12,47.9900016784668,48.36600112915039,46.709999084472656,46.939998626708984,45300
2024-06-13,47.13999938964844,47.13999938964844,46.20500183105469,46.5,16800
2024-06-14,46.33000183105469,46.33000183105469,45.47999954223633,45.599998474121094,16000
2024-06-17,45.880001068115234,46.27000045776367,44.900001525878906,46.130001068115234,29300
2024-06-18,45.1619987487793,46.104000091552734,45.1619987487793,45.52000045776367,18100
2024-06-20,45.5,46.130001068115234,45.025001525878906,45.5099983215332,15600
2024-06-21,45.68000030517578,46.0,44.54499816894531,44.91999816894531,89100
2024-06-24,45.06999969482422,45.64699935913086,45.06999969482422,45.400001525878906,27100
2024-06-25,45.119998931884766,45.36000061035156,45.119998931884766,45.29999923706055,19900
2024-06-26,45.13999938964844,46.2599983215332,45.13999938964844,45.970001220703125,26200
2024-06-27,46.060001373291016,46.7400016784668,46.060001373291016,46.7400016784668,29000
2024-06-28,47.11000061035156,47.7400016784668,46.88999938964844,47.599998474121094,131900
2024-07-01,47.58000183105469,47.58000183105469,46.77000045776367,47.099998474121094,37300
2024-07-02,46.939998626708984,47.9900016784668,46.77000045776367,47.9900016784668,38000
2024-07-03,47.72999954223633,47.72999954223633,46.77000045776367,46.9900016784668,24200
2024-07-05,46.77000045776367,46.77000045776367,46.099998474121094,46.15999984741211,40100
2024-07-08,46.310001373291016,47.209999084472656,46.310001373291016,46.5,10700
2024-07-09,46.84000015258789,46.84000015258789,46.099998474121094,46.65999984741211,11700
2024-07-10,47.209999084472656,48.369998931884766,47.209999084472656,48.2400016784668,15600
2024-07-11,49.2599983215332,51.0,49.15999984741211,49.900001525878906,39300
2024-07-12,50.529998779296875,51.959999084472656,50.04999923706055,51.790000915527344,29100
2024-07-15,51.959999084472656,54.650001525878906,51.47999954223633,54.52000045776367,52800
2024-07-16,54.88999938964844,57.220001220703125,54.880001068115234,56.63999938964844,43200
2024-07-17,56.47999954223633,57.0,56.349998474121094,56.56999969482422,42700
2024-07-18,56.29999923706055,57.540000915527344,54.84000015258789,55.349998474121094,29800
2024-07-19,55.5,55.65399932861328,54.93000030517578,55.130001068115234,13100
2024-07-22,54.91999816894531,57.02000045776367,54.91999816894531,56.63999938964844,20500
2024-07-23,56.70000076293945,58.40999984741211,56.70000076293945,57.900001525878906,35400
2024-07-24,57.27000045776367,59.08000183105469,57.209999084472656,57.22999954223633,21500
2024-07-25,56.810001373291016,59.4900016784668,56.810001373291016,59.06999969482422,55100
2024-07-26,59.33000183105469,59.560001373291016,58.849998474121094,59.29999923706055,77400
2024-07-29,59.5099983215332,59.5099983215332,57.369998931884766,57.369998931884766,20700
2024-07-30,58.0,60.52000045776367,57.97999954223633,59.7599983215332,63800
2024-07-31,59.7599983215332,62.5,59.470001220703125,61.66999816894531,161700
2024-08-01,61.650001525878906,61.650001525878906,58.290000915527344,59.40999984741211,49600
2024-08-02,57.52000045776367,59.04999923706055,57.38999938964844,58.689998626708984,41300
2024-08-05,55.599998474121094,57.34000015258789,54.49100112915039,55.77000045776367,57900
2024-08-06,55.63999938964844,56.2599983215332,55.63999938964844,55.68000030517578,27100
2024-08-07,56.6510009765625,56.6510009765625,55.689998626708984,55.72999954223633,28000
2024-08-08,56.22999954223633,56.9900016784668,56.112998962402344,56.650001525878906,14900
2024-08-09,56.400001525878906,56.88999938964844,55.83000183105469,55.86000061035156,9800
2024-08-12,56.34000015258789,56.34000015258789,54.86000061035156,55.349998474121094,11500
2024-08-13,55.1879997253418,56.25,54.95000076293945,56.25,11600
2024-08-14,55.19900131225586,55.619998931884766,55.150001525878906,55.41999816894531,10400
2024-08-15,56.5,57.34000015258789,56.130001068115234,56.65999984741211,15200
2024-08-16,56.63999938964844,57.59000015258789,56.5,57.400001525878906,24000
2024-08-19,57.619998931884766,58.439998626708984,56.849998474121094,57.95000076293945,26300
2024-08-20,58.029998779296875,58.029998779296875,57.0099983215332,57.7400016784668,17900
2024-08-21,57.31999969482422,58.2400016784668,56.779998779296875,58.20000076293945,23800
2024-08-22,58.33000183105469,58.709999084472656,57.375,58.439998626708984,45900
2024-08-23,59.08000183105469,62.11199951171875,59.08000183105469,61.2599983215332,42500
2024-08-26,61.56999969482422,61.650001525878906,60.67499923706055,60.709999084472656,13700
2024-08-27,60.18000030517578,61.15999984741211,60.18000030517578,60.790000915527344,17600
2024-08-28,61.220001220703125,61.689998626708984,60.02000045776367,60.31999969482422,15900
2024-08-29,60.40999984741211,61.79999923706055,60.33000183105469,61.040000915527344,12500
2024-08-30,60.582000732421875,61.58000183105469,60.529998779296875,61.529998779296875,9300
2024-09-03,61.08000183105469,61.18000030517578,57.0,60.13999938964844,21800
2024-09-04,60.36000061035156,60.369998931884766,58.7599983215332,59.540000915527344,16800
2024-09-05,59.0,59.584999084472656,58.689998626708984,59.45000076293945,13000
2024-09-06,59.4900016784668,60.279998779296875,58.880001068115234,59.5,60900
2024-09-09,59.939998626708984,61.0,59.7599983215332,59.7599983215332,17200
2024-09-10,59.849998474121094,60.939998626708984,59.220001220703125,60.88999938964844,16000
2024-09-11,59.540000915527344,60.29999923706055,59.0,59.720001220703125,14600
2024-09-12,60.220001220703125,61.154998779296875,59.95000076293945,60.439998626708984,29500
2024-09-13,61.09000015258789,61.59000015258789,60.84000015258789,61.04999923706055,20800
2024-09-16,60.79999923706055,62.310001373291016,60.5,62.08000183105469,23400
2024-09-17,62.400001525878906,64.18000030517578,62.2400016784668,62.599998474121094,19300
2024-09-18,62.439998626708984,64.54000091552734,61.45500183105469,63.27000045776367,31700
2024-09-19,64.43000030517578,64.94000244140625,62.79999923706055,64.55000305175781,15600
2024-09-20,64.55999755859375,64.55999755859375,62.880001068115234,63.09000015258789,49700
2024-09-23,63.04999923706055,64.44000244140625,62.619998931884766,63.310001373291016,23800
2024-09-24,63.77000045776367,64.0,61.709999084472656,63.09000015258789,32800
2024-09-25,64.36599731445312,64.36599731445312,62.525001525878906,63.45000076293945,33100
2024-09-26,63.939998626708984,64.81300354003906,63.22999954223633,63.22999954223633,23700
2024-09-27,64.33000183105469,64.94000244140625,63.22999954223633,64.37999725341797,48200
2024-09-30,64.22000122070312,66.18000030517578,64.22000122070312,65.20999908447266,89100
2024-10-01,63.58300018310547,63.94499969482422,62.36000061035156,62.599998474121094,29000
2024-10-02,61.81999969482422,63.11000061035156,60.41999816894531,60.83000183105469,35400
2024-10-03,61.26499938964844,61.709999084472656,60.63999938964844,61.33000183105469,31500
2024-10-04,61.939998626708984,62.66999816894531,61.25,61.25,23100
2024-10-07,61.2599983215332,61.69499969482422,61.0,61.63999938964844,16300
2024-10-08,61.540000915527344,62.029998779296875,61.459999084472656,61.529998779296875,10800
2024-10-09,61.220001220703125,62.650001525878906,60.95000076293945,61.779998779296875,11100
2024-10-10,61.25,61.86000061035156,61.130001068115234,61.70000076293945,16200
2024-10-11,61.810001373291016,63.69499969482422,61.810001373291016,63.689998626708984,24800
2024-10-14,63.689998626708984,64.73500061035156,63.689998626708984,64.30999755859375,16400
2024-10-15,64.30999755859375,67.05999755859375,64.30999755859375,65.29000091552734,20900
2024-10-16,66.05999755859375,67.39700317382812,66.05999755859375,67.2699966430664,29000
2024-10-17,67.6500015258789,67.69999694824219,66.80999755859375,67.55000305175781,11500
2024-10-18,67.55999755859375,67.77999877929688,66.30400085449219,66.44999694824219,13700
2024-10-21,66.6500015258789,66.94999694824219,63.71900177001953,63.81999969482422,16200
2024-10-22,65.04000091552734,65.04000091552734,63.0099983215332,63.22999954223633,25700
2024-10-23,62.900001525878906,63.189998626708984,62.61000061035156,62.83000183105469,33000
2024-10-24,64.5,65.8550033569336,63.0,65.73999786376953,31700
2024-10-25,66.29000091552734,66.5,64.33000183105469,64.5999984741211,25400
2024-10-28,65.52999877929688,66.81999969482422,65.51000213623047,66.76000213623047,22100
2024-10-29,66.30999755859375,68.15499877929688,65.77999877929688,67.43000030517578,20800
2024-10-30,67.0199966430664,69.0,67.0199966430664,67.12999725341797,18100
2024-10-31,67.44000244140625,67.70999908447266,66.58000183105469,66.58000183105469,15100
2024-11-01,66.80999755859375,67.9800033569336,66.48999786376953,66.48999786376953,15900
2024-11-04,66.62000274658203,66.62000274658203,65.12000274658203,65.86000061035156,21900
2024-11-05,63.099998474121094,68.0,63.099998474121094,67.95999908447266,18200
2024-11-06,72.01000213623047,76.00499725341797,70.0199966430664,73.86000061035156,63300
2024-11-07,71.5,73.76499938964844,71.4000015258789,71.80999755859375,60200
2024-11-08,72.30999755859375,73.0199966430664,72.23999786376953,72.5199966430664,13800
2024-11-11,73.63999938964844,75.58999633789062,73.0,75.4000015258789,25500
2024-11-12,75.2300033569336,76.91000366210938,74.52999877929688,75.66000366210938,43400
2024-11-13,76.3499984741211,76.48999786376953,74.4000015258789,74.4000015258789,19100
2024-11-14,74.18000030517578,75.11000061035156,72.12999725341797,72.66000366210938,29400
2024-11-15,72.51000213623047,73.0,70.5999984741211,71.76000213623047,29000
2024-11-18,71.5999984741211,71.98999786376953,71.0999984741211,71.52999877929688,17500
2024-11-19,71.52999877929688,72.62000274658203,69.86000061035156,72.62000274658203,16500
2024-11-20,72.70999908447266,73.01000213623047,71.97000122070312,73.01000213623047,23200
2024-11-21,73.6500015258789,74.68000030517578,72.86000061035156,74.0,18100
2024-11-22,74.13999938964844,76.5,74.13999938964844,76.5,24700
2024-11-25,77.51000213623047,79.76000213623047,77.47000122070312,77.47000122070312,61500
2024-11-26,77.72000122070312,78.0,74.69400024414062,77.23999786376953,41200
2024-11-27,77.93000030517578,80.0,77.68499755859375,78.5,56200
2024-11-29,78.4000015258789,78.4000015258789,76.23999786376953,77.69000244140625,42700
2024-12-02,77.6500015258789,79.38999938964844,76.43000030517578,78.31999969482422,68500
2024-12-03,78.5999984741211,79.3499984741211,77.05000305175781,77.91999816894531,60400
2024-12-04,78.4000015258789,79.25,77.52999877929688,78.9000015258789,41000
2024-12-05,79.44000244140625,80.79000091552734,78.5,79.47000122070312,46500
2024-12-06,80.05999755859375,80.2699966430664,77.41899871826172,77.86000061035156,22400
2024-12-09,77.5999984741211,78.6449966430664,76.69999694824219,76.69999694824219,25800
2024-12-10,76.5,80.88999938964844,76.0,79.62000274658203,54400
2024-12-11,79.94000244140625,80.62999725341797,78.37000274658203,78.45999908447266,45000
2024-12-12,77.80000305175781,79.26000213623047,77.2750015258789,78.51000213623047,55400
2024-12-13,78.44000244140625,78.47000122070312,77.1500015258789,77.16999816894531,28700
2024-12-16,77.2300033569336,79.73999786376953,77.18000030517578,78.76000213623047,22900
2024-12-17,78.48999786376953,78.48999786376953,77.1500015258789,77.75,44500
2024-12-18,80.61000061035156,80.61000061035156,77.40499877929688,78.93000030517578,235100
2024-12-19,79.58999633789062,79.58999633789062,76.25,77.5,106600
2024-12-20,76.98999786376953,79.45999908447266,76.98999786376953,78.61000061035156,91100
2024-12-23,78.5999984741211,79.62999725341797,77.83999633789062,78.97000122070312,38200
2024-12-24,79.16999816894531,80.4000015258789,78.51000213623047,79.12999725341797,26600
2024-12-26,78.98999786376953,80.12999725341797,78.63500213623047,79.97000122070312,22100
2024-12-27,79.5,80.00499725341797,77.9800033569336,78.77999877929688,52600
2024-12-30,78.7300033569336,80.27999877929688,77.51000213623047,79.94000244140625,31800
2024-12-31,81.43000030517578,81.68000030517578,79.48999786376953,79.5,53600
2025-01-02,79.48999786376953,80.65499877929688,76.98999786376953,78.0999984741211,50400
2025-01-03,78.5,79.94999694824219,77.15499877929688,79.52999877929688,100000
2025-01-06,79.4800033569336,79.69999694824219,78.59500122070312,78.83000183105469,33400
2025-01-07,78.83999633789062,80.77999877929688,78.83999633789062,80.5,102500
2025-01-08,80.66000366210938,82.55999755859375,80.2699966430664,81.0,58400
2025-01-10,79.83000183105469,81.41000366210938,76.96499633789062,78.19999694824219,69000
2025-01-13,77.5,79.23999786376953,77.5,78.87000274658203,42300
2025-01-14,79.20999908447266,81.0,79.01399993896484,80.23999786376953,48800
2025-01-15,81.43000030517578,83.36000061035156,81.43000030517578,83.23999786376953,56100
2025-01-16,83.02999877929688,84.41000366210938,82.69999694824219,84.2699966430664,72100
2025-01-17,84.94000244140625,86.875,83.7229995727539,86.83999633789062,138500
2025-01-21,87.66000366210938,90.0,87.5,87.94000244140625,113800
2025-01-22,87.81999969482422,89.16999816894531,87.08999633789062,89.0,104900
2025-01-23,87.73999786376953,88.93499755859375,85.16500091552734,86.12000274658203,86000
2025-01-24,84.5999984741211,85.22000122070312,82.0,82.2699966430664,90000
2025-01-27,81.88999938964844,84.76000213623047,81.4000015258789,84.26000213623047,76700
2025-01-28,83.87999725341797,85.91999816894531,81.10299682617188,85.81999969482422,246400
2025-01-29,85.69000244140625,88.28299713134766,84.12000274658203,85.2699966430664,335400
2025-01-30,85.91000366210938,89.38500213623047,85.91000366210938,87.41999816894531,311100
2025-01-31,87.87000274658203,90.18000030517578,87.5,89.37000274658203,104300
2025-02-03,87.45999908447266,88.01000213623047,85.68000030517578,85.81999969482422,178300
2025-02-04,85.55999755859375,87.19999694824219,85.33999633789062,87.19000244140625,48800
2025-02-05,87.36000061035156,88.06999969482422,86.65699768066406,87.0,74200
2025-02-06,87.1050033569336,88.0,85.5,88.0,76300
2025-02-07,87.88999938964844,87.93000030517578,85.31999969482422,85.31999969482422,46500
2025-02-10,85.37000274658203,86.81999969482422,84.4800033569336,84.48999786376953,59700
2025-02-11,83.61000061035156,85.72000122070312,83.2699966430664,85.30999755859375,52900
2025-02-12,84.04000091552734,84.8499984741211,82.5199966430664,83.56999969482422,50000
2025-02-13,83.41999816894531,85.33999633789062,83.41999816894531,85.30999755859375,54500
2025-02-14,85.73999786376953,86.4000015258789,83.69999694824219,83.77999877929688,55600
2025-02-18,83.58000183105469,85.61000061035156,82.8499984741211,85.58999633789062,46200
2025-02-19,84.93000030517578,85.94000244140625,84.7699966430664,85.66999816894531,45800
2025-02-20,84.22000122070312,86.1500015258789,81.62000274658203,81.9000015258789,50600
2025-02-21,82.68000030517578,82.68000030517578,78.91000366210938,78.97000122070312,51000
2025-02-24,79.94000244140625,82.91500091552734,78.4800033569336,79.22000122070312,54500
2025-02-25,80.38999938964844,81.1500015258789,76.95999908447266,77.30999755859375,62000
2025-02-26,77.33999633789062,78.52999877929688,77.33000183105469,77.44000244140625,41400
2025-02-27,77.44000244140625,77.5999984741211,76.33499908447266,76.9000015258789,60200
2025-02-28,77.9000015258789,79.22000122070312,76.69999694824219,77.12000274658203,209700
2025-03-03,78.4000015258789,79.5999984741211,76.69999694824219,76.77999877929688,55900
2025-03-04,75.83999633789062,77.50499725341797,72.81999969482422,73.9800033569336,53300
2025-03-05,73.56999969482422,73.87000274658203,71.95999908447266,73.87000274658203,50100
2025-03-06,73.58999633789062,73.58999633789062,71.71499633789062,72.2750015258789,44400
2025-03-07,72.05999755859375,72.7300033569336,70.06999969482422,72.19000244140625,51700
2025-03-10,71.58999633789062,71.58999633789062,68.9000015258789,70.73999786376953,91200
2025-03-11,71.2699966430664,72.05999755859375,70.62000274658203,71.05000305175781,38700
2025-03-12,72.52999877929688,75.97000122070312,71.18499755859375,72.0999984741211,44000
2025-03-13,72.44000244140625,72.55000305175781,71.0199966430664,71.36000061035156,29900
2025-03-14,72.01000213623047,73.20500183105469,71.44999694824219,73.0999984741211,38000
2025-03-17,72.68000030517578,73.43000030517578,71.30000305175781,71.30000305175781,50800
2025-03-18,71.01000213623047,72.58999633789062,70.58999633789062,72.0,68800
2025-03-19,72.16000366210938,73.81500244140625,72.16000366210938,73.55000305175781,49900
2025-03-20,72.95999908447266,74.94000244140625,72.58000183105469,73.41999816894531,37500
2025-03-21,72.6500015258789,73.66000366210938,71.36499786376953,72.18000030517578,244900
2025-03-24,73.37999725341797,76.18000030517578,72.69999694824219,75.37000274658203,59900
2025-03-25,74.9800033569336,76.97000122070312,74.9800033569336,75.68000030517578,45800
2025-03-26,76.19000244140625,76.19000244140625,75.0,75.83000183105469,36700
2025-03-27,76.25,76.55000305175781,75.37000274658203,76.0999984741211,34700
2025-03-28,75.7699966430664,76.66999816894531,74.24500274658203,75.05999755859375,43300
2025-03-31,74.58499908447266,75.88999938964844,74.4749984741211,75.37999725341797,58200
2025-04-01,74.70999908447266,77.08499908447266,74.3489990234375,75.55000305175781,40700
2025-04-02,74.43000030517578,75.5199966430664,72.66999816894531,74.25,87100
2025-04-03,70.91999816894531,72.19000244140625,69.80999755859375,71.62000274658203,98400
2025-04-04,69.19000244140625,72.5,69.13999938964844,71.93000030517578,87300
2025-04-07,69.9800033569336,74.83499908447266,69.9800033569336,74.01000213623047,64800
2025-04-08,75.86000061035156,76.27999877929688,73.71499633789062,75.23999786376953,97200
2025-04-09,74.05999755859375,81.4800033569336,73.5,79.0,146800
2025-04-10,78.2300033569336,79.8499984741211,75.30500030517578,76.91000366210938,114800
2025-04-11,76.16000366210938,77.36000061035156,74.4000015258789,77.04000091552734,40500
2025-04-14,77.4000015258789,77.94000244140625,75.79000091552734,77.76000213623047,37600
2025-04-15,77.81999969482422,79.5999984741211,77.81999969482422,78.83999633789062,60800
2025-04-16,78.87000274658203,79.51000213623047,78.06999969482422,79.51000213623047,52600
2025-04-17,79.4000015258789,80.86000061035156,79.23999786376953,80.55999755859375,50300
2025-04-21,80.36000061035156,80.36000061035156,78.62999725341797,79.16999816894531,42200
2025-04-22,79.69000244140625,83.30000305175781,78.92500305175781,82.77999877929688,90100
2025-04-23,83.45999908447266,85.13999938964844,82.01000213623047,83.05000305175781,87700
2025-04-24,83.5999984741211,85.19999694824219,83.23999786376953,84.93000030517578,71900
2025-04-25,85.8499984741211,86.61499786376953,84.37999725341797,85.30000305175781,75800
2025-04-28,85.30000305175781,85.30000305175781,83.0,84.1500015258789,87400
2025-04-29,84.62000274658203,85.0,82.51399993896484,84.37000274658203,63500
2025-04-30,82.51000213623047,83.83000183105469,81.0,82.91999816894531,68000
2025-05-01,83.0199966430664,83.94999694824219,80.19400024414062,83.44000244140625,56500
2025-05-02,84.04000091552734,86.27999877929688,84.04000091552734,85.83999633789062,62700
2025-05-05,85.6500015258789,86.87999725341797,84.97000122070312,86.76000213623047,44200
2025-05-06,86.22000122070312,88.08000183105469,85.08999633789062,87.33000183105469,36900
2025-05-07,87.5199966430664,88.947998046875,86.66999816894531,87.33000183105469,49600
2025-05-08,87.80000305175781,90.90499877929688,86.3499984741211,89.26000213623047,64800
2025-05-09,89.44000244140625,90.57499694824219,89.22000122070312,89.81999969482422,51000
2025-05-12,91.51000213623047,92.49500274658203,86.93000030517578,88.94000244140625,52400
2025-05-13,89.76000213623047,90.22000122070312,88.8550033569336,90.16999816894531,31800
2025-05-14,90.48999786376953,91.01000213623047,89.45999908447266,90.2300033569336,36100
2025-05-15,89.80500030517578,91.56500244140625,89.80500030517578,91.26000213623047,33700
2025-05-16,90.97000122070312,91.51000213623047,90.18000030517578,90.80999755859375,41700
2025-05-19,90.37999725341797,91.77200317382812,88.50399780273438,91.62999725341797,44000
2025-05-20,91.62999725341797,92.0999984741211,90.61399841308594,91.63999938964844,29300
2025-05-21,90.70999908447266,91.19999694824219,88.55999755859375,88.63999938964844,43700
2025-05-22,88.27999877929688,90.04000091552734,88.27999877929688,89.44999694824219,49200
2025-05-23,87.9000015258789,89.29499816894531,87.08000183105469,88.69000244140625,32700
2025-05-27,89.30999755859375,91.13999938964844,88.55999755859375,90.58000183105469,105300
2025-05-28,90.16999816894531,90.16999816894531,88.4800033569336,89.37999725341797,152100
2025-05-29,89.4000015258789,90.98999786376953,88.86000061035156,90.76000213623047,180100
2025-05-30,91.0999984741211,91.70999908447266,90.0530014038086,90.73999786376953,303600
2025-06-02,90.9000015258789,90.9000015258789,87.55500030517578,88.23999786376953,114100
2025-06-03,88.12999725341797,90.63999938964844,87.61000061035156,90.33000183105469,78800
2025-06-04,90.47000122070312,91.69499969482422,87.54299926757812,89.00499725341797,74100
2025-06-05,88.55500030517578,89.69999694824219,88.25,88.70999908447266,89700
2025-06-06,89.98999786376953,90.16000366210938,89.12999725341797,89.87999725341797,60500
2025-06-09,89.58000183105469,91.19000244140625,89.35600280761719,90.4800033569336,76200
2025-06-10,90.4800033569336,92.3499984741211,90.20999908447266,92.23999786376953,95700
2025-06-11,92.9000015258789,93.23500061035156,92.1500015258789,92.75,62100
2025-06-12,92.5999984741211,92.5999984741211,90.78800201416016,91.9000015258789,50900
2025-06-13,91.18000030517578,92.36000061035156,89.625,91.2300033569336,115300
2025-06-16,91.41999816894531,92.99600219726562,90.0199966430664,90.5999984741211,130200
2025-06-17,89.8499984741211,90.33499908447266,88.62000274658203,89.45999908447266,137400
2025-06-18,89.29000091552734,90.83499908447266,88.55000305175781,89.47000122070312,80400
2025-06-20,89.88999938964844,90.69999694824219,88.47000122070312,89.30000305175781,157800
2025-06-23,89.4800033569336,93.7300033569336,89.1449966430664,93.7300033569336,191800
2025-06-24,94.38999938964844,94.9000015258789,92.87000274658203,92.88999938964844,109500
2025-06-25,93.01000213623047,93.80000305175781,90.77999877929688,90.94000244140625,172500
2025-06-26,91.4800033569336,93.30999755859375,90.5250015258789,92.0,166000
2025-06-27,92.30000305175781,95.31999969482422,90.9469985961914,95.0,292100
2025-06-30,95.69999694824219,96.94499969482422,94.4800033569336,94.66000366210938,128000
2025-07-01,94.0999984741211,99.13500213623047,93.572998046875,97.48999786376953,189800
2025-07-02,97.31999969482422,99.75,96.5,97.9000015258789,128800
2025-07-03,98.16999816894531,99.56999969482422,96.94499969482422,99.25,88400
2025-07-07,99.16500091552734,101.3499984741211,98.88999938964844,99.5199966430664,170300
2025-07-08,99.55999755859375,100.55999755859375,98.91000366210938,99.9749984741211,232800
2025-07-09,100.0,101.27999877929688,98.08499908447266,100.62000274658203,352500
2025-07-10,100.29000091552734,100.93000030517578,96.72000122070312,97.6500015258789,310000
2025-07-11,97.8499984741211,98.5999984741211,95.58000183105469,96.5199966430664,305400
2025-07-14,96.6500015258789,98.44999694824219,96.12999725341797,97.63999938964844,123300
2025-07-15,97.4000015258789,98.0,95.52999877929688,95.62000274658203,108600
2025-07-16,96.37999725341797,98.2249984741211,95.08999633789062,98.0999984741211,90100
2025-07-17,97.9000015258789,100.54499816894531,97.20999908447266,100.02999877929688,135600
2025-07-18,100.83000183105469,101.40499877929688,98.68499755859375,100.06999969482422,154500
2025-07-21,100.7300033569336,102.48500061035156,100.05000305175781,100.83999633789062,121200
2025-07-22,101.25,103.70500183105469,100.52999877929688,103.04000091552734,87600
2025-07-23,102.66000366210938,104.49500274658203,101.95999908447266,103.7699966430664,102000
2025-07-24,102.33000183105469,105.0999984741211,99.56999969482422,104.77999877929688,137300
2025-07-25,104.30000305175781,106.11399841308594,96.66000366210938,98.6500015258789,169500
2025-07-28,98.80000305175781,99.93499755859375,95.8499984741211,97.23999786376953,78100
2025-07-29,98.18000030517578,98.37999725341797,96.19000244140625,96.70999908447266,72800
2025-07-30,96.83000183105469,98.83999633789062,95.37999725341797,96.13999938964844,64900
2025-07-31,95.25,96.27999877929688,94.71499633789062,95.87999725341797,58900
2025-08-01,95.26000213623047,95.26000213623047,90.56999969482422,93.44000244140625,90800
2025-08-04,94.2699966430664,94.86000061035156,93.29000091552734,94.6500015258789,52900
2025-08-05,95.02999877929688,95.33000183105469,92.80500030517578,94.62999725341797,60400
2025-08-06,94.62999725341797,95.0999984741211,93.80999755859375,94.2300033569336,39100
2025-08-07,94.9000015258789,95.44000244140625,92.26000213623047,92.98999786376953,56600
2025-08-08,93.01000213623047,93.88500213623047,91.63999938964844,93.56999969482422,131000
2025-08-11,94.02999877929688,94.82499694824219,92.94999694824219,93.75,196800
2025-08-12,94.0,98.55000305175781,93.4000015258789,97.87999725341797,99500
2025-08-13,98.44999694824219,99.27999877929688,97.25,98.79000091552734,53000
2025-08-14,97.75,98.11000061035156,94.83000183105469,97.48999786376953,55900
2025-08-15,97.62000274658203,97.91999816894531,95.2249984741211,95.55000305175781,107700
2025-08-18,95.51000213623047,96.9800033569336,94.8499984741211,96.9800033569336,42600
2025-08-19,96.47000122070312,97.70999908447266,95.46499633789062,95.75,60200
2025-08-20,96.2300033569336,96.87000274658203,95.66000366210938,96.80000305175781,54700
2025-08-21,96.62999725341797,97.62999725341797,94.18499755859375,97.41000366210938,44100
2025-08-22,97.96099853515625,100.69499969482422,97.24500274658203,99.44000244140625,116500
2025-08-25,99.37999725341797,100.0,98.21499633789062,98.73999786376953,42900
2025-08-26,99.0,100.88899993896484,98.7699966430664,100.48500061035156,67000
2025-08-27,100.62000274658203,101.76000213623047,99.98999786376953,100.36000061035156,65300
2025-08-28,100.37000274658203,100.70500183105469,99.49500274658203,100.30000305175781,51400
2025-08-29,99.9800033569336,100.87000274658203,97.83000183105469,98.0999984741211,70100
2025-09-02,96.9800033569336,97.75,95.43000030517578,96.25,66000
2025-09-03,95.80000305175781,97.43000030517578,92.33000183105469,95.37999725341797,46800
2025-09-04,95.95999908447266,97.16999816894531,95.56300354003906,96.86000061035156,35700
2025-09-05,97.0,98.16999816894531,96.54000091552734,97.01000213623047,48400
2025-09-08,97.61000061035156,98.31999969482422,96.91999816894531,98.1500015258789,38600
2025-09-09,97.94999694824219,98.51000213623047,96.88500213623047,97.5,36300
2025-09-10,97.5,98.87999725341797,96.71499633789062,96.97000122070312,41700
2025-09-11,97.41000366210938,97.95999908447266,96.11000061035156,97.51000213623047,40300
2025-09-12,97.69999694824219,98.7249984741211,95.41999816894531,97.02999877929688,53400
2025-09-15,97.13999938964844,98.08499908447266,96.37999725341797,97.70999908447266,40900
2025-09-16,100.37999725341797,104.38999938964844,98.88999938964844,99.30999755859375,103500
2025-09-17,100.0,102.83999633789062,99.3499984741211,100.55000305175781,78300
2025-09-18,100.83999633789062,104.2699966430664,100.58999633789062,104.2699966430664,70900
2025-09-19,105.19999694824219,105.42500305175781,102.875,103.41000366210938,282800
2025-09-22,103.41000366210938,104.44000244140625,102.82499694824219,104.23999786376953,49000
2025-09-23,104.23999786376953,107.25,104.23999786376953,105.19000244140625,55300
2025-09-24,105.76000213623047,105.88999938964844,103.49500274658203,104.08000183105469,42800
2025-09-25,103.5999984741211,104.71499633789062,103.0,104.23999786376953,68300
2025-09-26,104.73999786376953,104.73999786376953,103.31999969482422,103.56999969482422,43600
2025-09-29,103.62000274658203,103.62000274658203,101.4800033569336,101.73999786376953,65400
2025-09-30,101.68000030517578,102.80000305175781,100.54000091552734,102.05500030517578,71800
2025-10-01,101.2699966430664,101.9749984741211,100.0,100.56999969482422,52500
2025-10-02,100.19000244140625,100.91999816894531,98.88999938964844,100.55000305175781,70100
2025-10-03,101.0,101.69999694824219,100.5199966430664,100.88999938964844,44900
2025-10-06,101.69000244140625,104.66999816894531,100.88999938964844,104.66999816894531,78500
2025-10-07,104.66999816894531,105.59500122070312,103.66000366210938,103.98999786376953,41800
2025-10-08,104.70999908447266,105.12999725341797,103.44999694824219,103.94999694824219,41800
2025-10-09,103.62999725341797,104.0,101.55000305175781,103.05999755859375,37500
2025-10-10,103.45999908447266,104.87999725341797,99.87000274658203,99.87999725341797,54300
2025-10-13,100.80999755859375,101.28500366210938,99.3499984741211,100.45999908447266,51900
2025-10-14,99.44000244140625,104.26000213623047,99.38999938964844,103.95999908447266,75800
2025-10-15,104.23999786376953,104.23999786376953,101.25,103.06999969482422,77700
2025-10-16,102.58999633789062,102.58999633789062,97.2249984741211,98.4000015258789,105200
2025-10-17,99.05999755859375,100.79000091552734,97.2699966430664,99.87999725341797,73400
2025-10-20,100.0,102.5,100.0,102.5,95600
2025-10-21,101.87000274658203,102.72000122070312,100.6050033569336,100.86000061035156,43400
2025-10-22,101.3499984741211,102.44000244140625,100.51499938964844,101.62999725341797,46000
2025-10-23,102.33999633789062,103.91100311279297,100.5199966430664,102.5,41800
2025-10-24,103.20999908447266,104.0999984741211,102.5199966430664,102.625,59500
2025-10-27,102.81999969482422,103.58499908447266,98.4000015258789,98.4000015258789,45200
2025-10-28,98.3499984741211,100.06999969482422,98.3499984741211,99.33000183105469,49400
2025-10-29,99.73999786376953,100.11000061035156,94.77999877929688,95.55000305175781,60200
2025-10-30,95.16000366210938,97.80500030517578,92.38999938964844,92.91000366210938,62100
2025-10-31,92.0999984741211,95.02999877929688,92.0999984741211,93.80000305175781,92200
2025-11-03,94.30999755859375,96.46499633789062,93.0,94.66999816894531,61500
2025-11-04,94.18000030517578,95.69999694824219,93.70999908447266,94.97000122070312,81800
2025-11-05,94.76000213623047,96.91000366210938,94.5,96.80000305175781,48700
2025-11-06,95.86499786376953,96.83499908447266,94.37999725341797,95.61000061035156,54800
2025-11-07,95.72000122070312,97.16999816894531,92.95999908447266,97.03500366210938,55100
2025-11-10,97.06999969482422,98.68000030517578,96.7300033569336,97.06999969482422,34800
2025-11-11,97.26000213623047,98.96499633789062,95.54000091552734,98.13999938964844,93900
2025-11-12,98.66999816894531,99.94999694824219,98.0,99.58999633789062,75300
2025-11-13,98.83999633789062,99.80000305175781,97.3499984741211,97.44000244140625,58800
2025-11-14,96.88999938964844,97.93000030517578,95.61000061035156,97.87000274658203,88600
2025-11-17,98.20999908447266,99.18000030517578,95.0,95.2750015258789,87400
2025-11-18,94.63999938964844,96.51000213623047,94.55000305175781,96.18000030517578,70900
2025-11-19,96.80000305175781,97.25,95.79000091552734,97.02999877929688,62800
2025-11-20,98.18000030517578,99.4800033569336,95.68000030517578,95.80999755859375,65800
2025-11-21,95.88999938964844,100.3499984741211,95.43000030517578,100.19000244140625,153900
2025-11-24,99.7699966430664,100.04000091552734,98.50499725341797,99.83000183105469,82400
2025-11-25,99.94999694824219,103.77999877929688,97.91000366210938,103.7300033569336,80800
2025-11-26,102.94999694824219,103.90499877929688,102.38999938964844,102.91000366210938,68300
2025-11-28,101.91000366210938,102.90499877929688,101.54000091552734,102.05999755859375,31700
2025-12-01,101.45999908447266,104.05000305175781,101.19999694824219,102.12999725341797,86200
2025-12-02,103.0199966430664,104.05000305175781,101.66000366210938,101.95999908447266,46000
2025-12-03,102.41000366210938,105.25,100.19999694824219,104.5199966430664,77700
2025-12-04,104.66000366210938,104.75,103.03399658203125,104.06999969482422,37000
2025-12-05,104.37000274658203,105.25,103.37000274658203,103.76000213623047,27800
2025-12-08,104.0,104.62000274658203,100.62999725341797,103.87999725341797,87900
2025-12-09,104.66999816894531,105.68000030517578,103.55000305175781,104.04000091552734,51200
2025-12-10,103.6500015258789,106.92500305175781,103.6500015258789,106.2300033569336,87600
2025-12-11,106.33000183105469,108.55000305175781,106.16999816894531,107.02999877929688,89500
2025-12-12,107.79000091552734,108.18000030517578,105.69999694824219,107.19999694824219,61400
2025-12-15,107.95500183105469,108.69999694824219,105.32499694824219,106.66999816894531,64000
2025-12-16,106.23999786376953,107.63999938964844,105.76499938964844,106.81999969482422,76900
2025-12-17,106.5999984741211,108.2750015258789,105.48500061035156,105.83000183105469,49900
2025-12-18,106.66999816894531,108.7699966430664,105.375,108.5,56100
2025-12-19,108.30000305175781,108.72000122070312,106.1500015258789,107.0,171200
2025-12-22,106.94999694824219,110.70899963378906,106.13999938964844,106.41999816894531,49500
2025-12-23,106.66500091552734,107.33000183105469,105.69000244140625,105.69999694824219,49000
2025-12-24,105.5,106.73999786376953,105.5,106.09500122070312,16000
2025-12-26,107.87999725341797,107.87999725341797,105.0,105.02999877929688,23100
2025-12-29,105.01000213623047,105.41000366210938,103.06999969482422,104.4000015258789,47500
2025-12-30,104.19999694824219,104.19999694824219,101.83000183105469,102.2300033569336,33900
2025-12-31,102.62000274658203,103.29499816894531,101.56999969482422,102.06999969482422,61800
2026-01-02,102.11000061035156,102.20500183105469,100.75,101.30999755859375,41800
2026-01-05,100.87999725341797,104.95999908447266,100.87999725341797,103.79000091552734,39600
2026-01-06,103.36000061035156,106.99500274658203,103.36000061035156,106.58000183105469,57300
2026-01-07,106.73999786376953,108.95999908447266,104.93000030517578,108.44000244140625,69100
2026-01-08,107.58000183105469,111.4000015258789,107.58000183105469,110.7300033569336,60500
2026-01-09,111.29000091552734,111.37000274658203,108.02999877929688,108.12000274658203,73400
2026-01-12,107.33999633789062,108.43000030517578,105.07499694824219,105.27999877929688,74300
2026-01-13,105.19999694824219,134.81500244140625,103.2300033569336,104.5,52500
2026-01-14,104.29000091552734,105.33399963378906,103.22699737548828,105.08999633789062,42500
2026-01-15,106.5,107.87000274658203,106.05000305175781,107.8499984741211,27600
2026-01-16,107.55000305175781,107.76000213623047,106.42500305175781,106.79000091552734,28000
2026-01-20,105.91000366210938,106.94999694824219,105.19000244140625,105.19000244140625,44000
2026-01-21,105.83999633789062,110.2699966430664,103.0,109.69000244140625,69200
2026-01-22,108.4800033569336,110.86499786376953,107.0,110.43000030517578,89500
2026-01-23,110.47000122070312,113.29000091552734,107.55000305175781,108.16999816894531,88700
2026-01-26,107.97000122070312,109.8499984741211,107.97000122070312,109.0,84700
2026-01-27,108.91999816894531,109.98999786376953,107.55000305175781,109.3499984741211,219100
2026-01-28,109.76000213623047,109.76000213623047,104.5,105.08000183105469,247500
2026-01-29,105.91000366210938,110.48999786376953,105.09500122070312,109.54000091552734,358800
2026-01-30,108.43000030517578,109.91000366210938,106.38999938964844,106.62999725341797,72200
2026-02-02,107.25,110.72000122070312,107.25,110.4800033569336,123800
2026-02-03,111.55999755859375,116.87999725341797,111.04000091552734,116.87999725341797,78900
2026-02-04,117.13999938964844,119.86000061035156,116.19999694824219,116.26000213623047,78700
2026-02-05,116.01000213623047,117.69999694824219,112.9000015258789,113.87000274658203,75800
2026-02-06,115.31999969482422,117.0250015258789,114.66000366210938,115.36499786376953,62400
2026-02-09,114.86000061035156,117.06500244140625,114.86000061035156,115.97000122070312,53700
2026-02-10,116.72000122070312,118.1449966430664,112.5,113.05000305175781,61800
2026-02-11,114.12000274658203,114.9000015258789,108.44000244140625,109.0,65900
2026-02-12,110.36000061035156,110.61000061035156,106.05999755859375,106.45999908447266,83800
2026-02-13,105.97000122070312,109.47000122070312,105.33000183105469,108.93000030517578,63200
2026-02-17,109.38999938964844,111.64399719238281,109.11000061035156,110.41999816894531,100100
2026-02-18,109.7699966430664,112.75,107.18000030517578,107.94000244140625,95000
2026-02-19,106.80000305175781,107.38999938964844,105.41999816894531,106.75,58100
2026-02-20,106.83999633789062,108.95999908447266,105.51000213623047,107.5199966430664,96800
2026-02-23,105.0199966430664,105.0999984741211,102.22000122070312,103.23999786376953,64300
2026-02-24,103.25,104.23500061035156,102.19000244140625,104.13999938964844,104500
2026-02-25,104.41000366210938,108.04000091552734,103.83999633789062,106.88999938964844,65300
2026-02-26,107.44999694824219,111.00499725341797,105.16999816894531,106.19000244140625,72100
2026-02-27,104.04000091552734,106.34500122070312,100.28500366210938,100.9800033569336,63700
2026-03-02,99.5,103.63999938964844,99.49500274658203,103.08999633789062,80900
2026-03-03,100.58000183105469,102.9800033569336,100.37000274658203,102.0,74800
2026-03-04,102.6500015258789,103.63999938964844,101.69499969482422,102.74500274658203,40100
2026-03-05,101.91999816894531,101.92500305175781,99.74500274658203,101.6500015258789,61300
2026-03-06,99.23999786376953,99.83999633789062,97.5999984741211,99.33000183105469,54300
2026-03-09,97.63999938964844,99.76499938964844,94.0,98.66999816894531,111300
2026-03-10,98.9000015258789,101.91500091552734,97.95999908447266,100.05999755859375,66000
2026-03-11,99.05000305175781,100.48999786376953,98.0,99.04000091552734,38500
2026-03-12,98.48999786376953,106.7300033569336,98.48999786376953,106.00499725341797,129200
2026-03-13,109.80999755859375,114.45500183105469,108.56999969482422,109.98999786376953,113400
2026-03-16,110.0199966430664,111.375,107.3499984741211,110.37999725341797,135900
2026-03-17,111.62000274658203,112.19999694824219,107.20999908447266,107.33000183105469,124700
2026-03-18,106.61000061035156,108.95999908447266,104.8949966430664,105.31999969482422,150700
2026-03-19,104.80000305175781,107.93000030517578,103.50499725341797,106.1500015258789,119600
2026-03-20,106.1500015258789,107.0,104.75499725341797,105.47000122070312,139900
2026-03-23,106.58000183105469,109.83499908447266,106.58000183105469,107.91000366210938,77300
2026-03-24,106.66000366210938,109.27999877929688,106.37999725341797,108.27999877929688,80800
2026-03-25,109.12999725341797,110.11000061035156,106.62000274658203,106.8499984741211,166500
2026-03-26,105.56999969482422,107.29000091552734,105.5,106.76000213623047,76600
2026-03-27,105.80000305175781,107.18000030517578,104.5199966430664,106.5199966430664,70700
2026-03-30,107.16000366210938,107.19999694824219,105.7300033569336,105.94999694824219,73700
2026-03-31,107.44000244140625,113.74500274658203,104.91000366210938,107.5,130800
2026-04-01,108.23999786376953,111.43000030517578,107.75,108.61000061035156,78800
2026-04-02,108.37999725341797,109.91999816894531,106.80999755859375,108.94999694824219,63800
2026-04-06,108.94999694824219,111.13999938964844,106.7300033569336,109.38999938964844,79100
2026-04-07,108.79000091552734,111.16999816894531,108.20999908447266,111.13999938964844,118700
2026-04-08,114.81999969482422,116.30000305175781,113.8499984741211,114.97000122070312,72000
2026-04-09,113.72000122070312,116.91999816894531,112.97000122070312,116.31999969482422,187900
2026-04-10,115.75,115.97000122070312,112.30999755859375,113.13999938964844,68300
2026-04-13,112.80000305175781,113.5199966430664,111.75,113.22000122070312,53900
2026-04-14,112.8499984741211,114.5,111.4000015258789,113.52999877929688,199200
2026-04-15,113.30999755859375,115.44499969482422,112.30999755859375,115.01000213623047,212500
2026-04-16,114.33000183105469,116.04499816894531,111.99500274658203,112.58999633789062,180600
2026-04-17,114.11000061035156,118.37999725341797,114.0999984741211,115.95999908447266,172500
2026-04-20,116.05000305175781,117.05999755859375,114.66000366210938,115.1500015258789,195400
2026-04-21,114.68000030517578,116.1050033569336,111.51000213623047,111.51000213623047,123900
2026-04-22,111.8499984741211,118.29000091552734,109.43000030517578,109.94000244140625,131800
2026-04-23,113.4000015258789,116.13500213623047,109.2750015258789,114.6500015258789,135000
2026-04-24,114.66999816894531,116.05000305175781,104.83000183105469,105.01000213623047,202500
2026-04-27,105.01000213623047,106.68000030517578,104.76200103759766,105.18000030517578,121800
2026-04-28,105.83999633789062,111.75,105.5,106.75,111800
2026-04-29,106.0199966430664,106.43000030517578,104.76000213623047,105.41999816894531,118100
2026-04-30,104.7699966430664,107.30599975585938,104.7699966430664,105.12000274658203,83500
2026-05-01,105.4000015258789,107.28500366210938,104.62999725341797,107.01000213623047,95900
2026-05-04,106.02999877929688,107.03800201416016,105.20999908447266,105.62000274658203,101600
2026-05-05,105.98999786376953,108.9000015258789,105.74299621582031,108.30000305175781,51600
2026-05-06,108.93000030517578,110.66999816894531,107.9800033569336,109.05000305175781,49600
2026-05-07,108.87999725341797,109.9000015258789,107.1500015258789,107.30000305175781,80100
2026-05-08,107.1500015258789,108.30999755859375,106.47000122070312,106.83000183105469,72800
2026-05-11,106.76000213623047,107.0,104.77999877929688,105.3499984741211,66200
2026-05-12,105.12000274658203,105.62999725341797,103.9800033569336,105.37000274658203,92900
2026-05-13,104.79000091552734,105.98999786376953,104.01000213623047,104.41999816894531,87500
2026-05-14,105.1500015258789,106.44499969482422,104.80000305175781,105.05500030517578,72700
2026-05-15,104.43000030517578,105.69999694824219,103.63999938964844,105.43000030517578,119700
2026-05-18,106.72000122070312,108.66000366210938,106.21499633789062,108.58000183105469,97400
2026-05-19,107.54000091552734,109.7699966430664,106.98999786376953,108.55000305175781,102900
2026-05-20,108.55000305175781,112.86000061035156,107.83999633789062,112.76000213623047,135600
2026-05-21,111.72000122070312,113.16999816894531,109.98999786376953,111.01000213623047,178200
2026-05-22,111.16999816894531,112.16000366210938,109.43000030517578,110.80000305175781,130700
2026-05-26,111.5,113.5199966430664,109.63999938964844,112.56999969482422,75700
2026-05-27,112.87000274658203,114.12000274658203,109.99500274658203,110.02999877929688,102700
2026-05-28,109.5,110.0,106.91999816894531,109.52999877929688,86500
2026-05-29,109.5,110.8499984741211,109.01000213623047,109.88999938964844,129500
2026-06-01,108.97000122070312,110.12799835205078,106.83000183105469,108.44999694824219,114900
2026-06-02,107.7699966430664,110.98999786376953,107.7699966430664,109.88999938964844,84300
2026-06-03,110.0,110.0,106.19999694824219,106.19999694824219,126400
2026-06-04,107.61000061035156,109.8499984741211,107.5999984741211,108.62000274658203,97000
2026-06-05,108.52999877929688,109.45999908447266,107.79000091552734,108.08999633789062,90900
2026-06-08,108.55999755859375,111.0199966430664,107.91000366210938,110.27999877929688,94700
2026-06-09,110.5199966430664,114.98999786376953,110.5199966430664,110.77999877929688,74400
2026-06-10,111.36000061035156,114.5199966430664,111.19300079345703,111.94999694824219,77200
2026-06-11,112.44999694824219,113.5199966430664,110.94000244140625,113.25,89000
2026-06-12,113.40399932861328,115.97000122070312,113.40399932861328,115.62000274658203,89000
2026-06-15,115.91999816894531,118.7699966430664,113.44999694824219,113.44999694824219,152700
2026-06-16,114.54000091552734,116.76000213623047,113.19000244140625,114.12999725341797,111400
2026-06-17,113.7300033569336,116.37000274658203,111.7300033569336,112.30999755859375,126100
2026-06-18,114.45999908447266,114.80000305175781,112.54000091552734,113.52999877929688,233200
2026-06-22,113.44999694824219,117.6500015258789,113.0999984741211,114.04000091552734,108400
2026-06-23,114.62000274658203,116.27999877929688,112.83000183105469,115.4800033569336,182600
2026-06-24,115.9800033569336,117.12999725341797,114.66999816894531,114.70999908447266,114600
2026-06-25,115.0,117.0,114.01000213623047,116.16000366210938,132100
2026-06-26,116.68000030517578,119.80999755859375,114.9000015258789,118.47000122070312,209100
2026-06-29,118.55000305175781,119.30999755859375,115.68000030517578,118.75,86400
2026-06-30,118.0999984741211,120.18000030517578,118.0,119.11000061035156,154300
2026-07-01,118.4000015258789,124.69300079345703,118.4000015258789,123.62999725341797,137200
2026-07-02,124.37000274658203,124.94999694824219,119.7300033569336,120.33999633789062,162200
2026-07-06,121.33999633789062,123.0,118.88999938964844,120.4800033569336,101300
2026-07-07,120.4800033569336,121.91000366210938,119.02999877929688,120.5,148600
2026-07-08,119.61000061035156,121.0,117.08000183105469,117.55999755859375,193600
2026-07-09,118.16999816894531,119.38999938964844,116.79000091552734,117.33999633789062,105500
2026-07-10,117.5,118.62999725341797,116.20999908447266,117.1500015258789,85400
2026-07-13,117.51000213623047,119.30000305175781,116.45999908447266,118.70999908447266,105500
2026-07-14,118.87000274658203,120.5,118.61499786376953,119.27999877929688,125400
2026-07-15,119.54000091552734,120.83300018310547,118.25499725341797,119.5,86100
2026-07-16,119.33999633789062,125.8499984741211,119.33999633789062,125.66999816894531,240000
2026-07-17,124.30999755859375,125.47000122070312,122.4800033569336,123.26000213623047,199600
2026-07-20,123.36000061035156,124.4000015258789,121.92500305175781,123.37000274658203,155700
