date,open,high,low,close,volume
2012-01-03,2.1212120056152344,2.178541898727417,1.9164619445800781,2.178541898727417,2808
2012-01-04,2.088452100753784,2.088452100753784,2.014741897583008,2.088452100753784,5006
2012-01-05,2.088452100753784,2.3832919597625732,2.088452100753784,2.3832919597625732,10989
2012-01-06,2.3751020431518555,2.3751020431518555,2.3751020431518555,2.3751020431518555,122
2012-01-09,2.3177719116210938,2.3751020431518555,2.260442018508911,2.3341519832611084,977
2012-01-10,2.3341519832611084,2.3341519832611084,2.2932019233703613,2.2932019233703613,244
2012-01-11,2.3751020431518555,2.3751020431518555,2.268631935119629,2.268631935119629,1954
2012-01-12,2.2850120067596436,2.2932019233703613,2.2113020420074463,2.2113020420074463,5617
2012-01-13,2.186732053756714,2.2440619468688965,2.129401922225952,2.1949219703674316,3541
2012-01-17,2.1949219703674316,2.1949219703674316,2.1949219703674316,2.1949219703674316,0
2012-01-18,2.2850120067596436,2.2850120067596436,2.170351982116699,2.170351982116699,611
2012-01-19,2.276822090148926,2.440622091293335,2.268631935119629,2.440622091293335,14896
2012-01-20,2.579853057861328,2.6126129627227783,2.579853057861328,2.6044230461120605,3663
2012-01-23,2.6044230461120605,2.6044230461120605,2.6044230461120605,2.6044230461120605,0
2012-01-24,2.6044230461120605,2.6044230461120605,2.6044230461120605,2.6044230461120605,0
2012-01-25,2.80098295211792,2.80098295211792,2.80098295211792,2.80098295211792,977
2012-01-26,2.8173630237579346,2.964782953262329,2.3341519832611084,2.4651920795440674,7082
2012-01-27,2.4651920795440674,2.4651920795440674,2.4651920795440674,2.4651920795440674,0
2012-01-30,2.4651920795440674,2.4651920795440674,2.4651920795440674,2.4651920795440674,0
2012-01-31,2.5552830696105957,2.9484028816223145,2.4570019245147705,2.9484028816223145,2442
2012-02-01,2.5307130813598633,3.054872989654541,2.5307130813598633,2.7436530590057373,10623
2012-02-02,2.751842975616455,4.004913806915283,2.751842975616455,3.849303960800171,56532
2012-02-03,3.931204080581665,4.7010650634765625,3.488943099975586,3.5217039585113525,49328
2012-02-06,3.505323886871338,3.6036040782928467,3.505323886871338,3.6036040782928467,488
2012-02-07,4.095004081726074,4.095004081726074,3.276002883911133,3.276002883911133,10134
2012-02-08,3.2104830741882324,3.849303960800171,3.2104830741882324,3.488943099975586,9646
2012-02-09,3.5217039585113525,3.628174066543579,3.276002883911133,3.398853063583374,5983
2012-02-10,3.407042980194092,4.045864105224609,3.407042980194092,3.5217039585113525,1709
2012-02-13,4.0376739501953125,4.0376739501953125,3.5217039585113525,3.9148240089416504,5128
2012-02-14,4.103194236755371,4.119574069976807,3.59541392326355,3.6117939949035645,7814
2012-02-15,3.6527440547943115,3.6527440547943115,3.398853063583374,3.4152328968048096,2320
2012-02-16,3.390662908554077,3.6445538997650146,3.390662908554077,3.5135140419006348,5006
2012-02-17,3.538084030151367,4.086813926696777,3.5135140419006348,4.054053783416748,10012
2012-02-21,4.086813926696777,4.152334213256836,3.939393997192383,4.152334213256836,7204
2012-02-22,4.054053783416748,4.365273952484131,3.923013925552368,4.2997541427612305,3541
2012-02-23,4.226044178009033,4.2997541427612305,4.193284034729004,4.2997541427612305,1099
2012-02-24,4.11138391494751,4.11138391494751,4.103194236755371,4.103194236755371,1099
2012-02-27,4.103194236755371,4.103194236755371,3.5626540184020996,3.5626540184020996,3785
2012-02-28,3.554464101791382,4.095004081726074,3.554464101791382,4.01310396194458,3297
2012-02-29,3.939393997192383,4.01310396194458,3.890254020690918,4.01310396194458,8181
2012-03-01,4.021294116973877,4.054053783416748,3.9967238903045654,4.01310396194458,13065
2012-03-02,4.01310396194458,4.0376739501953125,3.939393997192383,3.939393997192383,2564
2012-03-05,3.710073947906494,4.021294116973877,3.5298941135406494,3.939393997192383,10012
2012-03-06,3.9148240089416504,3.9148240089416504,3.5298941135406494,3.5298941135406494,2564
2012-03-07,3.628174066543579,3.628174066543579,3.3333330154418945,3.3415229320526123,1099
2012-03-08,3.4643731117248535,3.767404079437256,3.447993040084839,3.726454019546509,12332
2012-03-09,3.6609339714050293,3.800163984298706,3.4725630283355713,3.6199839115142822,16361
2012-03-12,3.480752944946289,3.8574941158294678,3.480752944946289,3.5217039585113525,4640
2012-03-13,3.5135140419006348,3.98034405708313,3.5135140419006348,3.972153902053833,5861
2012-03-14,3.849303960800171,4.095004081726074,3.849303960800171,4.01310396194458,611
2012-03-15,4.0786237716674805,4.0786237716674805,3.8738739490509033,3.8738739490509033,611
2012-03-16,3.8820641040802,4.324324131011963,3.8820641040802,4.324324131011963,8303
2012-03-19,4.357083797454834,4.357083797454834,4.054053783416748,4.185093879699707,9035
2012-03-20,4.2096638679504395,4.217854022979736,4.2096638679504395,4.217854022979736,1587
2012-03-21,4.062243938446045,4.135953903198242,4.054053783416748,4.135953903198242,2808
2012-03-22,4.135953903198242,4.135953903198242,4.095004081726074,4.095004081726074,2930
2012-03-23,4.095004081726074,4.234233856201172,4.095004081726074,4.234233856201172,5861
2012-03-26,4.152334213256836,4.258803844451904,4.152334213256836,4.250614166259766,2076
2012-03-27,4.316133975982666,4.316133975982666,4.316133975982666,4.316133975982666,977
2012-03-28,4.316133975982666,4.316133975982666,4.316133975982666,4.316133975982666,0
2012-03-29,4.176904201507568,4.176904201507568,4.11138391494751,4.176904201507568,1099
2012-03-30,4.217854022979736,4.217854022979736,4.217854022979736,4.217854022979736,855
2012-04-02,4.217854022979736,4.217854022979736,4.217854022979736,4.217854022979736,0
2012-04-03,4.095004081726074,4.11138391494751,4.095004081726074,4.11138391494751,366
2012-04-04,4.045864105224609,4.152334213256836,4.045864105224609,4.095004081726074,7937
2012-04-05,4.095004081726074,4.095004081726074,4.095004081726074,4.095004081726074,0
2012-04-09,4.095004081726074,4.119574069976807,3.9475839138031006,3.9475839138031006,3541
2012-04-10,3.931204080581665,3.931204080581665,3.931204080581665,3.931204080581665,366
2012-04-11,3.931204080581665,3.931204080581665,3.931204080581665,3.931204080581665,0
2012-04-12,3.931204080581665,3.931204080581665,3.931204080581665,3.931204080581665,0
2012-04-13,3.931204080581665,3.931204080581665,3.931204080581665,3.931204080581665,0
2012-04-16,3.931204080581665,3.931204080581665,3.931204080581665,3.931204080581665,0
2012-04-17,3.931204080581665,3.931204080581665,3.931204080581665,3.931204080581665,0
2012-04-18,3.669123888015747,3.6855039596557617,3.5626540184020996,3.6036040782928467,6227
2012-04-19,3.759213924407959,4.291563987731934,3.6036040782928467,3.726454019546509,1465
2012-04-20,3.6855039596557617,4.062243938446045,3.6855039596557617,4.062243938446045,1465
2012-04-23,3.98034405708313,3.98034405708313,3.6855039596557617,3.6855039596557617,2808
2012-04-24,3.677314043045044,4.275184154510498,3.669123888015747,3.759213924407959,11722
2012-04-25,3.890254020690918,3.890254020690918,3.890254020690918,3.890254020690918,122
2012-04-26,3.8574941158294678,4.291563987731934,3.849303960800171,3.939393997192383,2320
2012-04-27,3.9148240089416504,4.004913806915283,3.710073947906494,3.931204080581665,2076
2012-04-30,3.8574941158294678,3.923013925552368,3.8574941158294678,3.923013925552368,733
2012-05-01,3.808353900909424,3.808353900909424,3.808353900909424,3.808353900909424,244
2012-05-02,3.726454019546509,3.890254020690918,3.7018840312957764,3.726454019546509,3663
2012-05-03,3.6855039596557617,3.6855039596557617,3.6855039596557617,3.6855039596557617,977
2012-05-04,3.6855039596557617,3.6855039596557617,3.6855039596557617,3.6855039596557617,0
2012-05-07,3.6036040782928467,3.849303960800171,3.6036040782928467,3.849303960800171,488
2012-05-08,3.849303960800171,3.849303960800171,3.849303960800171,3.849303960800171,0
2012-05-09,3.849303960800171,3.849303960800171,3.849303960800171,3.849303960800171,0
2012-05-10,3.849303960800171,3.849303960800171,3.849303960800171,3.849303960800171,0
2012-05-11,3.849303960800171,3.849303960800171,3.849303960800171,3.849303960800171,0
2012-05-14,3.488943099975586,3.488943099975586,3.488943099975586,3.488943099975586,122
2012-05-15,3.5135140419006348,3.7346439361572266,3.480752944946289,3.7346439361572266,16361
2012-05-16,3.718264102935791,3.931204080581665,3.480752944946289,3.538084030151367,6227
2012-05-17,3.538084030151367,3.538084030151367,3.538084030151367,3.538084030151367,0
2012-05-18,3.5298941135406494,3.6855039596557617,3.5298941135406494,3.59541392326355,2198
2012-05-21,3.5790340900421143,4.054053783416748,3.5708439350128174,3.710073947906494,3663
2012-05-22,3.6036040782928467,3.6036040782928467,3.439802885055542,3.480752944946289,12943
2012-05-23,3.4725630283355713,3.4725630283355713,3.4725630283355713,3.4725630283355713,122
2012-05-24,3.4725630283355713,3.4725630283355713,3.4725630283355713,3.4725630283355713,0
2012-05-25,3.398853063583374,3.398853063583374,3.398853063583374,3.398853063583374,366
2012-05-29,3.398853063583374,3.398853063583374,3.398853063583374,3.398853063583374,244
2012-05-30,3.349713087081909,3.349713087081909,3.276002883911133,3.276002883911133,611
2012-05-31,3.276002883911133,3.3333330154418945,3.276002883911133,3.3333330154418945,488
2012-06-01,3.276002883911133,3.3333330154418945,3.276002883911133,3.3333330154418945,366
2012-06-04,3.3251430988311768,3.3251430988311768,3.276002883911133,3.276002883911133,1343
2012-06-05,3.2596230506896973,3.2596230506896973,3.2596230506896973,3.2596230506896973,366
2012-06-06,3.3251430988311768,3.3251430988311768,3.3251430988311768,3.3251430988311768,244
2012-06-07,3.3251430988311768,3.3251430988311768,3.3251430988311768,3.3251430988311768,0
2012-06-08,3.3005731105804443,3.7346439361572266,3.3005731105804443,3.7346439361572266,1099
2012-06-11,3.718264102935791,3.718264102935791,3.235053062438965,3.31695294380188,1954
2012-06-12,3.3660929203033447,3.3660929203033447,3.3660929203033447,3.3660929203033447,244
2012-06-13,3.3660929203033447,3.3660929203033447,3.3660929203033447,3.3660929203033447,0
2012-06-14,3.3660929203033447,3.3660929203033447,3.3660929203033447,3.3660929203033447,0
2012-06-15,3.636363983154297,3.710073947906494,3.636363983154297,3.710073947906494,488
2012-06-18,3.710073947906494,3.710073947906494,3.710073947906494,3.710073947906494,0
2012-06-19,3.710073947906494,3.710073947906494,3.710073947906494,3.710073947906494,0
2012-06-20,3.349713087081909,3.349713087081909,3.1941030025482178,3.1941030025482178,5250
2012-06-21,3.2923829555511475,3.6445538997650146,3.2923829555511475,3.6445538997650146,733
2012-06-22,3.439802885055542,3.505323886871338,3.2923829555511475,3.439802885055542,5617
2012-06-25,3.177722930908203,3.177722930908203,3.177722930908203,3.177722930908203,122
2012-06-26,3.349713087081909,3.7018840312957764,3.276002883911133,3.6036040782928467,733
2012-06-27,3.5708439350128174,3.5708439350128174,3.5708439350128174,3.5708439350128174,366
2012-06-28,3.554464101791382,3.554464101791382,3.554464101791382,3.554464101791382,244
2012-06-29,3.276002883911133,3.276002883911133,3.276002883911133,3.276002883911133,488
2012-07-02,3.308763027191162,3.308763027191162,3.276002883911133,3.276002883911133,366
2012-07-03,3.276002883911133,3.276002883911133,3.276002883911133,3.276002883911133,0
2012-07-05,3.2923829555511475,3.2923829555511475,3.2923829555511475,3.2923829555511475,244
2012-07-06,3.357903003692627,3.3742830753326416,3.31695294380188,3.31695294380188,2564
2012-07-09,3.3333330154418945,3.3333330154418945,3.276002883911133,3.276002883911133,488
2012-07-10,3.276002883911133,3.276002883911133,3.276002883911133,3.276002883911133,0
2012-07-11,3.276002883911133,3.276002883911133,3.276002883911133,3.276002883911133,1099
2012-07-12,3.2841930389404297,3.4152328968048096,3.1695330142974854,3.390662908554077,6105
2012-07-13,3.390662908554077,3.390662908554077,3.390662908554077,3.390662908554077,0
2012-07-16,3.390662908554077,3.390662908554077,3.390662908554077,3.390662908554077,0
2012-07-17,3.390662908554077,3.390662908554077,3.390662908554077,3.390662908554077,0
2012-07-18,3.480752944946289,3.480752944946289,3.276002883911133,3.276002883911133,5006
2012-07-19,3.276002883911133,3.276002883911133,3.276002883911133,3.276002883911133,0
2012-07-20,3.276002883911133,3.276002883911133,3.2514328956604004,3.2514328956604004,366
2012-07-23,3.276002883911133,3.276002883911133,3.2514328956604004,3.267812967300415,1221
2012-07-24,3.267812967300415,3.267812967300415,3.267812967300415,3.267812967300415,0
2012-07-25,3.276002883911133,3.276002883911133,3.276002883911133,3.276002883911133,122
2012-07-26,3.276002883911133,3.276002883911133,3.1941030025482178,3.276002883911133,2686
2012-07-27,3.3251430988311768,3.3251430988311768,3.31695294380188,3.31695294380188,733
2012-07-30,3.4643731117248535,3.480752944946289,3.235053062438965,3.235053062438965,2808
2012-07-31,3.235053062438965,3.235053062438965,3.235053062438965,3.235053062438965,1343
2012-08-01,3.267812967300415,3.267812967300415,3.267812967300415,3.267812967300415,122
2012-08-02,3.276002883911133,3.276002883911133,3.276002883911133,3.276002883911133,244
2012-08-03,3.276002883911133,3.276002883911133,3.276002883911133,3.276002883911133,0
2012-08-06,3.276002883911133,3.276002883911133,3.276002883911133,3.276002883911133,0
2012-08-07,3.276002883911133,3.276002883911133,3.276002883911133,3.276002883911133,366
2012-08-08,3.276002883911133,3.276002883911133,3.276002883911133,3.276002883911133,366
2012-08-09,3.398853063583374,3.398853063583374,3.398853063583374,3.398853063583374,122
2012-08-10,3.398853063583374,3.398853063583374,3.398853063583374,3.398853063583374,366
2012-08-13,3.398853063583374,3.398853063583374,3.398853063583374,3.398853063583374,0
2012-08-14,3.398853063583374,3.398853063583374,3.398853063583374,3.398853063583374,0
2012-08-15,3.398853063583374,3.398853063583374,3.398853063583374,3.398853063583374,0
2012-08-16,3.398853063583374,3.398853063583374,3.398853063583374,3.398853063583374,0
2012-08-17,3.398853063583374,3.398853063583374,3.398853063583374,3.398853063583374,0
2012-08-20,3.398853063583374,3.398853063583374,3.398853063583374,3.398853063583374,0
2012-08-21,3.431612968444824,3.710073947906494,3.431612968444824,3.5217039585113525,5495
2012-08-22,3.5217039585113525,3.5217039585113525,3.488943099975586,3.488943099975586,1099
2012-08-23,3.546273946762085,3.546273946762085,3.439802885055542,3.439802885055542,488
2012-08-24,3.4234230518341064,3.488943099975586,3.2841930389404297,3.480752944946289,14408
2012-08-27,3.6855039596557617,3.890254020690918,3.6855039596557617,3.890254020690918,2076
2012-08-28,3.890254020690918,3.890254020690918,3.890254020690918,3.890254020690918,0
2012-08-29,3.890254020690918,3.890254020690918,3.890254020690918,3.890254020690918,0
2012-08-30,3.890254020690918,3.890254020690918,3.890254020690918,3.890254020690918,0
2012-08-31,3.767404079437256,3.767404079437256,3.767404079437256,3.767404079437256,244
2012-09-04,3.767404079437256,3.8247339725494385,3.751024007797241,3.8247339725494385,2686
2012-09-05,3.8247339725494385,3.8247339725494385,3.8247339725494385,3.8247339725494385,0
2012-09-06,3.8247339725494385,3.8247339725494385,3.8247339725494385,3.8247339725494385,0
2012-09-07,3.9475839138031006,3.9475839138031006,3.939393997192383,3.939393997192383,366
2012-09-10,3.939393997192383,3.939393997192383,3.939393997192383,3.939393997192383,0
2012-09-11,3.972153902053833,3.972153902053833,3.6036040782928467,3.6036040782928467,611
2012-09-12,3.669123888015747,3.669123888015747,3.6036040782928467,3.6036040782928467,366
2012-09-13,3.972153902053833,4.1687140464782715,3.972153902053833,4.095004081726074,25153
2012-09-14,3.6036040782928467,4.086813926696777,3.6036040782928467,4.086813926696777,6593
2012-09-17,3.8329238891601562,3.8329238891601562,3.398853063583374,3.505323886871338,7814
2012-09-18,3.6445538997650146,3.6445538997650146,3.439802885055542,3.4561829566955566,3663
2012-09-19,3.439802885055542,3.439802885055542,3.439802885055542,3.439802885055542,366
2012-09-20,3.5626540184020996,3.5626540184020996,3.5217039585113525,3.5217039585113525,2808
2012-09-21,3.538084030151367,3.9475839138031006,3.5217039585113525,3.9475839138031006,2686
2012-09-24,3.9475839138031006,3.9475839138031006,3.9475839138031006,3.9475839138031006,0
2012-09-25,3.628174066543579,3.628174066543579,3.628174066543579,3.628174066543579,366
2012-09-26,3.677314043045044,3.767404079437256,3.6445538997650146,3.767404079437256,1465
2012-09-27,3.6855039596557617,3.8329238891601562,3.6855039596557617,3.8329238891601562,1099
2012-09-28,3.726454019546509,3.841114044189453,3.726454019546509,3.841114044189453,611
2012-10-01,3.726454019546509,3.751024007797241,3.726454019546509,3.726454019546509,8303
2012-10-02,3.726454019546509,3.726454019546509,3.726454019546509,3.726454019546509,2442
2012-10-03,3.726454019546509,3.726454019546509,3.726454019546509,3.726454019546509,0
2012-10-04,3.726454019546509,3.726454019546509,3.726454019546509,3.726454019546509,0
2012-10-05,3.923013925552368,4.095004081726074,3.923013925552368,4.095004081726074,6471
2012-10-08,4.045864105224609,4.095004081726074,4.045864105224609,4.095004081726074,488
2012-10-09,4.095004081726074,4.095004081726074,4.095004081726074,4.095004081726074,244
2012-10-10,3.767404079437256,3.767404079437256,3.767404079437256,3.767404079437256,244
2012-10-11,3.751024007797241,4.062243938446045,3.7428340911865234,3.7428340911865234,977
2012-10-12,3.7837839126586914,3.7837839126586914,3.7837839126586914,3.7837839126586914,366
2012-10-15,3.7919740676879883,3.8984439373016357,3.7919740676879883,3.849303960800171,3785
2012-10-16,3.8165440559387207,3.849303960800171,3.8165440559387207,3.849303960800171,977
2012-10-17,3.849303960800171,3.849303960800171,3.849303960800171,3.849303960800171,0
2012-10-18,3.849303960800171,3.849303960800171,3.849303960800171,3.849303960800171,0
2012-10-19,3.849303960800171,3.849303960800171,3.849303960800171,3.849303960800171,0
2012-10-22,4.095004081726074,4.095004081726074,3.808353900909424,3.808353900909424,1343
2012-10-23,3.808353900909424,3.808353900909424,3.808353900909424,3.808353900909424,0
2012-10-24,3.8165440559387207,4.095004081726074,3.8165440559387207,4.095004081726074,733
2012-10-25,3.8247339725494385,3.8247339725494385,3.8247339725494385,3.8247339725494385,2564
2012-10-26,3.8247339725494385,3.8247339725494385,3.8247339725494385,3.8247339725494385,0
2012-10-31,4.054053783416748,4.095004081726074,3.9639639854431152,4.095004081726074,366
2012-11-01,3.8165440559387207,3.8165440559387207,3.8165440559387207,3.8165440559387207,611
2012-11-02,3.8165440559387207,3.8165440559387207,3.808353900909424,3.808353900909424,488
2012-11-05,3.808353900909424,3.808353900909424,3.808353900909424,3.808353900909424,0
2012-11-06,3.808353900909424,3.808353900909424,3.808353900909424,3.808353900909424,0
2012-11-07,3.808353900909424,3.808353900909424,3.808353900909424,3.808353900909424,0
2012-11-08,3.808353900909424,3.808353900909424,3.808353900909424,3.808353900909424,0
2012-11-09,3.8165440559387207,3.8165440559387207,3.808353900909424,3.808353900909424,13919
2012-11-12,3.808353900909424,3.808353900909424,3.808353900909424,3.808353900909424,1221
2012-11-13,3.808353900909424,3.808353900909424,3.808353900909424,3.808353900909424,366
2012-11-14,3.808353900909424,3.808353900909424,3.808353900909424,3.808353900909424,2320
2012-11-15,3.808353900909424,3.808353900909424,3.808353900909424,3.808353900909424,10012
2012-11-16,3.808353900909424,3.8329238891601562,3.808353900909424,3.808353900909424,3419
2012-11-19,3.808353900909424,3.808353900909424,3.808353900909424,3.808353900909424,0
2012-11-20,3.808353900909424,3.808353900909424,3.808353900909424,3.808353900909424,0
2012-11-21,3.808353900909424,3.808353900909424,3.808353900909424,3.808353900909424,0
2012-11-23,3.808353900909424,3.808353900909424,3.808353900909424,3.808353900909424,122
2012-11-26,3.808353900909424,3.808353900909424,3.808353900909424,3.808353900909424,0
2012-11-27,3.808353900909424,3.808353900909424,3.808353900909424,3.808353900909424,0
2012-11-28,3.6445538997650146,3.6445538997650146,3.5135140419006348,3.5135140419006348,11355
2012-11-29,3.480752944946289,3.9148240089416504,3.439802885055542,3.808353900909424,2442
2012-11-30,3.546273946762085,3.546273946762085,3.5217039585113525,3.5217039585113525,7082
2012-12-03,3.5217039585113525,3.5217039585113525,3.5217039585113525,3.5217039585113525,0
2012-12-04,3.5217039585113525,3.5217039585113525,3.5217039585113525,3.5217039585113525,0
2012-12-05,3.5217039585113525,3.5217039585113525,3.5217039585113525,3.5217039585113525,0
2012-12-06,3.6527440547943115,3.718264102935791,3.6036040782928467,3.6036040782928467,2198
2012-12-07,3.6036040782928467,3.6036040782928467,3.6036040782928467,3.6036040782928467,0
2012-12-10,3.677314043045044,3.677314043045044,3.546273946762085,3.546273946762085,244
2012-12-11,3.546273946762085,3.546273946762085,3.546273946762085,3.546273946762085,0
2012-12-12,3.546273946762085,3.546273946762085,3.546273946762085,3.546273946762085,0
2012-12-13,3.546273946762085,3.546273946762085,3.546273946762085,3.546273946762085,0
2012-12-14,3.5298941135406494,3.5298941135406494,3.439802885055542,3.439802885055542,4396
2012-12-17,3.59541392326355,3.718264102935791,3.59541392326355,3.718264102935791,1587
2012-12-18,3.718264102935791,3.718264102935791,3.718264102935791,3.718264102935791,0
2012-12-19,3.5626540184020996,3.5626540184020996,3.439802885055542,3.439802885055542,7082
2012-12-20,3.439802885055542,3.726454019546509,3.439802885055542,3.5790340900421143,4884
2012-12-21,3.5790340900421143,3.5790340900421143,3.5790340900421143,3.5790340900421143,0
2012-12-24,3.4234230518341064,3.431612968444824,3.398853063583374,3.4152328968048096,2686
2012-12-26,3.4152328968048096,3.5626540184020996,3.398853063583374,3.5626540184020996,1709
2012-12-27,3.480752944946289,3.480752944946289,3.31695294380188,3.31695294380188,1099
2012-12-28,3.276002883911133,3.276002883911133,2.932023048400879,3.054872989654541,9280
2012-12-31,3.104012966156006,3.439802885055542,3.087632894515991,3.439802885055542,9280
2013-01-02,3.3660929203033447,3.439802885055542,3.276002883911133,3.439802885055542,2686
2013-01-03,3.439802885055542,3.439802885055542,3.439802885055542,3.439802885055542,0
2013-01-04,3.398853063583374,3.398853063583374,3.390662908554077,3.398853063583374,611
2013-01-07,3.3824729919433594,3.439802885055542,3.3742830753326416,3.3742830753326416,2442
2013-01-08,3.431612968444824,3.431612968444824,3.3742830753326416,3.407042980194092,4151
2013-01-09,3.439802885055542,3.439802885055542,3.439802885055542,3.439802885055542,1465
2013-01-10,3.439802885055542,3.439802885055542,3.439802885055542,3.439802885055542,366
2013-01-11,3.4561829566955566,3.4561829566955566,3.4561829566955566,3.4561829566955566,244
2013-01-14,3.4561829566955566,3.4561829566955566,3.431612968444824,3.431612968444824,1221
2013-01-15,3.398853063583374,3.4561829566955566,3.398853063583374,3.4561829566955566,855
2013-01-16,3.4561829566955566,3.4561829566955566,3.4561829566955566,3.4561829566955566,0
2013-01-17,3.4561829566955566,3.4561829566955566,3.4561829566955566,3.4561829566955566,0
2013-01-18,3.5626540184020996,3.7018840312957764,3.5626540184020996,3.6855039596557617,14042
2013-01-22,3.628174066543579,3.628174066543579,3.6117939949035645,3.6117939949035645,855
2013-01-23,3.6609339714050293,3.6609339714050293,3.6609339714050293,3.6609339714050293,611
2013-01-24,3.726454019546509,3.726454019546509,3.726454019546509,3.726454019546509,244
2013-01-25,3.800163984298706,3.972153902053833,3.7919740676879883,3.890254020690918,11233
2013-01-28,3.931204080581665,3.931204080581665,3.931204080581665,3.931204080581665,488
2013-01-29,3.931204080581665,3.931204080581665,3.931204080581665,3.931204080581665,0
2013-01-30,3.9557740688323975,4.004913806915283,3.9557740688323975,4.004913806915283,1465
2013-01-31,3.9967238903045654,3.9967238903045654,3.9967238903045654,3.9967238903045654,488
2013-02-01,4.086813926696777,4.217854022979736,4.054053783416748,4.054053783416748,6838
2013-02-04,4.176904201507568,4.176904201507568,4.152334213256836,4.152334213256836,733
2013-02-05,4.152334213256836,4.152334213256836,4.152334213256836,4.152334213256836,0
2013-02-06,4.152334213256836,4.152334213256836,4.152334213256836,4.152334213256836,0
2013-02-07,4.152334213256836,4.152334213256836,4.152334213256836,4.152334213256836,0
2013-02-08,4.152334213256836,4.152334213256836,4.152334213256836,4.152334213256836,0
2013-02-11,4.152334213256836,4.152334213256836,4.152334213256836,4.152334213256836,0
2013-02-12,4.258803844451904,4.258803844451904,4.258803844451904,4.258803844451904,855
2013-02-13,4.266993999481201,4.266993999481201,4.095004081726074,4.242424011230469,488
2013-02-14,4.242424011230469,4.242424011230469,4.242424011230469,4.242424011230469,0
2013-02-15,4.103194236755371,4.176904201507568,4.086813926696777,4.095004081726074,2686
2013-02-19,4.266993999481201,4.266993999481201,3.939393997192383,4.054053783416748,2564
2013-02-20,3.9148240089416504,4.01310396194458,3.9148240089416504,4.01310396194458,3175
2013-02-21,4.01310396194458,4.01310396194458,3.972153902053833,3.972153902053833,977
2013-02-22,4.01310396194458,4.226044178009033,4.01310396194458,4.226044178009033,2564
2013-02-25,4.201474189758301,4.258803844451904,4.201474189758301,4.258803844451904,977
2013-02-26,4.266993999481201,4.504505157470703,4.258803844451904,4.258803844451904,9890
2013-02-27,4.332513809204102,4.471744060516357,4.2997541427612305,4.2997541427612305,2076
2013-02-28,4.307943820953369,4.307943820953369,4.176904201507568,4.185093879699707,2808
2013-03-01,4.185093879699707,4.185093879699707,4.185093879699707,4.185093879699707,0
2013-03-04,4.185093879699707,4.185093879699707,4.185093879699707,4.185093879699707,0
2013-03-05,4.176904201507568,4.176904201507568,4.176904201507568,4.176904201507568,366
2013-03-06,4.176904201507568,4.176904201507568,3.8738739490509033,4.021294116973877,855
2013-03-07,4.258803844451904,4.258803844451904,4.029483795166016,4.029483795166016,977
2013-03-08,4.029483795166016,4.0786237716674805,4.029483795166016,4.0786237716674805,1709
2013-03-11,4.0786237716674805,4.0786237716674805,4.0786237716674805,4.0786237716674805,0
2013-03-12,4.242424011230469,4.258803844451904,4.242424011230469,4.258803844451904,1465
2013-03-13,4.49631404876709,4.49631404876709,4.39803409576416,4.422604084014893,4396
2013-03-14,4.39803409576416,4.422604084014893,4.39803409576416,4.422604084014893,977
2013-03-15,4.307943820953369,4.307943820953369,4.2997541427612305,4.2997541427612305,1587
2013-03-18,4.242424011230469,4.242424011230469,4.135953903198242,4.135953903198242,2686
2013-03-19,4.135953903198242,4.135953903198242,4.135953903198242,4.135953903198242,0
2013-03-20,4.144144058227539,4.144144058227539,4.144144058227539,4.144144058227539,122
2013-03-21,4.144144058227539,4.144144058227539,4.144144058227539,4.144144058227539,0
2013-03-22,4.119574069976807,4.135953903198242,4.119574069976807,4.119574069976807,1099
2013-03-25,4.422604084014893,4.422604084014893,4.422604084014893,4.422604084014893,122
2013-03-26,4.365273952484131,4.365273952484131,4.135953903198242,4.2997541427612305,1343
2013-03-27,4.2997541427612305,4.2997541427612305,4.2997541427612305,4.2997541427612305,0
2013-03-28,4.2997541427612305,4.2997541427612305,4.2997541427612305,4.2997541427612305,0
2013-04-01,4.2997541427612305,4.2997541427612305,4.2997541427612305,4.2997541427612305,0
2013-04-02,4.2997541427612305,4.2997541427612305,4.2997541427612305,4.2997541427612305,0
2013-04-03,4.2997541427612305,4.2997541427612305,4.2997541427612305,4.2997541427612305,0
2013-04-04,4.348894119262695,4.348894119262695,4.119574069976807,4.119574069976807,611
2013-04-05,4.119574069976807,4.119574069976807,4.119574069976807,4.119574069976807,122
2013-04-08,4.119574069976807,4.119574069976807,4.119574069976807,4.119574069976807,0
2013-04-09,4.234233856201172,4.234233856201172,4.135953903198242,4.176904201507568,977
2013-04-10,4.176904201507568,4.176904201507568,4.176904201507568,4.176904201507568,0
2013-04-11,4.185093879699707,4.217854022979736,4.185093879699707,4.185093879699707,4762
2013-04-12,4.176904201507568,4.201474189758301,4.176904201507568,4.185093879699707,3053
2013-04-15,4.193284034729004,4.193284034729004,4.193284034729004,4.193284034729004,244
2013-04-16,4.185093879699707,4.185093879699707,4.176904201507568,4.176904201507568,1099
2013-04-17,4.176904201507568,4.422604084014893,4.176904201507568,4.406223773956299,4518
2013-04-18,4.406223773956299,4.406223773956299,4.406223773956299,4.406223773956299,0
2013-04-19,4.406223773956299,4.406223773956299,4.406223773956299,4.406223773956299,0
2013-04-22,4.365273952484131,4.365273952484131,4.291563987731934,4.291563987731934,611
2013-04-23,4.291563987731934,4.291563987731934,4.291563987731934,4.291563987731934,0
2013-04-24,4.291563987731934,4.291563987731934,4.291563987731934,4.291563987731934,488
2013-04-25,4.2096638679504395,4.2096638679504395,4.135953903198242,4.152334213256836,2564
2013-04-26,4.135953903198242,4.275184154510498,4.135953903198242,4.275184154510498,977
2013-04-29,4.275184154510498,4.275184154510498,4.275184154510498,4.275184154510498,0
2013-04-30,4.144144058227539,4.144144058227539,4.135953903198242,4.135953903198242,611
2013-05-01,4.135953903198242,4.135953903198242,4.135953903198242,4.135953903198242,0
2013-05-02,4.135953903198242,4.135953903198242,4.119574069976807,4.119574069976807,2442
2013-05-03,4.119574069976807,4.119574069976807,4.119574069976807,4.119574069976807,0
2013-05-06,4.119574069976807,4.119574069976807,4.119574069976807,4.119574069976807,0
2013-05-07,4.176904201507568,4.176904201507568,4.176904201507568,4.176904201507568,122
2013-05-08,4.258803844451904,4.258803844451904,4.2096638679504395,4.2096638679504395,977
2013-05-09,4.2096638679504395,4.2096638679504395,4.2096638679504395,4.2096638679504395,0
2013-05-10,4.2096638679504395,4.2096638679504395,4.2096638679504395,4.2096638679504395,0
2013-05-13,4.291563987731934,4.2997541427612305,4.2096638679504395,4.2096638679504395,2442
2013-05-14,4.2096638679504395,4.2096638679504395,4.2096638679504395,4.2096638679504395,0
2013-05-15,4.2096638679504395,4.2096638679504395,4.2096638679504395,4.2096638679504395,0
2013-05-16,4.2096638679504395,4.2096638679504395,4.2096638679504395,4.2096638679504395,0
2013-05-17,4.2096638679504395,4.2096638679504395,4.2096638679504395,4.2096638679504395,0
2013-05-20,4.119574069976807,4.119574069976807,4.119574069976807,4.119574069976807,244
2013-05-21,4.119574069976807,4.119574069976807,4.119574069976807,4.119574069976807,0
2013-05-22,3.939393997192383,4.1687140464782715,3.939393997192383,4.1687140464782715,1343
2013-05-23,4.1277642250061035,4.291563987731934,4.1277642250061035,4.266993999481201,8181
2013-05-24,4.291563987731934,4.2997541427612305,4.291563987731934,4.2997541427612305,3175
2013-05-28,4.266993999481201,4.2997541427612305,4.266993999481201,4.2997541427612305,1587
2013-05-29,4.2997541427612305,4.2997541427612305,4.2997541427612305,4.2997541427612305,0
2013-05-30,4.422604084014893,4.422604084014893,4.422604084014893,4.422604084014893,611
2013-05-31,4.512694835662842,4.684685230255127,4.185093879699707,4.684685230255127,1709
2013-06-03,4.709255218505859,4.717444896697998,4.152334213256836,4.5782151222229,10256
2013-06-04,4.586404800415039,4.586404800415039,4.217854022979736,4.422604084014893,2198
2013-06-05,4.4635539054870605,4.4635539054870605,4.217854022979736,4.447174072265625,366
2013-06-06,4.447174072265625,4.447174072265625,4.447174072265625,4.447174072265625,0
2013-06-07,4.406223773956299,4.406223773956299,4.406223773956299,4.406223773956299,366
2013-06-10,4.2997541427612305,4.381653785705566,4.258803844451904,4.258803844451904,855
2013-06-11,4.324324131011963,4.324324131011963,4.045864105224609,4.045864105224609,1465
2013-06-12,4.152334213256836,4.864864826202393,4.152334213256836,4.782965183258057,2930
2013-06-13,4.733825206756592,4.8321051597595215,4.725635051727295,4.8321051597595215,977
2013-06-14,4.635544776916504,4.635544776916504,4.340703964233398,4.340703964233398,244
2013-06-17,4.348894119262695,4.856675148010254,4.340703964233398,4.348894119262695,4029
2013-06-18,4.365273952484131,4.365273952484131,4.340703964233398,4.340703964233398,2442
2013-06-19,4.340703964233398,4.340703964233398,4.340703964233398,4.340703964233398,0
2013-06-20,4.889434814453125,4.889434814453125,4.7420148849487305,4.7420148849487305,366
2013-06-21,4.7010650634765625,4.914004802703857,4.7010650634765625,4.914004802703857,11722
2013-06-24,4.635544776916504,4.709255218505859,4.389843940734863,4.545454978942871,3663
2013-06-25,4.782965183258057,4.8321051597595215,4.709255218505859,4.750205039978027,2930
2013-06-26,4.750205039978027,4.750205039978027,4.750205039978027,4.750205039978027,0
2013-06-27,4.914004802703857,4.914004802703857,4.914004802703857,4.914004802703857,244
2013-06-28,4.914004802703857,4.914004802703857,4.914004802703857,4.914004802703857,0
2013-07-01,4.881245136260986,4.914004802703857,4.8730549812316895,4.889434814453125,1343
2013-07-02,4.881245136260986,4.881245136260986,4.545454978942871,4.594594955444336,1221
2013-07-03,4.889434814453125,5.520065784454346,4.8321051597595215,5.036855220794678,12943
2013-07-05,4.8321051597595215,4.8321051597595215,4.8321051597595215,4.8321051597595215,122
2013-07-08,4.8730549812316895,4.8730549812316895,4.8730549812316895,4.8730549812316895,122
2013-07-09,4.791154861450195,4.791154861450195,4.791154861450195,4.791154861450195,122
2013-07-10,5.077805042266846,5.077805042266846,4.668304920196533,4.709255218505859,1709
2013-07-11,4.750205039978027,5.118754863739014,4.750205039978027,4.766584873199463,977
2013-07-12,4.7010650634765625,4.7010650634765625,4.7010650634765625,4.7010650634765625,122
2013-07-15,4.668304920196533,4.709255218505859,4.668304920196533,4.709255218505859,2808
2013-07-16,4.668304920196533,4.791154861450195,4.668304920196533,4.692874908447266,3419
2013-07-17,4.709255218505859,4.758395195007324,4.709255218505859,4.725635051727295,5128
2013-07-18,4.725635051727295,4.725635051727295,4.725635051727295,4.725635051727295,244
2013-07-19,4.725635051727295,4.725635051727295,4.725635051727295,4.725635051727295,0
2013-07-22,4.594594955444336,4.594594955444336,4.594594955444336,4.594594955444336,1221
2013-07-23,5.110565185546875,5.110565185546875,5.102375030517578,5.102375030517578,244
2013-07-24,5.085995197296143,5.094184875488281,5.069614887237549,5.094184875488281,1221
2013-07-25,5.036855220794678,5.036855220794678,5.036855220794678,5.036855220794678,488
2013-07-26,5.077805042266846,5.077805042266846,5.077805042266846,5.077805042266846,244
2013-07-29,5.012285232543945,5.012285232543945,5.012285232543945,5.012285232543945,122
2013-07-30,5.077805042266846,5.077805042266846,5.077805042266846,5.077805042266846,244
2013-07-31,5.077805042266846,5.077805042266846,5.077805042266846,5.077805042266846,0
2013-08-01,5.077805042266846,5.077805042266846,5.077805042266846,5.077805042266846,0
2013-08-02,5.118754863739014,5.118754863739014,5.118754863739014,5.118754863739014,5983
2013-08-05,6.0933661460876465,6.0933661460876465,6.0933661460876465,6.0933661460876465,122
2013-08-06,5.864046096801758,6.486485958099365,5.405405044555664,5.692056179046631,7937
2013-08-07,6.0933661460876465,6.1343159675598145,5.880425930023193,5.929565906524658,1587
2013-08-08,5.855855941772461,5.855855941772461,5.855855941772461,5.855855941772461,244
2013-08-09,5.823095798492432,5.823095798492432,5.823095798492432,5.823095798492432,366
2013-08-12,5.98689603805542,5.98689603805542,5.814906120300293,5.814906120300293,1343
2013-08-13,5.814906120300293,5.814906120300293,5.814906120300293,5.814906120300293,0
2013-08-14,5.814906120300293,5.814906120300293,5.814906120300293,5.814906120300293,0
2013-08-15,5.913186073303223,5.913186073303223,5.913186073303223,5.913186073303223,122
2013-08-16,5.814906120300293,6.126125812530518,5.814906120300293,5.88861608505249,2564
2013-08-19,5.88861608505249,5.88861608505249,5.88861608505249,5.88861608505249,0
2013-08-20,5.823095798492432,5.880425930023193,5.823095798492432,5.880425930023193,855
2013-08-21,5.880425930023193,5.880425930023193,5.880425930023193,5.880425930023193,0
2013-08-22,5.814906120300293,5.814906120300293,5.814906120300293,5.814906120300293,122
2013-08-23,5.814906120300293,5.814906120300293,5.814906120300293,5.814906120300293,488
2013-08-26,5.929565906524658,5.937756061553955,5.8312859535217285,5.937756061553955,1954
2013-08-27,5.88861608505249,5.88861608505249,5.88861608505249,5.88861608505249,488
2013-08-28,5.88861608505249,5.88861608505249,5.88861608505249,5.88861608505249,0
2013-08-29,6.486485958099365,6.486485958099365,5.937756061553955,6.355445861816406,1465
2013-08-30,6.486485958099365,6.486485958099365,6.4291558265686035,6.453725814819336,366
2013-09-03,6.306305885314941,6.306305885314941,5.970516204833984,5.970516204833984,611
2013-09-04,6.044226169586182,6.05241584777832,5.9623260498046875,5.970516204833984,977
2013-09-05,6.044226169586182,6.044226169586182,5.904995918273926,5.904995918273926,611
2013-09-06,5.904995918273926,5.904995918273926,5.904995918273926,5.904995918273926,0
2013-09-09,5.98689603805542,5.98689603805542,5.98689603805542,5.98689603805542,244
2013-09-10,6.142506122589111,6.142506122589111,6.101555824279785,6.101555824279785,3907
2013-09-11,6.101555824279785,6.101555824279785,6.101555824279785,6.101555824279785,0
2013-09-12,6.0933661460876465,6.0933661460876465,5.937756061553955,6.068796157836914,855
2013-09-13,6.068796157836914,6.068796157836914,6.068796157836914,6.068796157836914,0
2013-09-16,6.142506122589111,6.142506122589111,5.978705883026123,6.019656181335449,3419
2013-09-17,6.08517599105835,6.08517599105835,5.978705883026123,5.978705883026123,488
2013-09-18,6.08517599105835,6.08517599105835,5.978705883026123,5.978705883026123,1343
2013-09-19,5.978705883026123,5.978705883026123,5.978705883026123,5.978705883026123,488
2013-09-20,6.060606002807617,6.101555824279785,6.0032758712768555,6.101555824279785,733
2013-09-23,6.101555824279785,6.101555824279785,6.101555824279785,6.101555824279785,0
2013-09-24,6.08517599105835,6.08517599105835,6.08517599105835,6.08517599105835,122
2013-09-25,6.08517599105835,6.08517599105835,6.08517599105835,6.08517599105835,0
2013-09-26,6.05241584777832,6.08517599105835,5.995086193084717,5.995086193084717,2198
2013-09-27,6.05241584777832,6.060606002807617,5.995086193084717,5.995086193084717,1221
2013-09-30,5.995086193084717,6.076985836029053,5.995086193084717,6.076985836029053,3175
2013-10-01,6.08517599105835,6.08517599105835,6.08517599105835,6.08517599105835,366
2013-10-02,6.08517599105835,6.494676113128662,6.068796157836914,6.076985836029053,8425
2013-10-03,6.281735897064209,6.347256183624268,6.281735897064209,6.347256183624268,855
2013-10-04,6.068796157836914,6.068796157836914,6.068796157836914,6.068796157836914,244
2013-10-07,6.281735897064209,6.281735897064209,6.019656181335449,6.019656181335449,733
2013-10-08,6.019656181335449,6.019656181335449,6.019656181335449,6.019656181335449,0
2013-10-09,6.158885955810547,6.158885955810547,6.142506122589111,6.142506122589111,1099
2013-10-10,6.142506122589111,6.142506122589111,5.855855941772461,5.978705883026123,2686
2013-10-11,5.978705883026123,6.0933661460876465,5.937756061553955,5.937756061553955,855
2013-10-14,5.937756061553955,5.937756061553955,5.937756061553955,5.937756061553955,0
2013-10-15,6.101555824279785,6.101555824279785,5.8722357749938965,5.88861608505249,488
2013-10-16,6.265356063842773,6.265356063842773,6.265356063842773,6.265356063842773,244
2013-10-17,5.9623260498046875,5.9623260498046875,5.814906120300293,5.823095798492432,5372
2013-10-18,5.9623260498046875,5.9623260498046875,5.9623260498046875,5.9623260498046875,244
2013-10-21,5.9623260498046875,5.9623260498046875,5.9623260498046875,5.9623260498046875,0
2013-10-22,5.9623260498046875,5.9623260498046875,5.864046096801758,5.880425930023193,1343
2013-10-23,5.880425930023193,6.175265789031982,5.880425930023193,5.929565906524658,855
2013-10-24,5.839476108551025,5.9213762283325195,5.839476108551025,5.855855941772461,3053
2013-10-25,5.896805763244629,5.896805763244629,5.855855941772461,5.855855941772461,244
2013-10-28,5.978705883026123,5.978705883026123,5.823095798492432,5.823095798492432,977
2013-10-29,5.978705883026123,5.978705883026123,5.896805763244629,5.896805763244629,977
2013-10-30,5.839476108551025,5.880425930023193,5.823095798492432,5.8312859535217285,488
2013-10-31,5.855855941772461,5.855855941772461,5.855855941772461,5.855855941772461,122
2013-11-01,5.814906120300293,5.904995918273926,5.814906120300293,5.855855941772461,855
2013-11-04,5.814906120300293,5.98689603805542,5.814906120300293,5.88861608505249,2198
2013-11-05,5.864046096801758,5.864046096801758,5.864046096801758,5.864046096801758,122
2013-11-06,6.060606002807617,6.1343159675598145,5.929565906524658,5.929565906524658,2442
2013-11-07,5.929565906524658,5.929565906524658,5.929565906524658,5.929565906524658,0
2013-11-08,5.929565906524658,5.929565906524658,5.929565906524658,5.929565906524658,0
2013-11-11,5.929565906524658,5.929565906524658,5.929565906524658,5.929565906524658,0
2013-11-12,6.036036014556885,6.036036014556885,5.913186073303223,5.913186073303223,244
2013-11-13,6.05241584777832,6.05241584777832,5.9213762283325195,5.937756061553955,2808
2013-11-14,5.937756061553955,5.937756061553955,5.937756061553955,5.937756061553955,0
2013-11-15,5.7903361320495605,5.7903361320495605,5.7903361320495605,5.7903361320495605,122
2013-11-18,5.7903361320495605,5.7903361320495605,5.7903361320495605,5.7903361320495605,0
2013-11-19,5.798525810241699,5.864046096801758,5.798525810241699,5.855855941772461,5495
2013-11-20,5.855855941772461,5.855855941772461,5.855855941772461,5.855855941772461,0
2013-11-21,5.896805763244629,5.896805763244629,5.896805763244629,5.896805763244629,366
2013-11-22,5.98689603805542,5.98689603805542,5.98689603805542,5.98689603805542,1709
2013-11-25,5.98689603805542,5.98689603805542,5.98689603805542,5.98689603805542,0
2013-11-26,6.142506122589111,6.142506122589111,6.019656181335449,6.076985836029053,7204
2013-11-27,5.9623260498046875,5.9623260498046875,5.929565906524658,5.9623260498046875,855
2013-11-29,5.9623260498046875,5.9623260498046875,5.9623260498046875,5.9623260498046875,0
2013-12-02,5.9623260498046875,5.9623260498046875,5.9623260498046875,5.9623260498046875,488
2013-12-03,5.970516204833984,6.0032758712768555,5.896805763244629,6.0032758712768555,1832
2013-12-04,5.954135894775391,5.954135894775391,5.954135894775391,5.954135894775391,122
2013-12-05,5.954135894775391,5.954135894775391,5.954135894775391,5.954135894775391,0
2013-12-06,5.9213762283325195,5.9213762283325195,5.896805763244629,5.9213762283325195,5861
2013-12-09,5.913186073303223,5.913186073303223,5.913186073303223,5.913186073303223,366
2013-12-10,5.978705883026123,6.044226169586182,5.978705883026123,5.978705883026123,1099
2013-12-11,5.896805763244629,5.970516204833984,5.896805763244629,5.9623260498046875,3175
2013-12-12,5.9623260498046875,5.970516204833984,5.937756061553955,5.937756061553955,855
2013-12-13,5.937756061553955,5.937756061553955,5.937756061553955,5.937756061553955,0
2013-12-16,6.060606002807617,6.060606002807617,5.945946216583252,5.945946216583252,1465
2013-12-17,6.060606002807617,6.060606002807617,6.036036014556885,6.036036014556885,366
2013-12-18,6.036036014556885,6.036036014556885,5.88861608505249,5.896805763244629,8791
2013-12-19,5.937756061553955,5.978705883026123,5.929565906524658,5.937756061553955,1099
2013-12-20,5.88861608505249,6.208025932312012,5.88861608505249,6.036036014556885,4640
2013-12-23,6.019656181335449,6.019656181335449,5.937756061553955,5.937756061553955,977
2013-12-24,5.937756061553955,5.937756061553955,5.937756061553955,5.937756061553955,0
2013-12-26,5.937756061553955,5.937756061553955,5.937756061553955,5.937756061553955,0
2013-12-27,5.937756061553955,5.937756061553955,5.937756061553955,5.937756061553955,0
2013-12-30,5.995086193084717,5.995086193084717,5.995086193084717,5.995086193084717,244
2013-12-31,6.109745979309082,6.511056900024414,6.109745979309082,6.109745979309082,10012
2014-01-02,6.27354621887207,6.306305885314941,6.101555824279785,6.117936134338379,2564
2014-01-03,6.289926052093506,6.289926052093506,6.289926052093506,6.289926052093506,122
2014-01-06,6.265356063842773,6.314496040344238,6.109745979309082,6.109745979309082,4274
2014-01-07,6.15069580078125,6.3882060050964355,6.15069580078125,6.232595920562744,2198
2014-01-08,6.224405765533447,6.224405765533447,6.142506122589111,6.142506122589111,1954
2014-01-09,6.101555824279785,6.191646099090576,5.978705883026123,5.978705883026123,1954
2014-01-10,5.978705883026123,5.978705883026123,5.978705883026123,5.978705883026123,0
2014-01-13,5.978705883026123,5.978705883026123,5.978705883026123,5.978705883026123,0
2014-01-14,6.027845859527588,6.027845859527588,5.98689603805542,5.98689603805542,1099
2014-01-15,5.98689603805542,5.98689603805542,5.98689603805542,5.98689603805542,0
2014-01-16,6.068796157836914,6.224405765533447,6.019656181335449,6.036036014556885,5861
2014-01-17,6.036036014556885,6.036036014556885,6.027845859527588,6.027845859527588,1465
2014-01-21,6.027845859527588,6.027845859527588,6.027845859527588,6.027845859527588,0
2014-01-22,6.027845859527588,6.027845859527588,6.027845859527588,6.027845859527588,0
2014-01-23,6.027845859527588,6.027845859527588,6.027845859527588,6.027845859527588,0
2014-01-24,6.027845859527588,6.027845859527588,6.027845859527588,6.027845859527588,0
2014-01-27,6.224405765533447,6.224405765533447,6.224405765533447,6.224405765533447,366
2014-01-28,6.306305885314941,6.306305885314941,6.306305885314941,6.306305885314941,488
2014-01-29,6.306305885314941,6.306305885314941,6.306305885314941,6.306305885314941,0
2014-01-30,6.5356268882751465,6.5356268882751465,6.5356268882751465,6.5356268882751465,1587
2014-01-31,6.5356268882751465,6.5356268882751465,6.5356268882751465,6.5356268882751465,0
2014-02-03,6.543817043304443,6.543817043304443,6.257165908813477,6.257165908813477,1221
2014-02-04,6.543817043304443,6.543817043304443,6.543817043304443,6.543817043304443,244
2014-02-05,6.281735897064209,6.543817043304443,6.232595920562744,6.339066028594971,5250
2014-02-06,6.543817043304443,6.543817043304443,6.396396160125732,6.396396160125732,611
2014-02-07,6.396396160125732,6.396396160125732,6.396396160125732,6.396396160125732,0
2014-02-10,6.396396160125732,6.396396160125732,6.396396160125732,6.396396160125732,0
2014-02-11,6.47010612487793,6.543817043304443,6.347256183624268,6.347256183624268,1709
2014-02-12,6.371826171875,6.371826171875,6.347256183624268,6.347256183624268,244
2014-02-13,6.347256183624268,6.347256183624268,6.347256183624268,6.347256183624268,0
2014-02-14,6.257165908813477,6.27354621887207,6.257165908813477,6.27354621887207,488
2014-02-18,6.240786075592041,6.240786075592041,6.240786075592041,6.240786075592041,122
2014-02-19,6.240786075592041,6.240786075592041,6.240786075592041,6.240786075592041,0
2014-02-20,6.240786075592041,6.240786075592041,6.240786075592041,6.240786075592041,0
2014-02-21,6.347256183624268,6.347256183624268,6.306305885314941,6.306305885314941,611
2014-02-24,6.322686195373535,6.4291558265686035,6.306305885314941,6.306305885314941,1343
2014-02-25,6.306305885314941,6.306305885314941,6.306305885314941,6.306305885314941,122
2014-02-26,6.306305885314941,6.306305885314941,6.306305885314941,6.306305885314941,0
2014-02-27,6.306305885314941,6.306305885314941,6.306305885314941,6.306305885314941,0
2014-02-28,6.306305885314941,6.306305885314941,6.306305885314941,6.306305885314941,0
2014-03-03,6.306305885314941,6.306305885314941,6.306305885314941,6.306305885314941,0
2014-03-04,6.306305885314941,6.306305885314941,6.306305885314941,6.306305885314941,0
2014-03-05,6.306305885314941,6.306305885314941,6.306305885314941,6.306305885314941,0
2014-03-06,6.404585838317871,6.55200719833374,6.404585838317871,6.55200719833374,3297
2014-03-07,6.347256183624268,6.55200719833374,6.347256183624268,6.55200719833374,611
2014-03-10,6.55200719833374,6.55200719833374,6.55200719833374,6.55200719833374,0
2014-03-11,6.55200719833374,6.55200719833374,6.55200719833374,6.55200719833374,0
2014-03-12,6.55200719833374,6.55200719833374,6.55200719833374,6.55200719833374,0
2014-03-13,6.55200719833374,6.55200719833374,6.55200719833374,6.55200719833374,0
2014-03-14,6.55200719833374,6.55200719833374,6.55200719833374,6.55200719833374,0
2014-03-17,6.609336853027344,6.609336853027344,6.55200719833374,6.55200719833374,2320
2014-03-18,6.543817043304443,6.633906841278076,6.4291558265686035,6.592957019805908,1587
2014-03-19,6.592957019805908,6.592957019805908,6.592957019805908,6.592957019805908,0
2014-03-20,6.55200719833374,6.55200719833374,6.55200719833374,6.55200719833374,366
2014-03-21,6.55200719833374,6.55200719833374,6.55200719833374,6.55200719833374,611
2014-03-24,6.55200719833374,6.55200719833374,6.55200719833374,6.55200719833374,0
2014-03-25,6.55200719833374,6.55200719833374,6.55200719833374,6.55200719833374,244
2014-03-26,6.55200719833374,6.576577186584473,6.55200719833374,6.55200719833374,3541
2014-03-27,6.55200719833374,6.55200719833374,6.55200719833374,6.55200719833374,0
2014-03-28,6.55200719833374,6.683046817779541,6.3882060050964355,6.55200719833374,5495
2014-03-31,6.363636016845703,6.7485671043396,6.347256183624268,6.71580696105957,11477
2014-04-01,6.71580696105957,6.71580696105957,6.71580696105957,6.71580696105957,122
2014-04-02,6.71580696105957,6.71580696105957,6.71580696105957,6.71580696105957,0
2014-04-03,6.683046817779541,6.71580696105957,6.674857139587402,6.674857139587402,1343
2014-04-04,6.453725814819336,6.453725814819336,6.4291558265686035,6.4291558265686035,1221
2014-04-07,6.4291558265686035,6.4291558265686035,6.4291558265686035,6.4291558265686035,0
2014-04-08,6.699427127838135,6.699427127838135,6.699427127838135,6.699427127838135,122
2014-04-09,6.71580696105957,6.71580696105957,6.71580696105957,6.71580696105957,122
2014-04-10,6.71580696105957,6.71580696105957,6.71580696105957,6.71580696105957,122
2014-04-11,6.691236972808838,6.691236972808838,6.691236972808838,6.691236972808838,122
2014-04-14,6.4291558265686035,6.486485958099365,6.4291558265686035,6.486485958099365,1343
2014-04-15,6.4291558265686035,6.4291558265686035,6.4291558265686035,6.4291558265686035,244
2014-04-16,6.4291558265686035,6.4291558265686035,6.4291558265686035,6.4291558265686035,0
2014-04-17,6.55200719833374,6.71580696105957,6.55200719833374,6.71580696105957,2808
2014-04-21,6.71580696105957,6.71580696105957,6.568387031555176,6.71580696105957,1343
2014-04-22,6.756756782531738,6.756756782531738,6.592957019805908,6.658476829528809,855
2014-04-23,6.658476829528809,6.658476829528809,6.658476829528809,6.658476829528809,0
2014-04-24,6.756756782531738,6.756756782531738,6.756756782531738,6.756756782531738,244
2014-04-25,6.55200719833374,6.568387031555176,6.4291558265686035,6.55200719833374,16484
2014-04-28,6.248976230621338,6.248976230621338,6.248976230621338,6.248976230621338,366
2014-04-29,6.314496040344238,6.396396160125732,6.314496040344238,6.371826171875,2686
2014-04-30,6.371826171875,6.371826171875,6.371826171875,6.371826171875,0
2014-05-01,6.47010612487793,6.47010612487793,6.47010612487793,6.47010612487793,244
2014-05-02,6.47010612487793,6.47010612487793,6.47010612487793,6.47010612487793,0
2014-05-05,6.47010612487793,6.47010612487793,6.47010612487793,6.47010612487793,0
2014-05-06,6.47010612487793,6.47010612487793,6.47010612487793,6.47010612487793,0
2014-05-07,6.478295803070068,6.674857139587402,6.47010612487793,6.55200719833374,4274
2014-05-08,6.576577186584473,6.576577186584473,6.576577186584473,6.576577186584473,855
2014-05-09,6.511056900024414,6.511056900024414,6.511056900024414,6.511056900024414,1465
2014-05-12,6.511056900024414,6.511056900024414,6.511056900024414,6.511056900024414,0
2014-05-13,6.55200719833374,6.55200719833374,6.55200719833374,6.55200719833374,244
2014-05-14,6.47010612487793,6.511056900024414,6.47010612487793,6.511056900024414,733
2014-05-15,6.511056900024414,6.511056900024414,6.511056900024414,6.511056900024414,0
2014-05-16,6.511056900024414,6.511056900024414,6.511056900024414,6.511056900024414,0
2014-05-19,6.576577186584473,6.576577186584473,6.55200719833374,6.55200719833374,977
2014-05-20,6.412775993347168,6.412775993347168,6.298116207122803,6.298116207122803,1099
2014-05-21,6.298116207122803,6.298116207122803,6.298116207122803,6.298116207122803,0
2014-05-22,6.47010612487793,6.47010612487793,6.47010612487793,6.47010612487793,122
2014-05-23,6.47010612487793,6.47010612487793,6.47010612487793,6.47010612487793,0
2014-05-27,6.47010612487793,6.47010612487793,6.47010612487793,6.47010612487793,611
2014-05-28,6.47010612487793,6.47010612487793,6.47010612487793,6.47010612487793,1954
2014-05-29,6.47010612487793,6.47010612487793,6.47010612487793,6.47010612487793,0
2014-05-30,6.47010612487793,6.47010612487793,6.47010612487793,6.47010612487793,0
2014-06-02,6.47010612487793,6.47010612487793,6.47010612487793,6.47010612487793,0
2014-06-03,6.47010612487793,6.527437210083008,6.47010612487793,6.527437210083008,5739
2014-06-04,6.527437210083008,6.527437210083008,6.527437210083008,6.527437210083008,0
2014-06-05,6.527437210083008,6.527437210083008,6.527437210083008,6.527437210083008,0
2014-06-06,6.527437210083008,6.527437210083008,6.527437210083008,6.527437210083008,0
2014-06-09,6.527437210083008,6.527437210083008,6.527437210083008,6.527437210083008,0
2014-06-10,6.527437210083008,6.527437210083008,6.527437210083008,6.527437210083008,0
2014-06-11,6.47010612487793,6.486485958099365,6.47010612487793,6.486485958099365,1221
2014-06-12,6.486485958099365,6.486485958099365,6.486485958099365,6.486485958099365,0
2014-06-13,6.486485958099365,6.486485958099365,6.486485958099365,6.486485958099365,0
2014-06-16,6.486485958099365,6.486485958099365,6.486485958099365,6.486485958099365,0
2014-06-17,6.486485958099365,6.486485958099365,6.486485958099365,6.486485958099365,0
2014-06-18,6.486485958099365,6.486485958099365,6.486485958099365,6.486485958099365,0
2014-06-19,6.486485958099365,6.486485958099365,6.486485958099365,6.486485958099365,0
2014-06-20,6.486485958099365,6.486485958099365,6.486485958099365,6.486485958099365,0
2014-06-23,6.486485958099365,6.486485958099365,6.486485958099365,6.486485958099365,0
2014-06-24,6.486485958099365,6.486485958099365,6.486485958099365,6.486485958099365,0
2014-06-25,6.486485958099365,6.486485958099365,6.486485958099365,6.486485958099365,0
2014-06-26,6.486485958099365,6.486485958099365,6.486485958099365,6.486485958099365,0
2014-06-27,6.576577186584473,6.576577186584473,6.576577186584473,6.576577186584473,488
2014-06-30,6.576577186584473,6.576577186584473,6.576577186584473,6.576577186584473,0
2014-07-01,6.576577186584473,6.576577186584473,6.576577186584473,6.576577186584473,0
2014-07-02,6.576577186584473,6.576577186584473,6.576577186584473,6.576577186584473,0
2014-07-03,6.576577186584473,6.576577186584473,6.224405765533447,6.224405765533447,1221
2014-07-07,6.224405765533447,6.224405765533447,6.224405765533447,6.224405765533447,0
2014-07-08,6.248976230621338,6.248976230621338,6.183455944061279,6.191646099090576,4151
2014-07-09,6.183455944061279,6.257165908813477,6.183455944061279,6.257165908813477,611
2014-07-10,6.183455944061279,6.183455944061279,6.183455944061279,6.183455944061279,244
2014-07-11,6.199835777282715,6.199835777282715,6.183455944061279,6.183455944061279,611
2014-07-14,6.55200719833374,6.55200719833374,6.502867221832275,6.502867221832275,244
2014-07-15,6.199835777282715,6.55200719833374,6.183455944061279,6.183455944061279,9402
2014-07-16,6.183455944061279,6.183455944061279,6.183455944061279,6.183455944061279,0
2014-07-17,6.232595920562744,6.380015850067139,6.191646099090576,6.191646099090576,1099
2014-07-18,6.191646099090576,6.412775993347168,6.191646099090576,6.347256183624268,5739
2014-07-21,6.347256183624268,6.347256183624268,6.347256183624268,6.347256183624268,0
2014-07-22,6.347256183624268,6.347256183624268,6.347256183624268,6.347256183624268,0
2014-07-23,6.347256183624268,6.347256183624268,6.347256183624268,6.347256183624268,0
2014-07-24,6.347256183624268,6.347256183624268,6.347256183624268,6.347256183624268,0
2014-07-25,6.347256183624268,6.347256183624268,6.347256183624268,6.347256183624268,0
2014-07-28,6.347256183624268,6.347256183624268,6.347256183624268,6.347256183624268,0
2014-07-29,6.298116207122803,6.453725814819336,6.281735897064209,6.281735897064209,7204
2014-07-30,6.281735897064209,6.281735897064209,6.281735897064209,6.281735897064209,0
2014-07-31,6.281735897064209,6.281735897064209,6.281735897064209,6.281735897064209,0
2014-08-01,6.281735897064209,6.281735897064209,6.281735897064209,6.281735897064209,0
2014-08-04,6.281735897064209,6.281735897064209,6.281735897064209,6.281735897064209,0
2014-08-05,6.445536136627197,6.511056900024414,6.445536136627197,6.511056900024414,6227
2014-08-06,6.511056900024414,6.511056900024414,6.511056900024414,6.511056900024414,0
2014-08-07,6.511056900024414,6.511056900024414,6.511056900024414,6.511056900024414,0
2014-08-08,6.511056900024414,6.511056900024414,6.511056900024414,6.511056900024414,0
2014-08-11,6.511056900024414,6.511056900024414,6.511056900024414,6.511056900024414,0
2014-08-12,6.511056900024414,6.511056900024414,6.511056900024414,6.511056900024414,0
2014-08-13,6.248976230621338,6.330875873565674,6.232595920562744,6.330875873565674,1221
2014-08-14,6.330875873565674,6.330875873565674,6.330875873565674,6.330875873565674,0
2014-08-15,6.330875873565674,6.4373459815979,6.314496040344238,6.314496040344238,3175
2014-08-18,6.355445861816406,6.355445861816406,6.265356063842773,6.347256183624268,3053
2014-08-19,6.339066028594971,6.445536136627197,6.306305885314941,6.412775993347168,7692
2014-08-20,6.355445861816406,6.55200719833374,6.355445861816406,6.55200719833374,3175
2014-08-21,6.3882060050964355,6.55200719833374,6.3882060050964355,6.47010612487793,14530
2014-08-22,6.47010612487793,6.47010612487793,6.47010612487793,6.47010612487793,0
2014-08-25,6.363636016845703,6.380015850067139,6.347256183624268,6.380015850067139,5739
2014-08-26,6.380015850067139,6.380015850067139,6.380015850067139,6.380015850067139,0
2014-08-27,6.347256183624268,6.347256183624268,6.347256183624268,6.347256183624268,244
2014-08-28,6.3882060050964355,6.55200719833374,6.3882060050964355,6.543817043304443,1954
2014-08-29,6.543817043304443,6.838656902313232,6.543817043304443,6.560196876525879,51648
2014-09-02,6.592957019805908,6.830467224121094,6.592957019805908,6.756756782531738,8181
2014-09-03,6.71580696105957,6.71580696105957,6.71580696105957,6.71580696105957,1343
2014-09-04,6.879607200622559,7.043406963348389,6.879607200622559,7.043406963348389,1221
2014-09-05,7.371006965637207,7.502048015594482,7.305487155914307,7.502048015594482,3785
2014-09-08,6.6666669845581055,7.379197120666504,6.6666669845581055,7.158067226409912,2930
2014-09-09,6.9615068435668945,7.330057144165039,6.65028715133667,7.0515971183776855,2930
2014-09-10,7.027027130126953,7.452907085418701,6.846847057342529,7.452907085418701,8181
2014-09-11,7.313676834106445,7.534808158874512,6.838656902313232,6.904177188873291,6838
2014-09-12,7.084356784820557,7.289106845855713,7.043406963348389,7.280917167663574,1954
2014-09-15,7.059786796569824,7.207207202911377,7.059786796569824,7.149877071380615,2686
2014-09-16,6.674857139587402,7.231777191162109,6.674857139587402,7.190826892852783,5495
2014-09-17,7.190826892852783,7.190826892852783,7.190826892852783,7.190826892852783,0
2014-09-18,6.7977070808410645,7.125307083129883,6.7977070808410645,7.125307083129883,2686
2014-09-19,7.125307083129883,7.125307083129883,7.125307083129883,7.125307083129883,0
2014-09-22,7.125307083129883,7.125307083129883,7.125307083129883,7.125307083129883,0
2014-09-23,7.125307083129883,7.125307083129883,7.125307083129883,7.125307083129883,0
2014-09-24,7.125307083129883,7.125307083129883,7.125307083129883,7.125307083129883,0
2014-09-25,7.125307083129883,7.125307083129883,7.125307083129883,7.125307083129883,0
2014-09-26,6.9615068435668945,6.9615068435668945,6.9615068435668945,6.9615068435668945,611
2014-09-29,6.9615068435668945,6.9615068435668945,6.9615068435668945,6.9615068435668945,0
2014-09-30,6.9615068435668945,6.9615068435668945,6.9615068435668945,6.9615068435668945,0
2014-10-01,6.9615068435668945,6.9615068435668945,6.9615068435668945,6.9615068435668945,0
2014-10-02,6.9615068435668945,6.9615068435668945,6.9615068435668945,6.9615068435668945,0
2014-10-03,6.9615068435668945,6.9615068435668945,6.953317165374756,6.9615068435668945,4274
2014-10-06,6.9615068435668945,6.9615068435668945,6.9615068435668945,6.9615068435668945,0
2014-10-07,6.945127010345459,7.10073709487915,6.945127010345459,7.10073709487915,1221
2014-10-08,7.10073709487915,7.10073709487915,7.10073709487915,7.10073709487915,0
2014-10-09,7.10073709487915,7.10073709487915,7.10073709487915,7.10073709487915,0
2014-10-10,7.10073709487915,7.10073709487915,7.10073709487915,7.10073709487915,0
2014-10-13,7.10073709487915,7.10073709487915,7.10073709487915,7.10073709487915,0
2014-10-14,7.166256904602051,7.166256904602051,7.166256904602051,7.166256904602051,122
2014-10-15,7.166256904602051,7.166256904602051,7.166256904602051,7.166256904602051,244
2014-10-16,6.91236686706543,6.91236686706543,6.91236686706543,6.91236686706543,244
2014-10-17,6.91236686706543,6.91236686706543,6.91236686706543,6.91236686706543,0
2014-10-20,6.91236686706543,6.91236686706543,6.91236686706543,6.91236686706543,0
2014-10-21,6.895987033843994,6.895987033843994,6.895987033843994,6.895987033843994,244
2014-10-22,6.895987033843994,6.895987033843994,6.895987033843994,6.895987033843994,0
2014-10-23,6.895987033843994,6.895987033843994,6.895987033843994,6.895987033843994,488
2014-10-24,6.904177188873291,6.904177188873291,6.904177188873291,6.904177188873291,122
2014-10-27,6.895987033843994,6.895987033843994,6.895987033843994,6.895987033843994,244
2014-10-28,6.895987033843994,6.895987033843994,6.895987033843994,6.895987033843994,0
2014-10-29,6.895987033843994,6.895987033843994,6.895987033843994,6.895987033843994,0
2014-10-30,6.895987033843994,6.895987033843994,6.895987033843994,6.895987033843994,0
2014-10-31,7.084356784820557,7.084356784820557,7.084356784820557,7.084356784820557,244
2014-11-03,7.084356784820557,7.084356784820557,7.084356784820557,7.084356784820557,0
2014-11-04,7.117116928100586,7.125307083129883,7.117116928100586,7.125307083129883,733
2014-11-05,7.125307083129883,7.125307083129883,7.125307083129883,7.125307083129883,0
2014-11-06,6.953317165374756,6.953317165374756,6.953317165374756,6.953317165374756,244
2014-11-07,6.953317165374756,6.953317165374756,6.953317165374756,6.953317165374756,0
2014-11-10,6.977887153625488,6.977887153625488,6.977887153625488,6.977887153625488,366
2014-11-11,6.977887153625488,6.977887153625488,6.977887153625488,6.977887153625488,0
2014-11-12,6.977887153625488,6.977887153625488,6.977887153625488,6.977887153625488,0
2014-11-13,6.977887153625488,6.977887153625488,6.977887153625488,6.977887153625488,0
2014-11-14,6.977887153625488,6.977887153625488,6.977887153625488,6.977887153625488,0
2014-11-17,6.969696998596191,7.166256904602051,6.969696998596191,7.166256904602051,9280
2014-11-18,7.076167106628418,7.076167106628418,7.076167106628418,7.076167106628418,488
2014-11-19,7.076167106628418,7.076167106628418,7.076167106628418,7.076167106628418,0
2014-11-20,7.076167106628418,7.076167106628418,7.076167106628418,7.076167106628418,0
2014-11-21,6.773137092590332,6.9615068435668945,6.773137092590332,6.9615068435668945,2442
2014-11-24,6.9615068435668945,6.9615068435668945,6.9615068435668945,6.9615068435668945,0
2014-11-25,6.9615068435668945,6.9615068435668945,6.9615068435668945,6.9615068435668945,0
2014-11-26,6.879607200622559,6.879607200622559,6.879607200622559,6.879607200622559,2442
2014-11-28,6.879607200622559,6.879607200622559,6.879607200622559,6.879607200622559,0
2014-12-01,6.879607200622559,6.879607200622559,6.879607200622559,6.879607200622559,0
2014-12-02,6.879607200622559,6.879607200622559,6.879607200622559,6.879607200622559,0
2014-12-03,6.699427127838135,6.879607200622559,6.699427127838135,6.879607200622559,3785
2014-12-04,6.781326770782471,6.781326770782471,6.781326770782471,6.781326770782471,122
2014-12-05,6.781326770782471,6.781326770782471,6.781326770782471,6.781326770782471,0
2014-12-08,6.863226890563965,6.863226890563965,6.863226890563965,6.863226890563965,122
2014-12-09,6.805897235870361,6.8140869140625,6.658476829528809,6.781326770782471,3053
2014-12-10,6.920557022094727,6.920557022094727,6.920557022094727,6.920557022094727,122
2014-12-11,6.920557022094727,6.920557022094727,6.920557022094727,6.920557022094727,0
2014-12-12,6.895987033843994,6.895987033843994,6.895987033843994,6.895987033843994,244
2014-12-15,6.756756782531738,7.13349723815918,6.756756782531738,7.13349723815918,855
2014-12-16,6.756756782531738,6.756756782531738,6.756756782531738,6.756756782531738,244
2014-12-17,6.756756782531738,6.756756782531738,6.756756782531738,6.756756782531738,3053
2014-12-18,6.7977070808410645,6.863226890563965,6.7977070808410645,6.863226890563965,244
2014-12-19,6.781326770782471,6.879607200622559,6.773137092590332,6.879607200622559,2320
2014-12-22,6.879607200622559,6.879607200622559,6.879607200622559,6.879607200622559,0
2014-12-23,6.879607200622559,6.879607200622559,6.879607200622559,6.879607200622559,0
2014-12-24,6.879607200622559,6.879607200622559,6.879607200622559,6.879607200622559,0
2014-12-26,6.8140869140625,7.248157024383545,6.8140869140625,7.084356784820557,3175
2014-12-29,6.822277069091797,7.289106845855713,6.822277069091797,7.125307083129883,3419
2014-12-30,6.838656902313232,7.2235870361328125,6.781326770782471,7.0925469398498535,21123
2014-12-31,6.986076831817627,7.0925469398498535,6.7977070808410645,6.91236686706543,7082
2015-01-02,7.084356784820557,7.084356784820557,6.920557022094727,6.994266986846924,4762
2015-01-05,6.986076831817627,6.986076831817627,6.756756782531738,6.855037212371826,6227
2015-01-06,6.920557022094727,6.920557022094727,6.756756782531738,6.838656902313232,1465
2015-01-07,6.9615068435668945,6.9615068435668945,6.830467224121094,6.830467224121094,733
2015-01-08,6.830467224121094,6.830467224121094,6.830467224121094,6.830467224121094,0
2015-01-09,6.953317165374756,7.043406963348389,6.7977070808410645,6.838656902313232,4518
2015-01-12,6.846847057342529,6.945127010345459,6.7977070808410645,6.805897235870361,2442
2015-01-13,6.887796878814697,6.904177188873291,6.7977070808410645,6.838656902313232,3175
2015-01-14,6.945127010345459,6.969696998596191,6.904177188873291,6.920557022094727,977
2015-01-15,6.732186794281006,6.879607200622559,6.674857139587402,6.674857139587402,3541
2015-01-16,6.71580696105957,6.71580696105957,6.71580696105957,6.71580696105957,3663
2015-01-20,6.723997116088867,6.887796878814697,6.723997116088867,6.887796878814697,1587
2015-01-21,6.879607200622559,6.879607200622559,6.7977070808410645,6.879607200622559,8669
2015-01-22,6.879607200622559,6.879607200622559,6.879607200622559,6.879607200622559,0
2015-01-23,6.879607200622559,6.879607200622559,6.879607200622559,6.879607200622559,0
2015-01-26,6.7977070808410645,6.7977070808410645,6.7977070808410645,6.7977070808410645,122
2015-01-27,6.7977070808410645,6.7977070808410645,6.7977070808410645,6.7977070808410645,0
2015-01-28,6.7977070808410645,6.7977070808410645,6.7977070808410645,6.7977070808410645,0
2015-01-29,6.7977070808410645,6.7977070808410645,6.7977070808410645,6.7977070808410645,0
2015-01-30,6.7977070808410645,6.879607200622559,6.7977070808410645,6.879607200622559,1343
2015-02-02,6.7977070808410645,6.7977070808410645,6.7977070808410645,6.7977070808410645,611
2015-02-03,6.7977070808410645,6.7977070808410645,6.7977070808410645,6.7977070808410645,0
2015-02-04,6.7977070808410645,6.7977070808410645,6.7977070808410645,6.7977070808410645,733
2015-02-05,6.7977070808410645,6.7977070808410645,6.7977070808410645,6.7977070808410645,0
2015-02-06,6.838656902313232,6.838656902313232,6.838656902313232,6.838656902313232,1221
2015-02-09,6.879607200622559,6.879607200622559,6.871417045593262,6.879607200622559,1954
2015-02-10,6.879607200622559,6.879607200622559,6.879607200622559,6.879607200622559,0
2015-02-11,6.879607200622559,6.887796878814697,6.879607200622559,6.887796878814697,1221
2015-02-12,6.887796878814697,6.887796878814697,6.887796878814697,6.887796878814697,0
2015-02-13,6.920557022094727,6.920557022094727,6.920557022094727,6.920557022094727,244
2015-02-17,6.920557022094727,6.920557022094727,6.920557022094727,6.920557022094727,0
2015-02-18,6.879607200622559,6.879607200622559,6.879607200622559,6.879607200622559,1221
2015-02-19,6.879607200622559,6.879607200622559,6.879607200622559,6.879607200622559,0
2015-02-20,6.879607200622559,6.879607200622559,6.879607200622559,6.879607200622559,488
2015-02-23,6.879607200622559,6.879607200622559,6.879607200622559,6.879607200622559,0
2015-02-24,7.002457141876221,7.002457141876221,7.002457141876221,7.002457141876221,366
2015-02-25,7.002457141876221,7.002457141876221,7.002457141876221,7.002457141876221,0
2015-02-26,7.002457141876221,7.002457141876221,7.002457141876221,7.002457141876221,0
2015-02-27,7.002457141876221,7.002457141876221,7.002457141876221,7.002457141876221,0
2015-03-02,7.002457141876221,7.002457141876221,7.002457141876221,7.002457141876221,0
2015-03-03,7.002457141876221,7.002457141876221,7.002457141876221,7.002457141876221,0
2015-03-04,6.879607200622559,6.879607200622559,6.879607200622559,6.879607200622559,488
2015-03-05,6.879607200622559,6.879607200622559,6.879607200622559,6.879607200622559,0
2015-03-06,6.879607200622559,6.879607200622559,6.879607200622559,6.879607200622559,1465
2015-03-09,6.986076831817627,7.002457141876221,6.895987033843994,6.895987033843994,855
2015-03-10,6.895987033843994,6.895987033843994,6.895987033843994,6.895987033843994,0
2015-03-11,7.002457141876221,7.002457141876221,6.904177188873291,6.904177188873291,244
2015-03-12,6.895987033843994,7.002457141876221,6.895987033843994,6.945127010345459,5372
2015-03-13,6.945127010345459,6.945127010345459,6.945127010345459,6.945127010345459,0
2015-03-16,6.945127010345459,6.945127010345459,6.945127010345459,6.945127010345459,0
2015-03-17,6.945127010345459,6.945127010345459,6.945127010345459,6.945127010345459,0
2015-03-18,6.945127010345459,6.945127010345459,6.945127010345459,6.945127010345459,0
2015-03-19,7.125307083129883,7.125307083129883,7.117116928100586,7.117116928100586,488
2015-03-20,7.117116928100586,7.117116928100586,7.117116928100586,7.117116928100586,0
2015-03-23,6.936936855316162,6.945127010345459,6.879607200622559,6.879607200622559,2564
2015-03-24,6.969696998596191,6.969696998596191,6.879607200622559,6.879607200622559,3907
2015-03-25,6.879607200622559,6.879607200622559,6.879607200622559,6.879607200622559,0
2015-03-26,6.879607200622559,6.879607200622559,6.879607200622559,6.879607200622559,0
2015-03-27,7.043406963348389,7.043406963348389,6.879607200622559,6.879607200622559,3907
2015-03-30,6.895987033843994,6.895987033843994,6.895987033843994,6.895987033843994,1221
2015-03-31,6.895987033843994,6.895987033843994,6.895987033843994,6.895987033843994,0
2015-04-01,7.043406963348389,7.043406963348389,7.043406963348389,7.043406963348389,244
2015-04-02,7.043406963348389,7.043406963348389,7.043406963348389,7.043406963348389,0
2015-04-06,7.043406963348389,7.043406963348389,7.043406963348389,7.043406963348389,0
2015-04-07,6.904177188873291,6.904177188873291,6.904177188873291,6.904177188873291,977
2015-04-08,6.904177188873291,6.904177188873291,6.904177188873291,6.904177188873291,0
2015-04-09,6.904177188873291,6.904177188873291,6.904177188873291,6.904177188873291,0
2015-04-10,6.904177188873291,6.91236686706543,6.879607200622559,6.91236686706543,2930
2015-04-13,6.91236686706543,6.91236686706543,6.91236686706543,6.91236686706543,0
2015-04-14,6.920557022094727,6.986076831817627,6.920557022094727,6.9615068435668945,1709
2015-04-15,6.986076831817627,7.043406963348389,6.9615068435668945,7.043406963348389,977
2015-04-16,6.9615068435668945,6.9615068435668945,6.9615068435668945,6.9615068435668945,366
2015-04-17,6.945127010345459,7.13349723815918,6.945127010345459,7.027027130126953,2808
2015-04-20,6.969696998596191,7.166256904602051,6.969696998596191,7.166256904602051,2198
2015-04-21,7.166256904602051,7.166256904602051,7.166256904602051,7.166256904602051,0
2015-04-22,6.986076831817627,6.986076831817627,6.986076831817627,6.986076831817627,122
2015-04-23,7.158067226409912,7.158067226409912,7.158067226409912,7.158067226409912,122
2015-04-24,7.043406963348389,7.1826372146606445,7.002457141876221,7.1826372146606445,7204
2015-04-27,7.0925469398498535,7.10073709487915,7.084356784820557,7.084356784820557,4518
2015-04-28,7.084356784820557,7.084356784820557,7.084356784820557,7.084356784820557,0
2015-04-29,7.141686916351318,7.166256904602051,7.043406963348389,7.043406963348389,2076
2015-04-30,7.0515971183776855,7.0515971183776855,7.0515971183776855,7.0515971183776855,244
2015-05-01,7.239966869354248,7.239966869354248,7.239966869354248,7.239966869354248,244
2015-05-04,7.239966869354248,7.239966869354248,7.239966869354248,7.239966869354248,0
2015-05-05,7.239966869354248,7.239966869354248,7.239966869354248,7.239966869354248,0
2015-05-06,7.239966869354248,7.239966869354248,7.239966869354248,7.239966869354248,0
2015-05-07,7.084356784820557,7.084356784820557,7.084356784820557,7.084356784820557,2442
2015-05-08,7.174447059631348,7.239966869354248,7.084356784820557,7.166256904602051,15507
2015-05-11,7.174447059631348,7.174447059631348,7.174447059631348,7.174447059631348,122
2015-05-12,7.174447059631348,7.174447059631348,7.174447059631348,7.174447059631348,0
2015-05-13,7.174447059631348,7.215396881103516,7.174447059631348,7.215396881103516,244
2015-05-14,7.125307083129883,7.125307083129883,7.10073709487915,7.117116928100586,2442
2015-05-15,7.117116928100586,7.117116928100586,7.117116928100586,7.117116928100586,0
2015-05-18,7.117116928100586,7.117116928100586,7.117116928100586,7.117116928100586,0
2015-05-19,7.10073709487915,7.239966869354248,7.10073709487915,7.239966869354248,4029
2015-05-20,7.239966869354248,7.239966869354248,7.239966869354248,7.239966869354248,0
2015-05-21,7.239966869354248,7.239966869354248,7.239966869354248,7.239966869354248,0
2015-05-22,7.239966869354248,7.239966869354248,7.239966869354248,7.239966869354248,0
2015-05-26,7.239966869354248,7.239966869354248,7.239966869354248,7.239966869354248,0
2015-05-27,7.239966869354248,7.239966869354248,7.239966869354248,7.239966869354248,0
2015-05-28,7.239966869354248,7.239966869354248,7.239966869354248,7.239966869354248,0
2015-05-29,7.239966869354248,7.239966869354248,7.239966869354248,7.239966869354248,0
2015-06-01,7.239966869354248,7.239966869354248,7.239966869354248,7.239966869354248,12210
2015-06-02,7.239966869354248,7.371006965637207,7.239966869354248,7.371006965637207,5006
2015-06-03,7.371006965637207,7.371006965637207,7.256347179412842,7.371006965637207,6349
2015-06-04,7.371006965637207,7.371006965637207,7.371006965637207,7.371006965637207,0
2015-06-05,7.411956787109375,7.420146942138672,7.411956787109375,7.420146942138672,1221
2015-06-08,7.518427848815918,7.534808158874512,7.518427848815918,7.526618003845215,1221
2015-06-09,7.526618003845215,7.526618003845215,7.526618003845215,7.526618003845215,0
2015-06-10,7.534808158874512,7.739558219909668,7.534808158874512,7.739558219909668,1832
2015-06-11,7.387386798858643,7.387386798858643,7.371006965637207,7.371006965637207,977
2015-06-12,7.371006965637207,7.371006965637207,7.371006965637207,7.371006965637207,0
2015-06-15,8.018017768859863,9.131858825683594,8.018017768859863,8.861589431762695,7448
2015-06-16,7.993447780609131,8.968058586120605,7.993447780609131,8.804259300231934,2808
2015-06-17,7.57575798034668,8.394758224487305,7.57575798034668,8.386568069458008,9035
2015-06-18,8.681408882141113,8.681408882141113,8.190008163452148,8.34561824798584,5128
2015-06-19,8.190008163452148,8.869778633117676,7.903357982635498,7.903357982635498,13187
2015-06-22,7.903357982635498,7.903357982635498,7.903357982635498,7.903357982635498,0
2015-06-23,7.903357982635498,7.903357982635498,7.903357982635498,7.903357982635498,0
2015-06-24,8.075347900390625,8.075347900390625,7.780508041381836,7.780508041381836,3175
2015-06-25,7.780508041381836,7.780508041381836,7.780508041381836,7.780508041381836,0
2015-06-26,7.903357982635498,7.903357982635498,7.903357982635498,7.903357982635498,244
2015-06-29,7.903357982635498,7.903357982635498,7.903357982635498,7.903357982635498,0
2015-06-30,7.903357982635498,7.903357982635498,7.903357982635498,7.903357982635498,0
2015-07-01,8.190008163452148,8.190008163452148,8.190008163452148,8.190008163452148,977
2015-07-02,8.190008163452148,8.190008163452148,8.190008163452148,8.190008163452148,0
2015-07-06,8.190008163452148,8.190008163452148,8.190008163452148,8.190008163452148,0
2015-07-07,7.96068811416626,7.96068811416626,7.96068811416626,7.96068811416626,611
2015-07-08,7.870597839355469,7.870597839355469,7.870597839355469,7.870597839355469,122
2015-07-09,7.870597839355469,7.870597839355469,7.870597839355469,7.870597839355469,0
2015-07-10,7.870597839355469,7.870597839355469,7.870597839355469,7.870597839355469,0
2015-07-13,7.952497959136963,7.952497959136963,7.952497959136963,7.952497959136963,244
2015-07-14,7.952497959136963,7.952497959136963,7.952497959136963,7.952497959136963,0
2015-07-15,7.952497959136963,7.952497959136963,7.952497959136963,7.952497959136963,0
2015-07-16,7.952497959136963,7.952497959136963,7.952497959136963,7.952497959136963,0
2015-07-17,7.952497959136963,7.952497959136963,7.952497959136963,7.952497959136963,0
2015-07-20,8.02620792388916,8.02620792388916,8.02620792388916,8.02620792388916,244
2015-07-21,8.02620792388916,8.02620792388916,8.02620792388916,8.02620792388916,0
2015-07-22,8.02620792388916,8.02620792388916,8.02620792388916,8.02620792388916,0
2015-07-23,8.02620792388916,8.02620792388916,8.02620792388916,8.02620792388916,0
2015-07-24,8.02620792388916,8.02620792388916,8.02620792388916,8.02620792388916,0
2015-07-27,8.02620792388916,8.02620792388916,8.02620792388916,8.02620792388916,0
2015-07-28,8.214577674865723,8.214577674865723,8.214577674865723,8.214577674865723,122
2015-07-29,8.214577674865723,8.214577674865723,8.214577674865723,8.214577674865723,0
2015-07-30,8.214577674865723,8.214577674865723,8.214577674865723,8.214577674865723,0
2015-07-31,8.214577674865723,8.214577674865723,8.214577674865723,8.214577674865723,0
2015-08-03,8.214577674865723,8.214577674865723,8.214577674865723,8.214577674865723,0
2015-08-04,8.190008163452148,8.190008163452148,8.190008163452148,8.190008163452148,1099
2015-08-05,8.190008163452148,8.190008163452148,8.190008163452148,8.190008163452148,0
2015-08-06,8.190008163452148,8.190008163452148,8.190008163452148,8.190008163452148,122
2015-08-07,8.190008163452148,8.190008163452148,8.190008163452148,8.190008163452148,0
2015-08-10,8.190008163452148,8.190008163452148,8.190008163452148,8.190008163452148,0
2015-08-11,8.190008163452148,8.190008163452148,8.190008163452148,8.190008163452148,0
2015-08-12,8.190008163452148,8.190008163452148,8.190008163452148,8.190008163452148,0
2015-08-13,8.190008163452148,8.190008163452148,8.190008163452148,8.190008163452148,0
2015-08-14,8.165437698364258,8.190008163452148,8.165437698364258,8.190008163452148,2442
2015-08-17,8.190008163452148,8.190008163452148,8.190008163452148,8.190008163452148,0
2015-08-18,8.214577674865723,8.214577674865723,8.214577674865723,8.214577674865723,1954
2015-08-19,8.255528450012207,8.255528450012207,8.255528450012207,8.255528450012207,488
2015-08-20,8.255528450012207,8.255528450012207,8.255528450012207,8.255528450012207,0
2015-08-21,8.255528450012207,8.255528450012207,8.255528450012207,8.255528450012207,0
2015-08-24,7.985258102416992,7.993447780609131,7.985258102416992,7.993447780609131,1099
2015-08-25,7.993447780609131,7.993447780609131,7.993447780609131,7.993447780609131,0
2015-08-26,7.993447780609131,7.993447780609131,7.993447780609131,7.993447780609131,0
2015-08-27,8.190008163452148,8.280097961425781,8.190008163452148,8.271907806396484,1099
2015-08-28,7.993447780609131,8.001638412475586,7.993447780609131,7.993447780609131,2564
2015-08-31,7.993447780609131,7.993447780609131,7.993447780609131,7.993447780609131,0
2015-09-01,7.985258102416992,7.985258102416992,7.788698196411133,7.788698196411133,1343
2015-09-02,7.837838172912598,7.837838172912598,7.837838172912598,7.837838172912598,122
2015-09-03,7.837838172912598,7.837838172912598,7.837838172912598,7.837838172912598,0
2015-09-04,7.837838172912598,7.837838172912598,7.837838172912598,7.837838172912598,0
2015-09-08,8.525798797607422,8.525798797607422,8.394758224487305,8.394758224487305,733
2015-09-09,8.394758224487305,8.394758224487305,8.394758224487305,8.394758224487305,0
2015-09-10,8.394758224487305,8.394758224487305,8.394758224487305,8.394758224487305,0
2015-09-11,7.993447780609131,8.02620792388916,7.993447780609131,8.02620792388916,6716
2015-09-14,8.02620792388916,8.02620792388916,8.02620792388916,8.02620792388916,122
2015-09-15,8.018017768859863,8.018017768859863,8.018017768859863,8.018017768859863,122
2015-09-16,8.018017768859863,8.018017768859863,8.018017768859863,8.018017768859863,0
2015-09-17,8.001638412475586,8.001638412475586,8.001638412475586,8.001638412475586,122
2015-09-18,8.02620792388916,8.230957984924316,7.993447780609131,8.230957984924316,3175
2015-09-21,8.230957984924316,8.230957984924316,8.230957984924316,8.230957984924316,0
2015-09-22,8.230957984924316,8.230957984924316,8.230957984924316,8.230957984924316,0
2015-09-23,8.230957984924316,8.230957984924316,8.230957984924316,8.230957984924316,0
2015-09-24,8.230957984924316,8.230957984924316,8.230957984924316,8.230957984924316,0
2015-09-25,8.230957984924316,8.230957984924316,8.230957984924316,8.230957984924316,0
2015-09-28,8.02620792388916,8.02620792388916,8.02620792388916,8.02620792388916,244
2015-09-29,8.02620792388916,8.02620792388916,8.02620792388916,8.02620792388916,0
2015-09-30,8.02620792388916,8.02620792388916,8.02620792388916,8.02620792388916,0
2015-10-01,8.02620792388916,8.02620792388916,8.02620792388916,8.02620792388916,0
2015-10-02,8.02620792388916,8.02620792388916,8.02620792388916,8.02620792388916,0
2015-10-05,8.02620792388916,8.02620792388916,8.02620792388916,8.02620792388916,0
2015-10-06,8.02620792388916,8.02620792388916,8.02620792388916,8.02620792388916,0
2015-10-07,8.190008163452148,8.206388473510742,8.190008163452148,8.190008163452148,855
2015-10-08,8.190008163452148,8.190008163452148,8.190008163452148,8.190008163452148,0
2015-10-09,8.190008163452148,8.190008163452148,8.190008163452148,8.190008163452148,0
2015-10-12,8.190008163452148,8.190008163452148,8.190008163452148,8.190008163452148,0
2015-10-13,8.190008163452148,8.190008163452148,8.190008163452148,8.190008163452148,0
2015-10-14,7.985258102416992,7.985258102416992,7.985258102416992,7.985258102416992,122
2015-10-15,7.985258102416992,7.985258102416992,7.985258102416992,7.985258102416992,0
2015-10-16,7.985258102416992,7.985258102416992,7.985258102416992,7.985258102416992,0
2015-10-19,7.944307804107666,7.944307804107666,7.944307804107666,7.944307804107666,733
2015-10-20,7.936118125915527,7.936118125915527,7.829648017883301,7.829648017883301,7448
2015-10-21,8.165437698364258,8.165437698364258,8.165437698364258,8.165437698364258,244
2015-10-22,7.993447780609131,7.993447780609131,7.993447780609131,7.993447780609131,488
2015-10-23,7.993447780609131,7.993447780609131,7.993447780609131,7.993447780609131,0
2015-10-26,7.993447780609131,7.993447780609131,7.993447780609131,7.993447780609131,0
2015-10-27,7.993447780609131,7.993447780609131,7.993447780609131,7.993447780609131,0
2015-10-28,7.993447780609131,7.993447780609131,7.993447780609131,7.993447780609131,0
2015-10-29,7.993447780609131,7.993447780609131,7.993447780609131,7.993447780609131,0
2015-10-30,7.993447780609131,7.993447780609131,7.993447780609131,7.993447780609131,0
2015-11-02,8.230957984924316,8.230957984924316,8.230957984924316,8.230957984924316,855
2015-11-03,8.230957984924316,8.230957984924316,8.230957984924316,8.230957984924316,611
2015-11-04,8.230957984924316,8.230957984924316,8.230957984924316,8.230957984924316,0
2015-11-05,8.230957984924316,8.230957984924316,8.230957984924316,8.230957984924316,0
2015-11-06,8.230957984924316,8.230957984924316,8.230957984924316,8.230957984924316,0
2015-11-09,8.230957984924316,8.230957984924316,8.230957984924316,8.230957984924316,0
2015-11-10,8.230957984924316,8.230957984924316,8.230957984924316,8.230957984924316,0
2015-11-11,8.230957984924316,8.230957984924316,8.230957984924316,8.230957984924316,0
2015-11-12,8.230957984924316,8.230957984924316,8.230957984924316,8.230957984924316,0
2015-11-13,8.230957984924316,8.230957984924316,8.230957984924316,8.230957984924316,0
2015-11-16,8.230957984924316,8.230957984924316,8.230957984924316,8.230957984924316,0
2015-11-17,8.230957984924316,8.230957984924316,8.230957984924316,8.230957984924316,0
2015-11-18,8.190008163452148,8.190008163452148,8.190008163452148,8.190008163452148,122
2015-11-19,8.190008163452148,8.190008163452148,8.190008163452148,8.190008163452148,0
2015-11-20,8.190008163452148,8.190008163452148,8.190008163452148,8.190008163452148,0
2015-11-23,8.018017768859863,8.018017768859863,8.018017768859863,8.018017768859863,1099
2015-11-24,8.018017768859863,8.018017768859863,8.018017768859863,8.018017768859863,0
2015-11-25,8.018017768859863,8.018017768859863,8.018017768859863,8.018017768859863,0
2015-11-27,8.018017768859863,8.018017768859863,8.018017768859863,8.018017768859863,0
2015-11-30,8.018017768859863,8.018017768859863,8.018017768859863,8.018017768859863,0
2015-12-01,8.018017768859863,8.018017768859863,8.018017768859863,8.018017768859863,0
2015-12-02,8.018017768859863,8.018017768859863,8.018017768859863,8.018017768859863,0
2015-12-03,8.018017768859863,8.018017768859863,8.018017768859863,8.018017768859863,0
2015-12-04,8.018017768859863,8.018017768859863,8.018017768859863,8.018017768859863,0
2015-12-07,8.018017768859863,8.018017768859863,8.018017768859863,8.018017768859863,0
2015-12-08,8.018017768859863,8.018017768859863,8.018017768859863,8.018017768859863,0
2015-12-09,8.018017768859863,8.018017768859863,8.018017768859863,8.018017768859863,0
2015-12-10,8.018017768859863,8.018017768859863,8.018017768859863,8.018017768859863,0
2015-12-11,8.132678031921387,8.206388473510742,8.02620792388916,8.14905834197998,2930
2015-12-14,7.993447780609131,8.44389820098877,7.993447780609131,7.993447780609131,40537
2015-12-15,8.157247543334961,8.697789192199707,8.140868186950684,8.697789192199707,3175
2015-12-16,8.697789192199707,8.697789192199707,8.697789192199707,8.697789192199707,0
2015-12-17,8.042588233947754,8.042588233947754,8.042588233947754,8.042588233947754,122
2015-12-18,7.993447780609131,9.00900936126709,7.993447780609131,8.304668426513672,50794
2015-12-21,8.304668426513672,8.304668426513672,8.304668426513672,8.304668426513672,122
2015-12-22,8.190008163452148,8.288288116455078,8.190008163452148,8.288288116455078,733
2015-12-23,8.288288116455078,8.288288116455078,8.288288116455078,8.288288116455078,0
2015-12-24,8.288288116455078,8.288288116455078,8.288288116455078,8.288288116455078,0
2015-12-28,8.697789192199707,8.697789192199707,8.067157745361328,8.067157745361328,244
2015-12-29,8.599509239196777,8.599509239196777,8.361997604370117,8.361997604370117,855
2015-12-30,8.394758224487305,8.394758224487305,8.198198318481445,8.198198318481445,244
2015-12-31,8.198198318481445,8.198198318481445,8.198198318481445,8.198198318481445,0
2016-01-04,8.198198318481445,8.198198318481445,8.198198318481445,8.198198318481445,0
2016-01-05,8.44389820098877,8.44389820098877,8.435708045959473,8.435708045959473,244
2016-01-06,8.435708045959473,8.435708045959473,8.435708045959473,8.435708045959473,122
2016-01-07,8.435708045959473,8.435708045959473,8.435708045959473,8.435708045959473,0
2016-01-08,8.067157745361328,8.067157745361328,8.067157745361328,8.067157745361328,122
2016-01-11,8.067157745361328,8.067157745361328,8.067157745361328,8.067157745361328,0
2016-01-12,8.067157745361328,8.067157745361328,8.067157745361328,8.067157745361328,0
2016-01-13,8.067157745361328,8.067157745361328,8.067157745361328,8.067157745361328,0
2016-01-14,8.067157745361328,8.067157745361328,8.067157745361328,8.067157745361328,0
2016-01-15,8.067157745361328,8.067157745361328,8.067157745361328,8.067157745361328,0
2016-01-19,8.067157745361328,8.12448787689209,7.993447780609131,8.009827613830566,3907
2016-01-20,7.821457862854004,7.821457862854004,7.821457862854004,7.821457862854004,122
2016-01-21,7.854218006134033,7.854218006134033,7.821457862854004,7.821457862854004,2686
2016-01-22,7.821457862854004,7.821457862854004,7.821457862854004,7.821457862854004,0
2016-01-25,7.821457862854004,7.821457862854004,7.821457862854004,7.821457862854004,0
2016-01-26,7.821457862854004,8.12448787689209,7.821457862854004,8.12448787689209,611
2016-01-27,8.12448787689209,8.12448787689209,8.12448787689209,8.12448787689209,0
2016-01-28,8.12448787689209,8.12448787689209,8.12448787689209,8.12448787689209,0
2016-01-29,8.02620792388916,8.02620792388916,8.02620792388916,8.02620792388916,244
2016-02-01,8.02620792388916,8.02620792388916,8.02620792388916,8.02620792388916,122
2016-02-02,7.985258102416992,7.985258102416992,7.985258102416992,7.985258102416992,1343
2016-02-03,7.985258102416992,7.985258102416992,7.985258102416992,7.985258102416992,0
2016-02-04,7.985258102416992,7.985258102416992,7.985258102416992,7.985258102416992,0
2016-02-05,7.985258102416992,7.985258102416992,7.985258102416992,7.985258102416992,0
2016-02-08,7.985258102416992,7.985258102416992,7.985258102416992,7.985258102416992,0
2016-02-09,7.911548137664795,7.911548137664795,7.911548137664795,7.911548137664795,122
2016-02-10,8.140868186950684,8.140868186950684,7.911548137664795,7.911548137664795,244
2016-02-11,7.911548137664795,7.911548137664795,7.911548137664795,7.911548137664795,0
2016-02-12,7.911548137664795,7.911548137664795,7.911548137664795,7.911548137664795,0
2016-02-16,8.099918365478516,8.099918365478516,8.099918365478516,8.099918365478516,366
2016-02-17,8.116297721862793,8.190008163452148,8.116297721862793,8.190008163452148,977
2016-02-18,8.190008163452148,8.190008163452148,8.190008163452148,8.190008163452148,0
2016-02-19,8.288288116455078,8.288288116455078,8.288288116455078,8.288288116455078,488
2016-02-22,8.288288116455078,8.288288116455078,8.288288116455078,8.288288116455078,0
2016-02-23,8.288288116455078,8.288288116455078,8.288288116455078,8.288288116455078,0
2016-02-24,8.034398078918457,8.034398078918457,8.034398078918457,8.034398078918457,1221
2016-02-25,8.034398078918457,8.034398078918457,8.034398078918457,8.034398078918457,0
2016-02-26,7.870597839355469,7.870597839355469,7.870597839355469,7.870597839355469,611
2016-02-29,7.821457862854004,7.829648017883301,7.821457862854004,7.829648017883301,855
2016-03-01,7.829648017883301,7.829648017883301,7.829648017883301,7.829648017883301,0
2016-03-02,7.829648017883301,7.829648017883301,7.829648017883301,7.829648017883301,0
2016-03-03,7.788698196411133,7.788698196411133,7.788698196411133,7.788698196411133,366
2016-03-04,7.788698196411133,7.788698196411133,7.788698196411133,7.788698196411133,0
2016-03-07,7.788698196411133,7.788698196411133,7.788698196411133,7.788698196411133,0
2016-03-08,7.86240816116333,7.86240816116333,7.86240816116333,7.86240816116333,1465
2016-03-09,7.86240816116333,7.86240816116333,7.86240816116333,7.86240816116333,0
2016-03-10,7.86240816116333,7.86240816116333,7.86240816116333,7.86240816116333,0
2016-03-11,7.944307804107666,7.944307804107666,7.944307804107666,7.944307804107666,6105
2016-03-14,8.435708045959473,8.435708045959473,8.402948379516602,8.435708045959473,855
2016-03-15,8.435708045959473,8.435708045959473,8.435708045959473,8.435708045959473,0
2016-03-16,8.435708045959473,8.435708045959473,8.435708045959473,8.435708045959473,0
2016-03-17,8.435708045959473,8.435708045959473,8.435708045959473,8.435708045959473,0
2016-03-18,8.435708045959473,8.435708045959473,8.435708045959473,8.435708045959473,0
2016-03-21,7.944307804107666,8.214577674865723,7.86240816116333,7.944307804107666,1954
2016-03-22,7.944307804107666,7.944307804107666,7.944307804107666,7.944307804107666,0
2016-03-23,7.944307804107666,8.32104778289795,7.944307804107666,8.32104778289795,1832
2016-03-24,7.977067947387695,7.977067947387695,7.968877792358398,7.968877792358398,244
2016-03-28,7.968877792358398,7.968877792358398,7.968877792358398,7.968877792358398,0
2016-03-29,8.280097961425781,8.280097961425781,8.091728210449219,8.091728210449219,366
2016-03-30,8.091728210449219,8.091728210449219,8.091728210449219,8.091728210449219,0
2016-03-31,8.091728210449219,8.091728210449219,8.091728210449219,8.091728210449219,0
2016-04-01,8.091728210449219,8.091728210449219,8.091728210449219,8.091728210449219,0
2016-04-04,8.091728210449219,8.091728210449219,8.091728210449219,8.091728210449219,0
2016-04-05,8.091728210449219,8.091728210449219,8.091728210449219,8.091728210449219,0
2016-04-06,8.091728210449219,8.091728210449219,8.091728210449219,8.091728210449219,0
2016-04-07,8.091728210449219,8.091728210449219,8.091728210449219,8.091728210449219,0
2016-04-08,8.091728210449219,8.091728210449219,8.091728210449219,8.091728210449219,0
2016-04-11,8.091728210449219,8.091728210449219,8.091728210449219,8.091728210449219,0
2016-04-12,8.091728210449219,8.091728210449219,8.091728210449219,8.091728210449219,0
2016-04-13,8.02620792388916,8.02620792388916,8.02620792388916,8.02620792388916,1343
2016-04-14,8.02620792388916,8.02620792388916,8.02620792388916,8.02620792388916,0
2016-04-15,8.018017768859863,8.018017768859863,8.018017768859863,8.018017768859863,122
2016-04-18,8.018017768859863,8.018017768859863,8.018017768859863,8.018017768859863,0
2016-04-19,8.02620792388916,8.14905834197998,7.9279279708862305,8.02620792388916,3663
2016-04-20,7.977067947387695,7.977067947387695,7.977067947387695,7.977067947387695,122
2016-04-21,7.903357982635498,7.9279279708862305,7.903357982635498,7.903357982635498,1832
2016-04-22,7.903357982635498,7.903357982635498,7.903357982635498,7.903357982635498,0
2016-04-25,7.903357982635498,7.903357982635498,7.903357982635498,7.903357982635498,0
2016-04-26,8.173627853393555,8.386568069458008,7.9279279708862305,7.9279279708862305,5006
2016-04-27,8.255528450012207,8.386568069458008,8.255528450012207,8.386568069458008,244
2016-04-28,8.329237937927246,8.329237937927246,8.329237937927246,8.329237937927246,366
2016-04-29,8.329237937927246,8.329237937927246,8.329237937927246,8.329237937927246,0
2016-05-02,8.329237937927246,8.329237937927246,8.329237937927246,8.329237937927246,0
2016-05-03,8.386568069458008,8.386568069458008,8.386568069458008,8.386568069458008,488
2016-05-04,8.386568069458008,8.386568069458008,8.386568069458008,8.386568069458008,0
2016-05-05,8.378377914428711,8.378377914428711,8.378377914428711,8.378377914428711,244
2016-05-06,8.378377914428711,8.378377914428711,8.378377914428711,8.378377914428711,0
2016-05-09,8.378377914428711,8.378377914428711,8.378377914428711,8.378377914428711,0
2016-05-10,8.378377914428711,8.378377914428711,8.378377914428711,8.378377914428711,0
2016-05-11,8.378377914428711,8.378377914428711,8.378377914428711,8.378377914428711,0
2016-05-12,8.378377914428711,8.378377914428711,8.378377914428711,8.378377914428711,0
2016-05-13,8.378377914428711,8.378377914428711,8.378377914428711,8.378377914428711,0
2016-05-16,8.378377914428711,8.378377914428711,8.378377914428711,8.378377914428711,0
2016-05-17,8.361997604370117,8.361997604370117,8.361997604370117,8.361997604370117,366
2016-05-18,8.312857627868652,8.329237937927246,8.312857627868652,8.329237937927246,1954
2016-05-19,8.329237937927246,8.329237937927246,8.329237937927246,8.329237937927246,0
2016-05-20,8.329237937927246,8.329237937927246,8.329237937927246,8.329237937927246,0
2016-05-23,8.329237937927246,8.329237937927246,8.329237937927246,8.329237937927246,0
2016-05-24,8.378377914428711,8.386568069458008,8.337428092956543,8.337428092956543,1465
2016-05-25,8.386568069458008,8.386568069458008,8.386568069458008,8.386568069458008,244
2016-05-26,8.271907806396484,8.312857627868652,8.271907806396484,8.312857627868652,733
2016-05-27,8.312857627868652,8.312857627868652,8.312857627868652,8.312857627868652,0
2016-05-31,8.271907806396484,8.312857627868652,8.271907806396484,8.312857627868652,366
2016-06-01,8.312857627868652,8.312857627868652,8.312857627868652,8.312857627868652,0
2016-06-02,8.312857627868652,8.312857627868652,8.312857627868652,8.312857627868652,0
2016-06-03,8.312857627868652,8.312857627868652,8.312857627868652,8.312857627868652,0
2016-06-06,7.9279279708862305,8.190008163452148,7.911548137664795,7.911548137664795,1954
2016-06-07,8.14905834197998,8.288288116455078,8.02620792388916,8.190008163452148,5006
2016-06-08,8.14905834197998,8.190008163452148,7.993447780609131,7.993447780609131,4151
2016-06-09,8.108107566833496,8.190008163452148,8.108107566833496,8.190008163452148,366
2016-06-10,8.190008163452148,8.190008163452148,8.190008163452148,8.190008163452148,0
2016-06-13,8.190008163452148,8.206388473510742,8.190008163452148,8.206388473510742,1587
2016-06-14,8.190008163452148,8.190008163452148,8.190008163452148,8.190008163452148,122
2016-06-15,8.206388473510742,8.206388473510742,8.206388473510742,8.206388473510742,3663
2016-06-16,8.206388473510742,8.206388473510742,8.206388473510742,8.206388473510742,0
2016-06-17,8.206388473510742,8.206388473510742,8.206388473510742,8.206388473510742,0
2016-06-20,8.206388473510742,8.206388473510742,8.206388473510742,8.206388473510742,0
2016-06-21,8.190008163452148,8.190008163452148,8.190008163452148,8.190008163452148,5495
2016-06-22,8.190008163452148,8.190008163452148,8.190008163452148,8.190008163452148,0
2016-06-23,8.230957984924316,8.271907806396484,8.190008163452148,8.190008163452148,977
2016-06-24,8.190008163452148,8.190008163452148,7.9279279708862305,7.9279279708862305,1099
2016-06-27,8.271907806396484,8.271907806396484,8.271907806396484,8.271907806396484,1221
2016-06-28,8.271907806396484,8.271907806396484,8.271907806396484,8.271907806396484,733
2016-06-29,8.271907806396484,8.271907806396484,8.271907806396484,8.271907806396484,0
2016-06-30,8.108107566833496,8.108107566833496,8.108107566833496,8.108107566833496,611
2016-07-01,8.108107566833496,8.108107566833496,8.108107566833496,8.108107566833496,0
2016-07-05,8.108107566833496,8.108107566833496,8.108107566833496,8.108107566833496,0
2016-07-06,8.108107566833496,8.108107566833496,8.108107566833496,8.108107566833496,0
2016-07-07,8.108107566833496,8.108107566833496,8.108107566833496,8.108107566833496,0
2016-07-08,8.108107566833496,8.108107566833496,8.108107566833496,8.108107566833496,0
2016-07-11,8.108107566833496,8.108107566833496,8.108107566833496,8.108107566833496,0
2016-07-12,7.936118125915527,7.936118125915527,7.936118125915527,7.936118125915527,122
2016-07-13,7.936118125915527,7.936118125915527,7.936118125915527,7.936118125915527,0
2016-07-14,7.936118125915527,7.936118125915527,7.936118125915527,7.936118125915527,0
2016-07-15,7.952497959136963,7.952497959136963,7.903357982635498,7.903357982635498,1954
2016-07-18,7.9279279708862305,7.9279279708862305,7.9279279708862305,7.9279279708862305,611
2016-07-19,7.985258102416992,8.058967590332031,7.985258102416992,8.02620792388916,9402
2016-07-20,8.02620792388916,8.083538055419922,8.02620792388916,8.083538055419922,977
2016-07-21,8.083538055419922,8.083538055419922,8.083538055419922,8.083538055419922,0
2016-07-22,8.02620792388916,8.02620792388916,7.903357982635498,7.903357982635498,1343
2016-07-25,7.903357982635498,7.903357982635498,7.903357982635498,7.903357982635498,366
2016-07-26,7.903357982635498,8.108107566833496,7.903357982635498,7.993447780609131,3297
2016-07-27,7.993447780609131,7.993447780609131,7.993447780609131,7.993447780609131,0
2016-07-28,7.993447780609131,7.993447780609131,7.993447780609131,7.993447780609131,0
2016-07-29,7.993447780609131,7.993447780609131,7.993447780609131,7.993447780609131,0
2016-08-01,7.993447780609131,7.993447780609131,7.993447780609131,7.993447780609131,0
2016-08-02,7.993447780609131,7.993447780609131,7.993447780609131,7.993447780609131,0
2016-08-03,7.993447780609131,7.993447780609131,7.993447780609131,7.993447780609131,0
2016-08-04,7.993447780609131,7.993447780609131,7.993447780609131,7.993447780609131,0
2016-08-05,7.993447780609131,7.993447780609131,7.993447780609131,7.993447780609131,0
2016-08-08,8.271907806396484,8.271907806396484,7.993447780609131,8.018017768859863,855
2016-08-09,8.001638412475586,8.001638412475586,8.001638412475586,8.001638412475586,122
2016-08-10,7.993447780609131,7.993447780609131,7.985258102416992,7.985258102416992,977
2016-08-11,7.985258102416992,7.985258102416992,7.985258102416992,7.985258102416992,0
2016-08-12,8.042588233947754,8.042588233947754,8.042588233947754,8.042588233947754,611
2016-08-15,8.009827613830566,8.009827613830566,7.993447780609131,7.993447780609131,1221
2016-08-16,7.993447780609131,8.108107566833496,7.993447780609131,8.108107566833496,1832
2016-08-17,8.05077838897705,8.116297721862793,8.05077838897705,8.116297721862793,244
2016-08-18,8.116297721862793,8.116297721862793,8.116297721862793,8.116297721862793,244
2016-08-19,8.157247543334961,8.157247543334961,8.157247543334961,8.157247543334961,244
2016-08-22,8.157247543334961,8.157247543334961,8.157247543334961,8.157247543334961,0
2016-08-23,8.157247543334961,8.157247543334961,8.108107566833496,8.108107566833496,4029
2016-08-24,8.108107566833496,8.108107566833496,8.108107566833496,8.108107566833496,0
2016-08-25,8.108107566833496,8.108107566833496,8.108107566833496,8.108107566833496,0
2016-08-26,8.116297721862793,8.190008163452148,8.116297721862793,8.190008163452148,366
2016-08-29,8.190008163452148,8.230957984924316,8.190008163452148,8.230957984924316,4884
2016-08-30,8.230957984924316,8.271907806396484,8.190008163452148,8.271907806396484,3663
2016-08-31,8.271907806396484,8.271907806396484,8.271907806396484,8.271907806396484,0
2016-09-01,8.312857627868652,8.353808403015137,8.312857627868652,8.353808403015137,1465
2016-09-02,8.312857627868652,8.394758224487305,8.312857627868652,8.394758224487305,1465
2016-09-06,8.59131908416748,8.59131908416748,8.59131908416748,8.59131908416748,122
2016-09-07,8.55855941772461,8.599509239196777,8.517608642578125,8.517608642578125,6105
2016-09-08,8.484848022460938,8.484848022460938,8.435708045959473,8.484848022460938,1465
2016-09-09,8.435708045959473,8.435708045959473,8.198198318481445,8.198198318481445,488
2016-09-12,8.198198318481445,8.198198318481445,8.198198318481445,8.198198318481445,0
2016-09-13,8.214577674865723,8.214577674865723,8.214577674865723,8.214577674865723,122
2016-09-14,8.378377914428711,8.378377914428711,8.378377914428711,8.378377914428711,122
2016-09-15,8.386568069458008,8.681408882141113,8.386568069458008,8.681408882141113,1709
2016-09-16,8.24733829498291,8.615888595581055,8.24733829498291,8.615888595581055,611
2016-09-19,8.47665786743164,8.47665786743164,8.198198318481445,8.378377914428711,2808
2016-09-20,8.673218727111816,8.673218727111816,8.673218727111816,8.673218727111816,244
2016-09-21,8.673218727111816,8.673218727111816,8.673218727111816,8.673218727111816,0
2016-09-22,8.673218727111816,8.673218727111816,8.673218727111816,8.673218727111816,0
2016-09-23,8.370187759399414,8.493038177490234,8.370187759399414,8.493038177490234,244
2016-09-26,8.493038177490234,8.493038177490234,8.493038177490234,8.493038177490234,0
2016-09-27,8.493038177490234,8.493038177490234,8.493038177490234,8.493038177490234,0
2016-09-28,8.493038177490234,8.493038177490234,8.493038177490234,8.493038177490234,0
2016-09-29,8.493038177490234,8.493038177490234,8.493038177490234,8.493038177490234,0
2016-09-30,8.263717651367188,8.263717651367188,8.263717651367188,8.263717651367188,366
2016-10-03,8.263717651367188,8.263717651367188,8.263717651367188,8.263717651367188,0
2016-10-04,8.329237937927246,8.329237937927246,8.329237937927246,8.329237937927246,244
2016-10-05,8.394758224487305,8.394758224487305,8.394758224487305,8.394758224487305,7448
2016-10-06,8.394758224487305,8.394758224487305,8.394758224487305,8.394758224487305,0
2016-10-07,8.394758224487305,8.394758224487305,8.394758224487305,8.394758224487305,0
2016-10-10,8.55855941772461,8.55855941772461,8.55855941772461,8.55855941772461,733
2016-10-11,8.55855941772461,8.55855941772461,8.55855941772461,8.55855941772461,244
2016-10-12,8.55855941772461,8.55855941772461,8.55855941772461,8.55855941772461,0
2016-10-13,8.55855941772461,8.55855941772461,8.55855941772461,8.55855941772461,0
2016-10-14,8.533988952636719,8.656839370727539,8.533988952636719,8.656839370727539,1465
2016-10-17,8.673218727111816,8.673218727111816,8.47665786743164,8.493038177490234,977
2016-10-18,8.493038177490234,8.493038177490234,8.493038177490234,8.493038177490234,733
2016-10-19,8.493038177490234,8.493038177490234,8.493038177490234,8.493038177490234,0
2016-10-20,8.509419441223145,8.509419441223145,8.509419441223145,8.509419441223145,366
2016-10-21,8.509419441223145,8.509419441223145,8.509419441223145,8.509419441223145,0
2016-10-24,8.509419441223145,8.509419441223145,8.509419441223145,8.509419441223145,0
2016-10-25,8.509419441223145,8.509419441223145,8.509419441223145,8.509419441223145,0
2016-10-26,8.47665786743164,8.673218727111816,8.47665786743164,8.673218727111816,2198
2016-10-27,8.550369262695312,8.550369262695312,8.550369262695312,8.550369262695312,488
2016-10-28,8.550369262695312,8.550369262695312,8.550369262695312,8.550369262695312,0
2016-10-31,8.673218727111816,8.673218727111816,8.542179107666016,8.542179107666016,855
2016-11-01,8.542179107666016,8.542179107666016,8.542179107666016,8.542179107666016,0
2016-11-02,8.435708045959473,8.435708045959473,8.435708045959473,8.435708045959473,244
2016-11-03,8.435708045959473,8.435708045959473,8.435708045959473,8.435708045959473,0
2016-11-04,8.66502857208252,8.66502857208252,8.66502857208252,8.66502857208252,366
2016-11-07,8.66502857208252,8.66502857208252,8.66502857208252,8.66502857208252,0
2016-11-08,8.66502857208252,8.66502857208252,8.66502857208252,8.66502857208252,0
2016-11-09,8.66502857208252,8.66502857208252,8.66502857208252,8.66502857208252,0
2016-11-10,8.66502857208252,8.66502857208252,8.66502857208252,8.66502857208252,0
2016-11-11,8.493038177490234,8.493038177490234,8.47665786743164,8.47665786743164,855
2016-11-14,8.484848022460938,8.484848022460938,8.484848022460938,8.484848022460938,611
2016-11-15,8.484848022460938,8.484848022460938,8.484848022460938,8.484848022460938,0
2016-11-16,8.484848022460938,8.484848022460938,8.484848022460938,8.484848022460938,0
2016-11-17,8.59131908416748,8.59131908416748,8.47665786743164,8.493038177490234,3541
2016-11-18,8.493038177490234,8.493038177490234,8.493038177490234,8.493038177490234,0
2016-11-21,8.493038177490234,8.493038177490234,8.493038177490234,8.493038177490234,0
2016-11-22,8.632268905639648,8.632268905639648,8.632268905639648,8.632268905639648,1221
2016-11-23,8.501229286193848,8.681408882141113,8.501229286193848,8.681408882141113,6349
2016-11-25,8.681408882141113,8.681408882141113,8.681408882141113,8.681408882141113,0
2016-11-28,8.681408882141113,8.681408882141113,8.681408882141113,8.681408882141113,366
2016-11-29,8.681408882141113,8.681408882141113,8.681408882141113,8.681408882141113,0
2016-11-30,8.722358703613281,8.722358703613281,8.722358703613281,8.722358703613281,366
2016-12-01,8.722358703613281,8.722358703613281,8.722358703613281,8.722358703613281,0
2016-12-02,8.722358703613281,8.722358703613281,8.722358703613281,8.722358703613281,0
2016-12-05,8.697789192199707,8.697789192199707,8.697789192199707,8.697789192199707,1343
2016-12-06,8.697789192199707,8.697789192199707,8.697789192199707,8.697789192199707,0
2016-12-07,8.697789192199707,8.697789192199707,8.697789192199707,8.697789192199707,0
2016-12-08,8.722358703613281,8.722358703613281,8.68959903717041,8.68959903717041,1221
2016-12-09,8.68959903717041,8.68959903717041,8.68959903717041,8.68959903717041,733
2016-12-12,8.714168548583984,8.943489074707031,8.714168548583984,8.943489074707031,10989
2016-12-13,8.927108764648438,8.927108764648438,8.927108764648438,8.927108764648438,366
2016-12-14,8.992629051208496,8.992629051208496,8.845209121704102,8.845209121704102,1954
2016-12-15,8.804259300231934,8.804259300231934,8.804259300231934,8.804259300231934,366
2016-12-16,8.804259300231934,8.804259300231934,8.804259300231934,8.804259300231934,0
2016-12-19,8.902539253234863,9.049959182739258,8.902539253234863,9.049959182739258,488
2016-12-20,9.049959182739258,9.049959182739258,9.049959182739258,9.049959182739258,0
2016-12-21,9.049959182739258,9.049959182739258,9.049959182739258,9.049959182739258,0
2016-12-22,9.787059783935547,9.787059783935547,9.565930366516113,9.787059783935547,5617
2016-12-23,9.787059783935547,9.787059783935547,9.787059783935547,9.787059783935547,0
2016-12-27,9.918100357055664,9.918100357055664,9.918100357055664,9.918100357055664,122
2016-12-28,9.426698684692383,9.811630249023438,9.426698684692383,9.811630249023438,366
2016-12-29,9.45945930480957,9.524979591369629,9.418508529663086,9.418508529663086,1221
2016-12-30,9.828009605407715,9.852580070495605,9.828009605407715,9.828009605407715,1709
2017-01-03,9.828009605407715,9.828009605407715,9.828009605407715,9.828009605407715,0
2017-01-04,9.828009605407715,9.828009605407715,9.828009605407715,9.828009605407715,0
2017-01-05,9.836199760437012,9.836199760437012,9.836199760437012,9.836199760437012,1221
2017-01-06,9.87714958190918,9.87714958190918,9.87714958190918,9.87714958190918,1099
2017-01-09,9.500410079956055,10.032759666442871,9.500410079956055,10.032759666442871,488
2017-01-10,9.909910202026367,9.909910202026367,9.909910202026367,9.909910202026367,122
2017-01-11,10.040949821472168,10.065520286560059,10.040949821472168,10.065520286560059,3785
2017-01-12,10.114660263061523,10.155610084533691,9.828009605407715,9.991809844970703,5128
2017-01-13,10.155610084533691,10.155610084533691,10.155610084533691,10.155610084533691,366
2017-01-17,10.204750061035156,10.237509727478027,10.180179595947266,10.237509727478027,2808
2017-01-18,10.040949821472168,10.237509727478027,10.040949821472168,10.237509727478027,1221
2017-01-19,9.934479713439941,10.286649703979492,9.934479713439941,10.286649703979492,2076
2017-01-20,10.843570709228516,10.843570709228516,10.76167106628418,10.843570709228516,855
2017-01-23,10.843570709228516,10.843570709228516,10.843570709228516,10.843570709228516,0
2017-01-24,10.843570709228516,10.843570709228516,10.843570709228516,10.843570709228516,0
2017-01-25,10.843570709228516,10.843570709228516,10.843570709228516,10.843570709228516,0
2017-01-26,10.843570709228516,10.843570709228516,10.843570709228516,10.843570709228516,0
2017-01-27,10.843570709228516,10.843570709228516,10.843570709228516,10.843570709228516,0
2017-01-30,10.728911399841309,10.728911399841309,10.515971183776855,10.515971183776855,733
2017-01-31,10.515971183776855,10.515971183776855,10.515971183776855,10.515971183776855,0
2017-02-01,10.515971183776855,10.515971183776855,10.515971183776855,10.515971183776855,0
2017-02-02,10.655200958251953,10.655200958251953,10.56511116027832,10.56511116027832,3053
2017-02-03,10.56511116027832,10.56511116027832,10.56511116027832,10.56511116027832,0
2017-02-06,10.671581268310547,10.671581268310547,10.671581268310547,10.671581268310547,122
2017-02-07,10.679771423339844,10.679771423339844,10.647010803222656,10.66339111328125,4029
2017-02-08,10.679771423339844,10.679771423339844,10.647010803222656,10.647010803222656,733
2017-02-09,10.647010803222656,10.647010803222656,10.647010803222656,10.647010803222656,0
2017-02-10,10.647010803222656,10.647010803222656,10.647010803222656,10.647010803222656,0
2017-02-13,10.647010803222656,10.647010803222656,10.647010803222656,10.647010803222656,0
2017-02-14,10.647010803222656,10.647010803222656,10.647010803222656,10.647010803222656,0
2017-02-15,10.647010803222656,10.647010803222656,10.647010803222656,10.647010803222656,733
2017-02-16,10.671581268310547,10.671581268310547,10.647010803222656,10.647010803222656,1343
2017-02-17,10.647010803222656,10.647010803222656,10.647010803222656,10.647010803222656,0
2017-02-21,10.687960624694824,10.728911399841309,10.687960624694824,10.728911399841309,3297
2017-02-22,10.728911399841309,10.769861221313477,10.687960624694824,10.753480911254883,8303
2017-02-23,10.786240577697754,10.786240577697754,10.786240577697754,10.786240577697754,2442
2017-02-24,10.786240577697754,10.786240577697754,10.786240577697754,10.786240577697754,0
2017-02-27,11.056510925292969,11.056510925292969,11.056510925292969,11.056510925292969,244
2017-02-28,10.237509727478027,10.647010803222656,10.237509727478027,10.597870826721191,8913
2017-03-01,10.753480911254883,10.753480911254883,10.753480911254883,10.753480911254883,366
2017-03-02,10.753480911254883,10.753480911254883,10.753480911254883,10.753480911254883,0
2017-03-03,12.088452339172363,12.244062423706055,11.384111404418945,11.384111404418945,2564
2017-03-06,11.179361343383789,11.220311164855957,10.745290756225586,11.203930854797363,7204
2017-03-07,11.203930854797363,11.203930854797363,11.203930854797363,11.203930854797363,0
2017-03-08,11.203930854797363,11.203930854797363,11.203930854797363,11.203930854797363,0
2017-03-09,11.203930854797363,11.203930854797363,11.203930854797363,11.203930854797363,0
2017-03-10,11.203930854797363,11.203930854797363,11.203930854797363,11.203930854797363,0
2017-03-13,11.203930854797363,11.203930854797363,11.203930854797363,11.203930854797363,0
2017-03-14,10.851760864257812,10.851760864257812,10.851760864257812,10.851760864257812,122
2017-03-15,10.851760864257812,10.851760864257812,10.851760864257812,10.851760864257812,0
2017-03-16,10.253890037536621,10.31941032409668,10.253890037536621,10.31941032409668,733
2017-03-17,10.573301315307617,10.573301315307617,10.573301315307617,10.573301315307617,733
2017-03-20,10.573301315307617,10.573301315307617,10.573301315307617,10.573301315307617,0
2017-03-21,10.622441291809082,10.687960624694824,10.466830253601074,10.466830253601074,6227
2017-03-22,10.614251136779785,10.679771423339844,10.614251136779785,10.679771423339844,4274
2017-03-23,10.647010803222656,10.647010803222656,10.589680671691895,10.647010803222656,1709
2017-03-24,10.556921005249023,10.647010803222656,10.556921005249023,10.647010803222656,2686
2017-03-27,10.647010803222656,10.647010803222656,10.647010803222656,10.647010803222656,0
2017-03-28,10.647010803222656,10.647010803222656,10.647010803222656,10.647010803222656,0
2017-03-29,10.647010803222656,10.647010803222656,10.647010803222656,10.647010803222656,0
2017-03-30,10.31941032409668,10.54054069519043,10.31941032409668,10.54054069519043,855
2017-03-31,10.647010803222656,10.647010803222656,10.647010803222656,10.647010803222656,1709
2017-04-03,10.376740455627441,10.376740455627441,10.376740455627441,10.376740455627441,488
2017-04-04,10.376740455627441,10.376740455627441,10.376740455627441,10.376740455627441,0
2017-04-05,10.278459548950195,10.278459548950195,10.278459548950195,10.278459548950195,2564
2017-04-06,10.278459548950195,10.278459548950195,10.278459548950195,10.278459548950195,0
2017-04-07,10.278459548950195,10.278459548950195,10.278459548950195,10.278459548950195,0
2017-04-10,10.278459548950195,10.278459548950195,10.278459548950195,10.278459548950195,0
2017-04-11,10.286649703979492,10.368550300598145,10.286649703979492,10.368550300598145,366
2017-04-12,10.368550300598145,10.368550300598145,10.368550300598145,10.368550300598145,0
2017-04-13,10.294839859008789,10.31941032409668,10.278459548950195,10.278459548950195,4884
2017-04-17,10.278459548950195,10.442259788513184,10.278459548950195,10.442259788513184,1221
2017-04-18,10.442259788513184,10.442259788513184,10.442259788513184,10.442259788513184,0
2017-04-19,10.31941032409668,10.41769027709961,10.31941032409668,10.41769027709961,366
2017-04-20,10.286649703979492,10.286649703979492,10.286649703979492,10.286649703979492,1587
2017-04-21,10.286649703979492,10.286649703979492,10.286649703979492,10.286649703979492,0
2017-04-24,10.286649703979492,10.286649703979492,10.286649703979492,10.286649703979492,0
2017-04-25,10.286649703979492,10.286649703979492,10.286649703979492,10.286649703979492,0
2017-04-26,10.286649703979492,10.286649703979492,10.286649703979492,10.286649703979492,0
2017-04-27,10.286649703979492,10.286649703979492,10.286649703979492,10.286649703979492,244
2017-04-28,10.286649703979492,10.286649703979492,10.286649703979492,10.286649703979492,0
2017-05-01,10.442259788513184,10.442259788513184,10.442259788513184,10.442259788513184,733
2017-05-02,10.442259788513184,10.442259788513184,10.442259788513184,10.442259788513184,0
2017-05-03,10.278459548950195,10.647010803222656,10.278459548950195,10.647010803222656,5006
2017-05-04,10.647010803222656,10.647010803222656,10.647010803222656,10.647010803222656,977
2017-05-05,10.647010803222656,10.647010803222656,10.647010803222656,10.647010803222656,0
2017-05-08,10.622441291809082,10.622441291809082,10.622441291809082,10.622441291809082,122
2017-05-09,10.622441291809082,10.622441291809082,10.622441291809082,10.622441291809082,0
2017-05-10,10.647010803222656,10.647010803222656,10.647010803222656,10.647010803222656,977
2017-05-11,10.647010803222656,10.647010803222656,10.647010803222656,10.647010803222656,0
2017-05-12,10.647010803222656,10.647010803222656,10.647010803222656,10.647010803222656,0
2017-05-15,10.647010803222656,10.647010803222656,10.647010803222656,10.647010803222656,0
2017-05-16,10.647010803222656,10.647010803222656,10.647010803222656,10.647010803222656,0
2017-05-17,10.466830253601074,10.466830253601074,10.466830253601074,10.466830253601074,244
2017-05-18,10.360360145568848,10.360360145568848,10.360360145568848,10.360360145568848,244
2017-05-19,10.360360145568848,10.360360145568848,10.360360145568848,10.360360145568848,0
2017-05-22,10.466830253601074,10.466830253601074,10.466830253601074,10.466830253601074,122
2017-05-23,10.311220169067383,10.311220169067383,10.032759666442871,10.270270347595215,6227
2017-05-24,10.032759666442871,10.032759666442871,10.032759666442871,10.032759666442871,244
2017-05-25,10.032759666442871,10.032759666442871,10.032759666442871,10.032759666442871,0
2017-05-26,10.606060981750488,10.606060981750488,10.515971183776855,10.515971183776855,244
2017-05-30,10.515971183776855,10.515971183776855,10.515971183776855,10.515971183776855,0
2017-05-31,10.515971183776855,10.515971183776855,10.515971183776855,10.515971183776855,0
2017-06-01,10.515971183776855,10.515971183776855,10.515971183776855,10.515971183776855,0
2017-06-02,10.515971183776855,10.515971183776855,10.515971183776855,10.515971183776855,0
2017-06-05,10.515971183776855,10.515971183776855,10.515971183776855,10.515971183776855,0
2017-06-06,10.515971183776855,10.515971183776855,10.515971183776855,10.515971183776855,0
2017-06-07,10.401309967041016,10.401309967041016,10.401309967041016,10.401309967041016,8913
2017-06-08,10.401309967041016,10.401309967041016,10.401309967041016,10.401309967041016,0
2017-06-09,10.401309967041016,10.401309967041016,10.401309967041016,10.401309967041016,0
2017-06-12,10.647010803222656,10.647010803222656,10.032759666442871,10.032759666442871,2076
2017-06-13,10.032759666442871,10.032759666442871,10.032759666442871,10.032759666442871,0
2017-06-14,10.032759666442871,10.032759666442871,10.032759666442871,10.032759666442871,0
2017-06-15,10.032759666442871,10.032759666442871,10.032759666442871,10.032759666442871,977
2017-06-16,10.032759666442871,10.032759666442871,10.032759666442871,10.032759666442871,0
2017-06-19,10.032759666442871,10.032759666442871,10.032759666442871,10.032759666442871,0
2017-06-20,10.933661460876465,11.425061225891113,10.647010803222656,10.884520530700684,13431
2017-06-21,10.647010803222656,10.647010803222656,10.647010803222656,10.647010803222656,3297
2017-06-22,10.647010803222656,10.647010803222656,10.647010803222656,10.647010803222656,611
2017-06-23,10.851760864257812,10.851760864257812,10.851760864257812,10.851760864257812,366
2017-06-26,10.851760864257812,10.851760864257812,10.851760864257812,10.851760864257812,0
2017-06-27,10.851760864257812,10.851760864257812,10.851760864257812,10.851760864257812,0
2017-06-28,11.056510925292969,11.302210807800293,11.056510925292969,11.138410568237305,39927
2017-06-29,10.802620887756348,10.868141174316406,10.802620887756348,10.868141174316406,488
2017-06-30,10.720721244812012,10.745290756225586,10.720721244812012,10.745290756225586,244
2017-07-03,10.745290756225586,10.745290756225586,10.745290756225586,10.745290756225586,0
2017-07-05,10.745290756225586,10.745290756225586,10.745290756225586,10.745290756225586,0
2017-07-06,10.745290756225586,10.745290756225586,10.745290756225586,10.745290756225586,0
2017-07-07,10.745290756225586,10.745290756225586,10.745290756225586,10.745290756225586,0
2017-07-10,10.745290756225586,10.745290756225586,10.745290756225586,10.745290756225586,0
2017-07-11,10.745290756225586,10.745290756225586,10.745290756225586,10.745290756225586,0
2017-07-12,10.745290756225586,10.745290756225586,10.745290756225586,10.745290756225586,0
2017-07-13,10.851760864257812,11.056510925292969,10.851760864257812,11.056510925292969,855
2017-07-14,11.056510925292969,11.056510925292969,11.056510925292969,11.056510925292969,2442
2017-07-17,11.056510925292969,11.056510925292969,11.056510925292969,11.056510925292969,1099
2017-07-18,11.056510925292969,11.056510925292969,11.056510925292969,11.056510925292969,1221
2017-07-19,10.286649703979492,10.851760864257812,10.278459548950195,10.851760864257812,1954
2017-07-20,10.851760864257812,10.851760864257812,10.851760864257812,10.851760864257812,366
2017-07-21,10.851760864257812,10.851760864257812,10.851760864257812,10.851760864257812,0
2017-07-24,10.974611282348633,10.974611282348633,10.810811042785645,10.89271068572998,611
2017-07-25,11.0155611038208,11.261260986328125,11.0155611038208,11.08927059173584,5006
2017-07-26,11.08927059173584,11.08927059173584,11.08927059173584,11.08927059173584,0
2017-07-27,11.08927059173584,11.08927059173584,11.08927059173584,11.08927059173584,0
2017-07-28,11.08927059173584,11.08927059173584,11.08927059173584,11.08927059173584,0
2017-07-31,10.647010803222656,10.647010803222656,10.647010803222656,10.647010803222656,244
2017-08-01,11.08927059173584,11.08927059173584,11.056510925292969,11.056510925292969,3297
2017-08-02,10.360360145568848,10.810811042785645,10.35216999053955,10.810811042785645,5617
2017-08-03,10.524161338806152,10.556921005249023,10.384929656982422,10.556921005249023,2564
2017-08-04,10.573301315307617,10.573301315307617,10.466830253601074,10.475020408630371,1221
2017-08-07,10.622441291809082,10.622441291809082,10.409500122070312,10.548730850219727,4518
2017-08-08,10.63882064819336,10.63882064819336,10.483209609985352,10.483209609985352,244
2017-08-09,10.606060981750488,10.769861221313477,10.483209609985352,10.769861221313477,2808
2017-08-10,10.778051376342773,10.900900840759277,10.466830253601074,10.614251136779785,10623
2017-08-11,10.606060981750488,10.835380554199219,10.335789680480957,10.79443073272705,6105
2017-08-14,10.647010803222656,10.753480911254883,10.581491470336914,10.63882064819336,3419
2017-08-15,10.63882064819336,10.63882064819336,10.63882064819336,10.63882064819336,0
2017-08-16,10.63882064819336,10.63882064819336,10.63882064819336,10.63882064819336,0
2017-08-17,10.63882064819336,10.63882064819336,10.63882064819336,10.63882064819336,0
2017-08-18,10.19655990600586,10.19655990600586,10.19655990600586,10.19655990600586,977
2017-08-21,10.19655990600586,10.19655990600586,10.19655990600586,10.19655990600586,0
2017-08-22,10.163800239562988,10.19655990600586,10.163800239562988,10.19655990600586,1343
2017-08-23,10.35216999053955,10.35216999053955,10.35216999053955,10.35216999053955,611
2017-08-24,10.35216999053955,10.35216999053955,10.35216999053955,10.35216999053955,0
2017-08-25,10.270270347595215,10.270270347595215,10.270270347595215,10.270270347595215,733
2017-08-28,10.19655990600586,10.19655990600586,10.19655990600586,10.19655990600586,244
2017-08-29,10.19655990600586,10.19655990600586,10.19655990600586,10.19655990600586,0
2017-08-30,10.31941032409668,10.31941032409668,10.31941032409668,10.31941032409668,488
2017-08-31,10.212940216064453,10.56511116027832,10.19655990600586,10.19655990600586,1954
2017-09-01,10.19655990600586,10.19655990600586,10.19655990600586,10.19655990600586,244
2017-09-05,10.19655990600586,10.19655990600586,10.19655990600586,10.19655990600586,0
2017-09-06,10.237509727478027,10.237509727478027,10.237509727478027,10.237509727478027,122
2017-09-07,10.524161338806152,10.524161338806152,9.959050178527832,9.97542953491211,1709
2017-09-08,10.0,10.155610084533691,9.950860023498535,10.155610084533691,1343
2017-09-11,9.967240333557129,9.967240333557129,9.967240333557129,9.967240333557129,366
2017-09-12,9.967240333557129,9.967240333557129,9.967240333557129,9.967240333557129,0
2017-09-13,9.967240333557129,9.967240333557129,9.967240333557129,9.967240333557129,0
2017-09-14,9.967240333557129,9.967240333557129,9.967240333557129,9.967240333557129,0
2017-09-15,9.991809844970703,9.991809844970703,9.950860023498535,9.950860023498535,488
2017-09-18,9.950860023498535,10.368550300598145,9.950860023498535,10.237509727478027,7570
2017-09-19,10.237509727478027,10.237509727478027,10.237509727478027,10.237509727478027,0
2017-09-20,10.237509727478027,10.237509727478027,10.237509727478027,10.237509727478027,0
2017-09-21,10.237509727478027,10.237509727478027,10.237509727478027,10.237509727478027,0
2017-09-22,9.97542953491211,9.97542953491211,9.97542953491211,9.97542953491211,488
2017-09-25,9.97542953491211,9.97542953491211,9.97542953491211,9.97542953491211,0
2017-09-26,9.97542953491211,10.073710441589355,9.8689603805542,10.073710441589355,19780
2017-09-27,10.032759666442871,10.032759666442871,10.032759666442871,10.032759666442871,1832
2017-09-28,10.032759666442871,10.032759666442871,10.032759666442871,10.032759666442871,0
2017-09-29,10.032759666442871,10.032759666442871,10.032759666442871,10.032759666442871,0
2017-10-02,10.114660263061523,10.114660263061523,10.114660263061523,10.114660263061523,488
2017-10-03,9.983619689941406,9.983619689941406,9.918100357055664,9.918100357055664,3907
2017-10-04,9.918100357055664,9.918100357055664,9.918100357055664,9.918100357055664,0
2017-10-05,9.918100357055664,9.918100357055664,9.918100357055664,9.918100357055664,0
2017-10-06,9.918100357055664,9.918100357055664,9.918100357055664,9.918100357055664,0
2017-10-09,9.918100357055664,9.918100357055664,9.918100357055664,9.918100357055664,0
2017-10-10,10.040949821472168,10.040949821472168,9.918100357055664,9.926289558410645,3175
2017-10-11,9.926289558410645,9.926289558410645,9.926289558410645,9.926289558410645,0
2017-10-12,10.19655990600586,10.19655990600586,9.934479713439941,9.934479713439941,1221
2017-10-13,10.090089797973633,10.090089797973633,10.090089797973633,10.090089797973633,244
2017-10-16,10.090089797973633,10.090089797973633,10.090089797973633,10.090089797973633,0
2017-10-17,10.090089797973633,10.090089797973633,10.090089797973633,10.090089797973633,0
2017-10-18,10.090089797973633,10.090089797973633,10.090089797973633,10.090089797973633,0
2017-10-19,10.434069633483887,10.434069633483887,10.434069633483887,10.434069633483887,122
2017-10-20,10.434069633483887,10.434069633483887,10.434069633483887,10.434069633483887,0
2017-10-23,10.434069633483887,10.434069633483887,10.434069633483887,10.434069633483887,0
2017-10-24,10.434069633483887,10.434069633483887,10.434069633483887,10.434069633483887,0
2017-10-25,10.434069633483887,10.434069633483887,10.434069633483887,10.434069633483887,0
2017-10-26,9.950860023498535,9.950860023498535,9.950860023498535,9.950860023498535,488
2017-10-27,9.950860023498535,9.950860023498535,9.950860023498535,9.950860023498535,0
2017-10-30,9.950860023498535,9.950860023498535,9.950860023498535,9.950860023498535,0
2017-10-31,9.950860023498535,9.950860023498535,9.950860023498535,9.950860023498535,0
2017-11-01,9.950860023498535,10.090089797973633,9.950860023498535,10.090089797973633,244
2017-11-02,9.959050178527832,9.959050178527832,9.959050178527832,9.959050178527832,3297
2017-11-03,10.0,10.008190155029297,9.983619689941406,9.991809844970703,3663
2017-11-06,9.991809844970703,9.991809844970703,9.991809844970703,9.991809844970703,244
2017-11-07,9.991809844970703,9.991809844970703,9.991809844970703,9.991809844970703,0
2017-11-08,10.032759666442871,10.032759666442871,9.991809844970703,9.991809844970703,611
2017-11-09,9.8689603805542,9.8689603805542,9.8689603805542,9.8689603805542,733
2017-11-10,9.8689603805542,9.8689603805542,9.8689603805542,9.8689603805542,0
2017-11-13,9.8689603805542,9.8689603805542,9.8689603805542,9.8689603805542,0
2017-11-14,9.8689603805542,9.8689603805542,9.8689603805542,9.8689603805542,0
2017-11-15,9.8689603805542,9.8689603805542,9.836199760437012,9.836199760437012,2930
2017-11-16,9.909910202026367,9.909910202026367,9.909910202026367,9.909910202026367,11722
2017-11-17,9.909910202026367,9.909910202026367,9.909910202026367,9.909910202026367,0
2017-11-20,9.909910202026367,9.909910202026367,9.909910202026367,9.909910202026367,0
2017-11-21,9.8689603805542,9.8689603805542,9.8689603805542,9.8689603805542,122
2017-11-22,9.8689603805542,9.8689603805542,9.8689603805542,9.8689603805542,0
2017-11-24,9.8689603805542,9.8689603805542,9.8689603805542,9.8689603805542,0
2017-11-27,9.8689603805542,9.8689603805542,9.8689603805542,9.8689603805542,0
2017-11-28,9.8689603805542,9.8689603805542,9.8689603805542,9.8689603805542,0
2017-11-29,9.8689603805542,9.8689603805542,9.8689603805542,9.8689603805542,0
2017-11-30,9.8689603805542,11.261260986328125,9.8689603805542,10.434069633483887,13431
2017-12-01,10.491399765014648,10.491399765014648,10.491399765014648,10.491399765014648,855
2017-12-04,10.89271068572998,10.89271068572998,10.728911399841309,10.728911399841309,1099
2017-12-05,10.728911399841309,10.728911399841309,10.728911399841309,10.728911399841309,0
2017-12-06,10.728911399841309,10.728911399841309,10.728911399841309,10.728911399841309,0
2017-12-07,10.56511116027832,10.56511116027832,10.245699882507324,10.41769027709961,5250
2017-12-08,10.524161338806152,10.573301315307617,10.31941032409668,10.31941032409668,5250
2017-12-11,10.31941032409668,10.31941032409668,10.31941032409668,10.31941032409668,0
2017-12-12,10.647010803222656,10.647010803222656,10.647010803222656,10.647010803222656,4884
2017-12-13,10.647010803222656,10.647010803222656,10.647010803222656,10.647010803222656,0
2017-12-14,10.647010803222656,10.647010803222656,10.647010803222656,10.647010803222656,0
2017-12-15,10.32759952545166,10.56511116027832,10.237509727478027,10.54054069519043,2198
2017-12-18,10.393119812011719,10.647010803222656,10.376740455627441,10.647010803222656,977
2017-12-19,10.647010803222656,10.647010803222656,10.647010803222656,10.647010803222656,0
2017-12-20,10.647010803222656,10.647010803222656,10.647010803222656,10.647010803222656,0
2017-12-21,10.647010803222656,10.647010803222656,10.647010803222656,10.647010803222656,0
2017-12-22,10.647010803222656,10.647010803222656,10.647010803222656,10.647010803222656,0
2017-12-26,10.647010803222656,10.647010803222656,10.204750061035156,10.204750061035156,2686
2017-12-27,10.647010803222656,10.647010803222656,10.483209609985352,10.483209609985352,1465
2017-12-28,10.483209609985352,10.483209609985352,10.483209609985352,10.483209609985352,0
2017-12-29,10.515971183776855,10.515971183776855,10.483209609985352,10.483209609985352,611
2018-01-02,10.278459548950195,10.278459548950195,10.278459548950195,10.278459548950195,488
2018-01-03,10.278459548950195,10.278459548950195,10.278459548950195,10.278459548950195,0
2018-01-04,10.278459548950195,10.278459548950195,10.278459548950195,10.278459548950195,0
2018-01-05,10.278459548950195,10.278459548950195,10.278459548950195,10.278459548950195,0
2018-01-08,10.278459548950195,10.384929656982422,10.278459548950195,10.384929656982422,366
2018-01-09,10.384929656982422,10.384929656982422,10.384929656982422,10.384929656982422,0
2018-01-10,10.384929656982422,10.384929656982422,10.384929656982422,10.384929656982422,0
2018-01-11,10.384929656982422,10.384929656982422,10.335789680480957,10.335789680480957,244
2018-01-12,10.335789680480957,10.335789680480957,10.335789680480957,10.335789680480957,0
2018-01-16,10.270270347595215,10.45044994354248,10.270270347595215,10.45044994354248,366
2018-01-17,10.45044994354248,10.45044994354248,10.45044994354248,10.45044994354248,0
2018-01-18,10.237509727478027,10.442259788513184,9.991809844970703,10.294839859008789,7692
2018-01-19,10.303030014038086,10.483209609985352,10.032759666442871,10.032759666442871,9768
2018-01-22,10.032759666442871,10.032759666442871,10.032759666442871,10.032759666442871,0
2018-01-23,10.458640098571777,10.458640098571777,10.384929656982422,10.384929656982422,244
2018-01-24,10.1310396194458,10.1310396194458,10.1310396194458,10.1310396194458,2442
2018-01-25,10.1310396194458,10.1310396194458,10.1310396194458,10.1310396194458,0
2018-01-26,10.311220169067383,10.483209609985352,10.286649703979492,10.483209609985352,9768
2018-01-29,10.278459548950195,10.581491470336914,10.278459548950195,10.581491470336914,4151
2018-01-30,10.31941032409668,10.56511116027832,10.278459548950195,10.56511116027832,2442
2018-01-31,10.515971183776855,10.515971183776855,10.515971183776855,10.515971183776855,611
2018-02-01,10.515971183776855,10.515971183776855,10.515971183776855,10.515971183776855,0
2018-02-02,10.311220169067383,10.45044994354248,10.311220169067383,10.45044994354248,3907
2018-02-05,10.524161338806152,10.524161338806152,10.524161338806152,10.524161338806152,855
2018-02-06,10.524161338806152,10.524161338806152,10.12285041809082,10.12285041809082,1832
2018-02-07,10.12285041809082,10.12285041809082,10.12285041809082,10.12285041809082,0
2018-02-08,10.12285041809082,10.12285041809082,10.12285041809082,10.12285041809082,0
2018-02-09,10.12285041809082,10.12285041809082,10.12285041809082,10.12285041809082,0
2018-02-12,10.12285041809082,10.12285041809082,10.12285041809082,10.12285041809082,0
2018-02-13,10.12285041809082,10.12285041809082,10.12285041809082,10.12285041809082,122
2018-02-14,10.12285041809082,10.12285041809082,10.12285041809082,10.12285041809082,0
2018-02-15,10.12285041809082,10.12285041809082,10.12285041809082,10.12285041809082,0
2018-02-16,10.278459548950195,10.278459548950195,10.180179595947266,10.180179595947266,977
2018-02-20,10.180179595947266,10.180179595947266,10.180179595947266,10.180179595947266,0
2018-02-21,10.12285041809082,10.12285041809082,10.12285041809082,10.12285041809082,3053
2018-02-22,10.114660263061523,10.171990394592285,10.114660263061523,10.12285041809082,2930
2018-02-23,10.466830253601074,10.466830253601074,10.466830253601074,10.466830253601074,1221
2018-02-26,10.466830253601074,10.466830253601074,10.466830253601074,10.466830253601074,0
2018-02-27,10.12285041809082,10.155610084533691,10.12285041809082,10.155610084533691,1343
2018-02-28,10.12285041809082,10.147419929504395,10.081899642944336,10.147419929504395,1465
2018-03-01,10.147419929504395,10.147419929504395,10.147419929504395,10.147419929504395,0
2018-03-02,10.245699882507324,10.245699882507324,10.245699882507324,10.245699882507324,244
2018-03-05,10.31941032409668,10.434069633483887,10.31941032409668,10.434069633483887,2442
2018-03-06,10.401309967041016,10.442259788513184,10.401309967041016,10.401309967041016,733
2018-03-07,10.19655990600586,10.237509727478027,10.163800239562988,10.163800239562988,4762
2018-03-08,10.163800239562988,10.163800239562988,10.163800239562988,10.163800239562988,0
2018-03-09,10.163800239562988,10.286649703979492,10.163800239562988,10.286649703979492,977
2018-03-12,10.434069633483887,10.442259788513184,10.434069633483887,10.442259788513184,733
2018-03-13,10.442259788513184,10.442259788513184,10.442259788513184,10.442259788513184,0
2018-03-14,10.442259788513184,10.442259788513184,10.442259788513184,10.442259788513184,0
2018-03-15,10.253890037536621,10.41769027709961,10.245699882507324,10.41769027709961,2686
2018-03-16,10.384929656982422,10.384929656982422,10.384929656982422,10.384929656982422,611
2018-03-19,10.237509727478027,10.237509727478027,10.237509727478027,10.237509727478027,244
2018-03-20,10.237509727478027,10.237509727478027,10.237509727478027,10.237509727478027,0
2018-03-21,10.237509727478027,10.237509727478027,10.237509727478027,10.237509727478027,0
2018-03-22,10.040949821472168,10.040949821472168,10.040949821472168,10.040949821472168,366
2018-03-23,10.040949821472168,10.040949821472168,10.040949821472168,10.040949821472168,0
2018-03-26,10.040949821472168,10.040949821472168,10.040949821472168,10.040949821472168,0
2018-03-27,10.294839859008789,10.401309967041016,10.040949821472168,10.040949821472168,2564
2018-03-28,10.040949821472168,10.040949821472168,10.040949821472168,10.040949821472168,0
2018-03-29,10.393119812011719,10.442259788513184,10.393119812011719,10.442259788513184,2686
2018-04-02,10.12285041809082,10.12285041809082,10.12285041809082,10.12285041809082,122
2018-04-03,10.12285041809082,10.12285041809082,10.12285041809082,10.12285041809082,0
2018-04-04,10.12285041809082,10.12285041809082,10.12285041809082,10.12285041809082,0
2018-04-05,10.12285041809082,10.12285041809082,10.12285041809082,10.12285041809082,0
2018-04-06,10.12285041809082,10.12285041809082,10.12285041809082,10.12285041809082,0
2018-04-09,10.155610084533691,10.155610084533691,10.073710441589355,10.073710441589355,1587
2018-04-10,9.959050178527832,9.959050178527832,9.959050178527832,9.959050178527832,244
2018-04-11,9.959050178527832,9.959050178527832,9.959050178527832,9.959050178527832,0
2018-04-12,9.959050178527832,9.959050178527832,9.959050178527832,9.959050178527832,0
2018-04-13,9.959050178527832,9.959050178527832,9.959050178527832,9.959050178527832,0
2018-04-16,9.959050178527832,9.959050178527832,9.959050178527832,9.959050178527832,0
2018-04-17,9.959050178527832,10.19655990600586,9.87714958190918,10.19655990600586,11600
2018-04-18,10.19655990600586,10.237509727478027,10.040949821472168,10.040949821472168,3175
2018-04-19,10.057330131530762,10.057330131530762,10.057330131530762,10.057330131530762,366
2018-04-20,10.180179595947266,10.180179595947266,9.991809844970703,10.057330131530762,5128
2018-04-23,10.057330131530762,10.057330131530762,10.057330131530762,10.057330131530762,0
2018-04-24,10.057330131530762,10.057330131530762,10.057330131530762,10.057330131530762,0
2018-04-25,10.057330131530762,10.057330131530762,10.057330131530762,10.057330131530762,611
2018-04-26,10.057330131530762,10.057330131530762,10.057330131530762,10.057330131530762,0
2018-04-27,10.147419929504395,10.335789680480957,10.147419929504395,10.335789680480957,18803
2018-04-30,10.335789680480957,10.335789680480957,10.335789680480957,10.335789680480957,0
2018-05-01,10.335789680480957,10.335789680480957,10.335789680480957,10.335789680480957,0
2018-05-02,10.335789680480957,10.335789680480957,10.335789680480957,10.335789680480957,0
2018-05-03,10.073710441589355,10.212940216064453,10.073710441589355,10.212940216064453,1709
2018-05-04,10.212940216064453,10.212940216064453,10.212940216064453,10.212940216064453,0
2018-05-07,10.212940216064453,10.212940216064453,10.212940216064453,10.212940216064453,0
2018-05-08,10.212940216064453,10.212940216064453,10.212940216064453,10.212940216064453,0
2018-05-09,10.237509727478027,10.360360145568848,10.237509727478027,10.237509727478027,3785
2018-05-10,10.040949821472168,10.040949821472168,10.040949821472168,10.040949821472168,855
2018-05-11,10.040949821472168,10.040949821472168,10.040949821472168,10.040949821472168,0
2018-05-14,10.040949821472168,10.040949821472168,10.040949821472168,10.040949821472168,0
2018-05-15,10.401309967041016,10.401309967041016,10.016380310058594,10.016380310058594,11722
2018-05-16,10.081899642944336,10.245699882507324,10.081899642944336,10.188369750976562,7570
2018-05-17,10.188369750976562,10.188369750976562,10.188369750976562,10.188369750976562,0
2018-05-18,10.188369750976562,10.188369750976562,10.188369750976562,10.188369750976562,0
2018-05-21,10.188369750976562,10.188369750976562,10.188369750976562,10.188369750976562,0
2018-05-22,10.188369750976562,10.188369750976562,10.188369750976562,10.188369750976562,0
2018-05-23,10.188369750976562,10.188369750976562,10.188369750976562,10.188369750976562,0
2018-05-24,10.188369750976562,10.188369750976562,10.188369750976562,10.188369750976562,0
2018-05-25,10.188369750976562,10.188369750976562,10.188369750976562,10.188369750976562,0
2018-05-29,10.188369750976562,10.188369750976562,10.188369750976562,10.188369750976562,0
2018-05-30,10.12285041809082,10.12285041809082,10.12285041809082,10.12285041809082,488
2018-05-31,10.442259788513184,10.442259788513184,10.442259788513184,10.442259788513184,244
2018-06-01,10.573301315307617,10.573301315307617,10.573301315307617,10.573301315307617,244
2018-06-04,10.31941032409668,10.434069633483887,10.31941032409668,10.434069633483887,2686
2018-06-05,10.524161338806152,10.524161338806152,10.524161338806152,10.524161338806152,366
2018-06-06,10.581491470336914,10.581491470336914,10.581491470336914,10.581491470336914,244
2018-06-07,10.581491470336914,10.581491470336914,10.581491470336914,10.581491470336914,0
2018-06-08,10.499589920043945,10.581491470336914,10.499589920043945,10.581491470336914,366
2018-06-11,10.1310396194458,10.270270347595215,10.1310396194458,10.237509727478027,4151
2018-06-12,10.343979835510254,10.343979835510254,10.343979835510254,10.343979835510254,244
2018-06-13,10.442259788513184,10.597870826721191,10.442259788513184,10.597870826721191,488
2018-06-14,10.63882064819336,10.647010803222656,10.335789680480957,10.335789680480957,3053
2018-06-15,10.106470108032227,10.31941032409668,10.106470108032227,10.303030014038086,1343
2018-06-18,10.19655990600586,10.425880432128906,10.180179595947266,10.270270347595215,8059
2018-06-19,10.12285041809082,10.409500122070312,10.12285041809082,10.286649703979492,3907
2018-06-20,10.286649703979492,10.286649703979492,10.286649703979492,10.286649703979492,0
2018-06-21,10.286649703979492,10.286649703979492,10.286649703979492,10.286649703979492,0
2018-06-22,10.376740455627441,10.376740455627441,10.376740455627441,10.376740455627441,1099
2018-06-25,10.35216999053955,10.35216999053955,10.35216999053955,10.35216999053955,122
2018-06-26,10.35216999053955,10.35216999053955,10.35216999053955,10.35216999053955,0
2018-06-27,10.35216999053955,10.35216999053955,10.35216999053955,10.35216999053955,0
2018-06-28,10.35216999053955,10.35216999053955,10.35216999053955,10.35216999053955,0
2018-06-29,10.376740455627441,10.548730850219727,10.376740455627441,10.548730850219727,1832
2018-07-02,10.548730850219727,10.548730850219727,10.548730850219727,10.548730850219727,0
2018-07-03,10.548730850219727,10.548730850219727,10.548730850219727,10.548730850219727,0
2018-07-05,10.040949821472168,10.040949821472168,10.040949821472168,10.040949821472168,244
2018-07-06,10.040949821472168,10.040949821472168,10.040949821472168,10.040949821472168,0
2018-07-09,10.040949821472168,10.040949821472168,10.040949821472168,10.040949821472168,0
2018-07-10,10.401309967041016,10.401309967041016,9.991809844970703,10.0,1587
2018-07-11,10.0,10.0,10.0,10.0,0
2018-07-12,10.237509727478027,10.237509727478027,10.237509727478027,10.237509727478027,122
2018-07-13,10.02457046508789,10.02457046508789,10.0,10.0,1465
2018-07-16,10.204750061035156,10.237509727478027,10.204750061035156,10.237509727478027,611
2018-07-17,10.0,10.0,10.0,10.0,122
2018-07-18,10.0,10.0,10.0,10.0,0
2018-07-19,10.237509727478027,10.237509727478027,10.19655990600586,10.19655990600586,2320
2018-07-20,10.22931957244873,10.237509727478027,10.22931957244873,10.237509727478027,2076
2018-07-23,10.12285041809082,10.434069633483887,10.12285041809082,10.434069633483887,611
2018-07-24,10.442259788513184,10.548730850219727,10.442259788513184,10.548730850219727,3907
2018-07-25,10.524161338806152,10.524161338806152,10.45044994354248,10.45044994354248,1465
2018-07-26,10.45044994354248,10.45044994354248,10.45044994354248,10.45044994354248,0
2018-07-27,10.491399765014648,10.491399765014648,10.45044994354248,10.45044994354248,2808
2018-07-30,10.45044994354248,10.45044994354248,10.45044994354248,10.45044994354248,488
2018-07-31,10.45044994354248,10.45044994354248,10.45044994354248,10.45044994354248,0
2018-08-01,10.483209609985352,10.483209609985352,10.483209609985352,10.483209609985352,733
2018-08-02,10.483209609985352,10.483209609985352,10.483209609985352,10.483209609985352,0
2018-08-03,10.483209609985352,10.483209609985352,10.483209609985352,10.483209609985352,0
2018-08-06,10.483209609985352,10.483209609985352,10.483209609985352,10.483209609985352,0
2018-08-07,10.270270347595215,10.270270347595215,10.245699882507324,10.253890037536621,1587
2018-08-08,10.253890037536621,10.253890037536621,10.253890037536621,10.253890037536621,0
2018-08-09,10.253890037536621,10.253890037536621,10.253890037536621,10.253890037536621,0
2018-08-10,10.376740455627441,10.409500122070312,10.376740455627441,10.409500122070312,366
2018-08-13,10.409500122070312,10.409500122070312,10.409500122070312,10.409500122070312,0
2018-08-14,10.409500122070312,10.409500122070312,10.409500122070312,10.409500122070312,0
2018-08-15,10.409500122070312,10.409500122070312,10.409500122070312,10.409500122070312,0
2018-08-16,10.245699882507324,10.245699882507324,10.245699882507324,10.245699882507324,733
2018-08-17,10.245699882507324,10.245699882507324,10.245699882507324,10.245699882507324,0
2018-08-20,10.245699882507324,10.245699882507324,10.245699882507324,10.245699882507324,0
2018-08-21,10.12285041809082,10.12285041809082,10.12285041809082,10.12285041809082,122
2018-08-22,10.12285041809082,10.12285041809082,10.12285041809082,10.12285041809082,0
2018-08-23,10.12285041809082,10.12285041809082,10.12285041809082,10.12285041809082,0
2018-08-24,10.12285041809082,10.12285041809082,10.12285041809082,10.12285041809082,0
2018-08-27,10.12285041809082,10.12285041809082,10.12285041809082,10.12285041809082,0
2018-08-28,10.12285041809082,10.409500122070312,10.057330131530762,10.409500122070312,488
2018-08-29,10.12285041809082,10.286649703979492,10.12285041809082,10.12285041809082,5128
2018-08-30,10.12285041809082,10.12285041809082,10.081899642944336,10.081899642944336,4029
2018-08-31,10.081899642944336,10.081899642944336,10.081899642944336,10.081899642944336,0
2018-09-04,10.106470108032227,10.106470108032227,10.106470108032227,10.106470108032227,122
2018-09-05,10.278459548950195,10.278459548950195,10.040949821472168,10.040949821472168,2198
2018-09-06,10.032759666442871,10.032759666442871,10.032759666442871,10.032759666442871,122
2018-09-07,10.032759666442871,10.032759666442871,10.032759666442871,10.032759666442871,122
2018-09-10,10.032759666442871,10.032759666442871,10.032759666442871,10.032759666442871,0
2018-09-11,10.032759666442871,10.032759666442871,10.032759666442871,10.032759666442871,0
2018-09-12,10.032759666442871,10.081899642944336,10.032759666442871,10.081899642944336,1832
2018-09-13,10.081899642944336,10.081899642944336,10.081899642944336,10.081899642944336,0
2018-09-14,10.032759666442871,10.040949821472168,10.032759666442871,10.040949821472168,733
2018-09-17,10.040949821472168,10.040949821472168,10.040949821472168,10.040949821472168,0
2018-09-18,10.040949821472168,10.040949821472168,10.040949821472168,10.040949821472168,0
2018-09-19,10.0,10.12285041809082,9.959050178527832,9.959050178527832,4884
2018-09-20,9.909910202026367,10.106470108032227,9.909910202026367,9.991809844970703,3663
2018-09-21,10.303030014038086,10.303030014038086,10.303030014038086,10.303030014038086,488
2018-09-24,10.139229774475098,10.139229774475098,10.139229774475098,10.139229774475098,611
2018-09-25,10.139229774475098,10.139229774475098,10.139229774475098,10.139229774475098,0
2018-09-26,10.139229774475098,10.139229774475098,10.139229774475098,10.139229774475098,0
2018-09-27,10.139229774475098,10.139229774475098,10.139229774475098,10.139229774475098,0
2018-09-28,9.959050178527832,9.959050178527832,9.959050178527832,9.959050178527832,122
2018-10-01,10.237509727478027,10.442259788513184,9.97542953491211,9.97542953491211,1343
2018-10-02,9.97542953491211,9.97542953491211,9.97542953491211,9.97542953491211,0
2018-10-03,9.97542953491211,9.97542953491211,9.97542953491211,9.97542953491211,0
2018-10-04,10.237509727478027,10.401309967041016,9.97542953491211,10.401309967041016,6471
2018-10-05,10.401309967041016,10.597870826721191,10.343979835510254,10.556921005249023,16117
2018-10-08,10.458640098571777,10.515971183776855,10.45044994354248,10.45044994354248,855
2018-10-09,10.647010803222656,10.647010803222656,10.647010803222656,10.647010803222656,122
2018-10-10,10.851760864257812,10.876331329345703,10.56511116027832,10.56511116027832,8181
2018-10-11,10.56511116027832,10.56511116027832,10.56511116027832,10.56511116027832,0
2018-10-12,10.66339111328125,11.056510925292969,10.647010803222656,10.704340934753418,7204
2018-10-15,10.810811042785645,10.810811042785645,10.810811042785645,10.810811042785645,733
2018-10-16,10.843570709228516,10.843570709228516,10.843570709228516,10.843570709228516,122
2018-10-17,10.843570709228516,10.843570709228516,10.843570709228516,10.843570709228516,0
2018-10-18,10.843570709228516,10.843570709228516,10.843570709228516,10.843570709228516,0
2018-10-19,10.647010803222656,10.810811042785645,10.647010803222656,10.696150779724121,1709
2018-10-22,10.245699882507324,10.270270347595215,10.163800239562988,10.163800239562988,855
2018-10-23,10.040949821472168,10.09827995300293,10.032759666442871,10.032759666442871,2442
2018-10-24,10.376740455627441,10.376740455627441,10.237509727478027,10.245699882507324,1832
2018-10-25,9.893529891967773,10.442259788513184,9.87714958190918,10.245699882507324,4640
2018-10-26,10.245699882507324,10.245699882507324,10.245699882507324,10.245699882507324,0
2018-10-29,10.245699882507324,10.245699882507324,10.245699882507324,10.245699882507324,0
2018-10-30,10.409500122070312,10.409500122070312,10.384929656982422,10.384929656982422,1709
2018-10-31,10.237509727478027,10.237509727478027,10.237509727478027,10.237509727478027,3663
2018-11-01,10.237509727478027,10.237509727478027,10.237509727478027,10.237509727478027,0
2018-11-02,10.237509727478027,10.237509727478027,10.237509727478027,10.237509727478027,122
2018-11-05,10.081899642944336,10.081899642944336,10.081899642944336,10.081899642944336,366
2018-11-06,10.081899642944336,10.081899642944336,10.081899642944336,10.081899642944336,0
2018-11-07,9.918100357055664,10.22931957244873,9.918100357055664,10.12285041809082,4029
2018-11-08,10.032759666442871,10.032759666442871,10.032759666442871,10.032759666442871,488
2018-11-09,9.926289558410645,9.926289558410645,9.926289558410645,9.926289558410645,122
2018-11-12,9.926289558410645,9.926289558410645,9.926289558410645,9.926289558410645,122
2018-11-13,9.926289558410645,9.926289558410645,9.926289558410645,9.926289558410645,122
2018-11-14,9.926289558410645,9.926289558410645,9.926289558410645,9.926289558410645,122
2018-11-15,9.926289558410645,9.926289558410645,9.926289558410645,9.926289558410645,122
2018-11-16,9.926289558410645,9.926289558410645,9.926289558410645,9.926289558410645,122
2018-11-19,9.926289558410645,9.926289558410645,9.926289558410645,9.926289558410645,122
2018-11-20,10.237509727478027,10.401309967041016,10.237509727478027,10.31941032409668,1465
2018-11-21,10.31941032409668,10.31941032409668,10.31941032409668,10.31941032409668,0
2018-11-23,10.31941032409668,10.31941032409668,10.31941032409668,10.31941032409668,0
2018-11-26,10.31941032409668,10.31941032409668,10.31941032409668,10.31941032409668,0
2018-11-27,10.31941032409668,10.31941032409668,10.31941032409668,10.31941032409668,0
2018-11-28,10.31941032409668,10.31941032409668,10.31941032409668,10.31941032409668,122
2018-11-29,9.87714958190918,10.270270347595215,9.8689603805542,10.245699882507324,15263
2018-11-30,10.245699882507324,10.442259788513184,9.926289558410645,9.926289558410645,1832
2018-12-03,10.278459548950195,10.442259788513184,10.278459548950195,10.442259788513184,2808
2018-12-04,10.22113037109375,10.22113037109375,10.22113037109375,10.22113037109375,366
2018-12-06,10.02457046508789,10.02457046508789,10.02457046508789,10.02457046508789,244
2018-12-07,10.02457046508789,10.02457046508789,10.02457046508789,10.02457046508789,122
2018-12-10,10.02457046508789,10.02457046508789,10.02457046508789,10.02457046508789,0
2018-12-11,10.02457046508789,10.02457046508789,10.02457046508789,10.02457046508789,122
2018-12-12,10.02457046508789,10.02457046508789,10.02457046508789,10.02457046508789,0
2018-12-13,10.073710441589355,10.073710441589355,10.073710441589355,10.073710441589355,244
2018-12-14,10.073710441589355,10.073710441589355,10.073710441589355,10.073710441589355,0
2018-12-17,10.163800239562988,10.163800239562988,10.02457046508789,10.02457046508789,3907
2018-12-18,10.02457046508789,10.02457046508789,10.02457046508789,10.02457046508789,0
2018-12-19,10.02457046508789,10.02457046508789,10.02457046508789,10.02457046508789,0
2018-12-20,9.893529891967773,9.893529891967773,9.893529891967773,9.893529891967773,611
2018-12-21,9.631449699401855,9.705160140991211,9.631449699401855,9.631449699401855,5006
2018-12-24,9.631449699401855,9.631449699401855,9.631449699401855,9.631449699401855,0
2018-12-26,9.574119567871094,9.68058967590332,9.574119567871094,9.631449699401855,1709
2018-12-27,9.631449699401855,9.631449699401855,9.631449699401855,9.631449699401855,244
2018-12-28,9.631449699401855,9.631449699401855,9.631449699401855,9.631449699401855,0
2018-12-31,10.032759666442871,10.032759666442871,10.032759666442871,10.032759666442871,1099
2019-01-02,10.032759666442871,10.032759666442871,10.032759666442871,10.032759666442871,0
2019-01-03,10.032759666442871,10.032759666442871,10.032759666442871,10.032759666442871,0
2019-01-04,10.032759666442871,10.032759666442871,10.032759666442871,10.032759666442871,0
2019-01-07,10.032759666442871,10.032759666442871,10.032759666442871,10.032759666442871,0
2019-01-08,10.032759666442871,10.032759666442871,10.032759666442871,10.032759666442871,0
2019-01-09,10.032759666442871,10.032759666442871,10.032759666442871,10.032759666442871,0
2019-01-10,10.032759666442871,10.032759666442871,10.032759666442871,10.032759666442871,0
2019-01-11,10.032759666442871,10.032759666442871,10.032759666442871,10.032759666442871,0
2019-01-14,10.032759666442871,10.032759666442871,10.032759666442871,10.032759666442871,0
2019-01-15,10.032759666442871,10.032759666442871,10.032759666442871,10.032759666442871,122
2019-01-16,9.623259544372559,9.77068042755127,9.623259544372559,9.696969985961914,31746
2019-01-17,9.631449699401855,9.67240047454834,9.516790390014648,9.516790390014648,3907
2019-01-18,9.475838661193848,9.475838661193848,9.475838661193848,9.475838661193848,244
2019-01-22,9.500410079956055,9.615070343017578,9.500410079956055,9.615070343017578,2442
2019-01-23,9.615070343017578,9.615070343017578,9.615070343017578,9.615070343017578,122
2019-01-24,9.615070343017578,9.615070343017578,9.615070343017578,9.615070343017578,122
2019-01-25,9.615070343017578,9.615070343017578,9.615070343017578,9.615070343017578,0
2019-01-28,9.615070343017578,9.615070343017578,9.615070343017578,9.615070343017578,122
2019-01-29,9.615070343017578,9.615070343017578,9.615070343017578,9.615070343017578,122
2019-01-30,9.475838661193848,9.475838661193848,9.475838661193848,9.475838661193848,366
2019-01-31,9.45945930480957,9.475838661193848,9.45945930480957,9.45945930480957,2686
2019-02-01,9.45945930480957,9.45945930480957,9.45945930480957,9.45945930480957,122
2019-02-04,9.45945930480957,9.45945930480957,9.45945930480957,9.45945930480957,0
2019-02-05,9.623259544372559,9.623259544372559,9.541359901428223,9.541359901428223,366
2019-02-06,9.541359901428223,9.541359901428223,9.541359901428223,9.541359901428223,122
2019-02-07,9.541359901428223,9.541359901428223,9.541359901428223,9.541359901428223,0
2019-02-08,9.541359901428223,9.541359901428223,9.541359901428223,9.541359901428223,122
2019-02-11,9.541359901428223,9.541359901428223,9.541359901428223,9.541359901428223,122
2019-02-12,9.623259544372559,9.623259544372559,9.541359901428223,9.58230972290039,5250
2019-02-13,9.541359901428223,9.541359901428223,9.541359901428223,9.541359901428223,733
2019-02-14,9.590499877929688,9.623259544372559,9.541359901428223,9.541359901428223,733
2019-02-15,9.615070343017578,9.615070343017578,9.541359901428223,9.541359901428223,366
2019-02-19,9.598690032958984,9.623259544372559,9.598690032958984,9.623259544372559,733
2019-02-20,9.623259544372559,9.623259544372559,9.623259544372559,9.623259544372559,122
2019-02-21,9.623259544372559,9.623259544372559,9.623259544372559,9.623259544372559,122
2019-02-22,9.623259544372559,9.623259544372559,9.623259544372559,9.623259544372559,0
2019-02-25,9.623259544372559,9.623259544372559,9.623259544372559,9.623259544372559,0
2019-02-26,9.623259544372559,9.623259544372559,9.623259544372559,9.623259544372559,122
2019-02-27,9.623259544372559,9.623259544372559,9.623259544372559,9.623259544372559,611
2019-02-28,9.58230972290039,9.590499877929688,9.565930366516113,9.565930366516113,1709
2019-03-01,9.565930366516113,9.565930366516113,9.565930366516113,9.565930366516113,0
2019-03-04,9.541359901428223,9.58230972290039,9.541359901428223,9.541359901428223,2076
2019-03-05,9.541359901428223,9.541359901428223,9.45945930480957,9.45945930480957,1587
2019-03-06,9.45945930480957,9.45945930480957,9.45945930480957,9.45945930480957,244
2019-03-07,9.45945930480957,9.45945930480957,9.45945930480957,9.45945930480957,244
2019-03-08,9.45945930480957,9.45945930480957,9.344799041748047,9.418508529663086,4151
2019-03-11,9.303849220275879,9.303849220275879,9.303849220275879,9.303849220275879,122
2019-03-12,9.303849220275879,9.303849220275879,9.303849220275879,9.303849220275879,122
2019-03-13,9.303849220275879,9.303849220275879,9.303849220275879,9.303849220275879,0
2019-03-14,9.303849220275879,9.303849220275879,9.303849220275879,9.303849220275879,0
2019-03-15,9.58230972290039,9.58230972290039,9.58230972290039,9.58230972290039,611
2019-03-18,9.402129173278809,9.475838661193848,9.369368553161621,9.43488883972168,3053
2019-03-19,9.54955005645752,9.54955005645752,9.54955005645752,9.54955005645752,244
2019-03-20,9.54955005645752,9.54955005645752,9.54955005645752,9.54955005645752,244
2019-03-21,9.54955005645752,9.54955005645752,9.54955005645752,9.54955005645752,122
2019-03-22,9.54955005645752,9.54955005645752,9.54955005645752,9.54955005645752,0
2019-03-25,9.54955005645752,9.54955005645752,9.54955005645752,9.54955005645752,122
2019-03-26,9.36117935180664,9.377558708190918,9.36117935180664,9.377558708190918,488
2019-03-27,9.369368553161621,9.369368553161621,9.369368553161621,9.369368553161621,122
2019-03-28,9.328418731689453,9.352989196777344,9.254709243774414,9.303849220275879,35165
2019-03-29,9.221948623657227,9.221948623657227,9.221948623657227,9.221948623657227,122
2019-04-01,9.516790390014648,9.516790390014648,9.516790390014648,9.516790390014648,122
2019-04-02,9.516790390014648,9.516790390014648,9.516790390014648,9.516790390014648,122
2019-04-03,9.516790390014648,9.516790390014648,9.516790390014648,9.516790390014648,0
2019-04-04,9.328418731689453,9.328418731689453,9.303849220275879,9.303849220275879,611
2019-04-05,9.303849220275879,9.303849220275879,9.303849220275879,9.303849220275879,0
2019-04-08,9.303849220275879,9.303849220275879,9.303849220275879,9.303849220275879,0
2019-04-09,9.303849220275879,9.303849220275879,9.303849220275879,9.303849220275879,0
2019-04-10,9.418508529663086,9.918100357055664,9.418508529663086,9.721540451049805,2076
2019-04-11,9.721540451049805,9.721540451049805,9.721540451049805,9.721540451049805,0
2019-04-12,9.721540451049805,9.721540451049805,9.721540451049805,9.721540451049805,0
2019-04-15,9.721540451049805,9.721540451049805,9.721540451049805,9.721540451049805,244
2019-04-16,9.43488883972168,9.43488883972168,9.43488883972168,9.43488883972168,733
2019-04-17,10.237509727478027,10.237509727478027,10.19655990600586,10.237509727478027,17705
2019-04-18,9.467649459838867,9.508600234985352,9.467649459838867,9.508600234985352,488
2019-04-22,9.508600234985352,9.508600234985352,9.508600234985352,9.508600234985352,122
2019-04-23,9.508600234985352,9.508600234985352,9.508600234985352,9.508600234985352,122
2019-04-24,9.590499877929688,9.606880187988281,9.590499877929688,9.606880187988281,855
2019-04-25,9.606880187988281,9.606880187988281,9.606880187988281,9.606880187988281,122
2019-04-26,9.606880187988281,9.606880187988281,9.606880187988281,9.606880187988281,122
2019-04-29,10.237509727478027,10.237509727478027,10.237509727478027,10.237509727478027,733
2019-04-30,10.237509727478027,10.237509727478027,10.237509727478027,10.237509727478027,0
2019-05-01,10.237509727478027,10.237509727478027,10.237509727478027,10.237509727478027,0
2019-05-02,9.721540451049805,9.729729652404785,9.516790390014648,9.516790390014648,8791
2019-05-03,9.516790390014648,9.516790390014648,9.516790390014648,9.516790390014648,0
2019-05-06,10.212940216064453,10.212940216064453,9.320228576660156,9.320228576660156,488
2019-05-07,9.500410079956055,9.500410079956055,9.492218971252441,9.500410079956055,11966
2019-05-08,9.500410079956055,9.500410079956055,9.500410079956055,9.500410079956055,0
2019-05-09,9.500410079956055,9.500410079956055,9.500410079956055,9.500410079956055,0
2019-05-10,9.500410079956055,9.500410079956055,9.500410079956055,9.500410079956055,0
2019-05-13,9.33660888671875,9.33660888671875,9.33660888671875,9.33660888671875,1587
2019-05-14,9.33660888671875,9.33660888671875,9.33660888671875,9.33660888671875,0
2019-05-15,9.33660888671875,9.33660888671875,9.33660888671875,9.33660888671875,122
2019-05-16,9.33660888671875,9.33660888671875,9.33660888671875,9.33660888671875,0
2019-05-17,9.33660888671875,9.33660888671875,9.33660888671875,9.33660888671875,0
2019-05-20,9.623259544372559,9.623259544372559,9.623259544372559,9.623259544372559,1221
2019-05-21,9.819820404052734,9.819820404052734,9.500410079956055,9.500410079956055,1099
2019-05-22,9.500410079956055,9.500410079956055,9.500410079956055,9.500410079956055,122
2019-05-23,9.500410079956055,9.500410079956055,9.500410079956055,9.500410079956055,0
2019-05-24,9.500410079956055,9.500410079956055,9.500410079956055,9.500410079956055,0
2019-05-28,9.623259544372559,9.623259544372559,9.606880187988281,9.623259544372559,6716
2019-05-29,9.623259544372559,9.664210319519043,9.623259544372559,9.623259544372559,3663
2019-05-30,9.746109962463379,9.828009605407715,9.746109962463379,9.828009605407715,1587
2019-05-31,9.828009605407715,9.828009605407715,9.828009605407715,9.828009605407715,855
2019-06-03,10.008190155029297,10.02457046508789,10.0,10.02457046508789,977
2019-06-04,10.02457046508789,10.02457046508789,10.02457046508789,10.02457046508789,122
2019-06-05,10.032759666442871,10.032759666442871,10.032759666442871,10.032759666442871,122
2019-06-06,9.377558708190918,9.787059783935547,9.377558708190918,9.787059783935547,1954
2019-06-07,9.787059783935547,9.787059783935547,9.787059783935547,9.787059783935547,122
2019-06-10,9.787059783935547,9.787059783935547,9.787059783935547,9.787059783935547,0
2019-06-11,9.787059783935547,9.787059783935547,9.787059783935547,9.787059783935547,0
2019-06-12,9.787059783935547,9.787059783935547,9.787059783935547,9.787059783935547,0
2019-06-13,9.787059783935547,9.787059783935547,9.787059783935547,9.787059783935547,122
2019-06-14,9.8689603805542,9.909910202026367,9.828009605407715,9.909910202026367,977
2019-06-17,9.909910202026367,9.909910202026367,9.909910202026367,9.909910202026367,122
2019-06-18,9.909910202026367,9.909910202026367,9.909910202026367,9.909910202026367,0
2019-06-19,9.950860023498535,9.950860023498535,9.950860023498535,9.950860023498535,2442
2019-06-20,9.950860023498535,9.950860023498535,9.950860023498535,9.950860023498535,0
2019-06-21,9.950860023498535,9.950860023498535,9.950860023498535,9.950860023498535,122
2019-06-24,9.909910202026367,9.950860023498535,9.909910202026367,9.950860023498535,733
2019-06-25,9.950860023498535,9.950860023498535,9.950860023498535,9.950860023498535,0
2019-06-26,9.950860023498535,9.950860023498535,9.950860023498535,9.950860023498535,0
2019-06-27,9.950860023498535,9.950860023498535,9.950860023498535,9.950860023498535,0
2019-06-28,9.909910202026367,9.909910202026367,9.909910202026367,9.909910202026367,366
2019-07-01,10.032759666442871,10.032759666442871,10.032759666442871,10.032759666442871,1221
2019-07-02,9.97542953491211,9.97542953491211,9.97542953491211,9.97542953491211,122
2019-07-03,9.97542953491211,9.97542953491211,9.97542953491211,9.97542953491211,0
2019-07-05,9.97542953491211,9.97542953491211,9.97542953491211,9.97542953491211,122
2019-07-08,9.950860023498535,9.950860023498535,9.950860023498535,9.950860023498535,122
2019-07-09,9.950860023498535,9.967240333557129,9.950860023498535,9.967240333557129,366
2019-07-10,9.950860023498535,9.950860023498535,9.606880187988281,9.606880187988281,3907
2019-07-11,9.950860023498535,9.991809844970703,9.950860023498535,9.97542953491211,855
2019-07-12,9.97542953491211,9.97542953491211,9.97542953491211,9.97542953491211,0
2019-07-15,9.991809844970703,9.991809844970703,9.713350296020508,9.713350296020508,6349
2019-07-16,9.688779830932617,9.836199760437012,9.664210319519043,9.77886962890625,12576
2019-07-17,9.77886962890625,9.77886962890625,9.77886962890625,9.77886962890625,122
2019-07-18,9.77886962890625,9.77886962890625,9.77886962890625,9.77886962890625,0
2019-07-19,9.77886962890625,9.77886962890625,9.77886962890625,9.77886962890625,122
2019-07-22,10.049139976501465,10.049139976501465,9.631449699401855,9.631449699401855,3297
2019-07-23,9.795249938964844,9.811630249023438,9.639639854431152,9.688779830932617,3175
2019-07-24,9.795249938964844,9.950860023498535,9.664210319519043,9.664210319519043,2198
2019-07-25,9.746109962463379,9.746109962463379,9.746109962463379,9.746109962463379,122
2019-07-26,9.746109962463379,9.746109962463379,9.746109962463379,9.746109962463379,122
2019-07-29,9.746109962463379,10.114660263061523,9.746109962463379,10.090089797973633,855
2019-07-30,9.746109962463379,10.114660263061523,9.746109962463379,10.090089797973633,855
2019-07-31,10.073710441589355,10.073710441589355,9.664210319519043,9.664210319519043,2076
2019-08-01,9.67240047454834,9.67240047454834,9.67240047454834,9.67240047454834,488
2019-08-02,9.67240047454834,9.67240047454834,9.67240047454834,9.67240047454834,122
2019-08-05,9.787059783935547,9.787059783935547,9.787059783935547,9.787059783935547,244
2019-08-06,9.787059783935547,9.787059783935547,9.787059783935547,9.787059783935547,244
2019-08-07,9.467649459838867,9.787059783935547,9.467649459838867,9.787059783935547,366
2019-08-08,8.951679229736328,9.664210319519043,8.951679229736328,9.385748863220215,3785
2019-08-09,9.819820404052734,9.819820404052734,9.426698684692383,9.475838661193848,2564
2019-08-12,9.500410079956055,9.934479713439941,9.500410079956055,9.836199760437012,9646
2019-08-13,9.836199760437012,9.860770225524902,9.836199760437012,9.860770225524902,1221
2019-08-14,9.54955005645752,9.54955005645752,9.54955005645752,9.54955005645752,122
2019-08-15,9.828009605407715,9.918100357055664,9.828009605407715,9.918100357055664,611
2019-08-16,9.918100357055664,9.918100357055664,9.918100357055664,9.918100357055664,0
2019-08-19,10.008190155029297,10.008190155029297,10.008190155029297,10.008190155029297,611
2019-08-20,9.393939018249512,9.393939018249512,9.393939018249512,9.393939018249512,122
2019-08-21,9.385748863220215,9.385748863220215,9.385748863220215,9.385748863220215,1587
2019-08-22,9.492218971252441,9.590499877929688,9.492218971252441,9.590499877929688,1954
2019-08-23,9.696969985961914,9.737919807434082,9.67240047454834,9.67240047454834,2076
2019-08-26,9.352989196777344,9.58230972290039,9.352989196777344,9.58230972290039,488
2019-08-27,9.344799041748047,9.746109962463379,9.344799041748047,9.598690032958984,3175
2019-08-28,9.516790390014648,9.516790390014648,9.516790390014648,9.516790390014648,244
2019-08-29,9.516790390014648,9.516790390014648,9.516790390014648,9.516790390014648,0
2019-08-30,9.516790390014648,9.516790390014648,9.516790390014648,9.516790390014648,0
2019-09-03,9.352989196777344,9.352989196777344,9.344799041748047,9.344799041748047,1099
2019-09-04,9.541359901428223,9.541359901428223,9.541359901428223,9.541359901428223,1221
2019-09-05,9.377558708190918,9.631449699401855,9.369368553161621,9.623259544372559,4640
2019-09-06,9.58230972290039,9.58230972290039,9.58230972290039,9.58230972290039,611
2019-09-09,9.492218971252441,9.492218971252441,9.492218971252441,9.492218971252441,122
2019-09-10,9.828009605407715,9.828009605407715,9.828009605407715,9.828009605407715,3541
2019-09-11,9.97542953491211,10.114660263061523,9.828009605407715,9.828009605407715,2930
2019-09-12,9.844389915466309,9.844389915466309,9.844389915466309,9.844389915466309,244
2019-09-13,9.828009605407715,9.828009605407715,9.828009605407715,9.828009605407715,733
2019-09-16,9.828009605407715,9.97542953491211,9.828009605407715,9.828009605407715,1587
2019-09-17,9.565930366516113,9.828009605407715,9.565930366516113,9.828009605407715,977
2019-09-18,9.590499877929688,9.828009605407715,9.590499877929688,9.590499877929688,3541
2019-09-19,9.500410079956055,9.705160140991211,9.467649459838867,9.705160140991211,1709
2019-09-20,9.828009605407715,10.057330131530762,9.606880187988281,10.057330131530762,9768
2019-09-23,10.057330131530762,10.106470108032227,10.057330131530762,10.106470108032227,611
2019-09-24,10.106470108032227,10.106470108032227,10.106470108032227,10.106470108032227,0
2019-09-25,10.106470108032227,10.106470108032227,10.106470108032227,10.106470108032227,122
2019-09-26,10.106470108032227,10.106470108032227,10.106470108032227,10.106470108032227,122
2019-09-27,10.106470108032227,10.106470108032227,10.106470108032227,10.106470108032227,122
2019-09-30,9.606880187988281,9.606880187988281,9.606880187988281,9.606880187988281,244
2019-10-01,9.606880187988281,9.606880187988281,9.606880187988281,9.606880187988281,0
2019-10-02,9.615070343017578,9.615070343017578,9.615070343017578,9.615070343017578,488
2019-10-03,9.615070343017578,9.615070343017578,9.615070343017578,9.615070343017578,122
2019-10-04,9.87714958190918,9.885339736938477,9.87714958190918,9.87714958190918,611
2019-10-07,9.87714958190918,9.87714958190918,9.87714958190918,9.87714958190918,122
2019-10-08,9.87714958190918,9.87714958190918,9.87714958190918,9.87714958190918,0
2019-10-09,9.87714958190918,9.87714958190918,9.87714958190918,9.87714958190918,366
2019-10-10,9.80344009399414,9.80344009399414,9.705160140991211,9.705160140991211,6105
2019-10-11,9.828009605407715,10.22113037109375,9.828009605407715,10.22113037109375,5617
2019-10-14,10.22113037109375,10.22113037109375,10.22113037109375,10.22113037109375,0
2019-10-15,9.828009605407715,9.87714958190918,9.737919807434082,9.87714958190918,855
2019-10-16,9.87714958190918,9.87714958190918,9.87714958190918,9.87714958190918,122
2019-10-17,10.114660263061523,10.114660263061523,10.114660263061523,10.114660263061523,733
2019-10-18,10.114660263061523,10.114660263061523,10.114660263061523,10.114660263061523,0
2019-10-21,10.114660263061523,10.114660263061523,10.114660263061523,10.114660263061523,122
2019-10-22,10.114660263061523,10.114660263061523,10.114660263061523,10.114660263061523,122
2019-10-23,9.860770225524902,9.860770225524902,9.836199760437012,9.836199760437012,1221
2019-10-24,9.836199760437012,9.836199760437012,9.836199760437012,9.836199760437012,0
2019-10-25,9.836199760437012,9.836199760437012,9.836199760437012,9.836199760437012,0
2019-10-28,9.836199760437012,9.836199760437012,9.836199760437012,9.836199760437012,122
2019-10-29,9.828009605407715,9.828009605407715,9.828009605407715,9.828009605407715,1099
2019-10-30,9.828009605407715,9.828009605407715,9.828009605407715,9.828009605407715,0
2019-10-31,9.852580070495605,9.90172004699707,9.836199760437012,9.836199760437012,2808
2019-11-01,9.836199760437012,9.836199760437012,9.836199760437012,9.836199760437012,0
2019-11-04,9.836199760437012,9.836199760437012,9.836199760437012,9.836199760437012,0
2019-11-05,9.836199760437012,9.836199760437012,9.836199760437012,9.836199760437012,122
2019-11-06,9.836199760437012,9.836199760437012,9.836199760437012,9.836199760437012,0
2019-11-07,9.836199760437012,9.836199760437012,9.836199760437012,9.836199760437012,122
2019-11-08,9.852580070495605,9.893529891967773,9.795249938964844,9.811630249023438,2930
2019-11-11,9.811630249023438,9.811630249023438,9.811630249023438,9.811630249023438,0
2019-11-12,9.991809844970703,9.991809844970703,9.795249938964844,9.795249938964844,1099
2019-11-13,10.016380310058594,10.032759666442871,9.97542953491211,9.97542953491211,1954
2019-11-14,9.844389915466309,9.909910202026367,9.836199760437012,9.909910202026367,1221
2019-11-15,9.909910202026367,9.909910202026367,9.836199760437012,9.836199760437012,1832
2019-11-18,9.836199760437012,9.836199760437012,9.836199760437012,9.836199760437012,0
2019-11-19,9.836199760437012,9.836199760437012,9.836199760437012,9.836199760437012,122
2019-11-20,9.836199760437012,9.836199760437012,9.836199760437012,9.836199760437012,1099
2019-11-21,9.836199760437012,9.836199760437012,9.836199760437012,9.836199760437012,0
2019-11-22,10.02457046508789,10.032759666442871,10.02457046508789,10.032759666442871,2930
2019-11-25,10.032759666442871,10.032759666442871,10.032759666442871,10.032759666442871,0
2019-11-26,10.032759666442871,10.032759666442871,10.032759666442871,10.032759666442871,0
2019-11-27,10.032759666442871,10.032759666442871,10.032759666442871,10.032759666442871,0
2019-11-29,9.950860023498535,10.032759666442871,9.950860023498535,10.032759666442871,611
2019-12-02,10.032759666442871,10.032759666442871,10.032759666442871,10.032759666442871,0
2019-12-03,10.032759666442871,10.032759666442871,10.032759666442871,10.032759666442871,122
2019-12-04,10.032759666442871,10.032759666442871,10.032759666442871,10.032759666442871,0
2019-12-05,10.032759666442871,10.032759666442871,10.032759666442871,10.032759666442871,0
2019-12-06,9.991809844970703,10.1310396194458,9.991809844970703,10.1310396194458,3175
2019-12-09,10.1310396194458,10.1310396194458,10.1310396194458,10.1310396194458,0
2019-12-10,10.1310396194458,10.1310396194458,10.1310396194458,10.1310396194458,0
2019-12-11,10.1310396194458,10.1310396194458,10.1310396194458,10.1310396194458,0
2019-12-12,10.1310396194458,10.1310396194458,10.1310396194458,10.1310396194458,0
2019-12-13,10.1310396194458,10.1310396194458,10.1310396194458,10.1310396194458,0
2019-12-16,10.237509727478027,10.54054069519043,10.237509727478027,10.515971183776855,1099
2019-12-17,9.909910202026367,10.245699882507324,9.909910202026367,10.245699882507324,1221
2019-12-18,10.245699882507324,10.245699882507324,10.245699882507324,10.245699882507324,0
2019-12-19,10.245699882507324,10.245699882507324,10.245699882507324,10.245699882507324,0
2019-12-20,10.245699882507324,10.245699882507324,10.245699882507324,10.245699882507324,0
2019-12-23,10.245699882507324,10.245699882507324,10.245699882507324,10.245699882507324,0
2019-12-24,10.245699882507324,10.245699882507324,10.245699882507324,10.245699882507324,0
2019-12-26,10.245699882507324,10.245699882507324,10.245699882507324,10.245699882507324,0
2019-12-27,10.245699882507324,10.245699882507324,10.245699882507324,10.245699882507324,0
2019-12-30,10.245699882507324,10.245699882507324,10.245699882507324,10.245699882507324,0
2019-12-31,9.959050178527832,10.073710441589355,9.959050178527832,10.073710441589355,855
2020-01-02,10.155610084533691,10.155610084533691,10.155610084533691,10.155610084533691,977
2020-01-03,10.155610084533691,10.155610084533691,10.155610084533691,10.155610084533691,0
2020-01-06,10.155610084533691,10.155610084533691,10.155610084533691,10.155610084533691,0
2020-01-07,10.155610084533691,10.155610084533691,10.155610084533691,10.155610084533691,0
2020-01-08,10.155610084533691,10.155610084533691,10.155610084533691,10.155610084533691,0
2020-01-09,10.155610084533691,10.155610084533691,10.155610084533691,10.155610084533691,1221
2020-01-10,10.155610084533691,10.155610084533691,10.155610084533691,10.155610084533691,0
2020-01-13,10.090089797973633,10.090089797973633,10.090089797973633,10.090089797973633,244
2020-01-14,10.090089797973633,10.090089797973633,10.090089797973633,10.090089797973633,0
2020-01-15,10.090089797973633,10.090089797973633,10.090089797973633,10.090089797973633,0
2020-01-16,10.090089797973633,10.090089797973633,10.090089797973633,10.090089797973633,0
2020-01-17,10.090089797973633,10.090089797973633,10.090089797973633,10.090089797973633,0
2020-01-21,10.090089797973633,10.090089797973633,10.090089797973633,10.090089797973633,0
2020-01-22,10.090089797973633,10.090089797973633,10.090089797973633,10.090089797973633,0
2020-01-23,10.180179595947266,10.31941032409668,10.180179595947266,10.31941032409668,1343
2020-01-24,10.31941032409668,10.31941032409668,10.31941032409668,10.31941032409668,0
2020-01-27,10.114660263061523,10.31941032409668,10.114660263061523,10.31941032409668,13065
2020-01-28,10.31941032409668,10.31941032409668,10.31941032409668,10.31941032409668,0
2020-01-29,10.31941032409668,10.31941032409668,10.31941032409668,10.31941032409668,0
2020-01-30,10.31941032409668,10.31941032409668,10.31941032409668,10.31941032409668,0
2020-01-31,10.31941032409668,10.31941032409668,10.31941032409668,10.31941032409668,0
2020-02-03,10.12285041809082,10.12285041809082,10.12285041809082,10.12285041809082,122
2020-02-04,10.12285041809082,10.12285041809082,10.12285041809082,10.12285041809082,0
2020-02-05,10.12285041809082,10.12285041809082,10.12285041809082,10.12285041809082,0
2020-02-06,10.12285041809082,10.12285041809082,10.12285041809082,10.12285041809082,0
2020-02-07,10.12285041809082,10.12285041809082,10.12285041809082,10.12285041809082,0
2020-02-10,10.31941032409668,10.31941032409668,10.31941032409668,10.31941032409668,1709
2020-02-11,10.31941032409668,10.31941032409668,10.31941032409668,10.31941032409668,0
2020-02-12,10.081899642944336,10.1310396194458,10.081899642944336,10.1310396194458,244
2020-02-13,10.1310396194458,10.1310396194458,10.1310396194458,10.1310396194458,0
2020-02-14,10.049139976501465,10.081899642944336,10.049139976501465,10.065520286560059,611
2020-02-18,10.237509727478027,10.237509727478027,10.237509727478027,10.237509727478027,122
2020-02-19,10.22113037109375,10.22113037109375,10.12285041809082,10.1310396194458,1832
2020-02-20,10.1310396194458,10.1310396194458,10.1310396194458,10.1310396194458,0
2020-02-21,10.1310396194458,10.1310396194458,10.1310396194458,10.1310396194458,0
2020-02-24,10.040949821472168,10.163800239562988,10.040949821472168,10.040949821472168,2808
2020-02-25,10.040949821472168,10.163800239562988,10.040949821472168,10.040949821472168,23321
2020-02-26,10.040949821472168,10.040949821472168,10.040949821472168,10.040949821472168,0
2020-02-27,9.836199760437012,10.049139976501465,9.836199760437012,10.032759666442871,6716
2020-02-28,10.032759666442871,10.032759666442871,10.032759666442871,10.032759666442871,122
2020-03-02,10.032759666442871,10.032759666442871,10.032759666442871,10.032759666442871,0
2020-03-03,9.631449699401855,9.631449699401855,9.631449699401855,9.631449699401855,1832
2020-03-04,9.631449699401855,9.631449699401855,9.631449699401855,9.631449699401855,0
2020-03-05,9.254709243774414,9.254709243774414,9.230138778686523,9.254709243774414,977
2020-03-06,9.254709243774414,9.254709243774414,9.254709243774414,9.254709243774414,122
2020-03-09,8.230957984924316,8.779688835144043,8.230957984924316,8.779688835144043,2930
2020-03-10,8.435708045959473,8.435708045959473,8.402948379516602,8.402948379516602,3419
2020-03-11,8.402948379516602,8.402948379516602,8.402948379516602,8.402948379516602,0
2020-03-12,7.076167106628418,7.837838172912598,7.076167106628418,7.493856906890869,9158
2020-03-13,7.493856906890869,7.493856906890869,7.493856906890869,7.493856906890869,0
2020-03-16,7.428337097167969,7.428337097167969,7.125307083129883,7.420146942138672,6471
2020-03-17,7.289106845855713,7.321866989135742,7.289106845855713,7.321866989135742,611
2020-03-18,7.207207202911377,7.207207202911377,7.207207202911377,7.207207202911377,1099
2020-03-19,7.371006965637207,7.371006965637207,7.371006965637207,7.371006965637207,13919
2020-03-20,7.371006965637207,7.371006965637207,7.371006965637207,7.371006965637207,0
2020-03-23,7.207207202911377,7.207207202911377,7.207207202911377,7.207207202911377,366
2020-03-24,7.346436977386475,7.346436977386475,7.321866989135742,7.321866989135742,611
2020-03-25,7.321866989135742,7.321866989135742,7.321866989135742,7.321866989135742,0
2020-03-26,7.600327968597412,7.600327968597412,7.600327968597412,7.600327968597412,366
2020-03-27,7.371006965637207,7.371006965637207,7.371006965637207,7.371006965637207,1954
2020-03-30,7.371006965637207,7.411956787109375,7.371006965637207,7.411956787109375,2320
2020-03-31,7.371006965637207,7.411956787109375,7.371006965637207,7.371006965637207,8547
2020-04-01,7.616707801818848,7.616707801818848,7.616707801818848,7.616707801818848,366
2020-04-02,7.616707801818848,7.616707801818848,7.616707801818848,7.616707801818848,0
2020-04-03,6.986076831817627,6.986076831817627,6.986076831817627,6.986076831817627,122
2020-04-06,6.969696998596191,7.076167106628418,6.764946937561035,6.764946937561035,2198
2020-04-07,7.534808158874512,7.534808158874512,7.534808158874512,7.534808158874512,733
2020-04-08,7.534808158874512,7.534808158874512,7.534808158874512,7.534808158874512,0
2020-04-09,7.534808158874512,7.534808158874512,7.534808158874512,7.534808158874512,0
2020-04-13,7.534808158874512,7.534808158874512,7.534808158874512,7.534808158874512,0
2020-04-14,7.534808158874512,7.534808158874512,7.534808158874512,7.534808158874512,0
2020-04-15,7.534808158874512,7.534808158874512,7.534808158874512,7.534808158874512,0
2020-04-16,7.2235870361328125,7.231777191162109,7.2235870361328125,7.231777191162109,366
2020-04-17,7.231777191162109,7.231777191162109,7.231777191162109,7.231777191162109,0
2020-04-20,7.231777191162109,7.231777191162109,7.231777191162109,7.231777191162109,0
2020-04-21,6.764946937561035,6.773137092590332,6.764946937561035,6.773137092590332,611
2020-04-22,6.773137092590332,6.773137092590332,6.773137092590332,6.773137092590332,0
2020-04-23,7.248157024383545,7.248157024383545,7.248157024383545,7.248157024383545,733
2020-04-24,7.248157024383545,7.248157024383545,7.248157024383545,7.248157024383545,0
2020-04-27,7.321866989135742,7.321866989135742,7.321866989135742,7.321866989135742,122
2020-04-28,7.321866989135742,7.321866989135742,7.321866989135742,7.321866989135742,0
2020-04-29,7.158067226409912,7.166256904602051,7.084356784820557,7.084356784820557,1343
2020-04-30,7.371006965637207,7.371006965637207,7.371006965637207,7.371006965637207,366
2020-05-01,7.371006965637207,7.371006965637207,7.371006965637207,7.371006965637207,0
2020-05-04,7.371006965637207,7.371006965637207,7.371006965637207,7.371006965637207,0
2020-05-05,7.371006965637207,7.371006965637207,7.371006965637207,7.371006965637207,0
2020-05-06,7.371006965637207,7.371006965637207,7.371006965637207,7.371006965637207,0
2020-05-07,7.371006965637207,7.371006965637207,7.371006965637207,7.371006965637207,0
2020-05-08,7.330057144165039,7.452907085418701,7.330057144165039,7.452907085418701,611
2020-05-11,8.190008163452148,8.206388473510742,8.165437698364258,8.190008163452148,1099
2020-05-12,8.190008163452148,8.190008163452148,8.190008163452148,8.190008163452148,0
2020-05-13,8.190008163452148,8.190008163452148,8.190008163452148,8.190008163452148,0
2020-05-14,8.190008163452148,8.190008163452148,8.190008163452148,8.190008163452148,0
2020-05-15,8.190008163452148,8.190008163452148,8.190008163452148,8.190008163452148,0
2020-05-18,8.190008163452148,8.190008163452148,8.190008163452148,8.190008163452148,0
2020-05-19,8.190008163452148,8.190008163452148,8.190008163452148,8.190008163452148,0
2020-05-20,8.12448787689209,8.12448787689209,8.12448787689209,8.12448787689209,122
2020-05-21,8.14905834197998,8.14905834197998,7.731368064880371,7.731368064880371,488
2020-05-22,7.731368064880371,7.731368064880371,7.731368064880371,7.731368064880371,0
2020-05-26,7.371006965637207,7.371006965637207,6.9615068435668945,7.36281681060791,1587
2020-05-27,7.289106845855713,7.289106845855713,7.289106845855713,7.289106845855713,122
2020-05-28,7.289106845855713,7.289106845855713,7.289106845855713,7.289106845855713,0
2020-05-29,7.289106845855713,7.289106845855713,7.289106845855713,7.289106845855713,0
2020-06-01,7.289106845855713,7.289106845855713,7.289106845855713,7.289106845855713,0
2020-06-02,7.289106845855713,7.289106845855713,7.289106845855713,7.289106845855713,0
2020-06-03,7.86240816116333,7.86240816116333,7.690417766571045,7.690417766571045,733
2020-06-04,7.551187992095947,7.551187992095947,7.551187992095947,7.551187992095947,1221
2020-06-05,7.551187992095947,7.551187992095947,7.551187992095947,7.551187992095947,0
2020-06-08,7.551187992095947,7.551187992095947,7.551187992095947,7.551187992095947,0
2020-06-09,7.57575798034668,7.7968878746032715,7.57575798034668,7.739558219909668,1832
2020-06-10,7.739558219909668,7.895167827606201,7.739558219909668,7.895167827606201,855
2020-06-11,7.895167827606201,7.895167827606201,7.895167827606201,7.895167827606201,0
2020-06-12,7.895167827606201,7.895167827606201,7.895167827606201,7.895167827606201,122
2020-06-15,7.6658477783203125,7.846027851104736,7.6658477783203125,7.780508041381836,1099
2020-06-16,7.6658477783203125,7.772317886352539,7.6658477783203125,7.772317886352539,855
2020-06-17,7.371006965637207,7.493856906890869,7.371006965637207,7.371006965637207,855
2020-06-18,7.698607921600342,7.780508041381836,7.698607921600342,7.780508041381836,488
2020-06-19,7.420146942138672,7.420146942138672,7.289106845855713,7.289106845855713,855
2020-06-22,7.289106845855713,7.289106845855713,7.289106845855713,7.289106845855713,0
2020-06-23,7.289106845855713,7.289106845855713,7.289106845855713,7.289106845855713,0
2020-06-24,7.280917167663574,7.54299783706665,7.280917167663574,7.54299783706665,977
2020-06-25,7.54299783706665,7.54299783706665,7.54299783706665,7.54299783706665,244
2020-06-26,7.54299783706665,7.54299783706665,7.166256904602051,7.166256904602051,1465
2020-06-29,6.994266986846924,6.994266986846924,6.994266986846924,6.994266986846924,244
2020-06-30,7.330057144165039,7.330057144165039,7.330057144165039,7.330057144165039,244
2020-07-01,7.330057144165039,7.36281681060791,7.330057144165039,7.36281681060791,611
2020-07-02,7.36281681060791,7.36281681060791,7.36281681060791,7.36281681060791,0
2020-07-06,7.36281681060791,7.36281681060791,7.36281681060791,7.36281681060791,0
2020-07-07,7.36281681060791,7.36281681060791,7.36281681060791,7.36281681060791,0
2020-07-08,7.158067226409912,7.158067226409912,6.9615068435668945,6.9615068435668945,366
2020-07-09,6.9615068435668945,6.9615068435668945,6.9615068435668945,6.9615068435668945,0
2020-07-10,6.756756782531738,6.756756782531738,6.707616806030273,6.707616806030273,1099
2020-07-13,6.855037212371826,6.863226890563965,6.855037212371826,6.855037212371826,1099
2020-07-14,6.855037212371826,6.855037212371826,6.855037212371826,6.855037212371826,0
2020-07-15,6.855037212371826,6.855037212371826,6.855037212371826,6.855037212371826,0
2020-07-16,6.855037212371826,6.855037212371826,6.855037212371826,6.855037212371826,0
2020-07-17,6.855037212371826,6.855037212371826,6.855037212371826,6.855037212371826,0
2020-07-20,6.601147174835205,6.601147174835205,6.601147174835205,6.601147174835205,4396
2020-07-21,6.846847057342529,6.855037212371826,6.142506122589111,6.224405765533447,7448
2020-07-22,6.855037212371826,6.855037212371826,6.527437210083008,6.527437210083008,4274
2020-07-23,6.855037212371826,6.9615068435668945,6.224405765533447,6.224405765533447,3297
2020-07-24,6.224405765533447,6.224405765533447,6.224405765533447,6.224405765533447,0
2020-07-27,6.224405765533447,6.224405765533447,6.224405765533447,6.224405765533447,0
2020-07-28,6.224405765533447,6.224405765533447,6.224405765533447,6.224405765533447,0
2020-07-29,6.224405765533447,6.224405765533447,6.224405765533447,6.224405765533447,0
2020-07-30,6.502867221832275,6.502867221832275,6.502867221832275,6.502867221832275,977
2020-07-31,6.502867221832275,6.502867221832275,6.502867221832275,6.502867221832275,0
2020-08-03,6.633906841278076,6.633906841278076,6.511056900024414,6.511056900024414,855
2020-08-04,6.773137092590332,6.773137092590332,6.773137092590332,6.773137092590332,366
2020-08-05,6.773137092590332,6.773137092590332,6.773137092590332,6.773137092590332,0
2020-08-06,6.773137092590332,6.773137092590332,6.773137092590332,6.773137092590332,0
2020-08-07,6.773137092590332,6.773137092590332,6.773137092590332,6.773137092590332,0
2020-08-10,6.773137092590332,6.773137092590332,6.773137092590332,6.773137092590332,0
2020-08-11,6.7977070808410645,11.711711883544922,6.7977070808410645,7.657658100128174,65812
2020-08-12,7.452907085418701,7.452907085418701,6.764946937561035,6.855037212371826,5617
2020-08-13,6.756756782531738,6.863226890563965,6.756756782531738,6.863226890563965,1099
2020-08-14,6.863226890563965,6.863226890563965,6.863226890563965,6.863226890563965,0
2020-08-17,7.371006965637207,7.371006965637207,6.560196876525879,6.560196876525879,6349
2020-08-18,7.158067226409912,7.158067226409912,7.149877071380615,7.149877071380615,1099
2020-08-19,7.149877071380615,7.149877071380615,7.149877071380615,7.149877071380615,0
2020-08-20,6.674857139587402,6.674857139587402,6.560196876525879,6.601147174835205,2442
2020-08-21,6.855037212371826,6.855037212371826,6.568387031555176,6.568387031555176,855
2020-08-24,6.560196876525879,6.65028715133667,6.560196876525879,6.560196876525879,5128
2020-08-25,6.592957019805908,6.707616806030273,6.592957019805908,6.707616806030273,366
2020-08-26,6.560196876525879,6.560196876525879,6.560196876525879,6.560196876525879,244
2020-08-27,6.560196876525879,6.756756782531738,6.55200719833374,6.55200719833374,3419
2020-08-28,6.65028715133667,6.65028715133667,6.65028715133667,6.65028715133667,733
2020-08-31,6.642096996307373,6.822277069091797,6.560196876525879,6.560196876525879,3907
2020-09-01,6.617527008056641,6.838656902313232,6.560196876525879,6.592957019805908,27228
2020-09-02,6.592957019805908,6.592957019805908,6.592957019805908,6.592957019805908,0
2020-09-03,6.592957019805908,6.592957019805908,6.592957019805908,6.592957019805908,0
2020-09-04,6.822277069091797,7.108926773071289,6.822277069091797,7.067976951599121,4396
2020-09-08,6.576577186584473,6.805897235870361,6.560196876525879,6.805897235870361,3297
2020-09-09,7.108926773071289,7.108926773071289,6.568387031555176,6.691236972808838,5128
2020-09-10,6.560196876525879,7.108926773071289,6.560196876525879,7.108926773071289,1343
2020-09-11,6.601147174835205,7.108926773071289,6.601147174835205,7.108926773071289,366
2020-09-14,7.117116928100586,7.117116928100586,6.846847057342529,7.108926773071289,7082
2020-09-15,6.674857139587402,6.674857139587402,6.609336853027344,6.633906841278076,2198
2020-09-16,7.10073709487915,7.108926773071289,7.10073709487915,7.108926773071289,488
2020-09-17,6.691236972808838,6.691236972808838,6.691236972808838,6.691236972808838,733
2020-09-18,6.904177188873291,7.010646820068359,6.576577186584473,6.576577186584473,3541
2020-09-21,6.6666669845581055,6.6666669845581055,6.6666669845581055,6.6666669845581055,733
2020-09-22,7.076167106628418,7.117116928100586,6.781326770782471,7.076167106628418,3541
2020-09-23,6.683046817779541,6.71580696105957,6.65028715133667,6.71580696105957,855
2020-09-24,6.71580696105957,6.71580696105957,6.71580696105957,6.71580696105957,0
2020-09-25,6.71580696105957,6.71580696105957,6.71580696105957,6.71580696105957,0
2020-09-28,6.71580696105957,6.71580696105957,6.71580696105957,6.71580696105957,0
2020-09-29,6.71580696105957,6.71580696105957,6.71580696105957,6.71580696105957,0
2020-09-30,6.830467224121094,6.830467224121094,6.830467224121094,6.830467224121094,977
2020-10-01,6.830467224121094,6.830467224121094,6.830467224121094,6.830467224121094,0
2020-10-02,6.830467224121094,6.830467224121094,6.830467224121094,6.830467224121094,0
2020-10-05,6.609336853027344,7.117116928100586,6.609336853027344,6.863226890563965,1465
2020-10-06,6.846847057342529,6.846847057342529,6.846847057342529,6.846847057342529,244
2020-10-07,6.846847057342529,6.846847057342529,6.846847057342529,6.846847057342529,0
2020-10-08,6.846847057342529,6.846847057342529,6.846847057342529,6.846847057342529,0
2020-10-09,6.846847057342529,6.846847057342529,6.846847057342529,6.846847057342529,0
2020-10-12,6.846847057342529,6.846847057342529,6.846847057342529,6.846847057342529,0
2020-10-13,6.846847057342529,6.846847057342529,6.846847057342529,6.846847057342529,0
2020-10-14,6.846847057342529,6.846847057342529,6.846847057342529,6.846847057342529,0
2020-10-15,6.846847057342529,6.846847057342529,6.846847057342529,6.846847057342529,0
2020-10-16,6.642096996307373,6.863226890563965,6.601147174835205,6.863226890563965,2442
2020-10-19,6.609336853027344,6.609336853027344,6.609336853027344,6.609336853027344,122
2020-10-20,6.601147174835205,6.601147174835205,6.601147174835205,6.601147174835205,2808
2020-10-21,6.601147174835205,6.601147174835205,6.601147174835205,6.601147174835205,122
2020-10-22,6.601147174835205,6.601147174835205,6.601147174835205,6.601147174835205,122
2020-10-23,6.601147174835205,6.601147174835205,6.601147174835205,6.601147174835205,122
2020-10-26,6.601147174835205,6.601147174835205,6.601147174835205,6.601147174835205,0
2020-10-27,6.789516925811768,6.789516925811768,6.789516925811768,6.789516925811768,244
2020-10-28,6.789516925811768,6.789516925811768,6.789516925811768,6.789516925811768,0
2020-10-29,6.789516925811768,6.789516925811768,6.789516925811768,6.789516925811768,0
2020-10-30,6.633906841278076,7.117116928100586,6.633906841278076,7.0925469398498535,7570
2020-11-02,6.920557022094727,7.010646820068359,6.920557022094727,7.010646820068359,733
2020-11-03,6.936936855316162,6.936936855316162,6.846847057342529,6.846847057342529,1709
2020-11-04,6.846847057342529,6.846847057342529,6.846847057342529,6.846847057342529,0
2020-11-05,6.846847057342529,6.846847057342529,6.846847057342529,6.846847057342529,0
2020-11-06,6.846847057342529,6.846847057342529,6.846847057342529,6.846847057342529,0
2020-11-09,7.166256904602051,7.166256904602051,6.879607200622559,7.166256904602051,3175
2020-11-10,6.9615068435668945,7.018836975097656,6.9615068435668945,7.010646820068359,3663
2020-11-11,7.141686916351318,7.141686916351318,6.977887153625488,6.977887153625488,3541
2020-11-12,6.977887153625488,6.977887153625488,6.977887153625488,6.977887153625488,7692
2020-11-13,6.977887153625488,6.977887153625488,6.977887153625488,6.977887153625488,0
2020-11-16,7.141686916351318,7.452907085418701,6.986076831817627,6.986076831817627,2076
2020-11-17,7.436526775360107,7.452907085418701,6.986076831817627,7.420146942138672,31013
2020-11-18,7.411956787109375,7.411956787109375,7.411956787109375,7.411956787109375,488
2020-11-19,7.411956787109375,7.411956787109375,7.411956787109375,7.411956787109375,0
2020-11-20,7.3955769538879395,7.452907085418701,7.371006965637207,7.371006965637207,2320
2020-11-23,7.338246822357178,7.338246822357178,7.338246822357178,7.338246822357178,122
2020-11-24,7.452907085418701,7.452907085418701,7.452907085418701,7.452907085418701,122
2020-11-25,7.067976951599121,7.084356784820557,7.0515971183776855,7.0515971183776855,3907
2020-11-27,7.010646820068359,7.010646820068359,7.010646820068359,7.010646820068359,366
2020-11-30,7.371006965637207,7.411956787109375,7.371006965637207,7.411956787109375,733
2020-12-01,7.411956787109375,7.411956787109375,7.411956787109375,7.411956787109375,366
2020-12-02,7.371006965637207,7.371006965637207,7.239966869354248,7.371006965637207,4884
2020-12-03,7.207207202911377,7.330057144165039,7.174447059631348,7.330057144165039,3175
2020-12-04,7.330057144165039,7.330057144165039,7.330057144165039,7.330057144165039,0
2020-12-07,7.239966869354248,7.239966869354248,7.239966869354248,7.239966869354248,366
2020-12-08,7.313676834106445,7.452907085418701,7.313676834106445,7.452907085418701,4396
2020-12-09,7.371006965637207,7.567567825317383,7.330057144165039,7.567567825317383,8425
2020-12-10,7.821457862854004,7.821457862854004,7.821457862854004,7.821457862854004,366
2020-12-11,7.821457862854004,7.821457862854004,7.821457862854004,7.821457862854004,0
2020-12-14,7.7641282081604,7.7641282081604,7.690417766571045,7.723177909851074,1099
2020-12-15,7.7559380531311035,7.7559380531311035,7.534808158874512,7.534808158874512,855
2020-12-16,7.649467945098877,7.657658100128174,7.600327968597412,7.600327968597412,1221
2020-12-17,7.780508041381836,7.780508041381836,7.780508041381836,7.780508041381836,488
2020-12-18,7.821457862854004,7.821457862854004,7.493856906890869,7.493856906890869,1709
2020-12-21,7.6658477783203125,7.7968878746032715,7.6658477783203125,7.7968878746032715,5372
2020-12-22,7.86240816116333,7.86240816116333,7.616707801818848,7.616707801818848,8181
2020-12-23,7.829648017883301,7.846027851104736,7.583948135375977,7.813268184661865,2198
2020-12-24,7.8869781494140625,7.8869781494140625,7.8869781494140625,7.8869781494140625,1099
2020-12-28,7.878787994384766,7.878787994384766,7.805078029632568,7.813268184661865,4518
2020-12-29,7.821457862854004,7.86240816116333,7.821457862854004,7.837838172912598,7692
2020-12-30,7.86240816116333,7.86240816116333,7.86240816116333,7.86240816116333,488
2020-12-31,7.895167827606201,7.895167827606201,7.747747898101807,7.895167827606201,733
2021-01-04,8.378377914428711,8.484848022460938,8.22276782989502,8.361997604370117,1587
2021-01-05,8.394758224487305,8.394758224487305,8.370187759399414,8.386568069458008,855
2021-01-06,8.312857627868652,8.394758224487305,8.230957984924316,8.230957984924316,733
2021-01-07,7.452907085418701,8.304668426513672,7.428337097167969,8.304668426513672,977
2021-01-08,8.370187759399414,8.394758224487305,8.370187759399414,8.394758224487305,1465
2021-01-11,7.86240816116333,8.353808403015137,7.86240816116333,8.337428092956543,611
2021-01-12,8.337428092956543,8.337428092956543,8.337428092956543,8.337428092956543,0
2021-01-13,8.337428092956543,8.337428092956543,8.337428092956543,8.337428092956543,0
2021-01-14,7.919737815856934,7.919737815856934,7.919737815856934,7.919737815856934,855
2021-01-15,7.518427848815918,8.091728210449219,7.518427848815918,8.067157745361328,733
2021-01-19,8.255528450012207,8.304668426513672,8.255528450012207,8.255528450012207,1221
2021-01-20,7.96068811416626,8.198198318481445,7.96068811416626,8.198198318481445,733
2021-01-21,8.009827613830566,8.22276782989502,7.96068811416626,8.22276782989502,2320
2021-01-22,8.22276782989502,8.22276782989502,8.22276782989502,8.22276782989502,122
2021-01-25,8.271907806396484,8.394758224487305,8.271907806396484,8.394758224487305,3419
2021-01-26,8.353808403015137,9.164619445800781,8.353808403015137,8.959869384765625,4884
2021-01-27,9.000819206237793,9.516790390014648,8.902539253234863,9.279278755187988,3541
2021-01-28,9.705160140991211,9.705160140991211,8.484848022460938,8.76330852508545,1832
2021-01-29,8.599509239196777,9.00900936126709,8.599509239196777,9.00900936126709,488
2021-02-01,9.00900936126709,9.00900936126709,8.517608642578125,8.517608642578125,366
2021-02-02,9.385748863220215,9.385748863220215,8.55855941772461,8.55855941772461,1343
2021-02-03,8.599509239196777,8.976248741149902,8.583128929138184,8.976248741149902,733
2021-02-04,8.607699394226074,9.14004898071289,8.607699394226074,8.68959903717041,8181
2021-02-05,8.68959903717041,8.68959903717041,8.68959903717041,8.68959903717041,0
2021-02-08,8.681408882141113,8.681408882141113,8.681408882141113,8.681408882141113,366
2021-02-09,8.394758224487305,8.607699394226074,8.394758224487305,8.607699394226074,2198
2021-02-10,8.607699394226074,8.722358703613281,8.607699394226074,8.607699394226074,855
2021-02-11,8.607699394226074,8.640459060668945,8.607699394226074,8.607699394226074,1832
2021-02-12,8.607699394226074,8.76330852508545,8.607699394226074,8.607699394226074,2320
2021-02-16,8.607699394226074,8.681408882141113,8.607699394226074,8.681408882141113,977
2021-02-17,8.681408882141113,8.681408882141113,8.681408882141113,8.681408882141113,0
2021-02-18,8.681408882141113,8.681408882141113,8.681408882141113,8.681408882141113,0
2021-02-19,8.681408882141113,8.681408882141113,8.681408882141113,8.681408882141113,0
2021-02-22,8.968058586120605,8.968058586120605,8.804259300231934,8.804259300231934,611
2021-02-23,8.943489074707031,8.943489074707031,8.943489074707031,8.943489074707031,244
2021-02-24,8.927108764648438,8.927108764648438,8.779688835144043,8.779688835144043,366
2021-02-25,9.00900936126709,9.00900936126709,9.00900936126709,9.00900936126709,244
2021-02-26,9.221948623657227,10.655200958251953,9.221948623657227,10.655200958251953,36142
2021-03-01,10.917281150817871,12.32596206665039,10.843570709228516,11.85094165802002,8303
2021-03-02,11.744471549987793,11.744471549987793,11.719902038574219,11.719902038574219,611
2021-03-03,11.719902038574219,12.047501564025879,11.719902038574219,11.75266170501709,11233
2021-03-04,11.793611526489258,11.793611526489258,11.515151977539062,11.515151977539062,5983
2021-03-05,11.506961822509766,11.515151977539062,11.220311164855957,11.220311164855957,1465
2021-03-08,11.162981033325195,11.162981033325195,10.966421127319336,11.097460746765137,855
2021-03-09,10.85995101928711,10.85995101928711,10.704340934753418,10.728911399841309,5861
2021-03-10,10.728911399841309,10.737100601196289,10.696150779724121,10.720721244812012,3663
2021-03-11,10.720721244812012,11.072891235351562,10.720721244812012,11.023751258850098,3541
2021-03-12,10.737100601196289,10.745290756225586,10.728911399841309,10.728911399841309,855
2021-03-15,10.704340934753418,10.704340934753418,10.524161338806152,10.524161338806152,1954
2021-03-16,10.933661460876465,10.933661460876465,10.933661460876465,10.933661460876465,244
2021-03-17,10.76167106628418,10.76167106628418,10.76167106628418,10.76167106628418,244
2021-03-18,10.76167106628418,10.76167106628418,10.76167106628418,10.76167106628418,0
2021-03-19,10.827191352844238,10.89271068572998,10.728911399841309,10.89271068572998,8425
2021-03-22,10.89271068572998,10.89271068572998,10.89271068572998,10.89271068572998,0
2021-03-23,11.261260986328125,11.261260986328125,11.0155611038208,11.0155611038208,1465
2021-03-24,11.0155611038208,11.0155611038208,11.0155611038208,11.0155611038208,0
2021-03-25,11.67895221710205,11.67895221710205,11.662571907043457,11.662571907043457,611
2021-03-26,11.662571907043457,11.662571907043457,11.662571907043457,11.662571907043457,0
2021-03-29,11.662571907043457,11.662571907043457,11.662571907043457,11.662571907043457,0
2021-03-30,11.662571907043457,11.662571907043457,11.662571907043457,11.662571907043457,0
2021-03-31,11.261260986328125,11.261260986328125,11.261260986328125,11.261260986328125,611
2021-04-01,11.261260986328125,11.33497142791748,11.056510925292969,11.33497142791748,3053
2021-04-05,11.171171188354492,11.400490760803223,11.171171188354492,11.400490760803223,1587
2021-04-06,11.056510925292969,11.056510925292969,11.0155611038208,11.0155611038208,1587
2021-04-07,10.819001197814941,10.843570709228516,10.442259788513184,10.810811042785645,2320
2021-04-08,10.810811042785645,10.810811042785645,10.810811042785645,10.810811042785645,0
2021-04-09,10.810811042785645,10.810811042785645,10.810811042785645,10.810811042785645,0
2021-04-12,11.605241775512695,11.793611526489258,11.580672264099121,11.605241775512695,6349
2021-04-13,11.130221366882324,11.154790878295898,10.827191352844238,11.154790878295898,17582
2021-04-14,11.154790878295898,11.154790878295898,11.154790878295898,11.154790878295898,0
2021-04-15,10.835380554199219,11.695331573486328,10.835380554199219,11.466011047363281,2564
2021-04-16,11.056510925292969,11.056510925292969,11.056510925292969,11.056510925292969,611
2021-04-19,10.89271068572998,10.89271068572998,10.810811042785645,10.810811042785645,855
2021-04-20,10.810811042785645,10.810811042785645,10.810811042785645,10.810811042785645,488
2021-04-21,10.933661460876465,10.933661460876465,10.933661460876465,10.933661460876465,244
2021-04-22,10.933661460876465,10.933661460876465,10.933661460876465,10.933661460876465,0
2021-04-23,10.933661460876465,10.933661460876465,10.933661460876465,10.933661460876465,0
2021-04-26,10.933661460876465,10.933661460876465,10.933661460876465,10.933661460876465,0
2021-04-27,10.933661460876465,10.933661460876465,10.933661460876465,10.933661460876465,0
2021-04-28,10.933661460876465,10.933661460876465,10.933661460876465,10.933661460876465,0
2021-04-29,10.933661460876465,10.933661460876465,10.933661460876465,10.933661460876465,0
2021-04-30,10.933661460876465,10.933661460876465,10.933661460876465,10.933661460876465,0
2021-05-03,10.933661460876465,10.933661460876465,10.933661460876465,10.933661460876465,1221
2021-05-04,10.933661460876465,10.933661460876465,10.933661460876465,10.933661460876465,0
2021-05-05,10.925471305847168,10.925471305847168,10.85995101928711,10.85995101928711,1099
2021-05-06,10.85995101928711,10.85995101928711,10.85995101928711,10.85995101928711,0
2021-05-07,10.933661460876465,10.933661460876465,10.933661460876465,10.933661460876465,244
2021-05-10,10.810811042785645,10.810811042785645,10.810811042785645,10.810811042785645,244
2021-05-11,10.827191352844238,10.827191352844238,10.827191352844238,10.827191352844238,611
2021-05-12,10.933661460876465,10.933661460876465,10.737100601196289,10.925471305847168,3175
2021-05-13,10.89271068572998,10.89271068572998,10.89271068572998,10.89271068572998,244
2021-05-14,10.933661460876465,10.933661460876465,10.89271068572998,10.925471305847168,2808
2021-05-17,10.778051376342773,10.778051376342773,10.737100601196289,10.737100601196289,1465
2021-05-18,10.753480911254883,10.925471305847168,10.753480911254883,10.925471305847168,2808
2021-05-19,10.85995101928711,10.85995101928711,10.851760864257812,10.851760864257812,1343
2021-05-20,10.868141174316406,10.876331329345703,10.85995101928711,10.85995101928711,2930
2021-05-21,10.851760864257812,10.933661460876465,10.851760864257812,10.925471305847168,2198
2021-05-24,10.769861221313477,10.933661460876465,10.728911399841309,10.933661460876465,3053
2021-05-25,10.835380554199219,10.933661460876465,10.835380554199219,10.933661460876465,17949
2021-05-26,10.933661460876465,10.933661460876465,10.933661460876465,10.933661460876465,0
2021-05-27,10.933661460876465,10.933661460876465,10.933661460876465,10.933661460876465,0
2021-05-28,11.08927059173584,11.367731094360352,11.064701080322266,11.367731094360352,7937
2021-06-01,11.44144058227539,11.44144058227539,11.400490760803223,11.43325138092041,2320
2021-06-02,11.416871070861816,11.416871070861816,11.400490760803223,11.400490760803223,977
2021-06-03,10.851760864257812,10.950040817260742,10.778051376342773,10.933661460876465,2198
2021-06-04,11.367731094360352,11.367731094360352,10.933661460876465,10.933661460876465,1832
2021-06-07,11.056510925292969,11.285831451416016,10.933661460876465,11.285831451416016,3541
2021-06-08,10.941850662231445,10.941850662231445,10.941850662231445,10.941850662231445,122
2021-06-09,11.416871070861816,11.416871070861816,10.99099063873291,10.99099063873291,1099
2021-06-10,11.425061225891113,11.43325138092041,10.98280143737793,11.056510925292969,11111
2021-06-11,11.384111404418945,11.425061225891113,11.384111404418945,11.40868091583252,977
2021-06-14,11.384111404418945,11.384111404418945,10.89271068572998,10.89271068572998,10501
2021-06-15,10.941850662231445,10.941850662231445,10.941850662231445,10.941850662231445,366
2021-06-16,11.171171188354492,11.171171188354492,10.925471305847168,10.933661460876465,1954
2021-06-17,10.941850662231445,11.056510925292969,10.941850662231445,10.974611282348633,2564
2021-06-18,10.941850662231445,11.253070831298828,10.941850662231445,11.253070831298828,855
2021-06-21,11.253070831298828,11.253070831298828,11.253070831298828,11.253070831298828,0
2021-06-22,11.056510925292969,11.056510925292969,11.056510925292969,11.056510925292969,366
2021-06-23,11.056510925292969,11.056510925292969,11.056510925292969,11.056510925292969,0
2021-06-24,11.056510925292969,11.056510925292969,11.056510925292969,11.056510925292969,0
2021-06-25,11.43325138092041,12.096641540527344,11.400490760803223,12.096641540527344,9280
2021-06-28,11.375921249389648,11.87551212310791,11.056510925292969,11.302210807800293,1587
2021-06-29,11.302210807800293,11.302210807800293,11.302210807800293,11.302210807800293,0
2021-06-30,11.302210807800293,11.302210807800293,11.302210807800293,11.302210807800293,0
2021-07-01,11.384111404418945,11.384111404418945,11.384111404418945,11.384111404418945,488
2021-07-02,11.384111404418945,11.384111404418945,11.384111404418945,11.384111404418945,0
2021-07-06,11.998361587524414,11.998361587524414,11.998361587524414,11.998361587524414,244
2021-07-07,11.957411766052246,12.031122207641602,11.957411766052246,12.031122207641602,4518
2021-07-08,12.031122207641602,12.031122207641602,12.031122207641602,12.031122207641602,0
2021-07-09,12.031122207641602,12.031122207641602,12.031122207641602,12.031122207641602,0
2021-07-12,11.474201202392578,11.547911643981934,11.474201202392578,11.547911643981934,1343
2021-07-13,11.547911643981934,11.547911643981934,11.269451141357422,11.269451141357422,5495
2021-07-14,11.621622085571289,11.621622085571289,11.072891235351562,11.539722442626953,4029
2021-07-15,11.0,11.180000305175781,10.859999656677246,10.9399995803833,291000
2021-07-16,10.859999656677246,10.989999771118164,10.75,10.75,130800
2021-07-19,10.739999771118164,10.75,10.65999984741211,10.65999984741211,28700
2021-07-20,10.65999984741211,10.699999809265137,10.65999984741211,10.6899995803833,13800
2021-07-21,10.699999809265137,10.75,10.65999984741211,10.65999984741211,30000
2021-07-22,10.699999809265137,10.699999809265137,10.65999984741211,10.699999809265137,34600
2021-07-23,10.609999656677246,10.680000305175781,10.600000381469727,10.619999885559082,28100
2021-07-26,10.609999656677246,10.609999656677246,10.520000457763672,10.550000190734863,30300
2021-07-27,10.5,10.529999732971191,10.460000038146973,10.479999542236328,21500
2021-07-28,10.470000267028809,10.479999542236328,10.40999984741211,10.460000038146973,24000
2021-07-29,10.460000038146973,10.479999542236328,10.420000076293945,10.430000305175781,28200
2021-07-30,10.460000038146973,10.460000038146973,10.40999984741211,10.40999984741211,17200
2021-08-02,10.40999984741211,10.449999809265137,10.319999694824219,10.399999618530273,52900
2021-08-03,10.369999885559082,10.399999618530273,10.25,10.319999694824219,75600
2021-08-04,10.300000190734863,10.319999694824219,10.149999618530273,10.149999618530273,106900
2021-08-05,10.279999732971191,10.279999732971191,10.199999809265137,10.25,63200
2021-08-06,10.210000038146973,10.34000015258789,10.199999809265137,10.300000190734863,49400
2021-08-09,10.3100004196167,10.329999923706055,10.300000190734863,10.319999694824219,36300
2021-08-10,10.329999923706055,10.329999923706055,10.260000228881836,10.3100004196167,22100
2021-08-11,10.300000190734863,10.300000190734863,10.220000267028809,10.260000228881836,39800
2021-08-12,10.3100004196167,10.3100004196167,10.180000305175781,10.210000038146973,15000
2021-08-13,10.149999618530273,10.34000015258789,10.149999618530273,10.229999542236328,12900
2021-08-16,10.289999961853027,10.420000076293945,10.289999961853027,10.390000343322754,45600
2021-08-17,10.390000343322754,10.420000076293945,10.390000343322754,10.399999618530273,23500
2021-08-18,10.399999618530273,10.520000457763672,10.399999618530273,10.460000038146973,16000
2021-08-19,10.3100004196167,10.3100004196167,10.260000228881836,10.270000457763672,12100
2021-08-20,10.25,10.569999694824219,10.25,10.569999694824219,19700
2021-08-23,10.5,10.550000190734863,10.399999618530273,10.399999618530273,17500
2021-08-24,10.40999984741211,10.5,10.399999618530273,10.5,33000
2021-08-25,10.5,10.5600004196167,10.5,10.529999732971191,12100
2021-08-26,10.470000267028809,10.520000457763672,10.470000267028809,10.489999771118164,19200
2021-08-27,10.529999732971191,10.5600004196167,10.5,10.5,14600
2021-08-30,10.529999732971191,10.630000114440918,10.520000457763672,10.630000114440918,12200
2021-08-31,10.539999961853027,10.619999885559082,10.529999732971191,10.5600004196167,9600
2021-09-01,10.609999656677246,10.739999771118164,10.529999732971191,10.65999984741211,22700
2021-09-02,10.630000114440918,10.640000343322754,10.510000228881836,10.5600004196167,10000
2021-09-03,10.550000190734863,10.579999923706055,10.529999732971191,10.550000190734863,36400
2021-09-07,10.579999923706055,10.680000305175781,10.569999694824219,10.619999885559082,18900
2021-09-08,10.739999771118164,10.75,10.720000267028809,10.75,5400
2021-09-09,10.739999771118164,10.779999732971191,10.630000114440918,10.779999732971191,66000
2021-09-10,10.720000267028809,10.979999542236328,10.710000038146973,10.890000343322754,43200
2021-09-13,10.869999885559082,10.989999771118164,10.869999885559082,10.899999618530273,12900
2021-09-14,10.829999923706055,10.920000076293945,10.829999923706055,10.90999984741211,5200
2021-09-15,10.84000015258789,10.84000015258789,10.800000190734863,10.8100004196167,4400
2021-09-16,10.8100004196167,10.880000114440918,10.800000190734863,10.8100004196167,7500
2021-09-17,10.800000190734863,10.850000381469727,10.800000190734863,10.850000381469727,11500
2021-09-20,10.880000114440918,10.880000114440918,10.8100004196167,10.850000381469727,18400
2021-09-21,10.8100004196167,10.9399995803833,10.8100004196167,10.90999984741211,33900
2021-09-22,10.930000305175781,11.0,10.930000305175781,10.960000038146973,6400
2021-09-23,11.0,11.029999732971191,10.859999656677246,10.9399995803833,16400
2021-09-24,10.949999809265137,11.029999732971191,10.949999809265137,10.989999771118164,21400
2021-09-27,10.930000305175781,11.100000381469727,10.920000076293945,11.0600004196167,28900
2021-09-28,11.0600004196167,11.100000381469727,10.970000267028809,11.09000015258789,35700
2021-09-29,11.130000114440918,11.239999771118164,11.09000015258789,11.220000267028809,66500
2021-09-30,11.1899995803833,11.460000038146973,11.149999618530273,11.449999809265137,69000
2021-10-01,11.449999809265137,11.739999771118164,11.34000015258789,11.699999809265137,11300
2021-10-04,11.6899995803833,11.6899995803833,11.449999809265137,11.520000457763672,5900
2021-10-05,11.59000015258789,11.600000381469727,11.59000015258789,11.600000381469727,1100
2021-10-06,11.600000381469727,11.600000381469727,11.600000381469727,11.600000381469727,3800
2021-10-07,11.140000343322754,11.640000343322754,11.119999885559082,11.619999885559082,2300
2021-10-08,11.680000305175781,11.710000038146973,11.550000190734863,11.699999809265137,16000
2021-10-11,11.699999809265137,11.699999809265137,11.699999809265137,11.699999809265137,0
2021-10-12,11.510000228881836,11.819999694824219,11.510000228881836,11.819999694824219,1200
2021-10-13,11.529999732971191,11.529999732971191,11.529999732971191,11.529999732971191,300
2021-10-14,11.510000228881836,11.739999771118164,11.510000228881836,11.649999618530273,3100
2021-10-15,11.75,11.819999694824219,11.539999961853027,11.539999961853027,3000
2021-10-18,11.539999961853027,11.539999961853027,11.529999732971191,11.529999732971191,800
2021-10-19,11.520000457763672,11.5600004196167,11.520000457763672,11.5600004196167,200
2021-10-20,11.510000228881836,11.510000228881836,11.510000228881836,11.510000228881836,600
2021-10-21,11.630000114440918,11.630000114440918,11.5,11.5,2900
2021-10-22,11.510000228881836,11.510000228881836,11.5,11.5,9100
2021-10-25,11.3100004196167,11.399999618530273,11.3100004196167,11.399999618530273,500
2021-10-26,11.390000343322754,11.399999618530273,11.390000343322754,11.399999618530273,600
2021-10-27,11.479999542236328,11.479999542236328,11.479999542236328,11.479999542236328,500
2021-10-28,11.479999542236328,11.479999542236328,11.479999542236328,11.479999542236328,400
2021-10-29,11.3100004196167,11.3100004196167,11.3100004196167,11.3100004196167,200
2021-11-01,11.3100004196167,11.399999618530273,11.300000190734863,11.399999618530273,6700
2021-11-02,11.3100004196167,11.329999923706055,11.300000190734863,11.329999923706055,3500
2021-11-03,11.4399995803833,11.539999961853027,11.329999923706055,11.420000076293945,5100
2021-11-04,11.529999732971191,11.529999732971191,11.489999771118164,11.510000228881836,5500
2021-11-05,11.5600004196167,11.5600004196167,11.5,11.550000190734863,14800
2021-11-08,11.5600004196167,11.5600004196167,11.5,11.5,24300
2021-11-09,11.5600004196167,11.5600004196167,11.529999732971191,11.539999961853027,4400
2021-11-10,11.550000190734863,11.619999885559082,11.550000190734863,11.619999885559082,3200
2021-11-11,11.5600004196167,11.819999694824219,11.539999961853027,11.819999694824219,6300
2021-11-12,11.75,11.75,11.729999542236328,11.75,2300
2021-11-15,11.850000381469727,11.850000381469727,11.680000305175781,11.699999809265137,1100
2021-11-16,11.829999923706055,11.850000381469727,11.609999656677246,11.739999771118164,6200
2021-11-17,11.699999809265137,11.899999618530273,11.680000305175781,11.760000228881836,17300
2021-11-18,11.899999618530273,11.9399995803833,11.829999923706055,11.9399995803833,9300
2021-11-19,11.9399995803833,11.9399995803833,11.850000381469727,11.899999618530273,7200
2021-11-22,11.9399995803833,11.9399995803833,11.899999618530273,11.899999618530273,7500
2021-11-23,11.710000038146973,11.9399995803833,11.710000038146973,11.829999923706055,2100
2021-11-24,11.920000076293945,11.9399995803833,11.579999923706055,11.9399995803833,18700
2021-11-26,12.0,12.0,11.579999923706055,11.720000267028809,3800
2021-11-29,11.720000267028809,11.899999618530273,11.670000076293945,11.899999618530273,3000
2021-11-30,12.0,12.050000190734863,11.899999618530273,12.0,7800
2021-12-01,12.029999732971191,12.199999809265137,12.029999732971191,12.180000305175781,5000
2021-12-02,12.239999771118164,12.239999771118164,11.899999618530273,12.199999809265137,11000
2021-12-03,12.119999885559082,12.149999618530273,12.09000015258789,12.149999618530273,1900
2021-12-06,11.989999771118164,12.119999885559082,11.989999771118164,12.069999694824219,2500
2021-12-07,11.920000076293945,12.180000305175781,11.899999618530273,12.180000305175781,3300
2021-12-08,12.149999618530273,12.239999771118164,12.029999732971191,12.229999542236328,10300
2021-12-09,12.239999771118164,12.489999771118164,12.119999885559082,12.300000190734863,21000
2021-12-10,12.380000114440918,12.390000343322754,12.350000381469727,12.390000343322754,2600
2021-12-13,12.40999984741211,12.4399995803833,12.229999542236328,12.229999542236328,3600
2021-12-14,12.319999694824219,12.34000015258789,12.3100004196167,12.34000015258789,3800
2021-12-15,12.4399995803833,12.4399995803833,12.069999694824219,12.279999732971191,900
2021-12-16,12.210000038146973,12.399999618530273,12.210000038146973,12.399999618530273,300
2021-12-17,12.25,12.329999923706055,12.0600004196167,12.329999923706055,8000
2021-12-20,12.329999923706055,12.390000343322754,12.300000190734863,12.390000343322754,5600
2021-12-21,12.319999694824219,12.319999694824219,12.319999694824219,12.319999694824219,400
2021-12-22,12.350000381469727,12.350000381469727,12.350000381469727,12.350000381469727,400
2021-12-23,12.350000381469727,12.350000381469727,12.350000381469727,12.350000381469727,0
2021-12-27,12.270000457763672,12.270000457763672,12.270000457763672,12.270000457763672,200
2021-12-28,12.25,12.25,12.25,12.25,600
2021-12-29,12.350000381469727,12.390000343322754,12.350000381469727,12.390000343322754,900
2021-12-30,12.390000343322754,12.390000343322754,12.390000343322754,12.390000343322754,0
2021-12-31,12.300000190734863,12.300000190734863,12.25,12.279999732971191,1800
2022-01-03,12.369999885559082,12.380000114440918,12.369999885559082,12.380000114440918,400
2022-01-04,12.390000343322754,12.390000343322754,12.390000343322754,12.390000343322754,1200
2022-01-05,12.289999961853027,12.390000343322754,12.170000076293945,12.390000343322754,11300
2022-01-06,12.390000343322754,12.390000343322754,12.390000343322754,12.390000343322754,0
2022-01-07,12.4399995803833,12.4399995803833,12.4399995803833,12.4399995803833,400
2022-01-10,12.4399995803833,12.4399995803833,12.4399995803833,12.4399995803833,500
2022-01-11,12.430000305175781,12.4399995803833,12.25,12.25,2600
2022-01-12,12.239999771118164,12.239999771118164,12.220000267028809,12.220000267028809,900
2022-01-13,12.380000114440918,12.460000038146973,12.380000114440918,12.460000038146973,600
2022-01-14,12.460000038146973,12.460000038146973,12.460000038146973,12.460000038146973,0
2022-01-18,12.300000190734863,12.300000190734863,12.300000190734863,12.300000190734863,2900
2022-01-19,12.300000190734863,12.300000190734863,12.220000267028809,12.300000190734863,1000
2022-01-20,12.300000190734863,12.300000190734863,12.300000190734863,12.300000190734863,0
2022-01-21,12.149999618530273,12.149999618530273,11.899999618530273,12.0600004196167,4000
2022-01-24,11.979999542236328,12.0600004196167,11.979999542236328,12.0600004196167,300
2022-01-25,12.199999809265137,12.210000038146973,12.100000381469727,12.100000381469727,3000
2022-01-26,12.0,12.079999923706055,12.0,12.079999923706055,2200
2022-01-27,12.100000381469727,12.100000381469727,12.050000190734863,12.050000190734863,800
2022-01-28,12.100000381469727,12.100000381469727,12.0,12.0,700
2022-01-31,11.899999618530273,11.989999771118164,11.649999618530273,11.989999771118164,5300
2022-02-01,11.800000190734863,11.800000190734863,11.739999771118164,11.800000190734863,4500
2022-02-02,11.800000190734863,11.800000190734863,11.640000343322754,11.779999732971191,2400
2022-02-03,11.800000190734863,11.800000190734863,11.579999923706055,11.579999923706055,2300
2022-02-04,11.579999923706055,11.579999923706055,11.579999923706055,11.579999923706055,0
2022-02-07,11.579999923706055,11.579999923706055,11.579999923706055,11.579999923706055,0
2022-02-08,11.430000305175781,11.789999961853027,11.430000305175781,11.789999961853027,1600
2022-02-09,11.949999809265137,12.300000190734863,11.949999809265137,12.300000190734863,4100
2022-02-10,11.869999885559082,11.920000076293945,11.869999885559082,11.920000076293945,200
2022-02-11,12.239999771118164,12.239999771118164,12.239999771118164,12.239999771118164,300
2022-02-14,12.199999809265137,12.199999809265137,12.069999694824219,12.069999694824219,400
2022-02-15,11.960000038146973,12.25,11.920000076293945,11.9399995803833,2600
2022-02-16,11.949999809265137,12.149999618530273,11.949999809265137,12.050000190734863,4600
2022-02-17,12.050000190734863,12.149999618530273,11.960000038146973,12.0,11800
2022-02-18,12.0,12.100000381469727,12.0,12.050000190734863,3100
2022-02-22,11.960000038146973,12.300000190734863,11.960000038146973,12.300000190734863,4900
2022-02-23,12.300000190734863,12.300000190734863,12.300000190734863,12.300000190734863,0
2022-02-24,12.300000190734863,12.300000190734863,12.039999961853027,12.130000114440918,1900
2022-02-25,12.079999923706055,12.079999923706055,12.079999923706055,12.079999923706055,300
2022-02-28,12.3100004196167,12.3100004196167,12.100000381469727,12.100000381469727,5100
2022-03-01,11.979999542236328,12.0600004196167,11.960000038146973,11.960000038146973,1600
2022-03-02,12.199999809265137,12.300000190734863,12.100000381469727,12.170000076293945,8400
2022-03-03,12.220000267028809,12.220000267028809,12.210000038146973,12.210000038146973,2100
2022-03-04,12.199999809265137,12.199999809265137,12.199999809265137,12.199999809265137,400
2022-03-07,12.050000190734863,12.130000114440918,11.949999809265137,11.949999809265137,5800
2022-03-08,11.970000267028809,11.979999542236328,11.75,11.850000381469727,16100
2022-03-09,12.09000015258789,12.100000381469727,12.079999923706055,12.100000381469727,1100
2022-03-10,11.800000190734863,12.0600004196167,11.800000190734863,12.029999732971191,800
2022-03-11,12.039999961853027,12.039999961853027,11.9399995803833,12.010000228881836,2200
2022-03-14,12.119999885559082,12.119999885559082,11.9399995803833,11.9399995803833,1500
2022-03-15,11.920000076293945,12.100000381469727,11.920000076293945,11.930000305175781,700
2022-03-16,11.920000076293945,11.920000076293945,11.920000076293945,11.920000076293945,300
2022-03-17,12.100000381469727,12.100000381469727,12.010000228881836,12.010000228881836,1000
2022-03-18,11.970000267028809,12.149999618530273,11.970000267028809,12.149999618530273,11900
2022-03-21,12.050000190734863,12.199999809265137,11.779999732971191,12.199999809265137,1500
2022-03-22,12.0600004196167,12.220000267028809,12.0600004196167,12.220000267028809,2100
2022-03-23,12.220000267028809,12.5,12.220000267028809,12.5,9600
2022-03-24,12.489999771118164,12.5,12.329999923706055,12.5,8300
2022-03-25,12.489999771118164,12.529999732971191,12.369999885559082,12.510000228881836,3400
2022-03-28,12.510000228881836,12.510000228881836,12.510000228881836,12.510000228881836,0
2022-03-29,12.300000190734863,12.5,12.300000190734863,12.449999809265137,13100
2022-03-30,12.3100004196167,12.460000038146973,12.300000190734863,12.399999618530273,6400
2022-03-31,12.149999618530273,12.479999542236328,11.770000457763672,11.800000190734863,59700
2022-04-01,11.859999656677246,12.40999984741211,11.859999656677246,12.039999961853027,2600
2022-04-04,12.199999809265137,12.210000038146973,12.039999961853027,12.039999961853027,1100
2022-04-05,12.0,12.0,12.0,12.0,400
2022-04-06,12.319999694824219,12.319999694824219,12.050000190734863,12.050000190734863,1100
2022-04-07,12.239999771118164,12.239999771118164,12.0,12.0,12700
2022-04-08,12.170000076293945,12.170000076293945,11.90999984741211,11.90999984741211,2300
2022-04-11,11.90999984741211,11.90999984741211,11.90999984741211,11.90999984741211,1200
2022-04-12,12.020000457763672,12.020000457763672,12.020000457763672,12.020000457763672,200
2022-04-13,11.949999809265137,12.069999694824219,11.949999809265137,11.979999542236328,3900
2022-04-14,12.069999694824219,12.069999694824219,11.960000038146973,11.960000038146973,6700
2022-04-18,11.960000038146973,11.970000267028809,11.8100004196167,11.899999618530273,11500
2022-04-19,11.800000190734863,11.899999618530273,11.75,11.899999618530273,1300
2022-04-20,11.90999984741211,11.960000038146973,11.90999984741211,11.960000038146973,2600
2022-04-21,11.960000038146973,11.970000267028809,11.90999984741211,11.90999984741211,24000
2022-04-22,11.930000305175781,12.149999618530273,11.920000076293945,11.949999809265137,2000
2022-04-25,11.949999809265137,11.949999809265137,11.90999984741211,11.90999984741211,5000
2022-04-26,11.979999542236328,11.979999542236328,11.859999656677246,11.869999885559082,13300
2022-04-27,11.920000076293945,11.920000076293945,11.8100004196167,11.8100004196167,3600
2022-04-28,11.8100004196167,11.949999809265137,11.760000228881836,11.9399995803833,22900
2022-04-29,11.899999618530273,11.979999542236328,11.75,11.979999542236328,2800
2022-05-02,11.819999694824219,11.859999656677246,11.75,11.75,7600
2022-05-03,11.75,11.760000228881836,11.65999984741211,11.670000076293945,6100
2022-05-04,11.680000305175781,11.8100004196167,11.510000228881836,11.75,4800
2022-05-05,11.970000267028809,11.970000267028809,11.65999984741211,11.65999984741211,2200
2022-05-06,11.649999618530273,11.760000228881836,11.649999618530273,11.75,2100
2022-05-09,11.609999656677246,11.609999656677246,11.5600004196167,11.600000381469727,3100
2022-05-10,11.550000190734863,11.6899995803833,11.520000457763672,11.6899995803833,8800
2022-05-11,11.520000457763672,11.6899995803833,11.520000457763672,11.520000457763672,7000
2022-05-12,11.520000457763672,11.569999694824219,11.5,11.520000457763672,3600
2022-05-13,11.5600004196167,11.619999885559082,11.550000190734863,11.619999885559082,10200
2022-05-16,11.680000305175781,11.680000305175781,11.510000228881836,11.510000228881836,1100
2022-05-17,11.619999885559082,11.619999885559082,11.609999656677246,11.609999656677246,1200
2022-05-18,11.5600004196167,11.59000015258789,11.5600004196167,11.59000015258789,6700
2022-05-19,11.510000228881836,11.5600004196167,11.319999694824219,11.510000228881836,18700
2022-05-20,11.539999961853027,11.539999961853027,11.489999771118164,11.510000228881836,700
2022-05-23,11.5600004196167,11.5600004196167,11.550000190734863,11.5600004196167,700
2022-05-24,11.510000228881836,11.550000190734863,11.510000228881836,11.550000190734863,2400
2022-05-25,11.609999656677246,11.609999656677246,11.40999984741211,11.40999984741211,3300
2022-05-26,11.479999542236328,11.6899995803833,11.479999542236328,11.6899995803833,9800
2022-05-27,11.680000305175781,11.899999618530273,11.680000305175781,11.899999618530273,700
2022-05-31,11.859999656677246,11.9399995803833,11.859999656677246,11.930000305175781,3500
2022-06-01,11.75,12.0,11.75,11.960000038146973,2600
2022-06-02,11.90999984741211,11.90999984741211,11.90999984741211,11.90999984741211,600
2022-06-03,11.920000076293945,12.0,11.920000076293945,11.949999809265137,1500
2022-06-06,12.0,12.0,12.0,12.0,500
2022-06-07,12.0,12.0,11.920000076293945,11.920000076293945,900
2022-06-08,11.920000076293945,11.920000076293945,11.920000076293945,11.920000076293945,0
2022-06-09,11.930000305175781,11.930000305175781,11.920000076293945,11.930000305175781,2000
2022-06-10,11.9399995803833,11.9399995803833,11.930000305175781,11.930000305175781,3500
2022-06-13,11.859999656677246,11.859999656677246,11.859999656677246,11.859999656677246,700
2022-06-14,11.869999885559082,11.949999809265137,11.729999542236328,11.899999618530273,11800
2022-06-15,11.789999961853027,11.789999961853027,11.760000228881836,11.770000457763672,8800
2022-06-16,11.9399995803833,11.9399995803833,11.899999618530273,11.920000076293945,600
2022-06-17,11.90999984741211,11.90999984741211,11.710000038146973,11.770000457763672,4100
2022-06-21,11.770000457763672,11.829999923706055,11.399999618530273,11.710000038146973,3800
2022-06-22,11.779999732971191,11.779999732971191,11.710000038146973,11.710000038146973,600
2022-06-23,11.710000038146973,11.710000038146973,11.710000038146973,11.710000038146973,600
2022-06-24,11.739999771118164,11.760000228881836,11.710000038146973,11.710000038146973,2100
2022-06-27,11.710000038146973,11.710000038146973,11.710000038146973,11.710000038146973,1400
2022-06-28,11.720000267028809,11.729999542236328,11.720000267028809,11.729999542236328,300
2022-06-29,11.880000114440918,11.880000114440918,11.880000114440918,11.880000114440918,300
2022-06-30,11.75,11.850000381469727,11.75,11.850000381469727,2000
2022-07-01,11.890000343322754,11.890000343322754,11.760000228881836,11.850000381469727,6100
2022-07-05,11.869999885559082,11.869999885559082,11.869999885559082,11.869999885559082,400
2022-07-06,11.920000076293945,11.920000076293945,11.869999885559082,11.869999885559082,1000
2022-07-07,11.869999885559082,11.869999885559082,11.869999885559082,11.869999885559082,0
2022-07-08,11.869999885559082,11.869999885559082,11.869999885559082,11.869999885559082,0
2022-07-11,11.819999694824219,11.90999984741211,11.819999694824219,11.869999885559082,1600
2022-07-12,11.869999885559082,11.869999885559082,11.869999885559082,11.869999885559082,0
2022-07-13,11.869999885559082,11.869999885559082,11.869999885559082,11.869999885559082,0
2022-07-14,11.850000381469727,11.850000381469727,11.75,11.84000015258789,2400
2022-07-15,11.850000381469727,11.850000381469727,11.850000381469727,11.850000381469727,100
2022-07-18,11.930000305175781,11.930000305175781,11.84000015258789,11.84000015258789,10000
2022-07-19,11.84000015258789,11.84000015258789,11.84000015258789,11.84000015258789,800
2022-07-20,11.890000343322754,11.890000343322754,11.890000343322754,11.890000343322754,200
2022-07-21,11.880000114440918,11.880000114440918,11.84000015258789,11.84000015258789,2500
2022-07-22,11.899999618530273,11.90999984741211,11.779999732971191,11.850000381469727,3900
2022-07-25,11.850000381469727,11.850000381469727,11.850000381469727,11.850000381469727,7100
2022-07-26,11.90999984741211,11.90999984741211,11.869999885559082,11.899999618530273,10000
2022-07-27,11.899999618530273,11.949999809265137,11.890000343322754,11.930000305175781,14900
2022-07-28,12.0,12.0,11.930000305175781,11.930000305175781,13000
2022-07-29,11.569999694824219,11.9399995803833,11.550000190734863,11.930000305175781,2100
2022-08-01,11.930000305175781,11.949999809265137,11.930000305175781,11.949999809265137,6200
2022-08-02,11.9399995803833,11.949999809265137,11.930000305175781,11.949999809265137,2600
2022-08-03,11.949999809265137,12.0,11.949999809265137,12.0,25800
2022-08-04,12.0,12.0600004196167,12.0,12.050000190734863,2600
2022-08-05,12.029999732971191,12.039999961853027,12.010000228881836,12.029999732971191,7200
2022-08-08,12.020000457763672,12.100000381469727,12.010000228881836,12.0600004196167,4400
2022-08-09,12.020000457763672,12.0600004196167,12.020000457763672,12.020000457763672,1900
2022-08-10,12.020000457763672,12.079999923706055,12.020000457763672,12.050000190734863,3000
2022-08-11,12.079999923706055,12.09000015258789,12.069999694824219,12.09000015258789,18700
2022-08-12,12.119999885559082,12.119999885559082,12.119999885559082,12.119999885559082,1100
2022-08-15,12.119999885559082,12.180000305175781,12.119999885559082,12.170000076293945,4800
2022-08-16,12.119999885559082,12.390000343322754,12.119999885559082,12.350000381469727,4000
2022-08-17,12.1899995803833,12.199999809265137,12.170000076293945,12.170000076293945,1800
2022-08-18,12.170000076293945,12.430000305175781,12.170000076293945,12.350000381469727,1600
2022-08-19,12.420000076293945,12.420000076293945,12.170000076293945,12.270000457763672,4500
2022-08-22,12.229999542236328,12.289999961853027,12.199999809265137,12.199999809265137,4100
2022-08-23,12.199999809265137,12.210000038146973,12.0600004196167,12.199999809265137,6300
2022-08-24,12.199999809265137,12.199999809265137,12.199999809265137,12.199999809265137,1300
2022-08-25,12.199999809265137,12.34000015258789,12.199999809265137,12.34000015258789,5800
2022-08-26,12.260000228881836,12.270000457763672,12.25,12.25,2800
2022-08-29,12.220000267028809,12.289999961853027,12.020000457763672,12.289999961853027,3000
2022-08-30,12.210000038146973,12.329999923706055,12.210000038146973,12.229999542236328,2500
2022-08-31,12.210000038146973,12.210000038146973,12.020000457763672,12.210000038146973,8400
2022-09-01,12.109999656677246,12.15999984741211,12.109999656677246,12.15999984741211,2300
2022-09-02,12.170000076293945,12.180000305175781,12.170000076293945,12.170000076293945,10400
2022-09-06,12.25,12.4399995803833,12.130000114440918,12.4399995803833,8100
2022-09-07,12.140000343322754,12.989999771118164,12.119999885559082,12.989999771118164,4900
2022-09-08,12.359999656677246,12.979999542236328,12.319999694824219,12.899999618530273,11300
2022-09-09,12.390000343322754,12.989999771118164,12.390000343322754,12.760000228881836,11600
2022-09-12,12.699999809265137,12.9399995803833,12.479999542236328,12.920000076293945,9700
2022-09-13,12.9399995803833,12.9399995803833,12.510000228881836,12.680000305175781,11300
2022-09-14,12.880000114440918,12.920000076293945,12.380000114440918,12.75,10600
2022-09-15,12.569999694824219,12.9399995803833,12.5600004196167,12.9399995803833,17400
2022-09-16,12.75,13.229999542236328,12.510000228881836,13.010000228881836,108300
2022-09-19,13.010000228881836,13.0600004196167,12.779999732971191,12.779999732971191,5300
2022-09-20,12.390000343322754,12.819999694824219,12.390000343322754,12.760000228881836,14100
2022-09-21,12.579999923706055,12.699999809265137,12.550000190734863,12.699999809265137,3100
2022-09-22,12.789999961853027,12.789999961853027,12.569999694824219,12.699999809265137,12300
2022-09-23,12.399999618530273,12.550000190734863,12.399999618530273,12.479999542236328,5600
2022-09-26,12.579999923706055,12.600000381469727,12.479999542236328,12.520000457763672,10000
2022-09-27,12.529999732971191,12.600000381469727,12.489999771118164,12.529999732971191,4300
2022-09-28,12.529999732971191,12.529999732971191,12.529999732971191,12.529999732971191,300
2022-09-29,12.550000190734863,12.550000190734863,12.399999618530273,12.399999618530273,5000
2022-09-30,12.40999984741211,12.430000305175781,12.40999984741211,12.430000305175781,2000
2022-10-03,12.5,12.550000190734863,12.5,12.550000190734863,1500
2022-10-04,12.510000228881836,12.520000457763672,12.420000076293945,12.420000076293945,1900
2022-10-05,12.5600004196167,12.5600004196167,12.420000076293945,12.420000076293945,1100
2022-10-06,12.460000038146973,12.460000038146973,12.460000038146973,12.460000038146973,300
2022-10-07,12.539999961853027,12.6899995803833,12.430000305175781,12.449999809265137,1200
2022-10-10,12.449999809265137,12.449999809265137,12.449999809265137,12.449999809265137,0
2022-10-11,12.420000076293945,12.699999809265137,12.420000076293945,12.600000381469727,4100
2022-10-12,12.449999809265137,12.460000038146973,12.449999809265137,12.460000038146973,700
2022-10-13,12.479999542236328,12.539999961853027,12.460000038146973,12.539999961853027,3400
2022-10-14,12.510000228881836,12.539999961853027,12.460000038146973,12.460000038146973,5700
2022-10-17,12.489999771118164,12.600000381469727,12.489999771118164,12.600000381469727,4300
2022-10-18,12.59000015258789,12.59000015258789,12.520000457763672,12.520000457763672,1100
2022-10-19,12.5,12.550000190734863,12.470000267028809,12.550000190734863,2000
2022-10-20,12.550000190734863,12.550000190734863,12.470000267028809,12.489999771118164,2300
2022-10-21,12.550000190734863,12.550000190734863,12.460000038146973,12.460000038146973,1000
2022-10-24,12.460000038146973,12.460000038146973,12.460000038146973,12.460000038146973,0
2022-10-25,12.460000038146973,12.460000038146973,12.460000038146973,12.460000038146973,0
2022-10-26,12.479999542236328,12.5,12.40999984741211,12.40999984741211,9600
2022-10-27,12.479999542236328,12.5,12.460000038146973,12.460000038146973,6900
2022-10-28,12.460000038146973,12.539999961853027,12.210000038146973,12.460000038146973,15900
2022-10-31,12.460000038146973,12.460000038146973,12.460000038146973,12.460000038146973,1100
2022-11-01,12.529999732971191,12.529999732971191,12.529999732971191,12.529999732971191,500
2022-11-02,12.550000190734863,12.550000190734863,12.210000038146973,12.470000267028809,1100
2022-11-03,12.350000381469727,12.420000076293945,12.229999542236328,12.420000076293945,4200
2022-11-04,12.539999961853027,12.550000190734863,12.529999732971191,12.550000190734863,15100
2022-11-07,12.550000190734863,12.550000190734863,12.319999694824219,12.5,16000
2022-11-08,12.5,12.850000381469727,12.489999771118164,12.699999809265137,47600
2022-11-09,12.6899995803833,12.850000381469727,12.550000190734863,12.699999809265137,1800
2022-11-10,12.670000076293945,12.75,12.609999656677246,12.6899995803833,6800
2022-11-11,12.75,12.850000381469727,12.699999809265137,12.720000267028809,1300
2022-11-14,12.670000076293945,12.800000190734863,12.670000076293945,12.800000190734863,1300
2022-11-15,12.710000038146973,12.84000015258789,12.670000076293945,12.84000015258789,5400
2022-11-16,12.850000381469727,12.850000381469727,12.829999923706055,12.829999923706055,500
2022-11-17,12.800000190734863,12.819999694824219,12.800000190734863,12.8100004196167,2100
2022-11-18,12.800000190734863,12.90999984741211,12.800000190734863,12.850000381469727,1100
2022-11-21,12.90999984741211,13.449999809265137,12.760000228881836,12.770000457763672,2800
2022-11-22,12.880000114440918,12.979999542236328,12.770000457763672,12.770000457763672,1400
2022-11-23,12.880000114440918,13.0,12.880000114440918,13.0,700
2022-11-25,13.0,13.0,13.0,13.0,300
2022-11-28,12.899999618530273,13.0,12.899999618530273,13.0,800
2022-11-29,12.890000343322754,12.890000343322754,12.880000114440918,12.880000114440918,1300
2022-11-30,12.880000114440918,13.0,12.8100004196167,12.850000381469727,5600
2022-12-01,12.989999771118164,13.0,12.899999618530273,12.989999771118164,3000
2022-12-02,12.890000343322754,12.9399995803833,12.8100004196167,12.9399995803833,2800
2022-12-05,12.869999885559082,12.869999885559082,12.869999885559082,12.869999885559082,400
2022-12-06,12.989999771118164,12.989999771118164,12.989999771118164,12.989999771118164,100
2022-12-07,12.859999656677246,12.979999542236328,12.760000228881836,12.770000457763672,13300
2022-12-08,12.75,12.789999961853027,12.75,12.789999961853027,300
2022-12-09,12.800000190734863,12.800000190734863,12.800000190734863,12.800000190734863,300
2022-12-12,12.75,12.75,12.75,12.75,200
2022-12-13,12.989999771118164,13.0,12.979999542236328,13.0,1400
2022-12-14,12.979999542236328,12.989999771118164,12.800000190734863,12.800000190734863,900
2022-12-15,12.800000190734863,12.800000190734863,12.800000190734863,12.800000190734863,100
2022-12-16,12.920000076293945,12.989999771118164,12.920000076293945,12.989999771118164,2700
2022-12-19,13.0,13.0,13.0,13.0,100
2022-12-20,13.0,13.0,13.0,13.0,300
2022-12-21,13.0,13.0,12.829999923706055,12.930000305175781,1000
2022-12-22,13.0,13.0,12.90999984741211,12.90999984741211,400
2022-12-23,12.899999618530273,12.899999618530273,12.899999618530273,12.899999618530273,400
2022-12-27,12.850000381469727,12.880000114440918,12.850000381469727,12.850000381469727,10300
2022-12-28,13.0,13.0,13.0,13.0,200
2022-12-29,12.979999542236328,13.0,12.819999694824219,12.819999694824219,11900
2022-12-30,12.9399995803833,12.9399995803833,12.819999694824219,12.819999694824219,2000
2023-01-03,12.84000015258789,12.84000015258789,12.819999694824219,12.819999694824219,2000
2023-01-04,12.949999809265137,12.949999809265137,12.84000015258789,12.869999885559082,2500
2023-01-05,12.869999885559082,12.869999885559082,12.869999885559082,12.869999885559082,0
2023-01-06,12.949999809265137,12.949999809265137,12.850000381469727,12.850000381469727,600
2023-01-09,12.25,12.899999618530273,12.25,12.899999618530273,1200
2023-01-10,12.90999984741211,12.90999984741211,12.859999656677246,12.859999656677246,5700
2023-01-11,12.930000305175781,12.949999809265137,12.930000305175781,12.930000305175781,900
2023-01-12,12.899999618530273,12.930000305175781,12.899999618530273,12.899999618530273,600
2023-01-13,12.859999656677246,12.859999656677246,12.850000381469727,12.859999656677246,4100
2023-01-17,13.029999732971191,13.029999732971191,12.84000015258789,12.84000015258789,4100
2023-01-18,12.84000015258789,12.84000015258789,12.84000015258789,12.84000015258789,0
2023-01-19,12.979999542236328,12.989999771118164,12.850000381469727,12.989999771118164,11100
2023-01-20,13.0,13.0,13.0,13.0,300
2023-01-23,12.899999618530273,12.899999618530273,12.859999656677246,12.869999885559082,2400
2023-01-24,12.970000267028809,12.970000267028809,12.970000267028809,12.970000267028809,200
2023-01-25,12.989999771118164,12.989999771118164,12.989999771118164,12.989999771118164,300
2023-01-26,12.90999984741211,12.90999984741211,12.90999984741211,12.90999984741211,1500
2023-01-27,12.90999984741211,12.930000305175781,12.880000114440918,12.899999618530273,11000
2023-01-30,12.859999656677246,12.920000076293945,12.859999656677246,12.920000076293945,3500
2023-01-31,12.979999542236328,12.979999542236328,12.859999656677246,12.869999885559082,700
2023-02-01,13.25,13.25,12.869999885559082,12.869999885559082,2900
2023-02-02,13.0,13.0,12.899999618530273,12.899999618530273,2900
2023-02-03,12.979999542236328,13.0,12.869999885559082,12.869999885559082,6000
2023-02-06,12.859999656677246,12.859999656677246,12.8100004196167,12.850000381469727,2500
2023-02-07,12.899999618530273,12.899999618530273,12.899999618530273,12.899999618530273,200
2023-02-08,12.920000076293945,12.920000076293945,12.920000076293945,12.920000076293945,600
2023-02-09,13.09000015258789,13.09000015258789,12.850000381469727,12.850000381469727,2000
2023-02-10,12.899999618530273,12.899999618530273,12.869999885559082,12.890000343322754,1300
2023-02-13,12.960000038146973,12.960000038146973,12.84000015258789,12.84000015258789,500
2023-02-14,12.920000076293945,13.0,12.920000076293945,13.0,2200
2023-02-15,12.930000305175781,12.930000305175781,12.930000305175781,12.930000305175781,600
2023-02-16,12.869999885559082,12.869999885559082,12.859999656677246,12.869999885559082,1900
2023-02-17,12.970000267028809,12.970000267028809,12.970000267028809,12.970000267028809,300
2023-02-21,12.859999656677246,12.859999656677246,12.40999984741211,12.600000381469727,5000
2023-02-22,12.640000343322754,12.649999618530273,12.539999961853027,12.539999961853027,2100
2023-02-23,12.649999618530273,12.649999618530273,12.5,12.640000343322754,13200
2023-02-24,12.640000343322754,12.640000343322754,12.550000190734863,12.550000190734863,2200
2023-02-27,12.569999694824219,12.569999694824219,12.569999694824219,12.569999694824219,200
2023-02-28,12.59000015258789,12.649999618530273,12.579999923706055,12.649999618530273,800
2023-03-01,12.569999694824219,12.630000114440918,12.510000228881836,12.569999694824219,1500
2023-03-02,12.640000343322754,12.649999618530273,12.579999923706055,12.579999923706055,1400
2023-03-03,12.609999656677246,12.609999656677246,12.569999694824219,12.569999694824219,600
2023-03-06,12.640000343322754,12.640000343322754,12.569999694824219,12.569999694824219,600
2023-03-07,12.649999618530273,12.649999618530273,12.510000228881836,12.510000228881836,1300
2023-03-08,12.5,12.59000015258789,12.369999885559082,12.59000015258789,1800
2023-03-09,12.600000381469727,12.600000381469727,12.140000343322754,12.140000343322754,7600
2023-03-10,12.579999923706055,12.579999923706055,11.550000190734863,11.75,24300
2023-03-13,10.399999618530273,11.420000076293945,10.399999618530273,10.989999771118164,12000
2023-03-14,10.869999885559082,11.609999656677246,10.869999885559082,11.149999618530273,8600
2023-03-15,11.449999809265137,11.449999809265137,11.0,11.0,2800
2023-03-16,11.199999809265137,11.4399995803833,11.199999809265137,11.390000343322754,1700
2023-03-17,11.300000190734863,11.300000190734863,11.109999656677246,11.109999656677246,9700
2023-03-20,11.270000457763672,11.270000457763672,11.109999656677246,11.119999885559082,3700
2023-03-21,11.260000228881836,11.260000228881836,11.010000228881836,11.029999732971191,4200
2023-03-22,11.109999656677246,11.109999656677246,11.050000190734863,11.0600004196167,1800
2023-03-23,11.010000228881836,11.039999961853027,10.970000267028809,11.0,5000
2023-03-24,10.979999542236328,10.979999542236328,10.399999618530273,10.529999732971191,5900
2023-03-27,10.609999656677246,10.720000267028809,10.609999656677246,10.609999656677246,5800
2023-03-28,10.6899995803833,10.699999809265137,10.609999656677246,10.609999656677246,5200
2023-03-29,10.609999656677246,10.649999618530273,10.609999656677246,10.649999618530273,3800
2023-03-30,10.699999809265137,10.739999771118164,10.649999618530273,10.649999618530273,3000
2023-03-31,10.739999771118164,10.739999771118164,10.600000381469727,10.600000381469727,1900
2023-04-03,10.600000381469727,10.699999809265137,10.5600004196167,10.5600004196167,1400
2023-04-04,10.5600004196167,10.75,10.520000457763672,10.520000457763672,4000
2023-04-05,10.619999885559082,10.619999885559082,10.510000228881836,10.569999694824219,1500
2023-04-06,10.600000381469727,10.65999984741211,10.529999732971191,10.529999732971191,400
2023-04-10,10.529999732971191,10.670000076293945,10.529999732971191,10.539999961853027,2700
2023-04-11,10.510000228881836,10.510000228881836,10.359999656677246,10.420000076293945,2300
2023-04-12,10.539999961853027,10.619999885559082,10.369999885559082,10.59000015258789,7200
2023-04-13,10.449999809265137,10.470000267028809,10.4399995803833,10.4399995803833,1200
2023-04-14,10.420000076293945,10.579999923706055,10.40999984741211,10.430000305175781,4000
2023-04-17,10.430000305175781,10.430000305175781,10.430000305175781,10.430000305175781,0
2023-04-18,10.460000038146973,10.5,10.260000228881836,10.260000228881836,11100
2023-04-19,10.260000228881836,10.6899995803833,10.260000228881836,10.6899995803833,2400
2023-04-20,10.5,10.65999984741211,10.34000015258789,10.460000038146973,1800
2023-04-21,10.520000457763672,10.539999961853027,10.0,10.199999809265137,28400
2023-04-24,10.210000038146973,10.449999809265137,10.149999618530273,10.300000190734863,4600
2023-04-25,10.699999809265137,10.699999809265137,10.699999809265137,10.699999809265137,300
2023-04-26,10.3100004196167,10.529999732971191,10.300000190734863,10.300000190734863,5000
2023-04-27,10.3100004196167,10.6899995803833,10.199999809265137,10.25,9300
2023-04-28,10.390000343322754,10.510000228881836,10.319999694824219,10.420000076293945,1000
2023-05-01,10.460000038146973,10.520000457763672,10.229999542236328,10.239999771118164,13500
2023-05-02,10.109999656677246,10.119999885559082,9.850000381469727,9.899999618530273,15200
2023-05-03,9.899999618530273,9.899999618530273,9.770000457763672,9.770000457763672,4100
2023-05-04,9.680000305175781,10.109999656677246,9.640000343322754,9.760000228881836,7900
2023-05-05,9.850000381469727,10.09000015258789,9.850000381469727,10.039999961853027,2700
2023-05-08,9.970000267028809,10.09000015258789,9.850000381469727,9.989999771118164,3100
2023-05-09,10.109999656677246,10.109999656677246,9.8100004196167,9.90999984741211,4000
2023-05-10,10.0,10.0,9.960000038146973,9.960000038146973,400
2023-05-11,9.859999656677246,9.989999771118164,9.859999656677246,9.920000076293945,6200
2023-05-12,10.0,10.0,9.930000305175781,9.989999771118164,2500
2023-05-15,9.979999542236328,10.0,9.90999984741211,9.90999984741211,3200
2023-05-16,9.949999809265137,10.199999809265137,9.949999809265137,10.130000114440918,9000
2023-05-17,10.079999923706055,10.140000343322754,10.079999923706055,10.140000343322754,600
2023-05-18,10.149999618530273,10.149999618530273,10.020000457763672,10.020000457763672,3100
2023-05-19,10.0600004196167,10.149999618530273,10.020000457763672,10.079999923706055,8300
2023-05-22,10.069999694824219,10.149999618530273,10.069999694824219,10.149999618530273,1900
2023-05-23,10.15999984741211,10.170000076293945,10.15999984741211,10.15999984741211,2100
2023-05-24,10.170000076293945,10.170000076293945,10.069999694824219,10.069999694824219,6300
2023-05-25,10.069999694824219,10.210000038146973,10.069999694824219,10.079999923706055,15000
2023-05-26,10.100000381469727,10.140000343322754,10.069999694824219,10.100000381469727,6400
2023-05-30,10.149999618530273,10.149999618530273,10.149999618530273,10.149999618530273,1200
2023-05-31,10.149999618530273,10.149999618530273,10.149999618530273,10.149999618530273,300
2023-06-01,10.149999618530273,10.149999618530273,10.149999618530273,10.149999618530273,400
2023-06-02,10.220000267028809,10.229999542236328,10.15999984741211,10.229999542236328,1400
2023-06-05,10.289999961853027,10.289999961853027,10.25,10.25,1100
2023-06-06,10.270000457763672,10.4399995803833,10.260000228881836,10.329999923706055,3400
2023-06-07,10.579999923706055,10.59000015258789,10.369999885559082,10.369999885559082,2700
2023-06-08,10.489999771118164,10.489999771118164,10.369999885559082,10.390000343322754,2600
2023-06-09,10.399999618530273,10.600000381469727,10.399999618530273,10.4399995803833,1800
2023-06-12,10.449999809265137,10.449999809265137,10.359999656677246,10.359999656677246,4400
2023-06-13,10.380000114440918,10.619999885559082,10.369999885559082,10.600000381469727,2300
2023-06-14,10.4399995803833,10.5,10.40999984741211,10.40999984741211,2300
2023-06-15,10.40999984741211,11.0,10.40999984741211,10.600000381469727,1400
2023-06-16,10.420000076293945,11.010000228881836,10.40999984741211,11.010000228881836,9800
2023-06-20,10.680000305175781,10.800000190734863,10.510000228881836,10.569999694824219,2100
2023-06-21,11.050000190734863,11.050000190734863,10.510000228881836,10.510000228881836,4200
2023-06-22,10.510000228881836,10.510000228881836,10.369999885559082,10.369999885559082,4900
2023-06-23,10.34000015258789,10.34000015258789,10.34000015258789,10.34000015258789,1600
2023-06-26,10.380000114440918,10.380000114440918,10.380000114440918,10.380000114440918,500
2023-06-27,10.3100004196167,10.350000381469727,10.3100004196167,10.350000381469727,1300
2023-06-28,10.350000381469727,10.350000381469727,10.350000381469727,10.350000381469727,2700
2023-06-29,10.359999656677246,10.380000114440918,10.170000076293945,10.380000114440918,5100
2023-06-30,10.329999923706055,10.34000015258789,10.329999923706055,10.34000015258789,400
2023-07-03,10.359999656677246,10.369999885559082,10.359999656677246,10.369999885559082,500
2023-07-05,10.470000267028809,10.5,10.449999809265137,10.449999809265137,2800
2023-07-06,10.470000267028809,11.279999732971191,10.4399995803833,11.279999732971191,4700
2023-07-07,10.819999694824219,10.899999618530273,10.800000190734863,10.859999656677246,1500
2023-07-10,10.739999771118164,10.739999771118164,10.739999771118164,10.739999771118164,400
2023-07-11,10.84000015258789,11.0,10.789999961853027,10.789999961853027,2200
2023-07-12,10.819999694824219,11.0,10.8100004196167,10.829999923706055,9400
2023-07-13,10.9399995803833,10.9399995803833,10.859999656677246,10.890000343322754,1400
2023-07-14,10.920000076293945,10.949999809265137,10.899999618530273,10.949999809265137,3900
2023-07-17,10.90999984741211,10.960000038146973,10.819999694824219,10.819999694824219,9100
2023-07-18,10.989999771118164,11.0,10.880000114440918,10.880000114440918,2100
2023-07-19,10.949999809265137,11.020000457763672,10.949999809265137,10.949999809265137,6200
2023-07-20,10.949999809265137,10.949999809265137,10.949999809265137,10.949999809265137,1700
2023-07-21,10.789999961853027,11.039999961853027,10.789999961853027,10.979999542236328,8700
2023-07-24,11.020000457763672,11.039999961853027,10.869999885559082,10.9399995803833,10500
2023-07-25,11.020000457763672,11.020000457763672,10.920000076293945,10.949999809265137,7000
2023-07-26,10.970000267028809,11.039999961853027,10.960000038146973,11.039999961853027,3700
2023-07-27,11.0600004196167,11.180000305175781,11.0600004196167,11.100000381469727,9400
2023-07-28,11.109999656677246,11.1899995803833,11.109999656677246,11.1899995803833,12000
2023-07-31,11.199999809265137,11.270000457763672,11.199999809265137,11.270000457763672,1100
2023-08-01,11.270000457763672,11.289999961853027,11.270000457763672,11.270000457763672,4100
2023-08-02,11.180000305175781,11.279999732971191,11.15999984741211,11.25,5900
2023-08-03,11.199999809265137,11.25,11.050000190734863,11.050000190734863,6100
2023-08-04,11.140000343322754,11.279999732971191,11.140000343322754,11.210000038146973,5800
2023-08-07,11.119999885559082,11.279999732971191,11.069999694824219,11.15999984741211,5600
2023-08-08,11.15999984741211,11.199999809265137,11.0600004196167,11.0600004196167,10500
2023-08-09,11.0600004196167,11.260000228881836,11.039999961853027,11.039999961853027,9500
2023-08-10,11.0600004196167,11.229999542236328,11.0600004196167,11.149999618530273,4400
2023-08-11,11.149999618530273,11.180000305175781,11.149999618530273,11.15999984741211,1200
2023-08-14,11.15999984741211,11.15999984741211,11.029999732971191,11.109999656677246,7200
2023-08-15,11.119999885559082,11.180000305175781,11.079999923706055,11.09000015258789,5300
2023-08-16,11.15999984741211,11.15999984741211,10.760000228881836,11.09000015258789,6300
2023-08-17,11.09000015258789,11.09000015258789,11.029999732971191,11.050000190734863,3500
2023-08-18,11.050000190734863,11.15999984741211,11.050000190734863,11.069999694824219,5200
2023-08-21,11.020000457763672,11.029999732971191,11.020000457763672,11.020000457763672,2700
2023-08-22,11.020000457763672,11.020000457763672,10.869999885559082,10.869999885559082,4000
2023-08-23,10.779999732971191,11.029999732971191,10.779999732971191,10.949999809265137,1200
2023-08-24,10.869999885559082,10.9399995803833,10.869999885559082,10.9399995803833,600
2023-08-25,10.880000114440918,10.880000114440918,10.880000114440918,10.880000114440918,2300
2023-08-28,10.880000114440918,10.880000114440918,10.880000114440918,10.880000114440918,200
2023-08-29,10.880000114440918,10.880000114440918,10.880000114440918,10.880000114440918,300
2023-08-30,10.90999984741211,10.930000305175781,10.899999618530273,10.930000305175781,2000
2023-08-31,10.899999618530273,10.9399995803833,10.899999618530273,10.9399995803833,1600
2023-09-01,10.960000038146973,10.960000038146973,10.770000457763672,10.84000015258789,8000
2023-09-05,10.90999984741211,11.039999961853027,10.8100004196167,11.0,2500
2023-09-06,10.8100004196167,11.039999961853027,10.619999885559082,10.619999885559082,4600
2023-09-07,10.670000076293945,10.720000267028809,10.670000076293945,10.720000267028809,1300
2023-09-08,10.75,10.75,10.510000228881836,10.630000114440918,8000
2023-09-11,10.510000228881836,10.529999732971191,10.220000267028809,10.529999732971191,13000
2023-09-12,10.329999923706055,10.329999923706055,10.329999923706055,10.329999923706055,300
2023-09-13,10.1899995803833,10.1899995803833,10.15999984741211,10.15999984741211,500
2023-09-14,10.069999694824219,10.489999771118164,10.069999694824219,10.449999809265137,900
2023-09-15,10.449999809265137,10.449999809265137,10.149999618530273,10.149999618530273,2100
2023-09-18,10.149999618530273,10.149999618530273,10.149999618530273,10.149999618530273,0
2023-09-19,10.220000267028809,10.220000267028809,10.220000267028809,10.220000267028809,700
2023-09-20,10.220000267028809,10.220000267028809,10.220000267028809,10.220000267028809,100
2023-09-21,10.199999809265137,10.329999923706055,10.119999885559082,10.149999618530273,7700
2023-09-22,10.329999923706055,10.34000015258789,10.100000381469727,10.100000381469727,3800
2023-09-25,10.069999694824219,10.100000381469727,10.010000228881836,10.010000228881836,5900
2023-09-26,10.0,10.0,9.989999771118164,9.989999771118164,400
2023-09-27,9.970000267028809,10.0600004196167,9.850000381469727,9.850000381469727,4900
2023-09-28,9.859999656677246,9.859999656677246,9.699999809265137,9.699999809265137,2500
2023-09-29,10.25,10.25,10.25,10.25,1200
2023-10-02,9.979999542236328,9.979999542236328,9.609999656677246,9.65999984741211,4200
2023-10-03,9.600000381469727,9.600000381469727,9.520000457763672,9.520000457763672,2000
2023-10-04,9.489999771118164,9.829999923706055,9.489999771118164,9.600000381469727,4500
2023-10-05,9.5,9.5600004196167,9.359999656677246,9.5600004196167,3400
2023-10-06,9.899999618530273,9.899999618530273,9.569999694824219,9.569999694824219,700
2023-10-09,9.649999618530273,9.649999618530273,9.359999656677246,9.649999618530273,2600
2023-10-10,9.5,9.550000190734863,9.5,9.550000190734863,2900
2023-10-11,9.960000038146973,9.960000038146973,9.6899995803833,9.699999809265137,1700
2023-10-12,9.510000228881836,9.510000228881836,9.510000228881836,9.510000228881836,200
2023-10-13,9.390000343322754,9.390000343322754,9.390000343322754,9.390000343322754,700
2023-10-16,9.970000267028809,9.970000267028809,9.300000190734863,9.300000190734863,2600
2023-10-17,9.600000381469727,9.600000381469727,9.25,9.25,6200
2023-10-18,9.260000228881836,9.270000457763672,9.260000228881836,9.260000228881836,2000
2023-10-19,9.25,9.25,9.149999618530273,9.25,1600
2023-10-20,9.25,9.399999618530273,9.130000114440918,9.399999618530273,1900
2023-10-23,9.270000457763672,9.270000457763672,9.25,9.25,800
2023-10-24,9.0600004196167,9.0600004196167,9.0600004196167,9.0600004196167,300
2023-10-25,9.149999618530273,9.149999618530273,9.100000381469727,9.100000381469727,4500
2023-10-26,9.100000381469727,9.100000381469727,9.100000381469727,9.100000381469727,0
2023-10-27,9.100000381469727,9.100000381469727,9.100000381469727,9.100000381469727,0
2023-10-30,9.100000381469727,9.100000381469727,9.0,9.0,3500
2023-10-31,9.1899995803833,9.1899995803833,9.069999694824219,9.069999694824219,3000
2023-11-01,9.15999984741211,9.15999984741211,9.069999694824219,9.069999694824219,4200
2023-11-02,9.25,9.25,9.010000228881836,9.180000305175781,1300
2023-11-03,9.25,9.569999694824219,9.130000114440918,9.569999694824219,21700
2023-11-06,9.720000267028809,9.75,9.550000190734863,9.670000076293945,8500
2023-11-07,9.859999656677246,9.979999542236328,9.680000305175781,9.680000305175781,7000
2023-11-08,9.930000305175781,9.949999809265137,9.729999542236328,9.729999542236328,1200
2023-11-09,9.680000305175781,9.729999542236328,9.529999732971191,9.529999732971191,10200
2023-11-10,9.489999771118164,9.579999923706055,9.479999542236328,9.5,2800
2023-11-13,9.4399995803833,9.470000267028809,9.399999618530273,9.460000038146973,10000
2023-11-14,9.640000343322754,9.699999809265137,9.15999984741211,9.569999694824219,7300
2023-11-15,9.520000457763672,9.600000381469727,9.479999542236328,9.5600004196167,6000
2023-11-16,9.649999618530273,9.65999984741211,9.649999618530273,9.649999618530273,1200
2023-11-17,9.649999618530273,9.649999618530273,9.569999694824219,9.569999694824219,700
2023-11-20,9.729999542236328,9.729999542236328,9.729999542236328,9.729999542236328,300
2023-11-21,9.600000381469727,9.850000381469727,9.600000381469727,9.800000190734863,3700
2023-11-22,9.90999984741211,9.920000076293945,9.630000114440918,9.65999984741211,2900
2023-11-24,9.920000076293945,9.920000076293945,9.90999984741211,9.90999984741211,1200
2023-11-27,9.8100004196167,9.899999618530273,9.65999984741211,9.65999984741211,5100
2023-11-28,9.65999984741211,9.979999542236328,9.65999984741211,9.960000038146973,2700
2023-11-29,9.739999771118164,9.979999542236328,9.739999771118164,9.75,2100
2023-11-30,9.819999694824219,9.829999923706055,9.75,9.75,1400
2023-12-01,9.680000305175781,9.899999618530273,9.670000076293945,9.899999618530273,9200
2023-12-04,9.770000457763672,9.90999984741211,9.75,9.850000381469727,4200
2023-12-05,9.789999961853027,9.800000190734863,9.779999732971191,9.779999732971191,3300
2023-12-06,9.779999732971191,9.979999542236328,9.779999732971191,9.8100004196167,5600
2023-12-07,9.970000267028809,10.069999694824219,9.960000038146973,10.0,13900
2023-12-08,10.020000457763672,10.100000381469727,10.020000457763672,10.09000015258789,8700
2023-12-11,10.09000015258789,10.25,10.09000015258789,10.229999542236328,7800
2023-12-12,10.239999771118164,10.359999656677246,10.239999771118164,10.270000457763672,2900
2023-12-13,10.300000190734863,10.460000038146973,10.279999732971191,10.34000015258789,4600
2023-12-14,10.34000015258789,10.770000457763672,10.34000015258789,10.75,4400
2023-12-15,10.640000343322754,11.279999732971191,10.640000343322754,11.279999732971191,47800
2023-12-18,11.279999732971191,11.279999732971191,11.279999732971191,11.279999732971191,0
2023-12-19,11.239999771118164,11.239999771118164,10.989999771118164,10.989999771118164,700
2023-12-20,11.149999618530273,11.149999618530273,11.149999618530273,11.149999618530273,300
2023-12-21,11.25,11.260000228881836,11.170000076293945,11.229999542236328,4800
2023-12-22,11.239999771118164,11.25,11.239999771118164,11.25,1100
2023-12-26,11.210000038146973,11.220000267028809,11.199999809265137,11.199999809265137,3300
2023-12-27,11.199999809265137,11.199999809265137,11.199999809265137,11.199999809265137,500
2023-12-28,11.239999771118164,11.25,11.239999771118164,11.25,500
2023-12-29,11.199999809265137,11.229999542236328,11.199999809265137,11.229999542236328,1200
2024-01-02,11.300000190734863,11.300000190734863,11.270000457763672,11.300000190734863,4300
2024-01-03,11.25,11.399999618530273,11.229999542236328,11.390000343322754,18400
2024-01-04,11.289999961853027,11.350000381469727,11.289999961853027,11.350000381469727,3800
2024-01-05,11.460000038146973,11.739999771118164,11.369999885559082,11.600000381469727,11900
2024-01-08,11.75,11.84000015258789,11.600000381469727,11.649999618530273,4400
2024-01-09,11.579999923706055,11.800000190734863,11.569999694824219,11.800000190734863,5300
2024-01-10,11.850000381469727,11.850000381469727,11.760000228881836,11.760000228881836,800
2024-01-11,11.680000305175781,11.680000305175781,11.289999961853027,11.4399995803833,9200
2024-01-12,11.4399995803833,11.4399995803833,11.4399995803833,11.4399995803833,0
2024-01-16,11.529999732971191,11.529999732971191,11.350000381469727,11.529999732971191,2300
2024-01-17,11.25,11.800000190734863,11.25,11.800000190734863,900
2024-01-18,10.949999809265137,11.829999923706055,10.949999809265137,11.680000305175781,5300
2024-01-19,11.5,11.789999961853027,11.390000343322754,11.510000228881836,3200
2024-01-22,11.399999618530273,11.449999809265137,11.25,11.279999732971191,1700
2024-01-23,11.600000381469727,11.600000381469727,11.260000228881836,11.260000228881836,2500
2024-01-24,11.520000457763672,11.619999885559082,11.279999732971191,11.279999732971191,1300
2024-01-25,11.600000381469727,11.600000381469727,11.289999961853027,11.350000381469727,2100
2024-01-26,11.800000190734863,11.800000190734863,11.5,11.6899995803833,1800
2024-01-29,11.319999694824219,11.399999618530273,11.3100004196167,11.399999618530273,2700
2024-01-30,11.4399995803833,11.619999885559082,11.430000305175781,11.619999885559082,2500
2024-01-31,11.619999885559082,11.800000190734863,11.529999732971191,11.529999732971191,7100
2024-02-01,11.529999732971191,11.649999618530273,11.329999923706055,11.329999923706055,1700
2024-02-02,11.380000114440918,11.380000114440918,11.380000114440918,11.380000114440918,700
2024-02-05,11.300000190734863,11.649999618530273,11.300000190734863,11.649999618530273,3000
2024-02-06,11.649999618530273,11.649999618530273,11.649999618530273,11.649999618530273,0
2024-02-07,11.3100004196167,11.399999618530273,11.300000190734863,11.380000114440918,2800
2024-02-08,11.350000381469727,11.550000190734863,11.350000381469727,11.5,3800
2024-02-09,11.529999732971191,11.649999618530273,11.350000381469727,11.5,2200
2024-02-12,11.800000190734863,11.800000190734863,11.3100004196167,11.359999656677246,5000
2024-02-13,11.25,11.510000228881836,11.25,11.25,1500
2024-02-14,11.300000190734863,11.550000190734863,11.25,11.550000190734863,6000
2024-02-15,11.430000305175781,11.430000305175781,11.430000305175781,11.430000305175781,1200
2024-02-16,11.270000457763672,11.270000457763672,11.270000457763672,11.270000457763672,800
2024-02-20,11.390000343322754,11.649999618530273,11.390000343322754,11.649999618530273,2200
2024-02-21,11.75,12.0,11.550000190734863,11.550000190734863,5200
2024-02-22,11.5,11.770000457763672,11.5,11.699999809265137,25100
2024-02-23,11.949999809265137,11.949999809265137,11.449999809265137,11.449999809265137,6400
2024-02-26,11.470000267028809,11.619999885559082,11.460000038146973,11.489999771118164,2500
2024-02-27,11.59000015258789,11.59000015258789,11.449999809265137,11.449999809265137,1300
2024-02-28,11.449999809265137,11.449999809265137,11.109999656677246,11.199999809265137,15200
2024-02-29,11.109999656677246,11.279999732971191,11.100000381469727,11.279999732971191,1600
2024-03-01,11.300000190734863,11.34000015258789,11.109999656677246,11.34000015258789,6000
2024-03-04,11.229999542236328,11.350000381469727,11.109999656677246,11.260000228881836,5000
2024-03-05,11.380000114440918,11.5,11.25,11.25,2200
2024-03-06,11.4399995803833,11.600000381469727,11.289999961853027,11.289999961853027,1400
2024-03-07,11.550000190734863,11.550000190734863,11.550000190734863,11.550000190734863,300
2024-03-08,11.300000190734863,11.5,11.300000190734863,11.5,900
2024-03-11,11.399999618530273,11.550000190734863,11.170000076293945,11.550000190734863,2600
2024-03-12,11.210000038146973,11.479999542236328,11.15999984741211,11.15999984741211,23900
2024-03-13,11.300000190734863,11.300000190734863,11.149999618530273,11.149999618530273,3400
2024-03-14,11.149999618530273,11.15999984741211,11.0,11.0,18000
2024-03-15,11.109999656677246,11.149999618530273,11.0,11.0,9000
2024-03-18,11.0,11.430000305175781,11.0,11.020000457763672,20100
2024-03-19,11.300000190734863,11.300000190734863,11.0,11.0,1500
2024-03-20,11.010000228881836,11.3100004196167,11.010000228881836,11.3100004196167,3100
2024-03-21,11.520000457763672,11.520000457763672,11.010000228881836,11.039999961853027,1400
2024-03-22,11.039999961853027,11.369999885559082,11.0,11.369999885559082,4100
2024-03-25,11.270000457763672,11.270000457763672,10.300000190734863,10.670000076293945,20800
2024-03-26,10.670000076293945,11.270000457763672,10.550000190734863,11.270000457763672,8500
2024-03-27,10.880000114440918,11.140000343322754,10.880000114440918,11.130000114440918,1000
2024-03-28,11.130000114440918,11.130000114440918,11.100000381469727,11.119999885559082,5700
2024-04-01,11.100000381469727,11.140000343322754,11.09000015258789,11.140000343322754,6100
2024-04-02,11.100000381469727,11.359999656677246,11.100000381469727,11.319999694824219,24400
2024-04-03,10.880000114440918,11.149999618530273,10.880000114440918,11.149999618530273,900
2024-04-04,11.069999694824219,11.300000190734863,11.069999694824219,11.100000381469727,1600
2024-04-05,11.149999618530273,11.149999618530273,10.680000305175781,11.0600004196167,7500
2024-04-08,11.109999656677246,11.25,11.109999656677246,11.25,1400
2024-04-09,11.239999771118164,11.260000228881836,11.239999771118164,11.25,4500
2024-04-10,10.770000457763672,11.4399995803833,10.770000457763672,11.279999732971191,8900
2024-04-11,11.0,11.0,11.0,11.0,600
2024-04-12,10.90999984741211,10.949999809265137,10.800000190734863,10.949999809265137,1800
2024-04-15,10.770000457763672,10.930000305175781,10.75,10.899999618530273,2900
2024-04-16,10.899999618530273,10.899999618530273,10.899999618530273,10.899999618530273,0
2024-04-17,10.899999618530273,10.899999618530273,10.899999618530273,10.899999618530273,0
2024-04-18,10.899999618530273,10.899999618530273,10.899999618530273,10.899999618530273,300
2024-04-19,11.210000038146973,11.239999771118164,10.989999771118164,10.989999771118164,3800
2024-04-22,10.829999923706055,10.989999771118164,10.8100004196167,10.949999809265137,2800
2024-04-23,10.899999618530273,10.899999618530273,10.899999618530273,10.899999618530273,500
2024-04-24,10.899999618530273,11.25,10.899999618530273,11.25,400
2024-04-25,11.25,11.25,11.25,11.25,0
2024-04-26,11.399999618530273,11.399999618530273,11.390000343322754,11.390000343322754,1000
2024-04-29,11.390000343322754,11.390000343322754,11.390000343322754,11.390000343322754,0
2024-04-30,11.050000190734863,11.390000343322754,10.770000457763672,11.390000343322754,12600
2024-05-01,11.09000015258789,11.260000228881836,10.770000457763672,11.149999618530273,12300
2024-05-02,10.989999771118164,11.0,10.930000305175781,10.930000305175781,3100
2024-05-03,10.760000228881836,11.0600004196167,10.760000228881836,10.989999771118164,1800
2024-05-06,11.069999694824219,11.199999809265137,11.010000228881836,11.050000190734863,3400
2024-05-07,11.050000190734863,11.260000228881836,10.770000457763672,10.899999618530273,8400
2024-05-08,11.020000457763672,11.050000190734863,11.020000457763672,11.050000190734863,1900
2024-05-09,11.069999694824219,11.069999694824219,11.069999694824219,11.069999694824219,1200
2024-05-10,11.050000190734863,11.069999694824219,11.050000190734863,11.069999694824219,1100
2024-05-13,11.050000190734863,11.100000381469727,11.050000190734863,11.0600004196167,1900
2024-05-14,11.020000457763672,11.079999923706055,11.020000457763672,11.069999694824219,1700
2024-05-15,11.100000381469727,11.100000381469727,11.100000381469727,11.100000381469727,500
2024-05-16,11.079999923706055,11.079999923706055,11.050000190734863,11.050000190734863,5700
2024-05-17,11.079999923706055,11.079999923706055,11.0600004196167,11.0600004196167,700
2024-05-20,11.0600004196167,11.100000381469727,11.050000190734863,11.0600004196167,2200
2024-05-21,11.050000190734863,11.069999694824219,11.039999961853027,11.0600004196167,5700
2024-05-22,11.079999923706055,11.100000381469727,11.079999923706055,11.100000381469727,600
2024-05-23,11.050000190734863,11.109999656677246,11.050000190734863,11.050000190734863,900
2024-05-24,11.09000015258789,11.09000015258789,11.069999694824219,11.069999694824219,1000
2024-05-28,11.109999656677246,11.109999656677246,11.100000381469727,11.100000381469727,1500
2024-05-29,11.050000190734863,11.119999885559082,11.050000190734863,11.119999885559082,1500
2024-05-30,10.65999984741211,11.100000381469727,10.65999984741211,11.050000190734863,9100
2024-05-31,11.050000190734863,11.050000190734863,10.710000038146973,10.899999618530273,3000
2024-06-03,10.90999984741211,11.020000457763672,10.90999984741211,10.989999771118164,2600
2024-06-04,10.989999771118164,11.170000076293945,10.930000305175781,11.170000076293945,900
2024-06-05,10.979999542236328,11.050000190734863,10.979999542236328,11.010000228881836,1500
2024-06-06,10.899999618530273,10.920000076293945,10.899999618530273,10.899999618530273,1700
2024-06-07,10.720000267028809,11.0,10.720000267028809,10.979999542236328,1300
2024-06-10,10.979999542236328,10.979999542236328,10.979999542236328,10.979999542236328,1100
2024-06-11,10.979999542236328,10.979999542236328,10.979999542236328,10.979999542236328,700
2024-06-12,10.979999542236328,10.979999542236328,10.979999542236328,10.979999542236328,900
2024-06-13,10.869999885559082,10.869999885559082,10.869999885559082,10.869999885559082,1700
2024-06-14,10.729999542236328,10.979999542236328,10.729999542236328,10.970000267028809,1200
2024-06-17,10.850000381469727,10.850000381469727,10.850000381469727,10.850000381469727,300
2024-06-18,10.970000267028809,11.5,10.869999885559082,10.869999885559082,5400
2024-06-20,10.739999771118164,11.0,10.739999771118164,11.0,600
2024-06-21,10.670000076293945,11.479999542236328,10.670000076293945,11.479999542236328,11000
2024-06-24,11.140000343322754,11.140000343322754,10.800000190734863,10.979999542236328,6600
2024-06-25,10.9399995803833,11.140000343322754,10.859999656677246,10.90999984741211,1700
2024-06-26,11.069999694824219,11.069999694824219,10.850000381469727,10.850000381469727,2300
2024-06-27,10.850000381469727,10.989999771118164,10.850000381469727,10.989999771118164,1100
2024-06-28,10.869999885559082,11.239999771118164,10.869999885559082,11.239999771118164,2400
2024-07-01,10.949999809265137,11.279999732971191,10.949999809265137,11.279999732971191,1700
2024-07-02,11.239999771118164,11.329999923706055,11.239999771118164,11.25,3800
2024-07-03,11.25,11.25,11.25,11.25,0
2024-07-05,11.300000190734863,11.300000190734863,11.25,11.260000228881836,4300
2024-07-08,11.260000228881836,11.260000228881836,11.260000228881836,11.260000228881836,400
2024-07-09,11.380000114440918,11.5,11.350000381469727,11.350000381469727,13300
2024-07-10,11.279999732971191,11.949999809265137,11.279999732971191,11.289999961853027,1300
2024-07-11,11.619999885559082,11.850000381469727,11.479999542236328,11.829999923706055,2100
2024-07-12,11.600000381469727,11.739999771118164,11.25,11.649999618530273,3400
2024-07-15,11.699999809265137,11.699999809265137,11.380000114440918,11.380000114440918,3600
2024-07-16,11.600000381469727,11.850000381469727,11.600000381469727,11.75,5100
2024-07-17,11.850000381469727,12.0,11.84000015258789,11.989999771118164,9400
2024-07-18,11.75,12.0,11.75,11.949999809265137,14800
2024-07-19,11.800000190734863,11.800000190734863,11.800000190734863,11.800000190734863,400
2024-07-22,11.770000457763672,11.770000457763672,11.770000457763672,11.770000457763672,200
2024-07-23,12.460000038146973,12.460000038146973,12.40999984741211,12.40999984741211,1200
2024-07-24,12.0,12.220000267028809,11.880000114440918,12.050000190734863,3000
2024-07-25,12.0600004196167,12.710000038146973,12.0600004196167,12.710000038146973,14000
2024-07-26,12.600000381469727,12.600000381469727,12.5,12.5,1500
2024-07-29,12.5,12.5,12.5,12.5,0
2024-07-30,11.970000267028809,12.529999732971191,11.960000038146973,12.399999618530273,1900
2024-07-31,12.399999618530273,12.680000305175781,12.399999618530273,12.640000343322754,122200
2024-08-01,12.600000381469727,12.609999656677246,12.399999618530273,12.399999618530273,2900
2024-08-02,12.449999809265137,12.449999809265137,12.170000076293945,12.399999618530273,18600
2024-08-05,12.289999961853027,12.390000343322754,12.25,12.390000343322754,1100
2024-08-06,12.220000267028809,12.420000076293945,12.220000267028809,12.289999961853027,8100
2024-08-07,12.260000228881836,12.260000228881836,12.260000228881836,12.260000228881836,200
2024-08-08,12.25,12.479999542236328,12.25,12.479999542236328,1500
2024-08-09,12.380000114440918,12.479999542236328,12.149999618530273,12.470000267028809,1400
2024-08-12,12.300000190734863,12.460000038146973,12.149999618530273,12.149999618530273,7800
2024-08-13,12.149999618530273,12.399999618530273,12.149999618530273,12.25,5400
2024-08-14,12.350000381469727,12.350000381469727,12.34000015258789,12.34000015258789,600
2024-08-15,12.260000228881836,12.260000228881836,12.25,12.25,2400
2024-08-16,12.390000343322754,12.390000343322754,12.25,12.25,3700
2024-08-19,12.25,12.3100004196167,12.25,12.25,2800
2024-08-20,12.390000343322754,12.390000343322754,12.149999618530273,12.149999618530273,5600
2024-08-21,12.289999961853027,12.300000190734863,12.25,12.25,1400
2024-08-22,12.25,12.300000190734863,12.25,12.25,3000
2024-08-23,12.380000114440918,12.390000343322754,12.270000457763672,12.369999885559082,2200
2024-08-26,12.5,12.5,12.260000228881836,12.260000228881836,2200
2024-08-27,12.199999809265137,12.279999732971191,12.1899995803833,12.279999732971191,500
2024-08-28,12.289999961853027,12.289999961853027,12.289999961853027,12.289999961853027,800
2024-08-29,12.260000228881836,12.380000114440918,12.15999984741211,12.350000381469727,7100
2024-08-30,12.390000343322754,12.399999618530273,12.3100004196167,12.399999618530273,900
2024-09-03,12.300000190734863,12.300000190734863,12.300000190734863,12.300000190734863,400
2024-09-04,12.380000114440918,12.380000114440918,12.15999984741211,12.15999984741211,5500
2024-09-05,12.199999809265137,12.390000343322754,12.180000305175781,12.210000038146973,2800
2024-09-06,12.210000038146973,12.319999694824219,12.210000038146973,12.319999694824219,500
2024-09-09,12.34000015258789,12.350000381469727,12.319999694824219,12.350000381469727,1500
2024-09-10,12.199999809265137,12.199999809265137,12.199999809265137,12.199999809265137,1100
2024-09-11,12.329999923706055,12.329999923706055,12.149999618530273,12.25,7800
2024-09-12,12.25,12.25,12.25,12.25,600
2024-09-13,12.199999809265137,12.229999542236328,12.149999618530273,12.229999542236328,5200
2024-09-16,12.149999618530273,12.239999771118164,12.149999618530273,12.149999618530273,700
2024-09-17,12.170000076293945,12.300000190734863,12.149999618530273,12.300000190734863,2500
2024-09-18,12.170000076293945,12.359999656677246,12.149999618530273,12.149999618530273,8000
2024-09-19,12.15999984741211,12.359999656677246,12.15999984741211,12.260000228881836,2400
2024-09-20,12.300000190734863,12.5,12.260000228881836,12.5,19200
2024-09-23,12.399999618530273,12.4399995803833,12.380000114440918,12.4399995803833,1500
2024-09-24,12.479999542236328,12.579999923706055,12.359999656677246,12.449999809265137,4100
2024-09-25,12.260000228881836,12.520000457763672,12.260000228881836,12.479999542236328,7800
2024-09-26,12.479999542236328,12.479999542236328,12.149999618530273,12.390000343322754,5300
2024-09-27,12.550000190734863,12.569999694824219,12.25,12.569999694824219,5400
2024-09-30,12.260000228881836,12.34000015258789,12.260000228881836,12.319999694824219,1600
2024-10-01,12.380000114440918,12.420000076293945,12.34000015258789,12.420000076293945,4900
2024-10-02,12.420000076293945,12.420000076293945,12.420000076293945,12.420000076293945,0
2024-10-03,12.289999961853027,12.319999694824219,12.289999961853027,12.3100004196167,600
2024-10-04,12.289999961853027,12.289999961853027,12.289999961853027,12.289999961853027,500
2024-10-07,12.170000076293945,12.170000076293945,12.170000076293945,12.170000076293945,900
2024-10-08,12.300000190734863,12.319999694824219,12.25,12.270000457763672,5800
2024-10-09,12.300000190734863,12.319999694824219,12.25,12.25,2200
2024-10-10,12.319999694824219,12.319999694824219,12.25,12.279999732971191,2600
2024-10-11,12.329999923706055,12.329999923706055,12.25,12.25,500
2024-10-14,12.25,12.25,12.25,12.25,0
2024-10-15,12.300000190734863,12.300000190734863,12.300000190734863,12.300000190734863,1300
2024-10-16,12.300000190734863,12.5,12.279999732971191,12.5,3500
2024-10-17,12.399999618530273,12.460000038146973,12.390000343322754,12.460000038146973,2500
2024-10-18,12.470000267028809,12.470000267028809,12.470000267028809,12.470000267028809,800
2024-10-21,12.399999618530273,12.449999809265137,12.3100004196167,12.3100004196167,1300
2024-10-22,12.3100004196167,12.3100004196167,12.300000190734863,12.300000190734863,800
2024-10-23,12.380000114440918,12.399999618530273,12.380000114440918,12.399999618530273,3700
2024-10-24,12.399999618530273,12.399999618530273,12.399999618530273,12.399999618530273,0
2024-10-25,12.300000190734863,12.369999885559082,12.300000190734863,12.369999885559082,500
2024-10-28,12.369999885559082,12.369999885559082,12.369999885559082,12.369999885559082,300
2024-10-29,12.369999885559082,12.369999885559082,12.369999885559082,12.369999885559082,0
2024-10-30,12.3100004196167,12.3100004196167,12.3100004196167,12.3100004196167,400
2024-10-31,12.319999694824219,12.319999694824219,12.319999694824219,12.319999694824219,400
2024-11-01,12.319999694824219,12.390000343322754,12.149999618530273,12.220000267028809,8900
2024-11-04,12.149999618530273,12.210000038146973,12.149999618530273,12.210000038146973,900
2024-11-05,12.289999961853027,12.5,12.199999809265137,12.239999771118164,7200
2024-11-06,12.289999961853027,12.350000381469727,12.199999809265137,12.279999732971191,5800
2024-11-07,12.75,12.75,12.279999732971191,12.430000305175781,6200
2024-11-08,12.449999809265137,12.449999809265137,12.449999809265137,12.449999809265137,300
2024-11-11,12.460000038146973,12.619999885559082,12.460000038146973,12.600000381469727,1700
2024-11-12,12.619999885559082,12.699999809265137,12.609999656677246,12.670000076293945,6500
2024-11-13,12.619999885559082,12.970000267028809,12.619999885559082,12.970000267028809,4500
2024-11-14,12.899999618530273,12.9399995803833,12.899999618530273,12.899999618530273,2200
2024-11-15,12.899999618530273,13.0,12.8100004196167,12.869999885559082,4700
2024-11-18,12.989999771118164,13.239999771118164,12.90999984741211,13.0600004196167,8000
2024-11-19,12.989999771118164,13.0,12.920000076293945,13.0,800
2024-11-20,13.25,13.25,13.170000076293945,13.239999771118164,900
2024-11-21,13.25,13.25,13.170000076293945,13.25,5600
2024-11-22,13.210000038146973,13.489999771118164,13.029999732971191,13.260000228881836,16600
2024-11-25,13.649999618530273,13.649999618530273,12.100000381469727,13.25,27500
2024-11-26,13.390000343322754,13.770000457763672,13.270000457763672,13.649999618530273,7200
2024-11-27,13.8100004196167,14.0,13.8100004196167,13.90999984741211,4800
2024-11-29,13.9399995803833,14.300000190734863,13.8100004196167,14.180000305175781,3000
2024-12-02,14.0,14.0,13.760000228881836,13.760000228881836,26000
2024-12-03,13.760000228881836,14.739999771118164,13.760000228881836,14.739999771118164,15800
2024-12-04,14.670000076293945,14.670000076293945,14.369999885559082,14.369999885559082,700
2024-12-05,14.699999809265137,14.699999809265137,14.369999885559082,14.5,7100
2024-12-06,14.609999656677246,14.609999656677246,14.449999809265137,14.449999809265137,1200
2024-12-09,14.420000076293945,14.420000076293945,14.420000076293945,14.420000076293945,1200
2024-12-10,14.5,14.600000381469727,13.9399995803833,14.149999618530273,11800
2024-12-11,14.029999732971191,14.569999694824219,14.029999732971191,14.520000457763672,13200
2024-12-12,14.09000015258789,14.479999542236328,13.930000305175781,14.479999542236328,2900
2024-12-13,14.569999694824219,14.569999694824219,14.569999694824219,14.569999694824219,800
2024-12-16,14.079999923706055,14.079999923706055,14.079999923706055,14.079999923706055,1400
2024-12-17,14.270000457763672,14.5,14.170000076293945,14.5,2500
2024-12-18,14.34000015258789,14.430000305175781,14.260000228881836,14.279999732971191,4900
2024-12-19,14.270000457763672,14.600000381469727,14.260000228881836,14.510000228881836,3100
2024-12-20,14.600000381469727,14.649999618530273,14.25,14.649999618530273,4400
2024-12-23,14.680000305175781,14.680000305175781,14.4399995803833,14.649999618530273,2300
2024-12-24,14.649999618530273,14.649999618530273,14.649999618530273,14.649999618530273,0
2024-12-26,14.319999694824219,14.319999694824219,14.319999694824219,14.319999694824219,300
2024-12-27,14.680000305175781,14.680000305175781,14.680000305175781,14.680000305175781,700
2024-12-30,14.680000305175781,14.680000305175781,14.680000305175781,14.680000305175781,400
2024-12-31,14.600000381469727,14.600000381469727,14.600000381469727,14.600000381469727,400
2025-01-02,14.59000015258789,14.59000015258789,14.520000457763672,14.520000457763672,1900
2025-01-03,14.380000114440918,14.430000305175781,14.25,14.25,4100
2025-01-06,14.079999923706055,14.170000076293945,14.079999923706055,14.170000076293945,600
2025-01-07,14.130000114440918,14.130000114440918,13.970000267028809,13.970000267028809,1300
2025-01-08,14.140000343322754,14.199999809265137,14.140000343322754,14.199999809265137,1900
2025-01-10,14.199999809265137,14.199999809265137,14.199999809265137,14.199999809265137,0
2025-01-13,14.199999809265137,14.199999809265137,14.199999809265137,14.199999809265137,0
2025-01-14,14.039999961853027,14.630000114440918,13.850000381469727,14.630000114440918,1600
2025-01-15,14.489999771118164,14.649999618530273,14.489999771118164,14.649999618530273,800
2025-01-16,13.960000038146973,14.640000343322754,13.949999809265137,14.640000343322754,2200
2025-01-17,14.630000114440918,14.65999984741211,14.460000038146973,14.460000038146973,1800
2025-01-21,14.510000228881836,14.670000076293945,14.510000228881836,14.670000076293945,1100
2025-01-22,14.4399995803833,14.59000015258789,14.069999694824219,14.180000305175781,3000
2025-01-23,14.09000015258789,14.09000015258789,14.09000015258789,14.09000015258789,500
2025-01-24,14.40999984741211,14.40999984741211,14.350000381469727,14.359999656677246,1900
2025-01-27,14.359999656677246,14.600000381469727,14.359999656677246,14.600000381469727,500
2025-01-28,14.510000228881836,14.600000381469727,14.510000228881836,14.600000381469727,800
2025-01-29,14.59000015258789,14.600000381469727,14.359999656677246,14.600000381469727,2700
2025-01-30,14.5600004196167,14.5600004196167,14.5600004196167,14.5600004196167,200
2025-01-31,14.329999923706055,14.600000381469727,14.329999923706055,14.34000015258789,1600
2025-02-03,14.34000015258789,14.34000015258789,14.0,14.15999984741211,4300
2025-02-04,14.279999732971191,14.579999923706055,14.279999732971191,14.579999923706055,500
2025-02-05,14.529999732971191,14.600000381469727,14.529999732971191,14.600000381469727,800
2025-02-06,14.569999694824219,14.600000381469727,14.520000457763672,14.569999694824219,2000
2025-02-07,14.569999694824219,14.569999694824219,14.569999694824219,14.569999694824219,0
2025-02-10,14.640000343322754,14.640000343322754,14.600000381469727,14.600000381469727,3300
2025-02-11,14.600000381469727,14.600000381469727,14.539999961853027,14.600000381469727,4400
2025-02-12,14.449999809265137,14.479999542236328,14.0600004196167,14.0600004196167,1400
2025-02-13,14.600000381469727,14.600000381469727,14.600000381469727,14.600000381469727,400
2025-02-14,14.600000381469727,14.600000381469727,14.420000076293945,14.600000381469727,1500
2025-02-18,14.40999984741211,14.680000305175781,14.40999984741211,14.600000381469727,5000
2025-02-19,14.680000305175781,14.729999542236328,14.640000343322754,14.729999542236328,2600
2025-02-20,14.399999618530273,14.729999542236328,14.399999618530273,14.670000076293945,2800
2025-02-21,14.5,14.670000076293945,14.5,14.670000076293945,1200
2025-02-24,14.520000457763672,14.600000381469727,14.149999618530273,14.40999984741211,2800
2025-02-25,14.680000305175781,14.729999542236328,14.680000305175781,14.720000267028809,1100
2025-02-26,14.430000305175781,14.75,14.430000305175781,14.75,1300
2025-02-27,14.6899995803833,14.75,14.630000114440918,14.75,1700
2025-02-28,14.850000381469727,14.899999618530273,14.850000381469727,14.899999618530273,1100
2025-03-03,14.630000114440918,14.630000114440918,14.510000228881836,14.510000228881836,1500
2025-03-04,14.600000381469727,14.649999618530273,14.520000457763672,14.520000457763672,1200
2025-03-05,14.729999542236328,14.75,14.520000457763672,14.520000457763672,3500
2025-03-06,14.729999542236328,14.729999542236328,14.5,14.680000305175781,1900
2025-03-07,14.600000381469727,14.75,14.5,14.550000190734863,5000
2025-03-10,14.149999618530273,14.600000381469727,14.149999618530273,14.15999984741211,1000
2025-03-11,14.5,14.5,14.109999656677246,14.109999656677246,1200
2025-03-12,14.399999618530273,14.5,14.119999885559082,14.5,1900
2025-03-13,14.510000228881836,14.510000228881836,14.510000228881836,14.510000228881836,400
2025-03-14,14.15999984741211,14.680000305175781,14.15999984741211,14.15999984741211,3000
2025-03-17,14.140000343322754,14.550000190734863,14.050000190734863,14.300000190734863,3300
2025-03-18,14.300000190734863,14.470000267028809,14.100000381469727,14.399999618530273,2900
2025-03-19,14.300000190734863,14.5,14.199999809265137,14.489999771118164,10900
2025-03-20,14.229999542236328,14.40999984741211,14.149999618530273,14.399999618530273,2900
2025-03-21,14.199999809265137,14.399999618530273,14.140000343322754,14.399999618530273,5300
2025-03-24,14.149999618530273,14.149999618530273,14.149999618530273,14.149999618530273,300
2025-03-25,14.100000381469727,14.100000381469727,13.970000267028809,13.970000267028809,5200
2025-03-26,14.0600004196167,14.0600004196167,13.970000267028809,13.970000267028809,4600
2025-03-27,14.0,14.09000015258789,14.0,14.09000015258789,2800
2025-03-28,13.970000267028809,14.0,13.920000076293945,13.979999542236328,4700
2025-03-31,13.850000381469727,13.899999618530273,13.850000381469727,13.899999618530273,2100
2025-04-01,13.859999656677246,13.859999656677246,13.859999656677246,13.859999656677246,800
2025-04-02,13.850000381469727,13.850000381469727,13.850000381469727,13.850000381469727,1000
2025-04-03,14.119999885559082,14.119999885559082,13.9399995803833,13.989999771118164,9200
2025-04-04,13.729999542236328,13.800000190734863,13.729999542236328,13.800000190734863,1200
2025-04-07,13.800000190734863,13.800000190734863,13.720000267028809,13.720000267028809,1100
2025-04-08,14.149999618530273,14.149999618530273,13.789999961853027,13.789999961853027,2400
2025-04-09,13.520000457763672,13.949999809265137,13.520000457763672,13.699999809265137,5100
2025-04-10,13.920000076293945,14.140000343322754,13.920000076293945,13.970000267028809,1800
2025-04-11,13.699999809265137,13.699999809265137,13.699999809265137,13.699999809265137,500
2025-04-14,13.699999809265137,13.699999809265137,13.699999809265137,13.699999809265137,0
2025-04-15,13.770000457763672,13.84000015258789,13.699999809265137,13.699999809265137,500
2025-04-16,13.699999809265137,13.699999809265137,13.699999809265137,13.699999809265137,1100
2025-04-17,13.970000267028809,13.970000267028809,13.949999809265137,13.949999809265137,500
2025-04-21,13.640000343322754,13.640000343322754,13.619999885559082,13.619999885559082,500
2025-04-22,13.75,13.989999771118164,13.75,13.760000228881836,1200
2025-04-23,13.770000457763672,14.069999694824219,13.770000457763672,14.069999694824219,1000
2025-04-24,13.770000457763672,13.899999618530273,13.770000457763672,13.899999618530273,300
2025-04-25,13.899999618530273,13.899999618530273,13.899999618530273,13.899999618530273,0
2025-04-28,13.890000343322754,14.0,13.890000343322754,13.989999771118164,800
2025-04-29,14.09000015258789,14.220000267028809,14.0,14.149999618530273,7400
2025-04-30,14.100000381469727,14.229999542236328,13.779999732971191,13.779999732971191,1900
2025-05-01,14.489999771118164,14.5,13.880000114440918,14.109999656677246,7400
2025-05-02,14.449999809265137,14.489999771118164,14.239999771118164,14.350000381469727,3400
2025-05-05,14.399999618530273,14.399999618530273,14.100000381469727,14.100000381469727,900
2025-05-06,14.380000114440918,14.489999771118164,14.359999656677246,14.359999656677246,2300
2025-05-07,14.399999618530273,14.430000305175781,14.350000381469727,14.399999618530273,1600
2025-05-08,14.420000076293945,14.720000267028809,14.390000343322754,14.720000267028809,11500
2025-05-09,14.539999961853027,14.699999809265137,14.510000228881836,14.699999809265137,6500
2025-05-12,14.729999542236328,14.75,14.460000038146973,14.460000038146973,11500
2025-05-13,14.5,14.880000114440918,14.5,14.75,8200
2025-05-14,14.399999618530273,14.84000015258789,14.399999618530273,14.699999809265137,5900
2025-05-15,14.619999885559082,15.1899995803833,14.619999885559082,15.069999694824219,17600
2025-05-16,15.170000076293945,15.239999771118164,15.100000381469727,15.100000381469727,4200
2025-05-19,15.239999771118164,15.699999809265137,15.239999771118164,15.420000076293945,11000
2025-05-20,15.34000015258789,15.600000381469727,15.34000015258789,15.380000114440918,1600
2025-05-21,15.460000038146973,15.460000038146973,15.25,15.25,700
2025-05-22,15.4399995803833,15.510000228881836,15.359999656677246,15.479999542236328,3400
2025-05-23,15.390000343322754,15.390000343322754,15.229999542236328,15.229999542236328,800
2025-05-27,15.270000457763672,15.5,15.220000267028809,15.279999732971191,23100
2025-05-28,15.25,15.699999809265137,15.25,15.489999771118164,13400
2025-05-29,15.479999542236328,15.699999809265137,15.479999542236328,15.6899995803833,4600
2025-05-30,15.600000381469727,16.0,15.600000381469727,15.899999618530273,34800
2025-06-02,15.8100004196167,15.989999771118164,15.8100004196167,15.890000343322754,7200
2025-06-03,15.90999984741211,16.1200008392334,15.8100004196167,15.899999618530273,31000
2025-06-04,16.0,16.0,15.899999618530273,15.899999618530273,8700
2025-06-05,15.850000381469727,15.989999771118164,15.829999923706055,15.899999618530273,4200
2025-06-06,15.899999618530273,16.049999237060547,15.609999656677246,15.819999694824219,5100
2025-06-09,15.850000381469727,16.040000915527344,15.680000305175781,15.84000015258789,8400
2025-06-10,15.770000457763672,15.899999618530273,15.65999984741211,15.770000457763672,3800
2025-06-11,15.920000076293945,15.920000076293945,15.84000015258789,15.899999618530273,1800
2025-06-12,15.899999618530273,15.899999618530273,15.789999961853027,15.899999618530273,3000
2025-06-13,15.789999961853027,15.899999618530273,15.789999961853027,15.869999885559082,1900
2025-06-16,15.850000381469727,15.899999618530273,15.6899995803833,15.899999618530273,2100
2025-06-17,15.890000343322754,16.049999237060547,15.8100004196167,16.049999237060547,21500
2025-06-18,16.079999923706055,16.15999984741211,16.040000915527344,16.110000610351562,3300
2025-06-20,16.1200008392334,16.309999465942383,16.09000015258789,16.299999237060547,11900
2025-06-23,16.299999237060547,16.600000381469727,16.0,16.549999237060547,25900
2025-06-24,16.719999313354492,17.0,16.719999313354492,16.950000762939453,5300
2025-06-25,16.579999923706055,16.889999389648438,16.3799991607666,16.809999465942383,6900
2025-06-26,16.309999465942383,16.719999313354492,16.049999237060547,16.56999969482422,3800
2025-06-27,16.25,16.75,16.25,16.739999771118164,3100
2025-06-30,16.31999969482422,16.850000381469727,16.200000762939453,16.670000076293945,6200
2025-07-01,16.34000015258789,19.040000915527344,16.020000457763672,16.610000610351562,109700
2025-07-02,16.75,16.969999313354492,16.579999923706055,16.8799991607666,4100
2025-07-03,16.959999084472656,17.09000015258789,16.649999618530273,16.649999618530273,3400
2025-07-07,16.649999618530273,17.100000381469727,16.649999618530273,16.780000686645508,3000
2025-07-08,16.940000534057617,17.0,16.790000915527344,16.84000015258789,8100
2025-07-09,17.100000381469727,17.100000381469727,17.09000015258789,17.100000381469727,2900
2025-07-10,16.979999542236328,17.18000030517578,16.809999465942383,17.149999618530273,1100
2025-07-11,16.84000015258789,16.84000015258789,16.84000015258789,16.84000015258789,500
2025-07-14,17.139999389648438,17.18000030517578,16.829999923706055,16.850000381469727,4700
2025-07-15,16.809999465942383,16.829999923706055,16.510000228881836,16.610000610351562,4100
2025-07-16,16.75,16.75,16.5,16.579999923706055,4300
2025-07-17,16.600000381469727,16.899999618530273,16.520000457763672,16.719999313354492,6100
2025-07-18,16.770000457763672,16.770000457763672,16.770000457763672,16.770000457763672,300
2025-07-21,16.5,16.719999313354492,16.5,16.690000534057617,8400
2025-07-22,16.649999618530273,17.100000381469727,16.549999237060547,16.549999237060547,6500
2025-07-23,17.1200008392334,17.200000762939453,16.709999084472656,17.1299991607666,2700
2025-07-24,16.850000381469727,16.8799991607666,16.559999465942383,16.559999465942383,1700
2025-07-25,16.549999237060547,17.15999984741211,16.549999237060547,17.0,900
2025-07-28,17.0,17.0,17.0,17.0,0
2025-07-29,16.93000030517578,16.93000030517578,16.93000030517578,16.93000030517578,500
2025-07-30,16.56999969482422,16.56999969482422,16.549999237060547,16.549999237060547,900
2025-07-31,16.549999237060547,16.8799991607666,16.549999237060547,16.8799991607666,600
2025-08-01,16.8799991607666,16.8799991607666,16.8799991607666,16.8799991607666,0
2025-08-04,16.799999237060547,17.100000381469727,16.75,17.100000381469727,4600
2025-08-05,17.18000030517578,17.18000030517578,17.18000030517578,17.18000030517578,900
2025-08-06,17.239999771118164,17.280000686645508,17.239999771118164,17.280000686645508,1600
2025-08-07,17.34000015258789,17.510000228881836,17.010000228881836,17.049999237060547,7200
2025-08-08,17.25,17.25,17.25,17.25,400
2025-08-11,17.25,17.25,17.25,17.25,0
2025-08-12,17.100000381469727,17.100000381469727,17.100000381469727,17.100000381469727,200
2025-08-13,17.260000228881836,17.489999771118164,17.110000610351562,17.110000610351562,1700
2025-08-14,17.399999618530273,17.479999542236328,17.399999618530273,17.479999542236328,800
2025-08-15,17.450000762939453,17.5,17.450000762939453,17.5,1500
2025-08-18,17.510000228881836,17.510000228881836,17.25,17.25,2800
2025-08-19,17.5,17.5,17.110000610351562,17.110000610351562,5300
2025-08-20,17.5,17.5,17.270000457763672,17.270000457763672,1700
2025-08-21,17.219999313354492,17.5,17.079999923706055,17.149999618530273,4800
2025-08-22,17.15999984741211,17.739999771118164,17.15999984741211,17.479999542236328,12000
2025-08-25,17.5,17.5,17.170000076293945,17.18000030517578,2300
2025-08-26,17.489999771118164,17.510000228881836,17.270000457763672,17.5,13000
2025-08-27,17.5,17.5,17.06999969482422,17.06999969482422,3500
2025-08-28,17.270000457763672,17.350000381469727,17.149999618530273,17.149999618530273,5900
2025-08-29,17.170000076293945,17.350000381469727,17.170000076293945,17.190000534057617,5900
2025-09-02,17.110000610351562,17.479999542236328,17.100000381469727,17.110000610351562,25100
2025-09-03,17.25,17.5,17.1200008392334,17.290000915527344,9700
2025-09-04,17.290000915527344,17.5,17.290000915527344,17.5,800
2025-09-05,17.479999542236328,17.5,17.299999237060547,17.299999237060547,1600
2025-09-08,17.5,17.5,17.209999084472656,17.299999237060547,3700
2025-09-09,17.469999313354492,17.5,17.290000915527344,17.350000381469727,2400
2025-09-10,17.450000762939453,17.68000030517578,17.079999923706055,17.200000762939453,8800
2025-09-11,17.489999771118164,17.489999771118164,17.25,17.260000228881836,4400
2025-09-12,17.25,17.260000228881836,17.040000915527344,17.040000915527344,2400
2025-09-15,17.1200008392334,17.1200008392334,17.1200008392334,17.1200008392334,900
2025-09-16,17.010000228881836,17.350000381469727,17.010000228881836,17.299999237060547,1800
2025-09-17,17.049999237060547,17.450000762939453,17.049999237060547,17.110000610351562,5800
2025-09-18,17.440000534057617,17.440000534057617,17.15999984741211,17.15999984741211,700
2025-09-19,17.25,17.450000762939453,17.25,17.440000534057617,10500
2025-09-22,17.079999923706055,17.149999618530273,17.079999923706055,17.149999618530273,1500
2025-09-23,17.149999618530273,17.450000762939453,17.100000381469727,17.399999618530273,5300
2025-09-24,17.440000534057617,17.450000762939453,17.200000762939453,17.299999237060547,12500
2025-09-25,17.299999237060547,17.299999237060547,17.25,17.299999237060547,1800
2025-09-26,17.1200008392334,17.299999237060547,17.1200008392334,17.260000228881836,2200
2025-09-29,17.25,17.25,17.059999465942383,17.15999984741211,3700
2025-09-30,17.139999389648438,17.270000457763672,17.139999389648438,17.270000457763672,600
2025-10-01,17.06999969482422,17.31999969482422,17.06999969482422,17.31999969482422,1000
2025-10-02,17.299999237060547,17.309999465942383,17.049999237060547,17.18000030517578,2000
2025-10-03,17.15999984741211,17.270000457763672,17.149999618530273,17.25,1800
2025-10-06,17.049999237060547,17.270000457763672,17.049999237060547,17.1200008392334,2600
2025-10-07,17.25,17.260000228881836,17.25,17.260000228881836,1100
2025-10-08,17.149999618530273,17.149999618530273,17.149999618530273,17.149999618530273,200
2025-10-09,17.049999237060547,17.149999618530273,17.049999237060547,17.059999465942383,2100
2025-10-10,17.040000915527344,17.040000915527344,16.8700008392334,16.8700008392334,1300
2025-10-13,16.940000534057617,17.049999237060547,16.93000030517578,17.049999237060547,2400
2025-10-14,17.049999237060547,17.049999237060547,17.049999237060547,17.049999237060547,0
2025-10-15,16.969999313354492,17.040000915527344,16.920000076293945,17.0,1900
2025-10-16,16.959999084472656,16.959999084472656,16.860000610351562,16.93000030517578,3900
2025-10-17,16.829999923706055,16.899999618530273,16.75,16.899999618530273,2200
2025-10-20,16.969999313354492,16.969999313354492,16.899999618530273,16.899999618530273,800
2025-10-21,17.0,17.0,16.6299991607666,16.6299991607666,10800
2025-10-22,16.75,16.75,16.75,16.75,300
2025-10-23,16.75,16.75,16.75,16.75,200
2025-10-24,16.75,16.75,16.75,16.75,0
2025-10-27,16.780000686645508,17.0,16.75,16.75,1800
2025-10-28,16.8799991607666,16.979999542236328,16.8799991607666,16.969999313354492,2000
2025-10-29,16.829999923706055,17.0,16.829999923706055,16.979999542236328,1600
2025-10-30,16.760000228881836,17.0,16.760000228881836,17.0,1100
2025-10-31,17.139999389648438,17.139999389648438,17.010000228881836,17.010000228881836,2200
2025-11-03,17.239999771118164,17.239999771118164,17.239999771118164,17.239999771118164,500
2025-11-04,16.81999969482422,16.81999969482422,16.81999969482422,16.81999969482422,1100
2025-11-05,16.81999969482422,16.81999969482422,16.81999969482422,16.81999969482422,0
2025-11-06,17.239999771118164,17.239999771118164,16.469999313354492,16.469999313354492,12000
2025-11-07,16.5,16.81999969482422,16.5,16.81999969482422,2200
2025-11-10,16.84000015258789,16.84000015258789,16.829999923706055,16.829999923706055,700
2025-11-11,16.829999923706055,16.829999923706055,16.829999923706055,16.829999923706055,0
2025-11-12,16.850000381469727,16.860000610351562,16.850000381469727,16.850000381469727,1500
2025-11-13,16.850000381469727,16.850000381469727,16.850000381469727,16.850000381469727,0
2025-11-14,16.760000228881836,16.760000228881836,16.56999969482422,16.56999969482422,600
2025-11-17,16.709999084472656,16.8700008392334,16.709999084472656,16.8700008392334,800
2025-11-18,16.8700008392334,16.8700008392334,16.8700008392334,16.8700008392334,400
2025-11-19,16.81999969482422,16.8700008392334,16.81999969482422,16.8700008392334,1200
2025-11-20,16.75,16.75,16.6200008392334,16.6200008392334,1200
2025-11-21,16.940000534057617,17.0,16.75,16.8700008392334,1400
2025-11-24,16.8700008392334,17.0,16.8700008392334,16.93000030517578,2000
2025-11-25,17.0,17.0,16.829999923706055,17.0,7900
2025-11-26,16.75,17.0,16.75,16.75,4800
2025-11-28,16.75,16.770000457763672,16.75,16.75,1600
2025-12-01,16.75,16.75,16.75,16.75,0
2025-12-02,16.75,16.75,16.75,16.75,300
2025-12-03,16.75,16.75,16.75,16.75,0
2025-12-04,16.75,17.0,16.75,16.760000228881836,4000
2025-12-05,16.989999771118164,17.0,16.889999389648438,16.950000762939453,4000
2025-12-08,16.950000762939453,16.950000762939453,16.799999237060547,16.799999237060547,14300
2025-12-09,16.799999237060547,17.0,16.799999237060547,16.8799991607666,10900
2025-12-10,16.940000534057617,17.209999084472656,16.860000610351562,16.889999389648438,9500
2025-12-11,17.020000457763672,17.239999771118164,17.0,17.239999771118164,2500
2025-12-12,17.239999771118164,17.239999771118164,17.0,17.239999771118164,1100
2025-12-15,17.18000030517578,17.239999771118164,17.1200008392334,17.200000762939453,1400
2025-12-16,17.020000457763672,17.020000457763672,17.020000457763672,17.020000457763672,300
2025-12-17,17.15999984741211,17.15999984741211,17.15999984741211,17.15999984741211,500
2025-12-18,17.1299991607666,17.1299991607666,17.1299991607666,17.1299991607666,400
2025-12-19,17.270000457763672,17.75,17.020000457763672,17.75,65800
2025-12-22,18.8799991607666,18.8799991607666,17.700000762939453,17.700000762939453,1100
2025-12-23,17.700000762939453,17.700000762939453,17.700000762939453,17.700000762939453,0
2025-12-24,17.700000762939453,17.700000762939453,17.700000762939453,17.700000762939453,0
2025-12-26,17.450000762939453,17.450000762939453,17.450000762939453,17.450000762939453,700
2025-12-29,17.65999984741211,17.65999984741211,17.65999984741211,17.65999984741211,300
2025-12-30,17.530000686645508,17.530000686645508,17.530000686645508,17.530000686645508,200
2025-12-31,17.280000686645508,17.280000686645508,17.280000686645508,17.280000686645508,400
2026-01-02,17.540000915527344,17.540000915527344,17.540000915527344,17.540000915527344,400
2026-01-05,17.75,17.75,17.75,17.75,600
2026-01-06,17.610000610351562,17.610000610351562,17.3799991607666,17.510000228881836,900
2026-01-07,17.420000076293945,17.420000076293945,17.420000076293945,17.420000076293945,1300
2026-01-08,17.489999771118164,17.549999237060547,17.489999771118164,17.549999237060547,1200
2026-01-09,17.700000762939453,17.700000762939453,17.5,17.670000076293945,1900
2026-01-12,17.8700008392334,17.989999771118164,17.8700008392334,17.979999542236328,1400
2026-01-13,17.979999542236328,17.979999542236328,17.979999542236328,17.979999542236328,0
2026-01-14,17.6200008392334,17.6200008392334,17.5,17.5,1900
2026-01-15,17.68000030517578,17.68000030517578,17.68000030517578,17.68000030517578,100
2026-01-16,17.639999389648438,17.639999389648438,17.639999389648438,17.639999389648438,1100
2026-01-20,17.920000076293945,17.940000534057617,17.56999969482422,17.56999969482422,900
2026-01-21,17.56999969482422,17.6299991607666,17.56999969482422,17.6299991607666,1500
2026-01-22,17.56999969482422,17.639999389648438,17.56999969482422,17.6299991607666,3300
2026-01-23,17.6299991607666,17.6299991607666,17.6299991607666,17.6299991607666,0
2026-01-26,17.530000686645508,17.8700008392334,17.479999542236328,17.8700008392334,1100
2026-01-27,17.600000381469727,17.799999237060547,17.1299991607666,17.799999237060547,2300
2026-01-28,17.889999389648438,17.889999389648438,17.209999084472656,17.8799991607666,2300
2026-01-29,17.579999923706055,17.579999923706055,17.200000762939453,17.579999923706055,2000
2026-01-30,17.6200008392334,17.700000762939453,17.6200008392334,17.6200008392334,2200
2026-02-02,17.780000686645508,17.780000686645508,17.75,17.75,1100
2026-02-03,17.75,17.75,17.75,17.75,0
2026-02-04,17.950000762939453,18.25,17.75,17.75,10700
2026-02-05,18.100000381469727,18.25,18.100000381469727,18.25,4400
2026-02-06,18.469999313354492,18.5,18.219999313354492,18.399999618530273,12500
2026-02-09,18.260000228881836,18.450000762939453,18.200000762939453,18.200000762939453,4600
2026-02-10,18.399999618530273,18.399999618530273,18.200000762939453,18.200000762939453,6700
2026-02-11,18.420000076293945,20.0,18.0,18.0,22700
2026-02-12,18.489999771118164,18.489999771118164,18.479999542236328,18.479999542236328,600
2026-02-13,18.200000762939453,18.209999084472656,18.200000762939453,18.200000762939453,2200
2026-02-17,18.0,18.0,18.0,18.0,800
2026-02-18,18.100000381469727,18.100000381469727,18.010000228881836,18.010000228881836,800
2026-02-19,18.25,18.25,18.010000228881836,18.170000076293945,1100
2026-02-20,18.450000762939453,18.450000762939453,18.450000762939453,18.450000762939453,500
2026-02-23,18.450000762939453,18.450000762939453,18.450000762939453,18.450000762939453,0
2026-02-24,18.450000762939453,18.450000762939453,18.450000762939453,18.450000762939453,0
2026-02-25,18.149999618530273,18.15999984741211,17.6299991607666,17.6299991607666,8000
2026-02-26,18.079999923706055,18.350000381469727,17.5,17.770000457763672,10900
2026-02-27,17.5,17.549999237060547,17.5,17.520000457763672,1900
2026-03-02,17.510000228881836,17.510000228881836,17.510000228881836,17.510000228881836,600
2026-03-03,17.5,17.5,17.5,17.5,300
2026-03-04,17.5,18.170000076293945,17.5,17.5,2600
2026-03-05,17.260000228881836,17.260000228881836,17.260000228881836,17.260000228881836,400
2026-03-06,17.520000457763672,17.520000457763672,17.520000457763672,17.520000457763672,1000
2026-03-09,17.40999984741211,17.760000228881836,17.110000610351562,17.280000686645508,5100
2026-03-10,17.18000030517578,17.950000762939453,16.81999969482422,17.469999313354492,88400
2026-03-11,17.489999771118164,17.489999771118164,17.020000457763672,17.15999984741211,13800
2026-03-12,17.579999923706055,17.579999923706055,17.049999237060547,17.280000686645508,3400
2026-03-13,17.280000686645508,17.280000686645508,17.280000686645508,17.280000686645508,0
2026-03-16,17.479999542236328,17.6299991607666,17.280000686645508,17.6299991607666,7100
2026-03-17,17.899999618530273,17.920000076293945,17.899999618530273,17.920000076293945,2700
2026-03-18,17.350000381469727,17.350000381469727,17.200000762939453,17.200000762939453,1300
2026-03-19,17.200000762939453,17.200000762939453,17.200000762939453,17.200000762939453,0
2026-03-20,17.110000610351562,17.110000610351562,16.030000686645508,16.100000381469727,66500
2026-03-23,16.709999084472656,16.739999771118164,16.510000228881836,16.670000076293945,2900
2026-03-24,17.09000015258789,17.09000015258789,16.520000457763672,16.540000915527344,2500
2026-03-25,17.0,17.329999923706055,17.0,17.25,3000
2026-03-26,17.25,17.479999542236328,17.1200008392334,17.479999542236328,4400
2026-03-27,17.6200008392334,17.6200008392334,17.579999923706055,17.579999923706055,2100
2026-03-30,17.579999923706055,17.579999923706055,17.559999465942383,17.579999923706055,2900
2026-03-31,17.75,17.75,17.229999542236328,17.309999465942383,3500
2026-04-01,17.1200008392334,17.75,16.950000762939453,17.549999237060547,7400
2026-04-02,17.549999237060547,17.549999237060547,17.549999237060547,17.549999237060547,0
2026-04-06,17.549999237060547,17.989999771118164,17.360000610351562,17.389999389648438,2500
2026-04-07,16.989999771118164,17.5,16.989999771118164,17.420000076293945,4200
2026-04-08,17.639999389648438,17.979999542236328,17.06999969482422,17.670000076293945,6300
2026-04-09,17.1200008392334,17.979999542236328,17.1200008392334,17.5,3700
2026-04-10,17.889999389648438,17.889999389648438,17.8799991607666,17.8799991607666,1000
2026-04-13,17.639999389648438,17.850000381469727,17.639999389648438,17.760000228881836,4700
2026-04-14,17.479999542236328,18.0,17.350000381469727,17.6200008392334,10700
2026-04-15,17.6200008392334,17.6200008392334,17.6200008392334,17.6200008392334,0
2026-04-16,17.75,17.75,17.75,17.75,400
2026-04-17,17.649999618530273,17.989999771118164,17.649999618530273,17.81999969482422,1300
2026-04-20,17.950000762939453,17.950000762939453,17.489999771118164,17.489999771118164,1500
2026-04-21,17.75,17.75,17.75,17.75,1400
2026-04-22,17.75,17.899999618530273,17.75,17.899999618530273,700
2026-04-23,17.860000610351562,17.860000610351562,17.520000457763672,17.520000457763672,4700
2026-04-24,17.780000686645508,17.780000686645508,17.75,17.75,800
2026-04-27,17.270000457763672,17.75,17.219999313354492,17.450000762939453,1200
2026-04-28,17.450000762939453,17.540000915527344,17.40999984741211,17.40999984741211,3700
2026-04-29,17.639999389648438,17.75,17.639999389648438,17.639999389648438,2200
2026-04-30,17.399999618530273,17.399999618530273,17.399999618530273,17.399999618530273,2100
2026-05-01,17.399999618530273,17.399999618530273,17.399999618530273,17.399999618530273,0
2026-05-04,17.420000076293945,17.420000076293945,17.420000076293945,17.420000076293945,400
2026-05-05,17.690000534057617,17.690000534057617,17.25,17.399999618530273,8100
2026-05-06,17.530000686645508,17.530000686645508,17.399999618530273,17.399999618530273,2000
2026-05-07,17.549999237060547,17.68000030517578,17.549999237060547,17.68000030517578,1100
2026-05-08,17.670000076293945,17.670000076293945,17.65999984741211,17.670000076293945,1100
2026-05-11,17.549999237060547,17.549999237060547,17.399999618530273,17.399999618530273,1900
2026-05-12,17.549999237060547,17.549999237060547,17.549999237060547,17.549999237060547,300
2026-05-13,17.670000076293945,17.670000076293945,17.459999084472656,17.459999084472656,1100
2026-05-14,17.670000076293945,17.670000076293945,17.649999618530273,17.649999618530273,1000
2026-05-15,17.690000534057617,17.690000534057617,17.65999984741211,17.670000076293945,1800
2026-05-18,17.559999465942383,17.559999465942383,17.40999984741211,17.40999984741211,1000
2026-05-19,17.40999984741211,17.40999984741211,17.299999237060547,17.3799991607666,2000
2026-05-20,17.3799991607666,17.549999237060547,17.299999237060547,17.549999237060547,3800
2026-05-21,17.610000610351562,17.610000610351562,17.600000381469727,17.600000381469727,2500
2026-05-22,17.600000381469727,17.600000381469727,17.299999237060547,17.450000762939453,3900
2026-05-26,17.40999984741211,17.40999984741211,17.299999237060547,17.299999237060547,3300
2026-05-27,17.299999237060547,17.299999237060547,17.299999237060547,17.299999237060547,0
2026-05-28,17.290000915527344,17.299999237060547,16.780000686645508,16.969999313354492,8200
2026-05-29,17.299999237060547,17.489999771118164,17.299999237060547,17.299999237060547,2700
2026-06-01,17.389999389648438,17.399999618530273,17.350000381469727,17.399999618530273,2000
2026-06-02,17.149999618530273,17.25,17.020000457763672,17.229999542236328,1900
2026-06-03,17.049999237060547,17.149999618530273,17.049999237060547,17.149999618530273,1400
2026-06-04,17.239999771118164,17.239999771118164,17.229999542236328,17.229999542236328,700
2026-06-05,17.049999237060547,17.059999465942383,17.049999237060547,17.049999237060547,4300
2026-06-08,17.149999618530273,17.149999618530273,16.959999084472656,16.959999084472656,15500
2026-06-09,16.920000076293945,17.25,16.920000076293945,17.25,1700
2026-06-10,17.079999923706055,17.09000015258789,17.049999237060547,17.059999465942383,3000
2026-06-11,17.079999923706055,17.110000610351562,17.079999923706055,17.110000610351562,1100
2026-06-12,17.100000381469727,17.25,17.049999237060547,17.049999237060547,2200
2026-06-15,17.100000381469727,17.100000381469727,17.059999465942383,17.100000381469727,1300
2026-06-16,17.299999237060547,17.299999237060547,17.299999237060547,17.299999237060547,300
2026-06-17,17.1200008392334,17.25,17.079999923706055,17.200000762939453,2600
2026-06-18,17.25,18.149999618530273,17.219999313354492,18.149999618530273,20200
2026-06-22,17.760000228881836,17.760000228881836,17.760000228881836,17.760000228881836,900
2026-06-23,17.75,17.899999618530273,17.75,17.899999618530273,1800
2026-06-24,18.06999969482422,18.06999969482422,18.0,18.0,1100
2026-06-25,17.729999542236328,17.829999923706055,17.540000915527344,17.829999923706055,1200
2026-06-26,18.040000915527344,18.049999237060547,17.799999237060547,17.799999237060547,7400
2026-06-29,17.600000381469727,18.0,17.600000381469727,18.0,10800
2026-06-30,17.799999237060547,17.850000381469727,17.450000762939453,17.450000762939453,7500
2026-07-01,17.15999984741211,17.920000076293945,17.15999984741211,17.600000381469727,1900
2026-07-02,17.290000915527344,17.649999618530273,17.290000915527344,17.6299991607666,1600
2026-07-06,17.520000457763672,17.520000457763672,17.520000457763672,17.520000457763672,500
2026-07-07,17.649999618530273,17.760000228881836,17.549999237060547,17.75,1900
2026-07-08,17.75,17.75,17.75,17.75,0
2026-07-09,17.309999465942383,17.700000762939453,17.309999465942383,17.469999313354492,1200
2026-07-10,17.350000381469727,17.350000381469727,17.350000381469727,17.350000381469727,700
2026-07-13,17.5,17.690000534057617,17.309999465942383,17.309999465942383,1800
2026-07-14,17.3700008392334,17.3700008392334,17.3700008392334,17.3700008392334,600
2026-07-15,17.579999923706055,17.600000381469727,17.399999618530273,17.600000381469727,3800
2026-07-16,17.700000762939453,17.700000762939453,17.540000915527344,17.540000915527344,11900
2026-07-17,17.549999237060547,17.549999237060547,17.549999237060547,17.549999237060547,800
2026-07-20,17.65999984741211,17.65999984741211,17.469999313354492,17.469999313354492,1400
