date,open,high,low,close,volume
2012-01-03,1.4299999475479126,1.4299999475479126,1.4199999570846558,1.4199999570846558,2000
2012-01-04,1.399999976158142,1.399999976158142,1.399999976158142,1.399999976158142,500
2012-01-05,1.3700000047683716,1.3700000047683716,1.3700000047683716,1.3700000047683716,1000
2012-01-06,1.3700000047683716,1.3700000047683716,1.3700000047683716,1.3700000047683716,600
2012-01-09,1.3700000047683716,1.3700000047683716,1.3700000047683716,1.3700000047683716,0
2012-01-10,1.3700000047683716,1.3700000047683716,1.3700000047683716,1.3700000047683716,0
2012-01-11,1.3799999952316284,1.3799999952316284,1.3799999952316284,1.3799999952316284,2000
2012-01-12,1.409999966621399,1.409999966621399,1.409999966621399,1.409999966621399,1000
2012-01-13,1.409999966621399,1.409999966621399,1.409999966621399,1.409999966621399,0
2012-01-17,1.409999966621399,1.409999966621399,1.409999966621399,1.409999966621399,0
2012-01-18,1.409999966621399,1.4600000381469727,1.409999966621399,1.4600000381469727,2200
2012-01-19,1.4900000095367432,1.4900000095367432,1.4900000095367432,1.4900000095367432,3000
2012-01-20,1.4700000286102295,1.4700000286102295,1.4700000286102295,1.4700000286102295,600
2012-01-23,1.4700000286102295,1.4700000286102295,1.4700000286102295,1.4700000286102295,800
2012-01-24,1.4900000095367432,1.4900000095367432,1.4700000286102295,1.4700000286102295,2600
2012-01-25,1.4900000095367432,1.4900000095367432,1.4900000095367432,1.4900000095367432,500
2012-01-26,1.4900000095367432,1.5,1.4900000095367432,1.5,6500
2012-01-27,1.5,1.5,1.5,1.5,0
2012-01-30,1.5,1.5,1.5,1.5,4000
2012-01-31,1.4600000381469727,1.5,1.4500000476837158,1.5,7300
2012-02-01,1.5,1.5,1.5,1.5,1500
2012-02-02,1.4800000190734863,1.4800000190734863,1.4800000190734863,1.4800000190734863,1500
2012-02-03,1.5099999904632568,1.5099999904632568,1.5099999904632568,1.5099999904632568,5000
2012-02-06,1.5099999904632568,1.5099999904632568,1.5099999904632568,1.5099999904632568,0
2012-02-07,1.5,1.5199999809265137,1.5,1.5199999809265137,15500
2012-02-08,1.5099999904632568,1.5099999904632568,1.5099999904632568,1.5099999904632568,400
2012-02-09,1.5099999904632568,1.5499999523162842,1.5099999904632568,1.5199999809265137,5600
2012-02-10,1.4600000381469727,1.5199999809265137,1.4500000476837158,1.4500000476837158,5000
2012-02-13,1.4700000286102295,1.4700000286102295,1.4299999475479126,1.4299999475479126,10500
2012-02-14,1.4500000476837158,1.4500000476837158,1.4500000476837158,1.4500000476837158,2000
2012-02-15,1.4500000476837158,1.4500000476837158,1.4500000476837158,1.4500000476837158,0
2012-02-16,1.4500000476837158,1.4500000476837158,1.4500000476837158,1.4500000476837158,0
2012-02-17,1.4500000476837158,1.4500000476837158,1.4500000476837158,1.4500000476837158,4000
2012-02-21,1.4700000286102295,1.4700000286102295,1.4700000286102295,1.4700000286102295,700
2012-02-22,1.4700000286102295,1.4700000286102295,1.4700000286102295,1.4700000286102295,0
2012-02-23,1.4700000286102295,1.4700000286102295,1.4700000286102295,1.4700000286102295,300
2012-02-24,1.4700000286102295,1.4700000286102295,1.4700000286102295,1.4700000286102295,1000
2012-02-27,1.4700000286102295,1.4700000286102295,1.4700000286102295,1.4700000286102295,1300
2012-02-28,1.4700000286102295,1.4700000286102295,1.4600000381469727,1.4700000286102295,1300
2012-02-29,1.4800000190734863,1.4800000190734863,1.4800000190734863,1.4800000190734863,500
2012-03-01,1.4800000190734863,1.5499999523162842,1.4700000286102295,1.5499999523162842,16500
2012-03-02,1.5499999523162842,1.5499999523162842,1.5499999523162842,1.5499999523162842,0
2012-03-05,1.5,1.5,1.5,1.5,700
2012-03-06,1.5,1.5,1.5,1.5,0
2012-03-07,1.5299999713897705,1.649999976158142,1.5299999713897705,1.649999976158142,28200
2012-03-08,1.649999976158142,1.649999976158142,1.649999976158142,1.649999976158142,0
2012-03-09,1.649999976158142,1.649999976158142,1.649999976158142,1.649999976158142,0
2012-03-12,1.649999976158142,1.649999976158142,1.649999976158142,1.649999976158142,0
2012-03-13,1.649999976158142,1.649999976158142,1.649999976158142,1.649999976158142,900
2012-03-14,1.649999976158142,1.649999976158142,1.649999976158142,1.649999976158142,0
2012-03-15,1.649999976158142,1.649999976158142,1.649999976158142,1.649999976158142,0
2012-03-16,1.6399999856948853,1.6399999856948853,1.4900000095367432,1.4900000095367432,13600
2012-03-19,1.4900000095367432,1.4900000095367432,1.4900000095367432,1.4900000095367432,0
2012-03-20,1.4900000095367432,1.4900000095367432,1.4900000095367432,1.4900000095367432,0
2012-03-21,1.4900000095367432,1.4900000095367432,1.4900000095367432,1.4900000095367432,0
2012-03-22,1.4900000095367432,1.4900000095367432,1.4900000095367432,1.4900000095367432,0
2012-03-23,1.5,1.5,1.5,1.5,2400
2012-03-26,1.5,1.5700000524520874,1.5,1.5299999713897705,13300
2012-03-27,1.600000023841858,1.600000023841858,1.600000023841858,1.600000023841858,1000
2012-03-28,1.559999942779541,1.559999942779541,1.559999942779541,1.559999942779541,400
2012-03-29,1.590000033378601,1.600000023841858,1.590000033378601,1.600000023841858,900
2012-03-30,1.559999942779541,1.559999942779541,1.5,1.5,46400
2012-04-02,1.5099999904632568,1.5099999904632568,1.5099999904632568,1.5099999904632568,1000
2012-04-03,1.4900000095367432,1.4900000095367432,1.4600000381469727,1.4900000095367432,4000
2012-04-04,1.4700000286102295,1.4700000286102295,1.4700000286102295,1.4700000286102295,11000
2012-04-05,1.4700000286102295,1.4700000286102295,1.4700000286102295,1.4700000286102295,0
2012-04-09,1.4600000381469727,1.4600000381469727,1.4600000381469727,1.4600000381469727,1000
2012-04-10,1.4500000476837158,1.4600000381469727,1.4500000476837158,1.4500000476837158,7000
2012-04-11,1.4500000476837158,1.4500000476837158,1.4500000476837158,1.4500000476837158,0
2012-04-12,1.4800000190734863,1.4800000190734863,1.3700000047683716,1.4800000190734863,18000
2012-04-13,1.4900000095367432,1.4900000095367432,1.4900000095367432,1.4900000095367432,3000
2012-04-16,1.4900000095367432,1.4900000095367432,1.4900000095367432,1.4900000095367432,0
2012-04-17,1.3899999856948853,1.3899999856948853,1.350000023841858,1.350000023841858,14000
2012-04-18,1.350000023841858,1.350000023841858,1.2899999618530273,1.3300000429153442,3900
2012-04-19,1.3300000429153442,1.3300000429153442,1.3300000429153442,1.3300000429153442,0
2012-04-20,1.309999942779541,1.309999942779541,1.309999942779541,1.309999942779541,3000
2012-04-23,1.309999942779541,1.309999942779541,1.309999942779541,1.309999942779541,0
2012-04-24,1.309999942779541,1.309999942779541,1.309999942779541,1.309999942779541,0
2012-04-25,1.309999942779541,1.309999942779541,1.309999942779541,1.309999942779541,0
2012-04-26,1.309999942779541,1.309999942779541,1.309999942779541,1.309999942779541,0
2012-04-27,1.2999999523162842,1.2999999523162842,1.2999999523162842,1.2999999523162842,1000
2012-04-30,1.2799999713897705,1.2799999713897705,1.2799999713897705,1.2799999713897705,600
2012-05-01,1.2799999713897705,1.2799999713897705,1.2799999713897705,1.2799999713897705,0
2012-05-02,1.2799999713897705,1.2799999713897705,1.2799999713897705,1.2799999713897705,0
2012-05-03,1.2799999713897705,1.2799999713897705,1.2699999809265137,1.2699999809265137,4000
2012-05-04,1.2699999809265137,1.2699999809265137,1.2300000190734863,1.2699999809265137,16600
2012-05-07,1.2200000286102295,1.2300000190734863,1.2200000286102295,1.2300000190734863,300
2012-05-08,1.2200000286102295,1.2300000190734863,1.2200000286102295,1.2300000190734863,2300
2012-05-09,1.2300000190734863,1.2300000190734863,1.2300000190734863,1.2300000190734863,0
2012-05-10,1.2300000190734863,1.2300000190734863,1.2300000190734863,1.2300000190734863,0
2012-05-11,1.2300000190734863,1.2300000190734863,1.2300000190734863,1.2300000190734863,0
2012-05-14,1.2200000286102295,1.2200000286102295,1.2200000286102295,1.2200000286102295,1000
2012-05-15,1.2200000286102295,1.2200000286102295,1.2000000476837158,1.2000000476837158,4200
2012-05-16,1.2000000476837158,1.2000000476837158,1.2000000476837158,1.2000000476837158,0
2012-05-17,1.190000057220459,1.190000057220459,1.149999976158142,1.149999976158142,9500
2012-05-18,1.149999976158142,1.149999976158142,1.059999942779541,1.100000023841858,10400
2012-05-21,1.090000033378601,1.090000033378601,1.059999942779541,1.090000033378601,5700
2012-05-22,1.0800000429153442,1.2899999618530273,1.0800000429153442,1.2899999618530273,5200
2012-05-23,1.25,1.25,1.1299999952316284,1.1299999952316284,2000
2012-05-24,1.1299999952316284,1.1299999952316284,1.1299999952316284,1.1299999952316284,0
2012-05-25,1.1299999952316284,1.1299999952316284,1.1299999952316284,1.1299999952316284,0
2012-05-29,1.1299999952316284,1.1299999952316284,1.1299999952316284,1.1299999952316284,0
2012-05-30,1.149999976158142,1.149999976158142,1.149999976158142,1.149999976158142,400
2012-05-31,1.149999976158142,1.149999976158142,1.149999976158142,1.149999976158142,600
2012-06-01,1.149999976158142,1.149999976158142,1.149999976158142,1.149999976158142,700
2012-06-04,1.149999976158142,1.149999976158142,1.149999976158142,1.149999976158142,0
2012-06-05,1.149999976158142,1.149999976158142,1.149999976158142,1.149999976158142,0
2012-06-06,1.149999976158142,1.149999976158142,1.149999976158142,1.149999976158142,0
2012-06-07,1.149999976158142,1.149999976158142,1.149999976158142,1.149999976158142,0
2012-06-08,1.1399999856948853,1.1399999856948853,1.1399999856948853,1.1399999856948853,3400
2012-06-11,1.1399999856948853,1.1399999856948853,1.1399999856948853,1.1399999856948853,0
2012-06-12,1.1299999952316284,1.159999966621399,1.1299999952316284,1.159999966621399,1900
2012-06-13,1.2000000476837158,1.25,1.2000000476837158,1.25,12100
2012-06-14,1.2100000381469727,1.2100000381469727,1.159999966621399,1.159999966621399,7000
2012-06-15,1.159999966621399,1.159999966621399,1.159999966621399,1.159999966621399,0
2012-06-18,1.159999966621399,1.159999966621399,1.159999966621399,1.159999966621399,0
2012-06-19,1.2000000476837158,1.2000000476837158,1.2000000476837158,1.2000000476837158,100
2012-06-20,1.2000000476837158,1.2000000476837158,1.2000000476837158,1.2000000476837158,0
2012-06-21,1.2100000381469727,1.25,1.2100000381469727,1.2100000381469727,5500
2012-06-22,1.2100000381469727,1.2100000381469727,1.2100000381469727,1.2100000381469727,0
2012-06-25,1.2100000381469727,1.2100000381469727,1.2100000381469727,1.2100000381469727,0
2012-06-26,1.25,1.2599999904632568,1.25,1.2599999904632568,7000
2012-06-27,1.2599999904632568,1.2599999904632568,1.2599999904632568,1.2599999904632568,0
2012-06-28,1.2599999904632568,1.2599999904632568,1.2599999904632568,1.2599999904632568,0
2012-06-29,1.2599999904632568,1.2599999904632568,1.25,1.25,6100
2012-07-02,1.25,1.25,1.25,1.25,0
2012-07-03,1.25,1.25,1.25,1.25,0
2012-07-05,1.25,1.25,1.25,1.25,0
2012-07-06,1.25,1.25,1.25,1.25,0
2012-07-09,1.25,1.25,1.25,1.25,0
2012-07-10,1.25,1.25,1.25,1.25,0
2012-07-11,1.25,1.25,1.25,1.25,0
2012-07-12,1.25,1.25,1.25,1.25,0
2012-07-13,1.25,1.25,1.25,1.25,0
2012-07-16,1.25,1.25,1.25,1.25,0
2012-07-17,1.25,1.25,1.25,1.25,4500
2012-07-18,1.25,1.25,1.25,1.25,0
2012-07-19,1.25,1.25,1.25,1.25,0
2012-07-20,1.25,1.25,1.25,1.25,9000
2012-07-23,1.25,1.25,1.25,1.25,0
2012-07-24,1.2100000381469727,1.2100000381469727,1.2100000381469727,1.2100000381469727,1000
2012-07-25,1.2100000381469727,1.2100000381469727,1.2100000381469727,1.2100000381469727,0
2012-07-26,1.2100000381469727,1.2100000381469727,1.2100000381469727,1.2100000381469727,0
2012-07-27,1.2100000381469727,1.2100000381469727,1.2100000381469727,1.2100000381469727,0
2012-07-30,1.2100000381469727,1.2100000381469727,1.2100000381469727,1.2100000381469727,0
2012-07-31,1.25,1.25,1.25,1.25,100
2012-08-01,1.25,1.25,1.25,1.25,1200
2012-08-02,1.25,1.25,1.25,1.25,0
2012-08-03,1.25,1.25,1.25,1.25,0
2012-08-06,1.25,1.25,1.25,1.25,0
2012-08-07,1.25,1.25,1.25,1.25,200
2012-08-08,1.25,1.25,1.25,1.25,0
2012-08-09,1.25,1.25,1.25,1.25,0
2012-08-10,1.2000000476837158,1.2899999618530273,1.2000000476837158,1.2899999618530273,289100
2012-08-13,1.059999942779541,1.2100000381469727,1.059999942779541,1.2000000476837158,37800
2012-08-14,1.2799999713897705,1.4800000190734863,1.2799999713897705,1.399999976158142,55100
2012-08-15,1.399999976158142,1.399999976158142,1.399999976158142,1.399999976158142,0
2012-08-16,1.399999976158142,1.399999976158142,1.399999976158142,1.399999976158142,0
2012-08-17,1.3200000524520874,1.399999976158142,1.3200000524520874,1.399999976158142,400
2012-08-20,1.3200000524520874,1.399999976158142,1.2999999523162842,1.399999976158142,3300
2012-08-21,1.2999999523162842,1.399999976158142,1.2999999523162842,1.399999976158142,10300
2012-08-22,1.399999976158142,1.399999976158142,1.399999976158142,1.399999976158142,0
2012-08-23,1.3300000429153442,1.3899999856948853,1.3300000429153442,1.3899999856948853,1000
2012-08-24,1.3899999856948853,1.3899999856948853,1.3899999856948853,1.3899999856948853,0
2012-08-27,1.3899999856948853,1.3899999856948853,1.3899999856948853,1.3899999856948853,0
2012-08-28,1.3899999856948853,1.3899999856948853,1.3899999856948853,1.3899999856948853,0
2012-08-29,1.3899999856948853,1.3899999856948853,1.3899999856948853,1.3899999856948853,0
2012-08-30,1.3899999856948853,1.3899999856948853,1.3899999856948853,1.3899999856948853,0
2012-08-31,1.3899999856948853,1.3899999856948853,1.3899999856948853,1.3899999856948853,0
2012-09-04,1.3899999856948853,1.3899999856948853,1.3899999856948853,1.3899999856948853,0
2012-09-05,1.3799999952316284,1.3899999856948853,1.3799999952316284,1.3899999856948853,20600
2012-09-06,1.3899999856948853,1.3899999856948853,1.3899999856948853,1.3899999856948853,0
2012-09-07,1.3899999856948853,1.3899999856948853,1.3899999856948853,1.3899999856948853,0
2012-09-10,1.3899999856948853,1.3899999856948853,1.3899999856948853,1.3899999856948853,0
2012-09-11,1.350000023841858,1.350000023841858,1.350000023841858,1.350000023841858,5000
2012-09-12,1.3600000143051147,1.3600000143051147,1.3600000143051147,1.3600000143051147,1500
2012-09-13,1.3600000143051147,1.440000057220459,1.3600000143051147,1.440000057220459,1300
2012-09-14,1.440000057220459,1.440000057220459,1.440000057220459,1.440000057220459,400
2012-09-17,1.440000057220459,1.440000057220459,1.440000057220459,1.440000057220459,0
2012-09-18,1.440000057220459,1.440000057220459,1.440000057220459,1.440000057220459,0
2012-09-19,1.440000057220459,1.440000057220459,1.440000057220459,1.440000057220459,18700
2012-09-20,1.440000057220459,1.440000057220459,1.440000057220459,1.440000057220459,1000
2012-09-21,1.440000057220459,1.440000057220459,1.440000057220459,1.440000057220459,0
2012-09-24,1.440000057220459,1.440000057220459,1.440000057220459,1.440000057220459,0
2012-09-25,1.440000057220459,1.4900000095367432,1.440000057220459,1.4900000095367432,10000
2012-09-26,1.5299999713897705,1.5499999523162842,1.5299999713897705,1.5299999713897705,10700
2012-09-27,1.5499999523162842,1.5499999523162842,1.5499999523162842,1.5499999523162842,9500
2012-09-28,1.5499999523162842,1.5499999523162842,1.5499999523162842,1.5499999523162842,0
2012-10-01,1.5499999523162842,1.5499999523162842,1.5499999523162842,1.5499999523162842,0
2012-10-02,1.5499999523162842,1.5499999523162842,1.5499999523162842,1.5499999523162842,0
2012-10-03,1.5499999523162842,1.5499999523162842,1.5499999523162842,1.5499999523162842,5000
2012-10-04,1.5199999809265137,1.5199999809265137,1.5199999809265137,1.5199999809265137,700
2012-10-05,1.5199999809265137,1.5199999809265137,1.5199999809265137,1.5199999809265137,0
2012-10-08,1.5199999809265137,1.5199999809265137,1.5199999809265137,1.5199999809265137,0
2012-10-09,1.5,1.5800000429153442,1.5,1.5,4600
2012-10-10,1.409999966621399,1.440000057220459,1.409999966621399,1.440000057220459,2500
2012-10-11,1.5,1.5,1.5,1.5,100
2012-10-12,1.5,1.5,1.5,1.5,0
2012-10-15,1.440000057220459,1.440000057220459,1.440000057220459,1.440000057220459,1000
2012-10-16,1.5,1.5,1.399999976158142,1.399999976158142,10800
2012-10-17,1.3600000143051147,1.399999976158142,1.3600000143051147,1.399999976158142,56000
2012-10-18,1.399999976158142,1.399999976158142,1.399999976158142,1.399999976158142,0
2012-10-19,1.3799999952316284,1.3799999952316284,1.3799999952316284,1.3799999952316284,1000
2012-10-22,1.4500000476837158,1.4500000476837158,1.4500000476837158,1.4500000476837158,500
2012-10-23,1.4500000476837158,1.4500000476837158,1.4500000476837158,1.4500000476837158,0
2012-10-24,1.4500000476837158,1.5,1.4500000476837158,1.5,2500
2012-10-25,1.5,1.5,1.5,1.5,0
2012-10-26,1.5,1.5,1.5,1.5,0
2012-10-31,1.4800000190734863,1.5299999713897705,1.4800000190734863,1.5099999904632568,10300
2012-11-01,1.5499999523162842,1.649999976158142,1.5499999523162842,1.649999976158142,73100
2012-11-02,1.5399999618530273,1.5399999618530273,1.5399999618530273,1.5399999618530273,1000
2012-11-05,1.600000023841858,1.600000023841858,1.5199999809265137,1.5199999809265137,1900
2012-11-06,1.5199999809265137,1.5199999809265137,1.5199999809265137,1.5199999809265137,1600
2012-11-07,1.5199999809265137,1.5199999809265137,1.5199999809265137,1.5199999809265137,0
2012-11-08,1.5199999809265137,1.5199999809265137,1.5199999809265137,1.5199999809265137,800
2012-11-09,1.5199999809265137,1.5199999809265137,1.5,1.5,1500
2012-11-12,1.5,1.5,1.5,1.5,0
2012-11-13,1.5,1.5,1.5,1.5,0
2012-11-14,1.600000023841858,1.7200000286102295,1.600000023841858,1.600000023841858,67100
2012-11-15,1.600000023841858,1.600000023841858,1.600000023841858,1.600000023841858,10400
2012-11-16,1.6699999570846558,1.6699999570846558,1.559999942779541,1.6699999570846558,7300
2012-11-19,1.7899999618530273,1.7999999523162842,1.6299999952316284,1.6299999952316284,5600
2012-11-20,1.600000023841858,1.75,1.600000023841858,1.6799999475479126,1500
2012-11-21,1.659999966621399,1.6799999475479126,1.4500000476837158,1.6799999475479126,5400
2012-11-23,1.6799999475479126,1.6799999475479126,1.6799999475479126,1.6799999475479126,0
2012-11-26,1.6799999475479126,1.6799999475479126,1.6799999475479126,1.6799999475479126,0
2012-11-27,1.6799999475479126,1.6799999475479126,1.6799999475479126,1.6799999475479126,0
2012-11-28,1.6799999475479126,1.6799999475479126,1.6799999475479126,1.6799999475479126,0
2012-11-29,1.6799999475479126,1.6799999475479126,1.6799999475479126,1.6799999475479126,0
2012-11-30,1.649999976158142,1.6799999475479126,1.6299999952316284,1.6299999952316284,11700
2012-12-03,1.6299999952316284,1.6299999952316284,1.6299999952316284,1.6299999952316284,0
2012-12-04,1.7000000476837158,1.7000000476837158,1.7000000476837158,1.7000000476837158,500
2012-12-05,1.6200000047683716,1.75,1.6200000047683716,1.75,4500
2012-12-06,1.75,1.75,1.75,1.75,0
2012-12-07,1.75,1.75,1.75,1.75,0
2012-12-10,1.75,1.75,1.75,1.75,0
2012-12-11,1.690000057220459,1.690000057220459,1.6799999475479126,1.6799999475479126,2400
2012-12-12,1.6200000047683716,1.6200000047683716,1.6200000047683716,1.6200000047683716,1700
2012-12-13,1.6200000047683716,1.6200000047683716,1.6200000047683716,1.6200000047683716,0
2012-12-14,1.6699999570846558,1.6699999570846558,1.6699999570846558,1.6699999570846558,500
2012-12-17,1.6699999570846558,1.6699999570846558,1.6699999570846558,1.6699999570846558,0
2012-12-18,1.6699999570846558,1.6699999570846558,1.6699999570846558,1.6699999570846558,0
2012-12-19,1.6699999570846558,1.7699999809265137,1.6699999570846558,1.7699999809265137,28100
2012-12-20,1.7699999809265137,1.7699999809265137,1.7699999809265137,1.7699999809265137,5900
2012-12-21,1.559999942779541,1.7599999904632568,1.559999942779541,1.7599999904632568,4500
2012-12-24,1.7699999809265137,1.7699999809265137,1.7699999809265137,1.7699999809265137,500
2012-12-26,1.7699999809265137,1.8300000429153442,1.7699999809265137,1.8300000429153442,4500
2012-12-27,1.850000023841858,1.8899999856948853,1.850000023841858,1.8899999856948853,5300
2012-12-28,1.899999976158142,1.9199999570846558,1.850000023841858,1.9199999570846558,9200
2012-12-31,1.850000023841858,1.9700000286102295,1.850000023841858,1.9700000286102295,5300
2013-01-02,1.899999976158142,1.899999976158142,1.899999976158142,1.899999976158142,100
2013-01-03,1.899999976158142,1.899999976158142,1.899999976158142,1.899999976158142,0
2013-01-04,1.9299999475479126,1.9299999475479126,1.9199999570846558,1.9199999570846558,22200
2013-01-07,1.899999976158142,1.899999976158142,1.899999976158142,1.899999976158142,500
2013-01-08,1.899999976158142,1.899999976158142,1.899999976158142,1.899999976158142,0
2013-01-09,1.9199999570846558,1.9199999570846558,1.899999976158142,1.9199999570846558,800
2013-01-10,1.9199999570846558,1.9199999570846558,1.9199999570846558,1.9199999570846558,800
2013-01-11,1.850000023841858,1.9199999570846558,1.850000023841858,1.909999966621399,4600
2013-01-14,1.850000023841858,1.899999976158142,1.850000023841858,1.899999976158142,1400
2013-01-15,1.8899999856948853,1.899999976158142,1.8200000524520874,1.899999976158142,22900
2013-01-16,1.899999976158142,1.9299999475479126,1.899999976158142,1.9199999570846558,2500
2013-01-17,1.9199999570846558,1.9199999570846558,1.9199999570846558,1.9199999570846558,0
2013-01-18,1.8300000429153442,1.8300000429153442,1.8200000524520874,1.8300000429153442,9400
2013-01-22,1.899999976158142,1.899999976158142,1.8700000047683716,1.899999976158142,3200
2013-01-23,1.8700000047683716,1.8700000047683716,1.8700000047683716,1.8700000047683716,1300
2013-01-24,1.8899999856948853,1.899999976158142,1.7899999618530273,1.7899999618530273,3200
2013-01-25,1.8899999856948853,1.8899999856948853,1.8899999856948853,1.8899999856948853,2500
2013-01-28,1.8899999856948853,1.8899999856948853,1.7899999618530273,1.8799999952316284,2200
2013-01-29,1.8799999952316284,1.8799999952316284,1.8799999952316284,1.8799999952316284,0
2013-01-30,1.8799999952316284,1.8799999952316284,1.8799999952316284,1.8799999952316284,300
2013-01-31,1.8799999952316284,1.8799999952316284,1.7799999713897705,1.8799999952316284,2200
2013-02-01,1.8799999952316284,1.8799999952316284,1.8799999952316284,1.8799999952316284,1500
2013-02-04,1.8899999856948853,1.8899999856948853,1.8899999856948853,1.8899999856948853,500
2013-02-05,1.8899999856948853,1.8899999856948853,1.8899999856948853,1.8899999856948853,0
2013-02-06,1.8899999856948853,1.8899999856948853,1.8899999856948853,1.8899999856948853,0
2013-02-07,1.899999976158142,1.899999976158142,1.899999976158142,1.899999976158142,5200
2013-02-08,1.940000057220459,1.940000057220459,1.899999976158142,1.899999976158142,9200
2013-02-11,1.899999976158142,1.899999976158142,1.850000023841858,1.850000023841858,7200
2013-02-12,1.899999976158142,1.899999976158142,1.899999976158142,1.899999976158142,2500
2013-02-13,1.850000023841858,1.850000023841858,1.850000023841858,1.850000023841858,100
2013-02-14,1.850000023841858,1.850000023841858,1.850000023841858,1.850000023841858,0
2013-02-15,1.850000023841858,1.850000023841858,1.850000023841858,1.850000023841858,0
2013-02-19,1.809999942779541,1.8200000524520874,1.809999942779541,1.8200000524520874,3000
2013-02-20,1.8200000524520874,1.8200000524520874,1.8200000524520874,1.8200000524520874,0
2013-02-21,1.809999942779541,1.809999942779541,1.7999999523162842,1.7999999523162842,5600
2013-02-22,1.7999999523162842,1.7999999523162842,1.7999999523162842,1.7999999523162842,0
2013-02-25,1.7999999523162842,1.7999999523162842,1.7999999523162842,1.7999999523162842,0
2013-02-26,1.7999999523162842,1.7999999523162842,1.7999999523162842,1.7999999523162842,0
2013-02-27,1.899999976158142,1.899999976158142,1.7999999523162842,1.809999942779541,5300
2013-02-28,1.7999999523162842,1.7999999523162842,1.7999999523162842,1.7999999523162842,1000
2013-03-01,1.7999999523162842,1.7999999523162842,1.7999999523162842,1.7999999523162842,0
2013-03-04,1.7999999523162842,1.7999999523162842,1.7999999523162842,1.7999999523162842,500
2013-03-05,1.8899999856948853,1.899999976158142,1.8899999856948853,1.899999976158142,5000
2013-03-06,1.899999976158142,1.899999976158142,1.899999976158142,1.899999976158142,1500
2013-03-07,1.899999976158142,1.9299999475479126,1.899999976158142,1.899999976158142,16800
2013-03-08,1.899999976158142,1.899999976158142,1.899999976158142,1.899999976158142,5000
2013-03-11,1.850000023841858,1.8600000143051147,1.850000023841858,1.850000023841858,4300
2013-03-12,1.8200000524520874,1.8200000524520874,1.8200000524520874,1.8200000524520874,2600
2013-03-13,1.899999976158142,1.899999976158142,1.8600000143051147,1.8600000143051147,10500
2013-03-14,1.850000023841858,1.850000023841858,1.7699999809265137,1.850000023841858,10600
2013-03-15,1.7799999713897705,1.7799999713897705,1.7799999713897705,1.7799999713897705,400
2013-03-18,1.7799999713897705,1.7799999713897705,1.7799999713897705,1.7799999713897705,0
2013-03-19,1.7799999713897705,1.7799999713897705,1.7799999713897705,1.7799999713897705,0
2013-03-20,1.8200000524520874,1.909999966621399,1.8200000524520874,1.909999966621399,35700
2013-03-21,1.899999976158142,1.9299999475479126,1.850000023841858,1.850000023841858,25200
2013-03-22,1.850000023841858,1.850000023841858,1.850000023841858,1.850000023841858,2500
2013-03-25,1.850000023841858,1.850000023841858,1.850000023841858,1.850000023841858,300
2013-03-26,1.8300000429153442,1.8300000429153442,1.8300000429153442,1.8300000429153442,1400
2013-03-27,1.8200000524520874,1.8200000524520874,1.7999999523162842,1.7999999523162842,1000
2013-03-28,1.7999999523162842,1.7999999523162842,1.7999999523162842,1.7999999523162842,0
2013-04-01,1.850000023841858,1.850000023841858,1.7899999618530273,1.7899999618530273,3200
2013-04-02,1.7699999809265137,1.7699999809265137,1.5800000429153442,1.7000000476837158,9500
2013-04-03,1.7000000476837158,1.7000000476837158,1.7000000476837158,1.7000000476837158,0
2013-04-04,1.7000000476837158,1.7000000476837158,1.7000000476837158,1.7000000476837158,0
2013-04-05,1.7000000476837158,1.7000000476837158,1.7000000476837158,1.7000000476837158,0
2013-04-08,1.7000000476837158,1.7000000476837158,1.7000000476837158,1.7000000476837158,0
2013-04-09,1.659999966621399,1.7000000476837158,1.649999976158142,1.7000000476837158,15800
2013-04-10,1.6200000047683716,1.75,1.6200000047683716,1.75,600
2013-04-11,1.75,1.75,1.75,1.75,0
2013-04-12,1.75,1.75,1.75,1.75,400
2013-04-15,1.75,1.75,1.75,1.75,0
2013-04-16,1.649999976158142,1.75,1.649999976158142,1.75,2900
2013-04-17,1.75,1.75,1.75,1.75,0
2013-04-18,1.75,1.75,1.75,1.75,0
2013-04-19,1.75,1.75,1.75,1.75,0
2013-04-22,1.6200000047683716,1.6200000047683716,1.600000023841858,1.600000023841858,17100
2013-04-23,1.5700000524520874,1.5700000524520874,1.559999942779541,1.559999942779541,2500
2013-04-24,1.5700000524520874,1.5700000524520874,1.5700000524520874,1.5700000524520874,2500
2013-04-25,1.5800000429153442,1.5800000429153442,1.5800000429153442,1.5800000429153442,5000
2013-04-26,1.5800000429153442,1.5800000429153442,1.5800000429153442,1.5800000429153442,0
2013-04-29,1.5800000429153442,1.5800000429153442,1.5800000429153442,1.5800000429153442,2600
2013-04-30,1.5800000429153442,1.5800000429153442,1.5800000429153442,1.5800000429153442,300
2013-05-01,1.5800000429153442,1.5800000429153442,1.5800000429153442,1.5800000429153442,0
2013-05-02,1.5800000429153442,1.5800000429153442,1.5800000429153442,1.5800000429153442,0
2013-05-03,1.75,1.75,1.5800000429153442,1.5800000429153442,1400
2013-05-06,1.5399999618530273,1.5399999618530273,1.5,1.5399999618530273,55700
2013-05-07,1.5399999618530273,1.5399999618530273,1.5399999618530273,1.5399999618530273,0
2013-05-08,1.5,1.5099999904632568,1.5,1.5099999904632568,3600
2013-05-09,1.5099999904632568,1.5199999809265137,1.5099999904632568,1.5199999809265137,2100
2013-05-10,1.5199999809265137,1.5199999809265137,1.5199999809265137,1.5199999809265137,100
2013-05-13,1.5199999809265137,1.5199999809265137,1.5199999809265137,1.5199999809265137,0
2013-05-14,1.5199999809265137,1.7899999618530273,1.5,1.7899999618530273,122300
2013-05-15,1.7899999618530273,1.7899999618530273,1.7899999618530273,1.7899999618530273,400
2013-05-16,1.690000057220459,1.7999999523162842,1.690000057220459,1.7300000190734863,48900
2013-05-17,1.7100000381469727,1.7100000381469727,1.7000000476837158,1.7000000476837158,700
2013-05-20,1.7300000190734863,1.75,1.7300000190734863,1.7300000190734863,6800
2013-05-21,1.7300000190734863,1.7300000190734863,1.7300000190734863,1.7300000190734863,0
2013-05-22,1.7300000190734863,1.7899999618530273,1.7300000190734863,1.7599999904632568,9700
2013-05-23,1.7599999904632568,1.7599999904632568,1.7100000381469727,1.7100000381469727,4200
2013-05-24,1.7100000381469727,1.7100000381469727,1.7000000476837158,1.7000000476837158,2400
2013-05-28,1.7000000476837158,1.7000000476837158,1.7000000476837158,1.7000000476837158,4300
2013-05-29,1.7000000476837158,1.7000000476837158,1.7000000476837158,1.7000000476837158,0
2013-05-30,1.7799999713897705,1.7799999713897705,1.7799999713897705,1.7799999713897705,3500
2013-05-31,1.6200000047683716,1.7000000476837158,1.6200000047683716,1.7000000476837158,2300
2013-06-03,1.7000000476837158,1.7000000476837158,1.7000000476837158,1.7000000476837158,0
2013-06-04,1.7300000190734863,1.8300000429153442,1.7300000190734863,1.8300000429153442,800
2013-06-05,1.8300000429153442,1.8300000429153442,1.8300000429153442,1.8300000429153442,0
2013-06-06,1.7300000190734863,1.7300000190734863,1.7300000190734863,1.7300000190734863,200
2013-06-07,1.7999999523162842,1.7999999523162842,1.7999999523162842,1.7999999523162842,2600
2013-06-10,1.7999999523162842,1.7999999523162842,1.7999999523162842,1.7999999523162842,4500
2013-06-11,1.8200000524520874,1.8200000524520874,1.8200000524520874,1.8200000524520874,3100
2013-06-12,1.8200000524520874,1.8200000524520874,1.8200000524520874,1.8200000524520874,0
2013-06-13,1.8200000524520874,1.8200000524520874,1.7899999618530273,1.8200000524520874,10000
2013-06-14,1.7999999523162842,1.7999999523162842,1.7300000190734863,1.7300000190734863,5400
2013-06-17,1.7599999904632568,1.850000023841858,1.7300000190734863,1.850000023841858,7600
2013-06-18,1.850000023841858,1.850000023841858,1.850000023841858,1.850000023841858,0
2013-06-19,1.850000023841858,1.850000023841858,1.850000023841858,1.850000023841858,0
2013-06-20,1.850000023841858,2.0,1.8200000524520874,1.940000057220459,7400
2013-06-21,1.940000057220459,1.940000057220459,1.940000057220459,1.940000057220459,0
2013-06-24,1.899999976158142,1.909999966621399,1.899999976158142,1.909999966621399,1200
2013-06-25,1.899999976158142,1.909999966621399,1.899999976158142,1.909999966621399,7400
2013-06-26,1.909999966621399,1.909999966621399,1.909999966621399,1.909999966621399,0
2013-06-27,1.899999976158142,1.899999976158142,1.7699999809265137,1.8899999856948853,5600
2013-06-28,1.940000057220459,1.940000057220459,1.940000057220459,1.940000057220459,5000
2013-07-01,1.940000057220459,1.940000057220459,1.899999976158142,1.899999976158142,3400
2013-07-02,1.899999976158142,1.899999976158142,1.899999976158142,1.899999976158142,0
2013-07-03,1.899999976158142,1.899999976158142,1.899999976158142,1.899999976158142,0
2013-07-05,1.8799999952316284,1.8799999952316284,1.8799999952316284,1.8799999952316284,1000
2013-07-08,1.899999976158142,1.9199999570846558,1.8600000143051147,1.8600000143051147,2800
2013-07-09,1.8300000429153442,1.899999976158142,1.7799999713897705,1.899999976158142,700
2013-07-10,1.899999976158142,1.899999976158142,1.899999976158142,1.899999976158142,0
2013-07-11,1.8799999952316284,1.8799999952316284,1.8799999952316284,1.8799999952316284,3000
2013-07-12,1.899999976158142,1.899999976158142,1.850000023841858,1.850000023841858,4300
2013-07-15,1.7999999523162842,1.8300000429153442,1.7999999523162842,1.8200000524520874,10000
2013-07-16,1.8200000524520874,1.8200000524520874,1.8200000524520874,1.8200000524520874,0
2013-07-17,1.8300000429153442,1.8300000429153442,1.7699999809265137,1.7699999809265137,5000
2013-07-18,1.7999999523162842,1.7999999523162842,1.7999999523162842,1.7999999523162842,3400
2013-07-19,1.7999999523162842,1.7999999523162842,1.7999999523162842,1.7999999523162842,0
2013-07-22,1.8300000429153442,1.8300000429153442,1.8300000429153442,1.8300000429153442,2000
2013-07-23,1.899999976158142,1.899999976158142,1.8200000524520874,1.8200000524520874,1500
2013-07-24,1.8200000524520874,1.8200000524520874,1.8200000524520874,1.8200000524520874,0
2013-07-25,1.8200000524520874,1.9500000476837158,1.8200000524520874,1.9500000476837158,2000
2013-07-26,1.9500000476837158,2.0,1.9500000476837158,2.0,20500
2013-07-29,2.049999952316284,2.0999999046325684,2.0,2.0999999046325684,41800
2013-07-30,2.0999999046325684,2.0999999046325684,2.059999942779541,2.0999999046325684,2800
2013-07-31,2.0999999046325684,2.109999895095825,2.049999952316284,2.049999952316284,3600
2013-08-01,2.0999999046325684,2.0999999046325684,2.0999999046325684,2.0999999046325684,2500
2013-08-02,2.0999999046325684,2.0999999046325684,2.0999999046325684,2.0999999046325684,0
2013-08-05,2.0999999046325684,2.0999999046325684,2.0999999046325684,2.0999999046325684,0
2013-08-06,2.0999999046325684,2.0999999046325684,2.0999999046325684,2.0999999046325684,0
2013-08-07,2.140000104904175,2.1500000953674316,2.140000104904175,2.1500000953674316,5000
2013-08-08,2.1500000953674316,2.200000047683716,2.0299999713897705,2.0299999713897705,15300
2013-08-09,2.059999942779541,2.0999999046325684,2.0299999713897705,2.049999952316284,6700
2013-08-12,2.0299999713897705,2.0299999713897705,1.9800000190734863,2.009999990463257,4100
2013-08-13,2.0299999713897705,2.0299999713897705,2.0299999713897705,2.0299999713897705,1500
2013-08-14,2.0299999713897705,2.0299999713897705,2.0299999713897705,2.0299999713897705,0
2013-08-15,1.9800000190734863,1.9800000190734863,1.840000033378601,1.899999976158142,48500
2013-08-16,1.8899999856948853,1.899999976158142,1.8899999856948853,1.899999976158142,5000
2013-08-19,1.8200000524520874,1.8200000524520874,1.75,1.75,18900
2013-08-20,1.75,1.75,1.649999976158142,1.6699999570846558,10300
2013-08-21,1.6699999570846558,1.6699999570846558,1.6699999570846558,1.6699999570846558,0
2013-08-22,1.7000000476837158,1.7000000476837158,1.690000057220459,1.690000057220459,5200
2013-08-23,1.75,1.7899999618530273,1.75,1.7899999618530273,2000
2013-08-26,1.7999999523162842,1.7999999523162842,1.7999999523162842,1.7999999523162842,1500
2013-08-27,1.7999999523162842,1.7999999523162842,1.7999999523162842,1.7999999523162842,0
2013-08-28,1.7999999523162842,1.7999999523162842,1.7999999523162842,1.7999999523162842,11000
2013-08-29,1.809999942779541,1.809999942779541,1.7999999523162842,1.7999999523162842,4000
2013-08-30,1.7999999523162842,1.7999999523162842,1.7999999523162842,1.7999999523162842,1100
2013-09-03,1.7999999523162842,1.7999999523162842,1.6100000143051147,1.7999999523162842,42500
2013-09-04,1.7999999523162842,1.7999999523162842,1.7999999523162842,1.7999999523162842,0
2013-09-05,1.7999999523162842,1.7999999523162842,1.7999999523162842,1.7999999523162842,0
2013-09-06,1.7999999523162842,1.850000023841858,1.7200000286102295,1.7999999523162842,7400
2013-09-09,1.8600000143051147,1.940000057220459,1.7999999523162842,1.940000057220459,2200
2013-09-10,1.940000057220459,1.940000057220459,1.940000057220459,1.940000057220459,0
2013-09-11,1.940000057220459,1.940000057220459,1.940000057220459,1.940000057220459,0
2013-09-12,1.940000057220459,1.940000057220459,1.940000057220459,1.940000057220459,0
2013-09-13,1.8899999856948853,1.8899999856948853,1.8899999856948853,1.8899999856948853,3000
2013-09-16,1.8899999856948853,1.8899999856948853,1.8899999856948853,1.8899999856948853,0
2013-09-17,1.850000023841858,1.850000023841858,1.850000023841858,1.850000023841858,2000
2013-09-18,1.850000023841858,1.850000023841858,1.850000023841858,1.850000023841858,0
2013-09-19,1.850000023841858,1.850000023841858,1.850000023841858,1.850000023841858,0
2013-09-20,1.850000023841858,1.850000023841858,1.850000023841858,1.850000023841858,0
2013-09-23,1.850000023841858,1.850000023841858,1.850000023841858,1.850000023841858,0
2013-09-24,1.850000023841858,1.850000023841858,1.850000023841858,1.850000023841858,0
2013-09-25,1.850000023841858,1.850000023841858,1.850000023841858,1.850000023841858,0
2013-09-26,1.7699999809265137,1.7699999809265137,1.7699999809265137,1.7699999809265137,200
2013-09-27,1.809999942779541,1.809999942779541,1.7999999523162842,1.809999942779541,2000
2013-09-30,1.809999942779541,1.809999942779541,1.809999942779541,1.809999942779541,0
2013-10-01,1.809999942779541,1.809999942779541,1.809999942779541,1.809999942779541,0
2013-10-02,1.75,1.8899999856948853,1.75,1.8899999856948853,2500
2013-10-03,1.7999999523162842,1.7999999523162842,1.7999999523162842,1.7999999523162842,3800
2013-10-04,1.7999999523162842,1.809999942779541,1.7999999523162842,1.809999942779541,3300
2013-10-07,1.7999999523162842,1.7999999523162842,1.7999999523162842,1.7999999523162842,5100
2013-10-08,1.7899999618530273,1.7899999618530273,1.7000000476837158,1.75,7900
2013-10-09,1.7200000286102295,1.75,1.7000000476837158,1.75,6700
2013-10-10,1.75,1.75,1.75,1.75,0
2013-10-11,1.75,1.75,1.75,1.75,0
2013-10-14,1.7999999523162842,1.7999999523162842,1.7000000476837158,1.75,4100
2013-10-15,1.75,1.75,1.75,1.75,0
2013-10-16,1.7400000095367432,1.7400000095367432,1.7400000095367432,1.7400000095367432,100
2013-10-17,1.7400000095367432,1.7400000095367432,1.7400000095367432,1.7400000095367432,0
2013-10-18,1.7400000095367432,1.7400000095367432,1.7400000095367432,1.7400000095367432,0
2013-10-21,1.7400000095367432,1.7400000095367432,1.7400000095367432,1.7400000095367432,2900
2013-10-22,1.7400000095367432,1.7400000095367432,1.7400000095367432,1.7400000095367432,0
2013-10-23,1.7400000095367432,1.7400000095367432,1.7400000095367432,1.7400000095367432,0
2013-10-24,1.7400000095367432,1.7400000095367432,1.7400000095367432,1.7400000095367432,0
2013-10-25,1.7200000286102295,1.7200000286102295,1.7200000286102295,1.7200000286102295,1200
2013-10-28,1.7200000286102295,1.7200000286102295,1.7200000286102295,1.7200000286102295,0
2013-10-29,1.7300000190734863,1.7300000190734863,1.7200000286102295,1.7200000286102295,3900
2013-10-30,1.7200000286102295,1.7200000286102295,1.7200000286102295,1.7200000286102295,0
2013-10-31,1.7200000286102295,1.7200000286102295,1.7200000286102295,1.7200000286102295,0
2013-11-01,1.75,1.75,1.75,1.75,500
2013-11-04,1.75,1.75,1.75,1.75,2600
2013-11-05,1.75,1.9299999475479126,1.75,1.840000033378601,4500
2013-11-06,1.8300000429153442,1.8300000429153442,1.8300000429153442,1.8300000429153442,1000
2013-11-07,1.8300000429153442,1.8300000429153442,1.8300000429153442,1.8300000429153442,0
2013-11-08,1.8300000429153442,1.8300000429153442,1.75,1.75,2400
2013-11-11,1.75,1.75,1.7300000190734863,1.7300000190734863,500
2013-11-12,1.7000000476837158,1.75,1.7000000476837158,1.75,200
2013-11-13,1.840000033378601,1.850000023841858,1.840000033378601,1.850000023841858,2200
2013-11-14,1.850000023841858,1.850000023841858,1.850000023841858,1.850000023841858,3100
2013-11-15,1.9800000190734863,2.1500000953674316,1.9299999475479126,2.069999933242798,114200
2013-11-18,1.9600000381469727,2.0,1.9600000381469727,2.0,1300
2013-11-19,2.0,2.0,1.9900000095367432,2.0,2000
2013-11-20,2.0,2.0,2.0,2.0,0
2013-11-21,2.0,2.0199999809265137,1.9500000476837158,1.9500000476837158,5100
2013-11-22,2.0299999713897705,2.0399999618530273,1.9800000190734863,1.9800000190734863,6100
2013-11-25,2.0,2.0399999618530273,1.9800000190734863,2.009999990463257,32900
2013-11-26,1.9800000190734863,2.009999990463257,1.9800000190734863,2.009999990463257,7700
2013-11-27,2.009999990463257,2.009999990463257,1.9600000381469727,2.009999990463257,16700
2013-11-29,2.009999990463257,2.009999990463257,2.009999990463257,2.009999990463257,0
2013-12-02,2.009999990463257,2.009999990463257,2.009999990463257,2.009999990463257,2200
2013-12-03,2.0,2.0199999809265137,2.0,2.0,11300
2013-12-04,2.0,2.009999990463257,2.0,2.009999990463257,5100
2013-12-05,1.9700000286102295,2.0799999237060547,1.9600000381469727,2.049999952316284,7900
2013-12-06,2.0199999809265137,2.0199999809265137,2.0,2.0,2600
2013-12-09,2.009999990463257,2.059999942779541,2.009999990463257,2.059999942779541,1400
2013-12-10,2.0799999237060547,2.0799999237060547,2.0199999809265137,2.0199999809265137,4000
2013-12-11,2.0199999809265137,2.0199999809265137,2.0199999809265137,2.0199999809265137,1000
2013-12-12,2.049999952316284,2.0799999237060547,2.0199999809265137,2.049999952316284,19800
2013-12-13,2.069999933242798,2.069999933242798,2.069999933242798,2.069999933242798,5600
2013-12-16,2.1500000953674316,2.1500000953674316,2.0999999046325684,2.119999885559082,5000
2013-12-17,2.130000114440918,2.140000104904175,2.130000114440918,2.130000114440918,5100
2013-12-18,2.130000114440918,2.130000114440918,2.130000114440918,2.130000114440918,1200
2013-12-19,2.130000114440918,2.130000114440918,2.130000114440918,2.130000114440918,0
2013-12-20,2.130000114440918,2.130000114440918,2.130000114440918,2.130000114440918,0
2013-12-23,2.069999933242798,2.069999933242798,2.069999933242798,2.069999933242798,500
2013-12-24,2.069999933242798,2.069999933242798,2.069999933242798,2.069999933242798,0
2013-12-26,2.069999933242798,2.069999933242798,2.009999990463257,2.069999933242798,3900
2013-12-27,2.069999933242798,2.069999933242798,2.069999933242798,2.069999933242798,0
2013-12-30,2.0999999046325684,2.1500000953674316,2.049999952316284,2.0999999046325684,7100
2013-12-31,2.119999885559082,2.1500000953674316,2.119999885559082,2.1500000953674316,14000
2014-01-02,2.1700000762939453,2.1700000762939453,2.119999885559082,2.119999885559082,11800
2014-01-03,2.1500000953674316,2.1500000953674316,2.119999885559082,2.119999885559082,11700
2014-01-06,2.0999999046325684,2.0999999046325684,2.0999999046325684,2.0999999046325684,200
2014-01-07,2.140000104904175,2.1500000953674316,2.0999999046325684,2.0999999046325684,6300
2014-01-08,2.0999999046325684,2.119999885559082,2.0999999046325684,2.119999885559082,10000
2014-01-09,2.130000114440918,2.130000114440918,2.130000114440918,2.130000114440918,100
2014-01-10,2.119999885559082,2.119999885559082,2.119999885559082,2.119999885559082,2500
2014-01-13,2.119999885559082,2.1500000953674316,2.109999895095825,2.109999895095825,9600
2014-01-14,2.069999933242798,2.069999933242798,2.0,2.059999942779541,9400
2014-01-15,2.049999952316284,2.119999885559082,2.0399999618530273,2.119999885559082,52100
2014-01-16,2.0999999046325684,2.0999999046325684,2.059999942779541,2.059999942779541,28900
2014-01-17,2.069999933242798,2.069999933242798,2.069999933242798,2.069999933242798,1000
2014-01-21,2.069999933242798,2.069999933242798,2.0199999809265137,2.0299999713897705,17600
2014-01-22,2.0299999713897705,2.0299999713897705,2.0299999713897705,2.0299999713897705,0
2014-01-23,2.0399999618530273,2.049999952316284,2.0,2.009999990463257,46700
2014-01-24,2.049999952316284,2.049999952316284,2.0199999809265137,2.049999952316284,12500
2014-01-27,2.049999952316284,2.049999952316284,2.049999952316284,2.049999952316284,1400
2014-01-28,2.049999952316284,2.059999942779541,2.0199999809265137,2.0199999809265137,14400
2014-01-29,2.049999952316284,2.0799999237060547,2.049999952316284,2.0799999237060547,3000
2014-01-30,2.0799999237060547,2.0799999237060547,2.0799999237060547,2.0799999237060547,0
2014-01-31,2.059999942779541,2.059999942779541,2.059999942779541,2.059999942779541,1000
2014-02-03,2.0299999713897705,2.0299999713897705,2.0199999809265137,2.0199999809265137,3400
2014-02-04,2.0399999618530273,2.059999942779541,2.0399999618530273,2.049999952316284,25100
2014-02-05,2.009999990463257,2.009999990463257,2.0,2.0,1200
2014-02-06,2.0299999713897705,2.049999952316284,2.0299999713897705,2.049999952316284,12000
2014-02-07,2.069999933242798,2.0799999237060547,2.069999933242798,2.0799999237060547,12000
2014-02-10,2.0799999237060547,2.0799999237060547,2.0799999237060547,2.0799999237060547,0
2014-02-11,2.0199999809265137,2.049999952316284,2.0199999809265137,2.049999952316284,1300
2014-02-12,2.049999952316284,2.049999952316284,2.049999952316284,2.049999952316284,0
2014-02-13,2.049999952316284,2.0799999237060547,2.049999952316284,2.0799999237060547,10700
2014-02-14,2.059999942779541,2.059999942779541,2.059999942779541,2.059999942779541,5000
2014-02-18,2.0399999618530273,2.0399999618530273,2.0299999713897705,2.0299999713897705,900
2014-02-19,2.0299999713897705,2.0299999713897705,2.0299999713897705,2.0299999713897705,0
2014-02-20,2.0299999713897705,2.0299999713897705,2.0299999713897705,2.0299999713897705,0
2014-02-21,2.0899999141693115,2.1500000953674316,2.049999952316284,2.0999999046325684,9200
2014-02-24,2.0999999046325684,2.319999933242798,2.0999999046325684,2.2799999713897705,19300
2014-02-25,2.190000057220459,2.25,2.069999933242798,2.2200000286102295,4300
2014-02-26,2.1500000953674316,2.25,2.0899999141693115,2.25,2700
2014-02-27,2.130000114440918,2.130000114440918,2.119999885559082,2.119999885559082,4300
2014-02-28,2.2799999713897705,2.2799999713897705,2.119999885559082,2.1500000953674316,19000
2014-03-03,2.1500000953674316,2.240000009536743,2.0999999046325684,2.240000009536743,10500
2014-03-04,2.1500000953674316,2.240000009536743,2.119999885559082,2.240000009536743,5500
2014-03-05,2.200000047683716,2.240000009536743,2.1700000762939453,2.240000009536743,4800
2014-03-06,2.25,2.25,2.1700000762939453,2.25,2800
2014-03-07,2.1700000762939453,2.1700000762939453,2.1700000762939453,2.1700000762939453,200
2014-03-10,2.130000114440918,2.25,2.130000114440918,2.1500000953674316,23400
2014-03-11,2.1600000858306885,2.1600000858306885,2.1500000953674316,2.1500000953674316,3500
2014-03-12,2.1500000953674316,2.1500000953674316,2.1500000953674316,2.1500000953674316,0
2014-03-13,2.240000009536743,2.240000009536743,2.240000009536743,2.240000009536743,500
2014-03-14,2.1600000858306885,2.240000009536743,2.1600000858306885,2.240000009536743,1000
2014-03-17,2.240000009536743,2.240000009536743,2.240000009536743,2.240000009536743,0
2014-03-18,2.25,2.25,2.25,2.25,800
2014-03-19,2.25,2.25,2.25,2.25,0
2014-03-20,2.1600000858306885,2.25,2.1600000858306885,2.25,1300
2014-03-21,2.25,2.25,2.25,2.25,2400
2014-03-24,2.200000047683716,2.200000047683716,2.200000047683716,2.200000047683716,2500
2014-03-25,2.130000114440918,2.130000114440918,2.119999885559082,2.130000114440918,3000
2014-03-26,2.1500000953674316,2.1500000953674316,2.140000104904175,2.140000104904175,1300
2014-03-27,2.119999885559082,2.140000104904175,2.109999895095825,2.130000114440918,5500
2014-03-28,2.25,2.2799999713897705,2.1500000953674316,2.1500000953674316,137900
2014-03-31,2.200000047683716,2.740000009536743,2.200000047683716,2.369999885559082,30000
2014-04-01,2.309999942779541,2.380000114440918,2.309999942779541,2.380000114440918,7400
2014-04-02,2.380000114440918,2.380000114440918,2.380000114440918,2.380000114440918,0
2014-04-03,2.380000114440918,2.380000114440918,2.380000114440918,2.380000114440918,0
2014-04-04,2.309999942779541,2.309999942779541,2.2300000190734863,2.25,7800
2014-04-07,2.25,2.25,2.25,2.25,5000
2014-04-08,2.259999990463257,2.299999952316284,2.259999990463257,2.259999990463257,3700
2014-04-09,2.240000009536743,2.309999942779541,2.2200000286102295,2.309999942779541,3600
2014-04-10,2.2200000286102295,2.3499999046325684,2.140000104904175,2.3499999046325684,5900
2014-04-11,2.3499999046325684,2.3499999046325684,2.3499999046325684,2.3499999046325684,0
2014-04-14,2.3499999046325684,2.3499999046325684,2.3499999046325684,2.3499999046325684,0
2014-04-15,2.190000057220459,2.3499999046325684,2.059999942779541,2.2899999618530273,16700
2014-04-16,2.1500000953674316,2.2799999713897705,2.1500000953674316,2.2799999713897705,5900
2014-04-17,2.2699999809265137,2.2699999809265137,2.190000057220459,2.2300000190734863,5800
2014-04-21,2.259999990463257,2.259999990463257,2.190000057220459,2.190000057220459,2900
2014-04-22,2.190000057220459,2.259999990463257,2.190000057220459,2.259999990463257,4400
2014-04-23,2.2300000190734863,2.2300000190734863,2.2300000190734863,2.2300000190734863,300
2014-04-24,2.2300000190734863,2.2300000190734863,2.2300000190734863,2.2300000190734863,0
2014-04-25,2.240000009536743,2.240000009536743,2.240000009536743,2.240000009536743,600
2014-04-28,2.240000009536743,2.299999952316284,2.200000047683716,2.200000047683716,12200
2014-04-29,2.200000047683716,2.200000047683716,2.200000047683716,2.200000047683716,0
2014-04-30,2.2200000286102295,2.299999952316284,2.2200000286102295,2.2799999713897705,14400
2014-05-01,2.2899999618530273,2.299999952316284,2.2899999618530273,2.299999952316284,6900
2014-05-02,2.299999952316284,2.299999952316284,2.299999952316284,2.299999952316284,0
2014-05-05,2.200000047683716,2.2699999809265137,2.200000047683716,2.2699999809265137,1800
2014-05-06,2.2100000381469727,2.2699999809265137,2.2100000381469727,2.2699999809265137,2100
2014-05-07,2.2699999809265137,2.2699999809265137,2.2699999809265137,2.2699999809265137,0
2014-05-08,2.2200000286102295,2.25,2.1500000953674316,2.25,2500
2014-05-09,2.200000047683716,2.200000047683716,2.1500000953674316,2.1500000953674316,1100
2014-05-12,2.1600000858306885,2.240000009536743,2.049999952316284,2.240000009536743,1000
2014-05-13,2.200000047683716,2.200000047683716,2.119999885559082,2.200000047683716,400
2014-05-14,2.119999885559082,2.200000047683716,2.119999885559082,2.200000047683716,2300
2014-05-15,2.200000047683716,2.200000047683716,2.0999999046325684,2.180000066757202,3700
2014-05-16,1.9600000381469727,2.0,1.7999999523162842,1.9500000476837158,37400
2014-05-19,1.9500000476837158,1.9500000476837158,1.9500000476837158,1.9500000476837158,0
2014-05-20,1.9500000476837158,1.9500000476837158,1.9500000476837158,1.9500000476837158,0
2014-05-21,1.940000057220459,1.940000057220459,1.899999976158142,1.899999976158142,7000
2014-05-22,1.899999976158142,1.899999976158142,1.8899999856948853,1.899999976158142,3600
2014-05-23,1.899999976158142,1.899999976158142,1.899999976158142,1.899999976158142,3500
2014-05-27,1.8300000429153442,1.899999976158142,1.8300000429153442,1.899999976158142,5300
2014-05-28,1.8899999856948853,1.8899999856948853,1.8899999856948853,1.8899999856948853,4600
2014-05-29,1.899999976158142,1.899999976158142,1.899999976158142,1.899999976158142,1000
2014-05-30,1.899999976158142,1.899999976158142,1.899999976158142,1.899999976158142,0
2014-06-02,1.899999976158142,1.899999976158142,1.8899999856948853,1.8899999856948853,600
2014-06-03,1.8899999856948853,1.8899999856948853,1.8899999856948853,1.8899999856948853,0
2014-06-04,1.8600000143051147,1.8899999856948853,1.809999942779541,1.850000023841858,17300
2014-06-05,1.8300000429153442,2.0,1.8300000429153442,1.9800000190734863,12000
2014-06-06,1.9800000190734863,1.9800000190734863,1.9800000190734863,1.9800000190734863,0
2014-06-09,1.9800000190734863,1.9800000190734863,1.899999976158142,1.899999976158142,6000
2014-06-10,1.9800000190734863,2.0,1.9500000476837158,1.9500000476837158,11500
2014-06-11,1.9199999570846558,1.9199999570846558,1.9199999570846558,1.9199999570846558,500
2014-06-12,1.9500000476837158,1.9500000476837158,1.9500000476837158,1.9500000476837158,3400
2014-06-13,2.0,2.0,2.0,2.0,1100
2014-06-16,2.0,2.0,2.0,2.0,400
2014-06-17,2.0399999618530273,2.0399999618530273,2.0399999618530273,2.0399999618530273,2000
2014-06-18,2.0,2.0,2.0,2.0,5000
2014-06-19,2.0,2.0,2.0,2.0,2000
2014-06-20,2.0,2.0,2.0,2.0,0
2014-06-23,1.9700000286102295,1.9900000095367432,1.899999976158142,1.9900000095367432,6100
2014-06-24,1.9500000476837158,1.9500000476837158,1.9500000476837158,1.9500000476837158,5000
2014-06-25,1.909999966621399,1.9900000095367432,1.899999976158142,1.9900000095367432,7600
2014-06-26,1.9900000095367432,1.9900000095367432,1.9900000095367432,1.9900000095367432,0
2014-06-27,1.9900000095367432,1.9900000095367432,1.9900000095367432,1.9900000095367432,0
2014-06-30,1.9900000095367432,1.9900000095367432,1.9900000095367432,1.9900000095367432,0
2014-07-01,1.9900000095367432,1.9900000095367432,1.9900000095367432,1.9900000095367432,0
2014-07-02,1.9900000095367432,1.9900000095367432,1.9900000095367432,1.9900000095367432,0
2014-07-03,1.9299999475479126,1.9299999475479126,1.909999966621399,1.9299999475479126,1600
2014-07-07,1.9299999475479126,1.9299999475479126,1.9299999475479126,1.9299999475479126,0
2014-07-08,1.9600000381469727,1.9900000095367432,1.9600000381469727,1.9900000095367432,14100
2014-07-09,1.9900000095367432,1.9900000095367432,1.8600000143051147,1.9900000095367432,4600
2014-07-10,1.9900000095367432,1.9900000095367432,1.9900000095367432,1.9900000095367432,0
2014-07-11,1.9900000095367432,1.9900000095367432,1.9900000095367432,1.9900000095367432,0
2014-07-14,1.9900000095367432,1.9900000095367432,1.9900000095367432,1.9900000095367432,0
2014-07-15,1.9900000095367432,2.0,1.9900000095367432,2.0,2200
2014-07-16,1.9900000095367432,1.9900000095367432,1.9900000095367432,1.9900000095367432,100
2014-07-17,1.9900000095367432,1.9900000095367432,1.9900000095367432,1.9900000095367432,0
2014-07-18,1.9900000095367432,1.9900000095367432,1.9900000095367432,1.9900000095367432,0
2014-07-21,1.9900000095367432,1.9900000095367432,1.9900000095367432,1.9900000095367432,0
2014-07-22,2.0,2.0299999713897705,1.850000023841858,2.0199999809265137,10900
2014-07-23,2.0199999809265137,2.0199999809265137,2.0199999809265137,2.0199999809265137,0
2014-07-24,2.0199999809265137,2.0199999809265137,2.0199999809265137,2.0199999809265137,0
2014-07-25,2.0199999809265137,2.0199999809265137,2.0199999809265137,2.0199999809265137,0
2014-07-28,2.0199999809265137,2.0199999809265137,2.0199999809265137,2.0199999809265137,0
2014-07-29,2.0199999809265137,2.0199999809265137,2.0199999809265137,2.0199999809265137,4000
2014-07-30,2.0199999809265137,2.0199999809265137,2.0199999809265137,2.0199999809265137,5000
2014-07-31,2.0199999809265137,2.0199999809265137,2.0,2.0199999809265137,3200
2014-08-01,2.0299999713897705,2.0299999713897705,2.0,2.0,11700
2014-08-04,2.0,2.0,2.0,2.0,200
2014-08-05,2.0,2.0,2.0,2.0,0
2014-08-06,2.0,2.0,2.0,2.0,0
2014-08-07,2.0299999713897705,2.0299999713897705,2.0299999713897705,2.0299999713897705,400
2014-08-08,2.0299999713897705,2.069999933242798,2.0299999713897705,2.069999933242798,2200
2014-08-11,2.069999933242798,2.069999933242798,2.069999933242798,2.069999933242798,3900
2014-08-12,2.0799999237060547,2.0799999237060547,2.0799999237060547,2.0799999237060547,500
2014-08-13,2.0799999237060547,2.0799999237060547,2.0799999237060547,2.0799999237060547,800
2014-08-14,2.059999942779541,2.0799999237060547,2.059999942779541,2.0799999237060547,700
2014-08-15,2.0199999809265137,2.049999952316284,1.850000023841858,1.850000023841858,43600
2014-08-18,1.850000023841858,1.9500000476837158,1.850000023841858,1.9500000476837158,200
2014-08-19,1.9500000476837158,1.9500000476837158,1.9500000476837158,1.9500000476837158,7900
2014-08-20,1.9500000476837158,1.9500000476837158,1.8200000524520874,1.9500000476837158,8900
2014-08-21,1.9500000476837158,1.9500000476837158,1.9500000476837158,1.9500000476837158,0
2014-08-22,2.0,2.0,2.0,2.0,200
2014-08-25,2.0,2.0,2.0,2.0,0
2014-08-26,2.0,2.0,2.0,2.0,0
2014-08-27,2.0,2.0,2.0,2.0,2500
2014-08-28,1.8899999856948853,2.0,1.8899999856948853,2.0,500
2014-08-29,2.0,2.0,1.940000057220459,2.0,1500
2014-09-02,2.0,2.0,2.0,2.0,0
2014-09-03,2.0,2.0,2.0,2.0,0
2014-09-04,1.9500000476837158,1.9500000476837158,1.9500000476837158,1.9500000476837158,1000
2014-09-05,1.9500000476837158,1.9500000476837158,1.9500000476837158,1.9500000476837158,0
2014-09-08,1.9500000476837158,1.9500000476837158,1.9500000476837158,1.9500000476837158,0
2014-09-09,1.9500000476837158,1.9500000476837158,1.9500000476837158,1.9500000476837158,0
2014-09-10,1.9500000476837158,1.9500000476837158,1.9500000476837158,1.9500000476837158,0
2014-09-11,2.0199999809265137,2.0199999809265137,2.0199999809265137,2.0199999809265137,300
2014-09-12,2.0199999809265137,2.0199999809265137,2.0199999809265137,2.0199999809265137,0
2014-09-15,2.049999952316284,2.0999999046325684,2.049999952316284,2.0799999237060547,1600
2014-09-16,2.0799999237060547,2.0799999237060547,2.0799999237060547,2.0799999237060547,0
2014-09-17,2.0199999809265137,2.0199999809265137,2.0199999809265137,2.0199999809265137,100
2014-09-18,2.049999952316284,2.049999952316284,2.049999952316284,2.049999952316284,10000
2014-09-19,2.049999952316284,2.049999952316284,2.049999952316284,2.049999952316284,0
2014-09-22,2.0199999809265137,2.0199999809265137,1.9500000476837158,1.9500000476837158,15100
2014-09-23,1.9500000476837158,1.9500000476837158,1.9500000476837158,1.9500000476837158,0
2014-09-24,1.9500000476837158,1.9500000476837158,1.9500000476837158,1.9500000476837158,0
2014-09-25,1.9500000476837158,1.9500000476837158,1.9500000476837158,1.9500000476837158,0
2014-09-26,1.9600000381469727,1.9600000381469727,1.9600000381469727,1.9600000381469727,600
2014-09-29,2.0,2.0,2.0,2.0,1000
2014-09-30,2.0,2.0,2.0,2.0,0
2014-10-01,2.0,2.0,2.0,2.0,5500
2014-10-02,2.0,2.0,2.0,2.0,0
2014-10-03,2.0,2.180000066757202,2.0,2.180000066757202,7500
2014-10-06,2.180000066757202,2.180000066757202,2.180000066757202,2.180000066757202,100
2014-10-07,2.0999999046325684,2.0999999046325684,2.0999999046325684,2.0999999046325684,1100
2014-10-08,2.0,2.0999999046325684,2.0,2.0999999046325684,1100
2014-10-09,2.009999990463257,2.1500000953674316,2.0,2.1500000953674316,5400
2014-10-10,2.1500000953674316,2.1500000953674316,2.1500000953674316,2.1500000953674316,0
2014-10-13,2.1500000953674316,2.1500000953674316,2.1500000953674316,2.1500000953674316,0
2014-10-14,2.1500000953674316,2.1500000953674316,2.1500000953674316,2.1500000953674316,0
2014-10-15,2.1500000953674316,2.1500000953674316,2.1500000953674316,2.1500000953674316,0
2014-10-16,2.0999999046325684,2.0999999046325684,2.0999999046325684,2.0999999046325684,1000
2014-10-17,2.049999952316284,2.049999952316284,2.049999952316284,2.049999952316284,1000
2014-10-20,2.0999999046325684,2.0999999046325684,2.0999999046325684,2.0999999046325684,100
2014-10-21,2.0899999141693115,2.0999999046325684,2.049999952316284,2.0999999046325684,7300
2014-10-22,2.0999999046325684,2.0999999046325684,2.0999999046325684,2.0999999046325684,0
2014-10-23,2.049999952316284,2.0999999046325684,2.049999952316284,2.0999999046325684,10600
2014-10-24,2.0999999046325684,2.0999999046325684,2.0999999046325684,2.0999999046325684,0
2014-10-27,2.0999999046325684,2.0999999046325684,2.0999999046325684,2.0999999046325684,1300
2014-10-28,2.1500000953674316,2.1500000953674316,2.1500000953674316,2.1500000953674316,100
2014-10-29,2.1500000953674316,2.1500000953674316,2.1500000953674316,2.1500000953674316,0
2014-10-30,2.1500000953674316,2.1500000953674316,2.1500000953674316,2.1500000953674316,0
2014-10-31,2.1500000953674316,2.1500000953674316,2.1500000953674316,2.1500000953674316,0
2014-11-03,2.1500000953674316,2.1500000953674316,2.1500000953674316,2.1500000953674316,0
2014-11-04,2.1500000953674316,2.1500000953674316,2.1500000953674316,2.1500000953674316,0
2014-11-05,2.1500000953674316,2.1500000953674316,2.1500000953674316,2.1500000953674316,0
2014-11-06,2.1500000953674316,2.1500000953674316,2.1500000953674316,2.1500000953674316,0
2014-11-07,2.1500000953674316,2.1500000953674316,2.1500000953674316,2.1500000953674316,0
2014-11-10,2.0,2.1500000953674316,2.0,2.1500000953674316,600
2014-11-11,2.0999999046325684,2.0999999046325684,2.0999999046325684,2.0999999046325684,500
2014-11-12,2.0999999046325684,2.0999999046325684,2.0999999046325684,2.0999999046325684,0
2014-11-13,2.1500000953674316,2.1500000953674316,2.1500000953674316,2.1500000953674316,100
2014-11-14,2.1500000953674316,2.1500000953674316,2.1500000953674316,2.1500000953674316,0
2014-11-17,2.0,2.049999952316284,1.9500000476837158,2.049999952316284,27000
2014-11-18,2.0199999809265137,2.0199999809265137,2.009999990463257,2.009999990463257,500
2014-11-19,2.069999933242798,2.0899999141693115,2.069999933242798,2.0899999141693115,8300
2014-11-20,2.0999999046325684,2.0999999046325684,2.0999999046325684,2.0999999046325684,3000
2014-11-21,2.0999999046325684,2.25,2.0999999046325684,2.25,24200
2014-11-24,2.2200000286102295,2.2799999713897705,2.2200000286102295,2.2799999713897705,2000
2014-11-25,2.2799999713897705,2.2799999713897705,2.2799999713897705,2.2799999713897705,0
2014-11-26,2.2200000286102295,2.380000114440918,2.2200000286102295,2.380000114440918,300
2014-11-28,2.380000114440918,2.380000114440918,2.380000114440918,2.380000114440918,0
2014-12-01,2.200000047683716,2.299999952316284,2.200000047683716,2.299999952316284,1600
2014-12-02,2.299999952316284,2.299999952316284,2.299999952316284,2.299999952316284,0
2014-12-03,2.299999952316284,2.299999952316284,2.299999952316284,2.299999952316284,0
2014-12-04,2.299999952316284,2.299999952316284,2.299999952316284,2.299999952316284,0
2014-12-05,2.299999952316284,2.299999952316284,2.299999952316284,2.299999952316284,0
2014-12-08,2.2200000286102295,2.3499999046325684,2.200000047683716,2.200000047683716,7400
2014-12-09,2.200000047683716,2.25,2.109999895095825,2.25,2100
2014-12-10,2.25,2.25,2.25,2.25,500
2014-12-11,2.25,2.25,2.25,2.25,0
2014-12-12,2.25,2.25,2.25,2.25,4400
2014-12-15,2.25,2.25,2.25,2.25,0
2014-12-16,2.25,2.25,2.25,2.25,0
2014-12-17,2.299999952316284,2.299999952316284,2.299999952316284,2.299999952316284,200
2014-12-18,2.180000066757202,2.180000066757202,2.180000066757202,2.180000066757202,500
2014-12-19,2.200000047683716,2.25,2.180000066757202,2.25,5000
2014-12-22,2.299999952316284,2.299999952316284,2.299999952316284,2.299999952316284,300
2014-12-23,2.299999952316284,2.299999952316284,2.299999952316284,2.299999952316284,0
2014-12-24,2.299999952316284,2.299999952316284,2.299999952316284,2.299999952316284,0
2014-12-26,2.299999952316284,2.299999952316284,2.299999952316284,2.299999952316284,0
2014-12-29,2.200000047683716,2.200000047683716,2.1500000953674316,2.200000047683716,3800
2014-12-30,2.200000047683716,2.200000047683716,2.200000047683716,2.200000047683716,100
2014-12-31,2.200000047683716,2.200000047683716,2.200000047683716,2.200000047683716,2000
2015-01-02,2.200000047683716,2.200000047683716,2.200000047683716,2.200000047683716,3200
2015-01-05,2.190000057220459,2.200000047683716,2.1500000953674316,2.200000047683716,4200
2015-01-06,2.200000047683716,2.200000047683716,2.200000047683716,2.200000047683716,200
2015-01-07,2.200000047683716,2.200000047683716,2.200000047683716,2.200000047683716,0
2015-01-08,2.200000047683716,2.25,2.200000047683716,2.25,8400
2015-01-09,2.2100000381469727,2.2100000381469727,2.1500000953674316,2.1500000953674316,12000
2015-01-12,2.200000047683716,2.2100000381469727,2.200000047683716,2.2100000381469727,4000
2015-01-13,2.2100000381469727,2.2100000381469727,2.2100000381469727,2.2100000381469727,0
2015-01-14,2.2100000381469727,2.2100000381469727,2.2100000381469727,2.2100000381469727,3300
2015-01-15,2.2100000381469727,2.2100000381469727,2.2100000381469727,2.2100000381469727,0
2015-01-16,2.2799999713897705,2.3299999237060547,2.2799999713897705,2.3299999237060547,1500
2015-01-20,2.319999933242798,2.3299999237060547,2.319999933242798,2.3299999237060547,600
2015-01-21,2.3299999237060547,2.3299999237060547,2.3299999237060547,2.3299999237060547,0
2015-01-22,2.369999885559082,2.75,2.369999885559082,2.75,3000
2015-01-23,2.5799999237060547,2.5799999237060547,2.5799999237060547,2.5799999237060547,1000
2015-01-26,2.5,2.5,2.5,2.5,1100
2015-01-27,2.5,2.5,2.5,2.5,0
2015-01-28,2.5,2.549999952316284,2.5,2.549999952316284,800
2015-01-29,2.549999952316284,2.549999952316284,2.549999952316284,2.549999952316284,0
2015-01-30,2.549999952316284,2.549999952316284,2.549999952316284,2.549999952316284,0
2015-02-02,2.549999952316284,2.549999952316284,2.549999952316284,2.549999952316284,0
2015-02-03,2.5999999046325684,2.6700000762939453,2.4000000953674316,2.4000000953674316,1500
2015-02-04,2.4000000953674316,2.4000000953674316,2.4000000953674316,2.4000000953674316,0
2015-02-05,2.4000000953674316,2.4000000953674316,2.4000000953674316,2.4000000953674316,100
2015-02-06,2.4000000953674316,2.4000000953674316,2.4000000953674316,2.4000000953674316,0
2015-02-09,2.4000000953674316,2.4000000953674316,2.4000000953674316,2.4000000953674316,100
2015-02-10,2.4000000953674316,2.4000000953674316,2.4000000953674316,2.4000000953674316,0
2015-02-11,2.4000000953674316,2.4000000953674316,2.4000000953674316,2.4000000953674316,0
2015-02-12,2.4100000858306885,2.4100000858306885,2.4100000858306885,2.4100000858306885,100
2015-02-13,2.299999952316284,2.6700000762939453,2.299999952316284,2.5,3100
2015-02-17,2.5,2.5,2.450000047683716,2.450000047683716,2200
2015-02-18,2.549999952316284,2.6700000762939453,2.5,2.5,4100
2015-02-19,2.5,2.5,2.5,2.5,0
2015-02-20,2.450000047683716,2.450000047683716,2.450000047683716,2.450000047683716,1900
2015-02-23,2.450000047683716,2.450000047683716,2.450000047683716,2.450000047683716,0
2015-02-24,2.450000047683716,2.450000047683716,2.450000047683716,2.450000047683716,0
2015-02-25,2.450000047683716,2.450000047683716,2.450000047683716,2.450000047683716,0
2015-02-26,2.450000047683716,2.450000047683716,2.450000047683716,2.450000047683716,0
2015-02-27,2.450000047683716,2.490000009536743,2.299999952316284,2.490000009536743,1200
2015-03-02,2.490000009536743,2.490000009536743,2.490000009536743,2.490000009536743,0
2015-03-03,2.490000009536743,2.490000009536743,2.490000009536743,2.490000009536743,0
2015-03-04,2.490000009536743,2.490000009536743,2.490000009536743,2.490000009536743,0
2015-03-05,2.490000009536743,2.6700000762939453,2.490000009536743,2.6700000762939453,2000
2015-03-06,2.309999942779541,2.450000047683716,2.309999942779541,2.450000047683716,4100
2015-03-09,2.450000047683716,2.450000047683716,2.450000047683716,2.450000047683716,0
2015-03-10,2.450000047683716,2.4700000286102295,2.319999933242798,2.4700000286102295,4900
2015-03-11,2.4700000286102295,2.4700000286102295,2.4700000286102295,2.4700000286102295,0
2015-03-12,2.4700000286102295,2.4700000286102295,2.4700000286102295,2.4700000286102295,0
2015-03-13,2.319999933242798,2.319999933242798,2.319999933242798,2.319999933242798,100
2015-03-16,2.319999933242798,2.319999933242798,2.319999933242798,2.319999933242798,0
2015-03-17,2.319999933242798,2.319999933242798,2.319999933242798,2.319999933242798,0
2015-03-18,2.319999933242798,2.319999933242798,2.319999933242798,2.319999933242798,0
2015-03-19,2.3299999237060547,2.450000047683716,2.319999933242798,2.319999933242798,2500
2015-03-20,2.299999952316284,2.299999952316284,2.299999952316284,2.299999952316284,900
2015-03-23,2.299999952316284,2.299999952316284,2.299999952316284,2.299999952316284,0
2015-03-24,2.3499999046325684,2.3499999046325684,2.3499999046325684,2.3499999046325684,2800
2015-03-25,2.3499999046325684,2.3499999046325684,2.3499999046325684,2.3499999046325684,0
2015-03-26,2.359999895095825,2.359999895095825,2.359999895095825,2.359999895095825,1000
2015-03-27,2.359999895095825,2.359999895095825,2.359999895095825,2.359999895095825,0
2015-03-30,2.450000047683716,2.450000047683716,2.450000047683716,2.450000047683716,900
2015-03-31,2.450000047683716,2.450000047683716,2.450000047683716,2.450000047683716,0
2015-04-01,2.200000047683716,2.200000047683716,2.1700000762939453,2.1700000762939453,11700
2015-04-02,2.1700000762939453,2.1700000762939453,2.1700000762939453,2.1700000762939453,0
2015-04-06,2.1700000762939453,2.1700000762939453,2.1700000762939453,2.1700000762939453,0
2015-04-07,2.1700000762939453,2.1700000762939453,2.1700000762939453,2.1700000762939453,200
2015-04-08,2.049999952316284,2.1500000953674316,2.049999952316284,2.1500000953674316,2500
2015-04-09,2.1500000953674316,2.1500000953674316,2.1500000953674316,2.1500000953674316,0
2015-04-10,2.109999895095825,2.109999895095825,2.109999895095825,2.109999895095825,1700
2015-04-13,2.1700000762939453,2.200000047683716,2.1700000762939453,2.200000047683716,1000
2015-04-14,2.1500000953674316,2.1500000953674316,2.1500000953674316,2.1500000953674316,1000
2015-04-15,2.1500000953674316,2.1500000953674316,2.1500000953674316,2.1500000953674316,0
2015-04-16,2.140000104904175,2.1500000953674316,2.140000104904175,2.1500000953674316,42500
2015-04-17,2.1500000953674316,2.1500000953674316,2.1500000953674316,2.1500000953674316,4200
2015-04-20,2.1500000953674316,2.1500000953674316,2.1500000953674316,2.1500000953674316,0
2015-04-21,2.1500000953674316,2.1500000953674316,2.1500000953674316,2.1500000953674316,0
2015-04-22,2.1500000953674316,2.1500000953674316,2.1500000953674316,2.1500000953674316,0
2015-04-23,2.1500000953674316,2.1500000953674316,2.1500000953674316,2.1500000953674316,0
2015-04-24,2.1500000953674316,2.1500000953674316,2.1500000953674316,2.1500000953674316,0
2015-04-27,2.25,2.25,2.25,2.25,1600
2015-04-28,2.25,2.25,2.25,2.25,0
2015-04-29,2.25,2.3499999046325684,2.25,2.3499999046325684,4500
2015-04-30,2.259999990463257,2.4000000953674316,2.25,2.4000000953674316,3100
2015-05-01,2.4000000953674316,2.4000000953674316,2.4000000953674316,2.4000000953674316,0
2015-05-04,2.4000000953674316,2.4000000953674316,2.4000000953674316,2.4000000953674316,0
2015-05-05,2.25,2.25,2.25,2.25,1100
2015-05-06,2.25,2.25,2.25,2.25,0
2015-05-07,2.299999952316284,2.299999952316284,2.25,2.2899999618530273,2300
2015-05-08,2.1500000953674316,2.3499999046325684,2.1500000953674316,2.3499999046325684,1700
2015-05-11,2.3499999046325684,2.3499999046325684,2.3499999046325684,2.3499999046325684,0
2015-05-12,2.3499999046325684,2.3499999046325684,2.3499999046325684,2.3499999046325684,0
2015-05-13,2.25,2.25,2.25,2.25,1000
2015-05-14,2.25,2.25,2.25,2.25,0
2015-05-15,2.25,2.25,2.25,2.25,0
2015-05-18,2.299999952316284,2.299999952316284,2.299999952316284,2.299999952316284,1000
2015-05-19,2.299999952316284,2.299999952316284,2.299999952316284,2.299999952316284,0
2015-05-20,2.299999952316284,2.299999952316284,2.299999952316284,2.299999952316284,0
2015-05-21,2.259999990463257,2.3499999046325684,2.259999990463257,2.3499999046325684,11000
2015-05-22,2.3499999046325684,2.3499999046325684,2.3499999046325684,2.3499999046325684,0
2015-05-26,2.25,2.25,2.25,2.25,300
2015-05-27,2.25,2.25,2.25,2.25,0
2015-05-28,2.25,2.25,2.25,2.25,700
2015-05-29,2.25,2.25,2.25,2.25,0
2015-06-01,2.3499999046325684,2.4700000286102295,2.3499999046325684,2.3499999046325684,11300
2015-06-02,2.3499999046325684,2.5,2.3499999046325684,2.5,5500
2015-06-03,2.4800000190734863,2.4800000190734863,2.25,2.4000000953674316,10300
2015-06-04,2.3499999046325684,2.3499999046325684,2.299999952316284,2.309999942779541,6200
2015-06-05,2.299999952316284,2.299999952316284,2.299999952316284,2.299999952316284,700
2015-06-08,2.299999952316284,2.299999952316284,2.299999952316284,2.299999952316284,0
2015-06-09,2.299999952316284,2.299999952316284,2.299999952316284,2.299999952316284,11000
2015-06-10,2.299999952316284,2.299999952316284,2.299999952316284,2.299999952316284,3900
2015-06-11,2.299999952316284,2.299999952316284,2.299999952316284,2.299999952316284,2000
2015-06-12,2.299999952316284,2.299999952316284,2.299999952316284,2.299999952316284,0
2015-06-15,2.299999952316284,2.299999952316284,2.2899999618530273,2.2899999618530273,2500
2015-06-16,2.2899999618530273,2.2899999618530273,2.2899999618530273,2.2899999618530273,0
2015-06-17,2.2899999618530273,2.2899999618530273,2.2899999618530273,2.2899999618530273,0
2015-06-18,2.2899999618530273,2.2899999618530273,2.2899999618530273,2.2899999618530273,0
2015-06-19,2.2899999618530273,2.2899999618530273,2.2899999618530273,2.2899999618530273,0
2015-06-22,2.2899999618530273,2.2899999618530273,2.2899999618530273,2.2899999618530273,0
2015-06-23,2.2899999618530273,2.2899999618530273,2.2899999618530273,2.2899999618530273,0
2015-06-24,2.299999952316284,2.299999952316284,2.259999990463257,2.259999990463257,1100
2015-06-25,2.259999990463257,2.259999990463257,2.259999990463257,2.259999990463257,0
2015-06-26,2.259999990463257,2.259999990463257,2.259999990463257,2.259999990463257,0
2015-06-29,2.25,2.25,2.25,2.25,900
2015-06-30,2.25,2.25,2.25,2.25,0
2015-07-01,2.200000047683716,2.299999952316284,2.200000047683716,2.2899999618530273,2500
2015-07-02,2.1500000953674316,2.299999952316284,2.1500000953674316,2.25,2000
2015-07-06,2.299999952316284,2.299999952316284,2.299999952316284,2.299999952316284,300
2015-07-07,2.200000047683716,2.319999933242798,2.200000047683716,2.319999933242798,2700
2015-07-08,2.2200000286102295,2.2200000286102295,2.2200000286102295,2.2200000286102295,1000
2015-07-09,2.25,2.25,2.25,2.25,3500
2015-07-10,2.25,2.25,2.25,2.25,1000
2015-07-13,2.2300000190734863,2.240000009536743,2.2300000190734863,2.2300000190734863,3300
2015-07-14,2.240000009536743,2.240000009536743,2.240000009536743,2.240000009536743,500
2015-07-15,2.240000009536743,2.240000009536743,2.240000009536743,2.240000009536743,0
2015-07-16,2.2200000286102295,2.240000009536743,2.200000047683716,2.200000047683716,4200
2015-07-17,2.240000009536743,2.240000009536743,2.240000009536743,2.240000009536743,1500
2015-07-20,2.1700000762939453,2.2799999713897705,2.1500000953674316,2.2799999713897705,1100
2015-07-21,2.1500000953674316,2.1500000953674316,2.1500000953674316,2.1500000953674316,500
2015-07-22,2.1600000858306885,2.1700000762939453,2.1600000858306885,2.1600000858306885,6600
2015-07-23,2.1600000858306885,2.1600000858306885,2.1600000858306885,2.1600000858306885,0
2015-07-24,2.1600000858306885,2.1700000762939453,2.119999885559082,2.1700000762939453,2600
2015-07-27,2.130000114440918,2.130000114440918,2.0999999046325684,2.0999999046325684,3000
2015-07-28,2.119999885559082,2.119999885559082,2.069999933242798,2.069999933242798,7800
2015-07-29,2.069999933242798,2.069999933242798,2.069999933242798,2.069999933242798,0
2015-07-30,2.069999933242798,2.069999933242798,2.069999933242798,2.069999933242798,0
2015-07-31,2.069999933242798,2.069999933242798,2.069999933242798,2.069999933242798,0
2015-08-03,2.1500000953674316,2.1500000953674316,2.069999933242798,2.069999933242798,2400
2015-08-04,2.069999933242798,2.069999933242798,2.069999933242798,2.069999933242798,0
2015-08-05,2.049999952316284,2.2300000190734863,2.049999952316284,2.2300000190734863,1100
2015-08-06,2.2300000190734863,2.2300000190734863,2.2300000190734863,2.2300000190734863,0
2015-08-07,2.2300000190734863,2.2300000190734863,2.2300000190734863,2.2300000190734863,0
2015-08-10,2.1600000858306885,2.2100000381469727,2.1600000858306885,2.2100000381469727,1600
2015-08-11,2.069999933242798,2.0799999237060547,2.069999933242798,2.0799999237060547,4100
2015-08-12,2.109999895095825,2.1700000762939453,2.109999895095825,2.1700000762939453,3200
2015-08-13,2.0799999237060547,2.2300000190734863,2.0799999237060547,2.2300000190734863,2900
2015-08-14,2.180000066757202,2.3499999046325684,2.180000066757202,2.3499999046325684,16000
2015-08-17,2.5199999809265137,2.7699999809265137,2.509999990463257,2.5999999046325684,129500
2015-08-18,2.5999999046325684,2.5999999046325684,2.5999999046325684,2.5999999046325684,10100
2015-08-19,2.5299999713897705,2.5999999046325684,2.490000009536743,2.549999952316284,26400
2015-08-20,2.609999895095825,2.609999895095825,2.609999895095825,2.609999895095825,400
2015-08-21,2.5199999809265137,2.5199999809265137,2.4200000762939453,2.5199999809265137,11200
2015-08-24,2.309999942779541,2.4200000762939453,2.2300000190734863,2.4000000953674316,3700
2015-08-25,2.4100000858306885,2.450000047683716,2.4100000858306885,2.450000047683716,4300
2015-08-26,2.4200000762939453,2.430000066757202,2.4200000762939453,2.430000066757202,2300
2015-08-27,2.450000047683716,2.5,2.450000047683716,2.4600000381469727,3600
2015-08-28,2.5,2.5,2.5,2.5,500
2015-08-31,2.5,2.5,2.5,2.5,0
2015-09-01,2.5,2.5,2.5,2.5,0
2015-09-02,2.5,2.5,2.5,2.5,0
2015-09-03,2.5,2.5,2.5,2.5,0
2015-09-04,2.5,2.5,2.5,2.5,500
2015-09-08,2.299999952316284,2.5,2.299999952316284,2.5,2100
2015-09-09,2.4600000381469727,2.5,2.4600000381469727,2.5,2600
2015-09-10,2.4700000286102295,2.5,2.4700000286102295,2.5,1000
2015-09-11,2.4800000190734863,2.5,2.4800000190734863,2.5,1000
2015-09-14,2.4800000190734863,2.5299999713897705,2.4800000190734863,2.5299999713897705,1500
2015-09-15,2.5299999713897705,2.5299999713897705,2.5299999713897705,2.5299999713897705,0
2015-09-16,2.559999942779541,2.559999942779541,2.559999942779541,2.559999942779541,500
2015-09-17,2.549999952316284,2.559999942779541,2.549999952316284,2.559999942779541,1100
2015-09-18,2.450000047683716,2.5299999713897705,2.450000047683716,2.4700000286102295,1100
2015-09-21,2.5299999713897705,2.5299999713897705,2.450000047683716,2.450000047683716,1500
2015-09-22,2.450000047683716,2.450000047683716,2.450000047683716,2.450000047683716,0
2015-09-23,2.5999999046325684,2.5999999046325684,2.509999990463257,2.5999999046325684,14100
2015-09-24,2.5999999046325684,2.5999999046325684,2.5999999046325684,2.5999999046325684,100
2015-09-25,2.5999999046325684,2.5999999046325684,2.5999999046325684,2.5999999046325684,0
2015-09-28,2.5999999046325684,2.6500000953674316,2.5999999046325684,2.5999999046325684,5400
2015-09-29,2.549999952316284,2.549999952316284,2.5199999809265137,2.5199999809265137,1600
2015-09-30,2.549999952316284,2.549999952316284,2.549999952316284,2.549999952316284,200
2015-10-01,2.549999952316284,2.549999952316284,2.5,2.5,900
2015-10-02,2.5,2.5,2.5,2.5,100
2015-10-05,2.549999952316284,2.549999952316284,2.450000047683716,2.5299999713897705,3300
2015-10-06,2.5299999713897705,2.5299999713897705,2.5299999713897705,2.5299999713897705,500
2015-10-07,2.5899999141693115,2.5999999046325684,2.5899999141693115,2.5999999046325684,400
2015-10-08,2.5999999046325684,2.5999999046325684,2.5999999046325684,2.5999999046325684,0
2015-10-09,2.559999942779541,2.559999942779541,2.559999942779541,2.559999942779541,200
2015-10-12,2.559999942779541,2.559999942779541,2.559999942779541,2.559999942779541,0
2015-10-13,2.5999999046325684,2.5999999046325684,2.5999999046325684,2.5999999046325684,3500
2015-10-14,2.5999999046325684,2.5999999046325684,2.5999999046325684,2.5999999046325684,1000
2015-10-15,2.5999999046325684,2.5999999046325684,2.5999999046325684,2.5999999046325684,0
2015-10-16,2.5999999046325684,2.5999999046325684,2.5999999046325684,2.5999999046325684,0
2015-10-19,2.5999999046325684,2.5999999046325684,2.5999999046325684,2.5999999046325684,0
2015-10-20,2.5999999046325684,2.5999999046325684,2.5999999046325684,2.5999999046325684,0
2015-10-21,2.5999999046325684,2.700000047683716,2.5999999046325684,2.700000047683716,26300
2015-10-22,2.75,2.7899999618530273,2.75,2.7799999713897705,4000
2015-10-23,2.7699999809265137,2.950000047683716,2.7699999809265137,2.950000047683716,54400
2015-10-26,2.950000047683716,2.9700000286102295,2.859999895095825,2.859999895095825,14800
2015-10-27,2.9100000858306885,2.9800000190734863,2.859999895095825,2.9800000190734863,33000
2015-10-28,2.9800000190734863,2.9800000190734863,2.890000104904175,2.890000104904175,4000
2015-10-29,2.890000104904175,2.890000104904175,2.890000104904175,2.890000104904175,1000
2015-10-30,2.950000047683716,2.990000009536743,2.950000047683716,2.990000009536743,6900
2015-11-02,3.0799999237060547,3.190000057220459,3.0,3.0999999046325684,93800
2015-11-03,3.0999999046325684,3.109999895095825,3.0899999141693115,3.0999999046325684,7300
2015-11-04,3.0799999237060547,3.0899999141693115,2.890000104904175,3.069999933242798,5800
2015-11-05,3.069999933242798,3.069999933242798,3.069999933242798,3.069999933242798,1500
2015-11-06,3.0999999046325684,3.140000104904175,2.930000066757202,3.0999999046325684,4800
2015-11-09,3.0999999046325684,3.0999999046325684,3.0999999046325684,3.0999999046325684,0
2015-11-10,3.130000114440918,3.1700000762939453,3.049999952316284,3.1700000762939453,10700
2015-11-11,3.1700000762939453,3.1700000762939453,3.1700000762939453,3.1700000762939453,2300
2015-11-12,3.1700000762939453,3.5,3.1700000762939453,3.4100000858306885,186400
2015-11-13,3.4600000381469727,3.5899999141693115,3.240000009536743,3.309999942779541,87700
2015-11-16,3.2699999809265137,3.4700000286102295,3.1500000953674316,3.4000000953674316,119300
2015-11-17,3.309999942779541,3.4800000190734863,3.299999952316284,3.4000000953674316,30300
2015-11-18,3.3499999046325684,3.4000000953674316,3.3499999046325684,3.4000000953674316,3200
2015-11-19,3.299999952316284,3.440000057220459,3.2899999618530273,3.440000057220459,21000
2015-11-20,3.430000066757202,3.430000066757202,3.3499999046325684,3.3499999046325684,4600
2015-11-23,3.3499999046325684,3.3499999046325684,3.299999952316284,3.299999952316284,700
2015-11-24,3.299999952316284,3.4000000953674316,3.25,3.3499999046325684,8300
2015-11-25,3.25,3.3499999046325684,3.200000047683716,3.3499999046325684,800
2015-11-27,3.3499999046325684,3.3499999046325684,3.3499999046325684,3.3499999046325684,0
2015-11-30,3.3399999141693115,3.440000057220459,3.200000047683716,3.4000000953674316,50200
2015-12-01,3.369999885559082,3.4200000762939453,3.359999895095825,3.4200000762939453,18800
2015-12-02,3.430000066757202,3.430000066757202,3.430000066757202,3.430000066757202,500
2015-12-03,3.380000114440918,3.4000000953674316,3.380000114440918,3.4000000953674316,13000
2015-12-04,3.450000047683716,3.549999952316284,3.4000000953674316,3.5,32200
2015-12-07,3.5,3.5399999618530273,3.4000000953674316,3.5,5200
2015-12-08,3.509999990463257,3.509999990463257,3.380000114440918,3.380000114440918,6800
2015-12-09,3.5399999618530273,3.5399999618530273,3.380000114440918,3.5,16000
2015-12-10,3.390000104904175,3.5199999809265137,3.390000104904175,3.5199999809265137,32500
2015-12-11,3.4000000953674316,3.5,3.390000104904175,3.5,2100
2015-12-14,3.490000009536743,3.490000009536743,3.380000114440918,3.380000114440918,5400
2015-12-15,3.390000104904175,3.390000104904175,3.380000114440918,3.380000114440918,1000
2015-12-16,3.430000066757202,3.430000066757202,3.430000066757202,3.430000066757202,1000
2015-12-17,3.4700000286102295,3.4700000286102295,3.380000114440918,3.4000000953674316,8800
2015-12-18,3.5,3.5,3.380000114440918,3.380000114440918,8100
2015-12-21,3.309999942779541,3.309999942779541,3.299999952316284,3.299999952316284,1400
2015-12-22,3.299999952316284,3.299999952316284,3.299999952316284,3.299999952316284,600
2015-12-23,3.319999933242798,3.319999933242798,3.319999933242798,3.319999933242798,600
2015-12-24,3.319999933242798,3.319999933242798,3.319999933242798,3.319999933242798,500
2015-12-28,3.319999933242798,3.319999933242798,3.319999933242798,3.319999933242798,1000
2015-12-29,3.2300000190734863,3.25,3.2300000190734863,3.25,2700
2015-12-30,3.2300000190734863,3.25,3.2300000190734863,3.25,500
2015-12-31,3.259999990463257,3.259999990463257,3.259999990463257,3.259999990463257,700
2016-01-04,3.2100000381469727,3.2200000286102295,3.200000047683716,3.2200000286102295,4900
2016-01-05,3.25,3.25,3.25,3.25,400
2016-01-06,3.25,3.25,3.25,3.25,200
2016-01-07,3.200000047683716,3.299999952316284,3.200000047683716,3.299999952316284,5200
2016-01-08,3.299999952316284,3.299999952316284,3.2699999809265137,3.2699999809265137,3500
2016-01-11,3.200000047683716,3.200000047683716,3.200000047683716,3.200000047683716,6400
2016-01-12,3.200000047683716,3.200000047683716,3.190000057220459,3.190000057220459,5700
2016-01-13,3.1500000953674316,3.1600000858306885,3.049999952316284,3.0999999046325684,12100
2016-01-14,3.0999999046325684,3.0999999046325684,3.0999999046325684,3.0999999046325684,8200
2016-01-15,3.049999952316284,3.049999952316284,3.0,3.0,29400
2016-01-19,3.0,3.0,3.0,3.0,0
2016-01-20,2.9000000953674316,2.9000000953674316,2.5799999237060547,2.6500000953674316,93500
2016-01-21,2.6500000953674316,2.6500000953674316,2.6500000953674316,2.6500000953674316,0
2016-01-22,2.799999952316284,2.799999952316284,2.75,2.75,1600
2016-01-25,2.8299999237060547,2.8299999237060547,2.8299999237060547,2.8299999237060547,900
2016-01-26,2.7300000190734863,2.8299999237060547,2.7200000286102295,2.7200000286102295,7900
2016-01-27,2.680000066757202,2.680000066757202,2.680000066757202,2.680000066757202,3600
2016-01-28,2.680000066757202,2.680000066757202,2.549999952316284,2.6500000953674316,9500
2016-01-29,2.75,2.940000057220459,2.75,2.940000057220459,1200
2016-02-01,2.799999952316284,2.799999952316284,2.799999952316284,2.799999952316284,300
2016-02-02,2.700000047683716,2.700000047683716,2.390000104904175,2.5999999046325684,137000
2016-02-03,2.5,2.5,2.4000000953674316,2.450000047683716,4300
2016-02-04,2.5899999141693115,2.5999999046325684,2.0899999141693115,2.299999952316284,236000
2016-02-05,2.299999952316284,2.380000114440918,1.7699999809265137,2.380000114440918,389400
2016-02-08,2.3499999046325684,2.3499999046325684,2.2899999618530273,2.2899999618530273,900
2016-02-09,2.390000104904175,2.4000000953674316,2.25,2.3499999046325684,14800
2016-02-10,2.3499999046325684,2.3499999046325684,2.3499999046325684,2.3499999046325684,0
2016-02-11,2.2699999809265137,2.299999952316284,2.25,2.299999952316284,3100
2016-02-12,2.299999952316284,2.3399999141693115,2.299999952316284,2.309999942779541,26800
2016-02-16,2.369999885559082,2.450000047683716,2.369999885559082,2.4000000953674316,180600
2016-02-17,2.490000009536743,2.490000009536743,2.440000057220459,2.4600000381469727,12900
2016-02-18,2.450000047683716,2.450000047683716,2.380000114440918,2.390000104904175,9500
2016-02-19,2.4600000381469727,2.4700000286102295,2.4000000953674316,2.4700000286102295,11900
2016-02-22,2.4700000286102295,2.5,2.4700000286102295,2.5,8100
2016-02-23,2.5,2.5,2.5,2.5,1900
2016-02-24,2.5,2.5,2.5,2.5,2100
2016-02-25,2.5,2.5,2.4000000953674316,2.5,10000
2016-02-26,2.5,2.5,2.5,2.5,1000
2016-02-29,2.5,2.5,2.4700000286102295,2.4700000286102295,1900
2016-03-01,2.5,2.5,2.5,2.5,8400
2016-03-02,2.5,2.680000066757202,2.490000009536743,2.6500000953674316,60200
2016-03-03,2.619999885559082,2.680000066757202,2.609999895095825,2.680000066757202,3700
2016-03-04,2.690000057220459,2.690000057220459,2.5,2.6500000953674316,5500
2016-03-07,2.640000104904175,2.640000104904175,2.640000104904175,2.640000104904175,2500
2016-03-08,2.700000047683716,2.700000047683716,2.5999999046325684,2.690000057220459,1500
2016-03-09,2.700000047683716,2.700000047683716,2.6700000762939453,2.690000057220459,11000
2016-03-10,2.690000057220459,2.8399999141693115,2.6700000762939453,2.6700000762939453,500
2016-03-11,2.6700000762939453,2.6700000762939453,2.6700000762939453,2.6700000762939453,300
2016-03-14,2.6500000953674316,2.6500000953674316,2.509999990463257,2.5299999713897705,3600
2016-03-15,2.509999990463257,2.549999952316284,2.509999990463257,2.549999952316284,400
2016-03-16,2.6500000953674316,2.7899999618530273,2.5799999237060547,2.6500000953674316,3100
2016-03-17,2.6500000953674316,2.7799999713897705,2.6500000953674316,2.7799999713897705,1600
2016-03-18,2.7799999713897705,2.7799999713897705,2.7200000286102295,2.7799999713897705,2900
2016-03-21,2.7699999809265137,2.7799999713897705,2.7200000286102295,2.7799999713897705,2100
2016-03-22,2.7200000286102295,2.7200000286102295,2.6500000953674316,2.7100000381469727,5600
2016-03-23,2.7100000381469727,2.7100000381469727,2.7100000381469727,2.7100000381469727,0
2016-03-24,2.7100000381469727,2.7100000381469727,2.7100000381469727,2.7100000381469727,0
2016-03-28,2.9000000953674316,2.9000000953674316,2.7200000286102295,2.7200000286102295,200
2016-03-29,2.630000114440918,2.6500000953674316,2.4000000953674316,2.5999999046325684,148900
2016-03-30,2.549999952316284,2.690000057220459,2.4100000858306885,2.4100000858306885,25500
2016-03-31,2.4700000286102295,2.4700000286102295,2.440000057220459,2.450000047683716,4900
2016-04-01,2.440000057220459,2.5399999618530273,2.440000057220459,2.4700000286102295,2600
2016-04-04,2.4800000190734863,2.5199999809265137,2.4700000286102295,2.5199999809265137,1200
2016-04-05,2.5799999237060547,2.5799999237060547,2.549999952316284,2.549999952316284,1200
2016-04-06,2.4800000190734863,2.5299999713897705,2.4800000190734863,2.5299999713897705,3300
2016-04-07,2.5299999713897705,2.5299999713897705,2.5299999713897705,2.5299999713897705,0
2016-04-08,2.4600000381469727,2.4600000381469727,2.4600000381469727,2.4600000381469727,300
2016-04-11,2.4600000381469727,2.5,2.3499999046325684,2.359999895095825,92600
2016-04-12,2.359999895095825,2.390000104904175,2.359999895095825,2.390000104904175,1500
2016-04-13,2.359999895095825,2.4000000953674316,2.3499999046325684,2.4000000953674316,6500
2016-04-14,2.450000047683716,2.450000047683716,2.359999895095825,2.359999895095825,12400
2016-04-15,2.4100000858306885,2.4100000858306885,2.4000000953674316,2.4000000953674316,4200
2016-04-18,2.4000000953674316,2.4100000858306885,2.359999895095825,2.4100000858306885,18900
2016-04-19,2.450000047683716,2.450000047683716,2.3499999046325684,2.3499999046325684,20700
2016-04-20,2.369999885559082,2.380000114440918,2.309999942779541,2.3299999237060547,8600
2016-04-21,2.3499999046325684,2.3499999046325684,2.3499999046325684,2.3499999046325684,5300
2016-04-22,2.3399999141693115,2.390000104904175,2.299999952316284,2.390000104904175,4700
2016-04-25,2.3499999046325684,2.3499999046325684,2.3499999046325684,2.3499999046325684,6000
2016-04-26,2.4000000953674316,2.640000104904175,2.4000000953674316,2.549999952316284,19000
2016-04-27,2.549999952316284,2.549999952316284,2.4100000858306885,2.5399999618530273,8800
2016-04-28,2.4000000953674316,2.4000000953674316,2.380000114440918,2.4000000953674316,52900
2016-04-29,2.380000114440918,2.4000000953674316,2.380000114440918,2.4000000953674316,9400
2016-05-02,2.3499999046325684,2.4000000953674316,2.3499999046325684,2.4000000953674316,3800
2016-05-03,2.450000047683716,2.450000047683716,2.450000047683716,2.450000047683716,200
2016-05-04,2.4000000953674316,2.4000000953674316,2.359999895095825,2.359999895095825,5900
2016-05-05,2.359999895095825,2.359999895095825,2.359999895095825,2.359999895095825,0
2016-05-06,2.4000000953674316,2.4000000953674316,2.3499999046325684,2.3499999046325684,38700
2016-05-09,2.450000047683716,2.450000047683716,2.3499999046325684,2.3499999046325684,4000
2016-05-10,2.3499999046325684,2.4200000762939453,2.309999942779541,2.359999895095825,8600
2016-05-11,2.319999933242798,2.3499999046325684,2.299999952316284,2.3499999046325684,43700
2016-05-12,2.3499999046325684,2.4200000762939453,2.319999933242798,2.390000104904175,11200
2016-05-13,2.359999895095825,2.380000114440918,2.299999952316284,2.309999942779541,55600
2016-05-16,2.299999952316284,2.319999933242798,2.2799999713897705,2.2799999713897705,4000
2016-05-17,2.2799999713897705,2.380000114440918,2.259999990463257,2.380000114440918,21600
2016-05-18,2.3499999046325684,2.3499999046325684,2.309999942779541,2.309999942779541,1100
2016-05-19,2.380000114440918,2.4200000762939453,2.380000114440918,2.4200000762939453,2000
2016-05-20,2.4200000762939453,2.4200000762939453,2.4200000762939453,2.4200000762939453,0
2016-05-23,2.4200000762939453,2.440000057220459,2.4100000858306885,2.4100000858306885,20600
2016-05-24,2.450000047683716,2.5299999713897705,2.450000047683716,2.5299999713897705,6900
2016-05-25,2.4700000286102295,2.4700000286102295,2.430000066757202,2.4700000286102295,10600
2016-05-26,2.4700000286102295,2.4700000286102295,2.430000066757202,2.4600000381469727,12200
2016-05-27,2.4600000381469727,2.4600000381469727,2.430000066757202,2.440000057220459,5800
2016-05-31,2.490000009536743,2.5,2.490000009536743,2.5,10700
2016-06-01,2.5,2.5,2.5,2.5,0
2016-06-02,2.5399999618530273,2.5399999618530273,2.5399999618530273,2.5399999618530273,9300
2016-06-03,2.5399999618530273,2.5399999618530273,2.5399999618530273,2.5399999618530273,400
2016-06-06,2.5399999618530273,2.5399999618530273,2.5299999713897705,2.5399999618530273,4600
2016-06-07,2.5399999618530273,2.5399999618530273,2.5,2.5,600
2016-06-08,2.549999952316284,2.559999942779541,2.549999952316284,2.549999952316284,22500
2016-06-09,2.549999952316284,2.549999952316284,2.549999952316284,2.549999952316284,0
2016-06-10,2.5999999046325684,2.5999999046325684,2.549999952316284,2.549999952316284,6600
2016-06-13,2.549999952316284,2.549999952316284,2.5399999618530273,2.5399999618530273,1600
2016-06-14,2.5399999618530273,2.569999933242798,2.5,2.569999933242798,12800
2016-06-15,2.5799999237060547,2.5799999237060547,2.569999933242798,2.569999933242798,7300
2016-06-16,2.5999999046325684,2.5999999046325684,2.5999999046325684,2.5999999046325684,100
2016-06-17,2.5,2.5199999809265137,2.490000009536743,2.509999990463257,5800
2016-06-20,2.5299999713897705,2.5299999713897705,2.4100000858306885,2.4800000190734863,3300
2016-06-21,2.5199999809265137,2.5199999809265137,2.5199999809265137,2.5199999809265137,200
2016-06-22,2.4700000286102295,2.5,2.430000066757202,2.5,1100
2016-06-23,2.450000047683716,2.450000047683716,2.450000047683716,2.450000047683716,4300
2016-06-24,2.450000047683716,2.509999990463257,2.4200000762939453,2.509999990463257,2500
2016-06-27,2.509999990463257,2.5199999809265137,2.509999990463257,2.5199999809265137,600
2016-06-28,2.5199999809265137,2.5199999809265137,2.5199999809265137,2.5199999809265137,0
2016-06-29,2.5199999809265137,2.5199999809265137,2.5199999809265137,2.5199999809265137,0
2016-06-30,2.4600000381469727,2.4600000381469727,2.4600000381469727,2.4600000381469727,100
2016-07-01,2.5,2.5299999713897705,2.5,2.5299999713897705,1700
2016-07-05,2.5,2.5,2.490000009536743,2.490000009536743,3100
2016-07-06,2.490000009536743,2.490000009536743,2.490000009536743,2.490000009536743,0
2016-07-07,2.490000009536743,2.549999952316284,2.490000009536743,2.5399999618530273,1300
2016-07-08,2.549999952316284,2.549999952316284,2.5399999618530273,2.5399999618530273,1300
2016-07-11,2.549999952316284,2.549999952316284,2.5299999713897705,2.549999952316284,1500
2016-07-12,2.549999952316284,2.549999952316284,2.549999952316284,2.549999952316284,0
2016-07-13,2.549999952316284,2.549999952316284,2.549999952316284,2.549999952316284,0
2016-07-14,2.549999952316284,2.549999952316284,2.549999952316284,2.549999952316284,0
2016-07-15,2.549999952316284,2.690000057220459,2.549999952316284,2.619999885559082,10600
2016-07-18,2.619999885559082,2.680000066757202,2.609999895095825,2.6700000762939453,11900
2016-07-19,2.6700000762939453,2.680000066757202,2.609999895095825,2.609999895095825,3300
2016-07-20,2.680000066757202,2.680000066757202,2.680000066757202,2.680000066757202,500
2016-07-21,2.680000066757202,2.680000066757202,2.680000066757202,2.680000066757202,0
2016-07-22,2.6700000762939453,2.6700000762939453,2.6700000762939453,2.6700000762939453,200
2016-07-25,2.6700000762939453,2.690000057220459,2.559999942779541,2.5999999046325684,9400
2016-07-26,2.549999952316284,2.5999999046325684,2.549999952316284,2.5999999046325684,5600
2016-07-27,2.559999942779541,2.559999942779541,2.559999942779541,2.559999942779541,1400
2016-07-28,2.559999942779541,2.700000047683716,2.5,2.700000047683716,3000
2016-07-29,2.700000047683716,2.700000047683716,2.680000066757202,2.680000066757202,1200
2016-08-01,2.559999942779541,2.680000066757202,2.559999942779541,2.680000066757202,1700
2016-08-02,2.680000066757202,2.680000066757202,2.680000066757202,2.680000066757202,4200
2016-08-03,2.680000066757202,2.690000057220459,2.680000066757202,2.690000057220459,5400
2016-08-04,2.690000057220459,2.690000057220459,2.6600000858306885,2.6600000858306885,1300
2016-08-05,2.690000057220459,2.690000057220459,2.6600000858306885,2.6600000858306885,6700
2016-08-08,2.690000057220459,2.700000047683716,2.640000104904175,2.640000104904175,6300
2016-08-09,2.640000104904175,2.6500000953674316,2.640000104904175,2.6500000953674316,11500
2016-08-10,2.640000104904175,2.640000104904175,2.640000104904175,2.640000104904175,400
2016-08-11,2.640000104904175,2.6500000953674316,2.640000104904175,2.6500000953674316,4500
2016-08-12,2.9700000286102295,3.140000104904175,2.9700000286102295,3.0999999046325684,98100
2016-08-15,3.140000104904175,3.2799999713897705,3.0999999046325684,3.200000047683716,21800
2016-08-16,3.2200000286102295,3.2200000286102295,3.1600000858306885,3.1600000858306885,1600
2016-08-17,3.200000047683716,3.200000047683716,3.140000104904175,3.1500000953674316,2900
2016-08-18,3.1500000953674316,3.2200000286102295,3.1500000953674316,3.200000047683716,4900
2016-08-19,3.200000047683716,3.200000047683716,3.1700000762939453,3.1700000762939453,5500
2016-08-22,3.190000057220459,3.25,3.190000057220459,3.2100000381469727,23900
2016-08-23,3.200000047683716,3.200000047683716,3.180000066757202,3.200000047683716,3100
2016-08-24,3.200000047683716,3.2799999713897705,3.200000047683716,3.2200000286102295,17300
2016-08-25,3.2699999809265137,3.2799999713897705,3.240000009536743,3.259999990463257,3700
2016-08-26,3.2799999713897705,3.7799999713897705,3.2799999713897705,3.75,46600
2016-08-29,3.700000047683716,3.700000047683716,3.5999999046325684,3.5999999046325684,700
2016-08-30,3.5799999237060547,3.740000009536743,3.569999933242798,3.740000009536743,9000
2016-08-31,3.740000009536743,3.740000009536743,3.4000000953674316,3.5999999046325684,7700
2016-09-01,3.5999999046325684,3.5999999046325684,3.5999999046325684,3.5999999046325684,0
2016-09-02,3.549999952316284,3.7300000190734863,3.549999952316284,3.5899999141693115,2200
2016-09-06,3.619999885559082,3.700000047683716,3.5899999141693115,3.680000066757202,3300
2016-09-07,3.7200000286102295,3.799999952316284,3.5,3.549999952316284,29200
2016-09-08,3.700000047683716,3.700000047683716,3.700000047683716,3.700000047683716,100
2016-09-09,3.700000047683716,3.7100000381469727,3.700000047683716,3.700000047683716,3500
2016-09-12,3.700000047683716,3.700000047683716,3.700000047683716,3.700000047683716,2400
2016-09-13,3.700000047683716,3.75,3.700000047683716,3.700000047683716,4800
2016-09-14,3.630000114440918,3.6500000953674316,3.630000114440918,3.6500000953674316,2700
2016-09-15,3.700000047683716,3.700000047683716,3.700000047683716,3.700000047683716,17000
2016-09-16,3.690000057220459,3.700000047683716,3.690000057220459,3.700000047683716,1800
2016-09-19,3.6500000953674316,3.6500000953674316,3.559999942779541,3.559999942779541,3400
2016-09-20,3.5199999809265137,3.549999952316284,3.509999990463257,3.5299999713897705,4500
2016-09-21,3.509999990463257,3.6500000953674316,3.509999990463257,3.6500000953674316,4200
2016-09-22,3.6500000953674316,3.6500000953674316,3.619999885559082,3.6500000953674316,1900
2016-09-23,3.6500000953674316,3.6500000953674316,3.6500000953674316,3.6500000953674316,0
2016-09-26,3.6500000953674316,3.6500000953674316,3.549999952316284,3.630000114440918,15800
2016-09-27,3.5299999713897705,3.5999999046325684,3.5299999713897705,3.5299999713897705,900
2016-09-28,3.5999999046325684,3.5999999046325684,3.5399999618530273,3.549999952316284,1800
2016-09-29,3.5299999713897705,3.5299999713897705,3.5299999713897705,3.5299999713897705,600
2016-09-30,3.5299999713897705,3.549999952316284,3.5199999809265137,3.549999952316284,5600
2016-10-03,3.549999952316284,3.549999952316284,3.5,3.549999952316284,1300
2016-10-04,3.5,3.509999990463257,3.3499999046325684,3.5,3600
2016-10-05,3.4700000286102295,3.5999999046325684,3.4700000286102295,3.5999999046325684,4500
2016-10-06,3.5999999046325684,3.5999999046325684,3.5999999046325684,3.5999999046325684,300
2016-10-07,3.5999999046325684,3.5999999046325684,3.5799999237060547,3.5799999237060547,1400
2016-10-10,3.5999999046325684,3.5999999046325684,3.5799999237060547,3.5799999237060547,2600
2016-10-11,3.5799999237060547,3.5799999237060547,3.25,3.450000047683716,17400
2016-10-12,3.450000047683716,3.450000047683716,3.450000047683716,3.450000047683716,0
2016-10-13,3.450000047683716,3.450000047683716,3.450000047683716,3.450000047683716,200
2016-10-14,3.5,3.5,3.3299999237060547,3.4000000953674316,4800
2016-10-17,3.259999990463257,3.390000104904175,3.259999990463257,3.390000104904175,900
2016-10-18,3.259999990463257,3.5,3.240000009536743,3.5,6800
2016-10-19,3.4100000858306885,3.5399999618530273,3.4100000858306885,3.5399999618530273,900
2016-10-20,3.490000009536743,3.5,3.490000009536743,3.5,2200
2016-10-21,3.5999999046325684,3.6500000953674316,3.5999999046325684,3.6500000953674316,4400
2016-10-24,3.6500000953674316,3.6500000953674316,3.6500000953674316,3.6500000953674316,0
2016-10-25,3.6500000953674316,3.6500000953674316,3.6500000953674316,3.6500000953674316,0
2016-10-26,3.6500000953674316,3.6500000953674316,3.6500000953674316,3.6500000953674316,0
2016-10-27,3.6500000953674316,3.6500000953674316,3.6500000953674316,3.6500000953674316,0
2016-10-28,3.5899999141693115,3.5899999141693115,3.5899999141693115,3.5899999141693115,1000
2016-10-31,3.5999999046325684,3.630000114440918,3.5999999046325684,3.619999885559082,6500
2016-11-01,3.619999885559082,3.619999885559082,3.5,3.5199999809265137,3600
2016-11-02,3.5199999809265137,3.5199999809265137,3.5199999809265137,3.5199999809265137,1300
2016-11-03,3.490000009536743,3.6500000953674316,3.450000047683716,3.6500000953674316,3700
2016-11-04,3.450000047683716,3.450000047683716,3.450000047683716,3.450000047683716,100
2016-11-07,3.549999952316284,3.5999999046325684,3.430000066757202,3.450000047683716,1900
2016-11-08,3.4200000762939453,3.5999999046325684,3.25,3.5,5500
2016-11-09,3.309999942779541,4.0,3.309999942779541,3.8499999046325684,80300
2016-11-10,4.03000020980835,4.070000171661377,3.9000000953674316,4.050000190734863,42800
2016-11-11,4.050000190734863,4.050000190734863,3.8499999046325684,4.050000190734863,7500
2016-11-14,4.050000190734863,4.110000133514404,4.0,4.050000190734863,31400
2016-11-15,4.78000020980835,4.880000114440918,4.650000095367432,4.880000114440918,66300
2016-11-16,4.769999980926514,5.0,4.769999980926514,4.900000095367432,84500
2016-11-17,4.849999904632568,5.099999904632568,4.78000020980835,5.039999961853027,67400
2016-11-18,5.039999961853027,5.099999904632568,4.880000114440918,4.989999771118164,6900
2016-11-21,4.900000095367432,4.980000019073486,4.900000095367432,4.980000019073486,3700
2016-11-22,5.0,5.03000020980835,4.949999809265137,4.949999809265137,20800
2016-11-23,4.889999866485596,5.0,4.889999866485596,4.900000095367432,7100
2016-11-25,5.0,5.0,4.949999809265137,4.949999809265137,8500
2016-11-28,4.940000057220459,5.03000020980835,4.880000114440918,4.960000038146973,11500
2016-11-29,4.96999979019165,4.96999979019165,4.860000133514404,4.869999885559082,24900
2016-11-30,4.929999828338623,5.079999923706055,4.929999828338623,4.96999979019165,4100
2016-12-01,4.96999979019165,5.139999866485596,4.920000076293945,4.960000038146973,7800
2016-12-02,4.980000019073486,5.0,4.920000076293945,5.0,7200
2016-12-05,4.989999771118164,5.050000190734863,4.900000095367432,4.900000095367432,3100
2016-12-06,5.0,5.050000190734863,4.900000095367432,5.0,40000
2016-12-07,5.0,5.0,4.800000190734863,4.920000076293945,14300
2016-12-08,4.920000076293945,5.03000020980835,4.75,4.800000190734863,12400
2016-12-09,5.0,5.0,4.760000228881836,5.0,5900
2016-12-12,5.0,5.03000020980835,4.900000095367432,5.0,13000
2016-12-13,5.0,5.03000020980835,5.0,5.03000020980835,42600
2016-12-14,5.010000228881836,5.010000228881836,4.929999828338623,4.949999809265137,3700
2016-12-15,5.099999904632568,5.139999866485596,5.050000190734863,5.119999885559082,36100
2016-12-16,5.110000133514404,5.190000057220459,5.0,5.0,25100
2016-12-19,5.0,5.119999885559082,5.0,5.090000152587891,2800
2016-12-20,5.099999904632568,5.25,5.010000228881836,5.199999809265137,4400
2016-12-21,5.170000076293945,5.170000076293945,5.090000152587891,5.150000095367432,9800
2016-12-22,5.139999866485596,5.150000095367432,4.949999809265137,5.059999942779541,1100
2016-12-23,4.949999809265137,5.099999904632568,4.900000095367432,5.099999904632568,4000
2016-12-27,5.099999904632568,5.170000076293945,5.099999904632568,5.150000095367432,13400
2016-12-28,5.139999866485596,5.139999866485596,5.139999866485596,5.139999866485596,1600
2016-12-29,5.099999904632568,5.25,5.099999904632568,5.25,27500
2016-12-30,5.25,5.449999809265137,5.230000019073486,5.349999904632568,52700
2017-01-03,5.300000190734863,5.380000114440918,5.300000190734863,5.300000190734863,13400
2017-01-04,5.349999904632568,5.489999771118164,5.309999942779541,5.489999771118164,22400
2017-01-05,5.400000095367432,5.550000190734863,5.400000095367432,5.449999809265137,71300
2017-01-06,5.449999809265137,5.460000038146973,5.449999809265137,5.449999809265137,6300
2017-01-09,5.650000095367432,5.650000095367432,5.5,5.5,25100
2017-01-10,5.5,5.630000114440918,5.5,5.590000152587891,26800
2017-01-11,5.590000152587891,5.590000152587891,5.510000228881836,5.510000228881836,2200
2017-01-12,5.510000228881836,5.539999961853027,5.300000190734863,5.300000190734863,8400
2017-01-13,5.360000133514404,5.449999809265137,5.25,5.329999923706055,7200
2017-01-17,5.329999923706055,5.329999923706055,5.329999923706055,5.329999923706055,1800
2017-01-18,5.489999771118164,5.590000152587891,5.289999961853027,5.590000152587891,2300
2017-01-19,5.590000152587891,5.590000152587891,5.300000190734863,5.579999923706055,20300
2017-01-20,5.5,5.5,5.349999904632568,5.449999809265137,4300
2017-01-23,5.480000019073486,5.489999771118164,5.400000095367432,5.449999809265137,3500
2017-01-24,5.369999885559082,5.699999809265137,5.349999904632568,5.599999904632568,9400
2017-01-25,5.650000095367432,5.739999771118164,5.389999866485596,5.389999866485596,35500
2017-01-26,5.71999979019165,5.75,5.599999904632568,5.699999809265137,14300
2017-01-27,5.730000019073486,5.949999809265137,5.730000019073486,5.800000190734863,24700
2017-01-30,5.800000190734863,5.949999809265137,5.699999809265137,5.699999809265137,22500
2017-01-31,5.650000095367432,5.949999809265137,5.650000095367432,5.920000076293945,10000
2017-02-01,5.920000076293945,6.0,5.849999904632568,6.0,18900
2017-02-02,5.900000095367432,6.039999961853027,5.699999809265137,6.010000228881836,58900
2017-02-03,6.0,6.099999904632568,5.75,6.0,29100
2017-02-06,6.0,6.0,5.760000228881836,6.0,8700
2017-02-07,6.0,6.099999904632568,5.699999809265137,6.090000152587891,11300
2017-02-08,6.099999904632568,6.099999904632568,5.650000095367432,5.949999809265137,8500
2017-02-09,5.960000038146973,6.099999904632568,5.960000038146973,6.099999904632568,14600
2017-02-10,6.099999904632568,6.199999809265137,6.059999942779541,6.179999828338623,9600
2017-02-13,6.179999828338623,6.179999828338623,6.0,6.099999904632568,9900
2017-02-14,6.099999904632568,6.099999904632568,6.0,6.099999904632568,2700
2017-02-15,6.050000190734863,6.099999904632568,6.0,6.090000152587891,7900
2017-02-16,6.099999904632568,6.110000133514404,5.920000076293945,6.099999904632568,17300
2017-02-17,6.059999942779541,6.199999809265137,6.059999942779541,6.150000095367432,18100
2017-02-21,6.170000076293945,6.329999923706055,6.150000095367432,6.300000190734863,23400
2017-02-22,6.320000171661377,6.329999923706055,6.320000171661377,6.329999923706055,9100
2017-02-23,6.329999923706055,6.329999923706055,6.300000190734863,6.300000190734863,900
2017-02-24,6.309999942779541,6.329999923706055,6.150000095367432,6.159999847412109,10800
2017-02-27,6.230000019073486,6.230000019073486,5.869999885559082,6.150000095367432,8600
2017-02-28,6.099999904632568,6.199999809265137,5.900000095367432,6.099999904632568,8300
2017-03-01,6.099999904632568,6.099999904632568,5.710000038146973,5.900000095367432,23600
2017-03-02,5.980000019073486,6.0,5.75,5.889999866485596,11600
2017-03-03,6.0,6.0,5.849999904632568,6.0,4000
2017-03-06,5.949999809265137,5.949999809265137,5.949999809265137,5.949999809265137,500
2017-03-07,5.929999828338623,5.929999828338623,5.320000171661377,5.670000076293945,21100
2017-03-08,5.670000076293945,5.980000019073486,5.670000076293945,5.849999904632568,5700
2017-03-09,5.840000152587891,5.880000114440918,5.699999809265137,5.860000133514404,3400
2017-03-10,5.880000114440918,5.880000114440918,5.849999904632568,5.880000114440918,2300
2017-03-13,5.849999904632568,5.849999904632568,5.849999904632568,5.849999904632568,100
2017-03-14,5.849999904632568,5.849999904632568,5.360000133514404,5.800000190734863,5200
2017-03-15,5.400000095367432,5.800000190734863,5.380000114440918,5.800000190734863,3700
2017-03-16,5.75,5.78000020980835,5.699999809265137,5.699999809265137,4300
2017-03-17,5.710000038146973,5.710000038146973,5.550000190734863,5.699999809265137,3600
2017-03-20,5.710000038146973,5.880000114440918,5.710000038146973,5.880000114440918,10900
2017-03-21,5.75,5.880000114440918,5.650000095367432,5.730000019073486,10400
2017-03-22,5.570000171661377,5.75,5.5,5.75,7400
2017-03-23,5.78000020980835,5.880000114440918,5.78000020980835,5.880000114440918,800
2017-03-24,5.659999847412109,5.869999885559082,5.659999847412109,5.849999904632568,9200
2017-03-27,5.809999942779541,5.849999904632568,5.809999942779541,5.849999904632568,2400
2017-03-28,5.619999885559082,6.0,5.619999885559082,5.949999809265137,5200
2017-03-29,5.96999979019165,6.0,5.849999904632568,5.900000095367432,9100
2017-03-30,5.920000076293945,5.929999828338623,5.849999904632568,5.849999904632568,5500
2017-03-31,6.230000019073486,6.5,6.230000019073486,6.5,39600
2017-04-03,6.639999866485596,6.639999866485596,6.449999809265137,6.449999809265137,5200
2017-04-04,6.5,6.5,6.349999904632568,6.449999809265137,3600
2017-04-05,6.420000076293945,6.659999847412109,6.400000095367432,6.400000095367432,11200
2017-04-06,6.409999847412109,6.420000076293945,6.380000114440918,6.400000095367432,19200
2017-04-07,6.400000095367432,6.400000095367432,6.199999809265137,6.400000095367432,17200
2017-04-10,6.400000095367432,6.400000095367432,6.199999809265137,6.199999809265137,9000
2017-04-11,6.300000190734863,6.400000095367432,6.050000190734863,6.320000171661377,11100
2017-04-12,6.400000095367432,6.400000095367432,6.300000190734863,6.349999904632568,6300
2017-04-13,6.349999904632568,6.400000095367432,6.349999904632568,6.349999904632568,4900
2017-04-17,6.25,6.349999904632568,6.21999979019165,6.349999904632568,4500
2017-04-18,6.349999904632568,6.349999904632568,6.28000020980835,6.349999904632568,1000
2017-04-19,6.349999904632568,6.389999866485596,6.300000190734863,6.300000190734863,5800
2017-04-20,6.349999904632568,6.400000095367432,6.25,6.349999904632568,3700
2017-04-21,6.300000190734863,6.460000038146973,6.300000190734863,6.449999809265137,15000
2017-04-24,6.449999809265137,6.610000133514404,6.449999809265137,6.599999904632568,10000
2017-04-25,6.699999809265137,6.889999866485596,6.610000133514404,6.610000133514404,5800
2017-04-26,6.659999847412109,7.0,6.659999847412109,7.0,9200
2017-04-27,6.980000019073486,7.0,6.940000057220459,7.0,7300
2017-04-28,7.0,7.25,6.980000019073486,7.179999828338623,20800
2017-05-01,7.25,7.800000190734863,7.25,7.800000190734863,34300
2017-05-02,8.899999618530273,9.0,7.75,8.050000190734863,30800
2017-05-03,8.0,8.0,7.849999904632568,7.900000095367432,5300
2017-05-04,7.840000152587891,8.050000190734863,7.550000190734863,8.0,11500
2017-05-05,7.849999904632568,8.0,7.829999923706055,8.0,3900
2017-05-08,8.0,8.0,7.949999809265137,7.949999809265137,2300
2017-05-09,7.949999809265137,8.109999656677246,7.699999809265137,8.109999656677246,12700
2017-05-10,8.109999656677246,8.109999656677246,7.730000019073486,8.0,13700
2017-05-11,7.900000095367432,7.900000095367432,7.900000095367432,7.900000095367432,200
2017-05-12,7.769999980926514,8.399999618530273,7.730000019073486,8.300000190734863,26100
2017-05-15,8.319999694824219,8.380000114440918,7.900000095367432,8.149999618530273,40200
2017-05-16,8.149999618530273,8.300000190734863,8.0,8.0,13900
2017-05-17,7.960000038146973,8.0,7.800000190734863,7.800000190734863,4900
2017-05-18,7.800000190734863,7.900000095367432,7.769999980926514,7.809999942779541,6500
2017-05-19,7.860000133514404,7.900000095367432,7.630000114440918,7.650000095367432,5400
2017-05-22,7.650000095367432,7.900000095367432,7.550000190734863,7.550000190734863,14500
2017-05-23,7.519999980926514,7.659999847412109,7.449999809265137,7.449999809265137,24400
2017-05-24,7.449999809265137,7.449999809265137,7.409999847412109,7.449999809265137,1000
2017-05-25,7.550000190734863,7.599999904632568,7.489999771118164,7.5,8400
2017-05-26,7.5,7.570000171661377,7.46999979019165,7.559999942779541,10600
2017-05-30,7.599999904632568,7.599999904632568,7.599999904632568,7.599999904632568,6800
2017-05-31,7.75,7.980000019073486,7.75,7.900000095367432,14800
2017-06-01,7.980000019073486,7.989999771118164,7.760000228881836,7.800000190734863,17700
2017-06-02,7.800000190734863,7.880000114440918,7.800000190734863,7.860000133514404,7000
2017-06-05,7.849999904632568,7.900000095367432,7.690000057220459,7.800000190734863,14400
2017-06-06,7.849999904632568,7.96999979019165,7.820000171661377,7.96999979019165,8500
2017-06-07,7.940000057220459,7.940000057220459,7.75,7.900000095367432,27100
2017-06-08,7.889999866485596,7.920000076293945,7.78000020980835,7.909999847412109,8200
2017-06-09,7.909999847412109,7.909999847412109,7.809999942779541,7.909999847412109,7000
2017-06-12,7.849999904632568,7.929999828338623,7.75,7.800000190734863,41200
2017-06-13,7.800000190734863,7.889999866485596,7.550000190734863,7.75,53700
2017-06-14,7.699999809265137,7.730000019073486,7.460000038146973,7.5,34400
2017-06-15,7.519999980926514,7.559999942779541,7.46999979019165,7.480000019073486,18500
2017-06-16,7.480000019073486,7.53000020980835,7.460000038146973,7.5,16000
2017-06-19,7.5,7.599999904632568,7.5,7.5,4900
2017-06-20,7.480000019073486,7.550000190734863,7.46999979019165,7.550000190734863,11100
2017-06-21,7.599999904632568,7.639999866485596,7.349999904632568,7.639999866485596,14400
2017-06-22,7.550000190734863,7.639999866485596,7.539999961853027,7.599999904632568,3600
2017-06-23,7.599999904632568,7.639999866485596,7.53000020980835,7.53000020980835,2000
2017-06-26,7.639999866485596,7.639999866485596,7.300000190734863,7.599999904632568,13100
2017-06-27,7.650000095367432,7.650000095367432,7.599999904632568,7.599999904632568,800
2017-06-28,7.599999904632568,7.630000114440918,7.53000020980835,7.630000114440918,2800
2017-06-29,7.630000114440918,7.639999866485596,7.599999904632568,7.639999866485596,1000
2017-06-30,7.639999866485596,7.699999809265137,7.599999904632568,7.650000095367432,3900
2017-07-03,7.650000095367432,7.71999979019165,7.650000095367432,7.699999809265137,5200
2017-07-05,7.730000019073486,7.739999771118164,7.599999904632568,7.599999904632568,13900
2017-07-06,7.599999904632568,7.730000019073486,7.559999942779541,7.599999904632568,8300
2017-07-07,7.699999809265137,7.739999771118164,7.619999885559082,7.619999885559082,5000
2017-07-10,7.639999866485596,7.650000095367432,7.289999961853027,7.599999904632568,21100
2017-07-11,7.590000152587891,7.619999885559082,7.590000152587891,7.599999904632568,6900
2017-07-12,7.599999904632568,7.840000152587891,7.599999904632568,7.599999904632568,18700
2017-07-13,7.599999904632568,7.619999885559082,7.5,7.510000228881836,21900
2017-07-14,7.53000020980835,7.670000076293945,7.5,7.639999866485596,25000
2017-07-17,7.610000133514404,7.670000076293945,7.570000171661377,7.570000171661377,1200
2017-07-18,7.610000133514404,7.670000076293945,7.309999942779541,7.639999866485596,17400
2017-07-19,7.619999885559082,7.650000095367432,7.550000190734863,7.650000095367432,10300
2017-07-20,7.650000095367432,7.690000057220459,7.650000095367432,7.690000057220459,4900
2017-07-21,7.699999809265137,7.739999771118164,7.650000095367432,7.739999771118164,9000
2017-07-24,7.71999979019165,7.78000020980835,7.599999904632568,7.699999809265137,17700
2017-07-25,7.650000095367432,7.800000190734863,7.550000190734863,7.650000095367432,29400
2017-07-26,7.599999904632568,7.630000114440918,7.550000190734863,7.550000190734863,16500
2017-07-27,7.550000190734863,7.599999904632568,7.550000190734863,7.590000152587891,5100
2017-07-28,7.639999866485596,7.639999866485596,7.539999961853027,7.599999904632568,6600
2017-07-31,7.599999904632568,7.619999885559082,7.53000020980835,7.53000020980835,6100
2017-08-01,7.639999866485596,7.949999809265137,7.639999866485596,7.730000019073486,45600
2017-08-02,7.639999866485596,7.880000114440918,7.630000114440918,7.699999809265137,12000
2017-08-03,7.690000057220459,7.849999904632568,7.679999828338623,7.679999828338623,20100
2017-08-04,7.630000114440918,7.75,7.610000133514404,7.610000133514404,5900
2017-08-07,7.610000133514404,7.699999809265137,7.590000152587891,7.699999809265137,6100
2017-08-08,7.710000038146973,7.710000038146973,7.539999961853027,7.539999961853027,24900
2017-08-09,7.550000190734863,7.599999904632568,7.489999771118164,7.5,9900
2017-08-10,7.5,7.599999904632568,6.869999885559082,7.059999942779541,53200
2017-08-11,7.050000190734863,7.050000190734863,6.860000133514404,7.010000228881836,22100
2017-08-14,7.0,7.150000095367432,6.949999809265137,6.960000038146973,17800
2017-08-15,6.960000038146973,6.980000019073486,6.840000152587891,6.940000057220459,8500
2017-08-16,6.920000076293945,6.940000057220459,6.75,6.900000095367432,6500
2017-08-17,6.840000152587891,6.940000057220459,6.599999904632568,6.650000095367432,24200
2017-08-18,6.650000095367432,6.900000095367432,6.630000114440918,6.900000095367432,8600
2017-08-21,6.800000190734863,6.940000057220459,6.800000190734863,6.940000057220459,3700
2017-08-22,6.900000095367432,7.0,6.849999904632568,7.0,9000
2017-08-23,6.960000038146973,7.0,6.900000095367432,7.0,6200
2017-08-24,7.0,7.0,6.849999904632568,6.96999979019165,9200
2017-08-25,6.960000038146973,7.0,6.900000095367432,7.0,4500
2017-08-28,6.929999828338623,7.0,6.730000019073486,6.769999980926514,12700
2017-08-29,6.800000190734863,6.949999809265137,6.710000038146973,6.800000190734863,16100
2017-08-30,6.800000190734863,6.920000076293945,6.800000190734863,6.900000095367432,6500
2017-08-31,6.900000095367432,6.980000019073486,6.829999923706055,6.880000114440918,7200
2017-09-01,6.869999885559082,6.960000038146973,6.860000133514404,6.940000057220459,3200
2017-09-05,6.860000133514404,6.940000057220459,6.710000038146973,6.75,23700
2017-09-06,6.800000190734863,6.889999866485596,6.800000190734863,6.889999866485596,1900
2017-09-07,6.860000133514404,6.920000076293945,6.800000190734863,6.900000095367432,13300
2017-09-08,6.900000095367432,7.0,6.869999885559082,6.880000114440918,15200
2017-09-11,7.0,7.0,6.829999923706055,6.900000095367432,7800
2017-09-12,7.0,7.170000076293945,6.949999809265137,7.150000095367432,24100
2017-09-13,7.170000076293945,7.25,7.170000076293945,7.179999828338623,7700
2017-09-14,7.230000019073486,7.260000228881836,7.230000019073486,7.230000019073486,4900
2017-09-15,7.260000228881836,7.400000095367432,7.260000228881836,7.400000095367432,8600
2017-09-18,7.380000114440918,7.480000019073486,7.360000133514404,7.449999809265137,23700
2017-09-19,7.449999809265137,7.590000152587891,7.409999847412109,7.449999809265137,24800
2017-09-20,7.449999809265137,7.550000190734863,7.449999809265137,7.5,4000
2017-09-21,7.550000190734863,7.550000190734863,7.46999979019165,7.550000190734863,3400
2017-09-22,7.5,7.5,7.5,7.5,2600
2017-09-25,7.510000228881836,7.599999904632568,7.510000228881836,7.590000152587891,3100
2017-09-26,7.579999923706055,7.579999923706055,7.559999942779541,7.570000171661377,1300
2017-09-27,7.570000171661377,7.599999904632568,7.570000171661377,7.599999904632568,900
2017-09-28,7.78000020980835,7.800000190734863,7.699999809265137,7.800000190734863,6400
2017-09-29,8.0,8.0,7.849999904632568,8.0,6700
2017-10-02,7.980000019073486,8.199999809265137,7.980000019073486,8.1899995803833,8600
2017-10-03,8.1899995803833,8.210000038146973,8.170000076293945,8.199999809265137,9100
2017-10-04,8.220000267028809,8.220000267028809,8.199999809265137,8.199999809265137,600
2017-10-05,8.229999542236328,8.369999885559082,8.229999542236328,8.369999885559082,4300
2017-10-06,8.279999732971191,8.279999732971191,8.1899995803833,8.199999809265137,2400
2017-10-09,8.1899995803833,8.300000190734863,8.119999885559082,8.15999984741211,2100
2017-10-10,8.050000190734863,8.100000381469727,8.0,8.010000228881836,4100
2017-10-11,7.960000038146973,8.050000190734863,7.900000095367432,8.050000190734863,15300
2017-10-12,8.100000381469727,8.100000381469727,8.050000190734863,8.050000190734863,13700
2017-10-13,8.050000190734863,8.100000381469727,8.010000228881836,8.0600004196167,6500
2017-10-16,8.050000190734863,8.069999694824219,7.909999847412109,7.960000038146973,12000
2017-10-17,7.96999979019165,8.329999923706055,7.849999904632568,7.980000019073486,11300
2017-10-18,7.980000019073486,7.980000019073486,7.949999809265137,7.949999809265137,1700
2017-10-19,7.949999809265137,7.949999809265137,7.829999923706055,7.829999923706055,3900
2017-10-20,7.829999923706055,8.0,7.650000095367432,8.0,20500
2017-10-23,7.849999904632568,7.949999809265137,7.849999904632568,7.900000095367432,8000
2017-10-24,7.75,7.769999980926514,7.75,7.75,7000
2017-10-25,7.389999866485596,7.75,7.389999866485596,7.690000057220459,10000
2017-10-26,7.650000095367432,7.739999771118164,7.650000095367432,7.730000019073486,2900
2017-10-27,7.650000095367432,7.699999809265137,7.650000095367432,7.690000057220459,3900
2017-10-30,7.650000095367432,7.699999809265137,7.449999809265137,7.699999809265137,8500
2017-10-31,7.599999904632568,8.0,7.599999904632568,7.900000095367432,14000
2017-11-01,7.900000095367432,7.96999979019165,7.900000095367432,7.900000095367432,7400
2017-11-02,7.849999904632568,7.849999904632568,7.800000190734863,7.849999904632568,3400
2017-11-03,7.889999866485596,8.0,7.760000228881836,7.760000228881836,19700
2017-11-06,7.760000228881836,7.869999885559082,7.699999809265137,7.849999904632568,6900
2017-11-07,7.800000190734863,7.800000190734863,7.800000190734863,7.800000190734863,200
2017-11-08,7.75,7.800000190734863,7.639999866485596,7.800000190734863,2800
2017-11-09,7.75,7.800000190734863,7.75,7.800000190734863,4600
2017-11-10,7.889999866485596,7.949999809265137,7.889999866485596,7.920000076293945,11400
2017-11-13,7.920000076293945,7.920000076293945,7.920000076293945,7.920000076293945,0
2017-11-14,6.989999771118164,7.199999809265137,6.619999885559082,6.889999866485596,111500
2017-11-15,6.829999923706055,7.25,6.829999923706055,7.119999885559082,15900
2017-11-16,7.039999961853027,7.050000190734863,7.010000228881836,7.050000190734863,7100
2017-11-17,7.050000190734863,7.099999904632568,7.050000190734863,7.099999904632568,4100
2017-11-20,7.050000190734863,7.050000190734863,6.909999847412109,7.03000020980835,10100
2017-11-21,7.090000152587891,7.090000152587891,7.010000228881836,7.090000152587891,2700
2017-11-22,7.050000190734863,7.090000152587891,7.010000228881836,7.039999961853027,9300
2017-11-24,7.010000228881836,7.010000228881836,6.650000095367432,6.75,23600
2017-11-27,6.71999979019165,6.71999979019165,6.5,6.71999979019165,19300
2017-11-28,6.71999979019165,6.71999979019165,6.550000190734863,6.699999809265137,4200
2017-11-29,6.599999904632568,6.900000095367432,6.599999904632568,6.900000095367432,5500
2017-11-30,6.820000171661377,6.900000095367432,6.769999980926514,6.900000095367432,5400
2017-12-01,6.75,6.75,6.75,6.75,5100
2017-12-04,6.71999979019165,6.75,6.699999809265137,6.75,3600
2017-12-05,6.699999809265137,6.699999809265137,6.5,6.699999809265137,5100
2017-12-06,6.630000114440918,6.699999809265137,6.599999904632568,6.699999809265137,1900
2017-12-07,6.699999809265137,6.699999809265137,6.369999885559082,6.449999809265137,8300
2017-12-08,6.409999847412109,6.449999809265137,6.349999904632568,6.349999904632568,5100
2017-12-11,6.349999904632568,6.349999904632568,6.179999828338623,6.300000190734863,11300
2017-12-12,6.300000190734863,6.300000190734863,6.179999828338623,6.25,3800
2017-12-13,6.179999828338623,6.349999904632568,6.059999942779541,6.349999904632568,20400
2017-12-14,6.349999904632568,6.449999809265137,6.25,6.400000095367432,9700
2017-12-15,6.449999809265137,6.900000095367432,6.25,6.75,19800
2017-12-18,6.550000190734863,6.699999809265137,6.400000095367432,6.699999809265137,15500
2017-12-19,6.699999809265137,6.699999809265137,6.699999809265137,6.699999809265137,1100
2017-12-20,6.690000057220459,6.699999809265137,6.650000095367432,6.650000095367432,4100
2017-12-21,6.650000095367432,6.650000095367432,6.5,6.599999904632568,12300
2017-12-22,6.579999923706055,6.599999904632568,6.5,6.550000190734863,3600
2017-12-26,6.550000190734863,6.679999828338623,6.550000190734863,6.650000095367432,4600
2017-12-27,6.699999809265137,6.699999809265137,6.550000190734863,6.699999809265137,4200
2017-12-28,6.639999866485596,6.699999809265137,6.579999923706055,6.699999809265137,2200
2017-12-29,6.849999904632568,6.900000095367432,6.699999809265137,6.849999904632568,11500
2018-01-02,6.75,6.900000095367432,6.579999923706055,6.889999866485596,3500
2018-01-03,6.550000190734863,6.900000095367432,6.380000114440918,6.889999866485596,7800
2018-01-04,6.550000190734863,6.900000095367432,6.550000190734863,6.889999866485596,2400
2018-01-05,6.650000095367432,7.0,6.650000095367432,7.0,8600
2018-01-08,7.0,7.0,6.75,7.0,4200
2018-01-09,6.820000171661377,7.150000095367432,6.820000171661377,7.150000095367432,7500
2018-01-10,6.980000019073486,7.150000095367432,6.800000190734863,7.150000095367432,6800
2018-01-11,7.119999885559082,7.489999771118164,7.019999980926514,7.28000020980835,5400
2018-01-12,7.300000190734863,7.489999771118164,7.199999809265137,7.480000019073486,3900
2018-01-16,7.400000095367432,8.199999809265137,7.400000095367432,8.0,12500
2018-01-17,8.0,8.739999771118164,7.570000171661377,8.300000190734863,21800
2018-01-18,8.489999771118164,8.649999618530273,8.15999984741211,8.550000190734863,13700
2018-01-19,8.479999542236328,8.850000381469727,8.220000267028809,8.800000190734863,48100
2018-01-22,8.75,9.0,8.260000228881836,8.949999809265137,5600
2018-01-23,9.0,9.0,8.800000190734863,9.0,4500
2018-01-24,9.0,9.300000190734863,8.899999618530273,9.300000190734863,7000
2018-01-25,9.1899995803833,9.449999809265137,8.949999809265137,9.180000305175781,13200
2018-01-26,9.199999809265137,9.5,9.199999809265137,9.5,8300
2018-01-29,9.5,9.75,9.350000381469727,9.649999618530273,17900
2018-01-30,9.649999618530273,9.800000190734863,9.550000190734863,9.789999961853027,14900
2018-01-31,9.699999809265137,9.84000015258789,9.649999618530273,9.800000190734863,9700
2018-02-01,9.75,9.800000190734863,9.75,9.800000190734863,7200
2018-02-02,9.699999809265137,9.75,9.100000381469727,9.75,6400
2018-02-05,9.75,9.75,9.199999809265137,9.649999618530273,11300
2018-02-06,9.649999618530273,9.649999618530273,9.15999984741211,9.350000381469727,20000
2018-02-07,9.319999694824219,9.399999618530273,9.149999618530273,9.399999618530273,14200
2018-02-08,9.399999618530273,9.399999618530273,8.899999618530273,9.199999809265137,17200
2018-02-09,9.199999809265137,9.199999809265137,8.520000457763672,9.180000305175781,19000
2018-02-12,9.180000305175781,9.180000305175781,9.050000190734863,9.180000305175781,2400
2018-02-13,9.149999618530273,9.180000305175781,9.010000228881836,9.010000228881836,5300
2018-02-14,9.0,9.0,8.75,9.0,5600
2018-02-15,9.0,9.170000076293945,9.0,9.170000076293945,1700
2018-02-16,9.180000305175781,9.180000305175781,9.170000076293945,9.170000076293945,4300
2018-02-20,9.149999618530273,9.760000228881836,9.119999885559082,9.760000228881836,7400
2018-02-21,9.739999771118164,9.739999771118164,9.350000381469727,9.550000190734863,5900
2018-02-22,9.479999542236328,9.699999809265137,9.479999542236328,9.550000190734863,8500
2018-02-23,9.550000190734863,9.680000305175781,9.489999771118164,9.680000305175781,3700
2018-02-26,9.569999694824219,9.680000305175781,9.460000038146973,9.600000381469727,6400
2018-02-27,9.579999923706055,9.579999923706055,9.539999961853027,9.539999961853027,1600
2018-02-28,9.680000305175781,9.680000305175781,9.180000305175781,9.399999618530273,6000
2018-03-01,9.369999885559082,9.369999885559082,9.369999885559082,9.369999885559082,500
2018-03-02,9.149999618530273,9.399999618530273,9.020000457763672,9.300000190734863,7800
2018-03-05,9.199999809265137,9.399999618530273,9.050000190734863,9.300000190734863,4900
2018-03-06,9.380000114440918,9.380000114440918,9.369999885559082,9.369999885559082,200
2018-03-07,9.34000015258789,9.369999885559082,9.34000015258789,9.369999885559082,300
2018-03-08,9.380000114440918,9.380000114440918,9.300000190734863,9.300000190734863,2900
2018-03-09,9.300000190734863,9.399999618530273,9.300000190734863,9.399999618530273,1600
2018-03-12,9.350000381469727,9.399999618530273,9.279999732971191,9.350000381469727,4800
2018-03-13,9.289999961853027,9.350000381469727,9.25,9.350000381469727,1400
2018-03-14,9.300000190734863,9.350000381469727,9.25,9.350000381469727,2000
2018-03-15,9.029999732971191,9.199999809265137,8.600000381469727,9.199999809265137,9700
2018-03-16,9.149999618530273,9.199999809265137,9.0,9.199999809265137,1300
2018-03-19,9.0,9.199999809265137,8.899999618530273,9.100000381469727,3100
2018-03-20,8.930000305175781,9.100000381469727,8.550000190734863,9.0,4600
2018-03-21,8.800000190734863,9.0,8.789999961853027,9.0,6000
2018-03-22,9.0,9.0,9.0,9.0,0
2018-03-23,8.960000038146973,9.0,8.550000190734863,9.0,1800
2018-03-26,8.819999694824219,9.0,8.819999694824219,9.0,1700
2018-03-27,8.850000381469727,8.979999542236328,8.550000190734863,8.600000381469727,17200
2018-03-28,8.300000190734863,8.75,8.300000190734863,8.699999809265137,7900
2018-03-29,8.119999885559082,8.119999885559082,6.820000171661377,8.0,57500
2018-04-02,7.869999885559082,7.889999866485596,7.800000190734863,7.889999866485596,1400
2018-04-03,7.889999866485596,8.0,7.800000190734863,7.989999771118164,3600
2018-04-04,7.829999923706055,7.989999771118164,7.829999923706055,7.989999771118164,2000
2018-04-05,7.960000038146973,7.960000038146973,7.960000038146973,7.960000038146973,3000
2018-04-06,7.960000038146973,7.960000038146973,7.960000038146973,7.960000038146973,0
2018-04-09,7.909999847412109,7.989999771118164,7.510000228881836,7.980000019073486,6300
2018-04-10,7.849999904632568,7.989999771118164,7.75,7.96999979019165,1700
2018-04-11,7.989999771118164,7.989999771118164,7.789999961853027,7.949999809265137,17100
2018-04-12,8.140000343322754,8.989999771118164,8.0,8.550000190734863,92700
2018-04-13,8.520000457763672,8.550000190734863,8.5,8.5,6700
2018-04-16,8.75,8.75,8.600000381469727,8.699999809265137,2500
2018-04-17,8.270000457763672,8.75,8.270000457763672,8.75,1300
2018-04-18,8.699999809265137,8.75,8.5,8.75,4600
2018-04-19,8.75,8.75,8.75,8.75,0
2018-04-20,8.5,8.75,8.5,8.75,3000
2018-04-23,8.550000190734863,8.75,8.5,8.75,3200
2018-04-24,8.699999809265137,8.779999732971191,8.699999809265137,8.779999732971191,3000
2018-04-25,8.65999984741211,8.760000228881836,8.5,8.760000228881836,5300
2018-04-26,8.699999809265137,8.760000228881836,8.699999809265137,8.720000267028809,3500
2018-04-27,8.680000305175781,8.699999809265137,8.680000305175781,8.699999809265137,1300
2018-04-30,8.720000267028809,8.75,8.720000267028809,8.75,900
2018-05-01,8.65999984741211,8.739999771118164,8.5,8.739999771118164,2100
2018-05-02,8.5,8.729999542236328,8.5,8.729999542236328,500
2018-05-03,8.729999542236328,8.729999542236328,8.729999542236328,8.729999542236328,0
2018-05-04,8.699999809265137,8.75,8.699999809265137,8.75,1500
2018-05-07,8.75,8.779999732971191,8.699999809265137,8.779999732971191,1200
2018-05-08,8.75,8.75,8.75,8.75,600
2018-05-09,8.75,8.789999961853027,8.75,8.789999961853027,1300
2018-05-10,8.649999618530273,8.680000305175781,8.199999809265137,8.4399995803833,19300
2018-05-11,8.4399995803833,8.489999771118164,8.399999618530273,8.460000038146973,3300
2018-05-14,8.460000038146973,8.59000015258789,8.40999984741211,8.5,2400
2018-05-15,8.5,8.5,8.5,8.5,0
2018-05-16,8.5,8.5,8.5,8.5,700
2018-05-17,8.5,8.5,8.1899995803833,8.5,2400
2018-05-18,8.5,8.5,8.5,8.5,0
2018-05-21,8.449999809265137,8.5,8.399999618530273,8.5,1200
2018-05-22,8.5,8.5,8.399999618530273,8.5,3600
2018-05-23,8.399999618530273,8.5,8.399999618530273,8.5,2000
2018-05-24,8.460000038146973,8.5,8.399999618530273,8.5,2900
2018-05-25,8.460000038146973,8.75,8.449999809265137,8.600000381469727,6700
2018-05-29,8.630000114440918,8.75,8.600000381469727,8.75,6800
2018-05-30,8.649999618530273,8.75,8.069999694824219,8.649999618530273,76900
2018-05-31,8.529999732971191,8.550000190734863,8.529999732971191,8.550000190734863,1900
2018-06-01,8.5,8.5,8.3100004196167,8.350000381469727,5300
2018-06-04,8.350000381469727,8.350000381469727,8.199999809265137,8.300000190734863,4100
2018-06-05,8.199999809265137,8.300000190734863,8.199999809265137,8.25,900
2018-06-06,8.199999809265137,8.25,8.199999809265137,8.199999809265137,4300
2018-06-07,8.180000305175781,8.399999618530273,8.149999618530273,8.25,7000
2018-06-08,8.180000305175781,8.75,8.180000305175781,8.399999618530273,8500
2018-06-11,8.350000381469727,8.739999771118164,8.300000190734863,8.739999771118164,3800
2018-06-12,8.279999732971191,8.600000381469727,8.25,8.600000381469727,6900
2018-06-13,8.15999984741211,8.449999809265137,8.15999984741211,8.369999885559082,2900
2018-06-14,8.600000381469727,8.600000381469727,8.5,8.5,500
2018-06-15,8.350000381469727,8.5,8.350000381469727,8.5,4900
2018-06-18,8.25,8.5,8.25,8.5,3900
2018-06-19,8.350000381469727,8.5,8.350000381469727,8.5,2300
2018-06-20,8.5,8.5,8.5,8.5,0
2018-06-21,8.300000190734863,8.430000305175781,7.900000095367432,8.399999618530273,14900
2018-06-22,8.229999542236328,8.449999809265137,8.100000381469727,8.449999809265137,3000
2018-06-25,8.25,8.550000190734863,8.25,8.5,6700
2018-06-26,8.5,8.649999618530273,8.489999771118164,8.550000190734863,4000
2018-06-27,8.5,8.640000343322754,8.010000228881836,8.5,5500
2018-06-28,8.050000190734863,8.5,8.050000190734863,8.4399995803833,11800
2018-06-29,8.149999618530273,8.5,8.050000190734863,8.449999809265137,17100
2018-07-02,8.449999809265137,8.449999809265137,8.449999809265137,8.449999809265137,0
2018-07-03,8.300000190734863,8.600000381469727,8.300000190734863,8.600000381469727,4000
2018-07-05,8.380000114440918,8.800000190734863,8.380000114440918,8.760000228881836,3700
2018-07-06,8.479999542236328,8.489999771118164,8.210000038146973,8.350000381469727,8300
2018-07-09,8.220000267028809,8.5,8.199999809265137,8.329999923706055,7600
2018-07-10,8.270000457763672,8.300000190734863,8.199999809265137,8.300000190734863,2800
2018-07-11,8.5,8.5,8.199999809265137,8.399999618530273,3000
2018-07-12,8.5,8.5,8.199999809265137,8.399999618530273,2200
2018-07-13,8.399999618530273,8.5,8.25,8.5,2300
2018-07-16,8.5,8.5,8.380000114440918,8.5,1200
2018-07-17,8.5,8.5,8.5,8.5,0
2018-07-18,8.399999618530273,8.600000381469727,8.399999618530273,8.569999694824219,3600
2018-07-19,8.5,8.550000190734863,8.5,8.5,1600
2018-07-20,8.5,8.550000190734863,8.5,8.550000190734863,4700
2018-07-23,8.470000267028809,8.470000267028809,8.470000267028809,8.470000267028809,100
2018-07-24,8.470000267028809,8.5,8.470000267028809,8.5,800
2018-07-25,8.300000190734863,8.5,8.199999809265137,8.470000267028809,5600
2018-07-26,8.470000267028809,8.470000267028809,8.470000267028809,8.470000267028809,0
2018-07-27,8.319999694824219,8.550000190734863,8.319999694824219,8.550000190734863,2100
2018-07-30,8.550000190734863,8.550000190734863,8.550000190734863,8.550000190734863,0
2018-07-31,8.699999809265137,8.75,8.399999618530273,8.399999618530273,15500
2018-08-01,8.399999618530273,8.4399995803833,8.300000190734863,8.4399995803833,3800
2018-08-02,8.300000190734863,8.75,8.15999984741211,8.350000381469727,11400
2018-08-03,8.34000015258789,8.350000381469727,8.34000015258789,8.350000381469727,1000
2018-08-06,8.260000228881836,8.399999618530273,8.109999656677246,8.25,4800
2018-08-07,8.229999542236328,8.239999771118164,8.149999618530273,8.210000038146973,3400
2018-08-08,8.180000305175781,8.25,7.949999809265137,8.0,3900
2018-08-09,7.949999809265137,8.050000190734863,7.949999809265137,8.050000190734863,2000
2018-08-10,7.900000095367432,8.050000190734863,7.889999866485596,7.949999809265137,6400
2018-08-13,7.949999809265137,8.050000190734863,7.349999904632568,8.0,10200
2018-08-14,7.800000190734863,8.050000190734863,7.650000095367432,8.039999961853027,6400
2018-08-15,7.980000019073486,8.050000190734863,7.96999979019165,8.050000190734863,1500
2018-08-16,8.050000190734863,8.050000190734863,7.900000095367432,8.050000190734863,2500
2018-08-17,8.039999961853027,8.050000190734863,8.039999961853027,8.050000190734863,1000
2018-08-20,8.050000190734863,8.050000190734863,8.050000190734863,8.050000190734863,500
2018-08-21,8.050000190734863,8.3100004196167,8.050000190734863,8.3100004196167,800
2018-08-22,7.900000095367432,8.199999809265137,7.570000171661377,7.900000095367432,13400
2018-08-23,7.949999809265137,7.949999809265137,7.829999923706055,7.880000114440918,8400
2018-08-24,7.880000114440918,7.880000114440918,7.860000133514404,7.880000114440918,1000
2018-08-27,7.880000114440918,7.949999809265137,7.210000038146973,7.949999809265137,7900
2018-08-28,7.949999809265137,7.949999809265137,7.329999923706055,7.949999809265137,8000
2018-08-29,7.829999923706055,7.949999809265137,7.760000228881836,7.949999809265137,5400
2018-08-30,7.949999809265137,7.949999809265137,7.900000095367432,7.949999809265137,2100
2018-08-31,7.949999809265137,8.0,7.900000095367432,8.0,1500
2018-09-04,7.949999809265137,8.25,7.949999809265137,8.25,2100
2018-09-05,8.170000076293945,8.25,7.650000095367432,7.75,7500
2018-09-06,7.949999809265137,7.949999809265137,7.699999809265137,7.900000095367432,3100
2018-09-07,7.900000095367432,7.900000095367432,7.900000095367432,7.900000095367432,300
2018-09-10,7.329999923706055,7.849999904632568,7.329999923706055,7.800000190734863,2800
2018-09-11,7.800000190734863,7.800000190734863,7.75,7.75,1200
2018-09-12,7.809999942779541,7.820000171661377,7.400000095367432,7.800000190734863,14200
2018-09-13,7.760000228881836,7.789999961853027,7.460000038146973,7.75,7700
2018-09-14,7.789999961853027,7.789999961853027,7.789999961853027,7.789999961853027,300
2018-09-17,7.679999828338623,7.789999961853027,7.679999828338623,7.78000020980835,3600
2018-09-18,7.599999904632568,7.789999961853027,7.599999904632568,7.789999961853027,2500
2018-09-19,7.789999961853027,7.789999961853027,7.789999961853027,7.789999961853027,300
2018-09-20,7.789999961853027,7.789999961853027,7.789999961853027,7.789999961853027,800
2018-09-21,7.789999961853027,7.789999961853027,7.75,7.789999961853027,600
2018-09-24,7.789999961853027,7.789999961853027,7.449999809265137,7.78000020980835,4100
2018-09-25,7.75,7.789999961853027,7.579999923706055,7.789999961853027,1700
2018-09-26,7.75,7.78000020980835,7.75,7.78000020980835,600
2018-09-27,7.769999980926514,8.09000015258789,7.650000095367432,7.699999809265137,12900
2018-09-28,7.699999809265137,8.1899995803833,7.699999809265137,7.949999809265137,12700
2018-10-01,7.949999809265137,8.140000343322754,7.949999809265137,8.100000381469727,4100
2018-10-02,7.710000038146973,8.100000381469727,7.710000038146973,8.100000381469727,1900
2018-10-03,7.900000095367432,8.09000015258789,7.46999979019165,8.09000015258789,11900
2018-10-04,8.0,8.0,7.909999847412109,8.0,4600
2018-10-05,8.069999694824219,8.100000381469727,7.539999961853027,7.949999809265137,6900
2018-10-08,8.029999732971191,8.029999732971191,7.710000038146973,8.029999732971191,1400
2018-10-09,7.75,8.069999694824219,7.75,8.069999694824219,2400
2018-10-10,7.639999866485596,7.989999771118164,7.559999942779541,7.559999942779541,2700
2018-10-11,7.989999771118164,7.989999771118164,7.849999904632568,7.989999771118164,1000
2018-10-12,8.0,8.0,7.559999942779541,7.989999771118164,3400
2018-10-15,7.96999979019165,7.96999979019165,7.96999979019165,7.96999979019165,100
2018-10-16,7.900000095367432,7.989999771118164,7.900000095367432,7.989999771118164,400
2018-10-17,8.0,8.0,7.96999979019165,8.0,1200
2018-10-18,7.980000019073486,8.0,7.739999771118164,7.900000095367432,3600
2018-10-19,8.0,8.0,8.0,8.0,300
2018-10-22,7.46999979019165,8.0,7.46999979019165,7.989999771118164,10900
2018-10-23,7.960000038146973,7.989999771118164,7.900000095367432,7.900000095367432,4100
2018-10-24,7.860000133514404,7.900000095367432,7.800000190734863,7.800000190734863,1700
2018-10-25,7.71999979019165,7.71999979019165,7.46999979019165,7.599999904632568,7100
2018-10-26,7.590000152587891,7.699999809265137,7.5,7.639999866485596,3100
2018-10-29,7.5,7.630000114440918,7.110000133514404,7.510000228881836,12500
2018-10-30,7.46999979019165,7.5,7.150000095367432,7.5,5600
2018-10-31,7.5,7.5,7.420000076293945,7.5,3600
2018-11-01,7.489999771118164,7.5,7.480000019073486,7.5,1900
2018-11-02,7.480000019073486,7.5,6.920000076293945,7.5,1900
2018-11-05,7.5,7.5,7.0,7.449999809265137,4400
2018-11-06,7.420000076293945,7.630000114440918,7.190000057220459,7.550000190734863,2800
2018-11-07,7.559999942779541,7.71999979019165,7.309999942779541,7.71999979019165,3100
2018-11-08,7.75,7.78000020980835,7.75,7.78000020980835,2200
2018-11-09,7.800000190734863,7.900000095367432,7.630000114440918,7.900000095367432,2000
2018-11-12,7.800000190734863,8.0,7.159999847412109,7.980000019073486,6400
2018-11-13,7.889999866485596,7.889999866485596,7.199999809265137,7.400000095367432,12800
2018-11-14,7.639999866485596,7.650000095367432,7.449999809265137,7.449999809265137,2800
2018-11-15,7.590000152587891,7.630000114440918,7.590000152587891,7.630000114440918,300
2018-11-16,7.550000190734863,7.630000114440918,7.539999961853027,7.630000114440918,1900
2018-11-19,7.5,7.5,7.5,7.5,900
2018-11-20,7.599999904632568,7.599999904632568,7.449999809265137,7.5,2800
2018-11-21,7.5,7.940000057220459,7.5,7.659999847412109,7700
2018-11-23,7.639999866485596,7.849999904632568,7.639999866485596,7.849999904632568,600
2018-11-26,7.5,7.840000152587891,7.5,7.840000152587891,1100
2018-11-27,7.650000095367432,7.840000152587891,7.53000020980835,7.840000152587891,1200
2018-11-28,7.5,7.849999904632568,7.489999771118164,7.489999771118164,12100
2018-11-29,7.989999771118164,8.0,7.550000190734863,7.849999904632568,8400
2018-11-30,7.78000020980835,7.900000095367432,7.599999904632568,7.860000133514404,8500
2018-12-03,7.829999923706055,7.900000095367432,7.619999885559082,7.849999904632568,4300
2018-12-04,7.829999923706055,7.829999923706055,7.829999923706055,7.829999923706055,100
2018-12-06,7.75,7.75,7.550000190734863,7.75,1800
2018-12-07,7.639999866485596,7.900000095367432,7.630000114440918,7.670000076293945,10800
2018-12-10,7.659999847412109,7.699999809265137,7.619999885559082,7.639999866485596,1700
2018-12-11,7.800000190734863,7.800000190734863,7.429999828338623,7.659999847412109,6800
2018-12-12,7.619999885559082,7.650000095367432,7.619999885559082,7.639999866485596,600
2018-12-13,7.570000171661377,7.699999809265137,7.570000171661377,7.639999866485596,4500
2018-12-14,7.639999866485596,7.659999847412109,7.639999866485596,7.650000095367432,1400
2018-12-17,7.559999942779541,7.650000095367432,7.269999980926514,7.650000095367432,9800
2018-12-18,7.699999809265137,7.699999809265137,7.46999979019165,7.590000152587891,2600
2018-12-19,7.590000152587891,7.650000095367432,7.309999942779541,7.5,5300
2018-12-20,7.409999847412109,7.599999904632568,7.050000190734863,7.110000133514404,8500
2018-12-21,7.489999771118164,7.5,7.300000190734863,7.5,4600
2018-12-24,7.400000095367432,7.449999809265137,6.929999828338623,7.449999809265137,15800
2018-12-26,7.639999866485596,7.639999866485596,6.909999847412109,7.349999904632568,7200
2018-12-27,7.349999904632568,7.489999771118164,7.099999904632568,7.300000190734863,4300
2018-12-28,7.269999980926514,7.5,7.110000133514404,7.5,1100
2018-12-31,7.449999809265137,7.5,7.039999961853027,7.480000019073486,7000
2019-01-02,7.409999847412109,7.480000019073486,7.170000076293945,7.429999828338623,2400
2019-01-03,7.369999885559082,7.369999885559082,6.980000019073486,7.050000190734863,32400
2019-01-04,7.0,7.110000133514404,7.0,7.110000133514404,7100
2019-01-07,7.110000133514404,7.110000133514404,7.110000133514404,7.110000133514404,2000
2019-01-08,7.0,7.099999904632568,7.0,7.099999904632568,600
2019-01-09,7.090000152587891,7.090000152587891,7.090000152587891,7.090000152587891,200
2019-01-10,7.099999904632568,7.230000019073486,7.0,7.099999904632568,16600
2019-01-11,7.050000190734863,7.130000114440918,6.980000019073486,7.019999980926514,14400
2019-01-14,7.039999961853027,7.039999961853027,6.960000038146973,7.0,7500
2019-01-15,7.0,7.050000190734863,6.880000114440918,7.0,2300
2019-01-16,7.019999980926514,7.019999980926514,6.909999847412109,6.989999771118164,4700
2019-01-17,6.96999979019165,7.0,6.880000114440918,6.880000114440918,7200
2019-01-18,7.0,7.0,6.860000133514404,6.989999771118164,1900
2019-01-22,6.96999979019165,6.989999771118164,6.71999979019165,6.989999771118164,3200
2019-01-23,6.980000019073486,6.989999771118164,6.980000019073486,6.989999771118164,1200
2019-01-24,6.980000019073486,7.0,6.980000019073486,7.0,1500
2019-01-25,6.78000020980835,6.980000019073486,6.78000020980835,6.980000019073486,8100
2019-01-28,6.980000019073486,6.980000019073486,6.900000095367432,6.949999809265137,1400
2019-01-29,6.900000095367432,6.949999809265137,6.099999904632568,6.940000057220459,7900
2019-01-30,6.949999809265137,6.949999809265137,6.949999809265137,6.949999809265137,300
2019-01-31,6.980000019073486,6.980000019073486,6.610000133514404,6.900000095367432,15600
2019-02-01,7.099999904632568,7.099999904632568,6.929999828338623,6.929999828338623,4000
2019-02-04,6.710000038146973,6.949999809265137,6.699999809265137,6.949999809265137,6000
2019-02-05,6.949999809265137,6.949999809265137,6.940000057220459,6.949999809265137,3000
2019-02-06,6.949999809265137,6.949999809265137,6.900000095367432,6.949999809265137,3000
2019-02-07,6.949999809265137,7.0,6.730000019073486,7.0,4500
2019-02-08,7.21999979019165,7.21999979019165,6.909999847412109,7.019999980926514,3700
2019-02-11,7.070000171661377,7.070000171661377,7.070000171661377,7.070000171661377,300
2019-02-12,7.0,7.0,7.0,7.0,2300
2019-02-13,7.0,7.0,7.0,7.0,500
2019-02-14,7.0,7.099999904632568,7.0,7.0,8900
2019-02-15,7.0,8.140000343322754,6.739999771118164,7.400000095367432,1400
2019-02-19,7.050000190734863,7.400000095367432,7.039999961853027,7.300000190734863,4500
2019-02-20,7.300000190734863,7.300000190734863,7.050000190734863,7.25,1600
2019-02-21,7.28000020980835,7.400000095367432,7.0,7.300000190734863,6800
2019-02-22,7.300000190734863,7.300000190734863,7.199999809265137,7.300000190734863,1200
2019-02-25,7.170000076293945,7.300000190734863,7.170000076293945,7.300000190734863,2300
2019-02-26,7.25,7.550000190734863,6.889999866485596,7.25,7800
2019-02-27,7.199999809265137,7.28000020980835,7.199999809265137,7.28000020980835,300
2019-02-28,7.340000152587891,7.400000095367432,7.199999809265137,7.400000095367432,7700
2019-03-01,7.400000095367432,7.400000095367432,7.210000038146973,7.369999885559082,5800
2019-03-04,7.28000020980835,7.349999904632568,7.039999961853027,7.349999904632568,9700
2019-03-05,7.300000190734863,7.309999942779541,7.300000190734863,7.309999942779541,1200
2019-03-06,7.349999904632568,7.349999904632568,7.349999904632568,7.349999904632568,200
2019-03-07,7.349999904632568,7.349999904632568,7.059999942779541,7.349999904632568,5400
2019-03-08,7.349999904632568,7.349999904632568,7.300000190734863,7.349999904632568,4400
2019-03-11,7.300000190734863,7.550000190734863,7.300000190734863,7.400000095367432,4600
2019-03-12,7.400000095367432,7.400000095367432,7.400000095367432,7.400000095367432,800
2019-03-13,7.400000095367432,7.400000095367432,7.349999904632568,7.400000095367432,600
2019-03-14,7.400000095367432,7.400000095367432,7.349999904632568,7.400000095367432,1600
2019-03-15,7.349999904632568,7.900000095367432,7.349999904632568,7.480000019073486,1900
2019-03-18,7.400000095367432,7.5,7.400000095367432,7.5,1900
2019-03-19,7.5,7.5,7.400000095367432,7.400000095367432,3600
2019-03-20,7.400000095367432,7.949999809265137,7.349999904632568,7.420000076293945,3100
2019-03-21,7.420000076293945,7.449999809265137,7.380000114440918,7.440000057220459,2000
2019-03-22,7.400000095367432,7.400000095367432,7.389999866485596,7.400000095367432,700
2019-03-25,7.199999809265137,7.400000095367432,7.199999809265137,7.400000095367432,10000
2019-03-26,7.300000190734863,7.900000095367432,7.300000190734863,7.5,36600
2019-03-27,7.489999771118164,7.949999809265137,7.300000190734863,7.400000095367432,17200
2019-03-28,7.400000095367432,7.400000095367432,7.260000228881836,7.400000095367432,8500
2019-03-29,7.400000095367432,7.739999771118164,7.25,7.599999904632568,38800
2019-04-01,7.599999904632568,7.650000095367432,7.599999904632568,7.650000095367432,3100
2019-04-02,7.699999809265137,7.699999809265137,7.650000095367432,7.650000095367432,1900
2019-04-03,7.650000095367432,7.650000095367432,7.630000114440918,7.630000114440918,700
2019-04-04,7.53000020980835,7.75,7.53000020980835,7.75,4500
2019-04-05,7.699999809265137,7.75,7.599999904632568,7.75,8200
2019-04-08,7.75,7.75,7.75,7.75,1100
2019-04-09,7.71999979019165,8.0,7.320000171661377,7.949999809265137,18800
2019-04-10,7.949999809265137,8.25,7.920000076293945,8.210000038146973,17000
2019-04-11,8.260000228881836,8.489999771118164,8.100000381469727,8.350000381469727,25000
2019-04-12,8.350000381469727,8.350000381469727,8.25,8.350000381469727,2800
2019-04-15,8.600000381469727,8.609999656677246,8.300000190734863,8.430000305175781,19900
2019-04-16,8.489999771118164,8.5,8.109999656677246,8.5,7500
2019-04-17,8.3100004196167,8.5,8.300000190734863,8.449999809265137,3600
2019-04-18,8.5,8.5,8.15999984741211,8.5,6900
2019-04-22,8.5,8.5,8.449999809265137,8.5,3200
2019-04-23,8.5,8.5,8.399999618530273,8.5,1000
2019-04-24,8.5,8.600000381469727,8.5,8.550000190734863,2600
2019-04-25,8.220000267028809,8.649999618530273,8.119999885559082,8.600000381469727,4300
2019-04-26,8.600000381469727,8.600000381469727,8.600000381469727,8.600000381469727,300
2019-04-29,8.59000015258789,8.649999618530273,8.15999984741211,8.649999618530273,3400
2019-04-30,8.600000381469727,8.75,8.229999542236328,8.699999809265137,14400
2019-05-01,8.699999809265137,8.699999809265137,8.5,8.630000114440918,4100
2019-05-02,8.619999885559082,8.850000381469727,8.619999885559082,8.649999618530273,5800
2019-05-03,8.699999809265137,8.699999809265137,8.699999809265137,8.699999809265137,400
2019-05-06,8.699999809265137,8.75,8.600000381469727,8.729999542236328,5800
2019-05-07,8.729999542236328,8.729999542236328,8.729999542236328,8.729999542236328,300
2019-05-08,8.729999542236328,8.729999542236328,8.5600004196167,8.729999542236328,7900
2019-05-09,8.699999809265137,8.75,8.460000038146973,8.600000381469727,3000
2019-05-10,8.6899995803833,8.75,8.6899995803833,8.75,3900
2019-05-13,8.75,8.850000381469727,8.739999771118164,8.800000190734863,15300
2019-05-14,8.800000190734863,8.899999618530273,8.550000190734863,8.890000343322754,17400
2019-05-15,8.789999961853027,8.880000114440918,8.75,8.850000381469727,2700
2019-05-16,8.850000381469727,8.850000381469727,8.760000228881836,8.850000381469727,4300
2019-05-17,8.850000381469727,8.850000381469727,8.75,8.850000381469727,2600
2019-05-20,8.760000228881836,8.850000381469727,8.619999885559082,8.850000381469727,2200
2019-05-21,8.850000381469727,8.850000381469727,8.369999885559082,8.850000381469727,5900
2019-05-22,8.84000015258789,8.880000114440918,8.470000267028809,8.850000381469727,6600
2019-05-23,8.760000228881836,8.890000343322754,8.619999885559082,8.890000343322754,6400
2019-05-24,8.75,8.829999923706055,8.75,8.829999923706055,1000
2019-05-28,8.819999694824219,8.829999923706055,8.359999656677246,8.829999923706055,3500
2019-05-29,8.770000457763672,8.829999923706055,8.119999885559082,8.829999923706055,4000
2019-05-30,8.979999542236328,8.979999542236328,8.6899995803833,8.800000190734863,5500
2019-05-31,8.850000381469727,8.850000381469727,8.850000381469727,8.850000381469727,200
2019-06-03,8.850000381469727,8.850000381469727,8.699999809265137,8.850000381469727,6100
2019-06-04,8.850000381469727,8.850000381469727,8.850000381469727,8.850000381469727,1100
2019-06-05,8.850000381469727,8.850000381469727,8.850000381469727,8.850000381469727,200
2019-06-06,8.880000114440918,8.899999618530273,8.880000114440918,8.899999618530273,300
2019-06-07,8.800000190734863,8.899999618530273,8.770000457763672,8.899999618530273,3400
2019-06-10,8.899999618530273,8.899999618530273,8.220000267028809,8.739999771118164,26400
2019-06-11,8.699999809265137,8.699999809265137,7.960000038146973,8.569999694824219,16600
2019-06-12,8.699999809265137,8.699999809265137,8.59000015258789,8.6899995803833,2000
2019-06-13,8.699999809265137,8.710000038146973,8.579999923706055,8.710000038146973,4100
2019-06-14,8.75,8.75,8.75,8.75,300
2019-06-17,8.699999809265137,8.899999618530273,8.699999809265137,8.829999923706055,1400
2019-06-18,8.800000190734863,8.800000190734863,8.800000190734863,8.800000190734863,400
2019-06-19,8.800000190734863,8.800000190734863,8.649999618530273,8.800000190734863,1900
2019-06-20,8.75,8.899999618530273,8.75,8.84000015258789,1500
2019-06-21,8.800000190734863,8.800000190734863,8.460000038146973,8.800000190734863,3100
2019-06-24,8.800000190734863,8.800000190734863,8.510000228881836,8.800000190734863,1500
2019-06-25,8.75,8.800000190734863,8.420000076293945,8.800000190734863,5800
2019-06-26,8.899999618530273,8.899999618530273,8.520000457763672,8.800000190734863,1200
2019-06-27,8.800000190734863,8.800000190734863,8.600000381469727,8.800000190734863,2100
2019-06-28,8.800000190734863,8.800000190734863,8.699999809265137,8.800000190734863,3700
2019-07-01,8.800000190734863,8.800000190734863,8.800000190734863,8.800000190734863,300
2019-07-02,8.819999694824219,9.0,8.520000457763672,8.850000381469727,4300
2019-07-03,8.84000015258789,8.84000015258789,8.449999809265137,8.829999923706055,1500
2019-07-05,8.84000015258789,8.84000015258789,8.84000015258789,8.84000015258789,200
2019-07-08,8.800000190734863,8.84000015258789,8.800000190734863,8.84000015258789,600
2019-07-09,8.84000015258789,8.84000015258789,8.84000015258789,8.84000015258789,200
2019-07-10,8.649999618530273,8.850000381469727,8.5600004196167,8.850000381469727,8300
2019-07-11,8.850000381469727,9.25,8.75,8.890000343322754,3600
2019-07-12,8.899999618530273,8.899999618530273,8.520000457763672,8.899999618530273,2500
2019-07-15,8.819999694824219,9.0,8.010000228881836,8.899999618530273,1900
2019-07-16,9.529999732971191,9.529999732971191,8.680000305175781,8.979999542236328,6700
2019-07-17,9.0,9.0,8.600000381469727,9.0,3100
2019-07-18,9.0,9.0,9.0,9.0,300
2019-07-19,9.0,9.0,9.0,9.0,300
2019-07-22,8.880000114440918,9.0,8.880000114440918,9.0,300
2019-07-23,9.0,9.0,8.75,8.949999809265137,10200
2019-07-24,8.949999809265137,8.949999809265137,8.949999809265137,8.949999809265137,300
2019-07-25,8.609999656677246,8.949999809265137,8.609999656677246,8.949999809265137,1400
2019-07-26,8.949999809265137,8.949999809265137,8.949999809265137,8.949999809265137,300
2019-07-29,8.899999618530273,9.0,8.720000267028809,8.899999618530273,6700
2019-07-30,8.899999618530273,8.899999618530273,8.800000190734863,8.899999618530273,600
2019-07-31,8.850000381469727,9.0,8.739999771118164,8.949999809265137,6500
2019-08-01,8.890000343322754,8.890000343322754,8.510000228881836,8.869999885559082,10600
2019-08-02,8.869999885559082,9.0,8.869999885559082,9.0,400
2019-08-05,8.880000114440918,9.0,8.449999809265137,8.949999809265137,5000
2019-08-06,8.880000114440918,9.0,8.880000114440918,9.0,300
2019-08-07,9.0,9.0,8.649999618530273,9.0,9500
2019-08-08,8.850000381469727,8.850000381469727,7.449999809265137,7.75,26700
2019-08-09,7.989999771118164,7.989999771118164,7.510000228881836,7.980000019073486,1400
2019-08-12,7.730000019073486,7.949999809265137,7.199999809265137,7.75,4600
2019-08-13,7.75,7.75,7.510000228881836,7.75,2600
2019-08-14,7.53000020980835,7.75,7.210000038146973,7.5,14200
2019-08-15,7.360000133514404,7.5,7.170000076293945,7.5,2900
2019-08-16,7.5,7.5,7.5,7.5,0
2019-08-19,7.460000038146973,7.75,7.159999847412109,7.739999771118164,1100
2019-08-20,7.480000019073486,7.739999771118164,7.21999979019165,7.739999771118164,1000
2019-08-21,7.71999979019165,7.739999771118164,7.21999979019165,7.739999771118164,4100
2019-08-22,7.929999828338623,7.929999828338623,7.21999979019165,7.739999771118164,1300
2019-08-23,7.130000114440918,7.739999771118164,7.130000114440918,7.739999771118164,700
2019-08-26,7.420000076293945,7.71999979019165,7.130000114440918,7.71999979019165,2300
2019-08-27,7.599999904632568,7.739999771118164,7.230000019073486,7.599999904632568,5000
2019-08-28,7.559999942779541,7.699999809265137,7.420000076293945,7.699999809265137,700
2019-08-29,7.5,7.699999809265137,7.309999942779541,7.699999809265137,7800
2019-08-30,7.610000133514404,7.699999809265137,7.550000190734863,7.699999809265137,7600
2019-09-03,7.610000133514404,7.650000095367432,7.510000228881836,7.599999904632568,1700
2019-09-04,7.5,7.599999904632568,7.260000228881836,7.599999904632568,3800
2019-09-05,7.599999904632568,7.599999904632568,7.449999809265137,7.599999904632568,1600
2019-09-06,7.599999904632568,7.650000095367432,7.53000020980835,7.650000095367432,1300
2019-09-09,7.53000020980835,7.699999809265137,7.449999809265137,7.699999809265137,2000
2019-09-10,7.570000171661377,7.690000057220459,6.960000038146973,7.690000057220459,2300
2019-09-11,7.480000019073486,7.699999809265137,7.480000019073486,7.699999809265137,2600
2019-09-12,7.380000114440918,7.699999809265137,7.260000228881836,7.699999809265137,2300
2019-09-13,7.699999809265137,7.699999809265137,7.699999809265137,7.699999809265137,200
2019-09-16,7.579999923706055,7.699999809265137,7.210000038146973,7.690000057220459,4000
2019-09-17,7.539999961853027,7.699999809265137,7.25,7.699999809265137,6100
2019-09-18,7.699999809265137,7.699999809265137,7.610000133514404,7.699999809265137,1500
2019-09-19,7.699999809265137,7.699999809265137,7.699999809265137,7.699999809265137,1300
2019-09-20,7.539999961853027,7.699999809265137,7.400000095367432,7.699999809265137,2300
2019-09-23,7.550000190734863,7.690000057220459,7.400000095367432,7.690000057220459,10100
2019-09-24,7.599999904632568,7.690000057220459,7.519999980926514,7.679999828338623,2700
2019-09-25,7.599999904632568,7.679999828338623,7.599999904632568,7.679999828338623,200
2019-09-26,7.5,7.679999828338623,7.5,7.679999828338623,3400
2019-09-27,7.5,7.679999828338623,7.5,7.679999828338623,1800
2019-09-30,7.570000171661377,7.699999809265137,7.480000019073486,7.699999809265137,2100
2019-10-01,7.579999923706055,7.699999809265137,7.449999809265137,7.699999809265137,3600
2019-10-02,7.480000019073486,7.690000057220459,7.150000095367432,7.690000057220459,9700
2019-10-03,7.400000095367432,7.699999809265137,7.400000095367432,7.699999809265137,2000
2019-10-04,7.699999809265137,7.699999809265137,7.320000171661377,7.690000057220459,11900
2019-10-07,7.639999866485596,7.699999809265137,7.550000190734863,7.699999809265137,3100
2019-10-08,7.699999809265137,7.699999809265137,7.389999866485596,7.699999809265137,3600
2019-10-09,7.699999809265137,7.699999809265137,7.699999809265137,7.699999809265137,1000
2019-10-10,7.599999904632568,7.699999809265137,7.320000171661377,7.690000057220459,6900
2019-10-11,7.690000057220459,7.699999809265137,7.690000057220459,7.699999809265137,1000
2019-10-14,7.599999904632568,7.679999828338623,7.599999904632568,7.679999828338623,800
2019-10-15,7.679999828338623,7.679999828338623,7.550000190734863,7.679999828338623,5800
2019-10-16,7.599999904632568,7.699999809265137,7.599999904632568,7.699999809265137,2200
2019-10-17,7.599999904632568,7.699999809265137,7.559999942779541,7.699999809265137,3300
2019-10-18,7.510000228881836,7.599999904632568,7.449999809265137,7.599999904632568,4800
2019-10-21,7.559999942779541,7.599999904632568,7.559999942779541,7.599999904632568,200
2019-10-22,7.599999904632568,7.800000190734863,7.519999980926514,7.599999904632568,2900
2019-10-23,7.659999847412109,7.659999847412109,7.659999847412109,7.659999847412109,200
2019-10-24,7.480000019073486,7.599999904632568,7.480000019073486,7.599999904632568,300
2019-10-25,7.570000171661377,7.599999904632568,7.570000171661377,7.599999904632568,800
2019-10-28,7.599999904632568,7.599999904632568,7.599999904632568,7.599999904632568,200
2019-10-29,7.539999961853027,7.599999904632568,7.489999771118164,7.599999904632568,1500
2019-10-30,7.599999904632568,7.599999904632568,7.480000019073486,7.599999904632568,3800
2019-10-31,7.599999904632568,7.599999904632568,7.480000019073486,7.599999904632568,1400
2019-11-01,7.559999942779541,7.599999904632568,7.409999847412109,7.539999961853027,7900
2019-11-04,7.429999828338623,7.519999980926514,7.420000076293945,7.519999980926514,2300
2019-11-05,7.420000076293945,7.5,7.420000076293945,7.5,700
2019-11-06,7.5,7.5,7.409999847412109,7.5,600
2019-11-07,7.420000076293945,8.0,7.170000076293945,7.300000190734863,18800
2019-11-08,7.179999828338623,7.550000190734863,7.179999828338623,7.550000190734863,1600
2019-11-11,7.170000076293945,7.199999809265137,7.170000076293945,7.199999809265137,1400
2019-11-12,7.190000057220459,7.199999809265137,6.960000038146973,7.199999809265137,2300
2019-11-13,6.949999809265137,7.199999809265137,6.909999847412109,7.199999809265137,2000
2019-11-14,7.150000095367432,7.150000095367432,7.079999923706055,7.150000095367432,1200
2019-11-15,7.199999809265137,7.199999809265137,7.199999809265137,7.199999809265137,400
2019-11-18,7.050000190734863,7.090000152587891,6.900000095367432,7.0,1200
2019-11-19,7.050000190734863,7.050000190734863,7.050000190734863,7.050000190734863,1100
2019-11-20,6.929999828338623,7.050000190734863,6.800000190734863,7.0,1300
2019-11-21,6.989999771118164,6.989999771118164,6.989999771118164,6.989999771118164,800
2019-11-22,6.900000095367432,6.989999771118164,6.800000190734863,6.989999771118164,1100
2019-11-25,6.940000057220459,6.989999771118164,6.800000190734863,6.989999771118164,1700
2019-11-26,6.980000019073486,6.980000019073486,6.980000019073486,6.980000019073486,200
2019-11-27,6.800000190734863,6.980000019073486,6.800000190734863,6.980000019073486,700
2019-11-29,6.980000019073486,6.980000019073486,6.980000019073486,6.980000019073486,500
2019-12-02,6.889999866485596,6.96999979019165,6.889999866485596,6.96999979019165,200
2019-12-03,6.75,6.96999979019165,6.440000057220459,6.96999979019165,3500
2019-12-04,6.960000038146973,6.960000038146973,6.960000038146973,6.960000038146973,200
2019-12-05,6.559999942779541,6.929999828338623,6.420000076293945,6.639999866485596,11100
2019-12-06,6.5,6.699999809265137,6.199999809265137,6.610000133514404,18900
2019-12-09,6.400000095367432,6.5,5.849999904632568,6.099999904632568,45800
2019-12-10,6.25,6.440000057220459,6.199999809265137,6.440000057220459,13000
2019-12-11,6.400000095367432,6.420000076293945,6.25,6.420000076293945,4400
2019-12-12,6.25,6.380000114440918,6.130000114440918,6.300000190734863,3600
2019-12-13,6.199999809265137,6.25,5.909999847412109,5.949999809265137,59500
2019-12-16,5.949999809265137,6.099999904632568,5.880000114440918,6.099999904632568,30700
2019-12-17,5.860000133514404,6.0,5.5,5.75,80300
2019-12-18,5.710000038146973,5.849999904632568,5.400000095367432,5.550000190734863,99300
2019-12-19,5.550000190734863,6.449999809265137,5.550000190734863,5.900000095367432,7100
2019-12-20,6.199999809265137,6.199999809265137,5.800000190734863,6.0,5400
2019-12-23,5.75,6.0,5.659999847412109,6.0,24200
2019-12-24,5.900000095367432,6.0,5.75,6.0,6700
2019-12-26,6.050000190734863,6.050000190734863,5.820000171661377,6.050000190734863,1500
2019-12-27,5.940000057220459,6.199999809265137,5.699999809265137,6.199999809265137,77600
2019-12-30,5.820000171661377,6.150000095367432,5.820000171661377,6.0,12000
2019-12-31,5.949999809265137,6.139999866485596,5.849999904632568,6.0,13500
2020-01-02,6.099999904632568,6.099999904632568,6.099999904632568,6.099999904632568,1300
2020-01-03,6.099999904632568,6.099999904632568,5.929999828338623,6.099999904632568,2400
2020-01-06,6.099999904632568,6.099999904632568,5.800000190734863,6.099999904632568,4200
2020-01-07,5.769999980926514,6.099999904632568,5.769999980926514,6.099999904632568,3800
2020-01-08,6.099999904632568,6.099999904632568,6.099999904632568,6.099999904632568,200
2020-01-09,6.079999923706055,6.079999923706055,5.900000095367432,6.070000171661377,2400
2020-01-10,6.050000190734863,6.050000190734863,5.800000190734863,6.039999961853027,1900
2020-01-13,5.940000057220459,5.989999771118164,5.75,5.989999771118164,3000
2020-01-14,5.989999771118164,5.989999771118164,5.989999771118164,5.989999771118164,200
2020-01-15,5.989999771118164,5.989999771118164,5.989999771118164,5.989999771118164,300
2020-01-16,5.949999809265137,5.989999771118164,5.949999809265137,5.989999771118164,400
2020-01-17,5.989999771118164,6.039999961853027,5.989999771118164,6.039999961853027,300
2020-01-21,6.039999961853027,6.090000152587891,5.900000095367432,6.0,6700
2020-01-22,6.050000190734863,6.050000190734863,5.949999809265137,5.949999809265137,1600
2020-01-23,5.860000133514404,5.889999866485596,5.800000190734863,5.829999923706055,4100
2020-01-24,5.849999904632568,5.949999809265137,5.849999904632568,5.949999809265137,700
2020-01-27,5.949999809265137,5.949999809265137,5.949999809265137,5.949999809265137,0
2020-01-28,5.940000057220459,5.980000019073486,5.940000057220459,5.980000019073486,1100
2020-01-29,5.920000076293945,5.920000076293945,5.920000076293945,5.920000076293945,300
2020-01-30,5.960000038146973,6.0,5.880000114440918,6.0,9100
2020-01-31,6.0,6.0,5.650000095367432,5.989999771118164,3500
2020-02-03,5.840000152587891,5.909999847412109,5.840000152587891,5.909999847412109,400
2020-02-04,5.809999942779541,5.809999942779541,5.659999847412109,5.800000190734863,7600
2020-02-05,5.75,5.75,5.75,5.75,1100
2020-02-06,5.650000095367432,5.760000228881836,5.630000114440918,5.650000095367432,7000
2020-02-07,5.75,5.78000020980835,5.75,5.78000020980835,2100
2020-02-10,5.699999809265137,5.699999809265137,5.599999904632568,5.610000133514404,5400
2020-02-11,5.699999809265137,5.789999961853027,5.349999904632568,5.599999904632568,118400
2020-02-12,5.610000133514404,5.610000133514404,5.610000133514404,5.610000133514404,100
2020-02-13,5.650000095367432,5.650000095367432,5.650000095367432,5.650000095367432,700
2020-02-14,5.650000095367432,5.699999809265137,5.650000095367432,5.650000095367432,6500
2020-02-18,5.940000057220459,6.079999923706055,5.519999980926514,6.050000190734863,7900
2020-02-19,6.0,6.420000076293945,6.0,6.420000076293945,2900
2020-02-20,6.150000095367432,6.159999847412109,6.039999961853027,6.159999847412109,4700
2020-02-21,6.190000057220459,6.190000057220459,5.610000133514404,6.130000114440918,8900
2020-02-24,6.099999904632568,6.139999866485596,5.679999828338623,5.980000019073486,5500
2020-02-25,6.090000152587891,6.090000152587891,5.800000190734863,5.800000190734863,1500
2020-02-26,5.75,5.75,5.710000038146973,5.75,800
2020-02-27,5.679999828338623,6.139999866485596,5.510000228881836,6.0,6100
2020-02-28,5.980000019073486,5.980000019073486,5.980000019073486,5.980000019073486,300
2020-03-02,5.880000114440918,5.900000095367432,5.800000190734863,5.900000095367432,2100
2020-03-03,5.900000095367432,6.139999866485596,5.869999885559082,6.050000190734863,2600
2020-03-04,5.880000114440918,6.050000190734863,5.599999904632568,5.699999809265137,10200
2020-03-05,5.679999828338623,5.679999828338623,5.550000190734863,5.679999828338623,9500
2020-03-06,5.599999904632568,6.090000152587891,5.25,6.090000152587891,4700
2020-03-09,5.71999979019165,5.940000057220459,5.400000095367432,5.5,11100
2020-03-10,5.260000228881836,5.5,5.260000228881836,5.449999809265137,2900
2020-03-11,5.309999942779541,5.489999771118164,5.010000228881836,5.489999771118164,5400
2020-03-12,5.019999980926514,5.440000057220459,4.519999980926514,5.199999809265137,10800
2020-03-13,4.940000057220459,5.199999809265137,4.650000095367432,5.199999809265137,3200
2020-03-16,4.349999904632568,4.989999771118164,2.950000047683716,4.989999771118164,3300
2020-03-17,5.050000190734863,5.050000190734863,4.5,4.989999771118164,1000
2020-03-18,4.300000190734863,4.590000152587891,4.300000190734863,4.449999809265137,7200
2020-03-19,4.400000095367432,5.0,4.199999809265137,5.0,7500
2020-03-20,4.650000095367432,5.0,4.199999809265137,5.0,16000
2020-03-23,5.0,5.0,4.96999979019165,5.0,1800
2020-03-24,5.0,5.0,5.0,5.0,300
2020-03-25,5.0,5.0,4.699999809265137,5.0,1200
2020-03-26,4.949999809265137,5.0,4.579999923706055,4.989999771118164,5000
2020-03-27,4.769999980926514,4.96999979019165,4.639999866485596,4.96999979019165,3400
2020-03-30,4.650000095367432,4.980000019073486,4.619999885559082,4.980000019073486,700
2020-03-31,4.949999809265137,5.0,4.329999923706055,4.920000076293945,6500
2020-04-01,4.699999809265137,4.989999771118164,4.699999809265137,4.989999771118164,400
2020-04-02,4.570000171661377,5.0,4.320000171661377,5.0,900
2020-04-03,4.550000190734863,4.789999961853027,4.550000190734863,4.789999961853027,600
2020-04-06,4.75,4.900000095367432,4.75,4.900000095367432,1700
2020-04-07,4.829999923706055,4.949999809265137,4.699999809265137,4.949999809265137,8000
2020-04-08,4.949999809265137,4.949999809265137,4.900000095367432,4.900000095367432,5200
2020-04-09,4.760000228881836,4.949999809265137,4.699999809265137,4.949999809265137,2500
2020-04-13,4.849999904632568,4.900000095367432,4.599999904632568,4.800000190734863,10600
2020-04-14,4.710000038146973,4.800000190734863,4.710000038146973,4.800000190734863,2900
2020-04-15,4.699999809265137,4.800000190734863,4.599999904632568,4.800000190734863,5300
2020-04-16,4.690000057220459,4.840000152587891,4.510000228881836,4.800000190734863,5800
2020-04-17,4.800000190734863,4.800000190734863,4.510000228881836,4.789999961853027,4100
2020-04-20,4.769999980926514,4.769999980926514,4.5,4.570000171661377,2600
2020-04-21,4.449999809265137,4.650000095367432,4.449999809265137,4.639999866485596,2000
2020-04-22,4.5,4.630000114440918,4.5,4.630000114440918,1100
2020-04-23,4.630000114440918,4.699999809265137,4.630000114440918,4.699999809265137,1000
2020-04-24,4.449999809265137,4.650000095367432,4.179999828338623,4.619999885559082,5500
2020-04-27,4.460000038146973,4.599999904632568,4.349999904632568,4.5,10300
2020-04-28,4.400000095367432,4.53000020980835,4.400000095367432,4.53000020980835,2700
2020-04-29,4.800000190734863,5.0,4.599999904632568,4.900000095367432,12900
2020-04-30,4.800000190734863,5.0,4.800000190734863,5.0,2200
2020-05-01,5.0,5.0,4.5,5.0,2300
2020-05-04,5.0,5.0,5.0,5.0,100
2020-05-05,5.0,5.050000190734863,4.639999866485596,5.0,3900
2020-05-06,4.989999771118164,4.989999771118164,4.989999771118164,4.989999771118164,400
2020-05-07,4.989999771118164,4.989999771118164,4.989999771118164,4.989999771118164,0
2020-05-08,4.880000114440918,5.050000190734863,4.880000114440918,5.050000190734863,2300
2020-05-11,5.150000095367432,5.150000095367432,5.0,5.0,1900
2020-05-12,5.0,5.050000190734863,4.590000152587891,5.050000190734863,1300
2020-05-13,4.929999828338623,5.050000190734863,4.929999828338623,5.050000190734863,800
2020-05-14,5.050000190734863,5.050000190734863,4.579999923706055,4.599999904632568,4400
2020-05-15,4.599999904632568,4.699999809265137,4.599999904632568,4.699999809265137,1000
2020-05-18,4.5,4.75,4.5,4.75,2100
2020-05-19,4.75,4.75,4.75,4.75,100
2020-05-20,4.75,4.75,4.75,4.75,100
2020-05-21,4.53000020980835,4.75,4.5,4.710000038146973,3200
2020-05-22,4.710000038146973,4.710000038146973,4.710000038146973,4.710000038146973,900
2020-05-26,4.710000038146973,4.710000038146973,4.510000228881836,4.699999809265137,1400
2020-05-27,4.400000095367432,4.730000019073486,4.400000095367432,4.730000019073486,2600
2020-05-28,4.699999809265137,4.75,4.400000095367432,4.75,2100
2020-05-29,4.550000190734863,4.800000190734863,4.5,4.800000190734863,4200
2020-06-01,4.630000114440918,4.75,4.269999980926514,4.75,1600
2020-06-02,4.440000057220459,4.449999809265137,4.099999904632568,4.449999809265137,127600
2020-06-03,4.449999809265137,4.5,4.380000114440918,4.5,11100
2020-06-04,4.429999828338623,4.829999923706055,4.409999847412109,4.670000076293945,11700
2020-06-05,4.800000190734863,4.800000190734863,4.630000114440918,4.75,13200
2020-06-08,4.699999809265137,5.050000190734863,4.570000171661377,5.0,26500
2020-06-09,5.0,5.179999828338623,5.0,5.139999866485596,10200
2020-06-10,5.179999828338623,5.28000020980835,4.849999904632568,5.0,15600
2020-06-11,4.989999771118164,4.989999771118164,4.570000171661377,4.900000095367432,8000
2020-06-12,4.849999904632568,5.199999809265137,4.849999904632568,5.199999809265137,3600
2020-06-15,5.199999809265137,5.199999809265137,5.199999809265137,5.199999809265137,100
2020-06-16,5.239999771118164,5.5,5.050000190734863,5.5,12700
2020-06-17,5.539999961853027,5.550000190734863,5.300000190734863,5.449999809265137,1400
2020-06-18,5.360000133514404,5.409999847412109,5.349999904632568,5.400000095367432,4700
2020-06-19,5.420000076293945,5.940000057220459,5.420000076293945,5.940000057220459,2100
2020-06-22,5.849999904632568,5.849999904632568,5.309999942779541,5.5,3100
2020-06-23,5.800000190734863,5.840000152587891,5.75,5.800000190734863,3500
2020-06-24,5.760000228881836,5.760000228881836,5.650000095367432,5.650000095367432,300
2020-06-25,5.650000095367432,5.840000152587891,5.650000095367432,5.75,1200
2020-06-26,5.610000133514404,5.78000020980835,5.599999904632568,5.78000020980835,400
2020-06-29,5.369999885559082,5.769999980926514,5.369999885559082,5.769999980926514,300
2020-06-30,5.670000076293945,5.670000076293945,5.670000076293945,5.670000076293945,500
2020-07-01,5.78000020980835,5.78000020980835,5.78000020980835,5.78000020980835,400
2020-07-02,5.78000020980835,5.78000020980835,5.78000020980835,5.78000020980835,0
2020-07-06,5.349999904632568,5.78000020980835,5.349999904632568,5.78000020980835,700
2020-07-07,5.360000133514404,5.599999904632568,5.349999904632568,5.599999904632568,3000
2020-07-08,5.309999942779541,5.5,5.300000190734863,5.400000095367432,1100
2020-07-09,5.400000095367432,5.400000095367432,5.300000190734863,5.329999923706055,900
2020-07-10,5.300000190734863,5.380000114440918,5.059999942779541,5.349999904632568,4000
2020-07-13,5.420000076293945,5.420000076293945,5.420000076293945,5.420000076293945,900
2020-07-14,5.420000076293945,5.420000076293945,5.420000076293945,5.420000076293945,0
2020-07-15,5.389999866485596,5.400000095367432,5.090000152587891,5.400000095367432,1700
2020-07-16,5.5,5.5,5.5,5.5,200
2020-07-17,5.320000171661377,5.320000171661377,5.320000171661377,5.320000171661377,100
2020-07-20,5.320000171661377,5.320000171661377,5.320000171661377,5.320000171661377,0
2020-07-21,5.139999866485596,5.789999961853027,5.090000152587891,5.699999809265137,2600
2020-07-22,5.699999809265137,5.699999809265137,5.699999809265137,5.699999809265137,500
2020-07-23,5.21999979019165,5.599999904632568,5.199999809265137,5.570000171661377,1100
2020-07-24,5.590000152587891,5.789999961853027,5.590000152587891,5.789999961853027,600
2020-07-27,5.690000057220459,5.699999809265137,5.519999980926514,5.519999980926514,4500
2020-07-28,5.5,5.5,5.5,5.5,100
2020-07-29,5.260000228881836,5.840000152587891,5.25,5.650000095367432,1400
2020-07-30,5.650000095367432,5.650000095367432,5.650000095367432,5.650000095367432,0
2020-07-31,5.25,5.849999904632568,5.25,5.650000095367432,300
2020-08-03,5.429999828338623,5.590000152587891,5.260000228881836,5.590000152587891,700
2020-08-04,5.849999904632568,5.849999904632568,5.190000057220459,5.800000190734863,2300
2020-08-05,5.840000152587891,5.840000152587891,5.840000152587891,5.840000152587891,100
2020-08-06,5.840000152587891,5.840000152587891,5.840000152587891,5.840000152587891,200
2020-08-07,5.639999866485596,5.840000152587891,5.639999866485596,5.840000152587891,300
2020-08-10,5.840000152587891,5.840000152587891,5.840000152587891,5.840000152587891,0
2020-08-11,5.840000152587891,5.840000152587891,5.840000152587891,5.840000152587891,1000
2020-08-12,5.840000152587891,5.840000152587891,5.840000152587891,5.840000152587891,0
2020-08-13,5.75,5.75,5.75,5.75,100
2020-08-14,5.739999771118164,6.03000020980835,5.739999771118164,6.03000020980835,2900
2020-08-17,6.0,6.0,6.0,6.0,500
2020-08-18,5.949999809265137,5.980000019073486,5.78000020980835,5.949999809265137,700
2020-08-19,5.949999809265137,5.949999809265137,5.949999809265137,5.949999809265137,0
2020-08-20,5.599999904632568,5.889999866485596,5.559999942779541,5.889999866485596,700
2020-08-21,5.880000114440918,6.0,5.559999942779541,5.989999771118164,5000
2020-08-24,5.989999771118164,5.989999771118164,5.989999771118164,5.989999771118164,0
2020-08-25,5.78000020980835,5.949999809265137,5.599999904632568,5.949999809265137,1000
2020-08-26,5.949999809265137,5.949999809265137,5.949999809265137,5.949999809265137,0
2020-08-27,5.800000190734863,5.949999809265137,5.489999771118164,5.929999828338623,1800
2020-08-28,5.699999809265137,5.920000076293945,5.519999980926514,5.920000076293945,1300
2020-08-31,5.929999828338623,5.929999828338623,5.869999885559082,5.869999885559082,400
2020-09-01,5.329999923706055,5.849999904632568,5.329999923706055,5.849999904632568,1800
2020-09-02,5.800000190734863,5.849999904632568,5.570000171661377,5.800000190734863,3500
2020-09-03,5.800000190734863,5.800000190734863,5.800000190734863,5.800000190734863,500
2020-09-04,5.789999961853027,5.869999885559082,5.650000095367432,5.869999885559082,4400
2020-09-08,5.949999809265137,5.949999809265137,5.949999809265137,5.949999809265137,100
2020-09-09,6.0,6.010000228881836,6.0,6.010000228881836,800
2020-09-10,6.050000190734863,6.050000190734863,6.050000190734863,6.050000190734863,900
2020-09-11,6.050000190734863,6.050000190734863,6.050000190734863,6.050000190734863,1300
2020-09-14,5.619999885559082,6.059999942779541,5.619999885559082,6.059999942779541,200
2020-09-15,6.090000152587891,6.150000095367432,5.889999866485596,6.150000095367432,2800
2020-09-16,6.150000095367432,6.150000095367432,6.150000095367432,6.150000095367432,600
2020-09-17,6.150000095367432,6.150000095367432,6.150000095367432,6.150000095367432,100
2020-09-18,6.150000095367432,6.150000095367432,5.550000190734863,6.130000114440918,3500
2020-09-21,5.829999923706055,6.150000095367432,5.829999923706055,6.150000095367432,2900
2020-09-22,6.0,6.0,5.570000171661377,6.0,2100
2020-09-23,6.0,6.0,6.0,6.0,300
2020-09-24,6.0,6.0,5.989999771118164,6.0,1000
2020-09-25,5.78000020980835,6.0,5.78000020980835,6.0,800
2020-09-28,6.0,6.0,5.539999961853027,6.0,2100
2020-09-29,6.0,6.079999923706055,5.800000190734863,6.079999923706055,1100
2020-09-30,6.150000095367432,6.150000095367432,6.150000095367432,6.150000095367432,1000
2020-10-01,5.869999885559082,6.150000095367432,5.869999885559082,6.150000095367432,200
2020-10-02,6.150000095367432,6.199999809265137,5.610000133514404,6.199999809265137,2900
2020-10-05,6.0,6.199999809265137,5.630000114440918,6.199999809265137,2800
2020-10-06,5.630000114440918,6.230000019073486,5.630000114440918,6.210000038146973,4600
2020-10-07,6.300000190734863,6.349999904632568,6.150000095367432,6.349999904632568,800
2020-10-08,6.340000152587891,6.400000095367432,6.340000152587891,6.400000095367432,800
2020-10-09,6.400000095367432,6.5,6.010000228881836,6.5,4000
2020-10-12,6.260000228881836,6.5,6.25,6.5,1300
2020-10-13,6.5,6.599999904632568,6.5,6.599999904632568,1300
2020-10-14,6.900000095367432,6.900000095367432,6.75,6.849999904632568,900
2020-10-15,6.75,6.849999904632568,6.599999904632568,6.599999904632568,800
2020-10-16,6.849999904632568,6.900000095367432,6.75,6.900000095367432,4100
2020-10-19,6.880000114440918,6.900000095367432,6.880000114440918,6.900000095367432,3200
2020-10-20,6.800000190734863,6.900000095367432,6.800000190734863,6.900000095367432,600
2020-10-21,6.949999809265137,7.0,6.829999923706055,7.0,500
2020-10-22,7.0,7.199999809265137,6.409999847412109,7.0,11300
2020-10-23,7.0,7.099999904632568,6.440000057220459,7.090000152587891,2900
2020-10-26,6.829999923706055,7.050000190734863,6.46999979019165,7.050000190734863,1300
2020-10-27,7.090000152587891,7.090000152587891,6.889999866485596,7.090000152587891,800
2020-10-28,7.050000190734863,7.090000152587891,6.539999961853027,7.090000152587891,2100
2020-10-29,7.0,7.150000095367432,6.650000095367432,7.150000095367432,7400
2020-10-30,7.150000095367432,7.150000095367432,6.78000020980835,7.150000095367432,2500
2020-11-02,6.96999979019165,7.150000095367432,6.789999961853027,7.150000095367432,2500
2020-11-03,6.960000038146973,7.25,6.900000095367432,7.25,3400
2020-11-04,6.989999771118164,7.199999809265137,6.989999771118164,7.199999809265137,800
2020-11-05,7.199999809265137,7.199999809265137,6.78000020980835,7.190000057220459,7500
2020-11-06,6.769999980926514,7.199999809265137,6.769999980926514,7.199999809265137,1100
2020-11-09,7.199999809265137,7.199999809265137,7.199999809265137,7.199999809265137,1100
2020-11-10,7.199999809265137,7.900000095367432,6.909999847412109,7.820000171661377,11800
2020-11-11,7.849999904632568,7.900000095367432,6.840000152587891,7.900000095367432,6800
2020-11-12,7.900000095367432,8.100000381469727,7.849999904632568,8.0,18800
2020-11-13,8.050000190734863,8.25,7.909999847412109,8.199999809265137,16100
2020-11-16,8.100000381469727,8.25,7.949999809265137,8.25,6200
2020-11-17,8.079999923706055,8.079999923706055,7.900000095367432,8.079999923706055,4700
2020-11-18,8.180000305175781,8.180000305175781,7.800000190734863,7.980000019073486,4900
2020-11-19,8.039999961853027,8.09000015258789,7.860000133514404,7.949999809265137,14100
2020-11-20,7.929999828338623,8.119999885559082,7.860000133514404,8.119999885559082,9200
2020-11-23,8.050000190734863,8.069999694824219,8.010000228881836,8.069999694824219,2200
2020-11-24,8.050000190734863,8.300000190734863,8.050000190734863,8.300000190734863,12300
2020-11-25,8.300000190734863,8.420000076293945,8.029999732971191,8.319999694824219,8900
2020-11-27,8.25,8.399999618530273,8.15999984741211,8.329999923706055,4400
2020-11-30,8.399999618530273,8.449999809265137,8.390000343322754,8.420000076293945,6600
2020-12-01,8.399999618530273,8.5,8.399999618530273,8.479999542236328,13300
2020-12-02,8.369999885559082,8.649999618530273,8.369999885559082,8.649999618530273,26500
2020-12-03,8.760000228881836,8.760000228881836,8.5,8.739999771118164,12800
2020-12-04,8.739999771118164,8.75,8.65999984741211,8.75,9000
2020-12-07,8.75,8.850000381469727,8.640000343322754,8.850000381469727,7400
2020-12-08,8.899999618530273,9.0,8.899999618530273,8.979999542236328,18400
2020-12-09,9.0,9.0,8.8100004196167,8.899999618530273,6300
2020-12-10,8.90999984741211,8.949999809265137,8.899999618530273,8.9399995803833,3600
2020-12-11,8.869999885559082,8.880000114440918,8.850000381469727,8.880000114440918,3800
2020-12-14,8.949999809265137,8.949999809265137,8.890000343322754,8.90999984741211,10700
2020-12-15,8.829999923706055,8.899999618530273,8.75,8.800000190734863,7500
2020-12-16,8.850000381469727,9.0,8.770000457763672,8.979999542236328,13300
2020-12-17,8.989999771118164,9.0,8.859999656677246,9.0,7200
2020-12-18,8.90999984741211,9.25,8.880000114440918,9.149999618530273,3900
2020-12-21,8.989999771118164,9.300000190734863,8.850000381469727,9.270000457763672,17200
2020-12-22,9.359999656677246,9.359999656677246,8.949999809265137,9.140000343322754,5600
2020-12-23,9.300000190734863,9.300000190734863,8.300000190734863,9.09000015258789,23600
2020-12-24,9.350000381469727,9.350000381469727,8.920000076293945,9.079999923706055,5100
2020-12-28,9.300000190734863,9.350000381469727,8.890000343322754,9.350000381469727,4100
2020-12-29,8.569999694824219,9.399999618530273,8.569999694824219,9.25,11100
2020-12-30,9.399999618530273,9.449999809265137,9.109999656677246,9.449999809265137,7300
2020-12-31,9.40999984741211,9.449999809265137,8.59000015258789,9.449999809265137,7200
2021-01-04,9.039999961853027,9.300000190734863,9.039999961853027,9.300000190734863,2000
2021-01-05,9.180000305175781,9.300000190734863,9.109999656677246,9.300000190734863,1800
2021-01-06,9.449999809265137,9.550000190734863,8.84000015258789,9.550000190734863,8700
2021-01-07,9.550000190734863,9.600000381469727,9.350000381469727,9.359999656677246,9000
2021-01-08,9.520000457763672,9.579999923706055,9.300000190734863,9.300000190734863,7500
2021-01-11,9.300000190734863,9.800000190734863,9.199999809265137,9.529999732971191,6200
2021-01-12,9.539999961853027,9.829999923706055,9.300000190734863,9.399999618530273,16500
2021-01-13,9.800000190734863,9.850000381469727,9.430000305175781,9.819999694824219,2800
2021-01-14,9.75,10.149999618530273,9.6899995803833,10.119999885559082,49100
2021-01-15,10.109999656677246,10.149999618530273,9.930000305175781,10.09000015258789,12200
2021-01-19,10.199999809265137,10.75,9.550000190734863,10.75,30000
2021-01-20,9.760000228881836,10.949999809265137,9.760000228881836,10.880000114440918,29000
2021-01-21,10.4399995803833,10.899999618530273,10.180000305175781,10.899999618530273,12800
2021-01-22,10.90999984741211,11.0,10.329999923706055,10.880000114440918,7200
2021-01-25,11.0,11.0,10.170000076293945,11.0,16600
2021-01-26,10.890000343322754,11.25,10.890000343322754,11.25,20700
2021-01-27,11.100000381469727,11.25,10.649999618530273,10.880000114440918,10800
2021-01-28,10.75,11.239999771118164,10.640000343322754,10.649999618530273,11900
2021-01-29,10.59000015258789,11.199999809265137,10.25,11.010000228881836,46300
2021-02-01,11.199999809265137,11.220000267028809,10.579999923706055,10.989999771118164,6600
2021-02-02,11.0,11.5,10.699999809265137,10.949999809265137,20200
2021-02-03,10.90999984741211,11.079999923706055,10.760000228881836,10.850000381469727,12700
2021-02-04,11.4399995803833,11.4399995803833,10.8100004196167,11.079999923706055,10100
2021-02-05,11.0,11.220000267028809,10.970000267028809,11.119999885559082,19600
2021-02-08,11.1899995803833,11.1899995803833,11.130000114440918,11.149999618530273,1700
2021-02-09,10.8100004196167,11.149999618530273,10.8100004196167,11.149999618530273,7600
2021-02-10,11.0600004196167,11.140000343322754,10.869999885559082,11.109999656677246,4700
2021-02-11,11.100000381469727,11.149999618530273,11.069999694824219,11.119999885559082,5500
2021-02-12,11.039999961853027,11.180000305175781,11.039999961853027,11.149999618530273,6300
2021-02-16,11.399999618530273,11.479999542236328,11.149999618530273,11.40999984741211,14400
2021-02-17,11.40999984741211,11.449999809265137,11.100000381469727,11.399999618530273,24300
2021-02-18,11.3100004196167,11.359999656677246,11.15999984741211,11.279999732971191,11100
2021-02-19,11.319999694824219,11.600000381469727,11.279999732971191,11.550000190734863,32400
2021-02-22,11.640000343322754,11.699999809265137,11.539999961853027,11.550000190734863,12400
2021-02-23,11.649999618530273,11.739999771118164,11.109999656677246,11.729999542236328,18100
2021-02-24,11.75,12.3100004196167,11.390000343322754,11.850000381469727,27300
2021-02-25,12.0,12.220000267028809,11.850000381469727,12.09000015258789,17300
2021-02-26,12.140000343322754,12.25,11.850000381469727,12.25,24400
2021-03-01,12.350000381469727,13.0,12.199999809265137,12.5600004196167,47800
2021-03-02,12.739999771118164,12.949999809265137,12.600000381469727,12.899999618530273,24900
2021-03-03,12.989999771118164,13.0,12.850000381469727,12.989999771118164,17900
2021-03-04,12.989999771118164,12.989999771118164,10.649999618530273,11.380000114440918,27400
2021-03-05,11.539999961853027,12.399999618530273,11.050000190734863,12.079999923706055,14600
2021-03-08,12.079999923706055,12.149999618530273,11.550000190734863,11.720000267028809,15300
2021-03-09,11.520000457763672,12.449999809265137,11.260000228881836,12.390000343322754,16400
2021-03-10,12.369999885559082,12.380000114440918,11.84000015258789,12.329999923706055,11700
2021-03-11,12.989999771118164,13.0,12.680000305175781,12.989999771118164,16800
2021-03-12,13.0,13.0,12.670000076293945,12.899999618530273,6400
2021-03-15,13.0,13.039999961853027,12.489999771118164,13.039999961853027,13700
2021-03-16,13.0600004196167,13.0600004196167,12.609999656677246,12.829999923706055,7200
2021-03-17,13.0,13.25,12.5600004196167,12.5600004196167,24800
2021-03-18,12.989999771118164,13.25,12.609999656677246,12.609999656677246,21300
2021-03-19,12.65999984741211,13.520000457763672,12.609999656677246,12.920000076293945,102500
2021-03-22,13.140000343322754,13.649999618530273,12.829999923706055,12.84000015258789,33400
2021-03-23,13.380000114440918,13.380000114440918,12.0,12.0,21700
2021-03-24,12.0,12.489999771118164,11.520000457763672,12.489999771118164,22900
2021-03-25,12.270000457763672,12.270000457763672,11.850000381469727,12.170000076293945,8600
2021-03-26,11.479999542236328,12.15999984741211,11.479999542236328,11.770000457763672,14000
2021-03-29,11.619999885559082,12.050000190734863,11.5,11.520000457763672,9100
2021-03-30,11.40999984741211,12.5,11.039999961853027,12.140000343322754,17000
2021-03-31,12.09000015258789,12.460000038146973,11.770000457763672,11.960000038146973,12400
2021-04-01,12.130000114440918,12.84000015258789,12.130000114440918,12.739999771118164,29500
2021-04-05,12.550000190734863,12.760000228881836,12.329999923706055,12.329999923706055,11400
2021-04-06,12.430000305175781,12.430000305175781,12.25,12.25,4500
2021-04-07,12.199999809265137,12.430000305175781,12.15999984741211,12.15999984741211,7000
2021-04-08,12.239999771118164,12.289999961853027,11.75,11.760000228881836,10000
2021-04-09,11.859999656677246,11.960000038146973,11.65999984741211,11.789999961853027,3400
2021-04-12,11.949999809265137,12.380000114440918,10.989999771118164,11.0,18600
2021-04-13,11.100000381469727,11.279999732971191,10.75,11.010000228881836,16300
2021-04-14,11.369999885559082,11.369999885559082,10.770000457763672,11.359999656677246,5700
2021-04-15,11.449999809265137,11.510000228881836,11.210000038146973,11.279999732971191,9400
2021-04-16,11.279999732971191,11.729999542236328,11.279999732971191,11.619999885559082,7200
2021-04-19,11.680000305175781,11.819999694824219,11.5,11.5,7500
2021-04-20,11.470000267028809,11.539999961853027,10.8100004196167,10.989999771118164,5700
2021-04-21,11.210000038146973,11.470000267028809,10.920000076293945,11.210000038146973,22700
2021-04-22,11.25,11.289999961853027,11.25,11.289999961853027,700
2021-04-23,11.390000343322754,12.829999923706055,11.289999961853027,11.949999809265137,13000
2021-04-26,11.770000457763672,12.489999771118164,11.770000457763672,12.279999732971191,10900
2021-04-27,11.9399995803833,13.0,11.899999618530273,12.069999694824219,21600
2021-04-28,12.489999771118164,12.489999771118164,12.170000076293945,12.289999961853027,5700
2021-04-29,12.149999618530273,12.420000076293945,12.149999618530273,12.210000038146973,7200
2021-04-30,12.199999809265137,12.890000343322754,12.039999961853027,12.729999542236328,17400
2021-05-03,12.600000381469727,12.75,12.529999732971191,12.600000381469727,8200
2021-05-04,12.979999542236328,13.039999961853027,12.6899995803833,12.739999771118164,8600
2021-05-05,12.619999885559082,12.90999984741211,12.550000190734863,12.75,9100
2021-05-06,12.65999984741211,12.890000343322754,12.600000381469727,12.779999732971191,3000
2021-05-07,12.890000343322754,13.109999656677246,12.789999961853027,13.0,11500
2021-05-10,12.609999656677246,13.0,12.609999656677246,12.84000015258789,5500
2021-05-11,13.699999809265137,13.979999542236328,13.3100004196167,13.550000190734863,34500
2021-05-12,13.760000228881836,14.489999771118164,12.979999542236328,14.149999618530273,27600
2021-05-13,14.079999923706055,14.5,14.039999961853027,14.149999618530273,46100
2021-05-14,14.229999542236328,14.5,14.180000305175781,14.34000015258789,24700
2021-05-17,14.489999771118164,15.5,14.489999771118164,15.399999618530273,138800
2021-05-18,15.5,15.5,15.0,15.130000114440918,15100
2021-05-19,15.5,15.5,14.65999984741211,15.100000381469727,45900
2021-05-20,15.0600004196167,16.200000762939453,15.0600004196167,16.18000030517578,22500
2021-05-21,16.18000030517578,16.5,15.130000114440918,15.479999542236328,44400
2021-05-24,15.399999618530273,16.549999237060547,15.0600004196167,16.40999984741211,55400
2021-05-25,16.010000228881836,16.469999313354492,16.010000228881836,16.40999984741211,37900
2021-05-26,16.309999465942383,16.899999618530273,16.290000915527344,16.65999984741211,20900
2021-05-27,16.75,16.979999542236328,16.739999771118164,16.8700008392334,60800
2021-05-28,17.0,18.0,17.0,17.75,65600
2021-06-01,18.940000534057617,20.0,18.31999969482422,18.969999313354492,118600
2021-06-02,19.0,19.0,18.34000015258789,18.75,33600
2021-06-03,18.940000534057617,18.940000534057617,16.43000030517578,17.0,85200
2021-06-04,16.959999084472656,17.399999618530273,16.959999084472656,17.350000381469727,16200
2021-06-07,17.350000381469727,19.3700008392334,17.219999313354492,19.18000030517578,95300
2021-06-08,19.34000015258789,19.799999237060547,19.020000457763672,19.479999542236328,43000
2021-06-09,19.549999237060547,20.940000534057617,19.170000076293945,20.559999465942383,122500
2021-06-10,20.43000030517578,20.6200008392334,19.510000228881836,20.56999969482422,68900
2021-06-11,20.670000076293945,20.84000015258789,20.0,20.450000762939453,23500
2021-06-14,20.100000381469727,21.479999542236328,20.100000381469727,21.040000915527344,63200
2021-06-15,21.040000915527344,21.5,20.450000762939453,20.84000015258789,34000
2021-06-16,20.690000534057617,20.979999542236328,20.450000762939453,20.899999618530273,47000
2021-06-17,21.049999237060547,21.049999237060547,19.579999923706055,20.170000076293945,39400
2021-06-18,19.950000762939453,20.110000610351562,19.229999542236328,20.110000610351562,28600
2021-06-21,20.030000686645508,21.25,20.030000686645508,21.149999618530273,48800
2021-06-22,21.149999618530273,21.600000381469727,20.15999984741211,21.200000762939453,52000
2021-06-23,21.299999237060547,21.299999237060547,20.5,21.059999465942383,18500
2021-06-24,21.100000381469727,22.0,21.100000381469727,22.0,44400
2021-06-25,22.0,22.0,21.420000076293945,21.81999969482422,53600
2021-06-28,21.739999771118164,24.40999984741211,20.40999984741211,23.549999237060547,73300
2021-06-29,23.579999923706055,23.979999542236328,23.040000915527344,23.600000381469727,28600
2021-06-30,23.75,24.0,23.219999313354492,23.600000381469727,32100
2021-07-01,23.899999618530273,24.110000610351562,22.670000076293945,23.25,25700
2021-07-02,24.34000015258789,24.34000015258789,22.709999084472656,23.010000228881836,23800
2021-07-06,23.0,24.079999923706055,22.940000534057617,23.829999923706055,51400
2021-07-07,24.110000610351562,24.690000534057617,23.190000534057617,24.690000534057617,85300
2021-07-08,24.600000381469727,24.75,22.950000762939453,23.940000534057617,38800
2021-07-09,23.8700008392334,24.360000610351562,22.969999313354492,23.399999618530273,24000
2021-07-12,23.540000915527344,25.010000228881836,23.200000762939453,25.010000228881836,43900
2021-07-13,25.1200008392334,25.280000686645508,24.3700008392334,25.25,40800
2021-07-14,25.40999984741211,25.899999618530273,25.0,25.489999771118164,39700
2021-07-15,25.739999771118164,25.739999771118164,18.450000762939453,19.290000915527344,228600
2021-07-16,19.149999618530273,19.600000381469727,16.3799991607666,17.739999771118164,184400
2021-07-19,17.860000610351562,17.979999542236328,15.390000343322754,17.920000076293945,107500
2021-07-20,18.1200008392334,18.540000915527344,17.260000228881836,18.299999237060547,34400
2021-07-21,18.559999465942383,19.139999389648438,18.010000228881836,19.079999923706055,39400
2021-07-22,19.0,19.049999237060547,18.459999084472656,18.93000030517578,18300
2021-07-23,18.889999389648438,18.889999389648438,17.790000915527344,18.309999465942383,23700
2021-07-26,17.969999313354492,17.969999313354492,16.739999771118164,17.149999618530273,28100
2021-07-27,17.0,18.690000534057617,16.549999237060547,17.350000381469727,24100
2021-07-28,17.270000457763672,17.799999237060547,16.739999771118164,17.579999923706055,14500
2021-07-29,17.559999465942383,17.989999771118164,17.229999542236328,17.690000534057617,14000
2021-07-30,17.549999237060547,17.989999771118164,17.299999237060547,17.700000762939453,4800
2021-08-02,17.700000762939453,18.200000762939453,17.530000686645508,17.530000686645508,11700
2021-08-03,17.670000076293945,18.190000534057617,17.290000915527344,17.290000915527344,11000
2021-08-04,17.229999542236328,17.969999313354492,17.229999542236328,17.510000228881836,5300
2021-08-05,17.510000228881836,17.510000228881836,16.950000762939453,16.950000762939453,8800
2021-08-06,17.030000686645508,17.979999542236328,16.81999969482422,17.0,9500
2021-08-09,17.059999465942383,17.059999465942383,15.029999732971191,15.380000114440918,46300
2021-08-10,15.5,17.8700008392334,15.399999618530273,17.420000076293945,41500
2021-08-11,17.579999923706055,19.0,17.579999923706055,18.989999771118164,37400
2021-08-12,18.969999313354492,19.030000686645508,18.010000228881836,18.739999771118164,21500
2021-08-13,18.739999771118164,19.049999237060547,18.0,19.0,52000
2021-08-16,18.709999084472656,19.010000228881836,18.0,18.510000228881836,90100
2021-08-17,18.649999618530273,19.049999237060547,18.399999618530273,18.979999542236328,24400
2021-08-18,19.010000228881836,19.350000381469727,18.469999313354492,19.040000915527344,35000
2021-08-19,19.09000015258789,19.34000015258789,18.43000030517578,18.700000762939453,45700
2021-08-20,18.850000381469727,19.329999923706055,18.549999237060547,18.790000915527344,3900
2021-08-23,19.030000686645508,19.3799991607666,18.90999984741211,18.920000076293945,9800
2021-08-24,18.6200008392334,18.93000030517578,18.610000610351562,18.93000030517578,10500
2021-08-25,19.040000915527344,19.040000915527344,18.6200008392334,18.920000076293945,11800
2021-08-26,18.700000762939453,19.399999618530273,18.600000381469727,18.940000534057617,7100
2021-08-27,19.059999465942383,19.18000030517578,18.75,18.75,12600
2021-08-30,18.670000076293945,19.100000381469727,18.0,18.84000015258789,19200
2021-08-31,19.0,19.0,18.0,18.68000030517578,7900
2021-09-01,18.93000030517578,18.93000030517578,17.559999465942383,18.18000030517578,9800
2021-09-02,18.3700008392334,18.489999771118164,18.09000015258789,18.360000610351562,4300
2021-09-03,18.40999984741211,18.739999771118164,18.059999465942383,18.549999237060547,5500
2021-09-07,18.610000610351562,18.610000610351562,17.700000762939453,17.8700008392334,12500
2021-09-08,18.139999389648438,18.139999389648438,17.1200008392334,17.1200008392334,9800
2021-09-09,16.979999542236328,17.600000381469727,16.81999969482422,16.81999969482422,12900
2021-09-10,17.040000915527344,17.25,16.989999771118164,16.989999771118164,14300
2021-09-13,16.979999542236328,17.299999237060547,16.520000457763672,16.920000076293945,7000
2021-09-14,16.770000457763672,16.770000457763672,15.100000381469727,15.880000114440918,36200
2021-09-15,15.600000381469727,16.450000762939453,15.600000381469727,15.970000267028809,12200
2021-09-16,15.739999771118164,16.469999313354492,15.619999885559082,16.079999923706055,7100
2021-09-17,15.84000015258789,16.469999313354492,15.800000190734863,16.450000762939453,14000
2021-09-20,15.6899995803833,16.170000076293945,14.350000381469727,14.600000381469727,34500
2021-09-21,14.850000381469727,15.65999984741211,14.369999885559082,15.039999961853027,16000
2021-09-22,14.920000076293945,15.979999542236328,14.920000076293945,15.949999809265137,9600
2021-09-23,15.989999771118164,15.989999771118164,14.789999961853027,15.100000381469727,49900
2021-09-24,15.84000015258789,15.84000015258789,14.569999694824219,14.600000381469727,31200
2021-09-27,14.899999618530273,14.899999618530273,13.880000114440918,14.0,39700
2021-09-28,13.9399995803833,14.430000305175781,13.899999618530273,13.949999809265137,21000
2021-09-29,13.920000076293945,13.970000267028809,13.260000228881836,13.5,34200
2021-09-30,13.420000076293945,14.0,12.880000114440918,13.869999885559082,87200
2021-10-01,13.760000228881836,15.760000228881836,13.3100004196167,15.539999961853027,23700
2021-10-04,15.880000114440918,16.100000381469727,14.449999809265137,14.899999618530273,20500
2021-10-05,14.770000457763672,15.25,13.529999732971191,15.029999732971191,19300
2021-10-06,14.869999885559082,15.449999809265137,14.220000267028809,15.449999809265137,13100
2021-10-07,15.289999961853027,15.770000457763672,14.449999809265137,15.260000228881836,20000
2021-10-08,15.380000114440918,15.800000190734863,14.800000190734863,15.710000038146973,5500
2021-10-11,15.800000190734863,15.800000190734863,15.329999923706055,15.640000343322754,10900
2021-10-12,15.850000381469727,17.0,15.850000381469727,16.979999542236328,54200
2021-10-13,17.0,17.829999923706055,16.950000762939453,17.149999618530273,40500
2021-10-14,17.200000762939453,17.93000030517578,17.010000228881836,17.719999313354492,23300
2021-10-15,17.690000534057617,18.0,17.229999542236328,17.979999542236328,17000
2021-10-18,17.84000015258789,18.0,17.219999313354492,17.219999313354492,14600
2021-10-19,17.579999923706055,18.0,17.049999237060547,17.479999542236328,18700
2021-10-20,17.43000030517578,18.350000381469727,17.170000076293945,18.350000381469727,12400
2021-10-21,18.09000015258789,18.09000015258789,17.690000534057617,17.889999389648438,8800
2021-10-22,17.889999389648438,18.290000915527344,17.260000228881836,17.799999237060547,6300
2021-10-25,17.940000534057617,18.360000610351562,17.34000015258789,18.059999465942383,29000
2021-10-26,17.799999237060547,18.350000381469727,17.610000610351562,17.889999389648438,21000
2021-10-27,18.18000030517578,18.18000030517578,17.59000015258789,17.90999984741211,7900
2021-10-28,18.489999771118164,18.709999084472656,18.100000381469727,18.5,32400
2021-10-29,18.670000076293945,20.0,18.549999237060547,20.0,32500
2021-11-01,20.0,20.290000915527344,19.709999084472656,20.290000915527344,20600
2021-11-02,20.309999465942383,20.440000534057617,19.579999923706055,20.309999465942383,7500
2021-11-03,20.280000686645508,20.5,19.209999084472656,19.489999771118164,21000
2021-11-04,19.8700008392334,20.459999084472656,19.530000686645508,19.860000610351562,12300
2021-11-05,19.950000762939453,20.479999542236328,19.209999084472656,19.5,20800
2021-11-08,20.969999313354492,22.850000381469727,20.1299991607666,22.5,61500
2021-11-09,23.0,23.0,21.399999618530273,22.450000762939453,48600
2021-11-10,22.309999465942383,24.200000762939453,22.030000686645508,24.0,48400
2021-11-11,23.979999542236328,23.979999542236328,22.899999618530273,22.899999618530273,45700
2021-11-12,23.399999618530273,23.989999771118164,22.450000762939453,23.360000610351562,45300
2021-11-15,23.309999465942383,24.079999923706055,22.829999923706055,23.299999237060547,16800
2021-11-16,23.549999237060547,24.65999984741211,23.25,24.520000457763672,32400
2021-11-17,24.75,27.719999313354492,23.719999313354492,27.719999313354492,112300
2021-11-18,28.049999237060547,33.0099983215332,27.729999542236328,32.27000045776367,215800
2021-11-19,32.369998931884766,33.880001068115234,31.559999465942383,32.7599983215332,151400
2021-11-22,32.849998474121094,33.0,31.600000381469727,32.150001525878906,69300
2021-11-23,32.45000076293945,32.5,28.34000015258789,30.049999237060547,99300
2021-11-24,29.760000228881836,32.20000076293945,28.290000915527344,31.649999618530273,29200
2021-11-26,31.309999465942383,32.4900016784668,31.0,31.309999465942383,14100
2021-11-29,31.5,35.5,31.3700008392334,34.900001525878906,105700
2021-11-30,35.310001373291016,37.380001068115234,35.310001373291016,37.0,93200
2021-12-01,37.0,37.7599983215332,35.25,35.779998779296875,58300
2021-12-02,35.72999954223633,36.43000030517578,34.220001220703125,34.630001068115234,47500
2021-12-03,34.650001525878906,35.2400016784668,30.3799991607666,31.290000915527344,64400
2021-12-06,31.399999618530273,34.349998474121094,31.399999618530273,33.83000183105469,38600
2021-12-07,34.400001525878906,36.45000076293945,33.5099983215332,35.70000076293945,61800
2021-12-08,36.09000015258789,37.279998779296875,35.29999923706055,36.0,28200
2021-12-09,36.13999938964844,36.38999938964844,35.22999954223633,36.029998779296875,22800
2021-12-10,36.220001220703125,37.2400016784668,35.529998779296875,36.709999084472656,37600
2021-12-13,37.0,37.0,35.439998626708984,35.970001220703125,29200
2021-12-14,35.4900016784668,37.380001068115234,35.0099983215332,37.029998779296875,23100
2021-12-15,37.29999923706055,40.189998626708984,35.310001373291016,40.189998626708984,57800
2021-12-16,42.41999816894531,42.560001373291016,37.68000030517578,38.689998626708984,111700
2021-12-17,37.970001220703125,41.84000015258789,37.970001220703125,41.84000015258789,53700
2021-12-20,41.70000076293945,41.810001373291016,39.56999969482422,40.56999969482422,41500
2021-12-21,40.59000015258789,41.310001373291016,40.0,40.880001068115234,31900
2021-12-22,41.130001068115234,44.43000030517578,41.08000183105469,44.16999816894531,65500
2021-12-23,44.18000030517578,47.41999816894531,43.68000030517578,47.02000045776367,66700
2021-12-27,47.9900016784668,47.9900016784668,45.029998779296875,46.0,64700
2021-12-28,46.400001525878906,47.75,45.150001525878906,47.630001068115234,35700
2021-12-29,47.810001373291016,47.97999954223633,44.099998474121094,44.2599983215332,80000
2021-12-30,44.040000915527344,46.790000915527344,44.040000915527344,46.599998474121094,44700
2021-12-31,45.75,47.29999923706055,44.47999954223633,47.0,61000
2022-01-03,47.75,47.9900016784668,34.47999954223633,36.63999938964844,267400
2022-01-04,36.06999969482422,39.43000030517578,36.06999969482422,38.630001068115234,56700
2022-01-05,39.0,41.13999938964844,36.040000915527344,37.290000915527344,72800
2022-01-06,36.349998474121094,39.790000915527344,35.18000030517578,38.900001525878906,49800
2022-01-07,39.34000015258789,40.0,38.0,38.939998626708984,39200
2022-01-10,38.5,38.9900016784668,36.0,36.209999084472656,27700
2022-01-11,36.2400016784668,36.290000915527344,32.349998474121094,32.630001068115234,116500
2022-01-12,32.63999938964844,33.75,32.630001068115234,33.150001525878906,61200
2022-01-13,32.630001068115234,34.75,32.630001068115234,32.91999816894531,47600
2022-01-14,32.58000183105469,33.13999938964844,26.790000915527344,27.3799991607666,201200
2022-01-18,27.389999389648438,27.940000534057617,26.510000228881836,26.81999969482422,56900
2022-01-19,26.739999771118164,27.190000534057617,25.299999237060547,26.739999771118164,42600
2022-01-20,26.760000228881836,27.969999313354492,26.670000076293945,26.719999313354492,14300
2022-01-21,26.139999389648438,26.549999237060547,24.81999969482422,24.81999969482422,39300
2022-01-24,24.200000762939453,25.25,22.420000076293945,24.969999313354492,60000
2022-01-25,22.049999237060547,25.219999313354492,22.049999237060547,24.299999237060547,19900
2022-01-26,24.899999618530273,26.690000534057617,23.540000915527344,24.020000457763672,44700
2022-01-27,24.6200008392334,25.639999389648438,22.239999771118164,23.25,25300
2022-01-28,22.979999542236328,23.790000915527344,22.299999237060547,23.030000686645508,11500
2022-01-31,23.270000457763672,25.469999313354492,23.270000457763672,25.299999237060547,38500
2022-02-01,25.299999237060547,26.989999771118164,24.5,26.549999237060547,35600
2022-02-02,27.610000610351562,28.790000915527344,26.209999084472656,27.450000762939453,35600
2022-02-03,26.959999084472656,28.790000915527344,25.31999969482422,26.299999237060547,30800
2022-02-04,26.170000076293945,28.030000686645508,25.6200008392334,26.84000015258789,30100
2022-02-07,27.139999389648438,28.010000228881836,26.100000381469727,27.059999465942383,36900
2022-02-08,27.0,27.799999237060547,25.639999389648438,27.799999237060547,15800
2022-02-09,28.0,28.6200008392334,26.950000762939453,27.829999923706055,28300
2022-02-10,27.389999389648438,28.350000381469727,26.420000076293945,27.030000686645508,25800
2022-02-11,26.649999618530273,28.0,26.1200008392334,26.1200008392334,22200
2022-02-14,26.100000381469727,26.790000915527344,22.219999313354492,22.969999313354492,62900
2022-02-15,23.790000915527344,24.219999313354492,23.270000457763672,23.440000534057617,15700
2022-02-16,23.530000686645508,24.0,23.40999984741211,23.920000076293945,12700
2022-02-17,23.809999465942383,23.809999465942383,22.360000610351562,23.200000762939453,13400
2022-02-18,23.40999984741211,23.690000534057617,22.219999313354492,22.90999984741211,15800
2022-02-22,22.170000076293945,23.360000610351562,19.649999618530273,21.309999465942383,79600
2022-02-23,21.31999969482422,22.5,21.049999237060547,21.5,19200
2022-02-24,19.540000915527344,22.079999923706055,19.540000915527344,21.600000381469727,36600
2022-02-25,21.93000030517578,23.75,21.399999618530273,23.399999618530273,20300
2022-02-28,23.670000076293945,24.489999771118164,22.56999969482422,23.809999465942383,39000
2022-03-01,23.610000610351562,23.979999542236328,21.690000534057617,21.690000534057617,29200
2022-03-02,22.1299991607666,23.950000762939453,21.219999313354492,21.399999618530273,32900
2022-03-03,21.690000534057617,22.739999771118164,19.65999984741211,19.920000076293945,55300
2022-03-04,19.850000381469727,21.90999984741211,19.5,21.770000457763672,24100
2022-03-07,22.299999237060547,22.979999542236328,21.3700008392334,21.780000686645508,33800
2022-03-08,22.25,22.6200008392334,21.549999237060547,21.8700008392334,10900
2022-03-09,21.950000762939453,23.110000610351562,21.93000030517578,22.8799991607666,21700
2022-03-10,22.6299991607666,23.90999984741211,22.6299991607666,23.31999969482422,12000
2022-03-11,23.18000030517578,23.18000030517578,22.0,22.43000030517578,13600
2022-03-14,23.0,23.3799991607666,21.84000015258789,22.18000030517578,13800
2022-03-15,22.5,22.5,21.959999084472656,22.139999389648438,13700
2022-03-16,22.700000762939453,23.079999923706055,21.6200008392334,22.06999969482422,38300
2022-03-17,22.389999389648438,22.389999389648438,21.639999389648438,21.75,19500
2022-03-18,21.739999771118164,22.260000228881836,21.0,22.260000228881836,20600
2022-03-21,21.799999237060547,23.170000076293945,21.579999923706055,22.200000762939453,13000
2022-03-22,22.190000534057617,22.989999771118164,21.899999618530273,22.549999237060547,17800
2022-03-23,22.1299991607666,23.489999771118164,22.020000457763672,22.100000381469727,5900
2022-03-24,22.020000457763672,22.90999984741211,21.440000534057617,21.559999465942383,17200
2022-03-25,21.950000762939453,22.709999084472656,21.459999084472656,22.0,19500
2022-03-28,22.43000030517578,22.979999542236328,20.15999984741211,20.31999969482422,25300
2022-03-29,20.56999969482422,20.8700008392334,20.0,20.5,25100
2022-03-30,20.959999084472656,21.239999771118164,19.979999542236328,20.100000381469727,22700
2022-03-31,20.209999084472656,20.25,17.389999389648438,17.75,68300
2022-04-01,17.75,19.329999923706055,17.75,18.149999618530273,39000
2022-04-04,19.3700008392334,19.389999389648438,18.56999969482422,19.360000610351562,9400
2022-04-05,19.5,19.84000015258789,19.059999465942383,19.170000076293945,16200
2022-04-06,19.3700008392334,19.3700008392334,17.850000381469727,18.020000457763672,28700
2022-04-07,17.93000030517578,18.5,17.93000030517578,18.489999771118164,7600
2022-04-08,18.290000915527344,18.290000915527344,17.5,17.5,11200
2022-04-11,17.6200008392334,17.81999969482422,17.0,17.43000030517578,8900
2022-04-12,18.15999984741211,18.15999984741211,17.239999771118164,17.65999984741211,8800
2022-04-13,17.399999618530273,17.670000076293945,16.90999984741211,17.3799991607666,19000
2022-04-14,17.670000076293945,17.799999237060547,17.299999237060547,17.299999237060547,9000
2022-04-18,17.299999237060547,17.799999237060547,16.8700008392334,16.899999618530273,12900
2022-04-19,17.5,17.770000457763672,16.93000030517578,17.559999465942383,5500
2022-04-20,18.229999542236328,18.229999542236328,17.239999771118164,17.579999923706055,4700
2022-04-21,17.68000030517578,18.139999389648438,17.399999618530273,17.6299991607666,7400
2022-04-22,17.670000076293945,18.1299991607666,17.3700008392334,17.899999618530273,11200
2022-04-25,17.709999084472656,17.899999618530273,17.329999923706055,17.3799991607666,8200
2022-04-26,17.149999618530273,17.899999618530273,17.139999389648438,17.139999389648438,7200
2022-04-27,17.079999923706055,17.700000762939453,15.869999885559082,15.869999885559082,23200
2022-04-28,15.9399995803833,16.8799991607666,15.9399995803833,16.540000915527344,12400
2022-04-29,16.219999313354492,16.989999771118164,16.219999313354492,16.8700008392334,10100
2022-05-02,16.65999984741211,17.0,16.559999465942383,17.0,7400
2022-05-03,17.049999237060547,17.389999389648438,17.0,17.040000915527344,6100
2022-05-04,17.25,17.68000030517578,17.110000610351562,17.350000381469727,5500
2022-05-05,17.479999542236328,18.0,17.350000381469727,18.0,7600
2022-05-06,17.75,18.09000015258789,17.25,17.610000610351562,7700
2022-05-09,17.920000076293945,17.920000076293945,17.0,17.1200008392334,10300
2022-05-10,17.90999984741211,17.969999313354492,17.139999389648438,17.700000762939453,15200
2022-05-11,17.5,17.979999542236328,17.0,17.0,17100
2022-05-12,16.389999389648438,16.389999389648438,14.220000267028809,14.529999732971191,23100
2022-05-13,14.920000076293945,15.649999618530273,14.289999961853027,14.289999961853027,16100
2022-05-16,14.619999885559082,14.970000267028809,14.5,14.529999732971191,5200
2022-05-17,14.899999618530273,15.199999809265137,14.59000015258789,14.989999771118164,5900
2022-05-18,14.869999885559082,15.300000190734863,14.819999694824219,14.819999694824219,5800
2022-05-19,14.420000076293945,15.0,14.399999618530273,14.710000038146973,15200
2022-05-20,14.970000267028809,14.970000267028809,14.770000457763672,14.770000457763672,2700
2022-05-23,14.979999542236328,15.0,14.25,14.739999771118164,4700
2022-05-24,14.5,14.739999771118164,14.029999732971191,14.229999542236328,16200
2022-05-25,14.1899995803833,14.260000228881836,13.890000343322754,14.170000076293945,5400
2022-05-26,14.079999923706055,14.270000457763672,13.84000015258789,14.039999961853027,5100
2022-05-27,13.880000114440918,14.270000457763672,13.880000114440918,14.199999809265137,6200
2022-05-31,14.140000343322754,14.489999771118164,14.109999656677246,14.109999656677246,4800
2022-06-01,14.289999961853027,14.75,14.289999961853027,14.739999771118164,5200
2022-06-02,14.649999618530273,15.199999809265137,14.630000114440918,15.180000305175781,9400
2022-06-03,15.40999984741211,15.710000038146973,15.029999732971191,15.430000305175781,9300
2022-06-06,16.420000076293945,16.579999923706055,15.520000457763672,16.3700008392334,4100
2022-06-07,16.360000610351562,16.59000015258789,16.299999237060547,16.299999237060547,4100
2022-06-08,16.479999542236328,16.690000534057617,16.299999237060547,16.350000381469727,4400
2022-06-09,16.700000762939453,16.799999237060547,15.84000015258789,16.3799991607666,15000
2022-06-10,16.350000381469727,16.790000915527344,15.510000228881836,16.200000762939453,6700
2022-06-13,15.720000267028809,16.790000915527344,15.470000267028809,15.819999694824219,8100
2022-06-14,16.729999542236328,16.729999542236328,15.029999732971191,15.210000038146973,9800
2022-06-15,15.960000038146973,15.960000038146973,15.279999732971191,15.550000190734863,3800
2022-06-16,15.489999771118164,15.489999771118164,14.510000228881836,14.789999961853027,7800
2022-06-17,14.600000381469727,15.3100004196167,14.3100004196167,14.5,10500
2022-06-21,14.720000267028809,14.720000267028809,14.1899995803833,14.199999809265137,4600
2022-06-22,14.90999984741211,14.989999771118164,14.25,14.65999984741211,2500
2022-06-23,14.739999771118164,14.739999771118164,14.229999542236328,14.300000190734863,2500
2022-06-24,14.300000190734863,14.489999771118164,14.119999885559082,14.119999885559082,10500
2022-06-27,14.109999656677246,14.380000114440918,14.010000228881836,14.010000228881836,2700
2022-06-28,14.020000457763672,14.25,13.800000190734863,14.069999694824219,8700
2022-06-29,13.859999656677246,13.989999771118164,13.859999656677246,13.979999542236328,2800
2022-06-30,14.0,14.029999732971191,13.819999694824219,14.0,3200
2022-07-01,14.050000190734863,14.210000038146973,13.8100004196167,13.899999618530273,2500
2022-07-05,13.84000015258789,14.1899995803833,13.770000457763672,13.9399995803833,3700
2022-07-06,14.199999809265137,14.199999809265137,13.0,13.15999984741211,10600
2022-07-07,13.59000015258789,14.199999809265137,13.420000076293945,13.930000305175781,3500
2022-07-08,14.180000305175781,14.199999809265137,13.859999656677246,14.199999809265137,2600
2022-07-11,14.050000190734863,14.149999618530273,13.8100004196167,14.149999618530273,3700
2022-07-12,13.9399995803833,14.149999618530273,13.9399995803833,14.149999618530273,1800
2022-07-13,14.149999618530273,14.199999809265137,13.9399995803833,14.149999618530273,3900
2022-07-14,14.050000190734863,14.149999618530273,13.760000228881836,13.960000038146973,5700
2022-07-15,14.109999656677246,14.149999618530273,14.020000457763672,14.149999618530273,2100
2022-07-18,14.109999656677246,14.350000381469727,13.960000038146973,14.25,3600
2022-07-19,14.050000190734863,14.229999542236328,13.800000190734863,14.119999885559082,5800
2022-07-20,14.25,14.350000381469727,13.800000190734863,14.350000381469727,4500
2022-07-21,13.9399995803833,14.34000015258789,13.720000267028809,14.34000015258789,900
2022-07-22,14.34000015258789,14.34000015258789,13.890000343322754,14.34000015258789,1700
2022-07-25,14.350000381469727,14.350000381469727,14.130000114440918,14.34000015258789,4600
2022-07-26,14.34000015258789,14.489999771118164,14.069999694824219,14.489999771118164,6500
2022-07-27,14.380000114440918,15.729999542236328,14.329999923706055,15.729999542236328,6400
2022-07-28,15.880000114440918,18.209999084472656,15.880000114440918,18.209999084472656,10300
2022-07-29,18.399999618530273,19.90999984741211,18.399999618530273,19.8700008392334,18900
2022-08-01,20.200000762939453,20.670000076293945,19.610000610351562,19.610000610351562,12700
2022-08-02,20.0,20.40999984741211,16.229999542236328,16.56999969482422,37200
2022-08-03,16.850000381469727,18.06999969482422,16.75,17.239999771118164,8500
2022-08-04,17.110000610351562,17.309999465942383,16.399999618530273,17.059999465942383,19300
2022-08-05,16.709999084472656,18.700000762939453,16.3700008392334,17.40999984741211,15900
2022-08-08,17.459999084472656,18.579999923706055,17.139999389648438,17.40999984741211,13700
2022-08-09,17.479999542236328,17.860000610351562,16.469999313354492,16.950000762939453,6700
2022-08-10,17.989999771118164,17.989999771118164,17.010000228881836,17.149999618530273,12500
2022-08-11,17.700000762939453,19.5,17.219999313354492,18.75,26100
2022-08-12,19.5,19.729999542236328,18.700000762939453,19.329999923706055,20700
2022-08-15,18.719999313354492,19.989999771118164,18.510000228881836,19.149999618530273,11600
2022-08-16,19.350000381469727,19.989999771118164,18.969999313354492,18.969999313354492,8100
2022-08-17,19.889999389648438,19.889999389648438,18.520000457763672,19.299999237060547,10300
2022-08-18,19.299999237060547,19.889999389648438,18.5,19.440000534057617,26600
2022-08-19,19.200000762939453,20.100000381469727,19.06999969482422,20.100000381469727,17500
2022-08-22,20.0,20.5,19.6200008392334,20.299999237060547,8100
2022-08-23,20.299999237060547,21.0,20.299999237060547,21.0,9800
2022-08-24,21.0,22.799999237060547,19.959999084472656,22.799999237060547,23900
2022-08-25,22.790000915527344,24.3799991607666,21.75,22.989999771118164,18600
2022-08-26,22.739999771118164,23.5,21.670000076293945,22.6299991607666,14200
2022-08-29,22.65999984741211,23.5,21.700000762939453,23.3799991607666,12700
2022-08-30,23.229999542236328,23.489999771118164,22.0,22.510000228881836,22100
2022-08-31,22.649999618530273,23.5,22.09000015258789,23.190000534057617,19200
2022-09-01,22.829999923706055,23.0,22.09000015258789,22.190000534057617,14300
2022-09-02,22.989999771118164,22.989999771118164,21.389999389648438,21.389999389648438,6800
2022-09-06,21.15999984741211,21.15999984741211,18.84000015258789,19.0,22100
2022-09-07,18.799999237060547,21.0,18.799999237060547,20.219999313354492,20700
2022-09-08,19.8700008392334,20.8799991607666,19.549999237060547,20.219999313354492,9600
2022-09-09,20.56999969482422,21.639999389648438,20.200000762939453,21.639999389648438,14700
2022-09-12,21.450000762939453,22.1200008392334,21.06999969482422,21.06999969482422,12300
2022-09-13,20.739999771118164,22.5,20.350000381469727,21.75,15400
2022-09-14,21.100000381469727,22.350000381469727,20.610000610351562,21.84000015258789,10600
2022-09-15,21.420000076293945,24.0,21.149999618530273,24.0,22700
2022-09-16,23.75,24.799999237060547,22.3799991607666,24.799999237060547,18700
2022-09-19,25.0,25.799999237060547,23.850000381469727,25.360000610351562,22700
2022-09-20,25.200000762939453,26.200000762939453,24.6299991607666,25.8700008392334,18200
2022-09-21,25.459999084472656,26.25,25.25,25.450000762939453,13300
2022-09-22,25.889999389648438,26.209999084472656,23.989999771118164,25.350000381469727,14900
2022-09-23,24.979999542236328,25.1200008392334,22.579999923706055,23.59000015258789,19400
2022-09-26,24.700000762939453,25.0,23.049999237060547,23.700000762939453,13600
2022-09-27,23.610000610351562,24.940000534057617,22.719999313354492,23.600000381469727,13900
2022-09-28,23.989999771118164,25.479999542236328,23.520000457763672,23.540000915527344,10200
2022-09-29,23.799999237060547,24.440000534057617,22.559999465942383,24.170000076293945,10300
2022-09-30,24.229999542236328,26.899999618530273,24.229999542236328,26.75,38300
2022-10-03,28.0,28.5,26.979999542236328,27.649999618530273,27800
2022-10-04,28.15999984741211,29.0,26.290000915527344,26.739999771118164,33800
2022-10-05,26.200000762939453,28.479999542236328,22.469999313354492,24.350000381469727,37300
2022-10-06,24.010000228881836,25.139999389648438,22.68000030517578,23.700000762939453,17400
2022-10-07,24.0,24.100000381469727,22.6299991607666,23.100000381469727,14500
2022-10-10,22.649999618530273,23.739999771118164,21.899999618530273,22.729999542236328,6700
2022-10-11,23.450000762939453,23.899999618530273,22.309999465942383,23.100000381469727,8100
2022-10-12,23.440000534057617,24.260000228881836,23.399999618530273,23.489999771118164,9300
2022-10-13,23.270000457763672,24.360000610351562,22.6200008392334,23.479999542236328,5400
2022-10-14,23.850000381469727,23.8700008392334,22.93000030517578,23.489999771118164,6200
2022-10-17,23.479999542236328,25.0,23.040000915527344,23.25,29100
2022-10-18,23.520000457763672,24.049999237060547,23.0,23.450000762939453,6200
2022-10-19,22.25,24.190000534057617,22.229999542236328,23.469999313354492,10400
2022-10-20,23.549999237060547,24.049999237060547,23.139999389648438,23.5,6000
2022-10-21,23.700000762939453,24.049999237060547,22.5,24.049999237060547,3000
2022-10-24,23.59000015258789,24.739999771118164,23.440000534057617,24.399999618530273,9700
2022-10-25,24.989999771118164,24.989999771118164,24.260000228881836,24.260000228881836,1500
2022-10-26,24.579999923706055,24.969999313354492,24.0,24.739999771118164,7100
2022-10-27,24.670000076293945,25.0,23.40999984741211,23.799999237060547,17100
2022-10-28,24.0,24.299999237060547,23.040000915527344,23.950000762939453,8800
2022-10-31,23.639999389648438,23.940000534057617,22.450000762939453,23.020000457763672,5600
2022-11-01,23.65999984741211,23.739999771118164,23.100000381469727,23.559999465942383,4400
2022-11-02,22.799999237060547,23.770000457763672,22.670000076293945,22.670000076293945,5400
2022-11-03,22.649999618530273,23.549999237060547,22.399999618530273,22.899999618530273,11100
2022-11-04,23.0,23.770000457763672,20.0,21.799999237060547,30700
2022-11-07,21.5,21.969999313354492,19.0,19.049999237060547,17200
2022-11-08,19.0,20.329999923706055,19.0,20.209999084472656,4800
2022-11-09,19.829999923706055,20.3799991607666,19.510000228881836,19.6200008392334,4500
2022-11-10,20.09000015258789,21.0,18.489999771118164,19.889999389648438,11300
2022-11-11,20.65999984741211,20.739999771118164,19.09000015258789,20.1299991607666,3200
2022-11-14,20.079999923706055,21.0,19.540000915527344,20.40999984741211,3800
2022-11-15,20.579999923706055,21.0,19.6299991607666,20.8799991607666,13200
2022-11-16,20.399999618530273,21.3799991607666,20.260000228881836,21.290000915527344,2700
2022-11-17,21.0,21.5,20.579999923706055,21.43000030517578,6300
2022-11-18,21.5,21.5,21.420000076293945,21.489999771118164,1700
2022-11-21,21.149999618530273,21.5,21.010000228881836,21.079999923706055,4600
2022-11-22,21.5,22.8700008392334,20.899999618530273,22.049999237060547,17500
2022-11-23,22.399999618530273,22.989999771118164,21.989999771118164,22.8799991607666,15700
2022-11-25,22.700000762939453,23.770000457763672,22.700000762939453,23.739999771118164,2700
2022-11-28,22.719999313354492,23.770000457763672,22.719999313354492,23.15999984741211,6400
2022-11-29,22.770000457763672,23.270000457763672,22.579999923706055,23.270000457763672,4800
2022-11-30,22.200000762939453,23.5,22.010000228881836,22.799999237060547,21100
2022-12-01,22.75,22.75,22.030000686645508,22.079999923706055,6000
2022-12-02,22.049999237060547,22.049999237060547,21.59000015258789,21.780000686645508,4400
2022-12-05,21.399999618530273,21.850000381469727,19.799999237060547,20.5,9100
2022-12-06,20.239999771118164,20.959999084472656,20.100000381469727,20.110000610351562,3600
2022-12-07,20.110000610351562,21.040000915527344,20.0,20.049999237060547,3500
2022-12-08,21.0,21.469999313354492,20.110000610351562,20.229999542236328,12900
2022-12-09,19.600000381469727,21.200000762939453,19.290000915527344,20.309999465942383,23800
2022-12-12,20.670000076293945,20.670000076293945,19.5,19.579999923706055,11100
2022-12-13,20.219999313354492,20.889999389648438,19.0,19.459999084472656,6400
2022-12-14,19.360000610351562,21.299999237060547,18.6200008392334,18.6200008392334,11500
2022-12-15,18.399999618530273,19.020000457763672,17.969999313354492,17.969999313354492,7600
2022-12-16,17.969999313354492,19.770000457763672,17.969999313354492,18.1299991607666,22800
2022-12-19,18.010000228881836,18.950000762939453,18.010000228881836,18.059999465942383,5800
2022-12-20,18.3799991607666,19.770000457763672,17.989999771118164,18.34000015258789,15900
2022-12-21,18.6200008392334,19.399999618530273,18.6200008392334,18.739999771118164,1400
2022-12-22,18.530000686645508,20.190000534057617,18.170000076293945,19.780000686645508,7800
2022-12-23,19.920000076293945,21.90999984741211,19.809999465942383,21.450000762939453,9400
2022-12-27,21.530000686645508,22.239999771118164,20.360000610351562,20.860000610351562,7800
2022-12-28,21.200000762939453,22.06999969482422,20.010000228881836,20.540000915527344,16600
2022-12-29,20.450000762939453,22.100000381469727,20.350000381469727,20.850000381469727,9000
2022-12-30,19.8799991607666,21.270000457763672,19.8799991607666,20.5,2400
2023-01-03,20.690000534057617,21.219999313354492,20.170000076293945,20.43000030517578,9400
2023-01-04,20.1299991607666,21.399999618530273,20.1299991607666,20.549999237060547,5100
2023-01-05,20.329999923706055,21.399999618530273,20.15999984741211,20.350000381469727,7200
2023-01-06,20.75,20.75,20.350000381469727,20.350000381469727,1100
2023-01-09,20.600000381469727,20.719999313354492,19.829999923706055,19.899999618530273,7400
2023-01-10,19.860000610351562,20.649999618530273,19.110000610351562,19.299999237060547,9900
2023-01-11,20.5,21.0,19.209999084472656,19.5,3700
2023-01-12,19.84000015258789,20.690000534057617,19.329999923706055,19.389999389648438,13300
2023-01-13,19.530000686645508,20.6200008392334,19.530000686645508,19.829999923706055,7600
2023-01-17,20.239999771118164,20.780000686645508,19.81999969482422,20.440000534057617,7200
2023-01-18,20.440000534057617,20.440000534057617,19.549999237060547,20.360000610351562,4000
2023-01-19,20.440000534057617,20.440000534057617,19.549999237060547,20.299999237060547,2900
2023-01-20,20.5,20.8799991607666,19.850000381469727,20.649999618530273,9700
2023-01-23,20.209999084472656,20.690000534057617,20.15999984741211,20.280000686645508,4000
2023-01-24,20.290000915527344,20.950000762939453,20.270000457763672,20.670000076293945,3600
2023-01-25,20.559999465942383,21.6299991607666,20.079999923706055,21.31999969482422,7100
2023-01-26,21.3799991607666,22.25,20.100000381469727,21.299999237060547,17800
2023-01-27,21.399999618530273,21.899999618530273,21.399999618530273,21.899999618530273,1100
2023-01-30,21.739999771118164,22.25,21.110000610351562,21.780000686645508,4600
2023-01-31,21.719999313354492,22.0,21.25,21.989999771118164,5500
2023-02-01,21.600000381469727,21.940000534057617,21.25,21.549999237060547,5800
2023-02-02,21.8799991607666,22.200000762939453,21.520000457763672,21.68000030517578,4800
2023-02-03,22.0,22.010000228881836,21.709999084472656,22.010000228881836,3800
2023-02-06,22.100000381469727,22.950000762939453,22.010000228881836,22.09000015258789,8100
2023-02-07,22.170000076293945,22.950000762939453,22.170000076293945,22.510000228881836,5800
2023-02-08,22.850000381469727,22.950000762939453,22.309999465942383,22.940000534057617,3500
2023-02-09,22.93000030517578,23.75,22.93000030517578,23.219999313354492,7200
2023-02-10,23.3700008392334,23.479999542236328,22.860000610351562,22.8799991607666,6900
2023-02-13,22.850000381469727,23.149999618530273,22.68000030517578,23.0,6500
2023-02-14,22.75,23.25,21.90999984741211,22.100000381469727,16300
2023-02-15,22.649999618530273,23.200000762939453,20.829999923706055,21.020000457763672,24200
2023-02-16,20.760000228881836,22.079999923706055,20.219999313354492,21.1200008392334,12300
2023-02-17,20.8799991607666,21.270000457763672,20.540000915527344,20.65999984741211,6800
2023-02-21,20.790000915527344,21.25,20.15999984741211,20.940000534057617,4800
2023-02-22,20.639999389648438,21.25,20.18000030517578,20.31999969482422,9700
2023-02-23,20.68000030517578,20.989999771118164,19.6200008392334,19.81999969482422,12400
2023-02-24,20.450000762939453,20.450000762939453,18.780000686645508,19.40999984741211,21900
2023-02-27,18.700000762939453,20.280000686645508,18.700000762939453,19.229999542236328,10100
2023-02-28,19.09000015258789,20.049999237060547,19.09000015258789,19.670000076293945,8500
2023-03-01,19.280000686645508,20.0,19.229999542236328,19.229999542236328,2900
2023-03-02,19.5,19.610000610351562,19.209999084472656,19.399999618530273,9500
2023-03-03,19.489999771118164,20.690000534057617,18.719999313354492,19.31999969482422,15800
2023-03-06,19.049999237060547,19.350000381469727,18.899999618530273,18.899999618530273,2800
2023-03-07,18.5,18.8799991607666,18.450000762939453,18.549999237060547,3100
2023-03-08,18.3700008392334,18.93000030517578,18.3700008392334,18.450000762939453,1800
2023-03-09,18.950000762939453,18.950000762939453,17.559999465942383,17.559999465942383,3800
2023-03-10,17.5,17.5,15.479999542236328,16.200000762939453,17200
2023-03-13,15.9399995803833,16.700000762939453,15.25,16.049999237060547,10500
2023-03-14,16.25,17.920000076293945,16.25,16.520000457763672,11500
2023-03-15,16.389999389648438,17.239999771118164,16.290000915527344,16.290000915527344,2400
2023-03-16,16.469999313354492,17.190000534057617,16.469999313354492,16.989999771118164,4300
2023-03-17,16.739999771118164,18.0,16.709999084472656,18.0,9600
2023-03-20,17.799999237060547,18.3700008392334,17.0,18.31999969482422,9900
2023-03-21,18.3700008392334,18.389999389648438,16.75,18.3799991607666,7000
2023-03-22,18.389999389648438,19.030000686645508,17.959999084472656,18.600000381469727,6800
2023-03-23,18.059999465942383,19.8700008392334,18.059999465942383,18.790000915527344,4400
2023-03-24,18.610000610351562,19.06999969482422,17.93000030517578,18.920000076293945,7600
2023-03-27,19.399999618530273,19.399999618530273,18.459999084472656,18.5,3700
2023-03-28,18.889999389648438,19.1299991607666,18.170000076293945,18.239999771118164,7300
2023-03-29,18.18000030517578,18.770000457763672,17.649999618530273,18.459999084472656,12600
2023-03-30,18.350000381469727,18.649999618530273,17.700000762939453,18.649999618530273,1000
2023-03-31,18.969999313354492,18.969999313354492,18.760000228881836,18.760000228881836,1100
2023-04-03,18.84000015258789,18.950000762939453,18.139999389648438,18.950000762939453,5500
2023-04-04,18.649999618530273,18.950000762939453,18.200000762939453,18.8700008392334,6000
2023-04-05,18.920000076293945,18.950000762939453,18.3700008392334,18.93000030517578,2500
2023-04-06,19.0,19.600000381469727,18.93000030517578,19.600000381469727,2000
2023-04-10,19.540000915527344,19.81999969482422,18.489999771118164,19.770000457763672,11600
2023-04-11,19.770000457763672,19.889999389648438,19.270000457763672,19.889999389648438,3900
2023-04-12,19.899999618530273,20.15999984741211,19.020000457763672,19.020000457763672,6300
2023-04-13,19.639999389648438,20.25,19.1299991607666,19.940000534057617,6300
2023-04-14,20.149999618530273,20.149999618530273,19.5,19.940000534057617,3800
2023-04-17,19.540000915527344,20.110000610351562,19.540000915527344,19.8799991607666,4200
2023-04-18,20.0,20.0,19.270000457763672,19.81999969482422,4600
2023-04-19,19.219999313354492,19.760000228881836,18.43000030517578,18.969999313354492,19500
2023-04-20,18.670000076293945,18.670000076293945,17.700000762939453,17.959999084472656,10200
2023-04-21,17.530000686645508,17.530000686645508,16.600000381469727,16.829999923706055,18000
2023-04-24,16.93000030517578,18.139999389648438,16.309999465942383,16.350000381469727,6100
2023-04-25,16.3700008392334,16.3700008392334,15.100000381469727,15.449999809265137,16200
2023-04-26,15.359999656677246,15.359999656677246,14.0,14.630000114440918,24700
2023-04-27,14.75,16.170000076293945,14.260000228881836,14.710000038146973,16300
2023-04-28,15.1899995803833,16.510000228881836,14.8100004196167,16.5,14400
2023-05-01,16.31999969482422,17.25,15.5600004196167,17.239999771118164,7900
2023-05-02,16.809999465942383,18.0,15.869999885559082,18.0,6000
2023-05-03,17.93000030517578,19.110000610351562,17.100000381469727,18.290000915527344,9700
2023-05-04,18.979999542236328,18.979999542236328,18.040000915527344,18.3799991607666,2200
2023-05-05,19.0,19.25,18.18000030517578,18.850000381469727,8400
2023-05-08,18.799999237060547,18.850000381469727,15.699999809265137,16.309999465942383,25400
2023-05-09,16.479999542236328,17.520000457763672,16.479999542236328,17.520000457763672,3500
2023-05-10,17.020000457763672,18.0,17.020000457763672,18.0,2000
2023-05-11,16.809999465942383,17.899999618530273,16.450000762939453,17.719999313354492,5100
2023-05-12,17.600000381469727,17.739999771118164,16.049999237060547,17.700000762939453,5600
2023-05-15,17.0,17.540000915527344,16.309999465942383,17.360000610351562,2500
2023-05-16,16.8700008392334,17.200000762939453,16.8700008392334,16.959999084472656,1400
2023-05-17,16.950000762939453,17.200000762939453,16.5,17.149999618530273,4300
2023-05-18,17.1200008392334,17.1200008392334,17.1200008392334,17.1200008392334,3100
2023-05-19,16.809999465942383,16.940000534057617,16.1299991607666,16.1299991607666,3600
2023-05-22,16.25,16.25,16.219999313354492,16.219999313354492,1400
2023-05-23,16.219999313354492,16.219999313354492,16.219999313354492,16.219999313354492,300
2023-05-24,15.229999542236328,16.219999313354492,15.229999542236328,15.899999618530273,3200
2023-05-25,16.989999771118164,16.989999771118164,15.399999618530273,15.399999618530273,3300
2023-05-26,15.699999809265137,15.699999809265137,15.699999809265137,15.699999809265137,600
2023-05-30,16.239999771118164,17.190000534057617,16.049999237060547,16.6299991607666,4200
2023-05-31,16.729999542236328,17.290000915527344,16.729999542236328,17.290000915527344,1900
2023-06-01,16.739999771118164,17.200000762939453,16.549999237060547,17.0,2400
2023-06-02,17.18000030517578,18.0,16.989999771118164,17.75,9000
2023-06-05,17.5,18.0,16.260000228881836,17.719999313354492,3600
2023-06-06,17.200000762939453,18.5,17.200000762939453,18.25,7100
2023-06-07,18.549999237060547,18.850000381469727,17.139999389648438,18.0,4000
2023-06-08,18.0,18.34000015258789,17.450000762939453,17.8799991607666,9100
2023-06-09,18.850000381469727,18.850000381469727,17.520000457763672,18.350000381469727,12000
2023-06-12,18.670000076293945,19.25,18.5,18.950000762939453,6600
2023-06-13,19.25,19.75,18.68000030517578,19.100000381469727,9000
2023-06-14,19.25,19.25,18.700000762939453,18.790000915527344,4000
2023-06-15,19.0,19.700000762939453,18.510000228881836,19.0,8800
2023-06-16,19.200000762939453,19.299999237060547,18.6200008392334,18.989999771118164,5500
2023-06-20,18.860000610351562,19.0,18.399999618530273,18.399999618530273,4300
2023-06-21,18.600000381469727,19.690000534057617,18.1200008392334,19.399999618530273,4100
2023-06-22,19.18000030517578,19.739999771118164,18.299999237060547,19.649999618530273,10300
2023-06-23,19.739999771118164,20.59000015258789,19.440000534057617,20.59000015258789,13100
2023-06-26,20.149999618530273,20.989999771118164,19.950000762939453,20.989999771118164,5500
2023-06-27,21.190000534057617,22.09000015258789,20.450000762939453,21.459999084472656,10000
2023-06-28,22.399999618530273,22.399999618530273,20.690000534057617,21.549999237060547,6800
2023-06-29,21.84000015258789,22.299999237060547,20.790000915527344,22.100000381469727,4600
2023-06-30,22.209999084472656,23.75,21.280000686645508,23.520000457763672,19300
2023-07-03,24.440000534057617,24.440000534057617,22.0,24.399999618530273,5500
2023-07-05,24.399999618530273,24.399999618530273,23.75,24.100000381469727,7900
2023-07-06,23.979999542236328,24.09000015258789,23.3799991607666,23.989999771118164,4000
2023-07-07,24.0,24.0,21.139999389648438,23.850000381469727,7800
2023-07-10,23.979999542236328,24.0,22.829999923706055,23.700000762939453,6200
2023-07-11,24.100000381469727,24.25,22.260000228881836,23.8700008392334,10200
2023-07-12,24.25,24.5,23.329999923706055,24.200000762939453,11100
2023-07-13,24.389999389648438,24.600000381469727,23.139999389648438,24.600000381469727,6800
2023-07-14,24.68000030517578,24.68000030517578,24.440000534057617,24.459999084472656,5100
2023-07-17,24.600000381469727,25.0,22.459999084472656,24.739999771118164,10600
2023-07-18,24.969999313354492,24.989999771118164,24.15999984741211,24.850000381469727,10300
2023-07-19,24.850000381469727,24.969999313354492,24.0,24.889999389648438,7400
2023-07-20,24.459999084472656,24.850000381469727,24.010000228881836,24.350000381469727,6600
2023-07-21,24.690000534057617,25.0,24.1299991607666,24.510000228881836,10500
2023-07-24,24.25,24.760000228881836,24.110000610351562,24.15999984741211,10300
2023-07-25,24.139999389648438,24.56999969482422,23.600000381469727,23.700000762939453,4500
2023-07-26,23.969999313354492,23.989999771118164,23.25,23.719999313354492,3200
2023-07-27,23.719999313354492,24.0,22.520000457763672,24.0,6700
2023-07-28,23.920000076293945,24.5,23.920000076293945,24.360000610351562,5600
2023-07-31,24.059999465942383,24.389999389648438,23.75,23.90999984741211,5500
2023-08-01,24.049999237060547,24.350000381469727,23.209999084472656,24.149999618530273,8200
2023-08-02,23.780000686645508,24.329999923706055,22.709999084472656,23.770000457763672,7300
2023-08-03,24.110000610351562,24.299999237060547,23.31999969482422,23.75,1800
2023-08-04,24.0,24.350000381469727,23.010000228881836,24.350000381469727,4500
2023-08-07,24.200000762939453,24.229999542236328,22.799999237060547,23.90999984741211,5800
2023-08-08,23.93000030517578,24.209999084472656,23.420000076293945,24.100000381469727,3900
2023-08-09,24.190000534057617,24.200000762939453,23.920000076293945,24.0,3100
2023-08-10,24.200000762939453,24.200000762939453,23.690000534057617,23.690000534057617,7500
2023-08-11,24.170000076293945,24.170000076293945,23.68000030517578,24.170000076293945,3200
2023-08-14,23.729999542236328,24.200000762939453,23.479999542236328,23.81999969482422,7300
2023-08-15,23.729999542236328,24.0,22.25,22.25,13400
2023-08-16,20.459999084472656,22.25,20.25,20.700000762939453,19200
2023-08-17,20.600000381469727,21.969999313354492,20.440000534057617,20.450000762939453,5600
2023-08-18,20.389999389648438,21.450000762939453,20.149999618530273,20.5,12600
2023-08-21,21.0,21.299999237060547,20.520000457763672,20.75,12900
2023-08-22,20.649999618530273,21.3799991607666,19.639999389648438,19.739999771118164,10100
2023-08-23,19.979999542236328,20.0,19.100000381469727,19.25,10300
2023-08-24,18.219999313354492,19.75,17.75,17.8799991607666,16500
2023-08-25,19.0,19.0,17.559999465942383,17.559999465942383,4200
2023-08-28,17.559999465942383,18.25,16.8700008392334,17.739999771118164,16800
2023-08-29,18.0,18.25,17.3700008392334,17.56999969482422,10000
2023-08-30,17.739999771118164,19.09000015258789,16.829999923706055,18.440000534057617,14500
2023-08-31,19.5,19.5,18.75,19.229999542236328,4900
2023-09-01,19.219999313354492,19.5,19.0,19.079999923706055,3400
2023-09-05,19.0,19.270000457763672,18.559999465942383,18.809999465942383,7400
2023-09-06,19.0,19.239999771118164,18.809999465942383,19.170000076293945,5100
2023-09-07,19.040000915527344,19.5,18.639999389648438,19.149999618530273,5600
2023-09-08,19.149999618530273,19.149999618530273,18.5,19.010000228881836,6900
2023-09-11,18.549999237060547,19.25,18.290000915527344,19.200000762939453,10400
2023-09-12,18.8700008392334,19.200000762939453,18.5,18.520000457763672,10500
2023-09-13,18.700000762939453,19.200000762939453,17.100000381469727,18.149999618530273,13400
2023-09-14,19.059999465942383,19.059999465942383,17.510000228881836,18.440000534057617,12500
2023-09-15,18.520000457763672,18.520000457763672,17.360000610351562,18.329999923706055,6600
2023-09-18,18.299999237060547,18.489999771118164,17.809999465942383,18.399999618530273,12800
2023-09-19,18.270000457763672,18.399999618530273,17.90999984741211,18.399999618530273,6400
2023-09-20,18.209999084472656,18.399999618530273,17.809999465942383,17.809999465942383,2400
2023-09-21,17.90999984741211,18.799999237060547,17.760000228881836,18.25,6000
2023-09-22,18.290000915527344,18.739999771118164,18.15999984741211,18.489999771118164,5500
2023-09-25,18.399999618530273,18.989999771118164,17.760000228881836,18.520000457763672,7900
2023-09-26,18.75,19.399999618530273,18.510000228881836,18.979999542236328,4400
2023-09-27,19.229999542236328,19.479999542236328,19.149999618530273,19.149999618530273,2000
2023-09-28,19.399999618530273,19.399999618530273,18.829999923706055,18.829999923706055,2100
2023-09-29,19.170000076293945,19.25,18.260000228881836,19.010000228881836,6300
2023-10-02,18.6299991607666,19.229999542236328,18.559999465942383,18.969999313354492,11800
2023-10-03,18.610000610351562,19.190000534057617,18.579999923706055,19.0,4100
2023-10-04,18.8799991607666,19.309999465942383,18.579999923706055,19.25,4300
2023-10-05,19.239999771118164,19.25,18.75,18.75,4000
2023-10-06,19.25,19.459999084472656,18.579999923706055,19.450000762939453,10900
2023-10-09,19.260000228881836,19.989999771118164,19.0,19.18000030517578,7600
2023-10-10,19.059999465942383,20.5,19.059999465942383,20.170000076293945,10700
2023-10-11,20.350000381469727,20.450000762939453,19.469999313354492,19.5,15100
2023-10-12,19.84000015258789,20.5,19.559999465942383,20.0,13000
2023-10-13,20.200000762939453,20.200000762939453,19.459999084472656,20.15999984741211,4600
2023-10-16,19.920000076293945,20.5,19.600000381469727,19.969999313354492,4500
2023-10-17,20.059999465942383,20.299999237060547,19.920000076293945,19.920000076293945,5100
2023-10-18,20.139999389648438,20.139999389648438,19.520000457763672,20.110000610351562,4100
2023-10-19,19.8700008392334,20.389999389648438,19.350000381469727,20.0,5300
2023-10-20,20.010000228881836,20.149999618530273,19.399999618530273,20.06999969482422,5100
2023-10-23,20.030000686645508,20.139999389648438,19.600000381469727,19.950000762939453,4300
2023-10-24,19.84000015258789,20.049999237060547,19.030000686645508,19.899999618530273,7000
2023-10-25,19.8700008392334,20.040000915527344,19.030000686645508,19.850000381469727,4200
2023-10-26,19.8700008392334,20.049999237060547,19.479999542236328,20.049999237060547,2600
2023-10-27,19.829999923706055,20.049999237060547,19.3700008392334,19.3700008392334,4100
2023-10-30,19.709999084472656,20.149999618530273,19.020000457763672,20.149999618530273,5000
2023-10-31,20.149999618530273,20.280000686645508,19.600000381469727,20.190000534057617,4900
2023-11-01,19.75,20.190000534057617,19.639999389648438,20.100000381469727,5700
2023-11-02,20.479999542236328,20.5,19.020000457763672,20.389999389648438,5500
2023-11-03,20.229999542236328,21.0,19.399999618530273,20.209999084472656,6600
2023-11-06,20.6200008392334,21.0,20.450000762939453,20.5,2500
2023-11-07,20.84000015258789,20.84000015258789,19.6299991607666,20.31999969482422,3200
2023-11-08,20.5,20.5,19.31999969482422,20.309999465942383,4500
2023-11-09,20.5,22.6200008392334,19.93000030517578,22.6200008392334,19500
2023-11-10,22.739999771118164,22.75,21.280000686645508,22.739999771118164,11900
2023-11-13,22.299999237060547,24.5,22.299999237060547,24.5,22800
2023-11-14,24.15999984741211,26.0,23.709999084472656,24.790000915527344,23900
2023-11-15,25.309999465942383,25.399999618530273,24.489999771118164,25.389999389648438,9000
2023-11-16,25.479999542236328,25.479999542236328,24.190000534057617,25.440000534057617,7700
2023-11-17,25.229999542236328,26.649999618530273,24.979999542236328,26.649999618530273,14700
2023-11-20,26.600000381469727,27.209999084472656,25.850000381469727,27.0,22600
2023-11-21,27.059999465942383,27.299999237060547,26.229999542236328,26.6299991607666,12800
2023-11-22,26.940000534057617,27.75,26.40999984741211,27.75,18100
2023-11-24,27.93000030517578,28.600000381469727,26.809999465942383,28.600000381469727,17600
2023-11-27,28.600000381469727,30.5,28.5,30.030000686645508,25600
2023-11-28,30.25,30.889999389648438,29.059999465942383,30.850000381469727,17500
2023-11-29,30.979999542236328,31.93000030517578,29.020000457763672,30.520000457763672,40300
2023-11-30,30.6200008392334,31.959999084472656,29.540000915527344,30.59000015258789,15500
2023-12-01,30.920000076293945,32.90999984741211,30.260000228881836,32.720001220703125,29600
2023-12-04,32.83000183105469,33.61000061035156,30.59000015258789,33.5099983215332,22200
2023-12-05,33.65999984741211,34.970001220703125,32.52000045776367,34.959999084472656,20300
2023-12-06,34.90999984741211,35.959999084472656,34.13999938964844,35.959999084472656,23900
2023-12-07,36.4900016784668,37.97999954223633,35.459999084472656,37.779998779296875,34700
2023-12-08,37.18000030517578,38.0,35.779998779296875,37.9900016784668,29300
2023-12-11,37.36000061035156,39.54999923706055,35.720001220703125,36.439998626708984,62000
2023-12-12,36.0,36.0,31.559999465942383,31.920000076293945,42700
2023-12-13,31.350000381469727,34.68000030517578,31.350000381469727,34.22999954223633,27900
2023-12-14,35.0,36.08000183105469,34.59000015258789,35.47999954223633,19100
2023-12-15,35.91999816894531,36.4900016784668,35.040000915527344,36.459999084472656,22100
2023-12-18,35.79999923706055,38.20000076293945,35.79999923706055,37.79999923706055,19900
2023-12-19,37.79999923706055,38.4900016784668,36.970001220703125,37.5099983215332,36000
2023-12-20,37.9900016784668,38.0,34.599998474121094,37.83000183105469,16400
2023-12-21,38.0,38.22999954223633,35.5,36.88999938964844,40500
2023-12-22,37.27000045776367,38.290000915527344,35.95000076293945,38.0,15300
2023-12-26,38.0,38.0,37.63999938964844,38.0,15000
2023-12-27,38.25,39.5,36.380001068115234,39.0,30800
2023-12-28,39.189998626708984,40.40999984741211,38.31999969482422,39.0099983215332,29800
2023-12-29,39.2599983215332,40.869998931884766,38.95000076293945,39.5,35200
2024-01-02,39.5,39.84000015258789,35.959999084472656,39.369998931884766,35600
2024-01-03,39.380001068115234,40.72999954223633,37.900001525878906,38.970001220703125,22900
2024-01-04,38.81999969482422,41.0,37.849998474121094,40.56999969482422,45300
2024-01-05,40.790000915527344,42.5,40.040000915527344,41.45000076293945,35700
2024-01-08,41.970001220703125,41.970001220703125,38.150001525878906,39.79999923706055,41300
2024-01-09,39.869998931884766,40.349998474121094,38.040000915527344,39.70000076293945,22300
2024-01-10,39.900001525878906,40.459999084472656,38.810001373291016,40.20000076293945,17000
2024-01-11,40.630001068115234,40.849998474121094,39.2400016784668,39.81999969482422,22200
2024-01-12,40.29999923706055,40.599998474121094,38.709999084472656,39.970001220703125,33100
2024-01-16,39.2599983215332,40.88999938964844,38.5,38.72999954223633,35300
2024-01-17,38.349998474121094,39.45000076293945,37.529998779296875,38.70000076293945,18600
2024-01-18,38.77000045776367,39.11000061035156,36.970001220703125,38.22999954223633,14900
2024-01-19,38.529998779296875,40.0,36.599998474121094,39.18000030517578,30300
2024-01-22,39.70000076293945,41.11000061035156,38.38999938964844,40.75,16300
2024-01-23,41.33000183105469,41.79999923706055,40.22999954223633,41.11000061035156,12100
2024-01-24,42.029998779296875,42.029998779296875,40.459999084472656,40.939998626708984,14200
2024-01-25,41.599998474121094,42.540000915527344,38.83000183105469,41.939998626708984,24800
2024-01-26,42.540000915527344,42.540000915527344,40.65999984741211,40.9900016784668,27600
2024-01-29,41.290000915527344,42.310001373291016,40.0099983215332,40.150001525878906,24500
2024-01-30,40.099998474121094,41.56999969482422,39.119998931884766,40.16999816894531,12900
2024-01-31,40.189998626708984,40.400001525878906,38.58000183105469,38.849998474121094,20000
2024-02-01,39.189998626708984,40.27000045776367,37.91999816894531,39.83000183105469,16700
2024-02-02,40.029998779296875,41.18000030517578,39.04999923706055,41.18000030517578,13100
2024-02-05,40.5,42.91999816894531,39.81999969482422,42.91999816894531,24700
2024-02-06,43.099998474121094,45.54999923706055,42.880001068115234,45.06999969482422,33100
2024-02-07,45.0,46.369998931884766,44.380001068115234,45.400001525878906,41500
2024-02-08,45.88999938964844,46.0099983215332,44.220001220703125,44.9900016784668,31400
2024-02-09,45.04999923706055,45.04999923706055,42.630001068115234,42.630001068115234,30600
2024-02-12,42.27000045776367,44.20000076293945,41.599998474121094,43.2599983215332,13000
2024-02-13,40.119998931884766,43.119998931884766,40.119998931884766,41.36000061035156,14800
2024-02-14,41.849998474121094,42.81999969482422,40.58000183105469,42.689998626708984,13300
2024-02-15,42.689998626708984,45.20000076293945,42.0,44.4900016784668,59100
2024-02-16,44.400001525878906,45.349998474121094,43.099998474121094,44.47999954223633,43600
2024-02-20,42.650001525878906,44.27000045776367,42.33000183105469,42.9900016784668,16300
2024-02-21,42.93000030517578,43.7400016784668,42.54999923706055,43.72999954223633,6500
2024-02-22,43.5099983215332,44.88999938964844,43.220001220703125,43.959999084472656,12400
2024-02-23,44.220001220703125,44.93000030517578,42.97999954223633,44.70000076293945,47500
2024-02-26,44.9900016784668,44.9900016784668,42.45000076293945,44.380001068115234,16700
2024-02-27,44.650001525878906,46.15999984741211,43.689998626708984,44.40999984741211,36500
2024-02-28,44.5,45.029998779296875,43.83000183105469,44.66999816894531,16200
2024-02-29,45.130001068115234,46.0,44.209999084472656,45.83000183105469,16800
2024-03-01,46.09000015258789,46.25,43.20000076293945,44.27000045776367,52900
2024-03-04,44.0099983215332,44.900001525878906,35.27000045776367,35.939998626708984,37200
2024-03-05,35.66999816894531,36.880001068115234,31.149999618530273,31.43000030517578,33200
2024-03-06,31.5,33.810001373291016,30.360000610351562,30.610000610351562,23800
2024-03-07,30.6299991607666,31.6200008392334,30.149999618530273,31.489999771118164,11400
2024-03-08,31.040000915527344,33.43000030517578,31.040000915527344,32.93000030517578,32400
2024-03-11,32.93000030517578,33.27000045776367,31.8799991607666,33.220001220703125,25000
2024-03-12,33.97999954223633,33.97999954223633,32.83000183105469,32.869998931884766,11900
2024-03-13,33.209999084472656,33.97999954223633,32.709999084472656,33.68000030517578,17500
2024-03-14,33.43000030517578,34.810001373291016,33.25,34.810001373291016,14400
2024-03-15,34.970001220703125,40.16999816894531,34.970001220703125,40.130001068115234,24000
2024-03-18,40.369998931884766,42.02000045776367,40.209999084472656,42.0,27100
2024-03-19,41.439998626708984,42.77000045776367,40.29999923706055,42.06999969482422,32600
2024-03-20,42.599998474121094,44.5099983215332,42.16999816894531,43.900001525878906,29600
2024-03-21,43.9900016784668,45.0,43.5,44.36000061035156,24900
2024-03-22,45.060001373291016,48.869998931884766,43.779998779296875,45.939998626708984,67200
2024-03-25,45.369998931884766,47.970001220703125,40.310001373291016,40.310001373291016,42500
2024-03-26,41.0,44.869998931884766,40.41999816894531,43.79999923706055,32000
2024-03-27,44.93000030517578,48.63999938964844,41.470001220703125,43.959999084472656,36300
2024-03-28,44.61000061035156,48.439998626708984,43.02000045776367,46.97999954223633,118800
2024-04-01,47.65999984741211,47.65999984741211,45.29999923706055,47.06999969482422,16000
2024-04-02,46.209999084472656,47.97999954223633,44.970001220703125,46.79999923706055,21900
2024-04-03,47.16999816894531,48.2400016784668,44.380001068115234,45.599998474121094,28300
2024-04-04,46.349998474121094,47.400001525878906,43.4900016784668,44.0,14300
2024-04-05,44.58000183105469,45.75,44.58000183105469,45.75,7200
2024-04-08,45.380001068115234,45.93000030517578,44.810001373291016,45.4900016784668,7100
2024-04-09,45.33000183105469,48.79999923706055,41.86000061035156,41.869998931884766,28900
2024-04-10,41.869998931884766,43.04999923706055,40.279998779296875,41.27000045776367,46000
2024-04-11,41.029998779296875,42.31999969482422,39.45000076293945,40.790000915527344,19700
2024-04-12,41.5,41.56999969482422,39.54999923706055,39.79999923706055,37500
2024-04-15,38.79999923706055,40.900001525878906,38.79999923706055,39.9900016784668,21200
2024-04-16,38.540000915527344,40.7599983215332,38.5,39.90999984741211,27900
2024-04-17,41.310001373291016,41.310001373291016,38.599998474121094,38.630001068115234,10700
2024-04-18,38.43000030517578,40.349998474121094,37.31999969482422,37.529998779296875,15800
2024-04-19,37.34000015258789,38.33000183105469,34.220001220703125,36.52000045776367,15400
2024-04-22,37.18000030517578,37.75,35.630001068115234,36.15999984741211,18200
2024-04-23,36.5,37.61000061035156,36.400001525878906,37.61000061035156,13100
2024-04-24,36.66999816894531,39.209999084472656,36.349998474121094,36.790000915527344,14400
2024-04-25,37.04999923706055,37.2400016784668,36.290000915527344,37.029998779296875,6700
2024-04-26,37.599998474121094,37.599998474121094,36.689998626708984,36.83000183105469,8300
2024-04-29,37.5,37.61000061035156,35.34000015258789,36.29999923706055,15000
2024-04-30,36.4900016784668,36.5,34.90999984741211,35.720001220703125,16100
2024-05-01,36.18000030517578,36.59000015258789,34.310001373291016,36.38999938964844,22200
2024-05-02,36.880001068115234,37.560001373291016,36.04999923706055,37.0099983215332,13300
2024-05-03,37.66999816894531,38.13999938964844,36.83000183105469,37.29999923706055,16800
2024-05-06,37.58000183105469,37.880001068115234,36.619998931884766,36.959999084472656,14900
2024-05-07,37.52000045776367,37.52000045776367,35.77000045776367,36.0,17100
2024-05-08,35.9900016784668,39.59000015258789,35.9900016784668,36.040000915527344,9300
2024-05-09,36.18000030517578,36.279998779296875,33.599998474121094,33.599998474121094,13100
2024-05-10,34.02000045776367,34.41999816894531,32.310001373291016,32.900001525878906,31300
2024-05-13,32.18000030517578,33.36000061035156,32.18000030517578,32.599998474121094,8900
2024-05-14,32.880001068115234,33.4900016784668,30.5,33.4900016784668,11300
2024-05-15,33.88999938964844,36.47999954223633,32.58000183105469,35.9900016784668,33600
2024-05-16,36.150001525878906,37.689998626708984,35.25,36.599998474121094,27900
2024-05-17,36.5099983215332,38.93000030517578,35.86000061035156,37.5,15500
2024-05-20,37.75,38.2599983215332,36.310001373291016,37.0,28400
2024-05-21,37.5,39.150001525878906,36.459999084472656,38.5,27300
2024-05-22,37.150001525878906,39.22999954223633,37.04999923706055,37.43000030517578,19600
2024-05-23,38.0099983215332,38.0099983215332,34.0099983215332,34.4900016784668,61000
2024-05-24,34.529998779296875,34.66999816894531,31.1299991607666,32.38999938964844,53700
2024-05-28,35.56999969482422,36.400001525878906,32.09000015258789,36.060001373291016,37300
2024-05-29,34.56999969482422,36.9900016784668,34.56999969482422,36.099998474121094,14100
2024-05-30,37.77000045776367,37.77000045776367,35.029998779296875,37.119998931884766,27100
2024-05-31,37.36000061035156,37.70000076293945,36.400001525878906,37.0,19700
2024-06-03,36.27000045776367,37.9900016784668,35.54999923706055,36.84000015258789,17100
2024-06-04,36.83000183105469,36.900001525878906,33.900001525878906,34.02000045776367,37300
2024-06-05,34.34000015258789,36.119998931884766,33.029998779296875,34.369998931884766,23700
2024-06-06,34.09000015258789,35.380001068115234,32.9900016784668,33.41999816894531,42800
2024-06-07,34.029998779296875,34.25,33.95000076293945,34.150001525878906,6500
2024-06-10,33.689998626708984,36.380001068115234,33.209999084472656,35.959999084472656,17800
2024-06-11,35.599998474121094,37.68000030517578,32.130001068115234,33.41999816894531,20500
2024-06-12,34.540000915527344,35.9900016784668,34.20000076293945,35.2400016784668,19300
2024-06-13,35.52000045776367,37.08000183105469,34.5099983215332,36.709999084472656,13600
2024-06-14,36.869998931884766,36.9900016784668,35.22999954223633,35.900001525878906,26400
2024-06-17,36.0,36.77000045776367,35.68000030517578,36.0,11800
2024-06-18,36.369998931884766,36.849998474121094,34.63999938964844,34.63999938964844,22400
2024-06-20,34.529998779296875,36.86000061035156,32.04999923706055,32.939998626708984,30300
2024-06-21,33.310001373291016,33.58000183105469,32.459999084472656,33.58000183105469,20200
2024-06-24,33.45000076293945,34.5,28.969999313354492,29.049999237060547,49700
2024-06-25,29.5,30.0,27.100000381469727,27.899999618530273,45600
2024-06-26,27.579999923706055,28.959999084472656,25.790000915527344,28.959999084472656,67900
2024-06-27,28.579999923706055,29.75,27.190000534057617,27.81999969482422,51200
2024-06-28,28.200000762939453,29.889999389648438,27.459999084472656,27.690000534057617,592100
2024-07-01,27.600000381469727,29.0,26.649999618530273,26.81999969482422,42600
2024-07-02,26.75,27.260000228881836,26.40999984741211,26.459999084472656,48000
2024-07-03,26.3799991607666,26.84000015258789,26.100000381469727,26.100000381469727,12900
2024-07-05,26.0,26.8799991607666,25.5,25.860000610351562,36200
2024-07-08,25.549999237060547,28.049999237060547,25.030000686645508,28.020000457763672,27100
2024-07-09,27.959999084472656,29.149999618530273,27.040000915527344,27.09000015258789,44900
2024-07-10,26.959999084472656,27.899999618530273,26.0,26.959999084472656,34800
2024-07-11,27.3700008392334,30.0,27.030000686645508,29.6299991607666,64800
2024-07-12,29.799999237060547,30.5,29.079999923706055,29.440000534057617,35600
2024-07-15,30.81999969482422,30.81999969482422,29.40999984741211,29.770000457763672,20700
2024-07-16,29.969999313354492,33.11000061035156,29.969999313354492,33.0099983215332,17400
2024-07-17,33.189998626708984,33.189998626708984,31.059999465942383,32.25,36700
2024-07-18,32.689998626708984,33.54999923706055,31.079999923706055,31.219999313354492,21400
2024-07-19,31.34000015258789,32.09000015258789,30.649999618530273,31.889999389648438,12700
2024-07-22,30.940000534057617,31.889999389648438,30.940000534057617,31.139999389648438,23900
2024-07-23,32.11000061035156,33.0099983215332,31.780000686645508,31.959999084472656,16500
2024-07-24,32.599998474121094,33.93000030517578,31.700000762939453,31.90999984741211,19700
2024-07-25,33.220001220703125,34.689998626708984,32.36000061035156,32.939998626708984,22300
2024-07-26,33.86000061035156,34.81999969482422,32.720001220703125,34.70000076293945,29500
2024-07-29,34.470001220703125,34.7400016784668,31.75,31.780000686645508,14800
2024-07-30,31.649999618530273,33.33000183105469,31.649999618530273,33.33000183105469,14100
2024-07-31,33.31999969482422,35.619998931884766,33.31999969482422,34.720001220703125,47200
2024-08-01,34.54999923706055,34.97999954223633,33.029998779296875,33.75,20700
2024-08-02,32.5,34.7400016784668,32.0,33.0,17200
2024-08-05,30.829999923706055,33.90999984741211,28.719999313354492,29.56999969482422,24200
2024-08-06,29.219999313354492,30.149999618530273,28.549999237060547,29.559999465942383,9400
2024-08-07,30.31999969482422,30.31999969482422,27.81999969482422,27.940000534057617,14800
2024-08-08,29.459999084472656,30.059999465942383,28.100000381469727,29.309999465942383,14800
2024-08-09,28.979999542236328,30.139999389648438,28.06999969482422,28.520000457763672,9700
2024-08-12,28.360000610351562,30.079999923706055,27.989999771118164,28.540000915527344,12400
2024-08-13,29.209999084472656,30.270000457763672,28.889999389648438,29.549999237060547,19400
2024-08-14,29.479999542236328,30.510000228881836,28.5,28.5,17500
2024-08-15,29.5,31.969999313354492,29.190000534057617,31.969999313354492,14600
2024-08-16,32.119998931884766,32.720001220703125,31.09000015258789,32.29999923706055,47400
2024-08-19,32.2400016784668,33.220001220703125,32.2400016784668,32.63999938964844,9200
2024-08-20,33.2599983215332,34.709999084472656,31.889999389648438,34.15999984741211,14000
2024-08-21,33.86000061035156,34.91999816894531,31.549999237060547,32.66999816894531,74000
2024-08-22,32.900001525878906,32.9900016784668,30.600000381469727,31.479999542236328,32600
2024-08-23,31.979999542236328,35.869998931884766,31.09000015258789,35.810001373291016,82500
2024-08-26,36.0,36.599998474121094,34.90999984741211,35.43000030517578,65000
2024-08-27,34.91999816894531,35.400001525878906,32.58000183105469,33.70000076293945,33800
2024-08-28,33.650001525878906,34.7599983215332,33.52000045776367,34.63999938964844,15300
2024-08-29,34.68000030517578,35.95000076293945,34.68000030517578,35.08000183105469,17300
2024-08-30,35.5,35.5,33.779998779296875,34.709999084472656,15300
2024-09-03,34.970001220703125,34.970001220703125,32.189998626708984,32.54999923706055,29700
2024-09-04,32.18000030517578,33.900001525878906,31.43000030517578,31.600000381469727,31200
2024-09-05,32.150001525878906,33.849998474121094,29.780000686645508,29.780000686645508,36700
2024-09-06,29.760000228881836,31.549999237060547,28.739999771118164,30.510000228881836,32200
2024-09-09,30.889999389648438,32.0,29.770000457763672,30.56999969482422,62300
2024-09-10,30.6200008392334,31.600000381469727,29.860000610351562,30.65999984741211,30500
2024-09-11,30.649999618530273,31.600000381469727,29.709999084472656,31.479999542236328,25800
2024-09-12,32.0099983215332,33.5,31.040000915527344,32.650001525878906,36900
2024-09-13,32.66999816894531,35.959999084472656,32.650001525878906,35.959999084472656,46000
2024-09-16,35.95000076293945,36.2400016784668,33.84000015258789,34.25,22000
2024-09-17,34.970001220703125,37.0,34.18000030517578,36.619998931884766,42200
2024-09-18,36.08000183105469,37.9900016784668,34.130001068115234,36.83000183105469,38700
2024-09-19,38.0,38.54999923706055,36.470001220703125,38.16999816894531,41500
2024-09-20,38.34000015258789,38.34000015258789,36.84000015258789,37.869998931884766,45400
2024-09-23,37.869998931884766,37.869998931884766,35.630001068115234,35.88999938964844,19600
2024-09-24,36.56999969482422,36.869998931884766,34.9900016784668,35.93000030517578,53500
2024-09-25,36.18000030517578,36.18000030517578,34.099998474121094,34.599998474121094,14600
2024-09-26,34.599998474121094,35.5,34.22999954223633,34.529998779296875,12400
2024-09-27,35.279998779296875,35.279998779296875,32.83000183105469,33.189998626708984,28300
2024-09-30,33.119998931884766,34.27000045776367,32.5099983215332,33.38999938964844,11900
2024-10-01,33.47999954223633,33.47999954223633,31.719999313354492,32.04999923706055,16700
2024-10-02,31.799999237060547,32.31999969482422,30.940000534057617,31.270000457763672,14700
2024-10-03,30.850000381469727,31.540000915527344,30.850000381469727,31.149999618530273,13700
2024-10-04,32.5099983215332,32.7400016784668,31.84000015258789,32.619998931884766,11500
2024-10-07,32.15999984741211,33.5099983215332,32.15999984741211,33.40999984741211,7300
2024-10-08,33.77000045776367,33.77000045776367,32.529998779296875,33.0099983215332,19800
2024-10-09,33.45000076293945,34.70000076293945,33.25,34.310001373291016,35000
2024-10-10,33.900001525878906,35.13999938964844,33.83000183105469,34.599998474121094,31100
2024-10-11,34.29999923706055,35.66999816894531,34.16999816894531,34.61000061035156,29900
2024-10-14,33.33000183105469,35.0,32.970001220703125,32.970001220703125,18100
2024-10-15,33.0,34.29999923706055,33.0,33.130001068115234,14300
2024-10-16,33.790000915527344,33.95000076293945,32.75,33.68000030517578,17900
2024-10-17,33.90999984741211,33.90999984741211,32.58000183105469,32.79999923706055,9700
2024-10-18,32.79999923706055,33.06999969482422,32.20000076293945,32.20000076293945,12500
2024-10-21,32.150001525878906,32.790000915527344,31.649999618530273,32.790000915527344,11900
2024-10-22,32.529998779296875,33.04999923706055,32.36000061035156,32.97999954223633,12000
2024-10-23,33.04999923706055,33.25,32.5,33.06999969482422,18300
2024-10-24,33.0099983215332,33.20000076293945,32.099998474121094,32.099998474121094,6100
2024-10-25,32.75,33.130001068115234,32.2599983215332,32.79999923706055,9900
2024-10-28,33.400001525878906,34.529998779296875,31.219999313354492,33.380001068115234,12100
2024-10-29,33.349998474121094,33.4900016784668,32.939998626708984,33.150001525878906,5300
2024-10-30,33.189998626708984,34.54999923706055,33.189998626708984,33.790000915527344,14300
2024-10-31,34.20000076293945,34.599998474121094,33.27000045776367,34.400001525878906,12200
2024-11-01,34.599998474121094,35.0,33.630001068115234,34.16999816894531,14500
2024-11-04,32.310001373291016,34.689998626708984,32.310001373291016,33.72999954223633,9700
2024-11-05,34.18000030517578,35.0,33.849998474121094,35.0,13300
2024-11-06,35.0,37.0,34.900001525878906,36.75,63100
2024-11-07,36.869998931884766,37.5,36.25,36.25,21300
2024-11-08,36.63999938964844,37.720001220703125,36.38999938964844,37.36000061035156,26100
2024-11-11,37.27000045776367,37.849998474121094,36.470001220703125,37.38999938964844,17400
2024-11-12,37.439998626708984,37.5,36.29999923706055,37.06999969482422,18600
2024-11-13,37.5,37.95000076293945,37.0099983215332,37.189998626708984,12900
2024-11-14,37.0099983215332,37.59000015258789,33.970001220703125,34.099998474121094,29600
2024-11-15,35.099998474121094,40.54999923706055,35.099998474121094,40.54999923706055,51700
2024-11-18,41.0,46.20000076293945,40.189998626708984,43.18000030517578,48600
2024-11-19,42.97999954223633,44.310001373291016,39.84000015258789,41.52000045776367,61200
2024-11-20,41.310001373291016,43.540000915527344,40.709999084472656,41.58000183105469,26700
2024-11-21,42.040000915527344,44.97999954223633,41.66999816894531,44.97999954223633,21400
2024-11-22,45.0,46.349998474121094,44.33000183105469,45.5,22200
2024-11-25,46.33000183105469,46.79999923706055,45.2400016784668,46.380001068115234,22600
2024-11-26,46.349998474121094,48.13999938964844,45.81999969482422,46.790000915527344,25000
2024-11-27,47.470001220703125,48.790000915527344,45.16999816894531,48.400001525878906,27900
2024-11-29,48.70000076293945,50.0,48.40999984741211,49.099998474121094,16100
2024-12-02,48.88999938964844,51.59000015258789,47.310001373291016,50.029998779296875,27600
2024-12-03,49.79999923706055,51.959999084472656,45.02000045776367,45.90999984741211,30000
2024-12-04,46.099998474121094,50.0,45.63999938964844,49.9900016784668,23800
2024-12-05,50.0,50.75,46.29999923706055,47.61000061035156,53400
2024-12-06,48.41999816894531,49.52000045776367,47.58000183105469,49.0,25500
2024-12-09,48.83000183105469,49.13999938964844,46.810001373291016,47.130001068115234,19400
2024-12-10,47.2599983215332,50.0,45.40999984741211,48.25,35400
2024-12-11,48.47999954223633,50.0,46.849998474121094,48.650001525878906,34100
2024-12-12,48.27000045776367,50.369998931884766,47.290000915527344,49.720001220703125,24300
2024-12-13,49.369998931884766,49.4900016784668,45.0,46.849998474121094,34800
2024-12-16,47.5099983215332,49.029998779296875,46.66999816894531,48.599998474121094,32900
2024-12-17,47.70000076293945,48.75,47.369998931884766,47.70000076293945,22500
2024-12-18,47.27000045776367,47.97999954223633,42.95000076293945,44.04999923706055,21900
2024-12-19,44.150001525878906,48.40999984741211,43.04999923706055,43.77000045776367,27100
2024-12-20,42.369998931884766,45.0,42.369998931884766,43.380001068115234,39600
2024-12-23,43.310001373291016,44.439998626708984,42.150001525878906,43.68000030517578,20500
2024-12-24,43.849998474121094,44.25,43.630001068115234,43.90999984741211,5200
2024-12-26,43.66999816894531,46.970001220703125,42.97999954223633,46.7400016784668,30800
2024-12-27,46.68000030517578,47.63999938964844,44.279998779296875,44.279998779296875,16600
2024-12-30,45.369998931884766,46.189998626708984,43.52000045776367,43.86000061035156,8400
2024-12-31,46.5,46.5,43.83000183105469,44.459999084472656,8000
2025-01-02,45.52000045776367,45.52000045776367,43.619998931884766,44.02000045776367,14500
2025-01-03,44.9900016784668,45.0,43.279998779296875,44.220001220703125,25200
2025-01-06,43.91999816894531,44.25,42.09000015258789,42.09000015258789,34600
2025-01-07,42.599998474121094,42.599998474121094,40.189998626708984,41.310001373291016,20600
2025-01-08,40.47999954223633,41.290000915527344,39.27000045776367,39.77000045776367,16800
2025-01-10,39.61000061035156,39.61000061035156,38.16999816894531,38.93000030517578,16900
2025-01-13,38.040000915527344,40.20000076293945,37.70000076293945,38.95000076293945,21000
2025-01-14,39.29999923706055,39.43000030517578,38.75,39.43000030517578,18600
2025-01-15,40.540000915527344,41.959999084472656,40.11000061035156,41.91999816894531,12400
2025-01-16,42.20000076293945,42.599998474121094,39.900001525878906,40.939998626708984,30500
2025-01-17,41.29999923706055,44.630001068115234,40.84000015258789,40.95000076293945,15100
2025-01-21,41.029998779296875,42.560001373291016,41.029998779296875,41.7599983215332,8400
2025-01-22,41.209999084472656,41.790000915527344,40.77000045776367,41.0099983215332,13500
2025-01-23,40.15999984741211,41.18000030517578,40.0099983215332,41.16999816894531,31400
2025-01-24,40.63999938964844,41.5099983215332,39.790000915527344,41.099998474121094,40100
2025-01-27,40.939998626708984,41.34000015258789,39.72999954223633,39.900001525878906,38400
2025-01-28,39.63999938964844,41.779998779296875,39.130001068115234,40.86000061035156,40600
2025-01-29,40.54999923706055,40.54999923706055,39.13999938964844,39.65999984741211,26000
2025-01-30,39.849998474121094,41.06999969482422,39.83000183105469,40.58000183105469,18200
2025-01-31,40.77000045776367,41.11000061035156,39.810001373291016,40.029998779296875,15800
2025-02-03,38.86000061035156,39.58000183105469,37.290000915527344,37.290000915527344,13500
2025-02-04,38.81999969482422,38.81999969482422,37.599998474121094,37.84000015258789,9900
2025-02-05,38.2400016784668,39.0,37.529998779296875,38.25,6100
2025-02-06,38.220001220703125,38.97999954223633,37.400001525878906,37.529998779296875,12400
2025-02-07,37.099998474121094,38.9900016784668,36.5099983215332,36.52000045776367,8600
2025-02-10,36.529998779296875,38.720001220703125,34.130001068115234,36.7400016784668,6900
2025-02-11,36.130001068115234,39.7400016784668,36.0,36.150001525878906,6100
2025-02-12,35.34000015258789,36.54999923706055,35.34000015258789,35.59000015258789,5500
2025-02-13,35.369998931884766,38.060001373291016,35.0099983215332,37.369998931884766,4800
2025-02-14,37.90999984741211,39.77000045776367,37.90999984741211,38.9900016784668,14700
2025-02-18,39.5099983215332,39.5099983215332,37.130001068115234,37.599998474121094,6600
2025-02-19,37.0,38.9900016784668,36.9900016784668,37.40999984741211,5700
2025-02-20,37.099998474121094,37.65999984741211,36.41999816894531,37.11000061035156,6000
2025-02-21,37.75,37.75,34.66999816894531,34.7400016784668,8100
2025-02-24,35.20000076293945,36.060001373291016,33.65999984741211,33.84000015258789,10200
2025-02-25,34.0,35.02000045776367,33.880001068115234,34.459999084472656,8100
2025-02-26,34.95000076293945,36.0099983215332,33.86000061035156,34.59000015258789,6900
2025-02-27,34.20000076293945,35.279998779296875,34.0099983215332,34.0099983215332,7600
2025-02-28,34.380001068115234,34.650001525878906,33.31999969482422,34.130001068115234,8100
2025-03-03,34.029998779296875,34.029998779296875,32.040000915527344,32.040000915527344,9000
2025-03-04,31.389999389648438,33.5,30.989999771118164,33.209999084472656,13700
2025-03-05,33.59000015258789,35.130001068115234,33.209999084472656,34.459999084472656,10000
2025-03-06,33.29999923706055,34.47999954223633,32.72999954223633,33.88999938964844,8700
2025-03-07,31.09000015258789,35.869998931884766,31.09000015258789,34.77000045776367,7000
2025-03-10,34.11000061035156,34.61000061035156,33.31999969482422,34.27000045776367,8000
2025-03-11,34.130001068115234,34.130001068115234,32.88999938964844,33.459999084472656,8000
2025-03-12,33.369998931884766,33.369998931884766,32.25,32.77000045776367,9900
2025-03-13,33.040000915527344,33.95000076293945,32.5,32.54999923706055,5500
2025-03-14,35.5099983215332,35.5099983215332,33.29999923706055,33.63999938964844,6000
2025-03-17,32.66999816894531,33.709999084472656,31.760000228881836,33.029998779296875,6500
2025-03-18,32.2599983215332,35.41999816894531,32.2599983215332,32.939998626708984,8100
2025-03-19,32.97999954223633,33.599998474121094,32.13999938964844,33.290000915527344,6100
2025-03-20,32.97999954223633,33.790000915527344,32.7400016784668,32.9900016784668,5400
2025-03-21,32.400001525878906,35.9900016784668,32.0099983215332,33.540000915527344,24900
2025-03-24,33.5,35.13999938964844,33.5,35.13999938964844,5600
2025-03-25,35.45000076293945,35.849998474121094,34.630001068115234,34.9900016784668,14700
2025-03-26,35.849998474121094,35.849998474121094,34.150001525878906,34.150001525878906,6000
2025-03-27,35.09000015258789,35.16999816894531,34.779998779296875,35.16999816894531,5000
2025-03-28,35.29999923706055,35.29999923706055,32.31999969482422,32.31999969482422,9300
2025-03-31,34.84000015258789,34.84000015258789,31.06999969482422,31.06999969482422,11500
2025-04-01,30.829999923706055,33.349998474121094,30.729999542236328,33.349998474121094,7800
2025-04-02,32.61000061035156,33.13999938964844,30.8799991607666,31.280000686645508,16100
2025-04-03,29.31999969482422,31.459999084472656,26.989999771118164,27.489999771118164,13800
2025-04-04,26.610000610351562,27.889999389648438,25.760000228881836,27.6200008392334,14300
2025-04-07,25.1299991607666,29.709999084472656,25.1299991607666,27.389999389648438,13600
2025-04-08,28.43000030517578,30.1200008392334,25.15999984741211,25.59000015258789,14900
2025-04-09,27.729999542236328,32.0,25.59000015258789,31.360000610351562,25500
2025-04-10,30.149999618530273,30.459999084472656,28.6200008392334,29.329999923706055,10600
2025-04-11,28.889999389648438,30.979999542236328,28.889999389648438,30.979999542236328,4400
2025-04-14,31.450000762939453,31.479999542236328,29.770000457763672,30.520000457763672,7900
2025-04-15,30.0,30.549999237060547,29.860000610351562,30.549999237060547,5500
2025-04-16,30.5,30.59000015258789,27.84000015258789,29.860000610351562,8500
2025-04-17,29.920000076293945,29.920000076293945,29.34000015258789,29.610000610351562,4800
2025-04-21,30.989999771118164,30.989999771118164,28.270000457763672,29.440000534057617,5600
2025-04-22,30.670000076293945,31.889999389648438,30.670000076293945,31.579999923706055,4000
2025-04-23,33.0,33.0,29.0,30.270000457763672,11800
2025-04-24,30.190000534057617,30.190000534057617,29.309999465942383,30.030000686645508,6400
2025-04-25,29.010000228881836,29.559999465942383,28.100000381469727,28.799999237060547,6100
2025-04-28,29.030000686645508,29.719999313354492,28.15999984741211,29.350000381469727,6700
2025-04-29,29.780000686645508,29.850000381469727,29.100000381469727,29.549999237060547,6200
2025-04-30,27.440000534057617,30.479999542236328,27.440000534057617,29.989999771118164,7100
2025-05-01,30.5,30.540000915527344,29.139999389648438,29.420000076293945,6900
2025-05-02,29.649999618530273,32.43000030517578,29.6200008392334,32.15999984741211,8400
2025-05-05,31.010000228881836,31.899999618530273,29.850000381469727,30.65999984741211,5300
2025-05-06,30.450000762939453,30.809999465942383,29.829999923706055,30.809999465942383,4900
2025-05-07,31.219999313354492,31.219999313354492,29.59000015258789,30.65999984741211,7600
2025-05-08,30.739999771118164,31.440000534057617,30.610000610351562,30.610000610351562,7000
2025-05-09,33.810001373291016,33.810001373291016,29.440000534057617,30.170000076293945,7300
2025-05-12,31.209999084472656,32.959999084472656,30.600000381469727,32.959999084472656,11900
2025-05-13,32.7400016784668,33.459999084472656,31.739999771118164,32.9900016784668,10500
2025-05-14,32.400001525878906,33.4900016784668,32.0,32.16999816894531,7400
2025-05-15,31.969999313354492,32.619998931884766,31.489999771118164,32.4900016784668,8300
2025-05-16,32.52000045776367,33.9900016784668,32.5,32.63999938964844,8400
2025-05-19,33.0,33.150001525878906,31.81999969482422,32.540000915527344,4900
2025-05-20,32.54999923706055,33.9900016784668,31.059999465942383,31.670000076293945,7800
2025-05-21,30.770000457763672,32.63999938964844,30.65999984741211,31.020000457763672,8400
2025-05-22,33.529998779296875,33.529998779296875,30.469999313354492,30.540000915527344,15400
2025-05-23,30.489999771118164,31.09000015258789,28.889999389648438,29.309999465942383,19800
2025-05-27,29.450000762939453,33.02000045776367,29.450000762939453,29.969999313354492,16700
2025-05-28,30.149999618530273,33.81999969482422,30.149999618530273,31.760000228881836,26500
2025-05-29,31.75,33.41999816894531,30.290000915527344,31.389999389648438,28300
2025-05-30,30.84000015258789,31.889999389648438,30.030000686645508,30.139999389648438,12900
2025-06-02,30.5,30.5,27.43000030517578,28.290000915527344,16600
2025-06-03,27.610000610351562,30.229999542236328,27.610000610351562,29.219999313354492,29300
2025-06-04,29.56999969482422,29.670000076293945,28.110000610351562,29.329999923706055,15100
2025-06-05,29.950000762939453,29.989999771118164,28.5,29.68000030517578,14300
2025-06-06,29.93000030517578,32.0099983215332,29.450000762939453,30.3700008392334,17300
2025-06-09,30.329999923706055,32.06999969482422,29.920000076293945,31.799999237060547,12600
2025-06-10,30.84000015258789,31.559999465942383,30.459999084472656,31.0,8600
2025-06-11,31.0,31.59000015258789,29.579999923706055,29.670000076293945,13300
2025-06-12,30.34000015258789,32.06999969482422,28.90999984741211,29.450000762939453,11300
2025-06-13,28.68000030517578,29.18000030517578,28.1200008392334,28.290000915527344,15000
2025-06-16,28.229999542236328,30.1299991607666,28.229999542236328,29.8799991607666,12100
2025-06-17,29.889999389648438,30.09000015258789,29.309999465942383,29.309999465942383,11500
2025-06-18,32.189998626708984,32.189998626708984,28.920000076293945,29.549999237060547,11600
2025-06-20,30.219999313354492,30.809999465942383,29.610000610351562,29.610000610351562,16800
2025-06-23,29.59000015258789,30.950000762939453,29.31999969482422,30.950000762939453,14300
2025-06-24,30.6299991607666,32.189998626708984,30.020000457763672,31.270000457763672,16000
2025-06-25,30.15999984741211,31.280000686645508,30.149999618530273,30.510000228881836,8100
2025-06-26,30.229999542236328,31.610000610351562,30.219999313354492,31.610000610351562,9400
2025-06-27,31.899999618530273,33.47999954223633,31.31999969482422,33.47999954223633,192200
2025-06-30,33.650001525878906,34.33000183105469,33.560001373291016,33.560001373291016,22300
2025-07-01,33.27000045776367,34.75,32.380001068115234,34.189998626708984,24100
2025-07-02,33.70000076293945,34.97999954223633,33.70000076293945,34.5,6700
2025-07-03,35.369998931884766,35.369998931884766,34.93000030517578,34.93000030517578,1900
2025-07-07,34.91999816894531,34.91999816894531,32.849998474121094,33.040000915527344,8800
2025-07-08,33.54999923706055,34.5,33.22999954223633,33.84000015258789,7700
2025-07-09,34.5,35.02000045776367,33.66999816894531,34.59000015258789,7100
2025-07-10,34.58000183105469,36.0,34.4900016784668,35.59000015258789,10000
2025-07-11,39.15999984741211,39.93000030517578,36.5,38.2599983215332,26600
2025-07-14,37.939998626708984,38.16999816894531,37.90999984741211,38.0,6000
2025-07-15,37.88999938964844,38.540000915527344,35.41999816894531,37.9900016784668,22700
2025-07-16,38.040000915527344,38.709999084472656,36.47999954223633,37.189998626708984,7700
2025-07-17,37.599998474121094,39.02000045776367,35.06999969482422,38.5099983215332,12300
2025-07-18,38.70000076293945,38.70000076293945,36.5,37.27000045776367,7800
2025-07-21,37.27000045776367,37.869998931884766,36.349998474121094,36.61000061035156,9200
2025-07-22,36.91999816894531,37.47999954223633,36.040000915527344,36.95000076293945,11100
2025-07-23,36.869998931884766,37.650001525878906,36.75,37.63999938964844,9000
2025-07-24,37.75,37.75,36.5,36.83000183105469,6400
2025-07-25,37.38999938964844,37.849998474121094,36.88999938964844,36.88999938964844,3100
2025-07-28,36.900001525878906,37.25,36.45000076293945,37.220001220703125,6600
2025-07-29,37.09000015258789,37.33000183105469,36.599998474121094,37.290000915527344,5400
2025-07-30,36.90999984741211,37.470001220703125,35.0099983215332,35.2400016784668,8000
2025-07-31,35.15999984741211,37.040000915527344,33.33000183105469,34.77000045776367,12100
2025-08-01,34.04999923706055,35.529998779296875,34.04999923706055,35.40999984741211,9300
2025-08-04,37.09000015258789,37.5,36.040000915527344,37.11000061035156,9600
2025-08-05,37.459999084472656,37.459999084472656,35.97999954223633,36.90999984741211,7800
2025-08-06,37.5099983215332,38.91999816894531,36.369998931884766,38.040000915527344,10600
2025-08-07,38.400001525878906,38.66999816894531,36.060001373291016,36.27000045776367,6700
2025-08-08,36.93000030517578,38.0,36.93000030517578,37.349998474121094,9000
2025-08-11,37.09000015258789,39.0,36.900001525878906,38.400001525878906,10600
2025-08-12,38.27000045776367,42.0,38.27000045776367,41.7599983215332,12300
2025-08-13,41.81999969482422,42.59000015258789,40.959999084472656,42.220001220703125,22900
2025-08-14,42.540000915527344,43.58000183105469,41.0,42.56999969482422,14000
2025-08-15,43.36000061035156,43.65999984741211,41.310001373291016,42.16999816894531,7900
2025-08-18,41.54999923706055,42.959999084472656,41.130001068115234,42.560001373291016,5600
2025-08-19,42.77000045776367,42.91999816894531,40.88999938964844,42.0,14500
2025-08-20,39.439998626708984,40.72999954223633,37.959999084472656,39.599998474121094,23400
2025-08-21,39.84000015258789,40.0,39.220001220703125,39.220001220703125,6500
2025-08-22,42.75,43.619998931884766,40.84000015258789,41.13999938964844,35900
2025-08-25,41.5099983215332,41.68000030517578,40.38999938964844,41.27000045776367,5600
2025-08-26,40.81999969482422,41.27000045776367,40.619998931884766,40.7599983215332,7800
2025-08-27,40.25,41.7599983215332,39.310001373291016,41.0,11700
2025-08-28,40.7400016784668,41.959999084472656,40.7400016784668,41.720001220703125,7400
2025-08-29,41.45000076293945,43.52000045776367,39.36000061035156,43.16999816894531,17400
2025-09-02,41.9900016784668,42.959999084472656,41.060001373291016,41.060001373291016,6000
2025-09-03,43.279998779296875,43.279998779296875,40.0,40.459999084472656,9300
2025-09-04,40.9900016784668,42.29999923706055,40.77000045776367,41.36000061035156,5000
2025-09-05,41.84000015258789,42.5,41.5099983215332,41.79999923706055,6100
2025-09-08,41.790000915527344,42.119998931884766,35.040000915527344,42.02000045776367,6600
2025-09-09,41.45000076293945,41.4900016784668,39.06999969482422,39.599998474121094,11200
2025-09-10,38.91999816894531,41.25,38.91999816894531,40.459999084472656,4100
2025-09-11,39.119998931884766,41.810001373291016,39.119998931884766,41.70000076293945,6000
2025-09-12,41.16999816894531,41.34000015258789,39.81999969482422,39.81999969482422,6400
2025-09-15,40.61000061035156,41.779998779296875,40.61000061035156,41.779998779296875,2700
2025-09-16,41.70000076293945,42.41999816894531,40.869998931884766,42.09000015258789,5100
2025-09-17,42.25,43.0,40.20000076293945,41.560001373291016,9500
2025-09-18,42.25,43.25,41.869998931884766,43.2400016784668,7200
2025-09-19,42.68000030517578,42.79999923706055,38.220001220703125,38.959999084472656,48700
2025-09-22,39.27000045776367,39.47999954223633,35.13999938964844,36.75,14800
2025-09-23,37.38999938964844,37.38999938964844,34.90999984741211,35.93000030517578,13400
2025-09-24,35.72999954223633,36.31999969482422,34.16999816894531,35.97999954223633,15600
2025-09-25,35.04999923706055,36.7599983215332,33.779998779296875,36.09000015258789,9600
2025-09-26,35.400001525878906,37.41999816894531,35.400001525878906,35.900001525878906,10700
2025-09-29,36.150001525878906,36.279998779296875,34.95000076293945,35.29999923706055,10200
2025-09-30,35.27000045776367,37.61000061035156,34.439998626708984,36.900001525878906,12700
2025-10-01,36.7400016784668,37.130001068115234,35.790000915527344,36.77000045776367,9300
2025-10-02,36.9900016784668,37.25,35.15999984741211,36.290000915527344,10900
2025-10-03,36.5,36.5,35.91999816894531,36.13999938964844,5500
2025-10-06,36.15999984741211,36.70000076293945,35.33000183105469,35.70000076293945,7900
2025-10-07,36.25,36.25,34.84000015258789,34.84000015258789,6500
2025-10-08,34.0,36.08000183105469,34.0,35.90999984741211,6200
2025-10-09,35.36000061035156,35.75,35.04999923706055,35.04999923706055,4600
2025-10-10,34.70000076293945,36.72999954223633,33.720001220703125,34.380001068115234,6500
2025-10-13,34.400001525878906,36.58000183105469,33.75,35.400001525878906,9200
2025-10-14,35.06999969482422,37.88999938964844,34.220001220703125,36.66999816894531,6900
2025-10-15,37.220001220703125,37.619998931884766,36.45000076293945,37.619998931884766,4100
2025-10-16,37.75,37.75,36.849998474121094,37.119998931884766,4000
2025-10-17,36.5,37.75,36.5,37.720001220703125,4400
2025-10-20,36.869998931884766,38.16999816894531,36.65999984741211,37.279998779296875,8800
2025-10-21,37.810001373291016,39.630001068115234,37.7400016784668,38.70000076293945,7900
2025-10-22,38.369998931884766,39.54999923706055,35.75,38.9900016784668,5300
2025-10-23,38.90999984741211,39.97999954223633,38.75,39.0,6600
2025-10-24,39.81999969482422,40.04999923706055,38.61000061035156,40.04999923706055,11600
2025-10-27,40.9900016784668,41.81999969482422,39.09000015258789,39.09000015258789,9100
2025-10-28,42.150001525878906,42.150001525878906,38.630001068115234,38.63999938964844,9800
2025-10-29,39.33000183105469,40.040000915527344,37.630001068115234,37.630001068115234,7500
2025-10-30,37.630001068115234,38.33000183105469,36.470001220703125,37.9900016784668,10200
2025-10-31,38.15999984741211,38.15999984741211,36.459999084472656,36.459999084472656,9500
2025-11-03,37.09000015258789,37.58000183105469,36.0099983215332,36.63999938964844,13900
2025-11-04,35.849998474121094,38.029998779296875,35.849998474121094,36.72999954223633,11900
2025-11-05,36.880001068115234,38.0,36.540000915527344,37.70000076293945,13000
2025-11-06,37.08000183105469,38.18000030517578,36.97999954223633,37.20000076293945,6500
2025-11-07,37.209999084472656,38.099998474121094,36.77000045776367,38.0,7300
2025-11-10,37.91999816894531,39.91999816894531,37.4900016784668,38.59000015258789,8800
2025-11-11,39.369998931884766,39.369998931884766,37.08000183105469,37.83000183105469,4500
2025-11-12,37.90999984741211,40.0,37.83000183105469,37.83000183105469,25100
2025-11-13,37.880001068115234,38.5,37.58000183105469,38.150001525878906,9900
2025-11-14,38.209999084472656,40.0,35.75,37.900001525878906,18700
2025-11-17,37.22999954223633,37.63999938964844,35.25,35.25,14700
2025-11-18,33.15999984741211,34.04999923706055,32.65999984741211,33.029998779296875,8600
2025-11-19,33.119998931884766,33.41999816894531,31.899999618530273,32.5,6100
2025-11-20,33.369998931884766,36.310001373291016,30.75,31.200000762939453,19300
2025-11-21,31.6299991607666,33.689998626708984,31.6299991607666,33.689998626708984,6400
2025-11-24,33.29999923706055,33.4900016784668,32.599998474121094,32.66999816894531,4600
2025-11-25,32.33000183105469,35.560001373291016,32.33000183105469,34.33000183105469,6500
2025-11-26,34.59000015258789,35.25,34.380001068115234,34.380001068115234,7600
2025-11-28,35.279998779296875,35.279998779296875,34.0099983215332,34.81999969482422,3800
2025-12-01,34.54999923706055,34.97999954223633,33.36000061035156,33.36000061035156,6600
2025-12-02,35.20000076293945,35.720001220703125,34.349998474121094,34.369998931884766,4300
2025-12-03,34.790000915527344,36.0,34.54999923706055,35.59000015258789,7400
2025-12-04,35.689998626708984,35.75,34.06999969482422,34.06999969482422,7300
2025-12-05,34.720001220703125,36.5,33.90999984741211,34.15999984741211,6200
2025-12-08,33.72999954223633,34.099998474121094,31.90999984741211,32.279998779296875,10100
2025-12-09,32.779998779296875,33.38999938964844,31.520000457763672,32.7400016784668,6900
2025-12-10,33.02000045776367,33.97999954223633,33.02000045776367,33.650001525878906,13100
2025-12-11,34.97999954223633,35.06999969482422,33.709999084472656,34.84000015258789,11900
2025-12-12,36.0,36.0,33.779998779296875,34.04999923706055,7400
2025-12-15,34.04999923706055,34.810001373291016,33.33000183105469,34.02000045776367,14500
2025-12-16,34.369998931884766,35.630001068115234,33.90999984741211,35.630001068115234,7400
2025-12-17,35.16999816894531,36.68000030517578,34.77000045776367,35.9900016784668,9800
2025-12-18,36.0,36.540000915527344,35.56999969482422,36.2400016784668,7300
2025-12-19,36.18000030517578,36.97999954223633,35.2599983215332,35.2599983215332,24900
2025-12-22,35.349998474121094,36.279998779296875,34.0099983215332,34.45000076293945,8300
2025-12-23,35.18000030517578,35.18000030517578,34.58000183105469,34.59000015258789,3400
2025-12-24,35.2599983215332,36.150001525878906,34.529998779296875,34.7400016784668,5000
2025-12-26,35.0099983215332,35.2599983215332,34.91999816894531,35.20000076293945,5600
2025-12-29,35.88999938964844,35.900001525878906,35.20000076293945,35.540000915527344,4300
2025-12-30,35.439998626708984,37.31999969482422,34.84000015258789,36.31999969482422,8700
2025-12-31,35.15999984741211,38.58000183105469,35.15999984741211,36.34000015258789,7600
2026-01-02,36.77000045776367,38.0099983215332,36.5,37.4900016784668,11000
2026-01-05,38.79999923706055,38.79999923706055,35.54999923706055,35.54999923706055,7600
2026-01-06,35.90999984741211,36.29999923706055,34.25,34.47999954223633,15900
2026-01-07,34.63999938964844,36.060001373291016,33.5,33.58000183105469,6300
2026-01-08,36.83000183105469,36.83000183105469,33.060001373291016,34.52000045776367,4600
2026-01-09,34.5,36.060001373291016,34.5,35.36000061035156,9300
2026-01-12,34.900001525878906,35.560001373291016,34.900001525878906,35.08000183105469,3600
2026-01-13,36.97999954223633,36.97999954223633,33.88999938964844,35.77000045776367,3800
2026-01-14,35.11000061035156,35.880001068115234,35.11000061035156,35.880001068115234,3200
2026-01-15,36.36000061035156,38.47999954223633,36.36000061035156,37.5099983215332,9300
2026-01-16,37.31999969482422,38.709999084472656,36.650001525878906,36.65999984741211,7600
2026-01-20,36.5,37.189998626708984,36.15999984741211,36.38999938964844,4100
2026-01-21,38.18000030517578,38.18000030517578,37.45000076293945,37.45000076293945,4300
2026-01-22,36.150001525878906,38.5,36.099998474121094,37.529998779296875,3800
2026-01-23,36.900001525878906,37.38999938964844,35.70000076293945,35.709999084472656,4800
2026-01-26,36.66999816894531,37.5,36.0,36.0,2300
2026-01-27,35.529998779296875,36.439998626708984,35.52000045776367,36.290000915527344,3700
2026-01-28,36.0,37.119998931884766,35.66999816894531,35.81999969482422,3000
2026-01-29,35.869998931884766,35.869998931884766,34.36000061035156,35.209999084472656,9200
2026-01-30,36.86000061035156,36.86000061035156,34.52000045776367,35.13999938964844,8800
2026-02-02,34.540000915527344,36.849998474121094,34.04999923706055,36.369998931884766,4800
2026-02-03,36.20000076293945,36.849998474121094,35.66999816894531,36.5,3400
2026-02-04,35.84000015258789,36.86000061035156,35.84000015258789,36.79999923706055,5800
2026-02-05,35.79999923706055,36.86000061035156,35.36000061035156,35.7599983215332,7100
2026-02-06,36.150001525878906,37.68000030517578,36.150001525878906,36.560001373291016,6500
2026-02-09,36.70000076293945,36.70000076293945,34.959999084472656,34.959999084472656,7700
2026-02-10,34.88999938964844,35.459999084472656,33.90999984741211,34.41999816894531,10900
2026-02-11,34.38999938964844,34.650001525878906,33.47999954223633,33.77000045776367,5700
2026-02-12,33.630001068115234,34.06999969482422,32.79999923706055,32.79999923706055,3400
2026-02-13,34.33000183105469,34.33000183105469,33.310001373291016,33.310001373291016,2700
2026-02-17,33.099998474121094,33.63999938964844,32.900001525878906,32.970001220703125,3800
2026-02-18,33.41999816894531,33.470001220703125,32.5,32.81999969482422,3500
2026-02-19,32.060001373291016,34.11000061035156,32.060001373291016,33.0,4700
2026-02-20,32.66999816894531,34.2599983215332,32.66999816894531,33.06999969482422,3100
2026-02-23,32.47999954223633,33.2599983215332,32.47999954223633,32.5099983215332,6200
2026-02-24,32.91999816894531,34.650001525878906,32.91999816894531,34.470001220703125,5100
2026-02-25,34.619998931884766,37.5,34.560001373291016,36.849998474121094,10200
2026-02-26,37.279998779296875,38.5,37.0,37.869998931884766,13600
2026-02-27,38.0099983215332,39.849998474121094,38.0099983215332,38.40999984741211,10500
2026-03-02,38.25,40.0,38.25,39.81999969482422,9500
2026-03-03,39.349998474121094,39.54999923706055,38.0,38.5,7600
2026-03-04,38.470001220703125,38.84000015258789,37.599998474121094,37.599998474121094,5100
2026-03-05,37.77000045776367,38.25,36.7400016784668,36.7400016784668,3000
2026-03-06,36.099998474121094,36.25,35.36000061035156,35.400001525878906,4900
2026-03-09,34.86000061035156,34.86000061035156,33.61000061035156,34.540000915527344,6100
2026-03-10,34.880001068115234,34.880001068115234,34.20000076293945,34.34000015258789,2400
2026-03-11,34.04999923706055,35.029998779296875,34.04999923706055,34.790000915527344,2500
2026-03-12,34.18000030517578,34.20000076293945,33.25,33.25,5200
2026-03-13,34.97999954223633,34.97999954223633,31.68000030517578,32.939998626708984,13000
2026-03-16,32.79999923706055,33.4900016784668,31.709999084472656,32.90999984741211,6400
2026-03-17,35.650001525878906,35.650001525878906,31.969999313354492,31.969999313354492,4500
2026-03-18,32.0,32.0,27.989999771118164,28.309999465942383,15400
2026-03-19,28.350000381469727,29.690000534057617,27.010000228881836,27.530000686645508,4900
2026-03-20,27.56999969482422,28.6200008392334,25.600000381469727,26.25,21900
2026-03-23,28.0,30.989999771118164,28.0,29.959999084472656,19400
2026-03-24,30.149999618530273,32.0,29.649999618530273,29.649999618530273,13000
2026-03-25,29.299999237060547,30.639999389648438,28.969999313354492,30.229999542236328,7200
2026-03-26,30.1200008392334,32.95000076293945,30.1200008392334,32.95000076293945,5400
2026-03-27,32.95000076293945,32.95000076293945,32.400001525878906,32.45000076293945,4300
2026-03-30,33.099998474121094,33.86000061035156,32.5,32.5,10600
2026-03-31,33.7400016784668,33.7400016784668,32.099998474121094,32.529998779296875,8100
2026-04-01,32.849998474121094,32.849998474121094,28.969999313354492,28.969999313354492,11000
2026-04-02,28.799999237060547,29.350000381469727,27.079999923706055,28.489999771118164,8700
2026-04-06,28.489999771118164,29.639999389648438,27.389999389648438,28.209999084472656,12500
2026-04-07,27.84000015258789,27.84000015258789,27.0,27.5,11300
2026-04-08,28.239999771118164,29.0,26.950000762939453,27.719999313354492,20500
2026-04-09,27.59000015258789,29.049999237060547,27.59000015258789,29.049999237060547,8500
2026-04-10,29.8700008392334,29.920000076293945,28.75,29.8700008392334,7200
2026-04-13,30.56999969482422,31.5,29.770000457763672,30.989999771118164,12600
2026-04-14,30.6200008392334,33.29999923706055,30.6200008392334,32.06999969482422,14000
2026-04-15,32.0,32.560001373291016,30.149999618530273,31.719999313354492,13100
2026-04-16,31.899999618530273,33.790000915527344,31.75,32.13999938964844,18300
2026-04-17,32.619998931884766,33.97999954223633,31.989999771118164,33.97999954223633,10800
2026-04-20,33.22999954223633,33.900001525878906,33.0,33.119998931884766,5700
2026-04-21,33.09000015258789,34.08000183105469,32.880001068115234,32.880001068115234,7400
2026-04-22,32.83000183105469,33.58000183105469,32.31999969482422,33.58000183105469,6400
2026-04-23,33.099998474121094,33.970001220703125,32.75,32.959999084472656,4700
2026-04-24,32.7599983215332,34.189998626708984,32.7599983215332,34.18000030517578,6500
2026-04-27,33.650001525878906,34.25,33.470001220703125,33.470001220703125,7100
2026-04-28,33.25,33.4900016784668,32.52000045776367,33.29999923706055,5800
2026-04-29,32.880001068115234,33.97999954223633,32.70000076293945,33.150001525878906,11800
2026-04-30,33.25,33.95000076293945,33.099998474121094,33.779998779296875,6600
2026-05-01,33.5,35.16999816894531,33.5,34.959999084472656,8800
2026-05-04,35.0,35.5,34.0,34.0,8400
2026-05-05,33.95000076293945,35.0,33.95000076293945,34.650001525878906,7600
2026-05-06,34.63999938964844,35.869998931884766,34.4900016784668,34.599998474121094,7500
2026-05-07,34.4900016784668,35.630001068115234,33.63999938964844,35.02000045776367,4400
2026-05-08,34.689998626708984,36.02000045776367,34.0,34.79999923706055,7000
2026-05-11,34.849998474121094,35.54999923706055,31.229999542236328,31.600000381469727,15400
2026-05-12,31.969999313354492,31.969999313354492,30.760000228881836,30.760000228881836,3100
2026-05-13,30.3799991607666,32.0,29.610000610351562,29.610000610351562,21700
2026-05-14,29.799999237060547,31.0,29.799999237060547,30.8700008392334,4900
2026-05-15,30.15999984741211,32.0,30.15999984741211,30.700000762939453,14500
2026-05-18,29.6299991607666,31.770000457763672,29.6299991607666,30.299999237060547,6400
2026-05-19,30.299999237060547,30.709999084472656,27.670000076293945,28.850000381469727,20600
2026-05-20,29.899999618530273,30.969999313354492,29.899999618530273,30.270000457763672,10400
2026-05-21,29.829999923706055,31.0,29.239999771118164,29.5,5900
2026-05-22,30.299999237060547,30.489999771118164,29.079999923706055,29.450000762939453,6200
2026-05-26,30.8799991607666,31.329999923706055,29.690000534057617,31.200000762939453,14100
2026-05-27,31.639999389648438,31.649999618530273,31.209999084472656,31.219999313354492,7000
2026-05-28,31.700000762939453,32.689998626708984,30.25,32.41999816894531,8900
2026-05-29,32.630001068115234,33.63999938964844,32.04999923706055,32.04999923706055,6900
2026-06-01,32.61000061035156,32.70000076293945,31.5,32.43000030517578,6200
2026-06-02,32.36000061035156,32.689998626708984,31.209999084472656,31.209999084472656,13900
2026-06-03,31.56999969482422,32.25,29.950000762939453,29.950000762939453,13900
2026-06-04,30.65999984741211,31.450000762939453,30.329999923706055,30.829999923706055,6100
2026-06-05,31.049999237060547,31.459999084472656,29.90999984741211,29.90999984741211,10500
2026-06-08,30.549999237060547,30.549999237060547,28.719999313354492,28.75,12500
2026-06-09,29.010000228881836,32.34000015258789,29.010000228881836,32.29999923706055,14700
2026-06-10,31.0,32.150001525878906,29.010000228881836,29.5,18100
2026-06-11,30.0,30.059999465942383,28.75,29.719999313354492,15300
2026-06-12,30.149999618530273,32.0099983215332,29.18000030517578,31.350000381469727,13300
2026-06-15,31.049999237060547,31.889999389648438,28.719999313354492,29.459999084472656,13800
2026-06-16,30.170000076293945,30.920000076293945,29.200000762939453,29.200000762939453,14400
2026-06-17,29.5,29.850000381469727,28.649999618530273,28.649999618530273,6100
2026-06-18,28.84000015258789,30.639999389648438,28.84000015258789,30.510000228881836,15500
2026-06-22,29.920000076293945,30.719999313354492,28.5,29.049999237060547,11800
2026-06-23,29.170000076293945,30.790000915527344,29.170000076293945,30.18000030517578,6700
2026-06-24,29.920000076293945,30.200000762939453,29.360000610351562,29.709999084472656,15300
2026-06-25,29.809999465942383,30.479999542236328,29.5,30.139999389648438,6500
2026-06-26,29.56999969482422,31.600000381469727,29.56999969482422,29.75,93400
2026-06-29,30.06999969482422,30.989999771118164,29.219999313354492,29.520000457763672,10700
2026-06-30,29.68000030517578,29.8799991607666,28.920000076293945,29.0,30000
2026-07-01,29.100000381469727,30.729999542236328,29.100000381469727,30.59000015258789,15200
2026-07-02,30.93000030517578,31.40999984741211,28.8700008392334,29.700000762939453,17500
2026-07-06,29.899999618530273,30.209999084472656,29.540000915527344,29.540000915527344,5700
2026-07-07,29.540000915527344,30.010000228881836,29.190000534057617,29.440000534057617,19200
2026-07-08,29.3799991607666,30.350000381469727,29.229999542236328,29.229999542236328,5600
2026-07-09,29.489999771118164,30.290000915527344,29.149999618530273,29.549999237060547,8700
2026-07-10,29.40999984741211,30.079999923706055,29.40999984741211,29.969999313354492,9200
2026-07-13,29.579999923706055,30.81999969482422,29.200000762939453,30.190000534057617,15300
2026-07-14,30.190000534057617,30.299999237060547,29.510000228881836,29.510000228881836,10100
2026-07-15,28.600000381469727,30.209999084472656,28.600000381469727,29.149999618530273,13700
2026-07-16,29.5,29.5,28.920000076293945,29.239999771118164,12500
2026-07-17,29.110000610351562,29.25,28.600000381469727,28.600000381469727,16400
2026-07-20,28.600000381469727,29.049999237060547,28.079999923706055,28.520000457763672,34900
