date,open,high,low,close,volume
2012-01-03,25.899999618530273,26.100000381469727,25.520000457763672,25.719999313354492,57000
2012-01-04,25.459999084472656,26.15999984741211,25.040000915527344,25.290000915527344,44300
2012-01-05,25.1299991607666,25.719999313354492,24.90999984741211,25.549999237060547,38800
2012-01-06,25.030000686645508,25.309999465942383,24.850000381469727,24.8799991607666,61000
2012-01-09,24.850000381469727,25.139999389648438,24.610000610351562,24.809999465942383,20200
2012-01-10,25.149999618530273,25.25,24.780000686645508,24.940000534057617,24100
2012-01-11,24.899999618530273,24.899999618530273,24.520000457763672,24.75,42900
2012-01-12,24.959999084472656,25.030000686645508,24.459999084472656,24.809999465942383,24400
2012-01-13,24.3700008392334,24.829999923706055,24.299999237060547,24.65999984741211,38100
2012-01-17,24.899999618530273,24.899999618530273,24.229999542236328,24.31999969482422,46900
2012-01-18,24.290000915527344,24.75,24.0,24.75,34500
2012-01-19,24.760000228881836,24.90999984741211,24.299999237060547,24.559999465942383,31200
2012-01-20,24.690000534057617,26.170000076293945,24.610000610351562,25.09000015258789,62000
2012-01-23,25.139999389648438,25.459999084472656,25.139999389648438,25.3700008392334,15000
2012-01-24,25.290000915527344,25.65999984741211,25.049999237060547,25.530000686645508,33900
2012-01-25,25.520000457763672,25.670000076293945,25.020000457763672,25.219999313354492,43900
2012-01-26,25.350000381469727,25.360000610351562,24.510000228881836,25.030000686645508,41400
2012-01-27,24.84000015258789,25.290000915527344,24.84000015258789,25.059999465942383,36000
2012-01-30,24.950000762939453,26.6299991607666,24.799999237060547,26.09000015258789,166200
2012-01-31,26.18000030517578,26.3700008392334,24.969999313354492,25.040000915527344,249500
2012-02-01,25.31999969482422,26.5,25.1200008392334,25.68000030517578,123800
2012-02-02,25.600000381469727,26.350000381469727,25.600000381469727,25.979999542236328,39600
2012-02-03,26.5,26.790000915527344,26.350000381469727,26.489999771118164,46300
2012-02-06,26.450000762939453,26.520000457763672,25.559999465942383,25.790000915527344,38500
2012-02-07,25.65999984741211,26.079999923706055,25.510000228881836,25.540000915527344,40900
2012-02-08,25.530000686645508,25.81999969482422,25.09000015258789,25.329999923706055,52500
2012-02-09,25.34000015258789,25.450000762939453,24.350000381469727,24.600000381469727,78000
2012-02-10,24.479999542236328,24.889999389648438,24.34000015258789,24.639999389648438,61800
2012-02-13,25.010000228881836,25.459999084472656,24.850000381469727,25.40999984741211,62200
2012-02-14,25.350000381469727,25.8799991607666,24.920000076293945,25.649999618530273,66600
2012-02-15,25.719999313354492,25.969999313354492,25.0,25.079999923706055,34700
2012-02-16,25.09000015258789,25.979999542236328,25.06999969482422,25.93000030517578,50800
2012-02-17,26.0,26.200000762939453,25.84000015258789,26.059999465942383,49900
2012-02-21,26.200000762939453,26.200000762939453,25.540000915527344,25.780000686645508,18300
2012-02-22,25.690000534057617,25.75,24.93000030517578,24.93000030517578,44200
2012-02-23,25.06999969482422,25.93000030517578,25.0,25.799999237060547,51200
2012-02-24,25.760000228881836,25.860000610351562,25.399999618530273,25.479999542236328,37100
2012-02-27,25.229999542236328,25.729999542236328,25.020000457763672,25.59000015258789,34700
2012-02-28,25.649999618530273,25.649999618530273,25.100000381469727,25.219999313354492,55100
2012-02-29,25.360000610351562,25.40999984741211,24.540000915527344,24.549999237060547,64300
2012-03-01,24.739999771118164,25.31999969482422,24.309999465942383,24.3700008392334,54200
2012-03-02,24.489999771118164,24.510000228881836,23.559999465942383,23.690000534057617,82000
2012-03-05,23.56999969482422,24.440000534057617,23.549999237060547,24.350000381469727,68400
2012-03-06,23.989999771118164,24.139999389648438,23.540000915527344,23.56999969482422,44600
2012-03-07,23.790000915527344,24.149999618530273,23.729999542236328,24.139999389648438,25800
2012-03-08,24.229999542236328,24.530000686645508,23.760000228881836,24.510000228881836,25500
2012-03-09,24.510000228881836,25.34000015258789,24.440000534057617,24.979999542236328,55000
2012-03-12,24.969999313354492,25.049999237060547,24.520000457763672,24.989999771118164,15600
2012-03-13,25.049999237060547,25.299999237060547,24.6299991607666,25.270000457763672,31800
2012-03-14,25.170000076293945,25.270000457763672,24.799999237060547,24.81999969482422,15200
2012-03-15,24.90999984741211,25.440000534057617,24.59000015258789,24.959999084472656,42200
2012-03-16,25.079999923706055,25.139999389648438,24.709999084472656,25.030000686645508,78700
2012-03-19,24.940000534057617,25.93000030517578,24.729999542236328,25.479999542236328,30200
2012-03-20,25.260000228881836,25.40999984741211,25.030000686645508,25.100000381469727,18400
2012-03-21,25.270000457763672,25.299999237060547,24.860000610351562,24.959999084472656,11200
2012-03-22,24.770000457763672,24.799999237060547,24.239999771118164,24.31999969482422,17000
2012-03-23,24.260000228881836,24.760000228881836,24.200000762939453,24.739999771118164,22300
2012-03-26,25.1200008392334,25.690000534057617,25.040000915527344,25.6299991607666,31200
2012-03-27,25.690000534057617,25.760000228881836,25.239999771118164,25.350000381469727,36200
2012-03-28,25.43000030517578,25.729999542236328,25.020000457763672,25.43000030517578,23100
2012-03-29,25.139999389648438,25.15999984741211,24.65999984741211,25.0,17900
2012-03-30,25.260000228881836,25.260000228881836,24.459999084472656,24.469999313354492,31200
2012-04-02,24.420000076293945,24.809999465942383,24.399999618530273,24.760000228881836,28500
2012-04-03,24.649999618530273,24.860000610351562,24.329999923706055,24.34000015258789,31400
2012-04-04,24.09000015258789,24.190000534057617,23.610000610351562,23.829999923706055,38400
2012-04-05,23.739999771118164,23.850000381469727,23.59000015258789,23.6299991607666,13600
2012-04-09,23.290000915527344,23.3799991607666,22.75,23.1200008392334,37400
2012-04-10,23.059999465942383,23.059999465942383,22.399999618530273,22.739999771118164,55500
2012-04-11,22.93000030517578,23.389999389648438,22.920000076293945,23.360000610351562,25300
2012-04-12,23.34000015258789,23.600000381469727,23.239999771118164,23.3799991607666,23900
2012-04-13,23.209999084472656,23.209999084472656,22.5,22.510000228881836,27500
2012-04-16,22.559999465942383,23.020000457763672,22.530000686645508,22.899999618530273,18600
2012-04-17,23.030000686645508,23.56999969482422,22.790000915527344,23.31999969482422,28800
2012-04-18,23.229999542236328,23.229999542236328,22.770000457763672,22.799999237060547,19200
2012-04-19,22.780000686645508,23.020000457763672,22.469999313354492,22.59000015258789,26600
2012-04-20,23.18000030517578,23.25,22.709999084472656,23.020000457763672,33600
2012-04-23,22.520000457763672,22.6299991607666,22.25,22.469999313354492,41300
2012-04-24,22.43000030517578,23.0,22.43000030517578,22.84000015258789,20200
2012-04-25,23.049999237060547,23.350000381469727,22.8700008392334,23.170000076293945,28900
2012-04-26,23.059999465942383,23.600000381469727,22.899999618530273,23.149999618530273,17100
2012-04-27,23.15999984741211,23.530000686645508,22.84000015258789,23.3799991607666,22900
2012-04-30,23.43000030517578,23.489999771118164,22.6200008392334,22.690000534057617,30000
2012-05-01,22.670000076293945,23.110000610351562,22.34000015258789,22.34000015258789,81000
2012-05-02,22.1299991607666,22.469999313354492,21.940000534057617,22.06999969482422,34800
2012-05-03,21.90999984741211,22.110000610351562,21.600000381469727,21.989999771118164,38400
2012-05-04,21.90999984741211,22.3799991607666,21.459999084472656,21.530000686645508,29400
2012-05-07,21.3799991607666,22.020000457763672,21.0,21.540000915527344,28000
2012-05-08,21.3799991607666,22.1299991607666,21.3799991607666,21.989999771118164,43900
2012-05-09,21.65999984741211,21.809999465942383,21.510000228881836,21.600000381469727,17000
2012-05-10,21.799999237060547,22.239999771118164,21.56999969482422,22.059999465942383,18000
2012-05-11,21.8799991607666,22.190000534057617,21.610000610351562,21.760000228881836,23400
2012-05-14,21.43000030517578,21.860000610351562,21.350000381469727,21.399999618530273,32700
2012-05-15,21.360000610351562,21.790000915527344,21.280000686645508,21.329999923706055,23000
2012-05-16,21.510000228881836,21.940000534057617,21.510000228881836,21.59000015258789,22100
2012-05-17,21.700000762939453,21.770000457763672,21.489999771118164,21.489999771118164,26800
2012-05-18,21.420000076293945,21.920000076293945,21.309999465942383,21.559999465942383,32500
2012-05-21,21.549999237060547,21.950000762939453,21.43000030517578,21.729999542236328,36600
2012-05-22,21.809999465942383,21.959999084472656,21.3799991607666,21.59000015258789,60000
2012-05-23,21.389999389648438,21.850000381469727,21.149999618530273,21.540000915527344,38000
2012-05-24,21.639999389648438,21.979999542236328,21.239999771118164,21.979999542236328,32800
2012-05-25,21.899999618530273,22.100000381469727,21.559999465942383,21.719999313354492,14200
2012-05-29,21.719999313354492,22.030000686645508,21.260000228881836,21.690000534057617,45500
2012-05-30,21.399999618530273,21.530000686645508,21.1200008392334,21.219999313354492,58700
2012-05-31,21.209999084472656,21.559999465942383,21.0,21.309999465942383,39400
2012-06-01,20.889999389648438,21.049999237060547,20.510000228881836,20.56999969482422,26200
2012-06-04,20.690000534057617,20.950000762939453,20.540000915527344,20.75,24400
2012-06-05,20.600000381469727,21.059999465942383,20.559999465942383,20.65999984741211,38600
2012-06-06,20.799999237060547,21.360000610351562,20.579999923706055,21.25,51500
2012-06-07,21.530000686645508,21.8799991607666,21.149999618530273,21.40999984741211,40700
2012-06-08,21.31999969482422,21.780000686645508,21.200000762939453,21.75,24100
2012-06-11,21.8700008392334,22.059999465942383,21.389999389648438,21.469999313354492,47200
2012-06-12,21.59000015258789,21.790000915527344,21.219999313354492,21.770000457763672,15600
2012-06-13,21.75,22.030000686645508,21.25,21.34000015258789,21800
2012-06-14,21.3700008392334,21.729999542236328,21.270000457763672,21.59000015258789,31700
2012-06-15,21.469999313354492,21.719999313354492,21.149999618530273,21.299999237060547,94100
2012-06-18,21.139999389648438,21.420000076293945,21.010000228881836,21.110000610351562,27800
2012-06-19,21.139999389648438,21.6200008392334,20.950000762939453,21.559999465942383,53800
2012-06-20,21.469999313354492,21.93000030517578,21.469999313354492,21.790000915527344,26100
2012-06-21,21.829999923706055,21.829999923706055,21.1200008392334,21.209999084472656,60800
2012-06-22,21.459999084472656,21.65999984741211,21.18000030517578,21.530000686645508,82500
2012-06-25,21.100000381469727,21.579999923706055,21.100000381469727,21.34000015258789,51700
2012-06-26,21.399999618530273,21.940000534057617,21.3700008392334,21.709999084472656,26200
2012-06-27,21.68000030517578,22.399999618530273,21.6299991607666,22.31999969482422,21900
2012-06-28,22.139999389648438,22.299999237060547,21.860000610351562,22.170000076293945,31300
2012-06-29,22.559999465942383,22.809999465942383,22.43000030517578,22.600000381469727,45300
2012-07-02,22.649999618530273,23.229999542236328,22.6299991607666,23.18000030517578,53800
2012-07-03,23.049999237060547,23.3700008392334,22.489999771118164,23.260000228881836,41600
2012-07-05,23.100000381469727,23.43000030517578,23.049999237060547,23.34000015258789,14100
2012-07-06,23.020000457763672,23.459999084472656,23.020000457763672,23.280000686645508,18100
2012-07-09,23.15999984741211,23.200000762939453,22.510000228881836,22.920000076293945,52700
2012-07-10,23.010000228881836,23.079999923706055,22.510000228881836,22.739999771118164,38300
2012-07-11,22.670000076293945,22.8799991607666,22.559999465942383,22.719999313354492,46300
2012-07-12,22.6200008392334,23.170000076293945,22.540000915527344,22.969999313354492,61400
2012-07-13,23.0,23.6200008392334,23.0,23.40999984741211,30000
2012-07-16,23.31999969482422,23.469999313354492,23.139999389648438,23.260000228881836,11400
2012-07-17,23.360000610351562,23.59000015258789,23.020000457763672,23.270000457763672,27200
2012-07-18,23.34000015258789,23.8799991607666,23.290000915527344,23.579999923706055,19800
2012-07-19,23.6299991607666,23.6299991607666,23.030000686645508,23.059999465942383,27400
2012-07-20,22.81999969482422,22.950000762939453,22.420000076293945,22.549999237060547,56200
2012-07-23,22.09000015258789,22.59000015258789,22.020000457763672,22.170000076293945,22600
2012-07-24,22.299999237060547,22.299999237060547,21.950000762939453,21.989999771118164,16200
2012-07-25,22.229999542236328,22.600000381469727,21.399999618530273,21.549999237060547,46600
2012-07-26,21.940000534057617,22.149999618530273,21.56999969482422,21.809999465942383,32400
2012-07-27,21.860000610351562,22.530000686645508,21.549999237060547,22.299999237060547,82100
2012-07-30,22.270000457763672,22.3799991607666,21.760000228881836,21.790000915527344,24400
2012-07-31,21.780000686645508,22.3799991607666,21.780000686645508,22.219999313354492,45400
2012-08-01,22.25,22.3700008392334,21.8799991607666,21.940000534057617,42100
2012-08-02,21.6299991607666,22.110000610351562,21.610000610351562,21.889999389648438,27600
2012-08-03,22.280000686645508,22.670000076293945,22.170000076293945,22.469999313354492,36300
2012-08-06,22.209999084472656,22.799999237060547,22.170000076293945,22.31999969482422,45300
2012-08-07,22.520000457763672,22.81999969482422,22.40999984741211,22.420000076293945,17600
2012-08-08,22.579999923706055,22.610000610351562,22.290000915527344,22.350000381469727,8000
2012-08-09,22.299999237060547,22.459999084472656,22.0,22.09000015258789,24900
2012-08-10,22.059999465942383,22.149999618530273,21.799999237060547,22.049999237060547,17400
2012-08-13,21.940000534057617,22.360000610351562,21.59000015258789,22.149999618530273,46900
2012-08-14,22.34000015258789,22.34000015258789,21.809999465942383,21.979999542236328,15800
2012-08-15,21.959999084472656,22.1299991607666,21.959999084472656,22.059999465942383,14600
2012-08-16,22.100000381469727,22.530000686645508,21.770000457763672,22.43000030517578,41900
2012-08-17,22.34000015258789,23.309999465942383,22.149999618530273,22.84000015258789,84300
2012-08-20,22.700000762939453,23.299999237060547,22.610000610351562,23.139999389648438,18500
2012-08-21,23.260000228881836,23.969999313354492,22.979999542236328,23.06999969482422,17900
2012-08-22,22.510000228881836,23.34000015258789,22.510000228881836,22.920000076293945,33000
2012-08-23,22.719999313354492,22.860000610351562,22.170000076293945,22.510000228881836,48200
2012-08-24,22.43000030517578,23.299999237060547,22.43000030517578,22.829999923706055,31900
2012-08-27,22.93000030517578,23.030000686645508,22.6299991607666,22.81999969482422,21000
2012-08-28,22.780000686645508,23.43000030517578,22.639999389648438,23.239999771118164,25600
2012-08-29,23.34000015258789,23.770000457763672,23.260000228881836,23.510000228881836,13800
2012-08-30,23.149999618530273,23.549999237060547,22.989999771118164,22.989999771118164,9300
2012-08-31,23.18000030517578,23.31999969482422,22.809999465942383,22.829999923706055,72100
2012-09-04,22.90999984741211,23.100000381469727,22.56999969482422,23.079999923706055,45100
2012-09-05,23.209999084472656,23.209999084472656,22.670000076293945,22.8799991607666,24500
2012-09-06,22.979999542236328,23.600000381469727,22.979999542236328,23.3799991607666,35800
2012-09-07,23.3799991607666,23.3799991607666,22.979999542236328,23.06999969482422,32000
2012-09-10,23.010000228881836,23.059999465942383,22.360000610351562,22.43000030517578,20700
2012-09-11,22.3799991607666,22.790000915527344,22.200000762939453,22.399999618530273,16100
2012-09-12,22.350000381469727,22.709999084472656,22.350000381469727,22.540000915527344,73100
2012-09-13,22.440000534057617,23.1299991607666,22.270000457763672,22.799999237060547,39800
2012-09-14,22.8799991607666,23.239999771118164,22.81999969482422,22.950000762939453,42700
2012-09-17,22.90999984741211,22.90999984741211,22.56999969482422,22.850000381469727,20000
2012-09-18,22.690000534057617,23.18000030517578,22.690000534057617,22.899999618530273,51800
2012-09-19,23.020000457763672,23.020000457763672,22.670000076293945,22.700000762939453,44500
2012-09-20,22.5,22.5,22.170000076293945,22.239999771118164,33000
2012-09-21,22.68000030517578,22.899999618530273,22.350000381469727,22.899999618530273,163900
2012-09-24,22.75,22.899999618530273,22.3700008392334,22.809999465942383,37400
2012-09-25,22.889999389648438,23.020000457763672,22.40999984741211,22.43000030517578,43200
2012-09-26,22.559999465942383,22.780000686645508,22.010000228881836,22.399999618530273,43100
2012-09-27,22.520000457763672,22.709999084472656,22.520000457763672,22.649999618530273,33700
2012-09-28,22.5,22.670000076293945,22.270000457763672,22.270000457763672,20900
2012-10-01,22.360000610351562,22.75,22.170000076293945,22.389999389648438,19500
2012-10-02,22.43000030517578,22.6299991607666,22.18000030517578,22.579999923706055,21800
2012-10-03,22.56999969482422,23.040000915527344,22.43000030517578,22.510000228881836,16700
2012-10-04,22.6299991607666,22.920000076293945,22.6299991607666,22.8799991607666,8700
2012-10-05,22.920000076293945,23.149999618530273,22.809999465942383,22.829999923706055,10900
2012-10-08,22.770000457763672,22.799999237060547,22.219999313354492,22.440000534057617,15200
2012-10-09,22.510000228881836,22.739999771118164,22.1200008392334,22.1200008392334,31000
2012-10-10,22.309999465942383,22.65999984741211,22.309999465942383,22.579999923706055,73200
2012-10-11,22.770000457763672,23.0,22.600000381469727,22.829999923706055,20600
2012-10-12,22.770000457763672,22.770000457763672,22.059999465942383,22.059999465942383,60700
2012-10-15,22.200000762939453,22.3799991607666,22.010000228881836,22.34000015258789,15000
2012-10-16,22.43000030517578,22.43000030517578,21.950000762939453,21.979999542236328,20400
2012-10-17,22.09000015258789,22.3700008392334,22.049999237060547,22.34000015258789,7500
2012-10-18,22.25,22.399999618530273,21.770000457763672,21.770000457763672,34000
2012-10-19,21.690000534057617,21.8799991607666,21.260000228881836,21.440000534057617,32500
2012-10-22,21.280000686645508,21.780000686645508,21.280000686645508,21.600000381469727,8500
2012-10-23,21.450000762939453,21.489999771118164,21.0,21.3700008392334,16400
2012-10-24,21.700000762939453,21.75,21.399999618530273,21.670000076293945,24000
2012-10-25,21.90999984741211,22.100000381469727,21.610000610351562,21.959999084472656,10500
2012-10-26,21.899999618530273,22.049999237060547,21.700000762939453,21.969999313354492,31100
2012-10-31,22.0,22.309999465942383,21.420000076293945,22.209999084472656,47600
2012-11-01,22.09000015258789,22.270000457763672,21.90999984741211,22.149999618530273,29900
2012-11-02,22.270000457763672,22.270000457763672,21.770000457763672,21.860000610351562,53300
2012-11-05,21.610000610351562,22.260000228881836,21.610000610351562,21.989999771118164,18500
2012-11-06,22.1299991607666,22.200000762939453,21.75,21.979999542236328,53600
2012-11-07,21.729999542236328,21.969999313354492,21.049999237060547,21.049999237060547,29600
2012-11-08,21.139999389648438,21.34000015258789,20.760000228881836,20.780000686645508,42900
2012-11-09,20.729999542236328,21.479999542236328,20.5,20.829999923706055,38600
2012-11-12,21.079999923706055,21.3799991607666,20.93000030517578,21.06999969482422,3600
2012-11-13,20.889999389648438,21.170000076293945,20.360000610351562,20.40999984741211,32500
2012-11-14,20.40999984741211,20.600000381469727,19.790000915527344,19.860000610351562,20800
2012-11-15,19.889999389648438,20.770000457763672,19.700000762939453,20.420000076293945,50500
2012-11-16,20.389999389648438,20.93000030517578,20.290000915527344,20.709999084472656,41500
2012-11-19,21.260000228881836,21.350000381469727,20.899999618530273,20.969999313354492,16900
2012-11-20,20.8700008392334,21.0,20.770000457763672,20.899999618530273,11800
2012-11-21,20.950000762939453,20.950000762939453,20.670000076293945,20.760000228881836,20000
2012-11-23,20.8700008392334,21.170000076293945,20.850000381469727,21.0,17600
2012-11-26,21.010000228881836,21.149999618530273,20.790000915527344,21.149999618530273,12400
2012-11-27,21.260000228881836,21.260000228881836,20.809999465942383,20.889999389648438,16800
2012-11-28,20.969999313354492,21.25,20.68000030517578,21.170000076293945,10200
2012-11-29,21.399999618530273,21.399999618530273,21.059999465942383,21.170000076293945,76000
2012-11-30,21.049999237060547,21.209999084472656,20.959999084472656,21.149999618530273,77600
2012-12-03,21.25,21.25,20.93000030517578,21.200000762939453,59000
2012-12-04,21.229999542236328,21.420000076293945,21.09000015258789,21.200000762939453,8600
2012-12-05,21.329999923706055,21.350000381469727,21.149999618530273,21.350000381469727,13500
2012-12-06,21.399999618530273,21.40999984741211,21.110000610351562,21.3700008392334,16400
2012-12-07,21.5,21.860000610351562,21.219999313354492,21.760000228881836,51500
2012-12-10,21.780000686645508,21.989999771118164,21.709999084472656,21.959999084472656,64300
2012-12-11,22.030000686645508,22.030000686645508,21.75,21.860000610351562,30300
2012-12-12,21.979999542236328,21.979999542236328,21.649999618530273,21.719999313354492,54700
2012-12-13,21.8700008392334,21.8700008392334,21.75,21.75,28000
2012-12-14,21.690000534057617,21.979999542236328,21.690000534057617,21.760000228881836,18500
2012-12-17,21.979999542236328,22.479999542236328,21.760000228881836,21.940000534057617,28400
2012-12-18,22.040000915527344,22.309999465942383,22.030000686645508,22.270000457763672,23500
2012-12-19,22.350000381469727,22.549999237060547,21.850000381469727,22.399999618530273,13800
2012-12-20,22.510000228881836,22.510000228881836,21.920000076293945,22.329999923706055,40200
2012-12-21,22.350000381469727,22.350000381469727,21.8799991607666,22.299999237060547,104500
2012-12-24,22.25,22.25,22.09000015258789,22.15999984741211,3500
2012-12-26,22.329999923706055,22.329999923706055,21.989999771118164,22.1299991607666,11300
2012-12-27,22.1200008392334,22.350000381469727,21.75,22.18000030517578,15000
2012-12-28,22.1200008392334,22.5,22.010000228881836,22.170000076293945,17500
2012-12-31,22.489999771118164,22.729999542236328,21.75,22.09000015258789,60600
2013-01-02,22.559999465942383,23.0,22.350000381469727,22.959999084472656,54000
2013-01-03,23.0,23.0,22.65999984741211,22.770000457763672,33400
2013-01-04,22.829999923706055,23.0,22.709999084472656,22.770000457763672,28900
2013-01-07,22.639999389648438,22.75,22.530000686645508,22.610000610351562,11500
2013-01-08,22.350000381469727,22.579999923706055,22.270000457763672,22.520000457763672,17000
2013-01-09,22.649999618530273,22.700000762939453,22.219999313354492,22.510000228881836,24200
2013-01-10,22.399999618530273,22.6299991607666,22.389999389648438,22.6200008392334,13900
2013-01-11,22.670000076293945,22.670000076293945,22.329999923706055,22.40999984741211,12900
2013-01-14,22.40999984741211,22.639999389648438,22.40999984741211,22.540000915527344,15100
2013-01-15,22.40999984741211,22.579999923706055,22.40999984741211,22.540000915527344,20100
2013-01-16,22.5,22.5,22.299999237060547,22.420000076293945,18800
2013-01-17,22.489999771118164,22.719999313354492,22.360000610351562,22.719999313354492,20900
2013-01-18,22.639999389648438,22.959999084472656,22.459999084472656,22.739999771118164,19900
2013-01-22,22.799999237060547,22.979999542236328,22.690000534057617,22.969999313354492,21700
2013-01-23,22.920000076293945,22.920000076293945,21.989999771118164,22.0,56200
2013-01-24,22.059999465942383,22.3799991607666,21.959999084472656,22.170000076293945,50400
2013-01-25,22.190000534057617,22.190000534057617,22.0,22.110000610351562,48400
2013-01-28,22.100000381469727,22.479999542236328,22.100000381469727,22.329999923706055,36200
2013-01-29,22.280000686645508,22.459999084472656,22.15999984741211,22.350000381469727,41600
2013-01-30,22.25,22.420000076293945,22.049999237060547,22.09000015258789,41500
2013-01-31,21.989999771118164,22.959999084472656,21.8799991607666,22.600000381469727,100300
2013-02-01,22.729999542236328,23.209999084472656,22.510000228881836,22.920000076293945,56200
2013-02-04,22.739999771118164,22.75,22.34000015258789,22.649999618530273,49100
2013-02-05,22.860000610351562,23.15999984741211,22.860000610351562,22.959999084472656,28300
2013-02-06,22.90999984741211,23.079999923706055,22.809999465942383,22.8799991607666,40900
2013-02-07,23.0,23.059999465942383,22.780000686645508,23.049999237060547,46800
2013-02-08,23.110000610351562,23.149999618530273,22.979999542236328,23.020000457763672,26600
2013-02-11,23.040000915527344,23.34000015258789,23.040000915527344,23.170000076293945,18800
2013-02-12,23.170000076293945,23.329999923706055,22.969999313354492,23.010000228881836,9900
2013-02-13,23.040000915527344,23.149999618530273,23.0,23.149999618530273,12300
2013-02-14,23.229999542236328,23.229999542236328,23.040000915527344,23.100000381469727,75700
2013-02-15,23.200000762939453,23.260000228881836,22.530000686645508,23.059999465942383,54300
2013-02-19,23.040000915527344,23.290000915527344,23.0,23.1200008392334,50800
2013-02-20,22.950000762939453,23.290000915527344,22.65999984741211,22.719999313354492,44300
2013-02-21,22.75,23.18000030517578,22.75,23.049999237060547,21800
2013-02-22,23.1200008392334,23.6200008392334,23.1200008392334,23.540000915527344,25900
2013-02-25,23.6200008392334,23.6200008392334,23.0,23.0,34400
2013-02-26,23.040000915527344,23.399999618530273,23.0,23.270000457763672,12000
2013-02-27,23.25,23.729999542236328,23.25,23.420000076293945,23800
2013-02-28,23.59000015258789,24.0,23.510000228881836,23.559999465942383,40700
2013-03-01,23.299999237060547,23.979999542236328,23.299999237060547,23.799999237060547,24800
2013-03-04,23.770000457763672,24.0,23.6200008392334,23.770000457763672,17300
2013-03-05,23.81999969482422,24.079999923706055,23.520000457763672,23.6299991607666,25300
2013-03-06,23.579999923706055,23.829999923706055,23.579999923706055,23.600000381469727,22600
2013-03-07,23.530000686645508,24.049999237060547,23.290000915527344,23.90999984741211,49800
2013-03-08,24.09000015258789,24.399999618530273,23.75,23.799999237060547,27100
2013-03-11,23.65999984741211,24.0,23.65999984741211,23.989999771118164,17300
2013-03-12,23.8700008392334,24.100000381469727,23.739999771118164,24.049999237060547,12600
2013-03-13,23.989999771118164,24.5,23.989999771118164,24.360000610351562,22800
2013-03-14,24.309999465942383,24.579999923706055,24.25,24.459999084472656,25800
2013-03-15,24.520000457763672,24.75,24.0,24.489999771118164,85300
2013-03-18,24.219999313354492,24.510000228881836,24.110000610351562,24.1200008392334,18800
2013-03-19,23.90999984741211,24.34000015258789,23.90999984741211,24.229999542236328,16600
2013-03-20,24.100000381469727,24.209999084472656,23.959999084472656,24.030000686645508,35800
2013-03-21,23.809999465942383,24.09000015258789,23.520000457763672,23.950000762939453,35200
2013-03-22,24.0,24.170000076293945,23.940000534057617,24.0,22700
2013-03-25,24.020000457763672,24.229999542236328,24.0,24.1299991607666,35000
2013-03-26,24.290000915527344,24.790000915527344,24.020000457763672,24.030000686645508,17700
2013-03-27,23.889999389648438,23.989999771118164,23.56999969482422,23.700000762939453,18200
2013-03-28,23.790000915527344,23.799999237060547,23.489999771118164,23.700000762939453,36200
2013-04-01,23.260000228881836,24.030000686645508,23.260000228881836,23.65999984741211,41400
2013-04-02,23.81999969482422,24.010000228881836,23.350000381469727,23.399999618530273,18600
2013-04-03,23.43000030517578,23.459999084472656,23.0,23.010000228881836,47100
2013-04-04,23.280000686645508,23.3700008392334,23.020000457763672,23.020000457763672,14200
2013-04-05,22.649999618530273,23.06999969482422,22.649999618530273,23.020000457763672,33700
2013-04-08,23.139999389648438,23.469999313354492,22.829999923706055,23.239999771118164,22200
2013-04-09,23.209999084472656,23.34000015258789,22.81999969482422,22.90999984741211,32400
2013-04-10,23.0,23.3700008392334,23.0,23.239999771118164,25800
2013-04-11,23.280000686645508,23.350000381469727,23.110000610351562,23.280000686645508,12500
2013-04-12,23.299999237060547,23.329999923706055,23.0,23.18000030517578,28600
2013-04-15,23.040000915527344,23.079999923706055,22.93000030517578,23.0,44200
2013-04-16,23.139999389648438,23.280000686645508,23.0,23.1200008392334,31000
2013-04-17,23.0,23.479999542236328,22.860000610351562,23.030000686645508,126500
2013-04-18,23.139999389648438,23.639999389648438,23.1299991607666,23.25,43600
2013-04-19,23.190000534057617,23.5,23.190000534057617,23.40999984741211,33900
2013-04-22,23.020000457763672,23.5,23.020000457763672,23.399999618530273,8300
2013-04-23,23.649999618530273,24.06999969482422,23.649999618530273,24.0,17000
2013-04-24,23.940000534057617,23.969999313354492,23.559999465942383,23.6200008392334,11200
2013-04-25,23.68000030517578,24.239999771118164,23.229999542236328,23.329999923706055,18100
2013-04-26,23.3799991607666,23.940000534057617,23.049999237060547,23.149999618530273,25100
2013-04-29,23.260000228881836,23.459999084472656,23.09000015258789,23.3700008392334,13000
2013-04-30,23.360000610351562,23.549999237060547,23.34000015258789,23.530000686645508,14500
2013-05-01,23.510000228881836,23.59000015258789,22.8700008392334,22.8700008392334,59700
2013-05-02,23.0,23.639999389648438,23.0,23.280000686645508,48400
2013-05-03,23.459999084472656,23.780000686645508,22.989999771118164,23.6200008392334,43400
2013-05-06,23.709999084472656,23.969999313354492,23.559999465942383,23.809999465942383,12200
2013-05-07,23.90999984741211,24.190000534057617,23.5,24.06999969482422,20800
2013-05-08,24.059999465942383,24.260000228881836,23.780000686645508,23.950000762939453,21000
2013-05-09,23.989999771118164,23.989999771118164,23.65999984741211,23.700000762939453,6800
2013-05-10,23.75,23.75,23.420000076293945,23.700000762939453,11400
2013-05-13,23.93000030517578,24.0,23.75,23.809999465942383,11200
2013-05-14,23.809999465942383,24.1299991607666,23.809999465942383,24.049999237060547,22000
2013-05-15,23.959999084472656,24.5,23.739999771118164,24.0,21400
2013-05-16,24.0,24.420000076293945,23.959999084472656,24.219999313354492,20000
2013-05-17,24.399999618530273,24.459999084472656,24.209999084472656,24.329999923706055,26500
2013-05-20,24.25,24.700000762939453,24.219999313354492,24.65999984741211,9000
2013-05-21,24.59000015258789,24.610000610351562,24.34000015258789,24.610000610351562,16200
2013-05-22,24.56999969482422,24.989999771118164,23.979999542236328,24.170000076293945,20000
2013-05-23,24.040000915527344,24.139999389648438,23.559999465942383,23.950000762939453,14600
2013-05-24,23.8799991607666,24.229999542236328,23.719999313354492,24.209999084472656,4700
2013-05-28,24.360000610351562,25.0,24.360000610351562,24.670000076293945,18100
2013-05-29,24.6299991607666,24.6299991607666,24.239999771118164,24.25,7800
2013-05-30,24.770000457763672,24.969999313354492,24.440000534057617,24.540000915527344,9700
2013-05-31,24.350000381469727,24.450000762939453,24.059999465942383,24.209999084472656,23300
2013-06-03,24.219999313354492,24.989999771118164,24.100000381469727,24.770000457763672,57100
2013-06-04,24.719999313354492,25.0,24.520000457763672,24.719999313354492,44600
2013-06-05,24.770000457763672,24.969999313354492,24.6200008392334,24.760000228881836,9600
2013-06-06,24.90999984741211,24.90999984741211,24.350000381469727,24.6299991607666,14300
2013-06-07,24.770000457763672,24.780000686645508,24.270000457763672,24.600000381469727,19800
2013-06-10,24.6200008392334,24.979999542236328,24.299999237060547,24.969999313354492,12100
2013-06-11,24.719999313354492,25.25,24.510000228881836,24.719999313354492,32600
2013-06-12,24.780000686645508,24.790000915527344,24.3700008392334,24.440000534057617,47200
2013-06-13,24.520000457763672,25.09000015258789,24.5,25.0,9900
2013-06-14,24.950000762939453,24.950000762939453,24.170000076293945,24.270000457763672,12600
2013-06-17,24.549999237060547,24.8799991607666,24.3700008392334,24.600000381469727,17400
2013-06-18,24.579999923706055,25.110000610351562,24.360000610351562,24.979999542236328,19200
2013-06-19,25.049999237060547,25.049999237060547,24.5,24.549999237060547,10500
2013-06-20,24.229999542236328,24.399999618530273,23.739999771118164,24.0,19200
2013-06-21,24.079999923706055,24.170000076293945,23.81999969482422,24.020000457763672,76500
2013-06-24,23.799999237060547,24.139999389648438,23.5,23.8799991607666,55600
2013-06-25,24.15999984741211,24.209999084472656,23.5,24.18000030517578,60100
2013-06-26,24.309999465942383,24.309999465942383,23.559999465942383,23.56999969482422,41300
2013-06-27,23.649999618530273,24.239999771118164,23.549999237060547,24.18000030517578,58900
2013-06-28,24.049999237060547,24.1200008392334,23.459999084472656,23.760000228881836,101000
2013-07-01,24.0,24.25,23.8700008392334,24.25,35500
2013-07-02,24.25,24.610000610351562,24.149999618530273,24.540000915527344,50600
2013-07-03,24.34000015258789,24.729999542236328,24.34000015258789,24.639999389648438,12200
2013-07-05,25.040000915527344,25.25,24.010000228881836,25.25,19600
2013-07-08,25.239999771118164,25.729999542236328,24.979999542236328,25.40999984741211,30600
2013-07-09,25.299999237060547,25.5,24.770000457763672,25.489999771118164,29800
2013-07-10,25.25,25.670000076293945,25.059999465942383,25.40999984741211,41500
2013-07-11,25.68000030517578,25.729999542236328,25.239999771118164,25.709999084472656,82600
2013-07-12,25.5,25.979999542236328,25.399999618530273,25.829999923706055,31700
2013-07-15,25.649999618530273,26.0,25.649999618530273,25.989999771118164,35800
2013-07-16,26.0,26.219999313354492,25.709999084472656,26.170000076293945,37600
2013-07-17,26.25,26.860000610351562,26.239999771118164,26.65999984741211,19500
2013-07-18,26.65999984741211,28.81999969482422,26.65999984741211,27.239999771118164,66500
2013-07-19,27.239999771118164,27.530000686645508,27.020000457763672,27.31999969482422,23900
2013-07-22,27.15999984741211,27.700000762939453,27.1299991607666,27.520000457763672,17900
2013-07-23,27.1200008392334,27.229999542236328,26.729999542236328,26.899999618530273,26100
2013-07-24,27.0,27.5,26.959999084472656,27.479999542236328,11400
2013-07-25,27.670000076293945,28.219999313354492,27.469999313354492,27.670000076293945,48400
2013-07-26,27.31999969482422,27.5,27.110000610351562,27.3799991607666,16800
2013-07-29,27.15999984741211,27.350000381469727,26.729999542236328,26.920000076293945,23100
2013-07-30,26.969999313354492,27.399999618530273,26.81999969482422,27.280000686645508,13000
2013-07-31,27.280000686645508,27.959999084472656,27.219999313354492,27.280000686645508,25300
2013-08-01,27.25,27.649999618530273,27.200000762939453,27.31999969482422,14300
2013-08-02,27.149999618530273,27.389999389648438,26.84000015258789,27.209999084472656,15000
2013-08-05,27.0,27.43000030517578,26.850000381469727,27.43000030517578,23000
2013-08-06,27.040000915527344,27.1200008392334,26.6299991607666,27.010000228881836,13600
2013-08-07,27.309999465942383,27.489999771118164,27.100000381469727,27.270000457763672,27900
2013-08-08,27.479999542236328,27.479999542236328,27.020000457763672,27.299999237060547,13700
2013-08-09,27.299999237060547,27.5,26.829999923706055,26.950000762939453,31800
2013-08-12,26.860000610351562,27.649999618530273,26.780000686645508,27.5,19100
2013-08-13,27.8700008392334,27.989999771118164,27.110000610351562,27.56999969482422,22100
2013-08-14,27.899999618530273,27.899999618530273,27.479999542236328,27.700000762939453,23300
2013-08-15,27.459999084472656,27.989999771118164,27.309999465942383,27.579999923706055,31700
2013-08-16,27.43000030517578,28.100000381469727,27.43000030517578,27.709999084472656,45500
2013-08-19,28.0,28.049999237060547,27.40999984741211,27.520000457763672,114300
2013-08-20,27.489999771118164,28.149999618530273,27.40999984741211,27.5,16700
2013-08-21,27.43000030517578,27.850000381469727,27.280000686645508,27.360000610351562,21200
2013-08-22,27.860000610351562,27.93000030517578,27.43000030517578,27.690000534057617,13900
2013-08-23,27.670000076293945,28.25,27.420000076293945,27.65999984741211,30900
2013-08-26,27.65999984741211,28.110000610351562,27.260000228881836,27.450000762939453,17000
2013-08-27,27.1200008392334,27.40999984741211,26.170000076293945,26.389999389648438,43300
2013-08-28,26.75,26.889999389648438,25.989999771118164,26.0,31000
2013-08-29,26.010000228881836,26.520000457763672,25.530000686645508,25.899999618530273,34800
2013-08-30,25.81999969482422,26.100000381469727,25.510000228881836,25.760000228881836,51700
2013-09-03,26.079999923706055,26.40999984741211,25.639999389648438,25.8700008392334,25300
2013-09-04,25.969999313354492,26.520000457763672,25.889999389648438,26.049999237060547,56500
2013-09-05,26.329999923706055,26.389999389648438,25.940000534057617,26.290000915527344,36000
2013-09-06,26.3799991607666,26.540000915527344,25.709999084472656,26.100000381469727,30000
2013-09-09,26.25,26.84000015258789,25.950000762939453,26.639999389648438,25800
2013-09-10,26.829999923706055,27.06999969482422,26.520000457763672,26.799999237060547,24500
2013-09-11,26.780000686645508,26.899999618530273,26.389999389648438,26.440000534057617,34800
2013-09-12,26.459999084472656,26.5,26.389999389648438,26.5,20300
2013-09-13,26.6200008392334,27.25,26.610000610351562,27.15999984741211,9900
2013-09-16,27.510000228881836,27.510000228881836,26.770000457763672,27.110000610351562,35600
2013-09-17,27.100000381469727,27.75,26.8799991607666,27.68000030517578,28100
2013-09-18,27.649999618530273,28.239999771118164,27.479999542236328,27.8799991607666,38300
2013-09-19,28.0,28.0,27.239999771118164,27.389999389648438,24900
2013-09-20,27.389999389648438,28.049999237060547,27.15999984741211,27.209999084472656,168500
2013-09-23,27.270000457763672,28.100000381469727,26.809999465942383,27.700000762939453,43900
2013-09-24,27.790000915527344,27.790000915527344,27.43000030517578,27.489999771118164,29500
2013-09-25,27.579999923706055,27.770000457763672,27.0,27.040000915527344,17300
2013-09-26,27.010000228881836,27.260000228881836,26.8700008392334,27.200000762939453,22100
2013-09-27,26.989999771118164,27.149999618530273,26.799999237060547,26.860000610351562,31200
2013-09-30,26.610000610351562,27.229999542236328,26.479999542236328,26.920000076293945,45100
2013-10-01,27.0,27.209999084472656,26.829999923706055,27.139999389648438,23400
2013-10-02,26.969999313354492,26.969999313354492,26.190000534057617,26.229999542236328,53600
2013-10-03,26.25,26.25,25.639999389648438,26.049999237060547,208600
2013-10-04,25.979999542236328,26.8700008392334,25.979999542236328,26.6200008392334,12900
2013-10-07,26.440000534057617,26.739999771118164,26.299999237060547,26.600000381469727,24600
2013-10-08,26.5,26.899999618530273,26.450000762939453,26.5,18400
2013-10-09,26.540000915527344,27.110000610351562,26.510000228881836,26.920000076293945,21600
2013-10-10,27.190000534057617,27.809999465942383,27.010000228881836,27.809999465942383,32100
2013-10-11,27.670000076293945,28.40999984741211,27.649999618530273,28.399999618530273,36500
2013-10-14,28.309999465942383,28.899999618530273,28.229999542236328,28.8799991607666,30400
2013-10-15,28.8799991607666,29.100000381469727,28.719999313354492,28.790000915527344,30200
2013-10-16,28.75,29.420000076293945,28.649999618530273,29.020000457763672,29700
2013-10-17,28.979999542236328,29.049999237060547,28.809999465942383,29.0,25400
2013-10-18,29.360000610351562,29.360000610351562,28.579999923706055,28.899999618530273,61500
2013-10-21,28.899999618530273,29.0,28.530000686645508,28.729999542236328,32100
2013-10-22,28.75,29.190000534057617,28.209999084472656,28.90999984741211,18000
2013-10-23,28.690000534057617,29.399999618530273,28.690000534057617,29.040000915527344,45100
2013-10-24,29.200000762939453,29.860000610351562,29.200000762939453,29.59000015258789,29700
2013-10-25,29.829999923706055,30.450000762939453,29.639999389648438,30.43000030517578,31000
2013-10-28,30.450000762939453,31.799999237060547,30.450000762939453,31.0,58400
2013-10-29,31.190000534057617,31.469999313354492,30.84000015258789,31.389999389648438,53900
2013-10-30,31.309999465942383,31.729999542236328,31.1200008392334,31.43000030517578,79100
2013-10-31,31.350000381469727,31.75,31.15999984741211,31.3799991607666,57400
2013-11-01,31.15999984741211,31.899999618530273,30.829999923706055,31.43000030517578,66400
2013-11-04,31.610000610351562,31.6299991607666,31.1299991607666,31.420000076293945,57600
2013-11-05,31.25,31.8700008392334,31.25,31.5,15500
2013-11-06,31.760000228881836,31.84000015258789,31.360000610351562,31.760000228881836,28300
2013-11-07,31.940000534057617,31.959999084472656,31.209999084472656,31.219999313354492,31900
2013-11-08,31.200000762939453,32.5,31.200000762939453,32.2400016784668,61400
2013-11-11,32.25,32.2599983215332,31.780000686645508,31.829999923706055,69700
2013-11-12,31.809999465942383,32.25,31.6299991607666,32.25,29900
2013-11-13,32.099998474121094,32.33000183105469,32.0,32.20000076293945,40000
2013-11-14,32.09000015258789,32.22999954223633,31.809999465942383,31.920000076293945,30800
2013-11-15,31.84000015258789,31.959999084472656,31.329999923706055,31.6200008392334,54900
2013-11-18,31.68000030517578,32.0,31.479999542236328,31.850000381469727,18300
2013-11-19,31.93000030517578,32.45000076293945,31.81999969482422,32.279998779296875,32100
2013-11-20,32.45000076293945,32.45000076293945,31.790000915527344,32.04999923706055,36700
2013-11-21,32.04999923706055,32.45000076293945,31.739999771118164,32.130001068115234,42100
2013-11-22,32.040000915527344,32.439998626708984,31.8799991607666,32.04999923706055,43200
2013-11-25,32.04999923706055,32.290000915527344,31.860000610351562,32.040000915527344,56800
2013-11-26,32.08000183105469,32.380001068115234,31.850000381469727,31.8799991607666,33800
2013-11-27,31.989999771118164,32.310001373291016,31.75,31.8700008392334,30300
2013-11-29,32.06999969482422,32.15999984741211,31.75,31.950000762939453,17500
2013-12-02,31.84000015258789,31.84000015258789,31.18000030517578,31.299999237060547,31200
2013-12-03,31.149999618530273,31.59000015258789,30.799999237060547,31.139999389648438,29100
2013-12-04,30.940000534057617,31.68000030517578,30.860000610351562,31.100000381469727,24300
2013-12-05,31.190000534057617,31.43000030517578,31.010000228881836,31.1299991607666,15000
2013-12-06,31.459999084472656,32.16999816894531,31.309999465942383,31.84000015258789,24700
2013-12-09,31.770000457763672,32.0,31.6299991607666,32.0,34400
2013-12-10,31.8700008392334,31.989999771118164,31.360000610351562,31.670000076293945,41000
2013-12-11,31.690000534057617,31.850000381469727,30.940000534057617,31.06999969482422,28800
2013-12-12,31.020000457763672,31.979999542236328,31.020000457763672,31.75,21000
2013-12-13,31.729999542236328,32.0,31.450000762939453,31.610000610351562,23400
2013-12-16,31.649999618530273,32.209999084472656,31.540000915527344,32.209999084472656,20500
2013-12-17,31.950000762939453,32.0,31.0,32.0,87000
2013-12-18,31.959999084472656,32.91999816894531,31.739999771118164,32.900001525878906,22100
2013-12-19,32.75,32.79999923706055,32.349998474121094,32.40999984741211,22200
2013-12-20,32.36000061035156,32.36000061035156,31.899999618530273,32.11000061035156,140000
2013-12-23,32.15999984741211,32.15999984741211,31.799999237060547,32.0099983215332,47100
2013-12-24,31.950000762939453,32.20000076293945,31.719999313354492,32.029998779296875,33700
2013-12-26,32.09000015258789,32.13999938964844,31.799999237060547,31.84000015258789,69400
2013-12-27,31.93000030517578,32.04999923706055,31.6200008392334,32.04999923706055,15700
2013-12-30,31.940000534057617,31.950000762939453,31.6200008392334,31.6200008392334,48200
2013-12-31,31.719999313354492,32.09000015258789,31.719999313354492,31.940000534057617,21500
2014-01-02,31.709999084472656,31.709999084472656,30.959999084472656,30.959999084472656,23000
2014-01-03,31.139999389648438,31.149999618530273,28.790000915527344,31.100000381469727,37000
2014-01-06,31.31999969482422,31.31999969482422,30.790000915527344,30.940000534057617,37600
2014-01-07,31.0,31.6200008392334,31.0,31.510000228881836,70900
2014-01-08,31.56999969482422,31.950000762939453,31.389999389648438,31.8700008392334,32000
2014-01-09,32.040000915527344,32.040000915527344,31.799999237060547,32.0,54900
2014-01-10,32.099998474121094,32.11000061035156,31.649999618530273,31.760000228881836,44800
2014-01-13,31.770000457763672,32.02000045776367,31.610000610351562,32.0,39900
2014-01-14,32.22999954223633,32.22999954223633,31.889999389648438,31.989999771118164,28800
2014-01-15,31.959999084472656,32.20000076293945,31.850000381469727,31.969999313354492,16200
2014-01-16,32.0099983215332,32.470001220703125,31.100000381469727,31.559999465942383,50100
2014-01-17,31.610000610351562,32.08000183105469,31.610000610351562,31.93000030517578,67500
2014-01-21,32.0,32.099998474121094,31.719999313354492,31.969999313354492,38700
2014-01-22,32.209999084472656,32.45000076293945,31.440000534057617,32.369998931884766,13900
2014-01-23,32.25,32.25,31.450000762939453,31.479999542236328,18000
2014-01-24,31.360000610351562,31.719999313354492,30.700000762939453,31.030000686645508,37800
2014-01-27,31.190000534057617,31.760000228881836,30.649999618530273,30.700000762939453,16700
2014-01-28,30.81999969482422,30.8700008392334,30.549999237060547,30.809999465942383,68200
2014-01-29,30.5,30.84000015258789,30.0,30.020000457763672,28300
2014-01-30,30.389999389648438,30.559999465942383,29.6200008392334,30.290000915527344,37800
2014-01-31,29.760000228881836,30.110000610351562,27.559999465942383,29.469999313354492,35800
2014-02-03,29.700000762939453,29.719999313354492,28.1200008392334,28.389999389648438,43900
2014-02-04,28.459999084472656,29.139999389648438,27.90999984741211,28.510000228881836,49600
2014-02-05,28.479999542236328,28.709999084472656,28.049999237060547,28.3700008392334,33300
2014-02-06,28.309999465942383,28.59000015258789,28.290000915527344,28.459999084472656,33300
2014-02-07,28.489999771118164,29.260000228881836,28.299999237060547,29.239999771118164,132900
2014-02-10,29.149999618530273,29.149999618530273,28.610000610351562,28.84000015258789,219900
2014-02-11,28.899999618530273,29.43000030517578,28.809999465942383,29.06999969482422,28000
2014-02-12,29.190000534057617,29.40999984741211,29.0,29.209999084472656,19900
2014-02-13,28.979999542236328,29.549999237060547,28.90999984741211,29.440000534057617,35800
2014-02-14,29.489999771118164,29.84000015258789,29.110000610351562,29.700000762939453,48500
2014-02-18,29.8799991607666,30.8700008392334,29.739999771118164,30.799999237060547,49600
2014-02-19,30.799999237060547,31.020000457763672,29.239999771118164,29.520000457763672,37400
2014-02-20,29.649999618530273,30.25,29.649999618530273,29.989999771118164,14400
2014-02-21,30.190000534057617,30.450000762939453,30.030000686645508,30.149999618530273,28700
2014-02-24,30.100000381469727,30.93000030517578,30.100000381469727,30.520000457763672,18300
2014-02-25,30.639999389648438,30.639999389648438,30.0,30.049999237060547,13100
2014-02-26,30.170000076293945,30.489999771118164,29.850000381469727,30.329999923706055,27500
2014-02-27,30.25,30.959999084472656,29.93000030517578,30.93000030517578,22200
2014-02-28,31.049999237060547,31.889999389648438,30.709999084472656,31.200000762939453,28600
2014-03-03,30.989999771118164,31.520000457763672,30.31999969482422,31.040000915527344,26300
2014-03-04,31.540000915527344,32.5,31.540000915527344,31.920000076293945,81300
2014-03-05,31.770000457763672,32.45000076293945,30.329999923706055,31.940000534057617,23800
2014-03-06,32.119998931884766,32.5,31.8799991607666,32.060001373291016,48500
2014-03-07,32.31999969482422,32.5,31.739999771118164,32.119998931884766,40800
2014-03-10,31.950000762939453,32.099998474121094,31.760000228881836,32.0099983215332,66900
2014-03-11,32.150001525878906,32.22999954223633,31.110000610351562,31.670000076293945,22400
2014-03-12,31.59000015258789,32.0,31.1299991607666,31.940000534057617,31400
2014-03-13,31.920000076293945,32.459999084472656,31.780000686645508,31.809999465942383,32900
2014-03-14,31.639999389648438,32.150001525878906,31.360000610351562,31.8799991607666,38200
2014-03-17,32.02000045776367,32.209999084472656,31.760000228881836,31.8799991607666,35700
2014-03-18,31.989999771118164,32.349998474121094,31.719999313354492,31.989999771118164,21500
2014-03-19,31.90999984741211,32.220001220703125,31.520000457763672,32.06999969482422,36700
2014-03-20,31.93000030517578,32.599998474121094,31.790000915527344,32.349998474121094,70500
2014-03-21,32.459999084472656,32.470001220703125,30.09000015258789,32.130001068115234,144400
2014-03-24,32.310001373291016,32.369998931884766,31.270000457763672,32.0,28600
2014-03-25,32.290000915527344,32.5,31.780000686645508,32.06999969482422,28200
2014-03-26,32.43000030517578,32.43000030517578,31.799999237060547,31.799999237060547,118900
2014-03-27,31.729999542236328,32.33000183105469,31.56999969482422,31.690000534057617,32100
2014-03-28,31.770000457763672,32.36000061035156,30.940000534057617,31.6200008392334,39400
2014-03-31,31.68000030517578,32.38999938964844,31.68000030517578,32.09000015258789,37300
2014-04-01,32.220001220703125,33.06999969482422,32.02000045776367,33.0099983215332,38500
2014-04-02,32.93000030517578,33.029998779296875,32.599998474121094,32.810001373291016,19100
2014-04-03,32.7400016784668,33.150001525878906,32.650001525878906,32.86000061035156,20600
2014-04-04,33.209999084472656,33.209999084472656,31.860000610351562,31.90999984741211,33100
2014-04-07,31.780000686645508,32.31999969482422,31.3700008392334,31.780000686645508,29500
2014-04-08,31.940000534057617,32.45000076293945,31.559999465942383,31.81999969482422,32800
2014-04-09,32.0099983215332,32.650001525878906,31.520000457763672,31.850000381469727,19600
2014-04-10,31.90999984741211,31.90999984741211,30.440000534057617,30.489999771118164,33700
2014-04-11,30.18000030517578,31.1200008392334,30.170000076293945,30.229999542236328,26500
2014-04-14,30.610000610351562,30.610000610351562,30.020000457763672,30.399999618530273,19800
2014-04-15,30.610000610351562,30.700000762939453,29.6200008392334,30.299999237060547,52600
2014-04-16,30.65999984741211,31.100000381469727,30.299999237060547,30.56999969482422,18700
2014-04-17,30.510000228881836,31.34000015258789,30.510000228881836,31.209999084472656,14200
2014-04-21,31.360000610351562,31.440000534057617,30.809999465942383,31.030000686645508,11100
2014-04-22,31.139999389648438,31.920000076293945,30.969999313354492,31.549999237060547,15900
2014-04-23,31.389999389648438,32.060001373291016,31.280000686645508,31.420000076293945,25500
2014-04-24,31.65999984741211,31.65999984741211,30.600000381469727,30.670000076293945,29000
2014-04-25,30.59000015258789,30.81999969482422,29.81999969482422,29.81999969482422,33500
2014-04-28,30.06999969482422,30.1200008392334,29.440000534057617,29.709999084472656,28200
2014-04-29,30.0,30.389999389648438,29.010000228881836,29.3799991607666,19300
2014-04-30,29.360000610351562,29.68000030517578,28.760000228881836,29.489999771118164,149300
2014-05-01,29.209999084472656,29.84000015258789,28.81999969482422,29.6200008392334,72600
2014-05-02,29.6200008392334,31.56999969482422,29.6200008392334,29.959999084472656,40000
2014-05-05,29.68000030517578,30.309999465942383,29.520000457763672,30.270000457763672,106900
2014-05-06,30.030000686645508,30.600000381469727,29.780000686645508,29.8700008392334,54600
2014-05-07,30.030000686645508,30.5,29.610000610351562,30.239999771118164,40900
2014-05-08,30.049999237060547,30.889999389648438,30.049999237060547,30.1299991607666,47000
2014-05-09,29.940000534057617,30.780000686645508,29.940000534057617,30.770000457763672,52000
2014-05-12,30.84000015258789,31.969999313354492,30.84000015258789,31.770000457763672,140500
2014-05-13,31.520000457763672,31.739999771118164,30.950000762939453,30.969999313354492,87400
2014-05-14,31.049999237060547,31.139999389648438,30.040000915527344,30.200000762939453,43900
2014-05-15,29.93000030517578,30.110000610351562,29.600000381469727,29.899999618530273,47000
2014-05-16,29.799999237060547,30.510000228881836,29.739999771118164,30.25,52300
2014-05-19,30.0,30.920000076293945,30.0,30.719999313354492,59100
2014-05-20,30.5,30.5,29.639999389648438,30.100000381469727,64800
2014-05-21,30.15999984741211,30.440000534057617,29.760000228881836,29.829999923706055,36300
2014-05-22,29.8799991607666,30.200000762939453,29.850000381469727,30.079999923706055,29600
2014-05-23,30.139999389648438,30.459999084472656,30.020000457763672,30.450000762939453,49400
2014-05-27,30.079999923706055,30.899999618530273,30.079999923706055,30.610000610351562,70400
2014-05-28,30.6200008392334,30.6200008392334,30.149999618530273,30.540000915527344,37200
2014-05-29,30.729999542236328,30.729999542236328,30.100000381469727,30.360000610351562,25700
2014-05-30,30.489999771118164,30.959999084472656,30.18000030517578,30.34000015258789,38100
2014-06-02,30.510000228881836,30.920000076293945,29.8700008392334,30.65999984741211,40700
2014-06-03,30.459999084472656,31.040000915527344,30.459999084472656,30.520000457763672,43500
2014-06-04,30.510000228881836,30.530000686645508,29.899999618530273,30.079999923706055,113500
2014-06-05,30.229999542236328,31.59000015258789,30.049999237060547,31.559999465942383,34700
2014-06-06,31.799999237060547,32.0,31.299999237060547,31.600000381469727,32400
2014-06-09,31.559999465942383,32.0,31.200000762939453,31.8700008392334,48300
2014-06-10,31.719999313354492,31.920000076293945,31.25,31.520000457763672,36600
2014-06-11,31.350000381469727,31.489999771118164,30.950000762939453,31.329999923706055,128500
2014-06-12,31.219999313354492,31.219999313354492,30.690000534057617,31.0,19400
2014-06-13,31.170000076293945,31.209999084472656,30.600000381469727,30.84000015258789,23100
2014-06-16,30.790000915527344,30.8700008392334,30.350000381469727,30.610000610351562,16700
2014-06-17,30.530000686645508,31.420000076293945,30.530000686645508,31.190000534057617,31200
2014-06-18,31.290000915527344,31.31999969482422,30.739999771118164,31.149999618530273,21600
2014-06-19,31.1299991607666,31.190000534057617,30.84000015258789,31.020000457763672,20000
2014-06-20,31.219999313354492,31.489999771118164,30.850000381469727,31.170000076293945,73100
2014-06-23,31.31999969482422,31.31999969482422,30.719999313354492,30.920000076293945,71500
2014-06-24,30.969999313354492,31.309999465942383,30.520000457763672,30.739999771118164,22400
2014-06-25,30.450000762939453,30.860000610351562,30.40999984741211,30.799999237060547,21300
2014-06-26,30.690000534057617,30.899999618530273,30.459999084472656,30.780000686645508,12900
2014-06-27,30.510000228881836,30.940000534057617,30.3700008392334,30.799999237060547,113600
2014-06-30,30.760000228881836,30.829999923706055,30.34000015258789,30.6200008392334,21700
2014-07-01,30.760000228881836,31.920000076293945,30.760000228881836,31.65999984741211,42300
2014-07-02,31.420000076293945,31.770000457763672,31.290000915527344,31.329999923706055,28600
2014-07-03,31.530000686645508,31.8700008392334,31.530000686645508,31.8700008392334,9500
2014-07-07,31.709999084472656,31.709999084472656,30.989999771118164,31.030000686645508,32500
2014-07-08,30.84000015258789,31.030000686645508,30.399999618530273,30.739999771118164,28600
2014-07-09,30.950000762939453,31.239999771118164,30.649999618530273,30.729999542236328,10500
2014-07-10,30.239999771118164,30.530000686645508,29.899999618530273,30.040000915527344,18300
2014-07-11,29.950000762939453,30.09000015258789,29.739999771118164,29.860000610351562,12100
2014-07-14,30.110000610351562,30.170000076293945,29.90999984741211,30.010000228881836,18000
2014-07-15,30.09000015258789,30.219999313354492,29.760000228881836,30.149999618530273,49200
2014-07-16,30.299999237060547,30.299999237060547,29.3700008392334,29.3799991607666,32400
2014-07-17,29.100000381469727,30.510000228881836,28.530000686645508,28.75,38000
2014-07-18,28.6200008392334,30.209999084472656,28.6200008392334,29.34000015258789,37800
2014-07-21,29.059999465942383,29.18000030517578,28.700000762939453,29.059999465942383,17900
2014-07-22,29.670000076293945,29.670000076293945,28.729999542236328,28.920000076293945,11300
2014-07-23,29.059999465942383,29.25,28.809999465942383,28.81999969482422,14100
2014-07-24,29.0,29.299999237060547,28.81999969482422,28.8700008392334,21300
2014-07-25,28.850000381469727,29.34000015258789,28.639999389648438,28.799999237060547,35700
2014-07-28,28.90999984741211,28.90999984741211,28.399999618530273,28.5,22200
2014-07-29,28.639999389648438,28.68000030517578,28.0,28.09000015258789,13300
2014-07-30,28.229999542236328,28.6299991607666,27.799999237060547,28.520000457763672,27900
2014-07-31,28.100000381469727,28.700000762939453,28.100000381469727,28.389999389648438,49700
2014-08-01,28.309999465942383,28.6200008392334,28.010000228881836,28.389999389648438,40300
2014-08-04,28.600000381469727,29.239999771118164,28.399999618530273,28.719999313354492,29100
2014-08-05,28.420000076293945,29.040000915527344,28.420000076293945,28.790000915527344,27400
2014-08-06,28.65999984741211,29.299999237060547,28.65999984741211,29.100000381469727,31000
2014-08-07,29.100000381469727,29.219999313354492,28.799999237060547,29.079999923706055,65100
2014-08-08,29.06999969482422,29.31999969482422,28.700000762939453,29.25,18500
2014-08-11,29.399999618530273,29.850000381469727,29.25,29.65999984741211,20500
2014-08-12,29.6200008392334,29.709999084472656,29.200000762939453,29.299999237060547,32400
2014-08-13,29.389999389648438,29.75,29.34000015258789,29.700000762939453,16300
2014-08-14,29.700000762939453,30.290000915527344,29.5,29.6299991607666,22000
2014-08-15,29.8700008392334,30.139999389648438,29.5,29.8700008392334,52100
2014-08-18,30.280000686645508,30.43000030517578,29.8700008392334,30.360000610351562,17900
2014-08-19,30.360000610351562,30.459999084472656,29.68000030517578,30.270000457763672,12900
2014-08-20,30.049999237060547,30.049999237060547,29.59000015258789,29.829999923706055,18700
2014-08-21,29.799999237060547,30.25,29.459999084472656,30.190000534057617,38800
2014-08-22,30.100000381469727,30.450000762939453,29.969999313354492,30.200000762939453,22400
2014-08-25,30.239999771118164,30.239999771118164,29.760000228881836,29.989999771118164,9400
2014-08-26,29.940000534057617,30.3799991607666,29.8799991607666,30.1200008392334,26400
2014-08-27,30.200000762939453,30.200000762939453,29.899999618530273,30.020000457763672,12800
2014-08-28,29.969999313354492,29.969999313354492,29.549999237060547,29.829999923706055,24100
2014-08-29,29.84000015258789,30.059999465942383,29.719999313354492,30.010000228881836,16300
2014-09-02,30.200000762939453,30.3700008392334,29.950000762939453,30.239999771118164,18600
2014-09-03,30.209999084472656,30.329999923706055,30.100000381469727,30.200000762939453,24800
2014-09-04,30.229999542236328,30.389999389648438,30.030000686645508,30.030000686645508,15000
2014-09-05,29.8700008392334,30.1299991607666,29.68000030517578,29.860000610351562,10900
2014-09-08,29.75,29.979999542236328,29.520000457763672,29.93000030517578,18500
2014-09-09,29.8799991607666,29.8799991607666,29.309999465942383,29.489999771118164,19200
2014-09-10,29.459999084472656,29.770000457763672,29.209999084472656,29.770000457763672,11500
2014-09-11,29.510000228881836,29.93000030517578,29.510000228881836,29.84000015258789,10500
2014-09-12,29.899999618530273,29.899999618530273,29.25,29.479999542236328,29400
2014-09-15,29.25,29.479999542236328,29.200000762939453,29.280000686645508,13100
2014-09-16,29.280000686645508,29.440000534057617,29.1200008392334,29.149999618530273,20000
2014-09-17,29.290000915527344,29.299999237060547,29.0,29.15999984741211,11700
2014-09-18,29.34000015258789,29.860000610351562,29.34000015258789,29.540000915527344,8900
2014-09-19,29.59000015258789,29.770000457763672,29.100000381469727,29.34000015258789,44800
2014-09-22,29.09000015258789,30.040000915527344,29.049999237060547,29.489999771118164,34600
2014-09-23,29.299999237060547,29.56999969482422,28.639999389648438,28.899999618530273,51500
2014-09-24,29.049999237060547,29.360000610351562,28.93000030517578,29.25,21400
2014-09-25,29.190000534057617,29.270000457763672,28.65999984741211,28.81999969482422,34000
2014-09-26,28.84000015258789,28.950000762939453,28.649999618530273,28.829999923706055,9900
2014-09-29,28.639999389648438,28.899999618530273,28.5,28.75,20000
2014-09-30,28.709999084472656,29.100000381469727,28.3799991607666,28.479999542236328,50000
2014-10-01,28.540000915527344,28.729999542236328,28.110000610351562,28.299999237060547,37600
2014-10-02,28.799999237060547,28.799999237060547,28.510000228881836,28.6200008392334,15300
2014-10-03,28.979999542236328,28.979999542236328,28.5,28.700000762939453,13300
2014-10-06,28.700000762939453,29.1299991607666,28.559999465942383,28.649999618530273,17100
2014-10-07,28.3799991607666,28.940000534057617,28.260000228881836,28.399999618530273,25200
2014-10-08,28.420000076293945,29.139999389648438,28.309999465942383,28.940000534057617,24700
2014-10-09,28.649999618530273,28.799999237060547,28.25,28.290000915527344,27200
2014-10-10,28.1299991607666,29.09000015258789,28.1299991607666,28.43000030517578,25200
2014-10-13,28.549999237060547,29.979999542236328,28.549999237060547,29.610000610351562,27100
2014-10-14,29.959999084472656,30.170000076293945,29.149999618530273,29.690000534057617,42200
2014-10-15,29.239999771118164,29.59000015258789,28.34000015258789,29.43000030517578,40400
2014-10-16,28.959999084472656,29.420000076293945,28.0,29.1299991607666,33700
2014-10-17,29.600000381469727,29.600000381469727,28.549999237060547,28.65999984741211,66100
2014-10-20,28.610000610351562,28.90999984741211,28.559999465942383,28.889999389648438,16500
2014-10-21,28.950000762939453,29.260000228881836,28.8700008392334,29.139999389648438,16700
2014-10-22,28.510000228881836,29.190000534057617,28.510000228881836,28.799999237060547,24500
2014-10-23,28.979999542236328,29.540000915527344,28.81999969482422,29.290000915527344,28300
2014-10-24,29.360000610351562,29.360000610351562,28.75,29.079999923706055,32400
2014-10-27,28.860000610351562,29.350000381469727,28.799999237060547,29.219999313354492,25200
2014-10-28,29.959999084472656,30.940000534057617,29.81999969482422,30.93000030517578,39600
2014-10-29,30.940000534057617,31.450000762939453,30.479999542236328,31.299999237060547,47500
2014-10-30,31.329999923706055,31.510000228881836,31.0,31.149999618530273,40900
2014-10-31,31.780000686645508,32.0,29.219999313354492,31.290000915527344,52800
2014-11-03,31.170000076293945,31.450000762939453,30.299999237060547,31.149999618530273,21300
2014-11-04,31.170000076293945,31.610000610351562,30.6200008392334,31.469999313354492,37000
2014-11-05,31.670000076293945,31.959999084472656,30.850000381469727,31.729999542236328,36800
2014-11-06,31.770000457763672,31.989999771118164,31.5,31.90999984741211,26200
2014-11-07,31.940000534057617,31.940000534057617,29.899999618530273,31.309999465942383,30700
2014-11-10,31.170000076293945,31.8799991607666,31.170000076293945,31.8799991607666,32700
2014-11-11,32.0,32.0,31.520000457763672,31.670000076293945,45500
2014-11-12,31.6200008392334,32.470001220703125,31.40999984741211,32.349998474121094,47000
2014-11-13,32.0099983215332,32.20000076293945,31.700000762939453,31.860000610351562,36600
2014-11-14,31.809999465942383,31.959999084472656,31.610000610351562,31.860000610351562,43700
2014-11-17,31.75,31.81999969482422,31.110000610351562,31.309999465942383,27900
2014-11-18,31.469999313354492,31.649999618530273,31.200000762939453,31.530000686645508,21600
2014-11-19,31.34000015258789,31.34000015258789,30.860000610351562,31.049999237060547,17600
2014-11-20,30.860000610351562,31.389999389648438,30.43000030517578,31.209999084472656,17200
2014-11-21,31.729999542236328,31.81999969482422,30.65999984741211,30.719999313354492,20300
2014-11-24,30.75,31.489999771118164,30.75,31.479999542236328,15900
2014-11-25,31.469999313354492,31.540000915527344,30.979999542236328,31.110000610351562,7500
2014-11-26,30.940000534057617,31.360000610351562,30.850000381469727,31.229999542236328,14900
2014-11-28,31.010000228881836,31.420000076293945,30.510000228881836,30.520000457763672,13000
2014-12-01,30.65999984741211,30.889999389648438,30.200000762939453,30.209999084472656,21200
2014-12-02,30.290000915527344,31.219999313354492,30.270000457763672,31.100000381469727,24100
2014-12-03,31.25,31.559999465942383,30.700000762939453,31.329999923706055,24400
2014-12-04,31.229999542236328,31.34000015258789,30.780000686645508,31.06999969482422,17600
2014-12-05,31.049999237060547,31.950000762939453,31.049999237060547,31.690000534057617,23200
2014-12-08,31.899999618530273,31.989999771118164,31.31999969482422,31.510000228881836,33500
2014-12-09,31.209999084472656,32.209999084472656,31.110000610351562,32.189998626708984,23500
2014-12-10,31.969999313354492,32.02000045776367,31.139999389648438,31.139999389648438,20600
2014-12-11,31.219999313354492,31.709999084472656,30.959999084472656,31.1299991607666,14700
2014-12-12,30.760000228881836,31.549999237060547,30.75,31.200000762939453,31500
2014-12-15,31.5,31.549999237060547,30.530000686645508,31.229999542236328,22800
2014-12-16,31.18000030517578,31.84000015258789,31.1200008392334,31.34000015258789,32100
2014-12-17,31.299999237060547,32.2599983215332,31.149999618530273,32.16999816894531,40300
2014-12-18,32.290000915527344,33.150001525878906,32.02000045776367,32.970001220703125,61100
2014-12-19,33.0099983215332,34.369998931884766,32.540000915527344,34.2599983215332,169600
2014-12-22,34.06999969482422,34.540000915527344,33.790000915527344,34.52000045776367,40900
2014-12-23,34.52000045776367,34.70000076293945,34.029998779296875,34.43000030517578,58100
2014-12-24,34.58000183105469,34.599998474121094,34.310001373291016,34.5,15900
2014-12-26,34.70000076293945,34.9900016784668,34.310001373291016,34.560001373291016,12900
2014-12-29,34.61000061035156,34.9900016784668,34.33000183105469,34.91999816894531,24100
2014-12-30,34.88999938964844,34.97999954223633,34.58000183105469,34.959999084472656,21500
2014-12-31,34.95000076293945,35.220001220703125,34.2599983215332,34.310001373291016,58000
2015-01-02,34.4900016784668,34.4900016784668,32.72999954223633,32.9900016784668,40900
2015-01-05,32.720001220703125,33.310001373291016,32.689998626708984,32.97999954223633,38800
2015-01-06,32.95000076293945,33.06999969482422,31.969999313354492,32.43000030517578,64600
2015-01-07,32.52000045776367,32.83000183105469,32.099998474121094,32.75,42900
2015-01-08,33.0,33.189998626708984,32.79999923706055,33.09000015258789,26500
2015-01-09,33.06999969482422,33.06999969482422,32.04999923706055,32.150001525878906,16800
2015-01-12,31.979999542236328,32.0,31.5,31.649999618530273,23600
2015-01-13,31.93000030517578,32.439998626708984,31.360000610351562,31.93000030517578,19700
2015-01-14,31.549999237060547,31.56999969482422,31.049999237060547,31.280000686645508,10400
2015-01-15,31.3700008392334,31.65999984741211,30.829999923706055,31.059999465942383,25900
2015-01-16,30.940000534057617,31.84000015258789,30.93000030517578,31.790000915527344,19500
2015-01-20,31.68000030517578,32.189998626708984,31.170000076293945,31.709999084472656,31600
2015-01-21,31.600000381469727,31.68000030517578,30.690000534057617,30.969999313354492,18100
2015-01-22,31.5,32.56999969482422,31.049999237060547,32.470001220703125,75600
2015-01-23,32.56999969482422,32.970001220703125,31.84000015258789,31.850000381469727,11800
2015-01-26,31.739999771118164,31.959999084472656,31.049999237060547,31.899999618530273,33900
2015-01-27,31.5,31.829999923706055,31.5,31.59000015258789,14000
2015-01-28,31.90999984741211,31.90999984741211,30.030000686645508,30.219999313354492,38000
2015-01-29,30.5,31.40999984741211,30.459999084472656,31.389999389648438,27700
2015-01-30,30.899999618530273,30.899999618530273,29.649999618530273,29.729999542236328,37700
2015-02-02,29.809999465942383,30.860000610351562,29.700000762939453,30.559999465942383,29800
2015-02-03,30.530000686645508,31.3700008392334,30.530000686645508,31.299999237060547,29700
2015-02-04,31.299999237060547,31.670000076293945,30.899999618530273,31.059999465942383,18100
2015-02-05,31.3700008392334,31.40999984741211,31.0,31.360000610351562,20500
2015-02-06,31.489999771118164,32.31999969482422,31.399999618530273,32.0099983215332,24200
2015-02-09,31.549999237060547,31.670000076293945,31.200000762939453,31.280000686645508,18800
2015-02-10,31.6299991607666,31.6299991607666,31.0,31.350000381469727,10600
2015-02-11,31.190000534057617,31.34000015258789,30.850000381469727,31.020000457763672,19400
2015-02-12,31.489999771118164,31.6299991607666,30.829999923706055,31.600000381469727,31900
2015-02-13,31.520000457763672,31.81999969482422,31.350000381469727,31.649999618530273,24400
2015-02-17,31.84000015258789,31.84000015258789,31.34000015258789,31.549999237060547,17200
2015-02-18,31.399999618530273,31.510000228881836,31.030000686645508,31.40999984741211,20800
2015-02-19,31.25,31.459999084472656,31.110000610351562,31.239999771118164,19200
2015-02-20,31.309999465942383,31.479999542236328,30.899999618530273,31.309999465942383,64800
2015-02-23,31.110000610351562,31.350000381469727,30.5,31.049999237060547,134100
2015-02-24,31.149999618530273,31.579999923706055,31.110000610351562,31.40999984741211,11800
2015-02-25,31.299999237060547,31.59000015258789,31.290000915527344,31.31999969482422,12800
2015-02-26,31.18000030517578,31.649999618530273,31.18000030517578,31.56999969482422,17500
2015-02-27,31.3700008392334,31.389999389648438,30.8700008392334,30.8700008392334,41600
2015-03-02,30.93000030517578,31.290000915527344,30.6200008392334,31.149999618530273,37800
2015-03-03,31.0,31.399999618530273,30.829999923706055,31.09000015258789,40500
2015-03-04,30.860000610351562,31.209999084472656,30.860000610351562,30.969999313354492,28800
2015-03-05,30.90999984741211,31.219999313354492,30.770000457763672,31.049999237060547,38000
2015-03-06,30.799999237060547,31.59000015258789,30.799999237060547,30.989999771118164,40800
2015-03-09,31.079999923706055,31.309999465942383,31.010000228881836,31.15999984741211,16100
2015-03-10,30.799999237060547,31.110000610351562,30.770000457763672,30.790000915527344,38000
2015-03-11,30.81999969482422,31.34000015258789,30.81999969482422,31.260000228881836,41400
2015-03-12,31.600000381469727,32.470001220703125,31.579999923706055,32.439998626708984,25200
2015-03-13,32.220001220703125,32.220001220703125,31.5,31.90999984741211,41200
2015-03-16,32.29999923706055,32.29999923706055,31.6299991607666,31.81999969482422,74900
2015-03-17,31.709999084472656,32.7599983215332,31.56999969482422,32.310001373291016,83100
2015-03-18,32.209999084472656,32.54999923706055,31.549999237060547,31.75,64200
2015-03-19,31.600000381469727,31.829999923706055,31.09000015258789,31.68000030517578,43000
2015-03-20,31.84000015258789,32.459999084472656,31.600000381469727,32.11000061035156,261400
2015-03-23,32.16999816894531,32.810001373291016,32.06999969482422,32.43000030517578,35900
2015-03-24,32.45000076293945,32.790000915527344,32.060001373291016,32.43000030517578,28400
2015-03-25,32.41999816894531,32.79999923706055,31.510000228881836,31.729999542236328,54000
2015-03-26,31.559999465942383,32.15999984741211,31.5,32.0099983215332,30700
2015-03-27,31.959999084472656,32.29999923706055,31.719999313354492,32.16999816894531,38400
2015-03-30,32.40999984741211,32.70000076293945,32.22999954223633,32.29999923706055,23500
2015-03-31,32.18000030517578,32.22999954223633,31.90999984741211,32.130001068115234,19700
2015-04-01,31.8799991607666,32.560001373291016,31.729999542236328,32.5099983215332,28900
2015-04-02,32.38999938964844,32.959999084472656,32.38999938964844,32.630001068115234,23900
2015-04-06,32.25,32.5,32.04999923706055,32.11000061035156,24800
2015-04-07,32.13999938964844,32.63999938964844,31.989999771118164,32.22999954223633,31100
2015-04-08,32.11000061035156,32.72999954223633,32.11000061035156,32.630001068115234,28900
2015-04-09,32.560001373291016,32.77000045776367,32.290000915527344,32.34000015258789,35400
2015-04-10,32.529998779296875,32.599998474121094,32.16999816894531,32.310001373291016,23500
2015-04-13,32.290000915527344,32.45000076293945,32.06999969482422,32.22999954223633,45100
2015-04-14,32.349998474121094,32.380001068115234,31.889999389648438,32.15999984741211,34100
2015-04-15,32.41999816894531,33.0,32.099998474121094,32.75,32500
2015-04-16,32.72999954223633,32.97999954223633,32.65999984741211,32.84000015258789,29400
2015-04-17,32.540000915527344,32.91999816894531,31.8799991607666,32.15999984741211,32000
2015-04-20,32.33000183105469,32.84000015258789,32.15999984741211,32.65999984741211,24100
2015-04-21,32.65999984741211,32.939998626708984,32.40999984741211,32.54999923706055,40500
2015-04-22,32.43000030517578,32.900001525878906,31.989999771118164,32.77000045776367,27400
2015-04-23,32.68000030517578,32.81999969482422,31.979999542236328,32.15999984741211,34700
2015-04-24,32.4900016784668,32.4900016784668,31.950000762939453,32.15999984741211,29700
2015-04-27,32.15999984741211,32.40999984741211,31.690000534057617,32.040000915527344,45200
2015-04-28,32.189998626708984,32.7400016784668,32.040000915527344,32.540000915527344,33700
2015-04-29,32.59000015258789,32.61000061035156,32.060001373291016,32.06999969482422,21800
2015-04-30,31.979999542236328,32.06999969482422,31.079999923706055,31.1200008392334,60700
2015-05-01,31.139999389648438,31.239999771118164,30.649999618530273,30.84000015258789,31600
2015-05-04,31.0,31.149999618530273,30.81999969482422,30.969999313354492,27500
2015-05-05,30.84000015258789,31.079999923706055,30.459999084472656,30.719999313354492,45200
2015-05-06,30.709999084472656,30.850000381469727,30.610000610351562,30.84000015258789,25200
2015-05-07,30.760000228881836,31.239999771118164,30.649999618530273,31.09000015258789,15600
2015-05-08,31.440000534057617,31.530000686645508,30.969999313354492,31.06999969482422,33600
2015-05-11,31.079999923706055,31.559999465942383,30.989999771118164,31.200000762939453,28900
2015-05-12,30.8700008392334,31.489999771118164,30.8700008392334,31.399999618530273,28100
2015-05-13,31.309999465942383,31.8700008392334,31.170000076293945,31.559999465942383,25400
2015-05-14,31.639999389648438,31.75,31.549999237060547,31.700000762939453,18700
2015-05-15,31.709999084472656,31.709999084472656,31.350000381469727,31.5,29400
2015-05-18,31.530000686645508,31.979999542236328,31.399999618530273,31.600000381469727,25200
2015-05-19,31.510000228881836,31.950000762939453,31.5,31.790000915527344,18600
2015-05-20,31.940000534057617,31.940000534057617,31.5,31.6299991607666,25800
2015-05-21,31.790000915527344,31.809999465942383,31.5,31.600000381469727,29300
2015-05-22,31.5,31.729999542236328,31.309999465942383,31.579999923706055,34800
2015-05-26,31.5,31.540000915527344,31.06999969482422,31.440000534057617,82700
2015-05-27,31.5,32.47999954223633,31.399999618530273,32.369998931884766,35800
2015-05-28,32.189998626708984,32.5,31.610000610351562,31.979999542236328,36500
2015-05-29,31.989999771118164,32.439998626708984,31.5,31.579999923706055,54400
2015-06-01,31.790000915527344,32.0099983215332,31.350000381469727,31.610000610351562,62400
2015-06-02,31.5,32.29999923706055,31.5,32.060001373291016,23000
2015-06-03,31.829999923706055,33.0,31.829999923706055,32.54999923706055,35200
2015-06-04,32.2400016784668,32.68000030517578,31.81999969482422,32.130001068115234,32900
2015-06-05,32.31999969482422,32.900001525878906,31.950000762939453,32.86000061035156,36600
2015-06-08,32.650001525878906,32.900001525878906,32.040000915527344,32.810001373291016,38300
2015-06-09,32.720001220703125,33.220001220703125,32.54999923706055,33.040000915527344,41800
2015-06-10,33.31999969482422,33.869998931884766,32.599998474121094,33.58000183105469,46100
2015-06-11,33.58000183105469,33.79999923706055,33.04999923706055,33.779998779296875,51800
2015-06-12,33.54999923706055,33.70000076293945,33.16999816894531,33.56999969482422,38200
2015-06-15,33.290000915527344,33.939998626708984,33.0,33.75,52300
2015-06-16,33.54999923706055,34.2400016784668,33.27000045776367,34.18000030517578,33200
2015-06-17,34.2400016784668,34.25,33.38999938964844,33.70000076293945,66800
2015-06-18,33.7400016784668,34.22999954223633,33.36000061035156,34.06999969482422,58400
2015-06-19,34.16999816894531,34.470001220703125,33.83000183105469,34.209999084472656,85500
2015-06-22,34.380001068115234,34.61000061035156,34.099998474121094,34.400001525878906,42500
2015-06-23,34.5099983215332,34.93000030517578,34.5099983215332,34.84000015258789,39500
2015-06-24,34.900001525878906,34.900001525878906,34.279998779296875,34.470001220703125,35000
2015-06-25,34.599998474121094,34.849998474121094,34.2400016784668,34.4900016784668,30100
2015-06-26,34.68000030517578,34.869998931884766,34.439998626708984,34.68000030517578,134800
2015-06-29,34.369998931884766,34.70000076293945,33.939998626708984,33.97999954223633,38000
2015-06-30,34.220001220703125,34.25,33.810001373291016,34.119998931884766,19900
2015-07-01,34.369998931884766,35.0,34.369998931884766,34.5,40900
2015-07-02,34.540000915527344,34.540000915527344,33.79999923706055,33.9900016784668,36200
2015-07-06,33.70000076293945,34.290000915527344,33.45000076293945,34.16999816894531,37500
2015-07-07,34.09000015258789,34.09000015258789,33.400001525878906,34.0,35900
2015-07-08,33.709999084472656,34.060001373291016,33.34000015258789,33.81999969482422,29100
2015-07-09,34.27000045776367,34.27000045776367,33.61000061035156,33.970001220703125,28700
2015-07-10,34.290000915527344,34.880001068115234,33.66999816894531,34.689998626708984,32200
2015-07-13,34.630001068115234,35.29999923706055,34.459999084472656,34.689998626708984,32700
2015-07-14,34.529998779296875,35.0,34.529998779296875,34.869998931884766,15800
2015-07-15,34.880001068115234,34.970001220703125,34.56999969482422,34.83000183105469,24600
2015-07-16,34.88999938964844,35.279998779296875,34.810001373291016,35.02000045776367,30300
2015-07-17,35.099998474121094,35.099998474121094,34.619998931884766,34.84000015258789,23200
2015-07-20,34.95000076293945,35.220001220703125,34.439998626708984,34.779998779296875,23800
2015-07-21,34.9900016784668,35.0,34.41999816894531,34.52000045776367,19600
2015-07-22,34.52000045776367,35.61000061035156,34.52000045776367,35.099998474121094,35600
2015-07-23,34.9900016784668,35.11000061035156,34.09000015258789,34.349998474121094,39900
2015-07-24,34.20000076293945,34.2599983215332,33.56999969482422,33.79999923706055,39000
2015-07-27,33.79999923706055,33.810001373291016,33.060001373291016,33.529998779296875,43100
2015-07-28,33.45000076293945,33.959999084472656,33.25,33.720001220703125,35300
2015-07-29,33.7400016784668,33.86000061035156,33.38999938964844,33.61000061035156,20800
2015-07-30,33.58000183105469,34.54999923706055,33.529998779296875,34.470001220703125,38200
2015-07-31,34.33000183105469,35.0,33.599998474121094,33.9900016784668,96100
2015-08-03,31.93000030517578,32.0,30.309999465942383,30.940000534057617,88100
2015-08-04,30.729999542236328,31.790000915527344,30.729999542236328,31.420000076293945,56600
2015-08-05,31.440000534057617,32.2400016784668,31.059999465942383,31.790000915527344,35500
2015-08-06,31.920000076293945,31.989999771118164,31.110000610351562,31.31999969482422,27700
2015-08-07,31.149999618530273,31.469999313354492,30.649999618530273,30.90999984741211,35800
2015-08-10,30.989999771118164,31.200000762939453,30.559999465942383,30.799999237060547,58700
2015-08-11,30.690000534057617,30.829999923706055,30.299999237060547,30.579999923706055,37200
2015-08-12,30.280000686645508,30.5,30.040000915527344,30.3700008392334,32800
2015-08-13,30.200000762939453,30.729999542236328,30.059999465942383,30.520000457763672,31800
2015-08-14,30.610000610351562,31.280000686645508,30.530000686645508,31.280000686645508,30400
2015-08-17,31.110000610351562,32.0,30.780000686645508,31.5,34400
2015-08-18,31.469999313354492,31.540000915527344,30.8799991607666,31.049999237060547,31400
2015-08-19,30.75,31.059999465942383,30.399999618530273,30.510000228881836,31200
2015-08-20,30.18000030517578,30.690000534057617,29.989999771118164,29.989999771118164,28000
2015-08-21,29.420000076293945,30.510000228881836,29.420000076293945,30.030000686645508,49700
2015-08-24,28.059999465942383,29.15999984741211,28.059999465942383,28.540000915527344,48700
2015-08-25,29.59000015258789,29.59000015258789,28.239999771118164,28.3700008392334,30400
2015-08-26,28.979999542236328,30.40999984741211,28.469999313354492,29.149999618530273,64300
2015-08-27,29.270000457763672,29.690000534057617,28.979999542236328,29.280000686645508,52000
2015-08-28,29.100000381469727,29.6200008392334,29.100000381469727,29.440000534057617,38900
2015-08-31,29.3700008392334,29.989999771118164,29.25,29.940000534057617,26400
2015-09-01,29.780000686645508,29.780000686645508,28.850000381469727,28.940000534057617,43100
2015-09-02,29.450000762939453,29.770000457763672,29.18000030517578,29.729999542236328,47300
2015-09-03,29.8799991607666,30.549999237060547,29.579999923706055,29.700000762939453,80200
2015-09-04,29.520000457763672,29.90999984741211,29.459999084472656,29.729999542236328,37900
2015-09-08,30.219999313354492,31.049999237060547,30.18000030517578,30.65999984741211,48600
2015-09-09,30.950000762939453,31.15999984741211,29.65999984741211,29.770000457763672,50800
2015-09-10,29.600000381469727,30.5,29.600000381469727,30.1200008392334,46000
2015-09-11,29.829999923706055,30.40999984741211,29.829999923706055,30.309999465942383,44100
2015-09-14,30.309999465942383,30.739999771118164,30.270000457763672,30.459999084472656,30700
2015-09-15,30.399999618530273,30.799999237060547,30.399999618530273,30.670000076293945,20600
2015-09-16,30.59000015258789,30.690000534057617,30.09000015258789,30.309999465942383,46500
2015-09-17,30.149999618530273,31.020000457763672,29.889999389648438,30.020000457763672,64100
2015-09-18,29.56999969482422,30.030000686645508,29.3700008392334,29.739999771118164,100900
2015-09-21,29.979999542236328,30.43000030517578,29.969999313354492,30.270000457763672,15600
2015-09-22,30.049999237060547,30.170000076293945,29.6200008392334,29.739999771118164,39500
2015-09-23,29.860000610351562,30.520000457763672,29.780000686645508,30.43000030517578,31600
2015-09-24,30.290000915527344,31.040000915527344,30.100000381469727,30.84000015258789,56700
2015-09-25,31.110000610351562,31.110000610351562,30.40999984741211,30.540000915527344,24700
2015-09-28,30.510000228881836,30.709999084472656,30.0,30.260000228881836,34100
2015-09-29,30.459999084472656,30.860000610351562,30.079999923706055,30.649999618530273,29100
2015-09-30,30.799999237060547,31.209999084472656,30.469999313354492,30.799999237060547,38700
2015-10-01,30.8799991607666,31.139999389648438,30.010000228881836,30.450000762939453,39600
2015-10-02,30.149999618530273,30.18000030517578,29.350000381469727,30.1200008392334,39800
2015-10-05,30.139999389648438,30.489999771118164,30.030000686645508,30.299999237060547,41200
2015-10-06,30.200000762939453,30.200000762939453,29.670000076293945,29.739999771118164,52700
2015-10-07,30.219999313354492,30.59000015258789,29.760000228881836,30.25,45700
2015-10-08,30.059999465942383,30.690000534057617,29.979999542236328,30.649999618530273,51800
2015-10-09,30.829999923706055,30.850000381469727,30.31999969482422,30.540000915527344,29300
2015-10-12,30.450000762939453,31.1299991607666,30.450000762939453,30.93000030517578,45800
2015-10-13,30.770000457763672,31.170000076293945,30.649999618530273,30.81999969482422,24900
2015-10-14,30.8799991607666,30.8799991607666,29.850000381469727,29.940000534057617,33000
2015-10-15,30.190000534057617,30.809999465942383,29.93000030517578,30.770000457763672,26700
2015-10-16,30.889999389648438,31.079999923706055,30.610000610351562,30.81999969482422,35700
2015-10-19,30.690000534057617,31.540000915527344,30.690000534057617,31.170000076293945,37200
2015-10-20,31.09000015258789,31.6299991607666,31.049999237060547,31.229999542236328,31600
2015-10-21,31.290000915527344,31.450000762939453,30.690000534057617,30.75,16700
2015-10-22,30.829999923706055,31.799999237060547,30.829999923706055,31.280000686645508,62200
2015-10-23,31.389999389648438,31.850000381469727,31.270000457763672,31.399999618530273,32900
2015-10-26,31.399999618530273,32.16999816894531,31.389999389648438,32.02000045776367,30700
2015-10-27,32.15999984741211,32.29999923706055,31.5,31.75,28400
2015-10-28,31.75,33.68000030517578,31.75,33.650001525878906,70600
2015-10-29,33.56999969482422,33.869998931884766,32.939998626708984,33.13999938964844,42600
2015-10-30,32.70000076293945,32.86000061035156,31.579999923706055,31.760000228881836,48100
2015-11-02,31.899999618530273,32.2400016784668,31.690000534057617,32.0,25500
2015-11-03,31.899999618530273,32.79999923706055,31.469999313354492,32.25,74200
2015-11-04,32.470001220703125,32.540000915527344,32.09000015258789,32.40999984741211,27200
2015-11-05,32.290000915527344,32.900001525878906,32.290000915527344,32.79999923706055,47800
2015-11-06,32.9900016784668,34.16999816894531,32.9900016784668,34.099998474121094,32000
2015-11-09,34.099998474121094,34.20000076293945,33.380001068115234,33.560001373291016,36900
2015-11-10,33.5099983215332,33.939998626708984,33.06999969482422,33.59000015258789,29400
2015-11-11,33.68000030517578,33.869998931884766,33.099998474121094,33.43000030517578,30900
2015-11-12,33.13999938964844,33.29999923706055,32.689998626708984,32.900001525878906,32000
2015-11-13,32.56999969482422,33.0099983215332,32.540000915527344,32.709999084472656,29900
2015-11-16,32.709999084472656,33.11000061035156,32.20000076293945,32.9900016784668,33900
2015-11-17,33.0,33.63999938964844,32.869998931884766,33.25,24500
2015-11-18,33.540000915527344,33.70000076293945,32.939998626708984,33.47999954223633,29800
2015-11-19,33.59000015258789,33.59000015258789,33.06999969482422,33.349998474121094,13800
2015-11-20,33.560001373291016,34.0,33.31999969482422,33.869998931884766,46500
2015-11-23,33.849998474121094,34.349998474121094,33.77000045776367,33.84000015258789,56900
2015-11-24,33.66999816894531,34.25,33.279998779296875,34.20000076293945,31400
2015-11-25,34.25,34.25,33.689998626708984,33.9900016784668,14100
2015-11-27,33.970001220703125,34.09000015258789,33.68000030517578,34.060001373291016,8200
2015-11-30,34.04999923706055,34.25,33.52000045776367,33.810001373291016,46600
2015-12-01,34.06999969482422,34.16999816894531,32.380001068115234,33.79999923706055,45500
2015-12-02,33.7599983215332,34.029998779296875,33.380001068115234,33.58000183105469,39100
2015-12-03,33.599998474121094,34.060001373291016,33.0099983215332,33.189998626708984,26400
2015-12-04,33.060001373291016,33.7599983215332,32.709999084472656,33.63999938964844,31100
2015-12-07,33.709999084472656,33.709999084472656,32.34000015258789,32.540000915527344,45300
2015-12-08,32.40999984741211,32.45000076293945,31.780000686645508,31.829999923706055,23700
2015-12-09,31.489999771118164,32.08000183105469,31.110000610351562,31.290000915527344,26900
2015-12-10,30.860000610351562,31.450000762939453,30.739999771118164,30.829999923706055,134500
2015-12-11,30.5,30.950000762939453,30.3700008392334,30.540000915527344,58700
2015-12-14,30.5,31.549999237060547,30.469999313354492,31.010000228881836,86600
2015-12-15,31.100000381469727,31.540000915527344,31.0,31.18000030517578,73200
2015-12-16,31.200000762939453,31.34000015258789,30.579999923706055,31.170000076293945,64100
2015-12-17,31.25,31.399999618530273,30.559999465942383,30.950000762939453,87200
2015-12-18,30.760000228881836,31.399999618530273,30.459999084472656,31.25,199500
2015-12-21,31.280000686645508,31.700000762939453,31.010000228881836,31.399999618530273,49100
2015-12-22,31.450000762939453,31.670000076293945,31.010000228881836,31.56999969482422,40400
2015-12-23,31.469999313354492,31.860000610351562,31.309999465942383,31.639999389648438,47400
2015-12-24,31.739999771118164,32.0,31.450000762939453,31.799999237060547,21500
2015-12-28,31.6200008392334,31.829999923706055,31.299999237060547,31.829999923706055,41200
2015-12-29,31.969999313354492,32.2400016784668,31.75,32.150001525878906,31400
2015-12-30,32.209999084472656,32.34000015258789,31.829999923706055,32.13999938964844,28000
2015-12-31,32.09000015258789,32.279998779296875,30.8700008392334,30.8700008392334,66400
2016-01-04,30.389999389648438,30.799999237060547,30.020000457763672,30.40999984741211,80600
2016-01-05,30.520000457763672,30.8700008392334,30.209999084472656,30.600000381469727,49500
2016-01-06,30.139999389648438,30.700000762939453,30.139999389648438,30.40999984741211,33400
2016-01-07,30.010000228881836,30.15999984741211,29.709999084472656,29.75,39500
2016-01-08,29.889999389648438,30.1299991607666,29.530000686645508,29.579999923706055,58800
2016-01-11,29.690000534057617,30.0,29.549999237060547,29.790000915527344,30200
2016-01-12,30.0,30.100000381469727,29.06999969482422,29.709999084472656,53600
2016-01-13,29.760000228881836,29.81999969482422,28.479999542236328,28.6200008392334,47100
2016-01-14,28.8700008392334,29.149999618530273,28.639999389648438,28.739999771118164,32500
2016-01-15,28.06999969482422,28.3700008392334,27.280000686645508,28.079999923706055,86900
2016-01-19,28.559999465942383,28.850000381469727,28.0,28.56999969482422,50000
2016-01-20,28.329999923706055,28.760000228881836,27.690000534057617,28.350000381469727,31700
2016-01-21,28.34000015258789,28.56999969482422,27.809999465942383,27.90999984741211,43900
2016-01-22,28.360000610351562,28.3799991607666,27.010000228881836,27.959999084472656,56100
2016-01-25,28.209999084472656,28.209999084472656,27.399999618530273,27.56999969482422,51400
2016-01-26,27.420000076293945,28.65999984741211,27.420000076293945,28.549999237060547,66000
2016-01-27,28.420000076293945,29.0,28.18000030517578,28.530000686645508,57600
2016-01-28,28.670000076293945,29.459999084472656,28.670000076293945,29.0,47800
2016-01-29,29.09000015258789,30.309999465942383,29.09000015258789,30.219999313354492,78500
2016-02-01,30.15999984741211,30.15999984741211,29.610000610351562,29.850000381469727,55900
2016-02-02,29.6200008392334,29.690000534057617,29.209999084472656,29.389999389648438,41800
2016-02-03,29.559999465942383,29.969999313354492,28.8700008392334,29.700000762939453,55700
2016-02-04,29.719999313354492,30.170000076293945,29.18000030517578,29.31999969482422,41200
2016-02-05,29.31999969482422,29.700000762939453,29.020000457763672,29.1200008392334,70000
2016-02-08,28.799999237060547,29.959999084472656,28.6200008392334,29.75,47500
2016-02-09,29.489999771118164,30.049999237060547,29.139999389648438,29.860000610351562,47100
2016-02-10,30.15999984741211,30.239999771118164,29.239999771118164,29.389999389648438,45500
2016-02-11,28.809999465942383,29.079999923706055,28.420000076293945,28.440000534057617,120500
2016-02-12,28.719999313354492,29.299999237060547,28.68000030517578,29.149999618530273,90300
2016-02-16,29.479999542236328,30.219999313354492,29.239999771118164,30.110000610351562,44900
2016-02-17,30.270000457763672,30.6299991607666,29.760000228881836,29.950000762939453,65400
2016-02-18,29.950000762939453,30.309999465942383,29.579999923706055,29.860000610351562,47100
2016-02-19,29.829999923706055,30.229999542236328,29.829999923706055,30.209999084472656,58400
2016-02-22,30.450000762939453,30.809999465942383,30.139999389648438,30.639999389648438,55200
2016-02-23,30.34000015258789,30.670000076293945,30.209999084472656,30.479999542236328,59700
2016-02-24,30.549999237060547,30.65999984741211,29.760000228881836,30.59000015258789,56000
2016-02-25,30.6200008392334,30.920000076293945,30.5,30.8799991607666,23900
2016-02-26,31.0,31.239999771118164,30.670000076293945,30.940000534057617,33100
2016-02-29,31.06999969482422,31.34000015258789,30.420000076293945,30.450000762939453,64400
2016-03-01,30.579999923706055,31.399999618530273,30.1200008392334,31.25,45500
2016-03-02,31.110000610351562,31.56999969482422,31.010000228881836,31.559999465942383,42200
2016-03-03,31.600000381469727,31.799999237060547,31.399999618530273,31.739999771118164,33800
2016-03-04,31.719999313354492,31.950000762939453,31.459999084472656,31.6299991607666,25200
2016-03-07,31.600000381469727,32.029998779296875,31.600000381469727,31.84000015258789,26300
2016-03-08,31.780000686645508,31.940000534057617,31.600000381469727,31.610000610351562,40900
2016-03-09,31.770000457763672,31.8700008392334,31.510000228881836,31.700000762939453,28000
2016-03-10,31.690000534057617,32.09000015258789,31.399999618530273,31.559999465942383,51000
2016-03-11,31.739999771118164,32.439998626708984,31.729999542236328,32.2400016784668,93300
2016-03-14,32.20000076293945,33.470001220703125,32.08000183105469,33.08000183105469,154500
2016-03-15,33.04999923706055,33.5,32.41999816894531,32.529998779296875,52100
2016-03-16,32.45000076293945,32.81999969482422,32.290000915527344,32.58000183105469,73600
2016-03-17,32.5,32.68000030517578,32.0099983215332,32.540000915527344,59400
2016-03-18,32.709999084472656,32.709999084472656,32.130001068115234,32.310001373291016,261100
2016-03-21,32.369998931884766,32.5,31.950000762939453,32.34000015258789,42100
2016-03-22,32.13999938964844,32.5,31.940000534057617,31.969999313354492,78300
2016-03-23,32.20000076293945,32.20000076293945,31.75,31.760000228881836,51900
2016-03-24,31.75,31.81999969482422,31.649999618530273,31.81999969482422,72400
2016-03-28,32.130001068115234,32.13999938964844,31.579999923706055,31.709999084472656,48200
2016-03-29,31.68000030517578,31.969999313354492,31.40999984741211,31.940000534057617,79900
2016-03-30,32.08000183105469,32.27000045776367,31.93000030517578,32.20000076293945,32900
2016-03-31,32.11000061035156,32.29999923706055,31.780000686645508,31.84000015258789,31600
2016-04-01,31.649999618530273,31.920000076293945,31.520000457763672,31.899999618530273,30200
2016-04-04,32.099998474121094,32.099998474121094,31.559999465942383,31.600000381469727,23100
2016-04-05,31.43000030517578,32.70000076293945,31.09000015258789,31.09000015258789,31300
2016-04-06,31.040000915527344,31.549999237060547,30.690000534057617,31.34000015258789,30500
2016-04-07,31.079999923706055,31.799999237060547,30.3700008392334,31.059999465942383,128600
2016-04-08,31.190000534057617,31.670000076293945,30.31999969482422,31.389999389648438,102900
2016-04-11,31.350000381469727,31.709999084472656,31.18000030517578,31.469999313354492,79000
2016-04-12,31.469999313354492,32.279998779296875,31.469999313354492,31.850000381469727,41800
2016-04-13,32.13999938964844,33.209999084472656,32.099998474121094,33.060001373291016,74400
2016-04-14,32.97999954223633,33.4900016784668,32.86000061035156,33.0,34900
2016-04-15,32.880001068115234,33.060001373291016,32.7599983215332,33.060001373291016,46700
2016-04-18,32.79999923706055,33.310001373291016,32.709999084472656,33.0,29500
2016-04-19,33.06999969482422,33.619998931884766,32.75,33.59000015258789,45100
2016-04-20,33.540000915527344,33.779998779296875,33.209999084472656,33.5099983215332,22800
2016-04-21,33.279998779296875,33.77000045776367,32.9900016784668,33.310001373291016,58500
2016-04-22,33.189998626708984,33.81999969482422,32.630001068115234,33.630001068115234,33900
2016-04-25,33.650001525878906,33.88999938964844,32.95000076293945,33.849998474121094,34400
2016-04-26,33.9900016784668,34.529998779296875,33.47999954223633,34.38999938964844,39300
2016-04-27,34.29999923706055,34.54999923706055,34.119998931884766,34.5,55000
2016-04-28,34.25,34.65999984741211,34.20000076293945,34.540000915527344,70400
2016-04-29,34.400001525878906,34.65999984741211,33.5099983215332,34.439998626708984,59000
2016-05-02,34.63999938964844,34.83000183105469,34.27000045776367,34.7400016784668,29600
2016-05-03,34.599998474121094,34.65999984741211,34.04999923706055,34.38999938964844,53800
2016-05-04,34.540000915527344,34.68000030517578,33.689998626708984,33.93000030517578,55600
2016-05-05,34.130001068115234,34.27000045776367,33.61000061035156,33.63999938964844,30200
2016-05-06,33.599998474121094,33.70000076293945,33.2400016784668,33.5,44700
2016-05-09,33.5099983215332,33.88999938964844,33.38999938964844,33.540000915527344,27100
2016-05-10,33.83000183105469,34.29999923706055,33.70000076293945,34.0099983215332,30400
2016-05-11,33.849998474121094,34.2599983215332,33.560001373291016,33.630001068115234,22700
2016-05-12,33.439998626708984,33.88999938964844,33.34000015258789,33.720001220703125,15700
2016-05-13,33.779998779296875,33.779998779296875,33.0099983215332,33.189998626708984,31300
2016-05-16,33.33000183105469,33.97999954223633,33.0099983215332,33.68000030517578,34900
2016-05-17,33.54999923706055,33.83000183105469,32.63999938964844,32.88999938964844,41400
2016-05-18,32.790000915527344,33.93000030517578,32.790000915527344,33.93000030517578,47100
2016-05-19,33.709999084472656,33.709999084472656,33.029998779296875,33.36000061035156,47200
2016-05-20,33.560001373291016,33.849998474121094,33.380001068115234,33.61000061035156,34200
2016-05-23,33.63999938964844,33.900001525878906,33.29999923706055,33.83000183105469,47700
2016-05-24,33.97999954223633,34.02000045776367,33.849998474121094,33.9900016784668,145100
2016-05-25,33.9900016784668,34.040000915527344,33.61000061035156,33.970001220703125,40200
2016-05-26,33.880001068115234,33.97999954223633,33.619998931884766,33.7599983215332,17700
2016-05-27,33.84000015258789,34.20000076293945,33.560001373291016,34.20000076293945,24600
2016-05-31,34.20000076293945,34.20000076293945,33.75,33.88999938964844,69800
2016-06-01,33.650001525878906,34.20000076293945,33.529998779296875,33.970001220703125,36700
2016-06-02,33.77000045776367,34.040000915527344,33.61000061035156,33.88999938964844,28700
2016-06-03,33.79999923706055,33.79999923706055,32.81999969482422,33.38999938964844,38800
2016-06-06,33.369998931884766,33.939998626708984,33.290000915527344,33.36000061035156,68700
2016-06-07,33.529998779296875,33.65999984741211,33.18000030517578,33.400001525878906,43800
2016-06-08,33.5,33.91999816894531,33.36000061035156,33.7599983215332,33400
2016-06-09,33.75,34.04999923706055,32.939998626708984,33.400001525878906,70800
2016-06-10,33.18000030517578,33.529998779296875,32.970001220703125,33.20000076293945,34500
2016-06-13,33.189998626708984,33.189998626708984,32.52000045776367,32.70000076293945,51900
2016-06-14,32.529998779296875,32.97999954223633,32.31999969482422,32.52000045776367,38000
2016-06-15,32.529998779296875,32.93000030517578,32.25,32.4900016784668,45300
2016-06-16,32.349998474121094,32.779998779296875,31.90999984741211,32.13999938964844,48100
2016-06-17,32.209999084472656,32.43000030517578,31.350000381469727,31.559999465942383,234500
2016-06-20,31.889999389648438,32.81999969482422,31.889999389648438,32.630001068115234,42700
2016-06-21,32.529998779296875,32.61000061035156,32.11000061035156,32.43000030517578,25900
2016-06-22,32.58000183105469,32.83000183105469,32.33000183105469,32.369998931884766,33000
2016-06-23,32.7400016784668,33.40999984741211,32.540000915527344,33.22999954223633,42400
2016-06-24,32.0,32.0,31.0,31.56999969482422,134300
2016-06-27,31.1200008392334,31.1200008392334,30.450000762939453,30.739999771118164,51500
2016-06-28,31.100000381469727,31.15999984741211,30.6299991607666,31.049999237060547,51400
2016-06-29,31.219999313354492,31.700000762939453,31.190000534057617,31.559999465942383,27700
2016-06-30,31.729999542236328,32.439998626708984,31.649999618530273,32.38999938964844,28600
2016-07-01,32.38999938964844,32.86000061035156,31.889999389648438,32.09000015258789,28100
2016-07-05,31.940000534057617,32.02000045776367,31.5,31.799999237060547,22800
2016-07-06,31.709999084472656,32.75,31.530000686645508,32.11000061035156,33200
2016-07-07,32.119998931884766,32.2599983215332,31.5,31.610000610351562,32200
2016-07-08,31.8799991607666,32.4900016784668,31.8799991607666,32.2599983215332,51600
2016-07-11,32.349998474121094,32.79999923706055,32.349998474121094,32.709999084472656,54800
2016-07-12,32.970001220703125,33.38999938964844,32.900001525878906,33.11000061035156,38400
2016-07-13,33.189998626708984,33.5,32.91999816894531,33.15999984741211,52800
2016-07-14,33.540000915527344,33.7599983215332,33.2599983215332,33.29999923706055,27700
2016-07-15,33.529998779296875,33.529998779296875,33.22999954223633,33.40999984741211,42100
2016-07-18,33.029998779296875,33.43000030517578,32.900001525878906,33.0,18100
2016-07-19,33.08000183105469,33.25,33.040000915527344,33.2400016784668,25500
2016-07-20,33.220001220703125,33.599998474121094,33.130001068115234,33.38999938964844,39200
2016-07-21,33.290000915527344,33.72999954223633,33.189998626708984,33.41999816894531,63600
2016-07-22,33.689998626708984,34.52000045776367,33.689998626708984,34.459999084472656,32500
2016-07-25,34.66999816894531,34.66999816894531,33.0099983215332,34.0,56500
2016-07-26,34.0,34.189998626708984,33.93000030517578,34.150001525878906,24000
2016-07-27,34.290000915527344,34.400001525878906,34.13999938964844,34.22999954223633,40200
2016-07-28,34.08000183105469,34.15999984741211,33.779998779296875,33.88999938964844,24500
2016-07-29,33.79999923706055,33.90999984741211,33.5,33.61000061035156,30100
2016-08-01,33.65999984741211,33.900001525878906,33.619998931884766,33.709999084472656,26100
2016-08-02,33.77000045776367,33.83000183105469,33.31999969482422,33.560001373291016,25100
2016-08-03,33.61000061035156,33.9900016784668,33.61000061035156,33.959999084472656,18200
2016-08-04,34.0099983215332,34.18000030517578,33.97999954223633,34.150001525878906,16600
2016-08-05,34.31999969482422,34.459999084472656,34.2599983215332,34.400001525878906,73100
2016-08-08,34.400001525878906,34.400001525878906,34.11000061035156,34.279998779296875,16500
2016-08-09,34.310001373291016,34.61000061035156,34.310001373291016,34.61000061035156,47100
2016-08-10,34.540000915527344,34.599998474121094,34.13999938964844,34.34000015258789,13400
2016-08-11,34.040000915527344,34.59000015258789,34.040000915527344,34.38999938964844,19300
2016-08-12,34.22999954223633,34.630001068115234,34.18000030517578,34.52000045776367,40900
2016-08-15,34.66999816894531,34.810001373291016,34.47999954223633,34.65999984741211,14100
2016-08-16,34.5099983215332,34.72999954223633,34.2599983215332,34.36000061035156,24800
2016-08-17,34.310001373291016,34.70000076293945,34.25,34.43000030517578,17100
2016-08-18,34.459999084472656,34.7400016784668,34.31999969482422,34.72999954223633,18400
2016-08-19,34.70000076293945,34.84000015258789,34.13999938964844,34.630001068115234,26500
2016-08-22,34.599998474121094,34.86000061035156,34.4900016784668,34.75,32900
2016-08-23,34.79999923706055,34.970001220703125,34.66999816894531,34.70000076293945,19000
2016-08-24,34.79999923706055,34.79999923706055,34.54999923706055,34.66999816894531,24900
2016-08-25,34.52000045776367,34.849998474121094,34.52000045776367,34.849998474121094,21500
2016-08-26,34.56999969482422,34.88999938964844,34.27000045776367,34.81999969482422,12900
2016-08-29,34.83000183105469,34.9900016784668,34.790000915527344,34.849998474121094,10500
2016-08-30,34.650001525878906,35.22999954223633,34.2599983215332,35.20000076293945,16800
2016-08-31,35.2599983215332,35.599998474121094,35.04999923706055,35.38999938964844,38000
2016-09-01,35.45000076293945,35.45000076293945,34.56999969482422,35.040000915527344,28100
2016-09-02,35.08000183105469,35.34000015258789,34.849998474121094,35.34000015258789,23100
2016-09-06,35.34000015258789,35.34000015258789,34.43000030517578,34.86000061035156,29900
2016-09-07,34.86000061035156,35.439998626708984,34.790000915527344,35.40999984741211,29700
2016-09-08,35.349998474121094,35.349998474121094,35.04999923706055,35.279998779296875,21100
2016-09-09,35.02000045776367,35.27000045776367,34.779998779296875,34.790000915527344,28800
2016-09-12,34.84000015258789,35.04999923706055,34.45000076293945,35.029998779296875,24900
2016-09-13,34.66999816894531,34.81999969482422,34.20000076293945,34.529998779296875,31300
2016-09-14,34.45000076293945,34.59000015258789,34.060001373291016,34.06999969482422,16800
2016-09-15,34.13999938964844,34.619998931884766,34.040000915527344,34.29999923706055,45200
2016-09-16,34.380001068115234,34.70000076293945,34.130001068115234,34.31999969482422,109300
2016-09-19,34.47999954223633,35.040000915527344,34.47999954223633,34.88999938964844,26500
2016-09-20,34.97999954223633,35.150001525878906,34.619998931884766,34.9900016784668,18500
2016-09-21,35.220001220703125,35.290000915527344,35.0,35.209999084472656,18100
2016-09-22,35.22999954223633,35.84000015258789,35.22999954223633,35.81999969482422,34500
2016-09-23,35.630001068115234,35.689998626708984,35.310001373291016,35.5,26400
2016-09-26,35.4900016784668,35.59000015258789,35.290000915527344,35.369998931884766,67500
2016-09-27,35.63999938964844,35.810001373291016,35.41999816894531,35.56999969482422,66500
2016-09-28,35.790000915527344,35.869998931884766,35.13999938964844,35.7400016784668,28900
2016-09-29,35.810001373291016,35.97999954223633,35.060001373291016,35.099998474121094,39300
2016-09-30,35.25,35.9900016784668,35.16999816894531,35.70000076293945,38900
2016-10-03,35.43000030517578,35.459999084472656,34.599998474121094,35.040000915527344,30200
2016-10-04,35.08000183105469,35.5,35.04999923706055,35.29999923706055,36700
2016-10-05,35.52000045776367,35.880001068115234,35.369998931884766,35.41999816894531,37800
2016-10-06,35.099998474121094,35.7400016784668,35.08000183105469,35.38999938964844,67600
2016-10-07,35.18000030517578,35.599998474121094,34.93000030517578,35.25,56300
2016-10-10,35.5099983215332,35.70000076293945,35.349998474121094,35.61000061035156,51000
2016-10-11,35.63999938964844,35.84000015258789,35.15999984741211,35.2400016784668,27200
2016-10-12,35.040000915527344,35.5099983215332,35.0099983215332,35.279998779296875,18900
2016-10-13,35.18000030517578,35.18000030517578,34.59000015258789,34.790000915527344,21500
2016-10-14,35.099998474121094,35.20000076293945,34.810001373291016,34.95000076293945,32700
2016-10-17,35.099998474121094,35.099998474121094,34.2599983215332,34.70000076293945,13400
2016-10-18,34.56999969482422,35.029998779296875,34.56999969482422,34.880001068115234,15900
2016-10-19,35.02000045776367,35.4900016784668,34.619998931884766,35.279998779296875,17100
2016-10-20,35.5,35.54999923706055,35.150001525878906,35.470001220703125,24000
2016-10-21,34.900001525878906,35.119998931884766,33.849998474121094,33.97999954223633,37900
2016-10-24,34.310001373291016,34.66999816894531,34.08000183105469,34.61000061035156,38800
2016-10-25,34.59000015258789,34.77000045776367,34.13999938964844,34.459999084472656,50400
2016-10-26,34.34000015258789,34.97999954223633,34.34000015258789,34.61000061035156,39400
2016-10-27,34.75,35.220001220703125,34.61000061035156,34.72999954223633,45200
2016-10-28,34.599998474121094,34.599998474121094,34.38999938964844,34.5,30700
2016-10-31,34.560001373291016,34.779998779296875,34.380001068115234,34.560001373291016,41700
2016-11-01,34.650001525878906,34.68000030517578,34.279998779296875,34.369998931884766,36900
2016-11-02,34.41999816894531,34.41999816894531,33.689998626708984,33.7599983215332,15300
2016-11-03,33.720001220703125,34.25,33.27000045776367,33.93000030517578,24200
2016-11-04,34.09000015258789,34.09000015258789,33.58000183105469,33.630001068115234,33300
2016-11-07,34.209999084472656,34.75,34.029998779296875,34.619998931884766,26400
2016-11-08,34.4900016784668,34.68000030517578,34.349998474121094,34.540000915527344,26100
2016-11-09,34.630001068115234,36.720001220703125,34.630001068115234,36.720001220703125,54000
2016-11-10,36.900001525878906,38.209999084472656,35.43000030517578,37.75,64200
2016-11-11,37.650001525878906,40.900001525878906,37.2599983215332,39.900001525878906,98100
2016-11-14,40.470001220703125,41.63999938964844,36.290000915527344,39.91999816894531,79300
2016-11-15,39.650001525878906,40.02000045776367,38.790000915527344,39.900001525878906,55400
2016-11-16,39.689998626708984,39.689998626708984,38.689998626708984,39.09000015258789,85500
2016-11-17,39.13999938964844,39.900001525878906,38.90999984741211,39.5099983215332,56800
2016-11-18,39.599998474121094,40.16999816894531,39.34000015258789,39.540000915527344,66500
2016-11-21,39.61000061035156,39.650001525878906,38.290000915527344,38.58000183105469,90300
2016-11-22,38.7400016784668,39.599998474121094,38.7400016784668,39.45000076293945,54400
2016-11-23,39.41999816894531,39.849998474121094,39.41999816894531,39.59000015258789,64900
2016-11-25,39.599998474121094,39.599998474121094,39.150001525878906,39.5099983215332,11600
2016-11-28,39.41999816894531,39.41999816894531,38.7599983215332,38.880001068115234,28300
2016-11-29,39.18000030517578,39.779998779296875,39.060001373291016,39.29999923706055,68300
2016-11-30,39.599998474121094,39.599998474121094,39.060001373291016,39.36000061035156,60400
2016-12-01,39.54999923706055,39.650001525878906,39.31999969482422,39.56999969482422,67700
2016-12-02,39.29999923706055,39.59000015258789,38.869998931884766,39.36000061035156,54400
2016-12-05,39.599998474121094,40.38999938964844,39.58000183105469,40.18000030517578,80000
2016-12-06,40.47999954223633,40.93000030517578,39.84000015258789,40.869998931884766,66900
2016-12-07,41.0,41.400001525878906,40.83000183105469,41.189998626708984,74500
2016-12-08,41.47999954223633,42.689998626708984,41.16999816894531,42.380001068115234,191300
2016-12-09,42.31999969482422,43.400001525878906,40.90999984741211,43.34000015258789,73000
2016-12-12,43.310001373291016,43.720001220703125,42.880001068115234,43.689998626708984,127100
2016-12-13,43.619998931884766,44.36000061035156,43.47999954223633,44.0,59600
2016-12-14,43.75,44.18000030517578,43.290000915527344,43.790000915527344,51500
2016-12-15,44.0,45.02000045776367,44.0,44.18000030517578,120300
2016-12-16,44.04999923706055,44.11000061035156,43.38999938964844,43.7400016784668,315200
2016-12-19,43.779998779296875,44.27000045776367,43.09000015258789,44.189998626708984,37900
2016-12-20,44.58000183105469,45.029998779296875,43.43000030517578,45.0,39800
2016-12-21,45.060001373291016,45.099998474121094,44.439998626708984,44.439998626708984,46700
2016-12-22,44.41999816894531,44.84000015258789,44.22999954223633,44.400001525878906,41800
2016-12-23,44.380001068115234,44.75,44.06999969482422,44.20000076293945,31200
2016-12-27,44.380001068115234,44.86000061035156,44.18000030517578,44.7400016784668,40900
2016-12-28,44.90999984741211,45.06999969482422,44.4900016784668,44.70000076293945,58700
2016-12-29,44.90999984741211,45.52000045776367,44.34000015258789,45.33000183105469,73000
2016-12-30,45.61000061035156,45.61000061035156,44.560001373291016,44.65999984741211,28000
2017-01-03,45.13999938964844,45.849998474121094,44.349998474121094,44.5099983215332,52100
2017-01-04,44.779998779296875,45.34000015258789,44.470001220703125,44.869998931884766,35000
2017-01-05,44.810001373291016,44.810001373291016,43.560001373291016,44.060001373291016,45400
2017-01-06,44.20000076293945,44.20000076293945,43.689998626708984,43.720001220703125,33600
2017-01-09,43.380001068115234,43.439998626708984,42.70000076293945,42.77000045776367,46500
2017-01-10,42.54999923706055,43.77000045776367,42.459999084472656,43.5,47600
2017-01-11,43.31999969482422,43.880001068115234,43.25,43.810001373291016,35400
2017-01-12,43.90999984741211,44.099998474121094,43.16999816894531,43.77000045776367,43400
2017-01-13,43.959999084472656,44.709999084472656,43.959999084472656,44.09000015258789,29700
2017-01-17,43.81999969482422,43.81999969482422,42.599998474121094,42.939998626708984,56600
2017-01-18,43.150001525878906,44.02000045776367,42.849998474121094,43.70000076293945,56300
2017-01-19,43.70000076293945,43.86000061035156,43.29999923706055,43.709999084472656,45600
2017-01-20,43.810001373291016,49.11000061035156,43.810001373291016,46.790000915527344,99200
2017-01-23,46.75,46.900001525878906,45.68000030517578,45.689998626708984,44300
2017-01-24,45.790000915527344,46.52000045776367,45.150001525878906,46.369998931884766,42400
2017-01-25,46.93000030517578,47.0,46.59000015258789,46.689998626708984,56900
2017-01-26,47.0,47.0,45.900001525878906,46.619998931884766,42000
2017-01-27,46.41999816894531,46.599998474121094,46.040000915527344,46.36000061035156,37400
2017-01-30,46.0,46.0,45.060001373291016,45.38999938964844,57700
2017-01-31,45.150001525878906,45.540000915527344,44.84000015258789,45.11000061035156,101400
2017-02-01,45.58000183105469,45.869998931884766,44.54999923706055,44.709999084472656,69100
2017-02-02,44.5,44.79999923706055,43.810001373291016,44.04999923706055,32100
2017-02-03,44.560001373291016,45.119998931884766,44.34000015258789,44.81999969482422,35200
2017-02-06,44.81999969482422,45.09000015258789,44.11000061035156,44.11000061035156,42200
2017-02-07,44.36000061035156,44.56999969482422,43.529998779296875,43.58000183105469,38400
2017-02-08,43.2599983215332,44.25,42.63999938964844,43.040000915527344,43100
2017-02-09,42.790000915527344,43.58000183105469,42.150001525878906,43.33000183105469,58700
2017-02-10,43.58000183105469,44.400001525878906,43.349998474121094,43.4900016784668,34800
2017-02-13,43.68000030517578,44.630001068115234,43.56999969482422,44.45000076293945,108400
2017-02-14,44.43000030517578,45.5099983215332,44.099998474121094,45.29999923706055,56700
2017-02-15,45.470001220703125,46.18000030517578,44.93000030517578,46.150001525878906,95600
2017-02-16,46.15999984741211,46.5,45.849998474121094,46.40999984741211,56900
2017-02-17,46.34000015258789,46.83000183105469,46.02000045776367,46.79999923706055,109500
2017-02-21,46.880001068115234,46.880001068115234,46.119998931884766,46.4900016784668,51300
2017-02-22,46.36000061035156,46.88999938964844,46.22999954223633,46.75,33400
2017-02-23,47.0,47.2400016784668,46.4900016784668,47.08000183105469,76700
2017-02-24,46.59000015258789,47.130001068115234,46.59000015258789,47.060001373291016,67200
2017-02-27,47.040000915527344,47.18000030517578,46.849998474121094,47.09000015258789,53300
2017-02-28,47.0,47.150001525878906,46.130001068115234,46.709999084472656,117500
2017-03-01,47.20000076293945,47.880001068115234,46.5,47.630001068115234,60400
2017-03-02,47.439998626708984,47.470001220703125,46.63999938964844,47.0,92300
2017-03-03,46.970001220703125,47.20000076293945,46.68000030517578,47.08000183105469,65100
2017-03-06,46.91999816894531,47.29999923706055,46.540000915527344,47.119998931884766,53300
2017-03-07,47.13999938964844,47.150001525878906,46.709999084472656,47.0,53500
2017-03-08,47.25,47.5,46.709999084472656,47.0099983215332,95000
2017-03-09,47.0099983215332,47.18000030517578,46.84000015258789,47.040000915527344,73800
2017-03-10,47.25,47.25,46.52000045776367,47.02000045776367,81300
2017-03-13,46.84000015258789,47.2400016784668,46.72999954223633,47.04999923706055,49100
2017-03-14,46.959999084472656,47.310001373291016,46.7599983215332,47.13999938964844,45600
2017-03-15,46.90999984741211,47.369998931884766,46.65999984741211,47.0,128400
2017-03-16,47.150001525878906,47.599998474121094,46.79999923706055,47.150001525878906,42700
2017-03-17,46.95000076293945,47.189998626708984,46.58000183105469,47.0,215900
2017-03-20,47.040000915527344,47.06999969482422,46.72999954223633,47.029998779296875,82500
2017-03-21,47.06999969482422,47.189998626708984,44.56999969482422,45.0,126800
2017-03-22,45.20000076293945,45.40999984741211,44.84000015258789,45.04999923706055,156900
2017-03-23,44.849998474121094,45.68000030517578,44.79999923706055,45.599998474121094,103100
2017-03-24,45.66999816894531,46.0099983215332,45.29999923706055,46.0,127300
2017-03-27,45.18000030517578,45.18000030517578,44.540000915527344,44.88999938964844,94900
2017-03-28,44.84000015258789,45.7400016784668,44.65999984741211,45.70000076293945,73500
2017-03-29,45.779998779296875,45.97999954223633,45.599998474121094,45.849998474121094,55400
2017-03-30,45.900001525878906,47.13999938964844,45.54999923706055,47.0099983215332,66500
2017-03-31,46.7400016784668,47.29999923706055,46.54999923706055,46.95000076293945,139200
2017-04-03,46.959999084472656,47.029998779296875,45.70000076293945,46.599998474121094,130600
2017-04-04,46.290000915527344,46.880001068115234,46.279998779296875,46.560001373291016,65500
2017-04-05,46.75,46.79999923706055,46.06999969482422,46.08000183105469,112900
2017-04-06,46.150001525878906,46.61000061035156,45.95000076293945,46.5099983215332,97500
2017-04-07,46.279998779296875,46.68000030517578,45.84000015258789,45.90999984741211,74900
2017-04-10,46.08000183105469,46.34000015258789,45.060001373291016,45.33000183105469,52600
2017-04-11,45.16999816894531,45.630001068115234,44.939998626708984,45.5,115600
2017-04-12,45.349998474121094,45.58000183105469,44.560001373291016,44.72999954223633,67400
2017-04-13,44.630001068115234,44.779998779296875,43.7400016784668,43.810001373291016,34500
2017-04-17,43.900001525878906,44.560001373291016,43.58000183105469,44.54999923706055,33500
2017-04-18,44.2400016784668,44.58000183105469,43.95000076293945,44.47999954223633,30700
2017-04-19,44.66999816894531,44.95000076293945,44.349998474121094,44.66999816894531,50800
2017-04-20,45.0,46.70000076293945,44.119998931884766,46.54999923706055,115600
2017-04-21,46.66999816894531,48.900001525878906,46.56999969482422,48.650001525878906,129400
2017-04-24,49.0,50.779998779296875,49.0,49.779998779296875,139900
2017-04-25,50.04999923706055,50.25,49.68000030517578,49.970001220703125,95100
2017-04-26,49.959999084472656,50.58000183105469,49.75,49.77000045776367,131100
2017-04-27,50.0,50.0,49.099998474121094,49.36000061035156,56100
2017-04-28,49.08000183105469,49.65999984741211,48.279998779296875,48.310001373291016,76900
2017-05-01,48.5,48.83000183105469,48.099998474121094,48.47999954223633,32200
2017-05-02,48.150001525878906,48.459999084472656,47.970001220703125,48.349998474121094,39000
2017-05-03,48.09000015258789,48.810001373291016,47.20000076293945,48.560001373291016,39700
2017-05-04,48.849998474121094,49.099998474121094,48.29999923706055,48.709999084472656,35400
2017-05-05,48.79999923706055,48.88999938964844,48.290000915527344,48.70000076293945,39000
2017-05-08,48.63999938964844,49.310001373291016,48.54999923706055,48.95000076293945,32600
2017-05-09,49.0099983215332,49.33000183105469,46.41999816894531,48.54999923706055,45700
2017-05-10,48.439998626708984,48.650001525878906,48.0099983215332,48.34000015258789,54600
2017-05-11,48.16999816894531,48.189998626708984,47.2400016784668,47.2400016784668,56200
2017-05-12,47.06999969482422,47.40999984741211,46.43000030517578,47.29999923706055,49600
2017-05-15,47.33000183105469,47.959999084472656,47.20000076293945,47.45000076293945,24200
2017-05-16,47.47999954223633,47.63999938964844,46.880001068115234,47.560001373291016,21500
2017-05-17,46.810001373291016,47.45000076293945,45.720001220703125,46.13999938964844,75500
2017-05-18,45.959999084472656,46.61000061035156,45.65999984741211,45.91999816894531,64900
2017-05-19,45.97999954223633,46.349998474121094,45.439998626708984,45.52000045776367,55800
2017-05-22,45.65999984741211,46.279998779296875,45.47999954223633,46.13999938964844,36200
2017-05-23,46.189998626708984,46.79999923706055,45.93000030517578,46.689998626708984,50900
2017-05-24,46.72999954223633,47.38999938964844,46.209999084472656,46.560001373291016,66600
2017-05-25,46.959999084472656,47.20000076293945,46.33000183105469,46.70000076293945,49500
2017-05-26,46.459999084472656,46.880001068115234,46.2599983215332,46.349998474121094,48500
2017-05-30,46.33000183105469,46.470001220703125,45.529998779296875,45.72999954223633,83000
2017-05-31,45.77000045776367,46.04999923706055,44.47999954223633,45.54999923706055,63900
2017-06-01,45.66999816894531,46.849998474121094,45.5,46.79999923706055,56800
2017-06-02,46.58000183105469,47.2400016784668,46.0099983215332,46.130001068115234,100000
2017-06-05,46.220001220703125,46.380001068115234,45.52000045776367,45.599998474121094,49600
2017-06-06,45.25,45.25,44.33000183105469,44.689998626708984,81900
2017-06-07,44.7599983215332,46.150001525878906,44.7599983215332,46.11000061035156,65000
2017-06-08,46.36000061035156,48.13999938964844,46.36000061035156,47.560001373291016,49400
2017-06-09,47.849998474121094,48.93000030517578,47.849998474121094,48.93000030517578,74300
2017-06-12,48.81999969482422,49.599998474121094,47.849998474121094,48.36000061035156,58000
2017-06-13,48.470001220703125,48.939998626708984,48.11000061035156,48.63999938964844,31900
2017-06-14,48.38999938964844,49.060001373291016,47.439998626708984,49.0099983215332,64800
2017-06-15,48.45000076293945,49.029998779296875,48.22999954223633,48.790000915527344,42000
2017-06-16,48.459999084472656,49.0099983215332,48.13999938964844,49.0,107000
2017-06-19,49.08000183105469,49.54999923706055,49.08000183105469,49.529998779296875,118400
2017-06-20,49.529998779296875,49.529998779296875,48.279998779296875,48.34000015258789,51400
2017-06-21,48.34000015258789,48.47999954223633,47.65999984741211,47.77000045776367,40500
2017-06-22,47.709999084472656,47.709999084472656,46.91999816894531,47.15999984741211,72200
2017-06-23,47.15999984741211,47.630001068115234,46.869998931884766,47.119998931884766,122900
2017-06-26,47.189998626708984,47.83000183105469,46.959999084472656,47.22999954223633,26100
2017-06-27,47.33000183105469,47.9900016784668,47.25,47.470001220703125,21500
2017-06-28,47.709999084472656,48.349998474121094,47.70000076293945,47.9900016784668,40700
2017-06-29,48.400001525878906,48.619998931884766,47.599998474121094,48.2400016784668,48600
2017-06-30,48.27000045776367,48.34000015258789,47.540000915527344,47.939998626708984,53800
2017-07-03,48.11000061035156,49.869998931884766,48.0,49.369998931884766,40700
2017-07-05,49.38999938964844,49.38999938964844,47.45000076293945,48.720001220703125,36300
2017-07-06,48.709999084472656,49.130001068115234,48.04999923706055,48.22999954223633,27700
2017-07-07,48.11000061035156,48.88999938964844,48.02000045776367,48.66999816894531,31200
2017-07-10,48.5,48.75,47.959999084472656,48.38999938964844,52400
2017-07-11,48.400001525878906,48.54999923706055,48.029998779296875,48.5,47200
2017-07-12,48.5099983215332,49.599998474121094,48.349998474121094,48.83000183105469,38600
2017-07-13,48.81999969482422,48.86000061035156,48.5,48.86000061035156,28200
2017-07-14,48.599998474121094,49.0099983215332,48.5,48.619998931884766,58000
2017-07-17,48.599998474121094,48.959999084472656,48.41999816894531,48.810001373291016,38700
2017-07-18,48.529998779296875,49.220001220703125,48.529998779296875,48.9900016784668,47800
2017-07-19,48.9900016784668,49.29999923706055,48.130001068115234,48.66999816894531,44800
2017-07-20,48.68000030517578,49.029998779296875,48.0099983215332,48.650001525878906,38500
2017-07-21,49.61000061035156,49.61000061035156,47.970001220703125,48.83000183105469,100300
2017-07-24,48.84000015258789,49.29999923706055,48.560001373291016,49.099998474121094,44800
2017-07-25,49.65999984741211,49.95000076293945,48.810001373291016,49.529998779296875,55900
2017-07-26,49.61000061035156,49.959999084472656,48.290000915527344,48.5,37000
2017-07-27,48.58000183105469,49.34000015258789,48.29999923706055,48.709999084472656,36900
2017-07-28,48.70000076293945,48.79999923706055,48.31999969482422,48.619998931884766,19900
2017-07-31,49.060001373291016,49.56999969482422,48.209999084472656,49.099998474121094,59300
2017-08-01,49.540000915527344,49.540000915527344,49.2400016784668,49.400001525878906,30600
2017-08-02,49.40999984741211,49.4900016784668,49.099998474121094,49.41999816894531,44300
2017-08-03,49.130001068115234,49.150001525878906,48.150001525878906,48.459999084472656,41500
2017-08-04,48.7599983215332,49.06999969482422,48.029998779296875,48.77000045776367,28800
2017-08-07,48.70000076293945,48.70000076293945,48.18000030517578,48.310001373291016,23200
2017-08-08,48.0,48.900001525878906,47.65999984741211,48.29999923706055,34900
2017-08-09,48.029998779296875,48.2400016784668,47.029998779296875,47.93000030517578,58200
2017-08-10,47.72999954223633,47.86000061035156,47.06999969482422,47.08000183105469,36100
2017-08-11,47.2599983215332,47.470001220703125,46.0,46.41999816894531,30700
2017-08-14,46.75,47.959999084472656,46.709999084472656,47.619998931884766,60900
2017-08-15,48.130001068115234,48.369998931884766,47.06999969482422,47.09000015258789,39600
2017-08-16,47.13999938964844,47.7400016784668,46.75,46.970001220703125,30200
2017-08-17,46.65999984741211,47.22999954223633,45.689998626708984,45.81999969482422,40600
2017-08-18,45.54999923706055,46.5099983215332,45.41999816894531,46.099998474121094,39100
2017-08-21,46.099998474121094,46.65999984741211,45.63999938964844,46.349998474121094,35300
2017-08-22,46.33000183105469,46.95000076293945,46.220001220703125,46.529998779296875,23400
2017-08-23,46.20000076293945,47.04999923706055,46.13999938964844,46.52000045776367,27400
2017-08-24,46.38999938964844,46.79999923706055,46.25,46.720001220703125,33500
2017-08-25,46.86000061035156,47.209999084472656,46.43000030517578,46.9900016784668,22100
2017-08-28,47.06999969482422,47.25,46.369998931884766,46.810001373291016,32000
2017-08-29,46.290000915527344,46.95000076293945,46.04999923706055,46.56999969482422,24300
2017-08-30,46.56999969482422,47.09000015258789,46.33000183105469,46.56999969482422,27100
2017-08-31,46.56999969482422,47.02000045776367,46.2400016784668,46.66999816894531,34500
2017-09-01,46.709999084472656,47.02000045776367,46.099998474121094,46.88999938964844,25700
2017-09-05,46.709999084472656,46.83000183105469,45.349998474121094,45.59000015258789,26700
2017-09-06,45.810001373291016,46.220001220703125,45.400001525878906,45.65999984741211,40100
2017-09-07,46.7400016784668,46.7400016784668,44.59000015258789,44.81999969482422,31000
2017-09-08,44.66999816894531,46.970001220703125,44.66999816894531,45.54999923706055,17000
2017-09-11,45.79999923706055,46.86000061035156,45.709999084472656,46.61000061035156,29800
2017-09-12,46.52000045776367,47.56999969482422,46.34000015258789,47.31999969482422,27600
2017-09-13,47.15999984741211,47.4900016784668,46.25,47.34000015258789,47300
2017-09-14,47.40999984741211,47.58000183105469,46.880001068115234,46.970001220703125,17300
2017-09-15,47.04999923706055,47.369998931884766,46.47999954223633,47.16999816894531,72700
2017-09-18,47.45000076293945,47.849998474121094,47.209999084472656,47.650001525878906,58900
2017-09-19,47.720001220703125,47.880001068115234,47.33000183105469,47.529998779296875,50500
2017-09-20,45.959999084472656,48.119998931884766,45.959999084472656,47.849998474121094,116000
2017-09-21,47.83000183105469,48.529998779296875,47.83000183105469,48.119998931884766,32200
2017-09-22,48.43000030517578,48.880001068115234,47.77000045776367,48.43000030517578,53300
2017-09-25,48.439998626708984,48.84000015258789,47.97999954223633,48.459999084472656,29800
2017-09-26,48.560001373291016,49.16999816894531,47.310001373291016,48.81999969482422,40300
2017-09-27,49.25,51.79999923706055,48.52000045776367,50.75,133000
2017-09-28,50.869998931884766,51.529998779296875,50.349998474121094,51.130001068115234,50600
2017-09-29,50.959999084472656,51.650001525878906,50.7599983215332,50.79999923706055,66700
2017-10-02,50.970001220703125,51.68000030517578,50.439998626708984,51.59000015258789,53600
2017-10-03,51.650001525878906,51.86000061035156,51.099998474121094,51.599998474121094,43900
2017-10-04,51.59000015258789,51.79999923706055,50.709999084472656,50.7599983215332,30600
2017-10-05,51.060001373291016,51.75,51.060001373291016,51.25,51400
2017-10-06,51.40999984741211,51.709999084472656,50.90999984741211,51.130001068115234,85500
2017-10-09,51.130001068115234,51.709999084472656,50.7599983215332,51.119998931884766,32100
2017-10-10,51.43000030517578,52.09000015258789,51.43000030517578,52.08000183105469,58600
2017-10-11,52.09000015258789,52.61000061035156,51.88999938964844,52.599998474121094,72300
2017-10-12,52.720001220703125,52.77000045776367,52.36000061035156,52.66999816894531,83300
2017-10-13,52.59000015258789,52.959999084472656,52.060001373291016,52.13999938964844,79500
2017-10-16,52.11000061035156,52.83000183105469,51.959999084472656,52.20000076293945,32500
2017-10-17,52.470001220703125,52.470001220703125,51.59000015258789,51.7400016784668,34600
2017-10-18,52.119998931884766,52.40999984741211,51.709999084472656,52.16999816894531,25400
2017-10-19,51.88999938964844,52.34000015258789,50.029998779296875,52.16999816894531,41600
2017-10-20,52.9900016784668,52.9900016784668,51.79999923706055,52.20000076293945,103600
2017-10-23,52.560001373291016,52.66999816894531,51.970001220703125,52.15999984741211,60400
2017-10-24,52.5099983215332,52.779998779296875,52.0,52.279998779296875,98700
2017-10-25,52.310001373291016,52.34000015258789,51.5099983215332,51.91999816894531,68100
2017-10-26,52.09000015258789,52.529998779296875,51.869998931884766,52.2400016784668,28900
2017-10-27,52.25,53.029998779296875,52.09000015258789,52.81999969482422,46800
2017-10-30,52.52000045776367,52.52000045776367,51.13999938964844,51.349998474121094,69900
2017-10-31,51.349998474121094,51.81999969482422,51.130001068115234,51.310001373291016,45200
2017-11-01,51.540000915527344,51.63999938964844,50.43000030517578,50.72999954223633,24500
2017-11-02,50.720001220703125,51.63999938964844,50.349998474121094,51.47999954223633,35200
2017-11-03,51.369998931884766,51.369998931884766,50.61000061035156,50.86000061035156,29900
2017-11-06,50.849998474121094,50.93000030517578,50.52000045776367,50.689998626708984,19200
2017-11-07,50.66999816894531,50.869998931884766,49.11000061035156,49.15999984741211,27700
2017-11-08,48.88999938964844,48.88999938964844,47.15999984741211,47.869998931884766,153200
2017-11-09,47.59000015258789,49.04999923706055,47.45000076293945,47.88999938964844,99400
2017-11-10,47.869998931884766,49.650001525878906,47.38999938964844,48.040000915527344,31800
2017-11-13,47.7599983215332,48.81999969482422,47.689998626708984,48.66999816894531,35600
2017-11-14,48.34000015258789,49.529998779296875,48.2599983215332,49.36000061035156,53100
2017-11-15,48.939998626708984,49.9900016784668,48.939998626708984,49.56999969482422,47900
2017-11-16,49.81999969482422,50.310001373291016,49.40999984741211,49.560001373291016,67800
2017-11-17,49.27000045776367,50.119998931884766,49.27000045776367,49.880001068115234,35600
2017-11-20,49.869998931884766,50.33000183105469,49.18000030517578,50.290000915527344,36000
2017-11-21,50.47999954223633,50.90999984741211,50.34000015258789,50.63999938964844,50600
2017-11-22,50.720001220703125,50.7599983215332,50.15999984741211,50.25,40300
2017-11-24,50.439998626708984,50.439998626708984,49.869998931884766,50.029998779296875,20300
2017-11-27,49.90999984741211,50.70000076293945,49.90999984741211,50.150001525878906,26900
2017-11-28,50.220001220703125,51.43000030517578,50.0,51.31999969482422,77300
2017-11-29,51.56999969482422,53.290000915527344,51.06999969482422,52.939998626708984,74100
2017-11-30,53.25,53.25,51.15999984741211,51.45000076293945,88300
2017-12-01,51.43000030517578,51.93000030517578,50.029998779296875,51.63999938964844,47300
2017-12-04,52.22999954223633,52.84000015258789,51.63999938964844,52.290000915527344,76100
2017-12-05,52.459999084472656,52.459999084472656,50.95000076293945,50.95000076293945,32800
2017-12-06,50.7400016784668,51.7400016784668,50.59000015258789,50.849998474121094,46800
2017-12-07,50.779998779296875,51.5099983215332,50.5,50.72999954223633,25000
2017-12-08,50.97999954223633,52.20000076293945,50.61000061035156,50.720001220703125,60200
2017-12-11,50.689998626708984,50.86000061035156,49.869998931884766,49.970001220703125,26400
2017-12-12,50.09000015258789,50.61000061035156,49.43000030517578,50.13999938964844,24200
2017-12-13,50.2400016784668,50.95000076293945,49.79999923706055,50.09000015258789,48300
2017-12-14,50.27000045776367,50.47999954223633,49.04999923706055,49.310001373291016,25100
2017-12-15,49.290000915527344,50.720001220703125,48.25,50.29999923706055,162200
2017-12-18,50.66999816894531,51.79999923706055,50.20000076293945,50.45000076293945,57500
2017-12-19,50.540000915527344,50.880001068115234,49.91999816894531,50.02000045776367,46500
2017-12-20,50.20000076293945,50.58000183105469,49.959999084472656,50.040000915527344,36000
2017-12-21,50.11000061035156,50.869998931884766,49.83000183105469,50.40999984741211,29900
2017-12-22,50.459999084472656,50.459999084472656,49.849998474121094,50.09000015258789,30500
2017-12-26,50.0099983215332,50.15999984741211,49.709999084472656,49.83000183105469,42500
2017-12-27,49.72999954223633,50.529998779296875,49.72999954223633,49.900001525878906,66700
2017-12-28,49.91999816894531,50.400001525878906,49.79999923706055,50.130001068115234,24200
2017-12-29,50.13999938964844,50.310001373291016,49.43000030517578,49.45000076293945,45600
2018-01-02,49.75,50.310001373291016,49.310001373291016,49.630001068115234,82100
2018-01-03,49.56999969482422,49.9900016784668,49.41999816894531,49.560001373291016,52800
2018-01-04,49.75,50.33000183105469,49.560001373291016,49.7599983215332,48900
2018-01-05,49.88999938964844,50.400001525878906,49.630001068115234,50.400001525878906,46000
2018-01-08,50.20000076293945,50.20000076293945,49.709999084472656,49.95000076293945,38700
2018-01-09,50.09000015258789,51.130001068115234,49.97999954223633,50.47999954223633,28100
2018-01-10,50.22999954223633,51.529998779296875,50.0099983215332,50.959999084472656,37900
2018-01-11,51.25,52.15999984741211,51.25,52.0,23600
2018-01-12,52.099998474121094,52.650001525878906,51.86000061035156,52.2400016784668,36900
2018-01-16,52.5,52.959999084472656,51.25,51.400001525878906,30600
2018-01-17,51.68000030517578,53.72999954223633,51.13999938964844,52.189998626708984,28000
2018-01-18,52.029998779296875,52.61000061035156,51.59000015258789,52.0,47300
2018-01-19,52.33000183105469,53.709999084472656,52.33000183105469,53.13999938964844,107400
2018-01-22,53.0099983215332,53.45000076293945,52.619998931884766,53.34000015258789,56100
2018-01-23,53.45000076293945,53.97999954223633,53.20000076293945,53.779998779296875,43600
2018-01-24,54.0,54.0,52.900001525878906,52.97999954223633,64100
2018-01-25,53.38999938964844,53.38999938964844,52.36000061035156,52.52000045776367,80400
2018-01-26,52.5,52.5,51.880001068115234,52.20000076293945,57100
2018-01-29,52.040000915527344,52.619998931884766,51.25,52.27000045776367,32200
2018-01-30,52.04999923706055,52.52000045776367,51.84000015258789,52.220001220703125,58100
2018-01-31,52.47999954223633,52.970001220703125,52.15999984741211,52.290000915527344,55000
2018-02-01,52.099998474121094,52.880001068115234,51.65999984741211,52.779998779296875,29300
2018-02-02,52.2599983215332,52.650001525878906,51.900001525878906,51.93000030517578,49800
2018-02-05,51.349998474121094,52.119998931884766,49.810001373291016,49.810001373291016,39400
2018-02-06,48.9900016784668,50.72999954223633,48.2599983215332,49.54999923706055,93800
2018-02-07,49.38999938964844,50.02000045776367,49.31999969482422,49.779998779296875,113500
2018-02-08,49.869998931884766,50.09000015258789,48.529998779296875,48.95000076293945,56600
2018-02-09,49.540000915527344,50.04999923706055,48.810001373291016,49.56999969482422,84700
2018-02-12,49.630001068115234,50.06999969482422,48.79999923706055,49.5,48900
2018-02-13,49.279998779296875,49.9900016784668,49.279998779296875,49.59000015258789,24500
2018-02-14,49.209999084472656,50.45000076293945,49.209999084472656,50.33000183105469,29500
2018-02-15,50.77000045776367,50.97999954223633,50.29999923706055,50.86000061035156,39100
2018-02-16,50.84000015258789,51.650001525878906,50.84000015258789,51.439998626708984,37200
2018-02-20,51.150001525878906,51.52000045776367,50.27000045776367,50.47999954223633,69000
2018-02-21,50.470001220703125,51.849998474121094,50.470001220703125,51.09000015258789,22500
2018-02-22,51.310001373291016,51.310001373291016,50.33000183105469,50.33000183105469,29800
2018-02-23,50.63999938964844,51.16999816894531,50.38999938964844,51.16999816894531,31200
2018-02-26,51.33000183105469,51.439998626708984,50.900001525878906,51.29999923706055,14200
2018-02-27,51.209999084472656,51.91999816894531,50.22999954223633,50.2400016784668,33600
2018-02-28,50.349998474121094,50.720001220703125,49.2599983215332,49.31999969482422,62000
2018-03-01,49.27000045776367,49.97999954223633,49.0,49.900001525878906,53400
2018-03-02,49.560001373291016,50.790000915527344,49.06999969482422,50.58000183105469,38500
2018-03-05,50.34000015258789,51.5,49.54999923706055,51.099998474121094,36900
2018-03-06,51.29999923706055,52.0099983215332,50.650001525878906,51.849998474121094,50100
2018-03-07,51.529998779296875,52.630001068115234,50.290000915527344,52.459999084472656,45400
2018-03-08,52.56999969482422,52.56999969482422,51.459999084472656,51.9900016784668,28100
2018-03-09,52.0,53.36000061035156,50.849998474121094,53.150001525878906,60300
2018-03-12,53.279998779296875,53.4900016784668,52.130001068115234,52.91999816894531,58900
2018-03-13,53.279998779296875,53.4900016784668,52.130001068115234,52.689998626708984,47000
2018-03-14,52.810001373291016,52.88999938964844,51.9900016784668,52.150001525878906,41000
2018-03-15,52.18000030517578,52.66999816894531,52.0,52.47999954223633,42600
2018-03-16,52.720001220703125,53.400001525878906,52.09000015258789,53.130001068115234,127500
2018-03-19,53.099998474121094,53.349998474121094,52.40999984741211,53.290000915527344,63500
2018-03-20,53.29999923706055,53.29999923706055,52.2599983215332,52.7400016784668,39900
2018-03-21,52.9900016784668,53.380001068115234,52.2400016784668,52.91999816894531,38200
2018-03-22,52.52000045776367,53.02000045776367,52.0,52.0,103200
2018-03-23,52.11000061035156,52.220001220703125,49.439998626708984,49.459999084472656,118500
2018-03-26,50.099998474121094,50.72999954223633,49.2400016784668,50.68000030517578,91300
2018-03-27,50.45000076293945,51.0099983215332,49.68000030517578,49.7400016784668,75300
2018-03-28,49.939998626708984,51.08000183105469,49.790000915527344,50.560001373291016,58000
2018-03-29,50.9900016784668,51.41999816894531,50.58000183105469,50.619998931884766,80600
2018-04-02,50.619998931884766,50.72999954223633,49.58000183105469,49.9900016784668,63500
2018-04-03,50.16999816894531,51.0,50.150001525878906,50.97999954223633,52600
2018-04-04,50.209999084472656,51.70000076293945,50.209999084472656,51.5099983215332,46200
2018-04-05,51.84000015258789,52.279998779296875,51.0099983215332,52.06999969482422,139000
2018-04-06,51.56999969482422,51.95000076293945,50.04999923706055,50.540000915527344,42800
2018-04-09,50.91999816894531,51.58000183105469,50.36000061035156,50.439998626708984,30800
2018-04-10,51.0099983215332,51.65999984741211,50.88999938964844,51.45000076293945,33500
2018-04-11,51.220001220703125,51.52000045776367,50.900001525878906,51.2599983215332,30300
2018-04-12,51.40999984741211,52.16999816894531,51.40999984741211,51.869998931884766,24800
2018-04-13,52.13999938964844,52.13999938964844,51.060001373291016,51.150001525878906,40400
2018-04-16,51.380001068115234,51.95000076293945,51.25,51.7599983215332,53200
2018-04-17,51.939998626708984,52.040000915527344,50.959999084472656,51.22999954223633,24000
2018-04-18,51.220001220703125,51.66999816894531,50.7599983215332,50.90999984741211,38500
2018-04-19,50.790000915527344,52.279998779296875,50.72999954223633,52.029998779296875,54900
2018-04-20,52.02000045776367,53.13999938964844,51.86000061035156,52.88999938964844,57600
2018-04-23,52.880001068115234,53.86000061035156,52.0,53.52000045776367,90300
2018-04-24,53.380001068115234,53.95000076293945,53.2400016784668,53.869998931884766,67200
2018-04-25,54.0,54.0,53.11000061035156,53.189998626708984,89300
2018-04-26,53.20000076293945,53.31999969482422,52.529998779296875,52.84000015258789,67100
2018-04-27,53.06999969482422,53.150001525878906,52.68000030517578,52.81999969482422,32500
2018-04-30,53.0,53.29999923706055,51.9900016784668,52.0,50700
2018-05-01,51.70000076293945,52.5,51.0099983215332,52.41999816894531,57500
2018-05-02,52.31999969482422,53.18000030517578,51.91999816894531,52.81999969482422,45000
2018-05-03,52.79999923706055,53.29999923706055,51.91999816894531,52.11000061035156,30500
2018-05-04,51.709999084472656,52.77000045776367,50.81999969482422,52.279998779296875,30800
2018-05-07,52.34000015258789,52.66999816894531,51.91999816894531,52.34000015258789,20300
2018-05-08,52.560001373291016,53.08000183105469,52.540000915527344,53.029998779296875,38600
2018-05-09,53.099998474121094,53.599998474121094,52.849998474121094,53.209999084472656,37900
2018-05-10,53.220001220703125,53.459999084472656,52.970001220703125,53.04999923706055,53200
2018-05-11,53.16999816894531,53.65999984741211,53.099998474121094,53.150001525878906,22200
2018-05-14,53.29999923706055,53.29999923706055,52.40999984741211,52.47999954223633,29300
2018-05-15,52.400001525878906,53.189998626708984,52.400001525878906,52.849998474121094,32600
2018-05-16,52.880001068115234,53.52000045776367,52.79999923706055,53.2599983215332,24200
2018-05-17,53.119998931884766,53.880001068115234,53.119998931884766,53.790000915527344,47600
2018-05-18,54.04999923706055,54.04999923706055,53.0,53.31999969482422,50400
2018-05-21,53.47999954223633,54.0099983215332,53.25,53.7400016784668,60700
2018-05-22,53.91999816894531,54.27000045776367,53.779998779296875,53.810001373291016,44100
2018-05-23,53.7400016784668,53.970001220703125,53.369998931884766,53.86000061035156,36600
2018-05-24,53.68000030517578,53.79999923706055,52.650001525878906,53.7599983215332,30400
2018-05-25,53.65999984741211,53.790000915527344,53.310001373291016,53.59000015258789,22200
2018-05-29,53.119998931884766,53.4900016784668,52.380001068115234,52.59000015258789,30200
2018-05-30,52.86000061035156,53.880001068115234,52.86000061035156,53.68000030517578,39600
2018-05-31,53.66999816894531,53.959999084472656,53.09000015258789,53.18000030517578,60300
2018-06-01,53.56999969482422,54.119998931884766,53.54999923706055,53.88999938964844,33000
2018-06-04,53.900001525878906,54.540000915527344,53.72999954223633,54.470001220703125,25400
2018-06-05,54.599998474121094,54.93000030517578,54.189998626708984,54.81999969482422,66200
2018-06-06,54.95000076293945,55.77000045776367,54.95000076293945,55.66999816894531,38200
2018-06-07,55.900001525878906,56.130001068115234,55.529998779296875,55.97999954223633,64700
2018-06-08,55.83000183105469,56.36000061035156,55.83000183105469,56.150001525878906,53100
2018-06-11,56.150001525878906,56.41999816894531,55.68000030517578,55.779998779296875,89200
2018-06-12,55.70000076293945,55.72999954223633,54.779998779296875,55.0099983215332,35900
2018-06-13,54.880001068115234,55.4900016784668,54.54999923706055,54.93000030517578,40100
2018-06-14,55.16999816894531,55.27000045776367,54.38999938964844,55.22999954223633,38900
2018-06-15,54.900001525878906,55.81999969482422,54.52000045776367,55.310001373291016,107400
2018-06-18,55.2400016784668,55.970001220703125,54.939998626708984,55.65999984741211,29600
2018-06-19,55.45000076293945,56.459999084472656,55.45000076293945,56.2599983215332,25300
2018-06-20,56.47999954223633,56.720001220703125,56.09000015258789,56.540000915527344,40100
2018-06-21,56.54999923706055,56.77000045776367,55.65999984741211,56.189998626708984,23300
2018-06-22,56.400001525878906,56.5099983215332,55.400001525878906,55.66999816894531,83400
2018-06-25,55.650001525878906,55.650001525878906,54.81999969482422,55.13999938964844,54700
2018-06-26,55.18000030517578,55.630001068115234,54.630001068115234,55.2599983215332,21400
2018-06-27,55.2400016784668,55.2400016784668,53.90999984741211,54.0,33600
2018-06-28,53.9900016784668,54.56999969482422,53.66999816894531,53.79999923706055,57900
2018-06-29,54.060001373291016,54.25,53.220001220703125,53.43000030517578,87300
2018-07-02,53.209999084472656,54.650001525878906,53.209999084472656,54.58000183105469,35600
2018-07-03,54.61000061035156,54.86000061035156,54.029998779296875,54.4900016784668,28900
2018-07-05,54.75,55.0099983215332,54.29999923706055,54.97999954223633,22300
2018-07-06,55.060001373291016,55.43000030517578,55.0,55.20000076293945,18700
2018-07-09,55.290000915527344,56.220001220703125,54.849998474121094,56.09000015258789,21200
2018-07-10,56.29999923706055,56.40999984741211,54.86000061035156,55.209999084472656,25400
2018-07-11,55.040000915527344,55.709999084472656,54.880001068115234,54.95000076293945,20500
2018-07-12,55.279998779296875,55.279998779296875,54.189998626708984,54.689998626708984,42500
2018-07-13,54.52000045776367,54.91999816894531,54.150001525878906,54.16999816894531,21600
2018-07-16,54.16999816894531,54.7599983215332,54.04999923706055,54.560001373291016,18400
2018-07-17,54.54999923706055,54.869998931884766,54.060001373291016,54.459999084472656,35600
2018-07-18,54.34000015258789,55.209999084472656,54.33000183105469,54.9900016784668,57000
2018-07-19,54.9900016784668,55.63999938964844,54.7400016784668,55.25,27400
2018-07-20,55.16999816894531,57.869998931884766,54.41999816894531,57.459999084472656,137300
2018-07-23,57.619998931884766,59.33000183105469,57.619998931884766,58.68000030517578,48700
2018-07-24,58.7599983215332,58.86000061035156,57.869998931884766,58.2599983215332,54000
2018-07-25,58.25,58.25,57.099998474121094,57.630001068115234,30000
2018-07-26,57.619998931884766,58.310001373291016,57.400001525878906,58.0,26700
2018-07-27,58.18000030517578,58.81999969482422,57.290000915527344,57.40999984741211,27800
2018-07-30,57.400001525878906,58.220001220703125,56.959999084472656,57.0,30100
2018-07-31,57.0099983215332,57.0099983215332,56.290000915527344,56.560001373291016,26000
2018-08-01,56.630001068115234,57.630001068115234,56.630001068115234,56.65999984741211,47000
2018-08-02,56.56999969482422,57.5099983215332,56.56999969482422,57.369998931884766,30800
2018-08-03,56.97999954223633,57.27000045776367,55.9900016784668,56.16999816894531,34700
2018-08-06,56.18000030517578,56.650001525878906,55.560001373291016,56.29999923706055,6500
2018-08-07,56.40999984741211,56.75,55.65999984741211,55.84000015258789,26000
2018-08-08,55.83000183105469,56.7400016784668,55.65999984741211,56.650001525878906,33200
2018-08-09,57.119998931884766,57.119998931884766,56.2400016784668,56.54999923706055,23600
2018-08-10,56.15999984741211,57.0,55.43000030517578,56.150001525878906,15200
2018-08-13,56.040000915527344,56.83000183105469,55.849998474121094,55.93000030517578,39700
2018-08-14,55.91999816894531,57.290000915527344,55.810001373291016,56.66999816894531,20900
2018-08-15,56.43000030517578,57.02000045776367,55.88999938964844,56.119998931884766,30200
2018-08-16,56.279998779296875,57.380001068115234,55.68000030517578,56.61000061035156,17400
2018-08-17,56.68000030517578,57.150001525878906,56.599998474121094,56.75,17100
2018-08-20,57.0,57.04999923706055,56.31999969482422,56.81999969482422,36500
2018-08-21,56.849998474121094,57.52000045776367,56.849998474121094,57.38999938964844,15300
2018-08-22,57.27000045776367,57.70000076293945,56.810001373291016,57.290000915527344,27700
2018-08-23,57.29999923706055,57.959999084472656,55.4900016784668,57.02000045776367,20200
2018-08-24,57.25,57.25,56.5099983215332,56.91999816894531,10500
2018-08-27,56.849998474121094,57.5,56.36000061035156,56.459999084472656,21400
2018-08-28,56.7599983215332,56.7599983215332,55.79999923706055,55.90999984741211,14400
2018-08-29,55.83000183105469,56.099998474121094,55.5099983215332,55.880001068115234,12700
2018-08-30,55.869998931884766,56.2400016784668,55.27000045776367,55.84000015258789,25700
2018-08-31,55.72999954223633,56.150001525878906,55.25,55.9900016784668,25500
2018-09-04,56.15999984741211,56.66999816894531,55.75,56.20000076293945,32700
2018-09-05,56.29999923706055,56.75,55.88999938964844,56.13999938964844,30500
2018-09-06,55.88999938964844,56.68000030517578,55.849998474121094,55.91999816894531,29700
2018-09-07,55.720001220703125,56.38999938964844,55.720001220703125,56.13999938964844,67600
2018-09-10,56.369998931884766,56.43000030517578,55.77000045776367,55.869998931884766,38300
2018-09-11,56.2599983215332,56.5,55.58000183105469,56.02000045776367,23200
2018-09-12,56.130001068115234,56.130001068115234,55.2599983215332,55.529998779296875,31300
2018-09-13,55.7400016784668,55.7599983215332,54.52000045776367,54.75,32900
2018-09-14,54.709999084472656,55.209999084472656,50.34000015258789,55.04999923706055,30600
2018-09-17,55.189998626708984,55.189998626708984,54.349998474121094,54.59000015258789,24100
2018-09-18,54.599998474121094,54.599998474121094,52.83000183105469,54.22999954223633,25500
2018-09-19,54.2599983215332,55.13999938964844,53.75,54.25,23800
2018-09-20,54.400001525878906,55.310001373291016,54.02000045776367,54.81999969482422,35500
2018-09-21,54.81999969482422,55.630001068115234,53.0,54.310001373291016,108200
2018-09-24,54.279998779296875,55.18000030517578,53.36000061035156,53.599998474121094,29100
2018-09-25,53.68000030517578,53.84000015258789,53.189998626708984,53.5099983215332,30500
2018-09-26,53.560001373291016,53.79999923706055,52.380001068115234,52.380001068115234,25600
2018-09-27,52.5,52.72999954223633,52.0099983215332,52.15999984741211,46000
2018-09-28,52.099998474121094,52.83000183105469,51.189998626708984,52.619998931884766,35800
2018-10-01,52.779998779296875,53.4900016784668,51.58000183105469,51.630001068115234,21200
2018-10-02,51.709999084472656,51.959999084472656,50.90999984741211,51.459999084472656,22900
2018-10-03,51.619998931884766,52.47999954223633,50.13999938964844,52.40999984741211,21800
2018-10-04,52.40999984741211,53.90999984741211,52.060001373291016,52.33000183105469,26700
2018-10-05,52.43000030517578,53.400001525878906,51.5099983215332,52.0,24300
2018-10-08,51.88999938964844,54.189998626708984,51.779998779296875,52.630001068115234,32000
2018-10-09,53.5,53.5,52.560001373291016,52.650001525878906,18900
2018-10-10,52.650001525878906,54.29999923706055,52.20000076293945,52.22999954223633,57700
2018-10-11,52.099998474121094,53.79999923706055,50.93000030517578,50.9900016784668,48600
2018-10-12,51.56999969482422,51.599998474121094,48.4900016784668,49.45000076293945,42300
2018-10-15,49.369998931884766,50.119998931884766,49.369998931884766,49.66999816894531,44600
2018-10-16,49.779998779296875,50.31999969482422,49.25,50.16999816894531,27100
2018-10-17,49.9900016784668,50.4900016784668,49.11000061035156,49.84000015258789,29200
2018-10-18,49.720001220703125,52.81999969482422,48.33000183105469,48.84000015258789,17400
2018-10-19,45.08000183105469,51.04999923706055,39.93000030517578,46.75,186200
2018-10-22,46.70000076293945,47.0099983215332,45.959999084472656,46.25,67100
2018-10-23,45.279998779296875,46.790000915527344,44.209999084472656,45.560001373291016,72200
2018-10-24,45.34000015258789,45.34000015258789,42.880001068115234,42.959999084472656,60500
2018-10-25,43.150001525878906,46.630001068115234,43.150001525878906,45.40999984741211,120700
2018-10-26,44.91999816894531,46.47999954223633,44.91999816894531,45.84000015258789,79000
2018-10-29,46.0,47.22999954223633,45.86000061035156,46.779998779296875,80300
2018-10-30,46.77000045776367,47.810001373291016,46.13999938964844,47.54999923706055,57700
2018-10-31,47.93000030517578,47.93000030517578,45.93000030517578,46.59000015258789,57300
2018-11-01,46.75,47.16999816894531,46.47999954223633,46.560001373291016,53400
2018-11-02,46.54999923706055,47.560001373291016,46.290000915527344,47.040000915527344,39400
2018-11-05,46.88999938964844,47.68000030517578,46.88999938964844,46.95000076293945,39300
2018-11-06,46.83000183105469,47.720001220703125,46.810001373291016,47.380001068115234,21500
2018-11-07,47.380001068115234,47.90999984741211,47.0,47.75,26500
2018-11-08,47.630001068115234,48.75,47.58000183105469,48.040000915527344,19200
2018-11-09,49.16999816894531,49.16999816894531,47.11000061035156,47.52000045776367,46700
2018-11-12,47.369998931884766,47.63999938964844,47.150001525878906,47.310001373291016,38700
2018-11-13,47.5,47.83000183105469,47.130001068115234,47.279998779296875,40600
2018-11-14,47.599998474121094,47.599998474121094,45.970001220703125,46.540000915527344,47300
2018-11-15,46.27000045776367,47.45000076293945,45.86000061035156,47.40999984741211,69200
2018-11-16,47.15999984741211,48.560001373291016,46.970001220703125,47.380001068115234,41200
2018-11-19,47.369998931884766,48.29999923706055,47.04999923706055,47.45000076293945,26800
2018-11-20,46.869998931884766,47.439998626708984,46.33000183105469,46.77000045776367,28800
2018-11-21,46.720001220703125,47.2599983215332,45.619998931884766,46.75,17100
2018-11-23,46.5099983215332,47.2599983215332,46.47999954223633,46.810001373291016,28400
2018-11-26,47.13999938964844,49.0,47.13999938964844,47.619998931884766,67600
2018-11-27,47.61000061035156,47.86000061035156,46.689998626708984,47.0,28200
2018-11-28,47.0099983215332,48.31999969482422,46.209999084472656,48.0,39200
2018-11-29,47.7599983215332,49.290000915527344,47.5099983215332,47.720001220703125,27500
2018-11-30,47.619998931884766,48.72999954223633,47.61000061035156,48.36000061035156,49700
2018-12-03,48.61000061035156,50.529998779296875,47.29999923706055,48.27000045776367,65100
2018-12-04,48.02000045776367,49.59000015258789,45.68000030517578,45.790000915527344,50800
2018-12-06,45.16999816894531,46.16999816894531,44.290000915527344,45.91999816894531,68600
2018-12-07,45.88999938964844,47.5099983215332,45.20000076293945,45.91999816894531,64700
2018-12-10,45.79999923706055,46.54999923706055,44.59000015258789,45.41999816894531,91100
2018-12-11,45.599998474121094,45.599998474121094,43.93000030517578,44.119998931884766,96000
2018-12-12,44.560001373291016,46.040000915527344,44.36000061035156,45.209999084472656,59100
2018-12-13,45.25,47.5,44.400001525878906,44.5099983215332,68400
2018-12-14,44.2599983215332,44.4900016784668,43.13999938964844,43.18000030517578,80900
2018-12-17,43.16999816894531,43.77000045776367,41.869998931884766,41.880001068115234,171300
2018-12-18,42.130001068115234,43.54999923706055,41.279998779296875,41.279998779296875,87100
2018-12-19,41.29999923706055,41.97999954223633,39.86000061035156,39.88999938964844,94100
2018-12-20,39.88999938964844,41.11000061035156,39.060001373291016,39.810001373291016,96000
2018-12-21,39.91999816894531,40.689998626708984,39.119998931884766,39.2400016784668,139600
2018-12-24,39.060001373291016,39.52000045776367,38.439998626708984,38.439998626708984,44200
2018-12-26,38.619998931884766,41.38999938964844,38.5099983215332,39.95000076293945,89600
2018-12-27,39.52000045776367,40.880001068115234,38.540000915527344,39.75,52400
2018-12-28,39.77000045776367,40.720001220703125,39.13999938964844,40.25,48100
2018-12-31,40.2599983215332,40.869998931884766,39.709999084472656,40.34000015258789,38000
2019-01-02,39.88999938964844,41.439998626708984,39.11000061035156,41.2599983215332,86000
2019-01-03,41.11000061035156,42.0,41.0099983215332,41.2400016784668,46400
2019-01-04,41.689998626708984,43.0,41.5099983215332,42.4900016784668,69300
2019-01-07,42.5,43.459999084472656,42.25,43.369998931884766,94800
2019-01-08,43.63999938964844,43.880001068115234,42.79999923706055,43.599998474121094,44900
2019-01-09,43.970001220703125,44.04999923706055,43.060001373291016,43.2400016784668,58700
2019-01-10,42.97999954223633,43.290000915527344,42.58000183105469,43.0099983215332,32600
2019-01-11,42.7599983215332,43.02000045776367,42.560001373291016,42.84000015258789,36800
2019-01-14,42.77000045776367,43.189998626708984,42.43000030517578,42.560001373291016,25000
2019-01-15,42.56999969482422,43.040000915527344,42.34000015258789,42.77000045776367,45700
2019-01-16,42.959999084472656,44.40999984741211,42.93000030517578,44.22999954223633,48100
2019-01-17,44.060001373291016,44.95000076293945,43.95000076293945,44.439998626708984,35600
2019-01-18,44.4900016784668,50.150001525878906,44.18000030517578,45.11000061035156,55000
2019-01-22,45.13999938964844,45.29999923706055,42.900001525878906,44.630001068115234,50500
2019-01-23,44.83000183105469,45.16999816894531,44.0099983215332,44.380001068115234,52500
2019-01-24,44.38999938964844,45.38999938964844,43.900001525878906,44.599998474121094,24300
2019-01-25,45.31999969482422,46.84000015258789,44.630001068115234,45.849998474121094,65400
2019-01-28,45.66999816894531,46.47999954223633,44.720001220703125,45.45000076293945,42800
2019-01-29,45.31999969482422,46.0099983215332,45.09000015258789,45.400001525878906,47200
2019-01-30,45.38999938964844,46.119998931884766,45.0099983215332,45.52000045776367,63000
2019-01-31,45.349998474121094,45.86000061035156,44.43000030517578,45.400001525878906,57700
2019-02-01,45.38999938964844,45.939998626708984,45.209999084472656,45.689998626708984,32800
2019-02-04,45.849998474121094,46.22999954223633,45.29999923706055,46.0099983215332,47200
2019-02-05,45.95000076293945,46.29999923706055,45.619998931884766,45.959999084472656,24600
2019-02-06,46.18000030517578,46.369998931884766,45.75,45.88999938964844,13000
2019-02-07,46.029998779296875,49.88999938964844,45.63999938964844,46.099998474121094,42400
2019-02-08,46.0,46.650001525878906,45.310001373291016,45.75,27700
2019-02-11,45.900001525878906,46.119998931884766,45.349998474121094,46.11000061035156,24500
2019-02-12,46.369998931884766,46.599998474121094,45.939998626708984,46.209999084472656,51300
2019-02-13,46.220001220703125,46.599998474121094,45.95000076293945,46.439998626708984,31800
2019-02-14,46.2599983215332,46.77000045776367,45.95000076293945,46.02000045776367,51100
2019-02-15,46.279998779296875,47.529998779296875,46.279998779296875,47.2599983215332,34100
2019-02-19,46.97999954223633,47.75,46.97999954223633,47.52000045776367,35100
2019-02-20,47.150001525878906,47.869998931884766,47.150001525878906,47.810001373291016,29500
2019-02-21,47.79999923706055,48.06999969482422,47.290000915527344,47.560001373291016,42400
2019-02-22,47.63999938964844,48.27000045776367,47.41999816894531,47.650001525878906,49200
2019-02-25,47.93000030517578,48.400001525878906,47.439998626708984,47.540000915527344,45200
2019-02-26,47.5,47.84000015258789,47.13999938964844,47.13999938964844,32300
2019-02-27,47.150001525878906,47.88999938964844,46.11000061035156,47.54999923706055,52000
2019-02-28,47.540000915527344,48.11000061035156,46.81999969482422,47.54999923706055,71900
2019-03-01,47.849998474121094,48.18000030517578,46.95000076293945,47.779998779296875,46700
2019-03-04,47.790000915527344,48.22999954223633,47.349998474121094,47.59000015258789,38100
2019-03-05,47.38999938964844,47.68000030517578,46.869998931884766,47.220001220703125,78000
2019-03-06,47.22999954223633,47.880001068115234,45.900001525878906,46.04999923706055,42700
2019-03-07,46.040000915527344,46.06999969482422,45.18000030517578,45.529998779296875,48600
2019-03-08,45.29999923706055,46.060001373291016,45.209999084472656,45.970001220703125,42300
2019-03-11,45.959999084472656,46.7400016784668,45.79999923706055,46.630001068115234,57600
2019-03-12,46.790000915527344,47.2599983215332,46.15999984741211,46.560001373291016,40600
2019-03-13,46.68000030517578,47.130001068115234,46.68000030517578,46.79999923706055,55700
2019-03-14,46.790000915527344,47.13999938964844,46.540000915527344,47.06999969482422,61800
2019-03-15,47.060001373291016,47.63999938964844,46.95000076293945,47.08000183105469,144800
2019-03-18,47.06999969482422,47.939998626708984,47.06999969482422,47.619998931884766,34200
2019-03-19,47.810001373291016,47.970001220703125,46.310001373291016,46.41999816894531,25300
2019-03-20,46.61000061035156,48.22999954223633,45.189998626708984,45.209999084472656,42000
2019-03-21,45.060001373291016,45.720001220703125,44.380001068115234,45.0099983215332,58700
2019-03-22,44.810001373291016,44.810001373291016,42.4900016784668,42.630001068115234,53000
2019-03-25,42.540000915527344,43.400001525878906,41.869998931884766,43.33000183105469,52000
2019-03-26,43.36000061035156,44.36000061035156,43.36000061035156,44.349998474121094,35700
2019-03-27,44.20000076293945,44.75,43.41999816894531,44.58000183105469,52500
2019-03-28,44.5,45.310001373291016,44.349998474121094,45.209999084472656,41900
2019-03-29,45.400001525878906,45.40999984741211,44.529998779296875,44.90999984741211,56800
2019-04-01,45.150001525878906,46.209999084472656,45.150001525878906,45.77000045776367,40700
2019-04-02,45.65999984741211,45.939998626708984,45.470001220703125,45.58000183105469,18700
2019-04-03,45.86000061035156,45.970001220703125,45.38999938964844,45.459999084472656,28100
2019-04-04,45.34000015258789,46.15999984741211,45.34000015258789,46.0099983215332,27200
2019-04-05,46.02000045776367,46.630001068115234,45.689998626708984,46.4900016784668,25400
2019-04-08,46.47999954223633,46.84000015258789,46.22999954223633,46.400001525878906,25500
2019-04-09,46.59000015258789,46.619998931884766,45.58000183105469,45.650001525878906,71900
2019-04-10,45.88999938964844,46.40999984741211,45.380001068115234,46.400001525878906,31400
2019-04-11,46.58000183105469,46.599998474121094,46.060001373291016,46.31999969482422,27500
2019-04-12,46.709999084472656,47.15999984741211,46.5099983215332,46.97999954223633,27400
2019-04-15,47.04999923706055,47.529998779296875,46.08000183105469,46.15999984741211,24700
2019-04-16,46.290000915527344,46.84000015258789,45.9900016784668,46.689998626708984,31100
2019-04-17,46.880001068115234,47.08000183105469,46.34000015258789,46.470001220703125,31200
2019-04-18,46.31999969482422,46.97999954223633,45.66999816894531,45.869998931884766,28900
2019-04-22,46.400001525878906,46.400001525878906,44.54999923706055,44.900001525878906,44200
2019-04-23,45.11000061035156,46.119998931884766,44.72999954223633,45.970001220703125,43900
2019-04-24,45.79999923706055,46.220001220703125,45.650001525878906,46.04999923706055,24600
2019-04-25,45.90999984741211,45.90999984741211,44.93000030517578,45.459999084472656,41200
2019-04-26,45.54999923706055,46.150001525878906,45.54999923706055,46.06999969482422,18600
2019-04-29,46.779998779296875,48.189998626708984,46.13999938964844,47.34000015258789,47900
2019-04-30,47.150001525878906,47.189998626708984,46.61000061035156,46.83000183105469,56200
2019-05-01,46.95000076293945,47.189998626708984,46.15999984741211,46.93000030517578,52300
2019-05-02,46.880001068115234,47.7599983215332,46.880001068115234,47.5099983215332,41200
2019-05-03,47.630001068115234,48.54999923706055,47.540000915527344,48.54999923706055,43700
2019-05-06,48.04999923706055,48.66999816894531,47.38999938964844,48.52000045776367,48000
2019-05-07,48.04999923706055,48.59000015258789,47.75,48.040000915527344,46700
2019-05-08,47.9900016784668,48.41999816894531,47.20000076293945,47.36000061035156,44300
2019-05-09,47.029998779296875,47.709999084472656,46.45000076293945,47.29999923706055,19600
2019-05-10,47.209999084472656,47.45000076293945,46.619998931884766,47.380001068115234,23000
2019-05-13,46.779998779296875,46.779998779296875,45.54999923706055,45.61000061035156,54300
2019-05-14,45.689998626708984,46.77000045776367,45.630001068115234,46.29999923706055,38200
2019-05-15,45.9900016784668,45.9900016784668,45.2400016784668,45.7599983215332,52600
2019-05-16,46.0099983215332,46.77000045776367,45.9900016784668,46.54999923706055,30900
2019-05-17,46.189998626708984,46.900001525878906,45.41999816894531,46.27000045776367,34600
2019-05-20,45.939998626708984,46.83000183105469,45.939998626708984,46.130001068115234,37400
2019-05-21,46.349998474121094,46.75,46.16999816894531,46.529998779296875,26500
2019-05-22,45.88999938964844,46.349998474121094,45.849998474121094,46.099998474121094,30100
2019-05-23,45.66999816894531,45.66999816894531,44.470001220703125,44.7400016784668,42300
2019-05-24,45.060001373291016,45.59000015258789,45.0,45.470001220703125,32800
2019-05-28,45.310001373291016,45.54999923706055,44.869998931884766,45.0,50900
2019-05-29,44.81999969482422,45.380001068115234,44.45000076293945,45.099998474121094,38100
2019-05-30,45.099998474121094,45.31999969482422,44.209999084472656,44.650001525878906,39300
2019-05-31,43.9900016784668,44.279998779296875,43.599998474121094,43.7599983215332,47800
2019-06-03,43.7599983215332,44.279998779296875,43.34000015258789,43.75,60200
2019-06-04,44.29999923706055,45.349998474121094,43.86000061035156,45.34000015258789,72400
2019-06-05,45.369998931884766,45.470001220703125,44.540000915527344,45.029998779296875,43500
2019-06-06,45.06999969482422,45.220001220703125,44.13999938964844,44.709999084472656,35200
2019-06-07,44.790000915527344,44.939998626708984,44.43000030517578,44.61000061035156,37200
2019-06-10,44.83000183105469,45.47999954223633,44.20000076293945,44.970001220703125,36400
2019-06-11,45.279998779296875,45.5099983215332,44.869998931884766,45.189998626708984,52300
2019-06-12,45.2599983215332,45.33000183105469,44.65999984741211,44.97999954223633,37000
2019-06-13,45.2599983215332,45.61000061035156,45.040000915527344,45.15999984741211,44800
2019-06-14,45.029998779296875,45.40999984741211,44.41999816894531,45.09000015258789,54700
2019-06-17,45.2400016784668,45.45000076293945,44.47999954223633,44.58000183105469,63600
2019-06-18,44.459999084472656,45.4900016784668,44.459999084472656,45.25,55700
2019-06-19,45.349998474121094,45.84000015258789,44.84000015258789,45.15999984741211,39300
2019-06-20,45.290000915527344,45.349998474121094,44.529998779296875,44.95000076293945,35600
2019-06-21,44.7400016784668,45.18000030517578,44.61000061035156,44.720001220703125,88000
2019-06-24,44.65999984741211,44.91999816894531,43.939998626708984,44.13999938964844,71400
2019-06-25,43.91999816894531,44.47999954223633,43.540000915527344,44.41999816894531,39200
2019-06-26,44.619998931884766,45.09000015258789,44.45000076293945,44.560001373291016,28700
2019-06-27,44.66999816894531,45.380001068115234,44.599998474121094,45.380001068115234,56400
2019-06-28,45.4900016784668,47.20000076293945,45.36000061035156,46.400001525878906,246000
2019-07-01,46.630001068115234,47.18000030517578,46.15999984741211,46.41999816894531,72300
2019-07-02,46.41999816894531,46.41999816894531,45.38999938964844,45.88999938964844,32000
2019-07-03,45.880001068115234,46.150001525878906,45.810001373291016,46.040000915527344,23100
2019-07-05,46.2400016784668,46.709999084472656,46.2400016784668,46.650001525878906,21300
2019-07-08,46.63999938964844,46.63999938964844,45.400001525878906,45.65999984741211,58100
2019-07-09,45.75,46.2400016784668,45.310001373291016,46.0099983215332,47200
2019-07-10,46.09000015258789,46.290000915527344,45.15999984741211,45.20000076293945,43600
2019-07-11,45.349998474121094,45.43000030517578,44.81999969482422,45.36000061035156,37200
2019-07-12,45.58000183105469,45.88999938964844,45.040000915527344,45.720001220703125,34000
2019-07-15,45.369998931884766,45.529998779296875,44.83000183105469,44.9900016784668,36100
2019-07-16,44.97999954223633,45.15999984741211,44.369998931884766,44.720001220703125,44400
2019-07-17,44.47999954223633,44.560001373291016,43.86000061035156,44.0099983215332,31100
2019-07-18,43.970001220703125,44.63999938964844,43.90999984741211,44.47999954223633,25100
2019-07-19,44.029998779296875,45.060001373291016,44.029998779296875,44.84000015258789,43500
2019-07-22,44.86000061035156,44.86000061035156,44.20000076293945,44.52000045776367,46400
2019-07-23,44.34000015258789,45.0,44.34000015258789,44.9900016784668,23700
2019-07-24,44.970001220703125,46.34000015258789,44.970001220703125,46.20000076293945,33800
2019-07-25,46.349998474121094,46.619998931884766,45.66999816894531,45.849998474121094,33000
2019-07-26,46.09000015258789,47.15999984741211,46.09000015258789,47.06999969482422,70100
2019-07-29,47.029998779296875,47.45000076293945,46.529998779296875,46.689998626708984,33900
2019-07-30,46.40999984741211,47.25,46.29999923706055,47.189998626708984,36800
2019-07-31,47.220001220703125,47.70000076293945,46.83000183105469,46.95000076293945,58100
2019-08-01,47.18000030517578,47.65999984741211,45.650001525878906,46.0,70700
2019-08-02,45.5099983215332,45.59000015258789,44.59000015258789,45.2599983215332,24700
2019-08-05,44.41999816894531,44.630001068115234,43.2599983215332,43.790000915527344,33100
2019-08-06,43.900001525878906,44.27000045776367,43.29999923706055,44.15999984741211,27900
2019-08-07,43.4900016784668,44.31999969482422,43.25,44.279998779296875,63900
2019-08-08,44.849998474121094,45.4900016784668,44.70000076293945,45.060001373291016,32400
2019-08-09,45.04999923706055,45.099998474121094,44.43000030517578,44.90999984741211,44100
2019-08-12,44.63999938964844,44.970001220703125,44.349998474121094,44.70000076293945,16300
2019-08-13,44.459999084472656,45.29999923706055,44.290000915527344,44.95000076293945,21400
2019-08-14,44.0,44.650001525878906,43.150001525878906,44.0,51600
2019-08-15,44.43000030517578,44.43000030517578,43.84000015258789,44.13999938964844,49800
2019-08-16,44.380001068115234,45.5099983215332,43.86000061035156,45.33000183105469,28800
2019-08-19,45.84000015258789,46.040000915527344,45.20000076293945,45.2599983215332,22200
2019-08-20,45.209999084472656,45.43000030517578,44.47999954223633,44.61000061035156,37300
2019-08-21,44.84000015258789,45.0,44.38999938964844,44.52000045776367,30700
2019-08-22,44.7400016784668,44.790000915527344,44.209999084472656,44.400001525878906,22600
2019-08-23,44.38999938964844,44.75,42.540000915527344,42.709999084472656,47100
2019-08-26,43.040000915527344,43.380001068115234,42.72999954223633,43.380001068115234,30200
2019-08-27,43.63999938964844,43.7599983215332,42.310001373291016,42.40999984741211,38200
2019-08-28,42.43000030517578,44.13999938964844,42.43000030517578,43.58000183105469,60700
2019-08-29,44.02000045776367,44.72999954223633,44.02000045776367,44.25,29500
2019-08-30,44.470001220703125,44.689998626708984,44.06999969482422,44.369998931884766,38500
2019-09-03,44.040000915527344,44.040000915527344,43.310001373291016,43.47999954223633,33500
2019-09-04,43.869998931884766,43.869998931884766,43.29999923706055,43.720001220703125,39800
2019-09-05,44.369998931884766,45.5,44.119998931884766,44.29999923706055,81600
2019-09-06,44.36000061035156,44.5,43.790000915527344,43.869998931884766,23200
2019-09-09,44.08000183105469,45.290000915527344,43.90999984741211,45.15999984741211,53900
2019-09-10,45.2400016784668,45.880001068115234,45.099998474121094,45.86000061035156,41500
2019-09-11,45.95000076293945,47.0,45.63999938964844,46.869998931884766,48700
2019-09-12,46.619998931884766,48.08000183105469,46.45000076293945,47.599998474121094,66900
2019-09-13,48.04999923706055,48.310001373291016,47.66999816894531,47.79999923706055,75000
2019-09-16,47.36000061035156,48.2599983215332,47.130001068115234,48.04999923706055,32200
2019-09-17,47.84000015258789,47.88999938964844,47.02000045776367,47.630001068115234,36800
2019-09-18,47.540000915527344,47.75,46.88999938964844,47.470001220703125,48300
2019-09-19,47.58000183105469,48.25,47.150001525878906,47.16999816894531,29700
2019-09-20,47.18000030517578,47.599998474121094,46.630001068115234,46.81999969482422,202100
2019-09-23,46.720001220703125,47.06999969482422,46.279998779296875,46.77000045776367,21900
2019-09-24,46.86000061035156,46.86000061035156,45.90999984741211,46.08000183105469,28900
2019-09-25,46.189998626708984,47.2400016784668,46.13999938964844,47.09000015258789,46600
2019-09-26,46.810001373291016,47.04999923706055,46.18000030517578,46.220001220703125,36400
2019-09-27,46.65999984741211,46.83000183105469,46.029998779296875,46.150001525878906,35000
2019-09-30,46.290000915527344,46.290000915527344,45.56999969482422,45.72999954223633,39900
2019-10-01,45.959999084472656,46.47999954223633,44.5099983215332,44.72999954223633,38400
2019-10-02,44.5,44.90999984741211,44.119998931884766,44.779998779296875,52000
2019-10-03,44.540000915527344,45.04999923706055,44.2400016784668,44.720001220703125,41300
2019-10-04,44.54999923706055,45.20000076293945,44.40999984741211,45.18000030517578,26600
2019-10-07,44.9900016784668,45.61000061035156,44.95000076293945,45.22999954223633,17500
2019-10-08,44.900001525878906,44.970001220703125,44.45000076293945,44.54999923706055,28200
2019-10-09,44.84000015258789,45.310001373291016,44.349998474121094,44.58000183105469,28100
2019-10-10,44.689998626708984,45.209999084472656,44.56999969482422,44.599998474121094,56500
2019-10-11,45.099998474121094,46.04999923706055,45.099998474121094,45.529998779296875,46200
2019-10-14,45.279998779296875,45.84000015258789,45.209999084472656,45.459999084472656,22500
2019-10-15,45.470001220703125,46.29999923706055,45.25,46.150001525878906,33400
2019-10-16,45.88999938964844,47.5,45.54999923706055,46.16999816894531,33600
2019-10-17,46.310001373291016,47.11000061035156,45.91999816894531,46.40999984741211,67200
2019-10-18,46.40999984741211,49.689998626708984,46.40999984741211,49.209999084472656,76600
2019-10-21,49.88999938964844,51.150001525878906,49.68000030517578,50.5099983215332,74400
2019-10-22,50.66999816894531,51.02000045776367,50.08000183105469,50.5099983215332,37400
2019-10-23,50.369998931884766,51.06999969482422,50.369998931884766,51.060001373291016,48500
2019-10-24,50.9900016784668,50.9900016784668,50.2599983215332,50.66999816894531,42100
2019-10-25,50.79999923706055,51.369998931884766,50.560001373291016,50.93000030517578,45300
2019-10-28,51.02000045776367,51.47999954223633,50.88999938964844,51.25,33600
2019-10-29,51.2400016784668,51.81999969482422,51.11000061035156,51.4900016784668,42900
2019-10-30,51.529998779296875,51.790000915527344,50.779998779296875,51.59000015258789,38900
2019-10-31,51.33000183105469,51.33000183105469,50.52000045776367,51.18000030517578,62500
2019-11-01,51.47999954223633,51.9900016784668,51.38999938964844,51.79999923706055,67200
2019-11-04,51.79999923706055,51.97999954223633,51.61000061035156,51.970001220703125,82900
2019-11-05,51.95000076293945,52.72999954223633,51.900001525878906,52.209999084472656,47100
2019-11-06,52.15999984741211,52.15999984741211,51.560001373291016,51.689998626708984,44500
2019-11-07,52.33000183105469,52.880001068115234,51.7599983215332,51.810001373291016,38100
2019-11-08,51.84000015258789,51.91999816894531,51.380001068115234,51.720001220703125,28600
2019-11-11,51.439998626708984,51.81999969482422,51.380001068115234,51.529998779296875,17700
2019-11-12,51.72999954223633,51.81999969482422,51.459999084472656,51.560001373291016,20100
2019-11-13,51.27000045776367,51.27000045776367,50.83000183105469,51.06999969482422,34400
2019-11-14,51.09000015258789,51.40999984741211,50.310001373291016,51.15999984741211,40400
2019-11-15,51.560001373291016,51.66999816894531,51.15999984741211,51.189998626708984,33100
2019-11-18,51.06999969482422,51.06999969482422,50.540000915527344,50.810001373291016,42900
2019-11-19,50.9900016784668,51.439998626708984,50.790000915527344,51.290000915527344,31400
2019-11-20,50.95000076293945,51.45000076293945,50.63999938964844,50.95000076293945,54900
2019-11-21,51.130001068115234,51.130001068115234,50.40999984741211,50.869998931884766,27400
2019-11-22,51.04999923706055,51.099998474121094,50.72999954223633,50.779998779296875,26900
2019-11-25,50.939998626708984,51.72999954223633,50.939998626708984,51.52000045776367,28200
2019-11-26,51.5,51.619998931884766,51.2400016784668,51.33000183105469,24300
2019-11-27,51.7599983215332,51.7599983215332,51.2400016784668,51.38999938964844,28800
2019-11-29,51.27000045776367,51.68000030517578,51.130001068115234,51.40999984741211,35200
2019-12-02,51.5099983215332,51.63999938964844,50.79999923706055,51.060001373291016,39900
2019-12-03,50.650001525878906,50.650001525878906,50.209999084472656,50.38999938964844,41400
2019-12-04,50.650001525878906,51.2400016784668,50.4900016784668,50.810001373291016,36400
2019-12-05,50.97999954223633,51.18000030517578,50.880001068115234,51.029998779296875,24200
2019-12-06,51.41999816894531,51.65999984741211,51.119998931884766,51.13999938964844,35200
2019-12-09,51.08000183105469,51.20000076293945,50.9900016784668,50.9900016784668,24800
2019-12-10,51.11000061035156,51.45000076293945,51.040000915527344,51.38999938964844,43600
2019-12-11,51.470001220703125,51.5099983215332,51.20000076293945,51.369998931884766,24800
2019-12-12,51.40999984741211,52.61000061035156,51.40999984741211,52.36000061035156,30600
2019-12-13,52.27000045776367,52.33000183105469,51.58000183105469,52.18000030517578,26700
2019-12-16,52.45000076293945,53.11000061035156,52.45000076293945,52.70000076293945,48500
2019-12-17,52.90999984741211,53.34000015258789,52.720001220703125,53.15999984741211,43300
2019-12-18,53.41999816894531,53.41999816894531,52.84000015258789,53.04999923706055,27100
2019-12-19,53.09000015258789,53.09000015258789,52.630001068115234,52.849998474121094,38300
2019-12-20,53.029998779296875,53.34000015258789,52.849998474121094,52.849998474121094,142200
2019-12-23,52.90999984741211,52.90999984741211,52.4900016784668,52.7400016784668,31000
2019-12-24,52.619998931884766,52.849998474121094,52.52000045776367,52.810001373291016,11600
2019-12-26,52.810001373291016,52.88999938964844,52.349998474121094,52.459999084472656,25600
2019-12-27,52.560001373291016,52.599998474121094,51.970001220703125,51.97999954223633,42000
2019-12-30,52.18000030517578,52.31999969482422,51.869998931884766,51.939998626708984,46400
2019-12-31,51.900001525878906,52.16999816894531,51.77000045776367,51.880001068115234,45800
2020-01-02,52.15999984741211,52.15999984741211,51.459999084472656,51.810001373291016,36000
2020-01-03,51.25,51.66999816894531,50.81999969482422,51.470001220703125,36100
2020-01-06,51.150001525878906,51.27000045776367,50.70000076293945,51.189998626708984,51900
2020-01-07,50.90999984741211,51.02000045776367,50.52000045776367,50.599998474121094,27900
2020-01-08,50.58000183105469,51.09000015258789,50.470001220703125,50.790000915527344,32100
2020-01-09,51.11000061035156,51.11000061035156,50.58000183105469,50.709999084472656,32200
2020-01-10,50.61000061035156,50.66999816894531,50.25,50.349998474121094,38800
2020-01-13,50.31999969482422,50.93000030517578,50.130001068115234,50.93000030517578,37000
2020-01-14,50.779998779296875,51.099998474121094,50.439998626708984,51.0099983215332,45100
2020-01-15,50.93000030517578,51.02000045776367,50.63999938964844,50.9900016784668,75000
2020-01-16,51.25,51.54999923706055,50.810001373291016,51.45000076293945,31100
2020-01-17,51.84000015258789,51.849998474121094,50.959999084472656,51.130001068115234,37300
2020-01-21,51.029998779296875,51.029998779296875,50.2599983215332,50.29999923706055,34600
2020-01-22,50.33000183105469,50.810001373291016,50.04999923706055,50.22999954223633,31100
2020-01-23,50.0099983215332,50.45000076293945,49.36000061035156,49.5,56700
2020-01-24,49.0,50.119998931884766,48.06999969482422,49.56999969482422,106800
2020-01-27,48.75,49.630001068115234,47.150001525878906,49.290000915527344,65700
2020-01-28,49.470001220703125,49.54999923706055,48.720001220703125,48.790000915527344,43100
2020-01-29,48.72999954223633,49.09000015258789,48.099998474121094,48.119998931884766,28800
2020-01-30,47.84000015258789,48.959999084472656,47.709999084472656,48.63999938964844,36300
2020-01-31,48.29999923706055,48.459999084472656,47.15999984741211,47.189998626708984,54000
2020-02-03,47.209999084472656,47.81999969482422,47.209999084472656,47.349998474121094,37600
2020-02-04,47.79999923706055,48.119998931884766,47.65999984741211,47.7599983215332,42000
2020-02-05,48.279998779296875,48.939998626708984,48.279998779296875,48.810001373291016,49300
2020-02-06,48.90999984741211,48.97999954223633,48.20000076293945,48.279998779296875,42900
2020-02-07,47.970001220703125,48.130001068115234,47.4900016784668,47.65999984741211,71100
2020-02-10,47.52000045776367,47.810001373291016,47.36000061035156,47.58000183105469,21400
2020-02-11,47.75,48.150001525878906,47.689998626708984,47.7599983215332,17800
2020-02-12,48.0099983215332,48.7400016784668,47.540000915527344,47.650001525878906,36800
2020-02-13,47.54999923706055,48.08000183105469,47.54999923706055,48.08000183105469,29400
2020-02-14,48.119998931884766,48.119998931884766,47.70000076293945,47.7599983215332,38700
2020-02-18,47.65999984741211,48.13999938964844,47.08000183105469,47.2400016784668,21400
2020-02-19,47.36000061035156,47.650001525878906,47.2400016784668,47.369998931884766,36200
2020-02-20,47.279998779296875,47.79999923706055,47.15999984741211,47.720001220703125,32400
2020-02-21,47.650001525878906,47.709999084472656,47.189998626708984,47.22999954223633,25000
2020-02-24,46.08000183105469,46.540000915527344,46.0099983215332,46.22999954223633,30000
2020-02-25,46.439998626708984,46.529998779296875,45.06999969482422,45.25,57300
2020-02-26,45.540000915527344,46.060001373291016,44.869998931884766,45.11000061035156,43700
2020-02-27,44.41999816894531,45.20000076293945,43.29999923706055,43.47999954223633,69100
2020-02-28,42.29999923706055,43.619998931884766,41.13999938964844,42.04999923706055,79300
2020-03-02,41.900001525878906,43.61000061035156,41.40999984741211,43.540000915527344,46600
2020-03-03,43.189998626708984,44.11000061035156,42.0,42.209999084472656,45900
2020-03-04,42.56999969482422,43.20000076293945,41.52000045776367,42.81999969482422,29500
2020-03-05,41.91999816894531,42.0,40.290000915527344,40.84000015258789,42300
2020-03-06,39.63999938964844,40.9900016784668,39.36000061035156,40.02000045776367,48100
2020-03-09,37.189998626708984,39.220001220703125,34.56999969482422,35.0099983215332,69200
2020-03-10,36.220001220703125,36.70000076293945,33.75,33.939998626708984,129700
2020-03-11,33.65999984741211,34.06999969482422,32.04999923706055,32.20000076293945,102800
2020-03-12,30.729999542236328,31.829999923706055,28.059999465942383,29.100000381469727,148300
2020-03-13,30.700000762939453,33.0099983215332,30.399999618530273,33.0,117800
2020-03-16,29.3799991607666,32.810001373291016,29.09000015258789,29.8799991607666,89200
2020-03-17,30.649999618530273,31.920000076293945,29.350000381469727,31.90999984741211,111800
2020-03-18,30.479999542236328,30.479999542236328,27.239999771118164,27.90999984741211,99800
2020-03-19,27.5,31.920000076293945,27.139999389648438,30.520000457763672,93200
2020-03-20,30.399999618530273,32.16999816894531,27.75,27.790000915527344,172900
2020-03-23,28.020000457763672,28.469999313354492,26.06999969482422,27.25,80500
2020-03-24,28.389999389648438,30.530000686645508,28.200000762939453,30.239999771118164,82600
2020-03-25,30.200000762939453,31.799999237060547,29.1299991607666,30.329999923706055,92700
2020-03-26,30.5,33.0099983215332,30.5,32.7400016784668,66300
2020-03-27,31.540000915527344,32.70000076293945,30.690000534057617,30.850000381469727,87800
2020-03-30,30.920000076293945,32.08000183105469,30.549999237060547,32.0,78600
2020-03-31,31.739999771118164,32.630001068115234,31.3799991607666,32.43000030517578,129800
2020-04-01,32.25,32.25,30.06999969482422,30.440000534057617,81900
2020-04-02,30.079999923706055,31.860000610351562,30.079999923706055,31.3700008392334,60300
2020-04-03,31.059999465942383,31.3799991607666,29.1200008392334,29.649999618530273,55800
2020-04-06,30.940000534057617,32.279998779296875,30.790000915527344,31.739999771118164,83500
2020-04-07,32.77000045776367,33.45000076293945,31.3799991607666,32.029998779296875,89200
2020-04-08,32.63999938964844,33.13999938964844,32.06999969482422,32.79999923706055,57800
2020-04-09,33.52000045776367,35.22999954223633,33.2400016784668,35.06999969482422,66300
2020-04-13,34.849998474121094,34.849998474121094,33.099998474121094,33.5099983215332,50000
2020-04-14,34.20000076293945,34.36000061035156,32.04999923706055,32.84000015258789,64400
2020-04-15,31.450000762939453,32.119998931884766,30.920000076293945,31.479999542236328,70800
2020-04-16,31.18000030517578,31.579999923706055,29.0,30.530000686645508,88400
2020-04-17,31.760000228881836,32.77000045776367,31.329999923706055,32.650001525878906,57700
2020-04-20,31.469999313354492,32.790000915527344,31.020000457763672,31.690000534057617,55500
2020-04-21,30.549999237060547,31.559999465942383,30.3799991607666,31.200000762939453,39300
2020-04-22,31.90999984741211,32.0099983215332,30.979999542236328,31.139999389648438,41500
2020-04-23,30.530000686645508,32.189998626708984,30.530000686645508,31.549999237060547,55700
2020-04-24,31.40999984741211,32.290000915527344,30.940000534057617,31.850000381469727,50900
2020-04-27,32.09000015258789,34.209999084472656,31.940000534057617,33.790000915527344,56900
2020-04-28,34.59000015258789,34.939998626708984,33.59000015258789,34.38999938964844,69300
2020-04-29,35.0,37.2599983215332,34.869998931884766,36.189998626708984,76200
2020-04-30,35.20000076293945,35.33000183105469,34.31999969482422,34.72999954223633,53000
2020-05-01,33.810001373291016,34.689998626708984,32.91999816894531,33.790000915527344,70500
2020-05-04,33.540000915527344,33.540000915527344,32.43000030517578,33.040000915527344,53400
2020-05-05,33.5,34.13999938964844,32.11000061035156,32.11000061035156,61900
2020-05-06,32.2400016784668,32.2400016784668,30.860000610351562,31.020000457763672,50400
2020-05-07,31.579999923706055,31.770000457763672,30.780000686645508,30.969999313354492,60300
2020-05-08,31.729999542236328,33.0099983215332,31.549999237060547,32.869998931884766,57600
2020-05-11,32.20000076293945,32.310001373291016,31.200000762939453,31.420000076293945,74800
2020-05-12,31.56999969482422,31.56999969482422,29.459999084472656,29.6299991607666,65400
2020-05-13,29.40999984741211,30.1200008392334,27.850000381469727,28.43000030517578,76100
2020-05-14,27.889999389648438,28.399999618530273,26.719999313354492,28.350000381469727,108700
2020-05-15,28.18000030517578,29.0,27.739999771118164,28.790000915527344,146300
2020-05-18,30.170000076293945,31.68000030517578,30.170000076293945,31.600000381469727,87300
2020-05-19,31.329999923706055,31.329999923706055,29.75,29.809999465942383,58100
2020-05-20,30.56999969482422,31.940000534057617,30.56999969482422,31.690000534057617,58100
2020-05-21,31.6299991607666,32.11000061035156,31.469999313354492,31.81999969482422,62800
2020-05-22,31.90999984741211,32.08000183105469,30.989999771118164,31.540000915527344,44200
2020-05-26,33.029998779296875,34.2400016784668,32.25,34.0,61700
2020-05-27,35.08000183105469,36.7599983215332,34.61000061035156,36.560001373291016,76400
2020-05-28,37.0,37.0,35.02000045776367,35.189998626708984,81300
2020-05-29,34.70000076293945,35.59000015258789,34.0099983215332,34.59000015258789,61700
2020-06-01,34.75,34.95000076293945,33.7400016784668,33.75,71800
2020-06-02,34.189998626708984,34.79999923706055,33.41999816894531,33.86000061035156,47800
2020-06-03,34.59000015258789,36.130001068115234,34.59000015258789,35.22999954223633,56700
2020-06-04,35.11000061035156,35.90999984741211,35.11000061035156,35.7599983215332,61800
2020-06-05,36.369998931884766,38.189998626708984,36.369998931884766,37.599998474121094,120000
2020-06-08,38.70000076293945,38.70000076293945,37.65999984741211,37.90999984741211,98300
2020-06-09,36.97999954223633,37.959999084472656,36.22999954223633,37.36000061035156,57700
2020-06-10,37.349998474121094,37.349998474121094,35.0099983215332,35.0099983215332,46900
2020-06-11,33.2599983215332,33.7599983215332,32.18000030517578,32.25,68600
2020-06-12,33.849998474121094,33.849998474121094,32.290000915527344,33.189998626708984,71900
2020-06-15,31.360000610351562,34.470001220703125,31.360000610351562,33.88999938964844,95000
2020-06-16,35.25,35.93000030517578,34.439998626708984,35.5,69200
2020-06-17,35.4900016784668,35.4900016784668,34.220001220703125,34.220001220703125,63200
2020-06-18,33.95000076293945,35.029998779296875,33.95000076293945,34.720001220703125,53100
2020-06-19,35.22999954223633,35.959999084472656,34.2400016784668,35.709999084472656,497300
2020-06-22,35.15999984741211,36.060001373291016,34.52000045776367,35.709999084472656,61000
2020-06-23,36.38999938964844,36.38999938964844,34.84000015258789,35.04999923706055,69900
2020-06-24,34.5099983215332,34.790000915527344,33.529998779296875,33.54999923706055,74300
2020-06-25,33.29999923706055,34.72999954223633,33.29999923706055,34.72999954223633,81000
2020-06-26,34.15999984741211,34.15999984741211,32.7400016784668,32.869998931884766,326800
2020-06-29,33.5099983215332,34.9900016784668,33.5099983215332,34.72999954223633,103300
2020-06-30,34.779998779296875,35.83000183105469,34.61000061035156,35.58000183105469,77800
2020-07-01,35.81999969482422,35.83000183105469,34.22999954223633,34.25,68900
2020-07-02,35.20000076293945,36.189998626708984,34.2400016784668,34.34000015258789,71400
2020-07-06,35.20000076293945,35.689998626708984,34.45000076293945,34.7400016784668,43100
2020-07-07,34.22999954223633,34.27000045776367,33.2599983215332,33.52000045776367,38700
2020-07-08,33.459999084472656,34.029998779296875,32.560001373291016,33.31999969482422,60000
2020-07-09,33.06999969482422,34.369998931884766,31.6299991607666,31.8799991607666,52300
2020-07-10,31.719999313354492,33.40999984741211,31.34000015258789,33.2400016784668,73400
2020-07-13,33.939998626708984,34.189998626708984,32.650001525878906,33.72999954223633,70800
2020-07-14,33.689998626708984,34.08000183105469,32.77000045776367,33.31999969482422,58300
2020-07-15,34.29999923706055,35.31999969482422,34.0,34.959999084472656,74000
2020-07-16,34.689998626708984,35.5,34.43000030517578,35.290000915527344,71500
2020-07-17,35.0,35.09000015258789,34.13999938964844,34.220001220703125,56100
2020-07-20,33.81999969482422,33.970001220703125,33.290000915527344,33.47999954223633,46100
2020-07-21,33.97999954223633,35.220001220703125,33.97999954223633,35.20000076293945,62600
2020-07-22,34.79999923706055,34.880001068115234,34.0,34.33000183105469,34500
2020-07-23,34.29999923706055,35.2599983215332,34.150001525878906,35.060001373291016,50400
2020-07-24,35.209999084472656,35.45000076293945,34.400001525878906,34.650001525878906,42900
2020-07-27,34.470001220703125,34.689998626708984,34.029998779296875,34.459999084472656,58300
2020-07-28,34.130001068115234,34.83000183105469,34.130001068115234,34.27000045776367,25400
2020-07-29,34.34000015258789,34.869998931884766,33.939998626708984,34.81999969482422,54300
2020-07-30,34.189998626708984,34.33000183105469,33.59000015258789,34.02000045776367,50900
2020-07-31,33.7400016784668,33.93000030517578,32.65999984741211,33.119998931884766,76400
2020-08-03,33.18000030517578,33.290000915527344,32.599998474121094,32.95000076293945,45300
2020-08-04,32.84000015258789,33.16999816894531,32.36000061035156,32.75,43800
2020-08-05,33.09000015258789,33.47999954223633,32.709999084472656,33.459999084472656,57000
2020-08-06,33.369998931884766,33.959999084472656,33.369998931884766,33.689998626708984,39300
2020-08-07,33.630001068115234,35.54999923706055,33.36000061035156,35.5,52600
2020-08-10,35.88999938964844,36.75,35.880001068115234,36.15999984741211,54100
2020-08-11,36.849998474121094,37.83000183105469,36.849998474121094,37.20000076293945,77400
2020-08-12,37.939998626708984,38.2599983215332,36.279998779296875,36.970001220703125,41400
2020-08-13,36.36000061035156,36.68000030517578,35.970001220703125,36.119998931884766,48300
2020-08-14,35.939998626708984,36.959999084472656,35.939998626708984,36.65999984741211,58100
2020-08-17,36.66999816894531,36.95000076293945,35.29999923706055,35.880001068115234,46400
2020-08-18,35.790000915527344,35.91999816894531,34.369998931884766,34.58000183105469,55600
2020-08-19,34.77000045776367,35.2599983215332,34.529998779296875,34.709999084472656,37800
2020-08-20,34.22999954223633,34.45000076293945,33.849998474121094,34.209999084472656,32300
2020-08-21,34.220001220703125,34.36000061035156,33.560001373291016,33.91999816894531,44900
2020-08-24,34.22999954223633,35.130001068115234,33.75,35.060001373291016,29300
2020-08-25,35.529998779296875,35.560001373291016,34.869998931884766,35.04999923706055,23700
2020-08-26,35.130001068115234,35.130001068115234,34.13999938964844,34.150001525878906,39100
2020-08-27,34.16999816894531,35.119998931884766,33.83000183105469,34.79999923706055,38000
2020-08-28,35.130001068115234,35.130001068115234,34.540000915527344,34.810001373291016,38100
2020-08-31,34.75,35.0,34.38999938964844,34.45000076293945,68900
2020-09-01,34.54999923706055,34.689998626708984,33.95000076293945,34.20000076293945,29200
2020-09-02,34.099998474121094,34.4900016784668,33.77000045776367,34.380001068115234,43400
2020-09-03,34.459999084472656,35.470001220703125,34.20000076293945,34.400001525878906,43400
2020-09-04,35.11000061035156,35.349998474121094,34.220001220703125,34.720001220703125,52900
2020-09-08,34.41999816894531,34.470001220703125,33.560001373291016,33.75,49400
2020-09-09,34.08000183105469,34.08000183105469,33.2400016784668,33.5099983215332,40900
2020-09-10,33.61000061035156,33.61000061035156,32.86000061035156,32.9900016784668,36700
2020-09-11,33.02000045776367,33.09000015258789,32.560001373291016,32.61000061035156,44900
2020-09-14,32.880001068115234,33.900001525878906,32.5,33.36000061035156,60700
2020-09-15,33.72999954223633,33.72999954223633,32.630001068115234,32.790000915527344,24800
2020-09-16,32.880001068115234,33.15999984741211,32.66999816894531,32.880001068115234,105200
2020-09-17,32.41999816894531,33.349998474121094,32.41999816894531,32.720001220703125,39400
2020-09-18,33.08000183105469,33.08000183105469,32.08000183105469,32.150001525878906,217400
2020-09-21,31.530000686645508,31.690000534057617,29.899999618530273,30.219999313354492,76400
2020-09-22,30.389999389648438,30.59000015258789,29.209999084472656,29.530000686645508,48700
2020-09-23,29.440000534057617,30.1299991607666,28.809999465942383,28.84000015258789,55800
2020-09-24,28.959999084472656,30.290000915527344,28.719999313354492,29.559999465942383,68900
2020-09-25,29.149999618530273,29.780000686645508,29.149999618530273,29.75,48100
2020-09-28,30.329999923706055,31.110000610351562,30.299999237060547,30.889999389648438,66200
2020-09-29,30.690000534057617,31.049999237060547,30.350000381469727,30.850000381469727,68000
2020-09-30,31.059999465942383,31.360000610351562,30.549999237060547,30.84000015258789,78700
2020-10-01,30.90999984741211,31.239999771118164,30.329999923706055,31.239999771118164,69200
2020-10-02,30.649999618530273,32.25,30.649999618530273,31.829999923706055,51100
2020-10-05,32.20000076293945,32.849998474121094,31.6299991607666,32.68000030517578,68800
2020-10-06,33.0099983215332,34.0099983215332,32.279998779296875,32.79999923706055,50500
2020-10-07,33.189998626708984,33.72999954223633,32.13999938964844,33.47999954223633,70800
2020-10-08,33.86000061035156,33.880001068115234,33.25,33.59000015258789,50500
2020-10-09,33.93000030517578,33.93000030517578,33.150001525878906,33.15999984741211,55000
2020-10-12,33.220001220703125,33.689998626708984,32.939998626708984,33.560001373291016,39700
2020-10-13,32.59000015258789,33.650001525878906,32.33000183105469,32.38999938964844,23500
2020-10-14,32.400001525878906,32.86000061035156,31.739999771118164,31.739999771118164,31700
2020-10-15,31.329999923706055,32.70000076293945,30.610000610351562,32.54999923706055,49000
2020-10-16,32.34000015258789,33.41999816894531,32.34000015258789,33.119998931884766,85900
2020-10-19,33.4900016784668,33.779998779296875,32.709999084472656,32.79999923706055,27700
2020-10-20,33.130001068115234,33.58000183105469,33.09000015258789,33.400001525878906,33100
2020-10-21,33.369998931884766,33.72999954223633,33.369998931884766,33.630001068115234,22300
2020-10-22,33.790000915527344,34.7599983215332,33.5,34.7599983215332,40500
2020-10-23,35.15999984741211,35.47999954223633,34.619998931884766,35.31999969482422,72200
2020-10-26,34.970001220703125,35.4900016784668,34.709999084472656,35.400001525878906,61800
2020-10-27,35.119998931884766,35.380001068115234,33.75,33.88999938964844,33200
2020-10-28,33.11000061035156,33.70000076293945,32.599998474121094,32.79999923706055,40200
2020-10-29,32.529998779296875,33.349998474121094,31.950000762939453,33.20000076293945,30200
2020-10-30,32.810001373291016,34.099998474121094,32.630001068115234,33.4900016784668,54000
2020-11-02,33.900001525878906,34.02000045776367,33.06999969482422,33.689998626708984,60100
2020-11-03,34.40999984741211,34.84000015258789,34.040000915527344,34.66999816894531,53600
2020-11-04,33.869998931884766,33.869998931884766,32.0,32.150001525878906,38900
2020-11-05,32.08000183105469,33.36000061035156,31.8700008392334,33.04999923706055,32400
2020-11-06,33.41999816894531,33.41999816894531,31.670000076293945,31.920000076293945,61200
2020-11-09,34.310001373291016,38.45000076293945,34.310001373291016,36.7599983215332,82100
2020-11-10,37.29999923706055,38.41999816894531,37.0,37.939998626708984,57100
2020-11-11,37.470001220703125,38.150001525878906,36.16999816894531,36.66999816894531,54900
2020-11-12,36.02000045776367,36.4900016784668,32.5,35.959999084472656,60700
2020-11-13,36.54999923706055,37.279998779296875,36.380001068115234,36.91999816894531,56600
2020-11-16,37.900001525878906,38.63999938964844,37.79999923706055,38.369998931884766,50000
2020-11-17,37.70000076293945,37.84000015258789,36.84000015258789,37.75,63900
2020-11-18,38.18000030517578,38.18000030517578,37.22999954223633,37.290000915527344,48200
2020-11-19,37.099998474121094,37.560001373291016,36.650001525878906,37.540000915527344,52100
2020-11-20,37.099998474121094,37.88999938964844,36.40999984741211,37.7400016784668,69700
2020-11-23,38.0099983215332,38.939998626708984,37.86000061035156,38.45000076293945,81900
2020-11-24,39.88999938964844,40.79999923706055,38.709999084472656,40.439998626708984,105500
2020-11-25,39.900001525878906,40.08000183105469,39.2400016784668,39.75,52300
2020-11-27,39.650001525878906,39.650001525878906,38.439998626708984,39.15999984741211,28500
2020-11-30,38.75,38.75,37.130001068115234,37.31999969482422,96700
2020-12-01,38.2599983215332,38.93000030517578,37.939998626708984,38.369998931884766,72800
2020-12-02,38.13999938964844,38.66999816894531,38.0099983215332,38.43000030517578,60100
2020-12-03,38.529998779296875,39.060001373291016,38.150001525878906,38.7400016784668,56700
2020-12-04,38.88999938964844,40.9900016784668,38.88999938964844,40.060001373291016,56600
2020-12-07,39.790000915527344,40.130001068115234,39.16999816894531,39.83000183105469,87200
2020-12-08,39.380001068115234,40.119998931884766,39.380001068115234,39.849998474121094,61700
2020-12-09,40.310001373291016,40.79999923706055,39.77000045776367,40.33000183105469,52400
2020-12-10,39.939998626708984,40.20000076293945,39.630001068115234,40.130001068115234,47800
2020-12-11,39.599998474121094,40.5099983215332,39.599998474121094,40.099998474121094,54700
2020-12-14,40.58000183105469,40.869998931884766,40.0,40.15999984741211,56500
2020-12-15,40.630001068115234,41.06999969482422,40.16999816894531,40.77000045776367,58100
2020-12-16,41.099998474121094,41.099998474121094,40.290000915527344,40.31999969482422,111100
2020-12-17,40.56999969482422,40.56999969482422,39.75,40.22999954223633,83800
2020-12-18,40.29999923706055,40.79999923706055,39.2599983215332,39.5099983215332,249000
2020-12-21,39.4900016784668,39.689998626708984,38.40999984741211,38.59000015258789,84800
2020-12-22,38.5,38.810001373291016,38.2599983215332,38.33000183105469,72000
2020-12-23,38.709999084472656,40.0,38.709999084472656,39.849998474121094,60100
2020-12-24,39.7599983215332,40.25,39.290000915527344,39.88999938964844,28000
2020-12-28,40.04999923706055,40.79999923706055,39.900001525878906,40.25,46700
2020-12-29,40.52000045776367,40.52000045776367,39.560001373291016,39.79999923706055,51600
2020-12-30,39.790000915527344,40.41999816894531,38.880001068115234,39.939998626708984,27200
2020-12-31,39.86000061035156,40.56999969482422,39.619998931884766,40.29999923706055,36200
2021-01-04,40.369998931884766,40.869998931884766,39.310001373291016,39.70000076293945,93000
2021-01-05,39.7599983215332,40.43000030517578,39.41999816894531,40.060001373291016,61900
2021-01-06,40.9900016784668,44.45000076293945,40.47999954223633,43.470001220703125,112400
2021-01-07,43.5099983215332,44.0099983215332,43.040000915527344,43.45000076293945,52000
2021-01-08,43.599998474121094,43.599998474121094,41.83000183105469,42.29999923706055,60000
2021-01-11,41.849998474121094,42.93000030517578,41.849998474121094,42.790000915527344,48700
2021-01-12,43.060001373291016,43.630001068115234,42.93000030517578,43.22999954223633,39100
2021-01-13,43.060001373291016,43.060001373291016,42.18000030517578,42.81999969482422,45000
2021-01-14,43.2400016784668,43.65999984741211,41.279998779296875,43.5,40300
2021-01-15,42.650001525878906,43.38999938964844,42.400001525878906,42.97999954223633,53800
2021-01-19,43.5,43.5,42.560001373291016,42.95000076293945,45800
2021-01-20,42.75,42.95000076293945,42.150001525878906,42.59000015258789,42000
2021-01-21,42.59000015258789,42.810001373291016,41.22999954223633,41.41999816894531,51000
2021-01-22,42.9900016784668,42.9900016784668,41.900001525878906,42.779998779296875,60000
2021-01-25,42.290000915527344,43.4900016784668,41.18000030517578,43.0099983215332,94100
2021-01-26,43.470001220703125,43.470001220703125,41.650001525878906,41.81999969482422,46500
2021-01-27,40.93000030517578,41.33000183105469,39.02000045776367,39.630001068115234,80800
2021-01-28,41.41999816894531,41.41999816894531,39.689998626708984,39.849998474121094,65400
2021-01-29,39.68000030517578,40.2400016784668,39.310001373291016,39.349998474121094,84500
2021-02-01,39.18000030517578,39.810001373291016,38.72999954223633,39.560001373291016,40400
2021-02-02,39.9900016784668,40.81999969482422,39.72999954223633,40.470001220703125,53800
2021-02-03,40.189998626708984,40.83000183105469,39.58000183105469,40.720001220703125,67200
2021-02-04,40.81999969482422,42.400001525878906,40.81999969482422,42.130001068115234,49400
2021-02-05,42.59000015258789,42.59000015258789,41.70000076293945,41.95000076293945,49900
2021-02-08,42.470001220703125,43.189998626708984,42.470001220703125,43.15999984741211,85200
2021-02-09,42.93000030517578,43.619998931884766,42.88999938964844,43.560001373291016,39600
2021-02-10,43.7400016784668,44.25,43.380001068115234,43.630001068115234,68400
2021-02-11,43.75,43.880001068115234,42.72999954223633,43.09000015258789,73500
2021-02-12,42.33000183105469,43.380001068115234,42.2599983215332,43.349998474121094,73000
2021-02-16,43.349998474121094,43.70000076293945,43.06999969482422,43.310001373291016,74900
2021-02-17,43.150001525878906,43.540000915527344,43.11000061035156,43.130001068115234,45000
2021-02-18,42.880001068115234,43.29999923706055,42.849998474121094,42.91999816894531,55400
2021-02-19,42.91999816894531,43.95000076293945,42.75,43.66999816894531,219500
2021-02-22,43.709999084472656,44.5099983215332,43.119998931884766,44.45000076293945,106200
2021-02-23,44.5,45.97999954223633,44.220001220703125,45.09000015258789,108700
2021-02-24,45.34000015258789,46.380001068115234,45.279998779296875,46.13999938964844,61100
2021-02-25,46.439998626708984,46.58000183105469,45.0099983215332,45.09000015258789,48300
2021-02-26,45.02000045776367,45.56999969482422,44.290000915527344,44.369998931884766,102600
2021-03-01,45.5,45.900001525878906,44.900001525878906,45.209999084472656,70800
2021-03-02,45.08000183105469,45.650001525878906,44.709999084472656,44.81999969482422,66700
2021-03-03,45.150001525878906,47.34000015258789,45.150001525878906,46.06999969482422,84800
2021-03-04,46.290000915527344,47.630001068115234,45.279998779296875,45.90999984741211,105000
2021-03-05,46.599998474121094,47.93000030517578,46.290000915527344,47.849998474121094,102700
2021-03-08,48.0099983215332,49.72999954223633,47.16999816894531,49.33000183105469,119100
2021-03-09,49.470001220703125,49.470001220703125,47.7400016784668,48.630001068115234,86200
2021-03-10,48.939998626708984,49.7599983215332,48.40999984741211,49.41999816894531,76200
2021-03-11,49.47999954223633,49.66999816894531,48.720001220703125,49.36000061035156,71800
2021-03-12,49.790000915527344,50.380001068115234,49.5099983215332,50.18000030517578,97000
2021-03-15,50.13999938964844,50.20000076293945,47.130001068115234,47.939998626708984,138200
2021-03-16,47.7599983215332,47.7599983215332,46.0,46.93000030517578,69400
2021-03-17,47.02000045776367,47.5,45.93000030517578,46.709999084472656,107700
2021-03-18,47.130001068115234,48.40999984741211,46.709999084472656,47.65999984741211,156100
2021-03-19,47.279998779296875,48.27000045776367,46.400001525878906,48.20000076293945,531300
2021-03-22,48.09000015258789,48.09000015258789,46.029998779296875,47.13999938964844,114400
2021-03-23,46.529998779296875,47.18000030517578,45.84000015258789,46.29999923706055,114100
2021-03-24,46.90999984741211,48.16999816894531,46.5099983215332,46.560001373291016,81600
2021-03-25,46.68000030517578,48.16999816894531,46.0,48.0,80500
2021-03-26,48.400001525878906,49.06999969482422,47.9900016784668,49.04999923706055,67400
2021-03-29,48.369998931884766,49.0,46.959999084472656,47.93000030517578,64900
2021-03-30,48.33000183105469,49.13999938964844,48.25,48.560001373291016,67400
2021-03-31,48.66999816894531,49.15999984741211,47.38999938964844,47.58000183105469,107300
2021-04-01,47.22999954223633,47.779998779296875,47.0,47.599998474121094,65200
2021-04-05,48.220001220703125,48.220001220703125,47.060001373291016,47.470001220703125,51500
2021-04-06,47.2400016784668,47.599998474121094,46.900001525878906,47.4900016784668,45200
2021-04-07,47.2599983215332,47.720001220703125,46.43000030517578,46.650001525878906,61200
2021-04-08,46.41999816894531,46.95000076293945,45.79999923706055,46.84000015258789,133400
2021-04-09,47.25,47.79999923706055,46.90999984741211,47.16999816894531,50400
2021-04-12,47.25,47.709999084472656,47.20000076293945,47.439998626708984,40000
2021-04-13,47.099998474121094,47.099998474121094,46.349998474121094,46.36000061035156,32500
2021-04-14,46.2400016784668,47.560001373291016,46.2400016784668,47.119998931884766,44600
2021-04-15,47.06999969482422,47.36000061035156,45.88999938964844,46.779998779296875,37200
2021-04-16,47.2599983215332,47.369998931884766,46.540000915527344,47.119998931884766,37000
2021-04-19,46.83000183105469,47.41999816894531,46.380001068115234,47.0,45500
2021-04-20,46.619998931884766,46.619998931884766,45.38999938964844,45.619998931884766,37700
2021-04-21,46.900001525878906,46.900001525878906,45.220001220703125,46.40999984741211,46300
2021-04-22,46.5,46.97999954223633,45.369998931884766,45.369998931884766,54600
2021-04-23,45.65999984741211,47.52000045776367,45.65999984741211,47.290000915527344,54700
2021-04-26,47.5099983215332,48.2400016784668,47.4900016784668,47.56999969482422,60800
2021-04-27,47.400001525878906,47.630001068115234,46.9900016784668,47.36000061035156,54900
2021-04-28,47.619998931884766,48.18000030517578,47.40999984741211,47.47999954223633,59200
2021-04-29,47.880001068115234,48.25,47.369998931884766,47.7599983215332,47700
2021-04-30,47.40999984741211,47.90999984741211,47.27000045776367,47.59000015258789,73400
2021-05-03,47.529998779296875,48.08000183105469,47.13999938964844,47.90999984741211,108600
2021-05-04,47.86000061035156,48.33000183105469,46.88999938964844,47.810001373291016,57000
2021-05-05,48.02000045776367,48.02000045776367,47.34000015258789,47.689998626708984,59100
2021-05-06,47.7599983215332,48.4900016784668,47.54999923706055,48.4900016784668,55200
2021-05-07,47.900001525878906,49.11000061035156,47.900001525878906,48.97999954223633,59200
2021-05-10,49.09000015258789,49.5,47.970001220703125,47.970001220703125,49800
2021-05-11,48.91999816894531,48.91999816894531,47.41999816894531,47.7400016784668,47200
2021-05-12,47.93000030517578,49.20000076293945,46.779998779296875,46.970001220703125,56500
2021-05-13,47.09000015258789,49.02000045776367,47.09000015258789,48.83000183105469,42300
2021-05-14,48.349998474121094,49.2400016784668,48.290000915527344,49.040000915527344,60900
2021-05-17,48.810001373291016,49.16999816894531,48.4900016784668,49.11000061035156,42600
2021-05-18,48.560001373291016,49.36000061035156,48.560001373291016,48.849998474121094,76700
2021-05-19,48.38999938964844,48.9900016784668,47.66999816894531,48.52000045776367,64300
2021-05-20,48.540000915527344,48.540000915527344,47.869998931884766,48.31999969482422,42200
2021-05-21,48.68000030517578,49.130001068115234,48.02000045776367,48.869998931884766,39700
2021-05-24,48.939998626708984,48.939998626708984,48.0,48.560001373291016,62100
2021-05-25,48.560001373291016,48.56999969482422,47.209999084472656,47.220001220703125,82900
2021-05-26,47.470001220703125,48.18000030517578,47.02000045776367,48.18000030517578,45900
2021-05-27,48.63999938964844,49.34000015258789,47.90999984741211,49.08000183105469,87200
2021-05-28,49.209999084472656,49.4900016784668,48.5,49.470001220703125,55900
2021-06-01,50.13999938964844,50.459999084472656,49.4900016784668,50.189998626708984,85000
2021-06-02,50.25,50.25,49.63999938964844,49.790000915527344,105600
2021-06-03,49.779998779296875,50.29999923706055,49.68000030517578,50.209999084472656,43400
2021-06-04,50.25,50.25,49.77000045776367,50.040000915527344,42100
2021-06-07,50.25,50.5,49.97999954223633,50.5,38700
2021-06-08,50.36000061035156,51.02000045776367,50.09000015258789,50.75,55200
2021-06-09,50.5099983215332,50.72999954223633,49.77000045776367,49.9900016784668,63700
2021-06-10,50.349998474121094,50.5,48.97999954223633,49.08000183105469,65300
2021-06-11,49.66999816894531,49.66999816894531,48.93000030517578,49.130001068115234,47700
2021-06-14,49.209999084472656,49.310001373291016,48.380001068115234,48.83000183105469,62300
2021-06-15,49.04999923706055,49.95000076293945,48.880001068115234,49.5099983215332,48500
2021-06-16,49.279998779296875,50.0,47.0,49.599998474121094,57800
2021-06-17,49.79999923706055,49.79999923706055,47.88999938964844,48.0,58100
2021-06-18,47.20000076293945,47.47999954223633,45.63999938964844,45.75,154500
2021-06-21,46.25,47.619998931884766,46.25,47.220001220703125,79300
2021-06-22,47.209999084472656,47.58000183105469,46.27000045776367,46.65999984741211,53700
2021-06-23,46.959999084472656,46.959999084472656,46.380001068115234,46.529998779296875,47900
2021-06-24,46.560001373291016,47.20000076293945,46.13999938964844,47.13999938964844,52900
2021-06-25,47.310001373291016,47.54999923706055,45.290000915527344,45.7599983215332,230100
2021-06-28,45.689998626708984,46.58000183105469,45.220001220703125,46.40999984741211,104100
2021-06-29,47.779998779296875,47.779998779296875,45.849998474121094,46.040000915527344,49600
2021-06-30,45.72999954223633,46.810001373291016,45.72999954223633,46.459999084472656,94800
2021-07-01,46.7400016784668,46.959999084472656,46.38999938964844,46.56999969482422,44800
2021-07-02,46.459999084472656,46.81999969482422,45.41999816894531,45.56999969482422,36500
2021-07-06,45.52000045776367,47.5099983215332,43.83000183105469,44.290000915527344,44300
2021-07-07,43.88999938964844,44.61000061035156,43.29999923706055,43.900001525878906,43400
2021-07-08,43.25,43.61000061035156,42.61000061035156,42.939998626708984,42200
2021-07-09,43.16999816894531,44.439998626708984,43.16999816894531,44.31999969482422,43400
2021-07-12,43.849998474121094,44.22999954223633,43.66999816894531,44.130001068115234,76500
2021-07-13,44.09000015258789,44.099998474121094,42.93000030517578,43.150001525878906,43900
2021-07-14,44.599998474121094,44.599998474121094,43.060001373291016,43.56999969482422,55900
2021-07-15,43.220001220703125,44.15999984741211,43.220001220703125,44.04999923706055,40900
2021-07-16,44.43000030517578,44.43000030517578,43.209999084472656,43.2599983215332,47500
2021-07-19,42.29999923706055,42.540000915527344,41.189998626708984,41.810001373291016,66900
2021-07-20,42.11000061035156,43.81999969482422,42.11000061035156,42.599998474121094,84000
2021-07-21,42.84000015258789,43.58000183105469,42.84000015258789,43.209999084472656,42600
2021-07-22,42.90999984741211,43.45000076293945,41.84000015258789,42.70000076293945,53900
2021-07-23,42.599998474121094,43.0,41.9900016784668,42.47999954223633,36300
2021-07-26,42.630001068115234,43.90999984741211,42.630001068115234,43.90999984741211,54800
2021-07-27,42.66999816894531,44.41999816894531,42.66999816894531,44.279998779296875,62000
2021-07-28,44.279998779296875,44.959999084472656,43.65999984741211,44.709999084472656,47100
2021-07-29,45.18000030517578,45.720001220703125,44.939998626708984,45.31999969482422,52100
2021-07-30,45.27000045776367,45.88999938964844,44.959999084472656,45.790000915527344,100900
2021-08-02,45.68000030517578,46.79999923706055,44.459999084472656,44.84000015258789,62700
2021-08-03,44.86000061035156,45.54999923706055,44.060001373291016,45.290000915527344,49400
2021-08-04,44.810001373291016,45.72999954223633,44.13999938964844,44.95000076293945,49000
2021-08-05,45.13999938964844,46.16999816894531,45.040000915527344,45.900001525878906,53000
2021-08-06,46.52000045776367,47.66999816894531,46.08000183105469,47.04999923706055,33300
2021-08-09,47.13999938964844,47.13999938964844,46.43000030517578,46.529998779296875,25000
2021-08-10,46.65999984741211,47.54999923706055,46.54999923706055,47.38999938964844,31700
2021-08-11,47.77000045776367,47.95000076293945,47.099998474121094,47.939998626708984,42300
2021-08-12,48.0,48.0,47.33000183105469,47.349998474121094,26800
2021-08-13,47.61000061035156,47.61000061035156,47.0,47.15999984741211,28700
2021-08-16,46.810001373291016,47.279998779296875,46.54999923706055,46.95000076293945,32900
2021-08-17,46.650001525878906,47.040000915527344,45.90999984741211,46.349998474121094,32600
2021-08-18,46.310001373291016,46.56999969482422,45.619998931884766,45.79999923706055,54300
2021-08-19,46.36000061035156,46.36000061035156,45.209999084472656,45.40999984741211,63800
2021-08-20,45.380001068115234,46.77000045776367,45.20000076293945,46.5099983215332,44100
2021-08-23,46.900001525878906,47.40999984741211,46.31999969482422,46.66999816894531,34500
2021-08-24,46.849998474121094,46.970001220703125,46.40999984741211,46.58000183105469,27300
2021-08-25,47.13999938964844,47.13999938964844,46.38999938964844,46.470001220703125,44300
2021-08-26,46.66999816894531,46.66999816894531,46.150001525878906,46.22999954223633,38800
2021-08-27,47.0,48.16999816894531,46.060001373291016,47.650001525878906,39800
2021-08-30,47.540000915527344,47.540000915527344,46.540000915527344,46.72999954223633,33900
2021-08-31,46.81999969482422,47.869998931884766,46.560001373291016,47.0,41500
2021-09-01,47.13999938964844,47.38999938964844,46.5099983215332,47.18000030517578,30600
2021-09-02,47.13999938964844,47.33000183105469,46.7599983215332,47.119998931884766,35800
2021-09-03,47.2400016784668,47.2400016784668,46.63999938964844,46.959999084472656,31300
2021-09-07,46.95000076293945,47.22999954223633,46.59000015258789,46.709999084472656,27500
2021-09-08,46.43000030517578,46.81999969482422,45.79999923706055,46.099998474121094,42500
2021-09-09,45.9900016784668,46.61000061035156,45.369998931884766,46.029998779296875,52900
2021-09-10,47.290000915527344,47.290000915527344,45.52000045776367,45.52000045776367,49300
2021-09-13,45.75,46.06999969482422,45.11000061035156,45.7599983215332,48400
2021-09-14,45.86000061035156,45.88999938964844,44.7400016784668,45.13999938964844,48000
2021-09-15,45.349998474121094,45.880001068115234,45.16999816894531,45.709999084472656,49300
2021-09-16,45.810001373291016,45.810001373291016,44.93000030517578,45.029998779296875,28600
2021-09-17,45.2599983215332,45.86000061035156,44.439998626708984,45.2599983215332,294300
2021-09-20,44.45000076293945,44.709999084472656,43.58000183105469,44.20000076293945,55300
2021-09-21,44.439998626708984,44.439998626708984,43.68000030517578,43.790000915527344,35500
2021-09-22,44.060001373291016,45.040000915527344,44.060001373291016,44.59000015258789,37700
2021-09-23,44.93000030517578,46.290000915527344,44.90999984741211,45.9900016784668,41400
2021-09-24,45.900001525878906,46.97999954223633,45.900001525878906,46.54999923706055,38500
2021-09-27,46.599998474121094,48.630001068115234,46.599998474121094,48.20000076293945,40000
2021-09-28,48.380001068115234,48.380001068115234,46.810001373291016,47.470001220703125,37300
2021-09-29,47.689998626708984,48.439998626708984,47.209999084472656,48.31999969482422,43800
2021-09-30,48.560001373291016,48.560001373291016,46.970001220703125,47.2400016784668,47100
2021-10-01,47.15999984741211,48.61000061035156,47.15999984741211,48.34000015258789,52500
2021-10-04,48.369998931884766,49.0,47.83000183105469,48.150001525878906,34400
2021-10-05,48.400001525878906,48.54999923706055,47.75,48.439998626708984,16800
2021-10-06,47.939998626708984,48.13999938964844,47.349998474121094,47.959999084472656,31400
2021-10-07,48.349998474121094,48.81999969482422,47.959999084472656,48.790000915527344,28400
2021-10-08,48.90999984741211,49.119998931884766,48.65999984741211,48.790000915527344,15000
2021-10-11,48.93000030517578,48.97999954223633,48.04999923706055,48.15999984741211,17800
2021-10-12,48.04999923706055,48.36000061035156,47.68000030517578,48.11000061035156,22000
2021-10-13,48.11000061035156,48.11000061035156,47.27000045776367,47.709999084472656,22200
2021-10-14,48.25,48.34000015258789,48.0099983215332,48.25,28900
2021-10-15,49.0099983215332,49.0099983215332,48.04999923706055,48.04999923706055,43000
2021-10-18,47.97999954223633,48.22999954223633,47.5,47.560001373291016,31400
2021-10-19,47.720001220703125,47.81999969482422,47.150001525878906,47.81999969482422,30200
2021-10-20,47.65999984741211,48.720001220703125,47.52000045776367,48.65999984741211,32700
2021-10-21,48.45000076293945,48.65999984741211,48.209999084472656,48.459999084472656,29400
2021-10-22,48.689998626708984,49.939998626708984,48.689998626708984,49.560001373291016,38000
2021-10-25,49.869998931884766,49.93000030517578,49.279998779296875,49.65999984741211,40500
2021-10-26,49.79999923706055,49.79999923706055,48.75,48.959999084472656,31800
2021-10-27,48.619998931884766,48.810001373291016,47.400001525878906,47.619998931884766,39300
2021-10-28,47.79999923706055,48.630001068115234,47.61000061035156,48.310001373291016,29100
2021-10-29,48.5099983215332,49.310001373291016,47.970001220703125,48.279998779296875,41500
2021-11-01,48.189998626708984,49.58000183105469,46.91999816894531,49.5,42500
2021-11-02,49.25,49.25,48.4900016784668,48.75,39000
2021-11-03,48.52000045776367,50.2599983215332,48.52000045776367,49.93000030517578,48300
2021-11-04,50.119998931884766,50.119998931884766,48.70000076293945,49.16999816894531,35000
2021-11-05,49.720001220703125,51.20000076293945,49.720001220703125,50.58000183105469,38700
2021-11-08,50.97999954223633,51.0,50.189998626708984,50.560001373291016,22500
2021-11-09,50.29999923706055,50.720001220703125,49.810001373291016,50.65999984741211,23100
2021-11-10,50.61000061035156,50.959999084472656,49.689998626708984,50.70000076293945,23700
2021-11-11,50.91999816894531,50.939998626708984,50.380001068115234,50.849998474121094,29800
2021-11-12,51.0,51.0,49.9900016784668,50.2400016784668,29300
2021-11-15,50.4900016784668,50.4900016784668,49.970001220703125,50.36000061035156,25600
2021-11-16,49.68000030517578,50.47999954223633,49.68000030517578,50.060001373291016,32800
2021-11-17,49.86000061035156,49.9900016784668,49.400001525878906,49.810001373291016,29700
2021-11-18,49.959999084472656,50.189998626708984,49.52000045776367,50.060001373291016,50500
2021-11-19,49.5,49.619998931884766,49.040000915527344,49.209999084472656,27800
2021-11-22,49.68000030517578,50.7599983215332,49.540000915527344,49.77000045776367,42300
2021-11-23,50.150001525878906,50.849998474121094,50.150001525878906,50.65999984741211,26500
2021-11-24,50.529998779296875,50.529998779296875,49.90999984741211,49.93000030517578,15300
2021-11-26,48.47999954223633,48.4900016784668,46.2599983215332,46.7400016784668,40300
2021-11-29,47.619998931884766,47.619998931884766,46.529998779296875,46.720001220703125,49300
2021-11-30,45.93000030517578,46.81999969482422,45.90999984741211,46.25,60100
2021-12-01,47.29999923706055,47.970001220703125,46.400001525878906,46.400001525878906,57800
2021-12-02,46.939998626708984,48.63999938964844,46.810001373291016,48.16999816894531,39000
2021-12-03,48.310001373291016,48.310001373291016,47.25,47.470001220703125,33300
2021-12-06,47.93000030517578,49.099998474121094,47.93000030517578,48.529998779296875,46100
2021-12-07,48.91999816894531,48.91999816894531,47.31999969482422,47.4900016784668,28600
2021-12-08,47.68000030517578,47.97999954223633,47.119998931884766,47.849998474121094,43600
2021-12-09,47.38999938964844,47.849998474121094,47.029998779296875,47.11000061035156,29400
2021-12-10,47.540000915527344,47.720001220703125,46.65999984741211,47.400001525878906,30600
2021-12-13,47.33000183105469,47.65999984741211,46.68000030517578,47.20000076293945,53900
2021-12-14,47.2400016784668,48.439998626708984,46.060001373291016,47.939998626708984,62700
2021-12-15,48.34000015258789,49.08000183105469,47.91999816894531,48.290000915527344,61700
2021-12-16,48.900001525878906,49.72999954223633,48.4900016784668,48.810001373291016,40200
2021-12-17,48.720001220703125,48.72999954223633,47.40999984741211,47.79999923706055,154700
2021-12-20,47.09000015258789,47.90999984741211,46.04999923706055,46.939998626708984,37200
2021-12-21,47.560001373291016,48.40999984741211,47.560001373291016,47.9900016784668,28500
2021-12-22,47.84000015258789,48.2400016784668,47.099998474121094,48.189998626708984,22100
2021-12-23,48.56999969482422,48.779998779296875,48.29999923706055,48.400001525878906,14400
2021-12-27,48.400001525878906,49.08000183105469,48.08000183105469,48.90999984741211,16400
2021-12-28,48.689998626708984,49.2400016784668,48.43000030517578,48.79999923706055,26800
2021-12-29,48.900001525878906,49.130001068115234,48.779998779296875,49.02000045776367,15800
2021-12-30,49.04999923706055,49.689998626708984,48.54999923706055,48.689998626708984,29200
2021-12-31,48.88999938964844,49.66999816894531,48.77000045776367,49.599998474121094,38800
2022-01-03,49.779998779296875,50.91999816894531,49.470001220703125,49.9900016784668,51600
2022-01-04,50.47999954223633,51.349998474121094,50.47999954223633,50.70000076293945,42500
2022-01-05,51.220001220703125,51.79999923706055,50.97999954223633,51.060001373291016,51500
2022-01-06,51.470001220703125,52.5,51.34000015258789,52.43000030517578,49700
2022-01-07,52.470001220703125,52.61000061035156,52.0,52.220001220703125,68700
2022-01-10,52.29999923706055,52.5,51.65999984741211,52.150001525878906,52600
2022-01-11,52.41999816894531,52.41999816894531,51.16999816894531,51.77000045776367,43800
2022-01-12,51.15999984741211,52.029998779296875,51.15999984741211,51.47999954223633,34100
2022-01-13,51.720001220703125,52.400001525878906,51.720001220703125,52.150001525878906,32200
2022-01-14,51.70000076293945,52.59000015258789,51.599998474121094,52.59000015258789,34300
2022-01-18,52.369998931884766,52.70000076293945,51.75,51.790000915527344,44600
2022-01-19,52.09000015258789,52.209999084472656,51.130001068115234,51.29999923706055,32000
2022-01-20,50.91999816894531,51.970001220703125,50.04999923706055,50.27000045776367,44100
2022-01-21,48.380001068115234,50.2400016784668,48.380001068115234,48.59000015258789,55800
2022-01-24,48.59000015258789,51.18000030517578,48.27000045776367,51.130001068115234,65300
2022-01-25,50.84000015258789,51.25,49.70000076293945,50.869998931884766,35800
2022-01-26,51.29999923706055,52.150001525878906,49.59000015258789,50.27000045776367,41000
2022-01-27,49.91999816894531,51.09000015258789,48.88999938964844,49.13999938964844,38800
2022-01-28,49.38999938964844,49.38999938964844,47.970001220703125,49.150001525878906,36200
2022-01-31,49.13999938964844,49.88999938964844,48.5,49.880001068115234,57100
2022-02-01,49.54999923706055,49.91999816894531,48.97999954223633,49.90999984741211,43100
2022-02-02,49.869998931884766,49.869998931884766,48.970001220703125,49.380001068115234,39100
2022-02-03,49.380001068115234,50.20000076293945,49.11000061035156,49.5,29400
2022-02-04,49.650001525878906,50.060001373291016,49.0,49.70000076293945,24900
2022-02-07,49.540000915527344,49.650001525878906,49.08000183105469,49.619998931884766,30500
2022-02-08,49.83000183105469,50.880001068115234,49.79999923706055,50.72999954223633,33600
2022-02-09,50.849998474121094,50.849998474121094,49.11000061035156,49.2400016784668,35300
2022-02-10,49.33000183105469,49.470001220703125,48.52000045776367,48.88999938964844,37900
2022-02-11,48.720001220703125,49.689998626708984,48.720001220703125,49.06999969482422,27900
2022-02-14,49.459999084472656,49.56999969482422,48.25,48.70000076293945,42100
2022-02-15,48.95000076293945,49.900001525878906,48.95000076293945,49.66999816894531,29700
2022-02-16,49.70000076293945,50.060001373291016,49.369998931884766,49.83000183105469,24000
2022-02-17,49.41999816894531,49.5,48.83000183105469,49.08000183105469,30600
2022-02-18,48.9900016784668,49.650001525878906,48.9900016784668,49.36000061035156,27200
2022-02-22,49.33000183105469,49.79999923706055,48.7400016784668,49.06999969482422,34800
2022-02-23,49.5,49.5,48.900001525878906,48.9900016784668,48400
2022-02-24,48.0,48.119998931884766,46.11000061035156,47.540000915527344,49400
2022-02-25,47.81999969482422,48.90999984741211,47.81999969482422,48.75,48900
2022-02-28,47.939998626708984,48.47999954223633,47.91999816894531,48.290000915527344,44800
2022-03-01,47.970001220703125,48.099998474121094,45.779998779296875,46.220001220703125,88600
2022-03-02,46.599998474121094,48.47999954223633,46.599998474121094,48.119998931884766,38700
2022-03-03,48.36000061035156,48.93000030517578,47.79999923706055,48.72999954223633,47200
2022-03-04,48.060001373291016,48.09000015258789,47.47999954223633,47.900001525878906,33900
2022-03-07,47.810001373291016,48.119998931884766,47.029998779296875,47.369998931884766,64200
2022-03-08,47.47999954223633,48.22999954223633,46.93000030517578,47.619998931884766,58000
2022-03-09,48.56999969482422,48.59000015258789,47.88999938964844,48.13999938964844,35200
2022-03-10,47.779998779296875,48.4900016784668,47.63999938964844,48.41999816894531,33300
2022-03-11,48.7400016784668,49.459999084472656,48.66999816894531,48.790000915527344,51800
2022-03-14,49.400001525878906,50.34000015258789,49.099998474121094,49.349998474121094,76800
2022-03-15,49.66999816894531,49.880001068115234,48.81999969482422,49.310001373291016,34500
2022-03-16,49.689998626708984,50.13999938964844,49.59000015258789,50.0099983215332,44900
2022-03-17,49.630001068115234,49.720001220703125,48.93000030517578,49.529998779296875,44800
2022-03-18,49.529998779296875,49.529998779296875,48.04999923706055,48.720001220703125,160300
2022-03-21,49.0099983215332,49.09000015258789,48.2599983215332,48.36000061035156,53200
2022-03-22,48.7599983215332,49.369998931884766,48.75,48.970001220703125,44700
2022-03-23,48.63999938964844,48.869998931884766,47.56999969482422,47.689998626708984,37400
2022-03-24,47.849998474121094,48.02000045776367,47.439998626708984,47.66999816894531,48600
2022-03-25,47.560001373291016,48.72999954223633,47.560001373291016,48.58000183105469,24000
2022-03-28,48.52000045776367,48.52000045776367,47.47999954223633,47.970001220703125,20200
2022-03-29,48.45000076293945,49.06999969482422,47.90999984741211,48.58000183105469,29200
2022-03-30,48.650001525878906,48.650001525878906,46.470001220703125,46.619998931884766,76800
2022-03-31,46.959999084472656,47.38999938964844,46.11000061035156,46.25,41600
2022-04-01,46.36000061035156,48.0099983215332,46.18000030517578,46.38999938964844,51200
2022-04-04,46.279998779296875,46.279998779296875,45.529998779296875,45.630001068115234,56600
2022-04-05,45.56999969482422,45.900001525878906,45.220001220703125,45.220001220703125,24100
2022-04-06,45.220001220703125,45.41999816894531,44.619998931884766,44.75,36300
2022-04-07,45.150001525878906,45.150001525878906,43.970001220703125,44.279998779296875,41600
2022-04-08,44.59000015258789,44.599998474121094,43.720001220703125,43.75,42600
2022-04-11,43.95000076293945,44.380001068115234,43.68000030517578,43.91999816894531,40700
2022-04-12,43.95000076293945,44.459999084472656,43.65999984741211,43.7400016784668,32600
2022-04-13,43.529998779296875,44.189998626708984,43.38999938964844,44.189998626708984,32100
2022-04-14,44.27000045776367,44.5,43.81999969482422,44.2400016784668,55300
2022-04-18,44.0099983215332,44.75,44.0099983215332,44.560001373291016,81900
2022-04-19,45.0,45.81999969482422,44.970001220703125,45.63999938964844,35900
2022-04-20,45.779998779296875,46.75,45.779998779296875,46.529998779296875,43300
2022-04-21,46.25,47.2599983215332,46.18000030517578,46.79999923706055,80900
2022-04-22,46.72999954223633,46.97999954223633,45.84000015258789,45.959999084472656,50200
2022-04-25,45.900001525878906,46.529998779296875,45.0099983215332,46.34000015258789,59100
2022-04-26,46.04999923706055,46.45000076293945,45.0099983215332,45.189998626708984,79600
2022-04-27,45.2599983215332,45.65999984741211,44.0,44.20000076293945,60500
2022-04-28,44.709999084472656,44.88999938964844,43.63999938964844,44.540000915527344,67900
2022-04-29,44.72999954223633,44.72999954223633,42.939998626708984,43.27000045776367,71500
2022-05-02,42.939998626708984,43.790000915527344,42.290000915527344,42.849998474121094,105800
2022-05-03,42.869998931884766,43.5,42.47999954223633,43.380001068115234,62800
2022-05-04,43.540000915527344,44.54999923706055,43.150001525878906,44.43000030517578,55100
2022-05-05,44.209999084472656,44.5,43.25,43.9900016784668,54500
2022-05-06,44.29999923706055,44.869998931884766,43.04999923706055,43.66999816894531,70900
2022-05-09,43.29999923706055,44.529998779296875,43.29999923706055,44.369998931884766,103100
2022-05-10,44.45000076293945,45.77000045776367,43.72999954223633,44.220001220703125,90400
2022-05-11,44.47999954223633,47.040000915527344,44.0,44.209999084472656,76700
2022-05-12,44.15999984741211,44.540000915527344,43.650001525878906,44.40999984741211,64600
2022-05-13,44.52000045776367,44.9900016784668,43.459999084472656,43.4900016784668,75800
2022-05-16,43.31999969482422,43.709999084472656,42.849998474121094,43.27000045776367,56300
2022-05-17,43.70000076293945,44.38999938964844,43.65999984741211,44.220001220703125,58200
2022-05-18,43.83000183105469,44.099998474121094,43.619998931884766,43.86000061035156,61600
2022-05-19,43.4900016784668,43.93000030517578,43.380001068115234,43.400001525878906,66200
2022-05-20,43.630001068115234,43.90999984741211,43.20000076293945,43.81999969482422,59000
2022-05-23,44.18000030517578,44.970001220703125,44.18000030517578,44.779998779296875,66700
2022-05-24,44.689998626708984,45.0099983215332,44.040000915527344,45.0099983215332,45400
2022-05-25,45.369998931884766,45.63999938964844,45.0,45.11000061035156,46800
2022-05-26,45.40999984741211,45.86000061035156,45.29999923706055,45.47999954223633,43100
2022-05-27,45.4900016784668,46.08000183105469,45.4900016784668,46.02000045776367,32000
2022-05-31,45.7400016784668,47.22999954223633,45.439998626708984,47.02000045776367,147200
2022-06-01,46.9900016784668,47.400001525878906,46.15999984741211,46.939998626708984,76600
2022-06-02,46.81999969482422,47.45000076293945,46.31999969482422,47.349998474121094,55800
2022-06-03,47.29999923706055,47.540000915527344,46.93000030517578,47.310001373291016,62200
2022-06-06,47.7400016784668,48.209999084472656,47.630001068115234,48.09000015258789,67700
2022-06-07,47.689998626708984,48.41999816894531,47.52000045776367,48.290000915527344,94300
2022-06-08,48.0,48.13999938964844,46.68000030517578,46.90999984741211,54300
2022-06-09,46.849998474121094,46.849998474121094,45.900001525878906,46.04999923706055,41600
2022-06-10,45.650001525878906,45.7599983215332,45.09000015258789,45.43000030517578,55000
2022-06-13,44.79999923706055,45.7400016784668,44.790000915527344,45.119998931884766,49500
2022-06-14,45.08000183105469,46.220001220703125,44.61000061035156,45.349998474121094,62500
2022-06-15,45.540000915527344,45.790000915527344,44.959999084472656,45.09000015258789,70600
2022-06-16,45.209999084472656,45.209999084472656,43.95000076293945,44.630001068115234,58400
2022-06-17,44.90999984741211,45.689998626708984,42.959999084472656,44.709999084472656,121000
2022-06-21,45.119998931884766,45.7599983215332,44.93000030517578,45.54999923706055,49400
2022-06-22,45.20000076293945,45.70000076293945,45.189998626708984,45.47999954223633,49400
2022-06-23,45.560001373291016,45.709999084472656,44.279998779296875,44.720001220703125,49000
2022-06-24,44.81999969482422,46.86000061035156,44.81999969482422,46.61000061035156,218200
2022-06-27,46.599998474121094,46.90999984741211,45.900001525878906,45.939998626708984,36200
2022-06-28,46.150001525878906,46.630001068115234,45.91999816894531,45.939998626708984,28700
2022-06-29,46.040000915527344,46.040000915527344,45.36000061035156,45.36000061035156,30000
2022-06-30,44.93000030517578,45.439998626708984,44.61000061035156,45.400001525878906,46900
2022-07-01,45.290000915527344,46.13999938964844,45.279998779296875,46.04999923706055,43600
2022-07-05,45.54999923706055,45.93000030517578,44.650001525878906,45.63999938964844,37700
2022-07-06,45.36000061035156,45.66999816894531,45.150001525878906,45.34000015258789,57500
2022-07-07,45.720001220703125,46.08000183105469,45.220001220703125,45.25,39100
2022-07-08,45.18000030517578,45.36000061035156,44.689998626708984,44.970001220703125,33500
2022-07-11,44.810001373291016,45.83000183105469,44.810001373291016,45.25,51400
2022-07-12,45.0,45.720001220703125,44.529998779296875,44.70000076293945,34100
2022-07-13,44.36000061035156,44.400001525878906,43.43000030517578,43.66999816894531,33200
2022-07-14,43.189998626708984,44.45000076293945,42.380001068115234,43.18000030517578,39500
2022-07-15,43.95000076293945,44.52000045776367,43.79999923706055,44.0,66900
2022-07-18,44.150001525878906,45.08000183105469,44.150001525878906,44.279998779296875,38800
2022-07-19,44.58000183105469,45.41999816894531,44.58000183105469,45.119998931884766,83300
2022-07-20,45.099998474121094,45.209999084472656,44.54999923706055,45.150001525878906,70300
2022-07-21,44.86000061035156,45.66999816894531,44.619998931884766,45.029998779296875,34500
2022-07-22,44.810001373291016,46.310001373291016,44.7599983215332,46.18000030517578,98000
2022-07-25,46.189998626708984,47.400001525878906,46.189998626708984,47.209999084472656,43500
2022-07-26,47.209999084472656,48.41999816894531,47.150001525878906,48.40999984741211,52000
2022-07-27,48.459999084472656,48.72999954223633,48.11000061035156,48.349998474121094,42600
2022-07-28,48.56999969482422,48.56999969482422,47.7400016784668,48.18000030517578,55100
2022-07-29,48.380001068115234,48.52000045776367,47.779998779296875,48.220001220703125,84700
2022-08-01,47.790000915527344,48.41999816894531,47.2599983215332,48.220001220703125,44600
2022-08-02,48.08000183105469,48.189998626708984,47.38999938964844,47.38999938964844,27600
2022-08-03,47.54999923706055,47.88999938964844,46.77000045776367,47.5099983215332,28300
2022-08-04,47.63999938964844,47.63999938964844,47.04999923706055,47.349998474121094,28900
2022-08-05,47.20000076293945,47.709999084472656,47.119998931884766,47.4900016784668,26900
2022-08-08,47.720001220703125,47.970001220703125,47.31999969482422,47.599998474121094,31200
2022-08-09,47.79999923706055,48.040000915527344,47.459999084472656,47.9900016784668,22400
2022-08-10,48.33000183105469,48.84000015258789,48.25,48.560001373291016,30400
2022-08-11,48.97999954223633,49.04999923706055,48.540000915527344,49.0099983215332,32100
2022-08-12,49.34000015258789,49.689998626708984,48.970001220703125,49.619998931884766,50400
2022-08-15,49.45000076293945,50.119998931884766,49.13999938964844,50.040000915527344,37500
2022-08-16,50.2400016784668,51.0,50.2400016784668,50.810001373291016,47000
2022-08-17,50.63999938964844,50.91999816894531,50.310001373291016,50.83000183105469,29000
2022-08-18,50.720001220703125,51.0099983215332,50.38999938964844,50.93000030517578,37900
2022-08-19,50.83000183105469,51.290000915527344,50.599998474121094,51.119998931884766,56000
2022-08-22,50.849998474121094,50.90999984741211,50.08000183105469,50.43000030517578,74800
2022-08-23,50.38999938964844,50.43000030517578,49.2599983215332,49.2599983215332,32500
2022-08-24,49.459999084472656,49.459999084472656,48.52000045776367,48.779998779296875,31000
2022-08-25,48.970001220703125,49.310001373291016,48.880001068115234,49.310001373291016,23800
2022-08-26,49.560001373291016,49.560001373291016,48.459999084472656,48.7400016784668,40700
2022-08-29,48.310001373291016,48.400001525878906,47.83000183105469,47.86000061035156,24800
2022-08-30,47.75,49.52000045776367,47.369998931884766,47.790000915527344,38000
2022-08-31,47.66999816894531,47.75,47.189998626708984,47.189998626708984,37900
2022-09-01,47.09000015258789,47.45000076293945,46.81999969482422,47.279998779296875,38500
2022-09-02,47.56999969482422,47.84000015258789,46.68000030517578,47.040000915527344,28300
2022-09-06,47.29999923706055,47.40999984741211,46.5,46.779998779296875,40100
2022-09-07,46.70000076293945,47.720001220703125,46.70000076293945,47.619998931884766,44700
2022-09-08,47.310001373291016,47.86000061035156,47.20000076293945,47.720001220703125,25600
2022-09-09,48.150001525878906,48.36000061035156,47.720001220703125,48.16999816894531,35400
2022-09-12,48.20000076293945,48.560001373291016,48.040000915527344,48.560001373291016,33200
2022-09-13,48.209999084472656,48.209999084472656,46.79999923706055,47.18000030517578,43700
2022-09-14,47.029998779296875,47.439998626708984,46.900001525878906,47.43000030517578,32600
2022-09-15,47.27000045776367,48.02000045776367,46.970001220703125,47.83000183105469,41400
2022-09-16,47.689998626708984,48.38999938964844,46.90999984741211,48.33000183105469,118000
2022-09-19,47.83000183105469,49.40999984741211,47.83000183105469,49.25,40700
2022-09-20,48.939998626708984,49.380001068115234,48.900001525878906,49.18000030517578,36700
2022-09-21,49.400001525878906,49.720001220703125,48.81999969482422,48.81999969482422,34500
2022-09-22,48.880001068115234,49.15999984741211,47.720001220703125,48.029998779296875,32500
2022-09-23,47.619998931884766,47.970001220703125,47.310001373291016,47.83000183105469,34700
2022-09-26,47.689998626708984,48.40999984741211,47.630001068115234,47.79999923706055,47800
2022-09-27,47.95000076293945,47.95000076293945,46.84000015258789,47.02000045776367,35600
2022-09-28,47.119998931884766,47.720001220703125,46.86000061035156,47.54999923706055,48000
2022-09-29,47.099998474121094,47.20000076293945,46.5,46.7400016784668,34800
2022-09-30,46.709999084472656,47.349998474121094,46.20000076293945,46.29999923706055,51900
2022-10-03,46.43000030517578,47.599998474121094,46.400001525878906,47.31999969482422,33500
2022-10-04,47.5,48.70000076293945,47.5,48.650001525878906,34300
2022-10-05,48.31999969482422,48.72999954223633,47.95000076293945,48.2599983215332,40800
2022-10-06,48.119998931884766,48.38999938964844,47.959999084472656,48.279998779296875,40600
2022-10-07,48.119998931884766,48.119998931884766,47.130001068115234,47.61000061035156,96600
2022-10-10,47.619998931884766,48.189998626708984,47.619998931884766,48.0099983215332,35600
2022-10-11,47.939998626708984,48.459999084472656,47.720001220703125,48.029998779296875,35400
2022-10-12,47.9900016784668,48.59000015258789,47.59000015258789,48.04999923706055,26600
2022-10-13,47.77000045776367,50.880001068115234,47.45000076293945,50.7400016784668,54400
2022-10-14,50.7599983215332,51.15999984741211,49.70000076293945,49.7599983215332,52800
2022-10-17,50.45000076293945,51.189998626708984,50.16999816894531,51.15999984741211,54000
2022-10-18,51.439998626708984,51.849998474121094,50.529998779296875,51.0,52800
2022-10-19,50.66999816894531,51.22999954223633,50.11000061035156,51.209999084472656,43800
2022-10-20,50.880001068115234,51.04999923706055,49.18000030517578,49.86000061035156,42400
2022-10-21,52.18000030517578,55.939998626708984,52.150001525878906,55.88999938964844,104000
2022-10-24,56.0,57.88999938964844,55.5099983215332,57.56999969482422,64700
2022-10-25,57.25,59.150001525878906,57.25,58.619998931884766,81500
2022-10-26,58.95000076293945,59.91999816894531,58.4900016784668,58.97999954223633,69800
2022-10-27,59.119998931884766,59.939998626708984,55.68000030517578,58.130001068115234,70800
2022-10-28,58.15999984741211,59.11000061035156,57.97999954223633,58.70000076293945,82400
2022-10-31,58.04999923706055,58.63999938964844,57.93000030517578,58.15999984741211,76500
2022-11-01,58.529998779296875,59.310001373291016,58.5,58.70000076293945,50600
2022-11-02,58.47999954223633,58.650001525878906,56.7599983215332,57.08000183105469,67800
2022-11-03,56.70000076293945,56.70000076293945,55.27000045776367,56.11000061035156,36700
2022-11-04,56.56999969482422,57.68000030517578,56.150001525878906,57.61000061035156,33600
2022-11-07,57.880001068115234,58.150001525878906,57.0,57.75,48000
2022-11-08,58.04999923706055,58.4900016784668,57.0,57.09000015258789,38200
2022-11-09,57.09000015258789,57.380001068115234,56.41999816894531,56.68000030517578,32500
2022-11-10,57.88999938964844,59.41999816894531,57.849998474121094,59.130001068115234,55100
2022-11-11,59.130001068115234,59.369998931884766,56.9900016784668,56.9900016784668,45900
2022-11-14,56.939998626708984,57.7400016784668,56.720001220703125,56.939998626708984,36600
2022-11-15,57.540000915527344,58.0,57.13999938964844,57.56999969482422,42800
2022-11-16,57.79999923706055,57.79999923706055,56.75,57.25,65300
2022-11-17,57.040000915527344,57.22999954223633,56.630001068115234,57.130001068115234,33200
2022-11-18,57.880001068115234,57.97999954223633,57.11000061035156,57.2400016784668,55700
2022-11-21,57.40999984741211,57.66999816894531,56.970001220703125,57.29999923706055,49800
2022-11-22,57.70000076293945,57.869998931884766,57.130001068115234,57.2400016784668,34500
2022-11-23,57.4900016784668,57.9900016784668,56.709999084472656,56.709999084472656,21700
2022-11-25,57.09000015258789,57.18000030517578,56.88999938964844,57.060001373291016,11800
2022-11-28,56.9900016784668,57.130001068115234,56.209999084472656,56.290000915527344,22500
2022-11-29,56.400001525878906,56.54999923706055,56.15999984741211,56.189998626708984,19900
2022-11-30,56.33000183105469,57.11000061035156,55.22999954223633,57.099998474121094,55400
2022-12-01,57.279998779296875,57.279998779296875,56.25,56.439998626708984,67600
2022-12-02,56.040000915527344,56.599998474121094,55.220001220703125,56.349998474121094,33300
2022-12-05,56.029998779296875,56.43000030517578,53.630001068115234,54.630001068115234,38000
2022-12-06,54.88999938964844,57.189998626708984,54.119998931884766,54.70000076293945,42000
2022-12-07,54.689998626708984,54.84000015258789,54.02000045776367,54.189998626708984,33300
2022-12-08,54.13999938964844,54.45000076293945,53.72999954223633,53.939998626708984,18600
2022-12-09,53.86000061035156,54.08000183105469,53.27000045776367,54.08000183105469,17600
2022-12-12,53.970001220703125,54.41999816894531,53.02000045776367,54.310001373291016,28100
2022-12-13,54.75,55.09000015258789,54.400001525878906,54.869998931884766,47600
2022-12-14,54.56999969482422,54.91999816894531,54.0,54.29999923706055,43600
2022-12-15,53.650001525878906,54.119998931884766,52.95000076293945,53.13999938964844,38900
2022-12-16,53.08000183105469,54.0,52.59000015258789,52.970001220703125,121400
2022-12-19,53.27000045776367,54.54999923706055,52.189998626708984,53.349998474121094,60500
2022-12-20,53.47999954223633,53.63999938964844,52.97999954223633,53.31999969482422,50500
2022-12-21,53.86000061035156,54.369998931884766,53.66999816894531,54.0099983215332,26900
2022-12-22,53.849998474121094,54.4900016784668,53.08000183105469,54.060001373291016,51700
2022-12-23,54.09000015258789,54.65999984741211,53.630001068115234,54.2599983215332,28000
2022-12-27,54.439998626708984,54.439998626708984,53.5,53.9900016784668,31400
2022-12-28,53.90999984741211,54.02000045776367,53.2599983215332,53.33000183105469,27900
2022-12-29,53.599998474121094,53.83000183105469,53.2400016784668,53.52000045776367,35900
2022-12-30,53.43000030517578,53.43000030517578,52.63999938964844,53.09000015258789,55400
2023-01-03,53.09000015258789,53.58000183105469,52.11000061035156,52.77000045776367,39500
2023-01-04,52.900001525878906,53.66999816894531,52.66999816894531,52.779998779296875,40300
2023-01-05,52.34000015258789,52.34000015258789,51.459999084472656,52.09000015258789,39900
2023-01-06,52.599998474121094,53.849998474121094,52.599998474121094,53.81999969482422,47200
2023-01-09,53.779998779296875,53.779998779296875,51.72999954223633,51.900001525878906,54700
2023-01-10,52.02000045776367,52.630001068115234,51.849998474121094,52.45000076293945,51700
2023-01-11,52.529998779296875,52.720001220703125,52.290000915527344,52.5099983215332,40500
2023-01-12,52.779998779296875,53.7599983215332,52.58000183105469,53.54999923706055,34500
2023-01-13,53.0099983215332,53.779998779296875,52.7400016784668,53.630001068115234,33100
2023-01-17,53.630001068115234,53.630001068115234,52.709999084472656,53.15999984741211,44600
2023-01-18,53.0,53.0,51.33000183105469,51.47999954223633,40800
2023-01-19,51.27000045776367,51.27000045776367,50.220001220703125,50.650001525878906,41200
2023-01-20,51.90999984741211,51.90999984741211,45.470001220703125,46.61000061035156,108000
2023-01-23,46.959999084472656,48.7599983215332,46.959999084472656,48.279998779296875,97000
2023-01-24,48.09000015258789,49.34000015258789,47.849998474121094,48.40999984741211,48700
2023-01-25,48.40999984741211,48.40999984741211,47.54999923706055,47.599998474121094,36700
2023-01-26,47.95000076293945,47.95000076293945,47.33000183105469,47.84000015258789,29500
2023-01-27,47.52000045776367,48.43000030517578,47.52000045776367,48.20000076293945,39600
2023-01-30,48.13999938964844,48.81999969482422,48.13999938964844,48.36000061035156,28600
2023-01-31,48.29999923706055,49.22999954223633,48.29999923706055,49.189998626708984,66900
2023-02-01,49.18000030517578,49.97999954223633,49.02000045776367,49.47999954223633,93300
2023-02-02,49.529998779296875,50.18000030517578,48.77000045776367,50.18000030517578,48100
2023-02-03,49.650001525878906,50.939998626708984,49.25,50.869998931884766,45400
2023-02-06,50.880001068115234,51.189998626708984,49.869998931884766,50.369998931884766,40700
2023-02-07,50.0,51.029998779296875,49.88999938964844,50.7400016784668,38100
2023-02-08,50.540000915527344,51.029998779296875,49.959999084472656,50.16999816894531,30800
2023-02-09,50.40999984741211,50.40999984741211,49.29999923706055,49.650001525878906,30000
2023-02-10,49.720001220703125,49.790000915527344,49.25,49.66999816894531,22400
2023-02-13,49.86000061035156,50.09000015258789,49.599998474121094,50.08000183105469,26300
2023-02-14,49.72999954223633,51.83000183105469,48.93000030517578,49.310001373291016,34000
2023-02-15,49.0099983215332,49.869998931884766,49.0099983215332,49.77000045776367,28600
2023-02-16,49.65999984741211,49.869998931884766,49.22999954223633,49.61000061035156,36700
2023-02-17,49.849998474121094,50.209999084472656,49.470001220703125,50.119998931884766,45700
2023-02-21,49.7599983215332,49.7599983215332,49.13999938964844,49.2400016784668,66800
2023-02-22,49.5,49.58000183105469,48.86000061035156,49.150001525878906,40400
2023-02-23,49.2400016784668,49.68000030517578,49.209999084472656,49.41999816894531,38800
2023-02-24,48.959999084472656,49.5,48.7599983215332,49.41999816894531,48100
2023-02-27,49.77000045776367,50.060001373291016,49.36000061035156,49.81999969482422,40400
2023-02-28,49.81999969482422,50.349998474121094,49.56999969482422,49.81999969482422,51100
2023-03-01,49.5099983215332,49.70000076293945,49.11000061035156,49.560001373291016,57000
2023-03-02,49.27000045776367,49.619998931884766,48.970001220703125,49.40999984741211,55200
2023-03-03,49.45000076293945,49.900001525878906,49.04999923706055,49.75,37700
2023-03-06,50.0,50.0,49.22999954223633,49.5099983215332,31200
2023-03-07,49.45000076293945,49.45000076293945,48.880001068115234,49.279998779296875,58400
2023-03-08,49.150001525878906,49.29999923706055,48.5,48.900001525878906,43900
2023-03-09,48.689998626708984,48.689998626708984,46.709999084472656,47.0,59200
2023-03-10,46.5099983215332,47.810001373291016,45.27000045776367,47.25,92300
2023-03-13,46.20000076293945,48.2599983215332,43.5,46.290000915527344,124100
2023-03-14,48.040000915527344,49.65999984741211,46.380001068115234,46.959999084472656,93100
2023-03-15,45.2400016784668,46.90999984741211,44.060001373291016,46.58000183105469,89500
2023-03-16,46.099998474121094,48.84000015258789,45.52000045776367,48.22999954223633,82900
2023-03-17,47.7400016784668,47.7400016784668,44.970001220703125,45.099998474121094,243300
2023-03-20,45.599998474121094,46.7400016784668,45.0099983215332,45.13999938964844,91100
2023-03-21,45.779998779296875,47.02000045776367,45.779998779296875,46.650001525878906,73600
2023-03-22,46.54999923706055,47.0,44.130001068115234,44.130001068115234,56500
2023-03-23,44.380001068115234,44.75,42.97999954223633,43.5,61600
2023-03-24,43.11000061035156,45.0,42.849998474121094,44.91999816894531,55900
2023-03-27,45.599998474121094,45.939998626708984,44.97999954223633,45.11000061035156,45400
2023-03-28,44.81999969482422,45.33000183105469,43.97999954223633,44.119998931884766,63300
2023-03-29,44.27000045776367,44.61000061035156,43.380001068115234,43.689998626708984,84700
2023-03-30,43.7599983215332,43.959999084472656,42.5,42.86000061035156,47000
2023-03-31,42.970001220703125,43.52000045776367,42.599998474121094,43.150001525878906,93500
2023-04-03,43.2599983215332,43.65999984741211,42.90999984741211,43.279998779296875,64200
2023-04-04,43.5099983215332,43.5099983215332,42.040000915527344,43.11000061035156,102000
2023-04-05,42.880001068115234,43.400001525878906,42.790000915527344,43.15999984741211,52600
2023-04-06,42.959999084472656,43.41999816894531,42.849998474121094,43.40999984741211,53500
2023-04-10,43.380001068115234,44.65999984741211,43.380001068115234,44.18000030517578,128100
2023-04-11,44.150001525878906,44.150001525878906,43.65999984741211,43.720001220703125,54300
2023-04-12,43.880001068115234,43.88999938964844,43.16999816894531,43.439998626708984,40200
2023-04-13,43.56999969482422,44.4900016784668,43.2599983215332,43.90999984741211,49300
2023-04-14,44.20000076293945,44.400001525878906,43.04999923706055,43.36000061035156,72400
2023-04-17,43.11000061035156,43.5099983215332,42.5,43.5,95800
2023-04-18,43.689998626708984,43.72999954223633,42.040000915527344,42.4900016784668,83100
2023-04-19,42.560001373291016,43.68000030517578,42.5,43.650001525878906,60200
2023-04-20,43.63999938964844,43.63999938964844,42.88999938964844,43.43000030517578,49100
2023-04-21,42.849998474121094,43.65999984741211,42.47999954223633,43.61000061035156,80000
2023-04-24,43.349998474121094,44.31999969482422,43.349998474121094,43.9900016784668,80600
2023-04-25,43.45000076293945,43.689998626708984,42.47999954223633,42.66999816894531,78100
2023-04-26,42.40999984741211,42.56999969482422,41.11000061035156,41.84000015258789,46100
2023-04-27,41.970001220703125,42.209999084472656,41.66999816894531,41.79999923706055,49100
2023-04-28,41.93000030517578,42.43000030517578,41.52000045776367,41.68000030517578,83300
2023-05-01,41.560001373291016,42.130001068115234,41.02000045776367,41.20000076293945,94500
2023-05-02,40.97999954223633,41.11000061035156,39.369998931884766,40.36000061035156,96400
2023-05-03,40.540000915527344,41.599998474121094,40.47999954223633,40.52000045776367,82100
2023-05-04,40.0099983215332,40.61000061035156,38.77000045776367,40.25,84300
2023-05-05,40.959999084472656,42.619998931884766,40.869998931884766,42.540000915527344,119200
2023-05-08,42.58000183105469,42.58000183105469,41.040000915527344,41.349998474121094,89400
2023-05-09,41.220001220703125,41.63999938964844,40.529998779296875,41.13999938964844,60000
2023-05-10,41.63999938964844,41.77000045776367,40.439998626708984,41.439998626708984,73400
2023-05-11,40.959999084472656,41.84000015258789,40.959999084472656,41.400001525878906,60300
2023-05-12,41.72999954223633,41.72999954223633,40.779998779296875,41.400001525878906,84300
2023-05-15,41.41999816894531,42.150001525878906,41.29999923706055,41.47999954223633,64100
2023-05-16,41.380001068115234,41.95000076293945,40.79999923706055,41.47999954223633,76400
2023-05-17,41.93000030517578,43.68000030517578,41.93000030517578,43.66999816894531,56800
2023-05-18,43.56999969482422,43.56999969482422,42.29999923706055,42.369998931884766,103200
2023-05-19,42.939998626708984,42.959999084472656,41.0,41.54999923706055,75200
2023-05-22,41.86000061035156,42.209999084472656,41.38999938964844,42.13999938964844,56400
2023-05-23,42.25,43.970001220703125,42.119998931884766,43.27000045776367,78600
2023-05-24,43.2400016784668,43.2400016784668,42.650001525878906,43.060001373291016,63700
2023-05-25,42.810001373291016,43.029998779296875,42.0099983215332,42.16999816894531,54400
2023-05-26,42.36000061035156,42.66999816894531,41.880001068115234,42.65999984741211,35400
2023-05-30,42.65999984741211,42.66999816894531,42.09000015258789,42.27000045776367,47500
2023-05-31,42.31999969482422,42.31999969482422,40.810001373291016,41.130001068115234,54600
2023-06-01,41.220001220703125,42.31999969482422,40.959999084472656,41.849998474121094,36200
2023-06-02,42.290000915527344,44.400001525878906,42.0099983215332,44.400001525878906,62500
2023-06-05,44.2599983215332,44.2599983215332,42.470001220703125,43.040000915527344,37400
2023-06-06,42.91999816894531,45.709999084472656,42.91999816894531,45.5,73100
2023-06-07,45.779998779296875,47.939998626708984,43.970001220703125,47.380001068115234,91700
2023-06-08,47.02000045776367,47.02000045776367,45.599998474121094,46.61000061035156,68500
2023-06-09,46.279998779296875,46.470001220703125,45.61000061035156,45.81999969482422,35900
2023-06-12,46.029998779296875,46.59000015258789,45.380001068115234,45.619998931884766,47900
2023-06-13,45.88999938964844,46.56999969482422,45.88999938964844,46.560001373291016,53800
2023-06-14,46.72999954223633,47.119998931884766,45.529998779296875,45.66999816894531,54700
2023-06-15,45.20000076293945,46.41999816894531,45.130001068115234,46.11000061035156,42500
2023-06-16,46.47999954223633,46.47999954223633,45.02000045776367,45.2599983215332,94200
2023-06-20,45.20000076293945,45.4900016784668,44.119998931884766,44.15999984741211,58400
2023-06-21,44.119998931884766,44.220001220703125,43.38999938964844,43.400001525878906,31800
2023-06-22,43.41999816894531,43.41999816894531,42.36000061035156,42.84000015258789,44300
2023-06-23,42.310001373291016,43.33000183105469,41.56999969482422,41.880001068115234,217000
2023-06-26,41.959999084472656,43.04999923706055,41.959999084472656,42.189998626708984,58400
2023-06-27,42.220001220703125,42.880001068115234,41.9900016784668,42.29999923706055,43900
2023-06-28,42.13999938964844,42.790000915527344,41.63999938964844,42.13999938964844,32900
2023-06-29,42.43000030517578,43.060001373291016,42.43000030517578,42.58000183105469,36900
2023-06-30,42.9900016784668,42.9900016784668,41.81999969482422,41.93000030517578,48500
2023-07-03,41.91999816894531,43.31999969482422,41.79999923706055,42.9900016784668,25600
2023-07-05,42.75,42.869998931884766,42.16999816894531,42.25,47200
2023-07-06,41.81999969482422,41.81999969482422,41.310001373291016,41.689998626708984,46200
2023-07-07,41.689998626708984,42.84000015258789,41.689998626708984,42.33000183105469,32900
2023-07-10,42.150001525878906,42.970001220703125,42.06999969482422,42.369998931884766,31700
2023-07-11,42.56999969482422,42.959999084472656,42.060001373291016,42.41999816894531,31900
2023-07-12,43.220001220703125,43.599998474121094,42.779998779296875,42.93000030517578,56700
2023-07-13,43.27000045776367,43.7400016784668,43.04999923706055,43.34000015258789,41700
2023-07-14,43.7400016784668,43.7400016784668,42.40999984741211,43.029998779296875,51000
2023-07-17,42.900001525878906,44.04999923706055,42.900001525878906,43.529998779296875,36600
2023-07-18,43.7400016784668,44.900001525878906,43.7400016784668,44.75,64400
2023-07-19,44.939998626708984,45.84000015258789,44.939998626708984,45.209999084472656,75100
2023-07-20,45.65999984741211,45.66999816894531,44.93000030517578,45.66999816894531,80100
2023-07-21,47.029998779296875,47.84000015258789,45.119998931884766,45.380001068115234,77300
2023-07-24,45.45000076293945,46.470001220703125,44.810001373291016,45.4900016784668,98900
2023-07-25,45.47999954223633,47.0,45.47999954223633,46.130001068115234,54800
2023-07-26,46.43000030517578,48.2400016784668,46.43000030517578,47.81999969482422,55200
2023-07-27,48.08000183105469,48.2599983215332,46.95000076293945,47.130001068115234,44700
2023-07-28,47.38999938964844,47.709999084472656,47.09000015258789,47.29999923706055,51900
2023-07-31,47.130001068115234,47.310001373291016,46.650001525878906,46.900001525878906,64300
2023-08-01,46.779998779296875,47.189998626708984,46.25,47.04999923706055,49100
2023-08-02,46.630001068115234,48.15999984741211,46.630001068115234,48.029998779296875,63500
2023-08-03,47.75,48.97999954223633,47.61000061035156,48.22999954223633,32100
2023-08-04,48.16999816894531,49.08000183105469,48.16999816894531,48.61000061035156,39000
2023-08-07,48.63999938964844,49.36000061035156,48.41999816894531,49.11000061035156,30200
2023-08-08,48.439998626708984,48.66999816894531,47.66999816894531,48.59000015258789,25800
2023-08-09,48.38999938964844,48.43000030517578,47.810001373291016,48.040000915527344,25900
2023-08-10,48.22999954223633,48.68000030517578,47.40999984741211,47.689998626708984,27500
2023-08-11,47.66999816894531,47.959999084472656,47.29999923706055,47.65999984741211,44100
2023-08-14,47.4900016784668,47.4900016784668,46.540000915527344,46.72999954223633,59100
2023-08-15,46.5,47.38999938964844,45.209999084472656,45.630001068115234,61300
2023-08-16,45.45000076293945,47.5,44.630001068115234,44.79999923706055,65600
2023-08-17,45.08000183105469,45.47999954223633,44.630001068115234,45.040000915527344,35200
2023-08-18,44.790000915527344,46.650001525878906,44.66999816894531,44.900001525878906,38100
2023-08-21,45.06999969482422,45.349998474121094,44.34000015258789,44.40999984741211,31600
2023-08-22,44.349998474121094,44.79999923706055,43.099998474121094,43.16999816894531,42400
2023-08-23,43.25,43.880001068115234,43.0,43.560001373291016,42600
2023-08-24,43.36000061035156,44.91999816894531,43.36000061035156,44.459999084472656,38300
2023-08-25,44.56999969482422,45.22999954223633,43.869998931884766,44.16999816894531,31400
2023-08-28,44.2599983215332,45.02000045776367,44.2599983215332,44.77000045776367,36900
2023-08-29,44.709999084472656,44.90999984741211,44.31999969482422,44.619998931884766,39800
2023-08-30,44.5,44.790000915527344,43.86000061035156,44.040000915527344,38500
2023-08-31,44.0099983215332,44.810001373291016,43.68000030517578,44.689998626708984,57900
2023-09-01,44.93000030517578,45.88999938964844,44.93000030517578,45.880001068115234,36700
2023-09-05,45.619998931884766,45.619998931884766,44.79999923706055,44.970001220703125,49800
2023-09-06,44.880001068115234,45.04999923706055,43.95000076293945,44.18000030517578,38400
2023-09-07,44.15999984741211,44.380001068115234,43.7599983215332,44.09000015258789,46500
2023-09-08,44.130001068115234,45.95000076293945,43.869998931884766,44.310001373291016,31200
2023-09-11,44.36000061035156,44.52000045776367,43.63999938964844,43.779998779296875,30200
2023-09-12,43.75,44.220001220703125,43.540000915527344,43.880001068115234,31700
2023-09-13,44.040000915527344,44.040000915527344,43.099998474121094,43.15999984741211,33800
2023-09-14,43.43000030517578,43.939998626708984,43.40999984741211,43.7400016784668,37500
2023-09-15,43.790000915527344,43.79999923706055,43.09000015258789,43.43000030517578,164800
2023-09-18,43.2599983215332,43.2599983215332,42.41999816894531,42.43000030517578,30000
2023-09-19,42.34000015258789,42.66999816894531,42.25,42.36000061035156,33000
2023-09-20,42.58000183105469,42.720001220703125,42.04999923706055,42.099998474121094,24700
2023-09-21,41.93000030517578,42.43000030517578,41.779998779296875,42.0099983215332,31600
2023-09-22,42.08000183105469,42.08000183105469,41.47999954223633,41.56999969482422,26800
2023-09-25,41.540000915527344,42.13999938964844,41.540000915527344,42.04999923706055,31200
2023-09-26,41.70000076293945,42.25,41.20000076293945,41.27000045776367,53600
2023-09-27,41.59000015258789,41.61000061035156,40.959999084472656,41.04999923706055,54200
2023-09-28,41.13999938964844,41.900001525878906,41.13999938964844,41.47999954223633,36700
2023-09-29,41.900001525878906,42.099998474121094,41.150001525878906,42.09000015258789,71800
2023-10-02,41.970001220703125,42.15999984741211,41.709999084472656,42.099998474121094,50300
2023-10-03,41.90999984741211,41.90999984741211,41.34000015258789,41.75,43200
2023-10-04,41.75,42.150001525878906,41.29999923706055,42.099998474121094,46500
2023-10-05,41.90999984741211,42.90999984741211,41.77000045776367,42.75,70300
2023-10-06,42.41999816894531,43.09000015258789,42.04999923706055,42.619998931884766,40800
2023-10-09,42.27000045776367,42.83000183105469,42.0099983215332,42.45000076293945,32000
2023-10-10,42.65999984741211,43.130001068115234,42.52000045776367,42.529998779296875,28100
2023-10-11,42.810001373291016,43.15999984741211,42.439998626708984,42.75,21800
2023-10-12,42.75,42.75,42.349998474121094,42.65999984741211,27600
2023-10-13,42.88999938964844,42.91999816894531,41.36000061035156,41.810001373291016,19700
2023-10-16,42.11000061035156,42.540000915527344,42.11000061035156,42.5099983215332,24600
2023-10-17,42.33000183105469,43.7400016784668,42.33000183105469,43.310001373291016,49200
2023-10-18,42.9900016784668,43.11000061035156,42.5099983215332,42.779998779296875,45200
2023-10-19,42.95000076293945,43.400001525878906,42.540000915527344,42.709999084472656,49200
2023-10-20,44.75,45.08000183105469,43.040000915527344,43.81999969482422,123200
2023-10-23,44.0,45.689998626708984,43.560001373291016,44.41999816894531,71600
2023-10-24,44.77000045776367,44.77000045776367,43.43000030517578,43.91999816894531,53000
2023-10-25,43.720001220703125,44.16999816894531,43.29999923706055,43.720001220703125,108200
2023-10-26,44.029998779296875,45.0,43.86000061035156,44.88999938964844,65200
2023-10-27,44.75,44.75,43.349998474121094,44.36000061035156,57400
2023-10-30,44.599998474121094,45.310001373291016,44.220001220703125,45.279998779296875,43100
2023-10-31,45.119998931884766,45.619998931884766,44.61000061035156,45.619998931884766,39600
2023-11-01,45.369998931884766,45.56999969482422,44.810001373291016,45.47999954223633,51400
2023-11-02,45.83000183105469,46.59000015258789,45.709999084472656,46.43000030517578,56300
2023-11-03,47.15999984741211,47.619998931884766,45.4900016784668,47.150001525878906,75900
2023-11-06,47.380001068115234,47.91999816894531,47.0,47.91999816894531,42000
2023-11-07,47.7400016784668,47.7400016784668,46.790000915527344,47.310001373291016,40300
2023-11-08,47.459999084472656,47.459999084472656,46.20000076293945,46.70000076293945,34100
2023-11-09,46.689998626708984,47.06999969482422,46.09000015258789,46.630001068115234,44900
2023-11-10,46.70000076293945,47.119998931884766,46.33000183105469,46.9900016784668,48200
2023-11-13,46.709999084472656,47.5,46.650001525878906,47.279998779296875,35000
2023-11-14,48.75,50.040000915527344,48.4900016784668,49.959999084472656,72800
2023-11-15,49.84000015258789,50.540000915527344,49.72999954223633,50.09000015258789,59800
2023-11-16,50.15999984741211,50.15999984741211,49.16999816894531,49.40999984741211,45200
2023-11-17,49.849998474121094,50.15999984741211,49.220001220703125,49.4900016784668,56700
2023-11-20,49.2599983215332,49.349998474121094,48.61000061035156,49.290000915527344,53800
2023-11-21,49.31999969482422,49.31999969482422,48.310001373291016,48.380001068115234,36100
2023-11-22,48.779998779296875,49.02000045776367,47.84000015258789,48.29999923706055,49800
2023-11-24,48.56999969482422,48.77000045776367,48.400001525878906,48.470001220703125,20100
2023-11-27,48.25,48.650001525878906,47.2400016784668,48.08000183105469,40900
2023-11-28,48.220001220703125,48.220001220703125,47.470001220703125,47.83000183105469,59600
2023-11-29,48.18000030517578,48.779998779296875,47.970001220703125,48.61000061035156,44700
2023-11-30,48.75,48.88999938964844,48.29999923706055,48.33000183105469,38800
2023-12-01,48.06999969482422,49.97999954223633,48.06999969482422,49.97999954223633,105800
2023-12-04,49.84000015258789,50.900001525878906,49.84000015258789,50.900001525878906,77700
2023-12-05,50.83000183105469,50.970001220703125,49.95000076293945,50.189998626708984,47000
2023-12-06,50.369998931884766,51.029998779296875,49.66999816894531,49.75,68700
2023-12-07,50.06999969482422,50.650001525878906,49.58000183105469,50.650001525878906,58100
2023-12-08,50.5099983215332,51.279998779296875,50.5099983215332,50.939998626708984,50600
2023-12-11,50.900001525878906,51.470001220703125,50.900001525878906,51.27000045776367,44400
2023-12-12,51.5,51.619998931884766,50.869998931884766,50.970001220703125,48000
2023-12-13,51.2599983215332,53.630001068115234,50.93000030517578,53.56999969482422,175300
2023-12-14,53.849998474121094,55.0,53.4900016784668,54.25,191400
2023-12-15,54.5099983215332,54.83000183105469,53.54999923706055,53.810001373291016,155600
2023-12-18,53.810001373291016,54.36000061035156,53.290000915527344,54.220001220703125,109900
2023-12-19,54.560001373291016,55.400001525878906,54.2599983215332,55.349998474121094,117200
2023-12-20,55.20000076293945,56.59000015258789,54.27000045776367,54.43000030517578,104300
2023-12-21,54.88999938964844,54.970001220703125,54.189998626708984,54.970001220703125,56900
2023-12-22,55.310001373291016,55.790000915527344,55.02000045776367,55.119998931884766,47300
2023-12-26,55.439998626708984,55.939998626708984,55.31999969482422,55.79999923706055,50600
2023-12-27,55.90999984741211,55.95000076293945,55.560001373291016,55.70000076293945,31900
2023-12-28,55.47999954223633,55.75,55.25,55.689998626708984,35500
2023-12-29,55.47999954223633,55.529998779296875,54.93000030517578,54.95000076293945,49800
2024-01-02,54.560001373291016,55.25,53.790000915527344,54.529998779296875,52300
2024-01-03,54.36000061035156,54.43000030517578,52.369998931884766,52.56999969482422,89900
2024-01-04,52.75,54.0099983215332,52.43000030517578,52.58000183105469,68500
2024-01-05,52.5099983215332,53.20000076293945,52.439998626708984,52.68000030517578,85100
2024-01-08,52.83000183105469,52.91999816894531,52.060001373291016,52.75,48300
2024-01-09,52.400001525878906,52.54999923706055,51.81999969482422,52.290000915527344,39300
2024-01-10,52.060001373291016,52.33000183105469,51.59000015258789,52.29999923706055,36200
2024-01-11,51.959999084472656,52.130001068115234,51.11000061035156,51.97999954223633,53100
2024-01-12,52.47999954223633,52.56999969482422,51.08000183105469,51.720001220703125,37600
2024-01-16,51.189998626708984,51.290000915527344,49.97999954223633,50.2400016784668,103500
2024-01-17,49.68000030517578,50.849998474121094,49.68000030517578,50.849998474121094,76700
2024-01-18,51.209999084472656,51.400001525878906,49.97999954223633,50.72999954223633,42300
2024-01-19,50.689998626708984,53.540000915527344,49.15999984741211,53.15999984741211,120200
2024-01-22,54.0,54.970001220703125,53.9900016784668,54.470001220703125,98000
2024-01-23,54.81999969482422,54.81999969482422,52.939998626708984,53.16999816894531,82300
2024-01-24,53.810001373291016,54.380001068115234,53.459999084472656,53.7400016784668,56200
2024-01-25,54.40999984741211,54.5,53.09000015258789,53.529998779296875,70400
2024-01-26,53.88999938964844,54.029998779296875,53.29999923706055,53.7400016784668,39800
2024-01-29,53.77000045776367,54.29999923706055,53.529998779296875,54.29999923706055,42300
2024-01-30,54.09000015258789,54.75,53.70000076293945,54.7400016784668,53800
2024-01-31,54.709999084472656,55.099998474121094,52.27000045776367,52.27000045776367,108400
2024-02-01,52.720001220703125,52.720001220703125,50.40999984741211,51.93000030517578,66800
2024-02-02,50.79999923706055,51.540000915527344,49.97999954223633,51.0099983215332,70800
2024-02-05,50.41999816894531,50.61000061035156,49.630001068115234,49.939998626708984,37000
2024-02-06,49.959999084472656,50.720001220703125,49.7400016784668,49.84000015258789,73800
2024-02-07,50.16999816894531,50.16999816894531,48.59000015258789,49.540000915527344,42300
2024-02-08,49.61000061035156,49.90999984741211,49.22999954223633,49.90999984741211,127800
2024-02-09,50.2400016784668,51.15999984741211,49.56999969482422,51.0099983215332,51900
2024-02-12,50.79999923706055,52.61000061035156,50.79999923706055,51.86000061035156,55200
2024-02-13,50.33000183105469,50.95000076293945,48.650001525878906,49.189998626708984,97900
2024-02-14,49.70000076293945,50.13999938964844,49.08000183105469,49.97999954223633,54800
2024-02-15,50.439998626708984,52.209999084472656,50.06999969482422,51.869998931884766,68500
2024-02-16,51.29999923706055,51.59000015258789,50.459999084472656,50.810001373291016,48900
2024-02-20,50.2599983215332,51.08000183105469,50.04999923706055,50.40999984741211,49600
2024-02-21,50.400001525878906,50.560001373291016,50.0,50.310001373291016,32700
2024-02-22,50.130001068115234,50.380001068115234,49.650001525878906,50.040000915527344,50300
2024-02-23,49.900001525878906,50.439998626708984,49.709999084472656,49.709999084472656,38700
2024-02-26,49.599998474121094,49.95000076293945,49.09000015258789,49.72999954223633,66300
2024-02-27,49.91999816894531,50.45000076293945,49.11000061035156,49.41999816894531,43400
2024-02-28,49.130001068115234,49.439998626708984,48.790000915527344,48.9900016784668,43600
2024-02-29,49.77000045776367,50.45000076293945,49.150001525878906,49.779998779296875,45300
2024-03-01,49.4900016784668,49.4900016784668,48.33000183105469,48.61000061035156,78900
2024-03-04,48.9900016784668,51.650001525878906,48.9900016784668,51.2400016784668,94400
2024-03-05,51.11000061035156,52.5099983215332,51.11000061035156,51.689998626708984,64300
2024-03-06,51.83000183105469,52.40999984741211,50.79999923706055,51.630001068115234,76200
2024-03-07,52.06999969482422,52.61000061035156,51.619998931884766,51.84000015258789,51900
2024-03-08,51.939998626708984,52.439998626708984,51.45000076293945,51.459999084472656,66500
2024-03-11,51.5,52.66999816894531,51.33000183105469,51.779998779296875,49300
2024-03-12,51.619998931884766,51.869998931884766,50.59000015258789,51.13999938964844,47600
2024-03-13,51.0,52.189998626708984,50.61000061035156,50.79999923706055,66400
2024-03-14,50.81999969482422,50.81999969482422,49.209999084472656,49.400001525878906,88100
2024-03-15,49.209999084472656,50.5099983215332,49.209999084472656,49.72999954223633,276400
2024-03-18,49.58000183105469,49.83000183105469,48.36000061035156,48.689998626708984,100500
2024-03-19,48.84000015258789,49.5099983215332,48.31999969482422,48.7400016784668,71900
2024-03-20,48.939998626708984,51.2400016784668,48.7599983215332,50.79999923706055,69200
2024-03-21,51.04999923706055,51.15999984741211,50.40999984741211,50.810001373291016,51800
2024-03-22,51.02000045776367,51.02000045776367,50.09000015258789,50.25,28800
2024-03-25,50.15999984741211,50.70000076293945,49.63999938964844,49.779998779296875,40100
2024-03-26,50.04999923706055,50.369998931884766,49.630001068115234,50.22999954223633,54500
2024-03-27,50.13999938964844,51.65999984741211,50.13999938964844,51.65999984741211,53100
2024-03-28,51.439998626708984,52.599998474121094,51.43000030517578,52.41999816894531,113400
2024-04-01,52.369998931884766,52.369998931884766,51.11000061035156,51.439998626708984,48100
2024-04-02,50.86000061035156,51.29999923706055,50.0099983215332,50.20000076293945,65400
2024-04-03,50.0,50.290000915527344,49.7599983215332,50.02000045776367,41700
2024-04-04,50.439998626708984,51.2400016784668,50.34000015258789,50.40999984741211,42800
2024-04-05,50.189998626708984,50.529998779296875,50.119998931884766,50.33000183105469,31400
2024-04-08,50.439998626708984,51.04999923706055,50.439998626708984,50.880001068115234,36400
2024-04-09,51.09000015258789,51.209999084472656,50.81999969482422,51.099998474121094,25400
2024-04-10,49.97999954223633,49.97999954223633,48.130001068115234,48.66999816894531,76700
2024-04-11,49.119998931884766,49.16999816894531,48.09000015258789,48.439998626708984,89000
2024-04-12,47.97999954223633,48.5099983215332,47.939998626708984,48.290000915527344,96800
2024-04-15,48.65999984741211,48.970001220703125,48.0,48.56999969482422,57800
2024-04-16,48.2400016784668,48.43000030517578,47.79999923706055,47.939998626708984,48400
2024-04-17,48.25,48.599998474121094,47.65999984741211,47.7599983215332,49100
2024-04-18,47.709999084472656,48.36000061035156,47.29999923706055,47.959999084472656,55400
2024-04-19,47.720001220703125,50.060001373291016,47.619998931884766,50.0099983215332,107000
2024-04-22,49.810001373291016,50.630001068115234,49.810001373291016,50.150001525878906,44400
2024-04-23,50.0099983215332,51.290000915527344,50.0099983215332,50.77000045776367,42600
2024-04-24,50.58000183105469,50.9900016784668,50.220001220703125,50.959999084472656,41500
2024-04-25,51.540000915527344,51.540000915527344,50.279998779296875,51.13999938964844,65700
2024-04-26,50.93000030517578,51.20000076293945,48.90999984741211,49.31999969482422,87000
2024-04-29,49.849998474121094,50.93000030517578,49.83000183105469,50.20000076293945,61100
2024-04-30,50.0,50.0,49.15999984741211,49.599998474121094,71400
2024-05-01,49.599998474121094,51.209999084472656,49.599998474121094,50.599998474121094,35800
2024-05-02,50.790000915527344,51.77000045776367,50.7599983215332,51.63999938964844,42100
2024-05-03,52.04999923706055,52.04999923706055,51.290000915527344,51.45000076293945,43800
2024-05-06,51.880001068115234,52.31999969482422,51.65999984741211,51.70000076293945,47500
2024-05-07,51.7599983215332,52.099998474121094,51.349998474121094,51.369998931884766,37100
2024-05-08,50.95000076293945,51.79999923706055,50.91999816894531,51.5,38600
2024-05-09,51.619998931884766,52.540000915527344,51.2400016784668,52.2400016784668,47600
2024-05-10,52.41999816894531,52.630001068115234,51.63999938964844,52.400001525878906,40500
2024-05-13,52.7400016784668,52.91999816894531,51.86000061035156,51.869998931884766,52500
2024-05-14,52.34000015258789,52.560001373291016,52.04999923706055,52.20000076293945,36000
2024-05-15,52.7599983215332,53.0,52.40999984741211,52.560001373291016,38800
2024-05-16,52.34000015258789,52.970001220703125,52.29999923706055,52.68000030517578,34400
2024-05-17,52.959999084472656,53.36000061035156,52.56999969482422,52.720001220703125,36000
2024-05-20,52.900001525878906,52.91999816894531,51.599998474121094,51.650001525878906,50500
2024-05-21,51.47999954223633,51.88999938964844,51.400001525878906,51.83000183105469,26700
2024-05-22,51.83000183105469,52.02000045776367,51.08000183105469,51.5099983215332,41000
2024-05-23,51.470001220703125,51.470001220703125,50.08000183105469,50.20000076293945,45300
2024-05-24,50.4900016784668,50.65999984741211,49.689998626708984,50.54999923706055,51800
2024-05-28,51.0,53.34000015258789,50.58000183105469,50.91999816894531,69600
2024-05-29,50.060001373291016,50.290000915527344,49.54999923706055,49.81999969482422,53000
2024-05-30,50.38999938964844,51.06999969482422,50.209999084472656,50.47999954223633,50200
2024-05-31,50.65999984741211,51.41999816894531,50.33000183105469,51.41999816894531,53600
2024-06-03,51.66999816894531,51.66999816894531,50.75,50.959999084472656,28600
2024-06-04,50.27000045776367,50.7599983215332,50.27000045776367,50.349998474121094,40600
2024-06-05,50.47999954223633,51.209999084472656,50.400001525878906,51.189998626708984,46000
2024-06-06,50.849998474121094,51.189998626708984,50.63999938964844,51.08000183105469,33000
2024-06-07,50.650001525878906,51.040000915527344,50.650001525878906,50.72999954223633,26400
2024-06-10,50.189998626708984,50.189998626708984,49.369998931884766,49.52000045776367,45200
2024-06-11,49.029998779296875,49.72999954223633,48.970001220703125,49.47999954223633,53400
2024-06-12,50.7599983215332,51.810001373291016,50.4900016784668,50.959999084472656,46000
2024-06-13,50.619998931884766,50.619998931884766,49.66999816894531,50.09000015258789,36500
2024-06-14,49.43000030517578,49.619998931884766,49.06999969482422,49.36000061035156,30300
2024-06-17,49.13999938964844,50.47999954223633,49.13999938964844,50.439998626708984,32600
2024-06-18,50.2400016784668,50.849998474121094,50.2400016784668,50.459999084472656,47900
2024-06-20,50.15999984741211,50.630001068115234,49.779998779296875,49.900001525878906,76300
2024-06-21,49.97999954223633,50.5,49.689998626708984,50.40999984741211,154100
2024-06-24,50.52000045776367,51.20000076293945,50.34000015258789,50.43000030517578,75000
2024-06-25,50.52000045776367,50.7400016784668,50.27000045776367,50.34000015258789,64900
2024-06-26,49.880001068115234,51.52000045776367,49.779998779296875,51.16999816894531,58400
2024-06-27,51.2400016784668,51.97999954223633,51.2400016784668,51.880001068115234,45700
2024-06-28,52.33000183105469,53.7400016784668,52.33000183105469,53.619998931884766,489700
2024-07-01,53.47999954223633,53.90999984741211,53.16999816894531,53.47999954223633,66700
2024-07-02,53.4900016784668,54.310001373291016,53.130001068115234,54.310001373291016,50600
2024-07-03,54.099998474121094,54.099998474121094,52.939998626708984,52.959999084472656,23800
2024-07-05,52.79999923706055,52.849998474121094,52.11000061035156,52.279998779296875,27000
2024-07-08,52.59000015258789,52.9900016784668,52.2599983215332,52.45000076293945,52500
2024-07-09,52.38999938964844,52.83000183105469,52.099998474121094,52.75,48300
2024-07-10,52.88999938964844,54.20000076293945,51.79999923706055,54.15999984741211,113100
2024-07-11,55.0,56.810001373291016,54.849998474121094,56.04999923706055,128100
2024-07-12,56.72999954223633,57.400001525878906,56.20000076293945,56.779998779296875,90400
2024-07-15,57.4900016784668,59.29999923706055,57.4900016784668,58.959999084472656,163700
2024-07-16,59.09000015258789,61.689998626708984,59.060001373291016,61.560001373291016,138800
2024-07-17,60.72999954223633,62.79999923706055,60.72999954223633,62.560001373291016,148100
2024-07-18,61.529998779296875,61.779998779296875,59.869998931884766,60.16999816894531,109000
2024-07-19,60.22999954223633,60.7599983215332,59.36000061035156,59.599998474121094,259800
2024-07-22,59.790000915527344,61.290000915527344,59.0,60.869998931884766,105000
2024-07-23,60.40999984741211,62.41999816894531,60.150001525878906,61.97999954223633,167200
2024-07-24,61.58000183105469,62.68000030517578,60.88999938964844,61.0,95300
2024-07-25,60.95000076293945,63.43000030517578,60.95000076293945,62.38999938964844,161400
2024-07-26,64.55000305175781,65.62999725341797,62.43000030517578,65.47000122070312,195900
2024-07-29,64.05999755859375,64.0999984741211,62.720001220703125,63.470001220703125,160300
2024-07-30,64.04000091552734,64.69000244140625,63.099998474121094,64.52999877929688,122000
2024-07-31,64.66000366210938,64.69999694824219,63.400001525878906,63.54999923706055,119100
2024-08-01,63.540000915527344,63.540000915527344,60.880001068115234,62.4900016784668,127200
2024-08-02,60.18000030517578,61.099998474121094,59.81999969482422,60.93000030517578,86100
2024-08-05,58.189998626708984,59.59000015258789,57.0,57.72999954223633,134300
2024-08-06,57.709999084472656,58.619998931884766,57.41999816894531,57.81999969482422,99300
2024-08-07,58.43000030517578,58.540000915527344,56.91999816894531,57.130001068115234,82400
2024-08-08,57.869998931884766,58.20000076293945,57.20000076293945,57.47999954223633,81200
2024-08-09,57.439998626708984,57.5099983215332,56.630001068115234,57.040000915527344,98800
2024-08-12,57.400001525878906,57.79999923706055,56.130001068115234,56.29999923706055,59000
2024-08-13,56.900001525878906,57.189998626708984,56.060001373291016,57.18000030517578,60300
2024-08-14,57.31999969482422,57.31999969482422,56.0099983215332,56.61000061035156,41900
2024-08-15,57.959999084472656,58.47999954223633,57.27000045776367,57.40999984741211,86800
2024-08-16,57.34000015258789,58.86000061035156,56.939998626708984,57.81999969482422,84100
2024-08-19,58.2400016784668,58.939998626708984,57.709999084472656,58.7599983215332,126600
2024-08-20,58.66999816894531,58.66999816894531,57.810001373291016,58.099998474121094,63300
2024-08-21,58.439998626708984,58.599998474121094,57.41999816894531,57.880001068115234,56600
2024-08-22,57.95000076293945,58.5,57.650001525878906,58.22999954223633,50000
2024-08-23,58.650001525878906,62.11000061035156,58.349998474121094,61.15999984741211,90000
2024-08-26,61.529998779296875,62.29999923706055,60.959999084472656,61.119998931884766,86800
2024-08-27,60.900001525878906,60.900001525878906,60.290000915527344,60.81999969482422,39900
2024-08-28,60.83000183105469,61.58000183105469,60.349998474121094,60.970001220703125,77200
2024-08-29,61.4900016784668,61.5,60.650001525878906,60.84000015258789,33400
2024-08-30,61.31999969482422,61.52000045776367,60.720001220703125,61.45000076293945,62700
2024-09-03,61.099998474121094,61.45000076293945,60.70000076293945,61.099998474121094,57300
2024-09-04,61.220001220703125,61.220001220703125,59.68000030517578,59.79999923706055,73000
2024-09-05,60.150001525878906,60.18000030517578,58.97999954223633,59.0099983215332,62800
2024-09-06,59.2599983215332,59.47999954223633,57.90999984741211,58.209999084472656,70200
2024-09-09,58.34000015258789,59.220001220703125,58.0,58.13999938964844,65300
2024-09-10,58.459999084472656,58.630001068115234,57.310001373291016,58.599998474121094,56200
2024-09-11,58.150001525878906,58.150001525878906,56.33000183105469,57.599998474121094,89900
2024-09-12,57.91999816894531,58.220001220703125,57.349998474121094,57.93000030517578,56900
2024-09-13,58.65999984741211,59.41999816894531,58.4900016784668,59.34000015258789,46400
2024-09-16,59.630001068115234,59.97999954223633,58.959999084472656,59.63999938964844,46000
2024-09-17,60.189998626708984,61.189998626708984,59.599998474121094,59.91999816894531,58600
2024-09-18,59.77000045776367,61.72999954223633,59.220001220703125,60.27000045776367,82000
2024-09-19,61.709999084472656,61.709999084472656,60.5099983215332,61.02000045776367,82900
2024-09-20,60.7400016784668,60.86000061035156,60.02000045776367,60.290000915527344,200100
2024-09-23,60.43000030517578,60.439998626708984,59.4900016784668,59.630001068115234,42100
2024-09-24,59.61000061035156,59.61000061035156,58.63999938964844,58.790000915527344,50500
2024-09-25,58.93000030517578,59.22999954223633,58.0,58.130001068115234,55300
2024-09-26,58.709999084472656,59.470001220703125,58.040000915527344,58.36000061035156,56000
2024-09-27,58.9900016784668,59.099998474121094,58.0,58.209999084472656,51200
2024-09-30,58.20000076293945,60.0,58.09000015258789,59.880001068115234,59900
2024-10-01,59.52000045776367,59.52000045776367,57.61000061035156,57.779998779296875,62100
2024-10-02,57.31999969482422,58.43000030517578,57.040000915527344,57.66999816894531,58600
2024-10-03,57.560001373291016,58.11000061035156,57.18000030517578,57.86000061035156,59300
2024-10-04,58.58000183105469,59.08000183105469,58.290000915527344,58.7599983215332,57800
2024-10-07,58.41999816894531,58.83000183105469,57.959999084472656,58.650001525878906,52600
2024-10-08,58.90999984741211,59.31999969482422,58.33000183105469,58.400001525878906,63100
2024-10-09,58.380001068115234,59.66999816894531,58.380001068115234,59.13999938964844,61000
2024-10-10,58.58000183105469,59.369998931884766,58.38999938964844,58.97999954223633,76100
2024-10-11,59.220001220703125,60.779998779296875,59.220001220703125,60.060001373291016,152300
2024-10-14,60.060001373291016,60.90999984741211,59.689998626708984,60.18000030517578,105100
2024-10-15,60.5099983215332,61.869998931884766,59.45000076293945,60.66999816894531,113500
2024-10-16,61.27000045776367,61.970001220703125,60.86000061035156,61.560001373291016,143900
2024-10-17,61.41999816894531,62.58000183105469,61.130001068115234,62.54999923706055,75200
2024-10-18,62.599998474121094,62.599998474121094,61.5099983215332,61.849998474121094,76600
2024-10-21,62.029998779296875,62.029998779296875,59.369998931884766,59.56999969482422,71100
2024-10-22,59.56999969482422,59.959999084472656,59.18000030517578,59.88999938964844,65600
2024-10-23,59.38999938964844,59.779998779296875,58.88999938964844,59.689998626708984,40900
2024-10-24,59.7599983215332,59.7599983215332,58.61000061035156,59.4900016784668,87500
2024-10-25,60.27000045776367,60.27000045776367,57.08000183105469,57.470001220703125,88400
2024-10-28,58.470001220703125,60.439998626708984,58.470001220703125,60.22999954223633,65200
2024-10-29,59.790000915527344,60.81999969482422,59.790000915527344,60.560001373291016,58200
2024-10-30,60.470001220703125,62.119998931884766,60.470001220703125,60.939998626708984,49500
2024-10-31,60.810001373291016,60.880001068115234,59.22999954223633,59.22999954223633,60200
2024-11-01,59.790000915527344,60.06999969482422,58.9900016784668,59.45000076293945,41800
2024-11-04,58.93000030517578,59.25,57.91999816894531,58.91999816894531,60800
2024-11-05,58.61000061035156,60.310001373291016,58.310001373291016,60.27000045776367,82500
2024-11-06,65.33999633789062,67.69000244140625,64.20999908447266,67.29000091552734,243100
2024-11-07,66.58999633789062,66.75,64.38999938964844,64.47000122070312,96000
2024-11-08,65.0,65.4800033569336,64.73999786376953,65.1500015258789,49400
2024-11-11,66.05999755859375,67.55000305175781,65.91999816894531,66.94000244140625,61700
2024-11-12,66.75,67.36000061035156,65.97000122070312,67.01000213623047,86600
2024-11-13,67.69999694824219,67.73999786376953,65.66000366210938,66.01000213623047,126100
2024-11-14,66.19999694824219,66.58000183105469,64.9000015258789,65.44999694824219,76800
2024-11-15,65.80000305175781,66.22000122070312,64.16000366210938,64.91999816894531,64600
2024-11-18,65.30000305175781,66.33999633789062,64.1500015258789,64.27999877929688,42200
2024-11-19,63.29999923706055,64.36000061035156,63.29999923706055,64.30000305175781,43000
2024-11-20,64.08999633789062,64.31999969482422,63.400001525878906,64.22000122070312,52200
2024-11-21,64.77999877929688,65.9000015258789,64.36000061035156,65.0199966430664,62400
2024-11-22,65.19000244140625,66.43000030517578,64.91999816894531,66.29000091552734,64300
2024-11-25,67.08999633789062,68.12999725341797,66.08999633789062,66.19000244140625,118500
2024-11-26,65.94000244140625,66.27999877929688,65.01000213623047,65.22000122070312,56300
2024-11-27,65.54000091552734,66.0999984741211,64.6500015258789,64.88999938964844,64000
2024-11-29,65.2300033569336,65.33000183105469,64.18000030517578,64.88999938964844,57600
2024-12-02,65.19999694824219,65.38999938964844,64.04000091552734,64.70999908447266,74800
2024-12-03,64.94000244140625,64.94000244140625,63.86000061035156,64.18000030517578,65900
2024-12-04,64.16999816894531,65.0199966430664,64.02999877929688,65.0199966430664,111600
2024-12-05,65.08999633789062,65.41000366210938,64.29000091552734,64.44999694824219,44600
2024-12-06,64.54000091552734,64.55999755859375,63.4900016784668,64.16999816894531,48100
2024-12-09,64.37000274658203,64.56999969482422,63.45000076293945,63.709999084472656,54800
2024-12-10,63.349998474121094,64.77999877929688,63.08000183105469,63.91999816894531,66800
2024-12-11,64.7699966430664,65.26000213623047,63.45000076293945,64.23999786376953,74500
2024-12-12,64.27999877929688,64.4000015258789,63.34000015258789,63.599998474121094,43600
2024-12-13,63.7599983215332,64.18000030517578,62.70000076293945,63.33000183105469,39100
2024-12-16,63.41999816894531,63.959999084472656,63.060001373291016,63.70000076293945,48700
2024-12-17,63.220001220703125,63.65999984741211,61.959999084472656,62.38999938964844,53600
2024-12-18,62.900001525878906,63.0,58.66999816894531,59.16999816894531,85700
2024-12-19,59.75,61.029998779296875,58.869998931884766,59.310001373291016,80600
2024-12-20,58.61000061035156,60.099998474121094,58.61000061035156,59.150001525878906,194300
2024-12-23,58.86000061035156,59.33000183105469,58.65999984741211,59.13999938964844,57100
2024-12-24,59.220001220703125,59.45000076293945,58.599998474121094,59.45000076293945,26800
2024-12-26,59.13999938964844,59.72999954223633,58.75,59.650001525878906,36200
2024-12-27,59.209999084472656,59.849998474121094,58.119998931884766,58.63999938964844,33200
2024-12-30,58.43000030517578,58.84000015258789,57.90999984741211,58.61000061035156,42900
2024-12-31,58.9900016784668,59.34000015258789,58.31999969482422,58.380001068115234,48300
2025-01-02,58.869998931884766,59.29999923706055,57.40999984741211,57.77000045776367,50600
2025-01-03,57.81999969482422,58.29999923706055,56.65999984741211,57.75,74100
2025-01-06,57.86000061035156,58.470001220703125,57.33000183105469,57.5,48100
2025-01-07,57.58000183105469,57.72999954223633,56.209999084472656,56.810001373291016,67200
2025-01-08,56.529998779296875,56.9900016784668,56.0,56.9900016784668,45500
2025-01-10,56.04999923706055,56.04999923706055,54.20000076293945,54.90999984741211,70700
2025-01-13,54.529998779296875,55.939998626708984,53.22999954223633,55.84000015258789,74000
2025-01-14,56.04999923706055,57.380001068115234,56.04999923706055,57.36000061035156,54500
2025-01-15,58.88999938964844,59.08000183105469,57.47999954223633,57.959999084472656,45000
2025-01-16,57.84000015258789,57.849998474121094,56.77000045776367,57.5,53700
2025-01-17,58.0099983215332,58.38999938964844,57.33000183105469,57.849998474121094,59200
2025-01-21,58.349998474121094,58.83000183105469,57.939998626708984,58.06999969482422,64300
2025-01-22,57.630001068115234,57.650001525878906,57.08000183105469,57.27000045776367,49700
2025-01-23,57.22999954223633,57.83000183105469,57.06999969482422,57.54999923706055,83700
2025-01-24,57.11000061035156,57.72999954223633,55.91999816894531,57.529998779296875,82500
2025-01-27,58.54999923706055,62.9900016784668,58.4900016784668,61.90999984741211,149800
2025-01-28,61.5099983215332,62.09000015258789,60.88999938964844,61.810001373291016,75200
2025-01-29,62.119998931884766,63.18000030517578,60.97999954223633,61.86000061035156,88600
2025-01-30,62.4900016784668,63.81999969482422,62.29999923706055,62.869998931884766,75400
2025-01-31,62.56999969482422,63.869998931884766,62.11000061035156,62.720001220703125,86500
2025-02-03,62.09000015258789,62.93000030517578,60.900001525878906,62.58000183105469,124500
2025-02-04,62.11000061035156,64.5199966430664,62.060001373291016,64.5199966430664,68300
2025-02-05,64.94999694824219,65.4000015258789,63.790000915527344,64.95999908447266,72200
2025-02-06,65.06999969482422,65.75,64.7699966430664,65.73999786376953,68900
2025-02-07,65.73999786376953,66.2699966430664,63.709999084472656,65.20999908447266,101300
2025-02-10,65.2699966430664,66.33999633789062,63.95000076293945,65.81999969482422,254800
2025-02-11,65.29000091552734,67.7699966430664,64.66999816894531,67.6500015258789,161400
2025-02-12,66.62000274658203,66.97000122070312,65.81999969482422,66.27999877929688,137100
2025-02-13,66.11000061035156,67.13999938964844,65.81999969482422,66.80999755859375,106200
2025-02-14,66.87000274658203,67.55000305175781,66.08999633789062,66.36000061035156,54800
2025-02-18,65.55000305175781,66.97000122070312,64.43000030517578,66.47000122070312,70000
2025-02-19,65.88999938964844,66.30000305175781,65.4000015258789,65.5999984741211,59300
2025-02-20,65.2300033569336,65.45999908447266,63.900001525878906,65.0199966430664,83800
2025-02-21,65.5999984741211,65.5999984741211,63.79999923706055,63.83000183105469,70500
2025-02-24,64.37999725341797,65.05999755859375,63.810001373291016,64.30000305175781,102000
2025-02-25,65.36000061035156,65.93000030517578,64.6500015258789,64.94000244140625,89100
2025-02-26,64.93000030517578,65.2699966430664,63.45000076293945,64.1500015258789,64900
2025-02-27,63.939998626708984,64.44000244140625,63.7400016784668,64.29000091552734,51000
2025-02-28,64.31999969482422,65.29000091552734,64.06999969482422,64.9000015258789,89600
2025-03-03,64.83000183105469,65.5,64.01000213623047,64.80000305175781,96000
2025-03-04,64.5199966430664,64.98999786376953,62.86000061035156,62.88999938964844,92100
2025-03-05,63.029998779296875,63.900001525878906,62.279998779296875,63.099998474121094,77900
2025-03-06,62.75,62.75,61.720001220703125,62.38999938964844,96500
2025-03-07,62.59000015258789,62.880001068115234,61.4900016784668,62.72999954223633,62300
2025-03-10,61.900001525878906,62.15999984741211,60.380001068115234,60.45000076293945,105100
2025-03-11,60.79999923706055,61.2400016784668,59.380001068115234,59.45000076293945,131900
2025-03-12,59.84000015258789,60.790000915527344,59.5,60.130001068115234,59200
2025-03-13,60.16999816894531,61.29999923706055,59.880001068115234,59.97999954223633,56200
2025-03-14,60.599998474121094,61.18000030517578,60.34000015258789,61.09000015258789,77800
2025-03-17,61.459999084472656,63.720001220703125,61.27000045776367,62.779998779296875,153600
2025-03-18,62.369998931884766,62.56999969482422,61.66999816894531,62.189998626708984,106300
2025-03-19,62.36000061035156,63.029998779296875,61.689998626708984,62.279998779296875,130100
2025-03-20,62.040000915527344,62.9900016784668,61.56999969482422,61.66999816894531,122300
2025-03-21,61.38999938964844,61.65999984741211,60.7599983215332,61.5,743700
2025-03-24,62.7599983215332,63.79999923706055,61.59000015258789,62.22999954223633,126300
2025-03-25,62.20000076293945,62.349998474121094,61.47999954223633,61.52000045776367,81600
2025-03-26,61.779998779296875,62.529998779296875,61.16999816894531,61.40999984741211,81100
2025-03-27,61.61000061035156,61.959999084472656,60.970001220703125,61.279998779296875,71100
2025-03-28,61.08000183105469,61.08000183105469,59.5,60.25,87000
2025-03-31,59.33000183105469,60.29999923706055,58.7400016784668,59.810001373291016,86500
2025-04-01,59.20000076293945,60.86000061035156,58.81999969482422,59.869998931884766,82800
2025-04-02,59.29999923706055,60.5,59.29999923706055,60.40999984741211,85600
2025-04-03,58.150001525878906,58.220001220703125,55.75,55.77000045776367,118600
2025-04-04,53.5,54.90999984741211,52.779998779296875,54.61000061035156,114100
2025-04-07,52.939998626708984,57.08000183105469,52.13999938964844,54.4900016784668,123200
2025-04-08,56.33000183105469,56.33000183105469,53.400001525878906,54.279998779296875,91300
2025-04-09,53.810001373291016,57.66999816894531,53.040000915527344,56.310001373291016,156200
2025-04-10,55.70000076293945,56.40999984741211,52.56999969482422,53.70000076293945,120800
2025-04-11,53.43000030517578,53.779998779296875,52.689998626708984,53.41999816894531,63200
2025-04-14,54.150001525878906,54.150001525878906,52.59000015258789,53.279998779296875,99700
2025-04-15,53.27000045776367,54.38999938964844,53.27000045776367,54.0099983215332,109100
2025-04-16,54.150001525878906,54.56999969482422,53.650001525878906,54.54999923706055,121800
2025-04-17,54.41999816894531,55.27000045776367,54.04999923706055,54.7599983215332,138500
2025-04-21,54.529998779296875,55.04999923706055,53.630001068115234,54.25,83600
2025-04-22,54.90999984741211,56.63999938964844,54.7599983215332,56.2599983215332,138500
2025-04-23,57.470001220703125,58.029998779296875,56.529998779296875,56.95000076293945,92100
2025-04-24,59.540000915527344,59.540000915527344,57.220001220703125,58.75,107600
2025-04-25,57.900001525878906,58.380001068115234,56.4900016784668,57.93000030517578,98500
2025-04-28,58.38999938964844,60.20000076293945,57.630001068115234,60.04999923706055,123400
2025-04-29,59.95000076293945,60.63999938964844,59.439998626708984,60.61000061035156,82000
2025-04-30,59.04999923706055,60.38999938964844,59.04999923706055,59.95000076293945,83800
2025-05-01,59.599998474121094,60.68000030517578,59.41999816894531,60.060001373291016,102500
2025-05-02,60.86000061035156,61.88999938964844,60.56999969482422,61.5099983215332,55700
2025-05-05,59.7400016784668,61.66999816894531,59.529998779296875,60.959999084472656,78400
2025-05-06,60.459999084472656,60.959999084472656,59.900001525878906,60.439998626708984,111200
2025-05-07,61.040000915527344,61.189998626708984,59.83000183105469,60.279998779296875,147900
2025-05-08,61.02000045776367,61.869998931884766,60.54999923706055,61.4900016784668,82700
2025-05-09,61.47999954223633,61.630001068115234,60.68000030517578,61.040000915527344,107800
2025-05-12,63.02000045776367,63.75,62.70000076293945,62.81999969482422,167600
2025-05-13,63.16999816894531,63.900001525878906,62.52000045776367,62.880001068115234,64000
2025-05-14,62.47999954223633,62.93000030517578,62.150001525878906,62.209999084472656,59300
2025-05-15,62.40999984741211,63.13999938964844,62.11000061035156,62.619998931884766,62000
2025-05-16,62.59000015258789,63.06999969482422,61.959999084472656,62.349998474121094,81900
2025-05-19,61.959999084472656,62.560001373291016,61.060001373291016,62.400001525878906,59400
2025-05-20,62.2599983215332,62.95000076293945,61.5099983215332,62.650001525878906,72500
2025-05-21,62.150001525878906,62.38999938964844,61.08000183105469,61.150001525878906,66100
2025-05-22,60.779998779296875,61.290000915527344,60.5099983215332,60.529998779296875,67300
2025-05-23,59.439998626708984,60.459999084472656,58.7599983215332,60.130001068115234,72900
2025-05-27,60.88999938964844,61.689998626708984,60.36000061035156,61.5099983215332,77300
2025-05-28,61.2599983215332,61.599998474121094,60.70000076293945,60.709999084472656,69200
2025-05-29,60.7599983215332,61.459999084472656,59.95000076293945,60.91999816894531,61200
2025-05-30,60.88999938964844,60.93000030517578,60.27000045776367,60.560001373291016,94700
2025-06-02,60.599998474121094,61.66999816894531,59.66999816894531,60.20000076293945,68900
2025-06-03,60.040000915527344,61.099998474121094,59.900001525878906,60.83000183105469,63700
2025-06-04,60.7599983215332,60.97999954223633,59.84000015258789,59.959999084472656,67600
2025-06-05,60.0099983215332,60.459999084472656,59.439998626708984,59.939998626708984,61100
2025-06-06,60.709999084472656,61.349998474121094,60.38999938964844,61.11000061035156,39000
2025-06-09,61.470001220703125,61.650001525878906,60.779998779296875,61.20000076293945,62000
2025-06-10,61.13999938964844,62.47999954223633,60.970001220703125,62.15999984741211,66100
2025-06-11,62.400001525878906,62.459999084472656,61.529998779296875,61.810001373291016,92300
2025-06-12,61.45000076293945,61.97999954223633,60.15999984741211,61.97999954223633,82100
2025-06-13,61.0,61.119998931884766,58.65999984741211,59.65999984741211,166300
2025-06-16,60.130001068115234,60.310001373291016,59.06999969482422,59.38999938964844,126200
2025-06-17,58.83000183105469,59.38999938964844,58.2599983215332,58.61000061035156,213000
2025-06-18,58.45000076293945,59.5099983215332,58.119998931884766,59.119998931884766,140800
2025-06-20,59.54999923706055,60.02000045776367,59.11000061035156,59.5,495000
2025-06-23,59.459999084472656,60.95000076293945,59.27000045776367,60.91999816894531,119800
2025-06-24,61.34000015258789,62.189998626708984,60.43000030517578,61.189998626708984,122700
2025-06-25,61.099998474121094,61.099998474121094,60.40999984741211,60.47999954223633,100100
2025-06-26,60.849998474121094,61.7599983215332,60.650001525878906,61.720001220703125,106000
2025-06-27,61.970001220703125,62.18000030517578,61.0099983215332,61.84000015258789,239200
2025-06-30,62.34000015258789,62.529998779296875,61.900001525878906,62.06999969482422,92900
2025-07-01,61.970001220703125,64.47000122070312,61.90999984741211,64.27999877929688,109900
2025-07-02,64.36000061035156,65.1500015258789,63.400001525878906,65.08999633789062,81600
2025-07-03,65.04000091552734,65.9800033569336,64.33000183105469,65.69999694824219,39800
2025-07-07,65.30000305175781,66.1500015258789,64.69999694824219,65.02999877929688,71600
2025-07-08,65.0,65.52999877929688,64.91999816894531,65.0199966430664,115700
2025-07-09,65.12999725341797,65.47000122070312,64.30000305175781,64.9800033569336,67500
2025-07-10,64.98999786376953,65.54000091552734,64.43000030517578,65.12999725341797,60100
2025-07-11,64.81999969482422,64.81999969482422,64.08000183105469,64.08999633789062,65300
2025-07-14,64.04000091552734,64.91999816894531,64.04000091552734,64.83000183105469,52400
2025-07-15,64.77999877929688,64.77999877929688,62.7599983215332,62.7599983215332,76100
2025-07-16,63.33000183105469,63.54999923706055,62.43000030517578,63.36000061035156,79000
2025-07-17,63.400001525878906,64.55999755859375,63.400001525878906,64.02999877929688,81300
2025-07-18,64.25,64.5999984741211,63.380001068115234,63.54999923706055,56600
2025-07-21,63.72999954223633,64.55000305175781,63.40999984741211,63.5,44100
2025-07-22,63.459999084472656,64.4000015258789,62.869998931884766,63.02000045776367,66200
2025-07-23,63.43000030517578,63.43000030517578,62.5099983215332,63.15999984741211,68000
2025-07-24,62.70000076293945,62.810001373291016,61.709999084472656,61.9900016784668,86500
2025-07-25,61.099998474121094,61.31999969482422,59.369998931884766,60.900001525878906,106700
2025-07-28,61.41999816894531,63.029998779296875,61.279998779296875,61.93000030517578,105600
2025-07-29,62.56999969482422,63.060001373291016,61.400001525878906,61.41999816894531,71400
2025-07-30,61.220001220703125,62.290000915527344,60.43000030517578,60.70000076293945,87100
2025-07-31,60.150001525878906,61.709999084472656,59.34000015258789,59.81999969482422,119700
2025-08-01,59.34000015258789,59.5,58.060001373291016,58.790000915527344,106400
2025-08-04,58.939998626708984,59.709999084472656,58.91999816894531,59.5,77700
2025-08-05,59.41999816894531,59.41999816894531,58.22999954223633,58.95000076293945,95100
2025-08-06,58.880001068115234,59.290000915527344,58.5099983215332,59.0099983215332,83100
2025-08-07,59.38999938964844,59.38999938964844,58.209999084472656,58.29999923706055,58200
2025-08-08,58.709999084472656,59.06999969482422,58.2599983215332,58.84000015258789,47800
2025-08-11,58.91999816894531,58.95000076293945,58.40999984741211,58.72999954223633,64100
2025-08-12,59.16999816894531,61.08000183105469,59.06999969482422,61.04999923706055,98800
2025-08-13,61.5,62.16999816894531,61.2400016784668,62.15999984741211,69800
2025-08-14,61.45000076293945,61.65999984741211,59.11000061035156,61.56999969482422,77200
2025-08-15,61.709999084472656,61.709999084472656,60.41999816894531,60.5,75900
2025-08-18,60.4900016784668,61.33000183105469,60.349998474121094,61.20000076293945,64500
2025-08-19,61.20000076293945,62.060001373291016,61.20000076293945,61.66999816894531,61800
2025-08-20,61.90999984741211,61.90999984741211,61.060001373291016,61.470001220703125,55000
2025-08-21,61.29999923706055,61.68000030517578,60.959999084472656,61.130001068115234,50200
2025-08-22,61.540000915527344,64.31999969482422,61.540000915527344,64.08000183105469,117400
2025-08-25,63.869998931884766,64.5,63.52000045776367,63.709999084472656,118800
2025-08-26,63.689998626708984,64.58999633789062,63.5,64.23999786376953,95600
2025-08-27,64.05000305175781,64.83999633789062,64.04000091552734,64.61000061035156,51000
2025-08-28,64.98999786376953,64.98999786376953,63.2400016784668,64.69000244140625,60900
2025-08-29,64.9000015258789,64.97000122070312,64.31999969482422,64.41999816894531,49300
2025-09-02,63.86000061035156,64.3499984741211,63.5,64.2699966430664,49900
2025-09-03,63.97999954223633,64.68000030517578,63.439998626708984,63.79999923706055,51400
2025-09-04,64.08999633789062,64.87999725341797,63.59000015258789,64.87000274658203,51400
2025-09-05,65.0,65.81999969482422,63.869998931884766,64.16000366210938,54300
2025-09-08,64.44000244140625,64.6500015258789,63.75,64.58000183105469,60800
2025-09-09,64.30999755859375,65.12999725341797,63.599998474121094,63.84000015258789,58000
2025-09-10,63.810001373291016,64.2699966430664,63.45000076293945,63.63999938964844,50800
2025-09-11,63.7400016784668,64.38999938964844,63.29999923706055,64.33000183105469,73000
2025-09-12,64.37000274658203,64.37000274658203,63.33000183105469,63.34000015258789,44500
2025-09-15,63.38999938964844,64.02999877929688,63.029998779296875,63.29999923706055,76700
2025-09-16,63.06999969482422,63.2400016784668,62.09000015258789,63.119998931884766,67400
2025-09-17,63.459999084472656,65.25,62.97999954223633,63.369998931884766,118500
2025-09-18,63.599998474121094,65.2699966430664,63.599998474121094,65.20999908447266,89300
2025-09-19,65.02999877929688,65.02999877929688,63.630001068115234,63.650001525878906,258100
2025-09-22,63.38999938964844,63.86000061035156,62.709999084472656,62.959999084472656,87700
2025-09-23,63.099998474121094,64.0199966430664,62.650001525878906,62.68000030517578,77900
2025-09-24,62.58000183105469,63.68000030517578,62.15999984741211,62.61000061035156,60700
2025-09-25,62.470001220703125,62.810001373291016,61.880001068115234,62.349998474121094,70600
2025-09-26,62.349998474121094,63.0,62.29999923706055,62.810001373291016,66000
2025-09-29,62.81999969482422,62.81999969482422,61.439998626708984,61.560001373291016,66800
2025-09-30,61.41999816894531,61.900001525878906,60.68000030517578,61.560001373291016,65600
2025-10-01,61.060001373291016,61.119998931884766,60.36000061035156,60.900001525878906,69300
2025-10-02,60.38999938964844,60.880001068115234,59.90999984741211,60.310001373291016,78300
2025-10-03,60.22999954223633,61.52000045776367,60.22999954223633,60.58000183105469,71900
2025-10-06,61.08000183105469,61.540000915527344,60.2400016784668,60.88999938964844,93400
2025-10-07,61.15999984741211,61.61000061035156,60.5,60.58000183105469,67400
2025-10-08,60.93000030517578,61.0,60.25,60.4900016784668,51700
2025-10-09,60.29999923706055,60.61000061035156,59.61000061035156,60.08000183105469,55500
2025-10-10,60.380001068115234,60.68000030517578,58.279998779296875,58.310001373291016,93300
2025-10-13,58.900001525878906,59.18000030517578,58.470001220703125,59.119998931884766,62800
2025-10-14,58.88999938964844,60.599998474121094,58.88999938964844,60.439998626708984,80000
2025-10-15,60.709999084472656,60.709999084472656,59.15999984741211,59.59000015258789,67300
2025-10-16,59.38999938964844,59.38999938964844,56.88999938964844,57.54999923706055,115800
2025-10-17,58.04999923706055,58.79999923706055,57.84000015258789,57.97999954223633,107500
2025-10-20,58.25,59.2599983215332,58.150001525878906,59.16999816894531,78100
2025-10-21,58.86000061035156,59.83000183105469,58.84000015258789,59.650001525878906,66400
2025-10-22,59.75,60.790000915527344,59.540000915527344,60.130001068115234,87500
2025-10-23,60.16999816894531,60.529998779296875,58.689998626708984,58.880001068115234,92500
2025-10-24,60.65999984741211,61.83000183105469,59.29999923706055,61.02000045776367,95800
2025-10-27,61.0099983215332,61.0099983215332,59.529998779296875,59.540000915527344,80100
2025-10-28,59.7400016784668,61.70000076293945,59.31999969482422,60.650001525878906,100700
2025-10-29,60.349998474121094,61.119998931884766,58.790000915527344,59.09000015258789,106800
2025-10-30,58.779998779296875,60.29999923706055,58.560001373291016,59.560001373291016,85800
2025-10-31,59.13999938964844,59.84000015258789,58.619998931884766,59.439998626708984,72900
2025-11-03,59.400001525878906,59.97999954223633,58.5,59.869998931884766,91700
2025-11-04,59.040000915527344,60.439998626708984,59.040000915527344,60.11000061035156,79600
2025-11-05,60.099998474121094,61.060001373291016,60.099998474121094,61.0099983215332,83500
2025-11-06,61.02000045776367,61.02000045776367,60.29999923706055,60.439998626708984,45200
2025-11-07,60.439998626708984,60.810001373291016,60.08000183105469,60.779998779296875,64800
2025-11-10,61.06999969482422,62.369998931884766,60.36000061035156,61.209999084472656,55100
2025-11-11,61.2400016784668,62.09000015258789,60.560001373291016,61.470001220703125,62700
2025-11-12,61.72999954223633,62.540000915527344,61.4900016784668,61.72999954223633,45300
2025-11-13,61.97999954223633,62.33000183105469,61.02000045776367,61.58000183105469,60300
2025-11-14,61.439998626708984,61.54999923706055,59.93000030517578,61.43000030517578,49300
2025-11-17,61.099998474121094,61.79999923706055,59.54999923706055,59.68000030517578,82600
2025-11-18,59.68000030517578,60.4900016784668,59.66999816894531,60.099998474121094,45800
2025-11-19,59.90999984741211,60.66999816894531,59.90999984741211,60.31999969482422,53100
2025-11-20,61.060001373291016,61.459999084472656,60.2400016784668,60.310001373291016,67900
2025-11-21,60.33000183105469,62.779998779296875,60.220001220703125,62.09000015258789,104400
2025-11-24,61.900001525878906,62.25,61.61000061035156,61.810001373291016,68900
2025-11-25,62.15999984741211,63.56999969482422,62.15999984741211,63.18000030517578,67100
2025-11-26,62.810001373291016,63.58000183105469,62.720001220703125,63.06999969482422,72700
2025-11-28,62.20000076293945,63.31999969482422,62.20000076293945,62.439998626708984,54200
2025-12-01,62.119998931884766,63.439998626708984,61.849998474121094,63.209999084472656,95800
2025-12-02,63.619998931884766,64.02999877929688,62.790000915527344,63.619998931884766,134200
2025-12-03,63.869998931884766,64.62999725341797,63.31999969482422,64.41000366210938,88500
2025-12-04,64.66000366210938,64.66000366210938,63.4900016784668,63.959999084472656,79200
2025-12-05,63.97999954223633,64.2300033569336,63.439998626708984,63.66999816894531,43100
2025-12-08,64.04000091552734,65.3499984741211,63.13999938964844,64.11000061035156,106500
2025-12-09,64.26000213623047,64.91000366210938,62.93000030517578,64.0999984741211,61000
2025-12-10,64.0999984741211,66.41000366210938,64.0999984741211,66.26000213623047,142700
2025-12-11,66.0999984741211,67.0,65.6500015258789,65.83000183105469,134000
2025-12-12,66.12999725341797,66.48999786376953,64.7300033569336,65.81999969482422,80100
2025-12-15,66.29000091552734,67.38999938964844,66.0199966430664,66.26000213623047,101700
2025-12-16,66.44000244140625,66.83999633789062,65.41999816894531,66.16999816894531,115400
2025-12-17,66.02999877929688,66.79000091552734,65.79000091552734,66.19999694824219,104500
2025-12-18,66.44000244140625,67.0999984741211,66.44000244140625,66.83000183105469,98200
2025-12-19,66.55000305175781,66.76000213623047,64.7300033569336,65.4800033569336,230100
2025-12-22,65.4800033569336,65.80000305175781,64.55000305175781,64.7699966430664,80300
2025-12-23,64.58999633789062,64.87000274658203,64.2300033569336,64.26000213623047,67200
2025-12-24,64.3499984741211,65.6500015258789,63.90999984741211,64.31999969482422,52900
2025-12-26,64.2699966430664,64.69999694824219,63.72999954223633,63.970001220703125,55400
2025-12-29,64.12000274658203,64.12000274658203,63.369998931884766,63.459999084472656,62500
2025-12-30,63.400001525878906,63.5099983215332,62.7400016784668,62.869998931884766,64700
2025-12-31,63.779998779296875,63.779998779296875,61.619998931884766,62.4900016784668,91000
2026-01-02,62.630001068115234,62.790000915527344,61.90999984741211,62.459999084472656,77900
2026-01-05,62.31999969482422,64.19999694824219,60.29999923706055,63.52000045776367,151500
2026-01-06,63.189998626708984,63.65999984741211,61.900001525878906,63.560001373291016,110800
2026-01-07,63.4900016784668,63.90999984741211,62.09000015258789,63.31999969482422,88900
2026-01-08,62.939998626708984,65.16000366210938,62.939998626708984,64.72000122070312,81900
2026-01-09,64.5,65.3499984741211,63.75,63.7599983215332,90500
2026-01-12,63.45000076293945,63.9900016784668,63.0099983215332,63.5099983215332,79100
2026-01-13,63.560001373291016,63.77000045776367,62.959999084472656,63.43000030517578,65800
2026-01-14,63.540000915527344,64.23999786376953,63.22999954223633,64.2300033569336,111400
2026-01-15,64.06999969482422,65.58000183105469,64.05999755859375,65.37000274658203,116100
2026-01-16,65.2699966430664,65.48999786376953,64.5199966430664,64.69999694824219,102900
2026-01-20,63.810001373291016,65.30000305175781,63.7599983215332,65.19999694824219,196400
2026-01-21,65.1500015258789,67.45999908447266,65.1500015258789,67.4000015258789,145900
2026-01-22,67.5999984741211,68.63999938964844,66.51000213623047,67.5199966430664,74200
2026-01-23,67.75,69.29000091552734,65.5199966430664,66.1500015258789,133400
2026-01-26,66.55000305175781,67.45999908447266,66.11000061035156,66.98999786376953,148100
2026-01-27,66.93000030517578,67.62000274658203,66.27999877929688,66.72000122070312,110400
2026-01-28,66.5199966430664,66.9000015258789,65.0199966430664,65.12999725341797,97200
2026-01-29,65.22000122070312,66.02999877929688,65.01000213623047,65.91000366210938,168800
2026-01-30,65.5199966430664,67.7300033569336,65.16000366210938,67.33000183105469,159200
2026-02-02,67.55000305175781,69.01000213623047,67.55000305175781,68.47000122070312,110300
2026-02-03,68.13999938964844,69.56999969482422,67.5999984741211,68.6500015258789,122700
2026-02-04,69.08000183105469,69.94000244140625,67.4000015258789,69.58999633789062,114700
2026-02-05,69.66999816894531,70.41000366210938,69.08999633789062,69.83000183105469,84100
2026-02-06,70.37000274658203,71.0,69.88999938964844,70.44999694824219,91300
2026-02-09,70.44999694824219,70.91999816894531,69.76000213623047,70.08999633789062,61400
2026-02-10,70.0999984741211,70.79000091552734,69.01000213623047,69.52999877929688,109200
2026-02-11,69.80000305175781,70.47000122070312,68.48999786376953,68.79000091552734,51600
2026-02-12,69.19999694824219,70.01000213623047,68.1500015258789,69.94999694824219,119900
2026-02-13,69.83999633789062,70.72000122070312,68.45999908447266,70.47000122070312,127400
2026-02-17,70.58000183105469,71.81999969482422,70.29000091552734,71.0999984741211,108700
2026-02-18,70.70999908447266,71.9800033569336,70.41999816894531,70.58000183105469,164900
2026-02-19,70.22000122070312,70.8499984741211,69.2699966430664,70.0,95600
2026-02-20,70.0,70.77999877929688,69.19000244140625,70.58999633789062,103000
2026-02-23,70.58999633789062,70.66999816894531,67.62000274658203,68.0,107800
2026-02-24,68.23999786376953,68.27999877929688,67.36000061035156,68.19000244140625,90000
2026-02-25,68.68000030517578,69.33999633789062,68.11000061035156,69.30999755859375,67000
2026-02-26,69.69999694824219,70.33000183105469,68.55999755859375,69.36000061035156,153600
2026-02-27,68.41999816894531,68.41999816894531,66.68000030517578,67.01000213623047,189900
2026-03-02,66.2300033569336,68.7300033569336,65.5199966430664,67.81999969482422,121200
2026-03-03,66.76000213623047,71.69999694824219,66.18000030517578,68.04000091552734,89700
2026-03-04,68.52999877929688,69.20999908447266,68.0,68.6500015258789,100300
2026-03-05,67.98999786376953,68.66000366210938,67.2699966430664,68.05999755859375,136300
2026-03-06,66.73999786376953,67.54000091552734,65.80999755859375,67.44000244140625,124500
2026-03-09,66.52999877929688,67.52999877929688,65.12000274658203,67.29000091552734,183600
2026-03-10,66.88999938964844,68.66000366210938,66.73999786376953,67.47000122070312,207900
2026-03-11,67.30999755859375,67.68000030517578,66.7699966430664,67.45999908447266,152100
2026-03-12,66.26000213623047,67.91000366210938,66.26000213623047,67.83000183105469,161700
2026-03-13,68.06999969482422,68.66999816894531,67.02999877929688,67.77999877929688,133300
2026-03-16,68.08000183105469,68.80999755859375,67.8499984741211,67.87000274658203,139600
2026-03-17,68.26000213623047,68.5999984741211,66.72000122070312,67.08000183105469,161900
2026-03-18,66.66999816894531,66.9000015258789,65.6500015258789,66.12000274658203,136400
2026-03-19,65.62000274658203,67.37999725341797,65.25,66.83000183105469,179000
2026-03-20,66.86000061035156,67.12999725341797,66.01000213623047,66.19999694824219,491700
2026-03-23,67.63999938964844,69.12000274658203,66.80000305175781,68.0999984741211,234600
2026-03-24,67.48999786376953,69.2699966430664,67.33999633789062,68.38999938964844,223500
2026-03-25,68.80999755859375,68.87000274658203,67.47000122070312,68.05000305175781,106200
2026-03-26,67.08000183105469,68.48999786376953,66.23999786376953,68.4800033569336,112600
2026-03-27,68.23999786376953,68.73999786376953,67.88999938964844,68.19000244140625,119700
2026-03-30,68.52999877929688,69.81999969482422,68.33999633789062,68.56999969482422,131700
2026-03-31,69.4000015258789,69.63999938964844,68.70999908447266,69.20999908447266,155400
2026-04-01,69.30000305175781,70.8499984741211,69.30000305175781,70.27999877929688,125800
2026-04-02,69.83000183105469,70.88999938964844,69.26000213623047,70.68000030517578,149900
2026-04-06,70.62999725341797,71.80999755859375,70.41000366210938,71.52999877929688,131400
2026-04-07,71.37999725341797,72.11000061035156,71.08000183105469,71.87999725341797,120900
2026-04-08,72.7699966430664,73.91000366210938,72.54000091552734,73.2300033569336,214600
2026-04-09,72.76000213623047,75.16000366210938,72.76000213623047,74.41000366210938,230300
2026-04-10,74.22000122070312,74.22000122070312,72.94000244140625,73.87999725341797,203800
2026-04-13,73.72000122070312,74.08000183105469,73.30999755859375,73.93000030517578,155800
2026-04-14,73.77999877929688,74.76000213623047,73.01000213623047,74.25,125300
2026-04-15,74.12999725341797,74.18000030517578,73.06999969482422,73.79000091552734,132100
2026-04-16,73.41000366210938,73.95999908447266,72.5,72.54000091552734,175900
2026-04-17,73.04000091552734,75.43000030517578,73.04000091552734,74.6500015258789,191600
2026-04-20,74.45999908447266,75.63999938964844,74.16999816894531,74.76000213623047,135100
2026-04-21,74.83999633789062,75.2300033569336,72.94000244140625,72.95999908447266,118800
2026-04-22,73.08000183105469,73.94999694824219,72.27999877929688,73.19999694824219,146300
2026-04-23,73.56999969482422,74.25,73.45999908447266,73.9000015258789,110600
2026-04-24,74.05000305175781,76.44000244140625,72.52999877929688,73.11000061035156,210800
2026-04-27,73.38999938964844,74.58999633789062,73.05000305175781,73.80000305175781,132600
2026-04-28,74.08999633789062,75.16999816894531,74.0199966430664,74.37999725341797,119400
2026-04-29,73.9800033569336,74.11000061035156,72.20999908447266,72.5999984741211,146700
2026-04-30,72.05000305175781,73.7300033569336,72.05000305175781,73.52999877929688,113900
2026-05-01,73.55000305175781,74.5199966430664,72.36000061035156,73.86000061035156,110100
2026-05-04,73.58000183105469,74.43000030517578,72.56999969482422,73.05999755859375,114300
2026-05-05,72.83999633789062,73.91999816894531,72.22000122070312,73.58999633789062,78100
2026-05-06,74.12000274658203,74.55000305175781,72.62999725341797,73.81999969482422,79000
2026-05-07,74.08999633789062,74.6500015258789,73.33999633789062,73.66000366210938,109700
2026-05-08,73.52999877929688,74.08999633789062,73.26000213623047,73.80000305175781,73100
2026-05-11,74.04000091552734,74.11000061035156,72.33999633789062,72.66999816894531,146000
2026-05-12,72.37999725341797,72.56999969482422,70.75,72.30000305175781,109800
2026-05-13,72.19999694824219,72.2300033569336,71.08000183105469,71.56999969482422,118600
2026-05-14,71.95999908447266,72.81999969482422,71.69999694824219,71.81999969482422,98400
2026-05-15,71.77999877929688,71.77999877929688,70.66000366210938,71.23999786376953,114500
2026-05-18,71.61000061035156,72.5999984741211,71.5999984741211,72.19999694824219,95000
2026-05-19,72.12000274658203,72.66000366210938,71.48999786376953,72.4000015258789,89400
2026-05-20,72.47000122070312,73.94000244140625,72.20999908447266,73.4800033569336,135800
2026-05-21,72.95999908447266,74.13999938964844,71.77999877929688,73.88999938964844,132900
2026-05-22,73.98999786376953,76.0,73.44000244140625,73.94999694824219,99700
2026-05-26,74.12000274658203,74.94999694824219,72.95999908447266,74.41999816894531,123900
2026-05-27,74.43000030517578,75.06999969482422,73.5199966430664,73.69999694824219,158800
2026-05-28,73.43000030517578,74.08000183105469,72.19000244140625,73.55999755859375,127900
2026-05-29,73.38999938964844,74.06999969482422,73.0,73.81999969482422,88000
2026-06-01,73.25,73.83999633789062,72.44000244140625,72.93000030517578,100000
2026-06-02,72.5999984741211,74.44999694824219,72.5999984741211,74.26000213623047,100300
2026-06-03,73.86000061035156,74.16000366210938,72.47000122070312,72.73999786376953,156700
2026-06-04,73.5,74.88999938964844,73.5,74.6500015258789,131400
2026-06-05,74.6500015258789,76.19999694824219,74.6500015258789,75.3499984741211,145200
2026-06-08,75.5999984741211,76.44000244140625,75.5,75.94999694824219,107100
2026-06-09,76.47000122070312,78.0999984741211,76.47000122070312,76.69999694824219,138500
2026-06-10,77.22000122070312,77.98999786376953,77.22000122070312,77.58000183105469,113800
2026-06-11,78.0,78.52999877929688,77.0,77.83000183105469,91100
2026-06-12,78.18000030517578,78.80000305175781,78.12000274658203,78.5199966430664,119300
2026-06-15,78.69000244140625,79.08000183105469,77.20999908447266,77.4000015258789,126500
2026-06-16,77.79000091552734,86.63999938964844,77.29000091552734,77.66000366210938,113900
2026-06-17,77.37999725341797,78.52999877929688,75.76000213623047,76.48999786376953,149500
2026-06-18,77.27999877929688,77.6500015258789,76.61000061035156,76.91000366210938,268200
2026-06-22,77.0199966430664,78.33999633789062,76.93000030517578,77.81999969482422,115700
2026-06-23,78.02999877929688,79.11000061035156,77.80999755859375,78.94000244140625,112800
2026-06-24,79.33999633789062,80.58000183105469,78.87000274658203,80.2699966430664,173800
2026-06-25,80.7699966430664,81.69000244140625,80.37000274658203,81.19000244140625,165600
2026-06-26,81.6500015258789,82.98999786376953,80.95999908447266,81.95999908447266,520600
2026-06-29,81.5999984741211,83.9000015258789,80.48999786376953,81.94999694824219,167900
2026-06-30,81.94999694824219,82.0999984741211,81.0199966430664,81.58000183105469,127400
2026-07-01,81.76000213623047,83.55999755859375,80.0,83.30999755859375,165800
2026-07-02,83.4800033569336,83.87999725341797,81.75,82.08999633789062,92900
2026-07-06,82.22000122070312,83.05000305175781,81.3499984741211,82.3499984741211,123400
2026-07-07,82.8499984741211,83.48999786376953,81.62000274658203,81.70999908447266,143500
2026-07-08,81.44000244140625,82.38999938964844,80.1500015258789,80.51000213623047,164900
2026-07-09,80.51000213623047,81.79000091552734,80.2300033569336,81.1500015258789,122800
2026-07-10,80.9800033569336,81.7300033569336,80.80999755859375,81.44000244140625,70600
2026-07-13,81.58000183105469,82.22000122070312,81.44000244140625,81.73999786376953,103800
2026-07-14,81.73999786376953,82.2699966430664,80.37999725341797,81.5,112000
2026-07-15,81.62000274658203,83.08000183105469,81.41000366210938,82.2300033569336,107500
2026-07-16,82.22000122070312,85.05999755859375,82.22000122070312,84.8499984741211,111200
2026-07-17,84.16000366210938,84.76000213623047,83.0199966430664,83.4800033569336,116300
2026-07-20,83.62999725341797,83.83000183105469,82.94999694824219,83.43000030517578,143200
