date,close,adj_close
2003-09-29,102.169998,49.378780
2003-09-30,102.699997,49.634929
2003-10-01,102.650002,49.610766
2003-10-02,102.489998,49.533436
2003-10-03,101.750000,49.175795
2003-10-06,101.900002,49.248291
2003-10-07,101.550003,49.079137
2003-10-08,101.800003,49.199962
2003-10-09,101.440002,49.025973
2003-10-10,102.000000,49.296620
2003-10-13,101.550003,49.079137
2003-10-14,101.349998,48.982474
2003-10-15,101.099998,48.861649
2003-10-16,100.830002,48.731160
2003-10-17,101.309998,48.963142
2003-10-20,101.250000,48.934145
2003-10-21,101.449997,49.030804
2003-10-22,101.900002,49.248291
2003-10-23,101.650002,49.127466
2003-10-24,102.150002,49.369116
2003-10-27,101.949997,49.272454
2003-10-28,102.349998,49.465774
2003-10-29,101.900002,49.248291
2003-10-30,101.900002,49.248291
2003-10-31,101.739998,49.170961
2003-11-03,101.199997,49.082980
2003-11-04,101.400002,49.179984
2003-11-05,101.400002,49.179984
2003-11-06,100.849998,48.913227
2003-11-07,100.900002,48.937480
2003-11-10,101.089996,49.029629
2003-11-11,100.910004,48.942331
2003-11-12,101.099998,49.034480
2003-11-13,101.839996,49.393386
2003-11-14,101.919998,49.432188
2003-11-17,102.349998,49.640742
2003-11-18,102.300003,49.616494
2003-11-19,101.820000,49.383688
2003-11-20,102.169998,49.553440
2003-11-21,102.279999,49.606792
2003-11-24,101.849998,49.398237
2003-11-25,102.250000,49.592242
2003-11-26,101.879997,49.412787
2003-11-28,101.720001,49.335187
2003-12-01,101.169998,49.199894
2003-12-02,101.139999,49.185306
2003-12-03,101.239998,49.233936
2003-12-04,101.389999,49.306883
2003-12-05,101.900002,49.554902
2003-12-08,101.900002,49.554902
2003-12-09,101.330002,49.277706
2003-12-10,101.730003,49.472230
2003-12-11,102.089996,49.647298
2003-12-12,102.150002,49.676479
2003-12-15,102.089996,49.647298
2003-12-16,102.150002,49.676479
2003-12-17,102.400002,49.798057
2003-12-18,102.550003,49.871003
2003-12-19,102.599998,49.895316
2003-12-22,102.550003,49.871003
2003-12-23,102.150002,49.676479
2003-12-24,102.230003,49.715385
2003-12-26,102.739998,49.963400
2003-12-29,102.489998,49.841822
2003-12-30,102.300003,49.749426
2003-12-31,102.150002,49.818142
2004-01-02,101.570000,49.535277
2004-01-05,101.690002,49.593802
2004-01-06,102.150002,49.818142
2004-01-07,102.379997,49.930310
2004-01-08,102.349998,49.915679
2004-01-09,103.199997,50.330220
2004-01-12,102.910004,50.188792
2004-01-13,103.150002,50.305838
2004-01-14,103.139999,50.300960
2004-01-15,103.269997,50.364359
2004-01-16,103.190002,50.325346
2004-01-20,103.099998,50.281451
2004-01-21,103.169998,50.315590
2004-01-22,103.349998,50.403375
2004-01-23,103.099998,50.281451
2004-01-26,102.699997,50.086372
2004-01-27,102.849998,50.159527
2004-01-28,102.639999,50.057112
2004-01-29,102.400002,49.940066
2004-01-30,102.599998,50.037603
2004-02-02,102.349998,50.051149
2004-02-03,102.629997,50.188074
2004-02-04,102.639999,50.192965
2004-02-05,102.349998,50.051149
2004-02-06,102.769997,50.256537
2004-02-09,102.839996,50.290768
2004-02-10,102.620003,50.183187
2004-02-11,103.019997,50.378792
2004-02-12,103.029999,50.383683
2004-02-13,103.489998,50.608631
2004-02-17,103.239998,50.486377
2004-02-18,103.160004,50.447258
2004-02-19,103.269997,50.501047
2004-02-20,102.949997,50.344560
2004-02-23,103.230003,50.481489
2004-02-24,103.139999,50.437475
2004-02-25,103.379997,50.554839
2004-02-26,103.209999,50.471706
2004-02-27,103.489998,50.608631
2004-03-01,103.290001,50.631279
2004-03-02,102.930000,50.454812
2004-03-03,102.820000,50.400892
2004-03-04,103.070000,50.523438
2004-03-05,103.830002,50.895980
2004-03-08,104.180000,51.067544
2004-03-09,104.330002,51.141073
2004-03-10,104.209999,51.082249
2004-03-11,104.440002,51.194993
2004-03-12,104.120003,51.038135
2004-03-15,104.139999,51.047936
2004-03-16,104.389999,51.170483
2004-03-17,104.339996,51.145972
2004-03-18,104.239998,51.096954
2004-03-19,104.129997,51.043033
2004-03-22,104.400002,51.175386
2004-03-23,104.410004,51.180289
2004-03-24,104.470001,51.209699
2004-03-25,104.410004,51.180289
2004-03-26,104.050003,51.003822
2004-03-29,103.860001,50.910685
2004-03-30,103.449997,50.709707
2004-03-31,103.949997,50.954800
2004-04-01,103.739998,50.979175
2004-04-02,102.790001,50.512334
2004-04-05,102.160004,50.202745
2004-04-06,102.449997,50.345251
2004-04-07,102.199997,50.222398
2004-04-08,102.260002,50.251885
2004-04-12,102.230003,50.237144
2004-04-13,102.050003,50.148689
2004-04-14,101.750000,50.001264
2004-04-15,101.599998,49.927551
2004-04-16,101.879997,50.065146
2004-04-19,101.750000,50.001264
2004-04-20,101.419998,49.839097
2004-04-21,101.180000,49.721159
2004-04-22,101.550003,49.902983
2004-04-23,101.349998,49.804698
2004-04-26,101.320000,49.789956
2004-04-27,101.570000,49.912810
2004-04-28,101.099998,49.681845
2004-04-29,100.809998,49.539335
2004-04-30,100.779999,49.524593
2004-05-03,100.360001,49.450635
2004-05-04,100.540001,49.539327
2004-05-05,100.410004,49.475273
2004-05-06,100.099998,49.322523
2004-05-07,99.250000,48.903701
2004-05-10,99.099998,48.829790
2004-05-11,99.349998,48.952973
2004-05-12,99.209999,48.883991
2004-05-13,99.190002,48.874138
2004-05-14,99.209999,48.883991
2004-05-17,99.709999,49.130358
2004-05-18,99.760002,49.154996
2004-05-19,99.589996,49.071228
2004-05-20,99.860001,49.204268
2004-05-21,99.699997,49.125429
2004-05-24,99.779999,49.164849
2004-05-25,99.750000,49.150067
2004-05-26,100.000000,49.273251
2004-05-27,100.480003,49.509764
2004-05-28,100.129997,49.337304
2004-06-01,99.699997,49.281251
2004-06-02,99.739998,49.301023
2004-06-03,99.699997,49.281251
2004-06-04,99.489998,49.177450
2004-06-07,99.589996,49.226878
2004-06-08,99.349998,49.108248
2004-06-09,99.379997,49.123077
2004-06-10,99.279999,49.073648
2004-06-14,99.000000,48.935246
2004-06-15,99.839996,49.350452
2004-06-16,99.639999,49.251594
2004-06-17,99.750000,49.305967
2004-06-18,99.900002,49.380113
2004-06-21,100.029999,49.444370
2004-06-22,99.989998,49.424597
2004-06-23,99.910004,49.385057
2004-06-24,100.290001,49.572887
2004-06-25,100.260002,49.558059
2004-06-28,99.930000,49.394941
2004-06-29,99.750000,49.305967
2004-06-30,100.540001,49.696461
2004-07-01,100.349998,49.759632
2004-07-02,100.989998,50.076983
2004-07-06,100.919998,50.042273
2004-07-07,100.860001,50.012523
2004-07-08,100.970001,50.067068
2004-07-09,100.669998,49.918308
2004-07-12,100.970001,50.067068
2004-07-13,100.860001,50.012523
2004-07-14,100.919998,50.042273
2004-07-15,100.730003,49.948062
2004-07-16,101.400002,50.280288
2004-07-19,101.250000,50.205908
2004-07-20,100.980003,50.072027
2004-07-21,100.739998,49.953018
2004-07-22,100.959999,50.062108
2004-07-23,101.190002,50.176158
2004-07-26,100.720001,49.943102
2004-07-27,100.489998,49.829053
2004-07-28,100.639999,49.903433
2004-07-29,100.410004,49.789387
2004-07-30,101.150002,50.156323
2004-08-02,100.800003,50.142544
2004-08-03,100.940002,50.212186
2004-08-04,101.160004,50.321625
2004-08-05,101.230003,50.356446
2004-08-06,101.879997,50.679783
2004-08-09,101.949997,50.714604
2004-08-10,101.680000,50.580295
2004-08-11,101.750000,50.615116
2004-08-12,101.959999,50.719580
2004-08-13,102.160004,50.819071
2004-08-16,102.040001,50.759376
2004-08-17,102.339996,50.908608
2004-08-18,102.010002,50.744453
2004-08-19,102.349998,50.913583
2004-08-20,102.050003,50.764352
2004-08-23,102.080002,50.779275
2004-08-24,102.089996,50.784246
2004-08-25,102.099998,50.789221
2004-08-26,102.290001,50.883738
2004-08-27,102.360001,50.918559
2004-08-30,102.459999,50.968302
2004-08-31,102.459999,50.968302
2004-09-01,102.510002,51.151984
2004-09-02,102.099998,50.947394
2004-09-03,102.050003,50.922447
2004-09-07,102.040001,50.917456
2004-09-08,102.349998,51.072143
2004-09-09,102.250000,51.022244
2004-09-10,102.470001,51.132024
2004-09-13,102.570000,51.181923
2004-09-14,102.680000,51.236812
2004-09-15,102.620003,51.206874
2004-09-16,102.930000,51.361561
2004-09-17,102.500000,51.146993
2004-09-20,102.940002,51.366552
2004-09-21,102.910004,51.351583
2004-09-22,103.250000,51.521239
2004-09-23,102.940002,51.366552
2004-09-24,102.970001,51.381521
2004-09-27,102.940002,51.366552
2004-09-28,103.110001,51.451381
2004-09-29,102.519997,51.156972
2004-09-30,102.669998,51.231821
2004-10-01,102.169998,51.140272
2004-10-04,102.199997,51.155288
2004-10-05,102.190002,51.150285
2004-10-06,102.000000,51.055181
2004-10-07,102.000000,51.055181
2004-10-08,102.500000,51.305452
2004-10-11,102.599998,51.355505
2004-10-12,102.500000,51.305452
2004-10-13,102.650002,51.380534
2004-10-14,103.139999,51.625798
2004-10-15,102.949997,51.530694
2004-10-18,102.860001,51.485647
2004-10-19,102.910004,51.510676
2004-10-20,103.269997,51.690867
2004-10-21,103.010002,51.560729
2004-10-22,103.260002,51.685864
2004-10-25,103.379997,51.745926
2004-10-26,103.080002,51.595767
2004-10-27,102.849998,51.480640
2004-10-28,102.970001,51.540707
2004-10-29,103.239998,51.675851
2004-11-01,102.739998,51.564932
2004-11-02,102.650002,51.519763
2004-11-03,102.870003,51.630181
2004-11-04,102.779999,51.585008
2004-11-05,102.519997,51.454514
2004-11-08,102.150002,51.268814
2004-11-09,102.389999,51.389268
2004-11-10,102.269997,51.329040
2004-11-11,102.370003,51.379232
2004-11-12,102.489998,51.439458
2004-11-15,102.540001,51.464554
2004-11-16,102.440002,51.414365
2004-11-17,102.699997,51.544855
2004-11-18,102.739998,51.564932
2004-11-19,102.529999,51.459534
2004-11-22,102.690002,51.539839
2004-11-23,102.629997,51.509723
2004-11-24,102.730003,51.559915
2004-11-26,102.430000,51.409345
2004-11-29,102.150002,51.268814
2004-11-30,102.199997,51.293907
2004-12-01,101.510002,51.101505
2004-12-02,101.699997,51.197151
2004-12-03,102.290001,51.494167
2004-12-06,102.400002,51.549543
2004-12-07,102.540001,51.620020
2004-12-08,102.889999,51.796214
2004-12-09,102.750000,51.725736
2004-12-10,102.620003,51.660294
2004-12-13,102.769997,51.735803
2004-12-14,102.870003,51.786148
2004-12-15,103.099998,51.901930
2004-12-16,102.699997,51.700564
2004-12-17,102.449997,51.574711
2004-12-20,102.550003,51.625055
2004-12-21,102.550003,51.625055
2004-12-22,102.769997,51.735803
2004-12-23,102.820000,51.760975
2004-12-27,102.430000,51.564644
2004-12-28,102.379997,51.539472
2004-12-29,102.360001,51.529406
2004-12-30,102.570000,51.635122
2004-12-31,102.400002,51.702781
2005-01-03,102.400002,51.702781
2005-01-04,102.300003,51.652290
2005-01-05,102.260002,51.632094
2005-01-06,102.330002,51.667437
2005-01-07,102.300003,51.652290
2005-01-10,102.250000,51.627043
2005-01-11,102.389999,51.697730
2005-01-12,102.540001,51.773468
2005-01-13,102.790001,51.899695
2005-01-14,102.419998,51.712877
2005-01-18,102.690002,51.849205
2005-01-19,102.839996,51.924938
2005-01-20,102.980003,51.995629
2005-01-21,103.029999,52.020873
2005-01-24,103.050003,52.030973
2005-01-25,102.870003,51.940089
2005-01-26,102.820000,51.914842
2005-01-27,102.680000,51.844155
2005-01-28,103.029999,52.020873
2005-01-31,102.900002,51.955236
2005-02-01,102.699997,52.010637
2005-02-02,102.779999,52.051153
2005-02-03,102.650002,51.985318
2005-02-04,103.080002,52.203084
2005-02-07,103.099998,52.213211
2005-02-08,103.160004,52.243600
2005-02-09,103.440002,52.385400
2005-02-10,102.910004,52.116992
2005-02-11,103.050003,52.187892
2005-02-14,103.070000,52.198019
2005-02-15,102.870003,52.096734
2005-02-16,102.750000,52.035960
2005-02-17,102.699997,52.010637
2005-02-18,102.730003,52.025833
2005-02-22,102.440002,51.878967
2005-02-23,102.489998,51.904287
2005-02-24,102.389999,51.853644
2005-02-25,102.480003,51.899225
2005-02-28,102.209999,51.762486
2005-03-01,101.849998,51.725615
2005-03-02,101.720001,51.659595
2005-03-03,101.800003,51.700224
2005-03-04,102.089996,51.847500
2005-03-07,102.120003,51.862740
2005-03-08,101.900002,51.751010
2005-03-09,101.279999,51.436135
2005-03-10,101.160004,51.375194
2005-03-11,101.239998,51.415820
2005-03-14,101.199997,51.395505
2005-03-15,101.220001,51.405664
2005-03-16,101.290001,51.441214
2005-03-17,101.269997,51.431055
2005-03-18,101.199997,51.395505
2005-03-21,101.199997,51.395505
2005-03-22,100.650002,51.116184
2005-03-23,100.779999,51.182204
2005-03-24,100.839996,51.212675
2005-03-28,100.639999,51.111104
2005-03-29,100.580002,51.080634
2005-03-30,100.879997,51.232990
2005-03-31,100.930000,51.258384
2005-04-01,101.180000,51.560829
2005-04-04,101.059998,51.499676
2005-04-05,100.860001,51.397759
2005-04-06,101.120003,51.530255
2005-04-07,101.000000,51.469102
2005-04-08,101.000000,51.469102
2005-04-11,101.190002,51.565926
2005-04-12,101.470001,51.708612
2005-04-13,101.610001,51.779955
2005-04-14,101.699997,51.825817
2005-04-15,102.059998,52.009271
2005-04-18,101.940002,51.948122
2005-04-19,102.070000,52.014368
2005-04-20,102.139999,52.050039
2005-04-21,101.889999,51.922641
2005-04-22,102.099998,52.029655
2005-04-25,102.059998,52.009271
2005-04-26,101.809998,51.881873
2005-04-27,102.230003,52.095905
2005-04-28,102.489998,52.228397
2005-04-29,102.320000,52.141767
2005-05-02,101.989998,52.143607
2005-05-03,101.919998,52.107818
2005-05-04,102.029999,52.164058
2005-05-05,102.099998,52.199845
2005-05-06,101.720001,52.005567
2005-05-09,101.639999,51.964665
2005-05-10,101.750000,52.020905
2005-05-11,101.919998,52.107818
2005-05-12,102.160004,52.230524
2005-05-13,102.260002,52.281649
2005-05-16,102.110001,52.204960
2005-05-17,102.230003,52.266312
2005-05-18,102.500000,52.404351
2005-05-19,102.250000,52.276536
2005-05-20,102.129997,52.215183
2005-05-23,102.470001,52.389014
2005-05-24,102.650002,52.481042
2005-05-25,102.629997,52.470814
2005-05-26,102.620003,52.465704
2005-05-27,102.550003,52.429916
2005-05-31,102.830002,52.573069
2005-06-01,103.239998,52.961868
2005-06-02,103.169998,52.925958
2005-06-03,102.910004,52.792581
2005-06-06,102.930000,52.802839
2005-06-07,103.199997,52.941347
2005-06-08,103.010002,52.843880
2005-06-09,103.000000,52.838749
2005-06-10,102.599998,52.633549
2005-06-13,102.510002,52.587381
2005-06-14,102.379997,52.520689
2005-06-15,102.320000,52.489911
2005-06-16,102.629997,52.648938
2005-06-17,102.629997,52.648938
2005-06-20,102.400002,52.530952
2005-06-21,102.820000,52.746410
2005-06-22,103.260002,52.972130
2005-06-23,103.160004,52.920831
2005-06-24,103.320000,53.002908
2005-06-27,103.400002,53.043949
2005-06-28,103.099998,52.890048
2005-06-29,103.050003,52.864401
2005-06-30,103.379997,53.033687
2005-07-01,102.680000,52.844758
2005-07-05,102.300003,52.649191
2005-07-06,102.459999,52.731534
2005-07-07,102.589996,52.798437
2005-07-08,102.419998,52.710947
2005-07-11,102.430000,52.716095
2005-07-12,102.379997,52.690360
2005-07-13,102.239998,52.618309
2005-07-14,102.239998,52.618309
2005-07-15,102.290001,52.644044
2005-07-18,102.110001,52.551406
2005-07-19,102.160004,52.577140
2005-07-20,102.330002,52.664630
2005-07-21,101.800003,52.391864
2005-07-22,101.949997,52.469059
2005-07-25,101.949997,52.469059
2005-07-26,102.059998,52.525671
2005-07-27,102.000000,52.494793
2005-07-28,102.300003,52.649191
2005-07-29,101.980003,52.484502
2005-08-01,101.589996,52.454034
2005-08-02,101.370003,52.340445
2005-08-03,101.699997,52.510831
2005-08-04,101.599998,52.459199
2005-08-05,101.099998,52.201033
2005-08-08,101.080002,52.190709
2005-08-09,101.260002,52.283648
2005-08-10,101.269997,52.288809
2005-08-11,101.540001,52.428221
2005-08-12,101.830002,52.577957
2005-08-15,101.739998,52.531485
2005-08-16,101.980003,52.655407
2005-08-17,101.769997,52.546975
2005-08-18,102.050003,52.691550
2005-08-19,101.949997,52.639914
2005-08-22,102.040001,52.686386
2005-08-23,102.110001,52.722529
2005-08-24,102.239998,52.789650
2005-08-25,102.239998,52.789650
2005-08-26,102.160004,52.748347
2005-08-29,102.199997,52.768997
2005-08-30,102.449997,52.898079
2005-08-31,102.849998,53.104612
2005-09-01,102.650002,53.177244
2005-09-02,102.599998,53.151340
2005-09-06,102.400002,53.047733
2005-09-07,102.230003,52.959666
2005-09-08,102.220001,52.954485
2005-09-09,102.190002,52.938944
2005-09-12,102.050003,52.866418
2005-09-13,102.300003,52.995929
2005-09-14,102.190002,52.938944
2005-09-15,101.940002,52.809433
2005-09-16,101.709999,52.690281
2005-09-19,101.800003,52.736907
2005-09-20,101.730003,52.700644
2005-09-21,101.959999,52.819792
2005-09-22,102.050003,52.866418
2005-09-23,101.870003,52.773170
2005-09-26,101.620003,52.643659
2005-09-27,101.550003,52.607396
2005-09-28,101.830002,52.752448
2005-09-29,101.599998,52.633296
2005-09-30,101.550003,52.607396
2005-10-03,100.870003,52.428856
2005-10-04,101.010002,52.501623
2005-10-05,101.169998,52.584783
2005-10-06,101.099998,52.548400
2005-10-07,101.000000,52.496424
2005-10-10,101.129997,52.563992
2005-10-11,100.830002,52.408065
2005-10-12,100.790001,52.387274
2005-10-13,100.529999,52.252133
2005-10-14,100.500000,52.236541
2005-10-17,100.660004,52.319706
2005-10-18,100.620003,52.298914
2005-10-19,100.800003,52.392472
2005-10-20,100.820000,52.402866
2005-10-21,101.059998,52.527609
2005-10-24,100.849998,52.418458
2005-10-25,100.550003,52.262531
2005-10-26,100.150002,52.054624
2005-10-27,100.379997,52.174167
2005-10-28,100.220001,52.091007
2005-10-31,100.209999,52.085808
2005-11-01,99.879997,52.103520
2005-11-02,99.790001,52.056573
2005-11-03,99.449997,51.879206
2005-11-04,99.550003,51.931375
2005-11-07,99.559998,51.936589
2005-11-08,99.900002,52.113956
2005-11-09,99.639999,51.978322
2005-11-10,99.989998,52.160903
2005-11-11,100.089996,52.213068
2005-11-14,99.750000,52.035706
2005-11-15,99.889999,52.108738
2005-11-16,100.120003,52.228722
2005-11-17,100.150002,52.244371
2005-11-18,100.110001,52.223504
2005-11-21,100.430000,52.390435
2005-11-22,100.690002,52.526068
2005-11-23,100.620003,52.489552
2005-11-25,100.709999,52.536500
2005-11-28,100.570000,52.463468
2005-11-29,100.430000,52.390435
2005-11-30,100.220001,52.280887
2005-12-01,99.699997,52.206874
2005-12-02,99.699997,52.206874
2005-12-05,99.750000,52.233057
2005-12-06,99.919998,52.322075
2005-12-07,99.790001,52.254003
2005-12-08,100.300003,52.521061
2005-12-09,99.959999,52.343021
2005-12-12,99.750000,52.233057
2005-12-13,100.129997,52.432039
2005-12-14,100.400002,52.573424
2005-12-15,100.300003,52.521061
2005-12-16,100.290001,52.515823
2005-12-19,100.370003,52.557715
2005-12-20,100.400002,52.573424
2005-12-21,100.400002,52.573424
2005-12-22,100.620003,52.688625
2005-12-23,100.879997,52.824768
2005-12-27,101.139999,52.960916
2005-12-28,100.400002,52.773671
2005-12-29,100.470001,52.810465
2005-12-30,100.589996,52.873539
2006-01-03,100.639999,52.899822
2006-01-04,100.879997,53.025973
2006-01-05,100.879997,53.025973
2006-01-06,100.650002,52.905080
2006-01-09,100.760002,52.962900
2006-01-10,100.559998,52.857771
2006-01-11,100.489998,52.820976
2006-01-12,100.750000,52.957642
2006-01-13,101.029999,53.104819
2006-01-17,101.080002,53.131102
2006-01-18,101.199997,53.194176
2006-01-19,101.050003,53.115334
2006-01-20,101.099998,53.141613
2006-01-23,101.099998,53.141613
2006-01-24,100.930000,53.052256
2006-01-25,100.680000,52.920848
2006-01-26,100.370003,52.757903
2006-01-27,100.500000,52.826234
2006-01-30,100.510002,52.831491
2006-01-31,100.529999,52.842002
2006-02-01,99.879997,52.694652
2006-02-02,99.949997,52.731583
2006-02-03,100.230003,52.879308
2006-02-06,100.209999,52.868755
2006-02-07,100.139999,52.831824
2006-02-08,100.089996,52.805443
2006-02-09,100.150002,52.837101
2006-02-10,99.940002,52.726310
2006-02-13,100.010002,52.763240
2006-02-14,99.849998,52.678825
2006-02-15,99.959999,52.736860
2006-02-16,99.860001,52.684103
2006-02-17,100.269997,52.900408
2006-02-21,99.900002,52.705206
2006-02-22,100.300003,52.916239
2006-02-23,100.239998,52.884581
2006-02-24,100.320000,52.926789
2006-02-27,100.110001,52.815998
2006-02-28,100.320000,52.926789
2006-03-01,99.949997,52.928329
2006-03-02,99.699997,52.795942
2006-03-03,99.500000,52.690034
2006-03-06,98.949997,52.398781
2006-03-07,99.199997,52.531168
2006-03-08,99.250000,52.557647
2006-03-09,99.120003,52.488808
2006-03-10,99.160004,52.509990
2006-03-13,99.339996,52.605304
2006-03-14,99.669998,52.780056
2006-03-15,99.400002,52.637081
2006-03-16,99.820000,52.859490
2006-03-17,99.599998,52.742988
2006-03-20,99.559998,52.721806
2006-03-21,99.300003,52.584126
2006-03-22,99.480003,52.679445
2006-03-23,99.400002,52.637081
2006-03-24,99.570000,52.727103
2006-03-27,99.650002,52.769468
2006-03-28,99.400002,52.637081
2006-03-29,99.199997,52.531168
2006-03-30,98.750000,52.292873
2006-03-31,99.080002,52.467625
2006-04-03,98.599998,52.415965
2006-04-04,98.730003,52.485076
2006-04-05,98.800003,52.522288
2006-04-06,98.720001,52.479758
2006-04-07,98.389999,52.304329
2006-04-10,98.300003,52.256487
2006-04-11,98.500000,52.362805
2006-04-12,98.410004,52.314963
2006-04-13,98.209999,52.208640
2006-04-17,98.370003,52.293699
2006-04-18,98.300003,52.256487
2006-04-19,98.389999,52.304329
2006-04-20,98.239998,52.224588
2006-04-21,98.230003,52.219274
2006-04-24,98.599998,52.415965
2006-04-25,98.269997,52.240535
2006-04-26,98.099998,52.150164
2006-04-27,98.330002,52.272434
2006-04-28,98.550003,52.389387
2006-05-01,97.790001,52.183755
2006-05-02,97.889999,52.237117
2006-05-03,97.820000,52.199763
2006-05-04,97.769997,52.173080
2006-05-05,97.949997,52.269133
2006-05-08,98.019997,52.306488
2006-05-09,97.970001,52.279808
2006-05-10,97.860001,52.221109
2006-05-11,97.800003,52.189092
2006-05-12,97.589996,52.077026
2006-05-15,97.650002,52.109047
2006-05-16,98.129997,52.365187
2006-05-17,97.849998,52.215771
2006-05-18,98.260002,52.434562
2006-05-19,98.239998,52.423887
2006-05-22,98.260002,52.434562
2006-05-23,97.989998,52.290479
2006-05-24,98.010002,52.301154
2006-05-25,98.000000,52.295817
2006-05-26,98.419998,52.519940
2006-05-30,98.199997,52.402541
2006-05-31,97.980003,52.285146
2006-06-01,97.519997,52.243774
2006-06-02,98.269997,52.645567
2006-06-05,97.949997,52.474135
2006-06-06,98.209999,52.613425
2006-06-07,97.900002,52.447352
2006-06-08,98.230003,52.624141
2006-06-09,98.370003,52.699143
2006-06-12,98.070000,52.538424
2006-06-13,98.349998,52.688426
2006-06-14,97.980003,52.490210
2006-06-15,97.820000,52.404493
2006-06-16,97.760002,52.372351
2006-06-19,97.500000,52.233061
2006-06-20,97.559998,52.265204
2006-06-21,97.589996,52.281274
2006-06-22,97.169998,52.056272
2006-06-23,97.220001,52.083059
2006-06-26,96.940002,51.933057
2006-06-27,97.209999,52.077701
2006-06-28,97.110001,52.024130
2006-06-29,97.449997,52.206274
2006-06-30,97.440002,52.200919
2006-07-03,97.199997,52.280363
2006-07-05,96.910004,52.124386
2006-07-06,97.000000,52.172792
2006-07-07,97.360001,52.366424
2006-07-10,97.449997,52.414829
2006-07-11,97.610001,52.500890
2006-07-12,97.669998,52.533160
2006-07-13,97.750000,52.576190
2006-07-14,97.879997,52.646111
2006-07-17,97.669998,52.533160
2006-07-18,97.599998,52.495509
2006-07-19,97.980003,52.699900
2006-07-20,98.080002,52.753686
2006-07-21,98.019997,52.721412
2006-07-24,98.169998,52.802092
2006-07-25,98.089996,52.759061
2006-07-26,98.150002,52.791337
2006-07-27,98.309998,52.877393
2006-07-28,98.519997,52.990343
2006-07-31,98.400002,52.925802
2006-08-01,98.230003,53.054757
2006-08-02,98.269997,53.076359
2006-08-03,98.290001,53.087163
2006-08-04,98.599998,53.254595
2006-08-07,98.610001,53.259997
2006-08-08,98.610001,53.259997
2006-08-09,98.690002,53.303206
2006-08-10,98.639999,53.276199
2006-08-11,98.470001,53.184382
2006-08-14,98.360001,53.124970
2006-08-15,98.599998,53.254595
2006-08-16,98.930000,53.432831
2006-08-17,98.940002,53.438233
2006-08-18,99.010002,53.476041
2006-08-21,99.250000,53.605665
2006-08-22,99.269997,53.616466
2006-08-23,99.230003,53.594865
2006-08-24,99.220001,53.589463
2006-08-25,99.320000,53.643473
2006-08-28,99.230003,53.594865
2006-08-29,99.269997,53.616466
2006-08-30,99.419998,53.697483
2006-08-31,99.550003,53.767699
2006-09-01,99.169998,53.774951
2006-09-05,99.050003,53.709883
2006-09-06,99.070000,53.720727
2006-09-07,99.040001,53.704460
2006-09-08,99.169998,53.774951
2006-09-11,99.099998,53.736993
2006-09-12,99.339996,53.867132
2006-09-13,99.419998,53.910513
2006-09-14,99.279999,53.834599
2006-09-15,99.250000,53.818332
2006-09-18,99.230003,53.807489
2006-09-19,99.459999,53.932204
2006-09-20,99.570000,53.991852
2006-09-21,100.000000,54.225020
2006-09-22,100.059998,54.257553
2006-09-25,100.260002,54.366006
2006-09-26,100.250000,54.360582
2006-09-27,100.209999,54.338892
2006-09-28,100.239998,54.355159
2006-09-29,100.160004,54.311782
2006-10-02,99.839996,54.363091
2006-10-03,99.820000,54.352203
2006-10-04,100.209999,54.564559
2006-10-05,99.900002,54.395765
2006-10-06,99.529999,54.194297
2006-10-09,99.739998,54.308642
2006-10-10,99.349998,54.096286
2006-10-11,99.239998,54.036391
2006-10-12,99.339996,54.090840
2006-10-13,99.089996,53.954715
2006-10-16,99.250000,54.041837
2006-10-17,99.400002,54.123514
2006-10-18,99.519997,54.188851
2006-10-19,99.470001,54.161628
2006-10-20,99.440002,54.145294
2006-10-23,99.150002,53.987388
2006-10-24,99.260002,54.047283
2006-10-25,99.500000,54.177963
2006-10-26,99.839996,54.363091
2006-10-27,100.040001,54.471994
2006-10-30,100.059998,54.482883
2006-10-31,100.430000,54.684350
2006-11-01,100.180000,54.778346
2006-11-02,100.070000,54.718198
2006-11-03,99.550003,54.433864
2006-11-06,99.550003,54.433864
2006-11-07,99.800003,54.570564
2006-11-08,100.070000,54.718198
2006-11-09,100.099998,54.734601
2006-11-10,100.320000,54.854897
2006-11-13,100.199997,54.789280
2006-11-14,100.339996,54.865831
2006-11-15,100.150002,54.761943
2006-11-16,100.059998,54.712729
2006-11-17,100.320000,54.854897
2006-11-20,100.389999,54.893173
2006-11-21,100.519997,54.964256
2006-11-22,100.660004,55.040811
2006-11-24,100.690002,55.057214
2006-11-27,100.639999,55.029873
2006-11-28,100.910004,55.177511
2006-11-29,100.760002,55.095490
2006-11-30,101.070000,55.264997
2006-12-01,100.860001,55.368248
2006-12-04,100.959999,55.423143
2006-12-05,100.900002,55.390207
2006-12-06,100.820000,55.346289
2006-12-07,100.730003,55.296884
2006-12-08,100.519997,55.181599
2006-12-11,100.500000,55.170622
2006-12-12,100.779999,55.324330
2006-12-13,100.470001,55.154153
2006-12-14,100.330002,55.077299
2006-12-15,100.309998,55.066318
2006-12-18,100.370003,55.099258
2006-12-19,100.440002,55.137685
2006-12-20,100.400002,55.115727
2006-12-21,100.599998,55.225517
2006-12-22,100.510002,55.176112
2006-12-26,100.480003,55.159644
2006-12-27,99.839996,55.010066
2006-12-28,99.709999,54.938440
2006-12-29,99.699997,54.932929
2007-01-03,99.910004,55.048639
2007-01-04,100.120003,55.164345
2007-01-05,100.050003,55.125776
2007-01-08,100.110001,55.158834
2007-01-09,100.110001,55.158834
2007-01-10,100.000000,55.098226
2007-01-11,99.809998,54.993538
2007-01-12,99.669998,54.916400
2007-01-16,99.800003,54.988031
2007-01-17,99.739998,54.954969
2007-01-18,99.879997,55.032106
2007-01-19,99.839996,55.010066
2007-01-22,99.889999,55.037617
2007-01-23,99.699997,54.932929
2007-01-24,99.669998,54.916400
2007-01-25,99.540001,54.844774
2007-01-26,99.529999,54.839263
2007-01-29,99.400002,54.767637
2007-01-30,99.550003,54.850285
2007-01-31,99.629997,54.894360
2007-02-01,99.290001,54.923882
2007-02-02,99.430000,55.001325
2007-02-05,99.589996,55.089830
2007-02-06,99.779999,55.194933
2007-02-07,99.900002,55.261314
2007-02-08,99.959999,55.294503
2007-02-09,99.730003,55.167277
2007-02-12,99.629997,55.111957
2007-02-13,99.620003,55.106428
2007-02-14,100.000000,55.316630
2007-02-15,100.139999,55.394073
2007-02-16,100.209999,55.432794
2007-02-20,100.260002,55.460454
2007-02-21,100.250000,55.454921
2007-02-22,100.050003,55.344290
2007-02-23,100.290001,55.477049
2007-02-26,100.510002,55.598746
2007-02-27,100.919998,55.825542
2007-02-28,100.849998,55.786820
2007-03-01,100.440002,55.777856
2007-03-02,100.650002,55.894476
2007-03-05,100.589996,55.861153
2007-03-06,100.519997,55.822280
2007-03-07,100.599998,55.866707
2007-03-08,100.510002,55.816729
2007-03-09,100.230003,55.661236
2007-03-12,100.540001,55.833389
2007-03-13,100.800003,55.977777
2007-03-14,100.680000,55.911135
2007-03-15,100.570000,55.850048
2007-03-16,100.580002,55.855603
2007-03-19,100.510002,55.816729
2007-03-20,100.610001,55.872262
2007-03-21,100.739998,55.944454
2007-03-22,100.550003,55.838943
2007-03-23,100.410004,55.761197
2007-03-26,100.349998,55.727874
2007-03-27,100.370003,55.738983
2007-03-28,100.419998,55.766747
2007-03-29,100.260002,55.677896
2007-03-30,100.260002,55.677896
2007-04-02,100.000000,55.749999
2007-04-03,99.900002,55.694250
2007-04-04,100.010002,55.755575
2007-04-05,99.919998,55.705398
2007-04-09,99.540001,55.493550
2007-04-10,99.690002,55.577175
2007-04-11,99.629997,55.543723
2007-04-12,99.750000,55.610624
2007-04-13,99.589996,55.521422
2007-04-16,99.790001,55.632925
2007-04-17,100.080002,55.794600
2007-04-18,100.230003,55.878226
2007-04-19,100.190002,55.855925
2007-04-20,100.139999,55.828049
2007-04-23,100.239998,55.883798
2007-04-24,100.290001,55.911675
2007-04-25,100.330002,55.933975
2007-04-26,100.139999,55.828049
2007-04-27,100.120003,55.816901
2007-04-30,100.459999,56.006449
2007-05-01,100.019997,55.974128
2007-05-02,100.050003,55.990920
2007-05-03,99.940002,55.929360
2007-05-04,100.070000,56.002111
2007-05-07,100.169998,56.058073
2007-05-08,100.059998,55.996514
2007-05-09,99.940002,55.929360
2007-05-10,100.110001,56.024497
2007-05-11,99.910004,55.912573
2007-05-14,99.930000,55.923763
2007-05-15,99.889999,55.901377
2007-05-16,99.910004,55.912573
2007-05-17,99.739998,55.817432
2007-05-18,99.449997,55.655139
2007-05-21,99.650002,55.767068
2007-05-22,99.449997,55.655139
2007-05-23,99.370003,55.610372
2007-05-24,99.410004,55.632758
2007-05-25,99.360001,55.604775
2007-05-29,99.260002,55.548812
2007-05-30,99.379997,55.615965
2007-05-31,99.160004,55.492851
2007-06-01,98.629997,55.435578
2007-06-04,98.750000,55.503026
2007-06-05,98.470001,55.345651
2007-06-06,98.510002,55.368134
2007-06-07,97.830002,54.985936
2007-06-08,97.709999,54.918487
2007-06-11,97.779999,54.957831
2007-06-12,97.199997,54.631838
2007-06-13,97.349998,54.716147
2007-06-14,97.540001,54.822939
2007-06-15,97.889999,55.019657
2007-06-18,97.959999,55.059001
2007-06-19,98.269997,55.233237
2007-06-20,97.970001,55.064623
2007-06-21,97.849998,54.997175
2007-06-22,98.080002,55.126450
2007-06-25,98.169998,55.177032
2007-06-26,98.050003,55.109589
2007-06-27,98.239998,55.216376
2007-06-28,98.169998,55.177032
2007-06-29,98.360001,55.283825
2007-07-02,98.199997,55.430911
2007-07-03,98.089996,55.368819
2007-07-05,97.680000,55.137388
2007-07-06,97.510002,55.041430
2007-07-09,97.680000,55.137388
2007-07-10,98.099998,55.374464
2007-07-11,97.879997,55.250281
2007-07-12,97.779999,55.193835
2007-07-13,97.900002,55.261573
2007-07-16,98.099998,55.374464
2007-07-17,97.919998,55.272860
2007-07-18,98.169998,55.413977
2007-07-19,98.169998,55.413977
2007-07-20,98.400002,55.543808
2007-07-23,98.339996,55.509936
2007-07-24,98.540001,55.622833
2007-07-25,98.480003,55.588966
2007-07-26,98.830002,55.786530
2007-07-27,98.730003,55.730083
2007-07-30,98.680000,55.701858
2007-07-31,98.989998,55.876842
2007-08-01,98.330002,55.747097
2007-08-02,98.279999,55.718749
2007-08-03,98.709999,55.962532
2007-08-06,98.550003,55.871824
2007-08-07,98.480003,55.832139
2007-08-08,98.360001,55.764105
2007-08-09,98.480003,55.832139
2007-08-10,98.150002,55.645048
2007-08-13,98.330002,55.747097
2007-08-14,98.599998,55.900169
2007-08-15,98.730003,55.973873
2007-08-16,98.669998,55.939854
2007-08-17,98.889999,56.064581
2007-08-20,98.800003,56.013559
2007-08-21,99.260002,56.274350
2007-08-22,99.180000,56.228994
2007-08-23,99.300003,56.297029
2007-08-24,99.050003,56.155294
2007-08-27,99.349998,56.325373
2007-08-28,99.750000,56.552149
2007-08-29,99.550003,56.438763
2007-08-30,99.760002,56.557820
2007-08-31,99.820000,56.591835
2007-09-04,99.279999,56.528776
2007-09-05,99.599998,56.710979
2007-09-06,99.580002,56.699594
2007-09-07,100.199997,57.052611
2007-09-10,100.440002,57.189267
2007-09-11,100.260002,57.086777
2007-09-12,100.120003,57.007064
2007-09-13,99.830002,56.841941
2007-09-14,99.900002,56.881798
2007-09-17,99.940002,56.904573
2007-09-18,100.150002,57.024145
2007-09-19,100.129997,57.012754
2007-09-20,99.419998,56.608490
2007-09-21,99.709999,56.773613
2007-09-24,99.720001,56.779308
2007-09-25,99.800003,56.824860
2007-09-26,99.699997,56.767918
2007-09-27,99.870003,56.864717
2007-09-28,100.019997,56.950121
2007-10-01,99.269997,56.758142
2007-10-02,99.650002,56.975411
2007-10-03,99.699997,57.003996
2007-10-04,99.660004,56.981130
2007-10-05,98.870003,56.529443
2007-10-08,99.650002,56.975411
2007-10-09,99.440002,56.855343
2007-10-10,99.570000,56.929670
2007-10-11,99.639999,56.969692
2007-10-12,99.449997,56.861057
2007-10-15,99.480003,56.878214
2007-10-16,99.639999,56.969692
2007-10-17,99.980003,57.164091
2007-10-18,100.269997,57.329897
2007-10-19,100.730003,57.592908
2007-10-22,100.699997,57.575752
2007-10-23,100.669998,57.558599
2007-10-24,101.110001,57.810173
2007-10-25,100.849998,57.661515
2007-10-26,100.760002,57.610060
2007-10-29,100.760002,57.610060
2007-10-30,100.889999,57.684386
2007-10-31,100.610001,57.524296
2007-11-01,100.440002,57.666357
2007-11-02,100.550003,57.729513
2007-11-05,100.459999,57.677838
2007-11-06,100.330002,57.603202
2007-11-07,100.349998,57.614682
2007-11-08,100.449997,57.672095
2007-11-09,100.800003,57.873047
2007-11-12,100.660004,57.792668
2007-11-13,100.669998,57.798406
2007-11-14,100.629997,57.775440
2007-11-15,101.059998,58.022320
2007-11-16,100.989998,57.982130
2007-11-19,101.209999,58.108441
2007-11-20,101.000000,57.987873
2007-11-21,101.769997,58.429957
2007-11-23,101.250000,58.131407
2007-11-26,102.169998,58.659612
2007-11-27,101.750000,58.418476
2007-11-28,101.500000,58.274941
2007-11-29,101.790001,58.441442
2007-11-30,102.000000,58.562010
2007-12-03,102.129997,58.871292
2007-12-04,101.739998,58.646483
2007-12-05,101.550003,58.536963
2007-12-06,101.440002,58.473554
2007-12-07,100.860001,58.139222
2007-12-10,100.660004,58.023936
2007-12-11,101.150002,58.306388
2007-12-12,101.050003,58.248745
2007-12-13,100.660004,58.023936
2007-12-14,100.379997,57.862531
2007-12-17,100.529999,57.948997
2007-12-18,101.059998,58.254507
2007-12-19,101.269997,58.375558
2007-12-20,101.180000,58.323680
2007-12-21,100.739998,58.070048
2007-12-24,100.769997,58.087340
2007-12-26,100.459999,57.908646
2007-12-27,100.599998,58.226213
2007-12-28,101.139999,58.538760
2007-12-31,101.169998,58.556123
2008-01-02,101.650002,58.833944
2008-01-03,101.919998,58.990215
2008-01-04,102.129997,59.111760
2008-01-07,102.260002,59.187006
2008-01-08,102.519997,59.337488
2008-01-09,102.279999,59.198580
2008-01-10,102.070000,59.077035
2008-01-11,102.510002,59.331703
2008-01-14,102.589996,59.378003
2008-01-15,102.959999,59.592157
2008-01-16,102.650002,59.412734
2008-01-17,103.269997,59.771580
2008-01-18,103.250000,59.760006
2008-01-22,103.410004,59.852615
2008-01-23,103.099998,59.673187
2008-01-24,102.839996,59.522700
2008-01-25,103.019997,59.626883
2008-01-28,103.220001,59.742643
2008-01-29,102.900002,59.557431
2008-01-30,103.059998,59.650035
2008-01-31,103.510002,59.910493
2008-02-01,102.989998,59.849302
2008-02-04,102.930000,59.814436
2008-02-05,103.250000,60.000393
2008-02-06,103.169998,59.953903
2008-02-07,102.260002,59.425088
2008-02-08,102.750000,59.709835
2008-02-11,102.970001,59.837681
2008-02-12,102.930000,59.814436
2008-02-13,102.320000,59.459954
2008-02-14,102.000000,59.273996
2008-02-15,101.949997,59.244939
2008-02-19,101.459999,58.960192
2008-02-20,101.300003,58.867216
2008-02-21,102.129997,59.349540
2008-02-22,101.589996,59.035736
2008-02-25,101.230003,58.826537
2008-02-26,101.720001,59.111284
2008-02-27,101.930000,59.233318
2008-02-28,102.540001,59.587800
2008-02-29,102.930000,59.814436
2008-03-03,102.529999,59.804348
2008-03-04,102.089996,59.547700
2008-03-05,101.440002,59.168567
2008-03-06,101.290001,59.081074
2008-03-07,101.599998,59.261891
2008-03-10,102.139999,59.576866
2008-03-11,101.519997,59.215227
2008-03-12,102.559998,59.821846
2008-03-13,102.120003,59.565203
2008-03-14,102.550003,59.816016
2008-03-17,102.989998,60.072659
2008-03-18,102.750000,59.932671
2008-03-19,103.059998,60.113489
2008-03-20,103.419998,60.323472
2008-03-24,102.660004,59.880178
2008-03-25,102.849998,59.990999
2008-03-26,102.550003,59.816016
2008-03-27,102.589996,59.839343
2008-03-28,102.839996,59.985165
2008-03-31,102.680000,59.891841
2008-04-01,101.570000,59.484854
2008-04-02,101.620003,59.514139
2008-04-03,101.940002,59.701547
2008-04-04,102.459999,60.006085
2008-04-07,102.449997,60.000228
2008-04-08,102.440002,59.994374
2008-04-09,102.889999,60.257916
2008-04-10,102.570000,60.070508
2008-04-11,102.790001,60.199352
2008-04-14,102.669998,60.129072
2008-04-15,102.120003,59.806965
2008-04-16,101.750000,59.590272
2008-04-17,101.730003,59.578560
2008-04-18,102.000000,59.736685
2008-04-21,102.010002,59.742543
2008-04-22,102.160004,59.830392
2008-04-23,102.059998,59.771823
2008-04-24,101.680000,59.549276
2008-04-25,101.580002,59.490712
2008-04-28,101.830002,59.637125
2008-04-29,101.980003,59.724974
2008-04-30,102.599998,60.088076
2008-05-01,102.099998,59.986068
2008-05-02,101.930000,59.886191
2008-05-05,101.970001,59.909692
2008-05-06,101.639999,59.715808
2008-05-07,101.930000,59.886191
2008-05-08,102.190002,60.038948
2008-05-09,102.230003,60.062449
2008-05-12,102.050003,59.956695
2008-05-13,101.470001,59.615931
2008-05-14,101.620003,59.704060
2008-05-15,102.160004,60.021323
2008-05-16,101.910004,59.874442
2008-05-19,102.080002,59.974320
2008-05-20,102.300003,60.103576
2008-05-21,102.160004,60.021323
2008-05-22,101.550003,59.662934
2008-05-23,101.940002,59.892067
2008-05-27,101.370003,59.557180
2008-05-28,100.900002,59.281043
2008-05-29,100.620003,59.116538
2008-05-30,100.980003,59.328046
2008-06-02,100.959999,59.548778
2008-06-03,101.150002,59.660847
2008-06-04,100.790001,59.448509
2008-06-05,100.419998,59.230272
2008-06-06,100.980003,59.560577
2008-06-09,100.470001,59.259765
2008-06-10,99.940002,58.947158
2008-06-11,100.070000,59.023834
2008-06-12,99.449997,58.658141
2008-06-13,99.199997,58.510684
2008-06-16,99.309998,58.575566
2008-06-17,99.650002,58.776109
2008-06-18,100.070000,59.023834
2008-06-19,99.559998,58.723022
2008-06-20,99.860001,58.899972
2008-06-23,99.730003,58.823296
2008-06-24,99.930000,58.941259
2008-06-25,99.980003,58.970752
2008-06-26,100.110001,59.047428
2008-06-27,100.349998,59.188984
2008-06-30,100.400002,59.218478
2008-07-01,99.669998,59.013376
2008-07-02,99.550003,58.942328
2008-07-03,99.580002,58.960090
2008-07-07,99.930000,59.167320
2008-07-08,100.320000,59.398234
2008-07-09,100.709999,59.629148
2008-07-10,100.800003,59.682438
2008-07-11,100.230003,59.344948
2008-07-14,100.379997,59.433758
2008-07-15,100.769997,59.664672
2008-07-16,100.000000,59.208766
2008-07-17,99.559998,58.948246
2008-07-18,98.980003,58.604838
2008-07-21,99.500000,58.912722
2008-07-22,99.160004,58.711415
2008-07-23,99.279999,58.782462
2008-07-24,99.970001,59.191004
2008-07-25,99.459999,58.889038
2008-07-28,99.910004,59.155480
2008-07-29,99.790001,59.084428
2008-07-30,99.900002,59.149558
2008-07-31,100.410004,59.451524
2008-08-01,99.889999,59.381588
2008-08-04,99.599998,59.209192
2008-08-05,99.430000,59.108133
2008-08-06,99.320000,59.042741
2008-08-07,99.839996,59.351863
2008-08-08,99.690002,59.262696
2008-08-11,99.440002,59.114079
2008-08-12,99.860001,59.363756
2008-08-13,99.690002,59.262696
2008-08-14,99.930000,59.405368
2008-08-15,100.220001,59.577765
2008-08-18,100.389999,59.678823
2008-08-19,100.309998,59.631265
2008-08-20,100.470001,59.726382
2008-08-21,100.489998,59.738270
2008-08-22,100.379997,59.672877
2008-08-25,100.690002,59.857166
2008-08-26,100.570000,59.785829
2008-08-27,100.690002,59.857166
2008-08-28,100.779999,59.910667
2008-08-29,100.750000,59.892833
2008-09-02,100.690002,60.092037
2008-09-03,100.669998,60.080099
2008-09-04,101.040001,60.300918
2008-09-05,100.739998,60.121875
2008-09-08,101.370003,60.497864
2008-09-09,101.820000,60.766423
2008-09-10,101.750000,60.724647
2008-09-11,101.620003,60.647064
2008-09-12,101.209999,60.402373
2008-09-15,101.610001,60.641095
2008-09-16,100.580002,60.026389
2008-09-17,100.830002,60.175590
2008-09-18,100.550003,60.008486
2008-09-19,101.000000,60.277045
2008-09-22,99.419998,59.334096
2008-09-23,99.269997,59.244575
2008-09-24,99.389999,59.316192
2008-09-25,99.209999,59.208768
2008-09-26,98.709999,58.910367
2008-09-29,98.260002,58.641808
2008-09-30,98.589996,58.838749
2008-10-01,97.500000,58.419330
2008-10-02,97.879997,58.647014
2008-10-03,98.620003,59.090405
2008-10-06,98.650002,59.108380
2008-10-07,96.610001,57.886067
2008-10-08,94.669998,56.723671
2008-10-09,94.889999,56.855489
2008-10-10,88.400002,52.966861
2008-10-13,91.820000,55.016030
2008-10-14,93.750000,56.172433
2008-10-15,95.250000,57.071192
2008-10-16,93.750000,56.172433
2008-10-17,94.089996,56.376149
2008-10-20,95.769997,57.382760
2008-10-21,96.610001,57.886067
2008-10-22,97.730003,58.557142
2008-10-23,96.010002,57.526564
2008-10-24,95.199997,57.041231
2008-10-27,94.250000,56.472019
2008-10-28,94.580002,56.669747
2008-10-29,96.379997,57.748255
2008-10-30,96.260002,57.676357
2008-10-31,95.959999,57.496604
2008-11-03,94.040001,56.582050
2008-11-04,95.550003,57.490589
2008-11-05,97.000000,58.363025
2008-11-06,96.599998,58.122351
2008-11-07,97.089996,58.417173
2008-11-10,96.470001,58.044134
2008-11-11,97.199997,58.483359
2008-11-12,96.360001,57.977950
2008-11-13,96.690002,58.176505
2008-11-14,96.980003,58.350993
2008-11-17,97.239998,58.507427
2008-11-18,97.099998,58.423191
2008-11-19,97.379997,58.591661
2008-11-20,97.400002,58.603698
2008-11-21,96.620003,58.134388
2008-11-24,96.610001,58.128370
2008-11-25,99.019997,59.578418
2008-11-26,98.639999,59.349780
2008-11-28,98.449997,59.235460
2008-12-01,99.430000,60.070700
2008-12-02,99.529999,60.131114
2008-12-03,99.540001,60.137157
2008-12-04,99.870003,60.336528
2008-12-05,99.320000,60.004243
2008-12-08,99.190002,59.925705
2008-12-09,100.120003,60.487566
2008-12-10,99.940002,60.378818
2008-12-11,100.459999,60.692974
2008-12-12,100.489998,60.711098
2008-12-15,100.730003,60.856098
2008-12-16,101.129997,61.097754
2008-12-17,101.669998,61.423996
2008-12-18,102.309998,61.810653
2008-12-19,101.980003,61.611286
2008-12-22,102.529999,61.943566
2008-12-23,103.529999,62.547717
2008-12-24,104.019997,62.843750
2008-12-26,103.669998,62.632297
2008-12-29,104.089996,63.114992
2008-12-30,104.129997,63.139247
2008-12-31,104.199997,63.181691
2009-01-02,103.550003,62.787567
2009-01-05,105.199997,63.788042
2009-01-06,104.610001,63.430297
2009-01-07,103.650002,62.848202
2009-01-08,102.860001,62.369185
2009-01-09,102.510002,62.156963
2009-01-12,103.050003,62.484392
2009-01-13,103.220001,62.587471
2009-01-14,103.080002,62.502582
2009-01-15,103.070000,62.496517
2009-01-16,103.599998,62.817882
2009-01-20,103.059998,62.490453
2009-01-21,102.519997,62.163023
2009-01-22,102.080002,61.896232
2009-01-23,101.919998,61.799213
2009-01-26,101.820000,61.738580
2009-01-27,102.339996,62.053879
2009-01-28,102.400002,62.090264
2009-01-29,101.489998,61.538483
2009-01-30,102.129997,61.926546
2009-02-02,101.589996,61.820534
2009-02-03,101.139999,61.546698
2009-02-04,101.000000,61.461504
2009-02-05,100.680000,61.266775
2009-02-06,100.949997,61.431076
2009-02-09,100.959999,61.437163
2009-02-10,101.580002,61.814453
2009-02-11,101.559998,61.802280
2009-02-12,102.099998,62.130886
2009-02-13,101.790001,61.942243
2009-02-17,101.870003,61.990927
2009-02-18,101.660004,61.863136
2009-02-19,101.500000,61.765769
2009-02-20,100.980003,61.449336
2009-02-23,101.500000,61.765769
2009-02-24,101.300003,61.644065
2009-02-25,101.209999,61.589295
2009-02-26,100.680000,61.266775
2009-02-27,100.690002,61.272861
2009-03-02,100.699997,61.478601
2009-03-03,100.570000,61.399236
2009-03-04,100.099998,61.112294
2009-03-05,100.430000,61.313764
2009-03-06,100.699997,61.478601
2009-03-09,100.010002,61.057350
2009-03-10,100.239998,61.197766
2009-03-11,100.480003,61.344292
2009-03-12,100.570000,61.399236
2009-03-13,100.669998,61.460286
2009-03-16,100.360001,61.271029
2009-03-17,100.059998,61.087874
2009-03-18,101.650002,62.058591
2009-03-19,101.900002,62.211219
2009-03-20,101.330002,61.863227
2009-03-23,101.330002,61.863227
2009-03-24,100.639999,61.441971
2009-03-25,100.199997,61.173345
2009-03-26,100.400002,61.295450
2009-03-27,100.480003,61.344292
2009-03-30,100.949997,61.631229
2009-03-31,101.470001,61.948698
2009-04-01,101.070000,61.918664
2009-04-02,100.750000,61.722622
2009-04-03,100.419998,61.520453
2009-04-06,100.400002,61.508202
2009-04-07,100.239998,61.410179
2009-04-08,100.570000,61.612349
2009-04-09,100.419998,61.520453
2009-04-13,101.150002,61.967676
2009-04-14,101.129997,61.955420
2009-04-15,101.410004,62.126962
2009-04-16,101.230003,62.016687
2009-04-17,100.669998,61.673611
2009-04-20,101.250000,62.028938
2009-04-21,100.930000,61.832896
2009-04-22,101.199997,61.998305
2009-04-23,101.330002,62.077950
2009-04-24,101.440002,62.145339
2009-04-27,101.599998,62.243358
2009-04-28,101.570000,62.224980
2009-04-29,101.150002,61.967676
2009-04-30,101.639999,62.267864
2009-05-01,100.919998,62.027783
2009-05-04,101.000000,62.076954
2009-05-05,101.209999,62.206025
2009-05-06,101.440002,62.347390
2009-05-07,100.989998,62.070807
2009-05-08,101.180000,62.187587
2009-05-11,101.250000,62.230610
2009-05-12,101.809998,62.574798
2009-05-13,101.900002,62.630117
2009-05-14,101.959999,62.666992
2009-05-15,102.190002,62.808357
2009-05-18,101.889999,62.623968
2009-05-19,101.980003,62.679287
2009-05-20,102.290001,62.869819
2009-05-21,101.970001,62.673140
2009-05-22,101.699997,62.507189
2009-05-26,101.470001,62.365828
2009-05-27,100.910004,62.021641
2009-05-28,100.949997,62.046221
2009-05-29,102.029999,62.710016
2009-06-01,100.459999,61.932184
2009-06-02,101.150002,62.357561
2009-06-03,101.430000,62.530176
2009-06-04,100.589996,62.012326
2009-06-05,100.070000,61.691755
2009-06-08,99.800003,61.525306
2009-06-09,100.250000,61.802723
2009-06-10,99.970001,61.630107
2009-06-11,100.320000,61.845877
2009-06-12,100.809998,62.147954
2009-06-15,101.190002,62.382221
2009-06-16,101.330002,62.468529
2009-06-17,101.529999,62.591824
2009-06-18,100.870003,62.184946
2009-06-19,101.239998,62.413043
2009-06-22,101.389999,62.505516
2009-06-23,101.720001,62.708958
2009-06-24,101.449997,62.542504
2009-06-25,101.919998,62.832253
2009-06-26,102.220001,63.017201
2009-06-29,102.129997,62.961715
2009-06-30,102.150002,62.974047
2009-07-01,101.769997,62.950764
2009-07-02,102.010002,63.099222
2009-07-06,101.930000,63.049736
2009-07-07,102.260002,63.253861
2009-07-08,102.820000,63.600253
2009-07-09,102.529999,63.420870
2009-07-10,102.879997,63.637365
2009-07-13,102.830002,63.606440
2009-07-14,102.519997,63.414684
2009-07-15,101.849998,63.000250
2009-07-16,102.169998,63.198189
2009-07-17,102.169998,63.198189
2009-07-20,102.290001,63.272417
2009-07-21,103.000000,63.711594
2009-07-22,102.650002,63.495099
2009-07-23,102.389999,63.334272
2009-07-24,102.389999,63.334272
2009-07-27,102.080002,63.142521
2009-07-28,102.269997,63.260044
2009-07-29,102.449997,63.371384
2009-07-30,102.580002,63.451800
2009-07-31,103.099998,63.773449
2009-08-03,102.550003,63.639604
2009-08-04,102.239998,63.447224
2009-08-05,102.150002,63.391375
2009-08-06,102.199997,63.422401
2009-08-07,101.589996,63.043851
2009-08-10,102.379997,63.534103
2009-08-11,102.739998,63.757510
2009-08-12,102.690002,63.726484
2009-08-13,102.949997,63.887829
2009-08-14,103.129997,63.999532
2009-08-17,103.559998,64.266378
2009-08-18,103.220001,64.055386
2009-08-19,103.430000,64.185705
2009-08-20,103.599998,64.291201
2009-08-21,103.000000,63.918860
2009-08-24,103.419998,64.179498
2009-08-25,103.589996,64.284994
2009-08-26,103.739998,64.378081
2009-08-27,103.660004,64.328439
2009-08-28,103.589996,64.284994
2009-08-31,104.019997,64.551841
2009-09-01,103.510002,64.441097
2009-09-02,104.059998,64.783502
2009-09-03,103.870003,64.665219
2009-09-04,103.669998,64.540704
2009-09-08,103.519997,64.447320
2009-09-09,103.720001,64.571834
2009-09-10,104.250000,64.901790
2009-09-11,104.239998,64.895563
2009-09-14,104.089996,64.802178
2009-09-15,103.930000,64.702571
2009-09-16,104.010002,64.752377
2009-09-17,104.500000,65.057430
2009-09-18,104.239998,64.895563
2009-09-21,104.160004,64.845762
2009-09-22,104.089996,64.802178
2009-09-23,104.349998,64.964044
2009-09-24,104.480003,65.044980
2009-09-25,104.790001,65.237972
2009-09-28,104.779999,65.231746
2009-09-29,104.730003,65.200620
2009-09-30,104.919998,65.318903
2009-10-01,104.820000,65.470025
2009-10-02,104.620003,65.345108
2009-10-05,104.690002,65.388829
2009-10-06,104.540001,65.295139
2009-10-07,104.959999,65.557468
2009-10-08,104.889999,65.513746
2009-10-09,104.160004,65.057795
2009-10-12,104.400002,65.207697
2009-10-13,104.660004,65.370092
2009-10-14,104.410004,65.213944
2009-10-15,104.250000,65.114006
2009-10-16,104.239998,65.107759
2009-10-19,104.449997,65.238923
2009-10-20,104.699997,65.395072
2009-10-21,104.629997,65.351350
2009-10-22,104.470001,65.251418
2009-10-23,104.339996,65.170217
2009-10-26,104.059998,64.995332
2009-10-27,104.470001,65.251418
2009-10-28,104.620003,65.345108
2009-10-29,104.410004,65.213944
2009-10-30,104.809998,65.463778
2009-11-02,104.320000,65.359606
2009-11-03,104.180000,65.271892
2009-11-04,104.010002,65.165383
2009-11-05,104.279999,65.334544
2009-11-06,104.370003,65.390934
2009-11-09,104.510002,65.478648
2009-11-10,104.540001,65.497443
2009-11-11,104.580002,65.522505
2009-11-12,104.790001,65.654076
2009-11-13,104.900002,65.722995
2009-11-16,105.150002,65.879627
2009-11-17,105.239998,65.936012
2009-11-18,105.019997,65.798175
2009-11-19,105.129997,65.867093
2009-11-20,105.169998,65.892155
2009-11-23,105.150002,65.879627
2009-11-24,105.459999,66.073850
2009-11-25,105.559998,66.136502
2009-11-27,105.650002,66.192892
2009-11-30,105.830002,66.305668
2009-12-01,105.220001,66.143865
2009-12-02,105.019997,66.018138
2009-12-03,105.029999,66.024425
2009-12-04,104.820000,65.892415
2009-12-07,104.919998,65.955276
2009-12-08,105.059998,66.043283
2009-12-09,104.949997,65.974134
2009-12-10,104.870003,65.923848
2009-12-11,104.620003,65.766692
2009-12-14,104.680000,65.804407
2009-12-15,104.389999,65.622106
2009-12-16,104.580002,65.741546
2009-12-17,104.750000,65.848411
2009-12-18,104.750000,65.848411
2009-12-21,104.309998,65.571815
2009-12-22,104.010002,65.383230
2009-12-23,104.050003,65.408376
2009-12-24,103.870003,65.295224
2009-12-28,103.239998,64.899187
2009-12-29,103.059998,64.975878
2009-12-30,103.320000,65.139801
2009-12-31,103.190002,65.057841
2010-01-04,103.309998,65.133495
2010-01-05,103.779999,65.429815
2010-01-06,103.720001,65.391988
2010-01-07,103.599998,65.316330
2010-01-08,103.660004,65.354162
2010-01-11,103.580002,65.303723
2010-01-12,104.239998,65.719829
2010-01-13,103.800003,65.442427
2010-01-14,104.070000,65.612651
2010-01-15,104.269997,65.738742
2010-01-19,104.099998,65.631563
2010-01-20,104.370003,65.801793
2010-01-21,104.400002,65.820706
2010-01-22,104.459999,65.858532
2010-01-25,104.449997,65.852226
2010-01-26,104.580002,65.934190
2010-01-27,104.500000,65.883751
2010-01-28,104.410004,65.827012
2010-01-29,104.650002,65.978322
2010-02-01,104.180000,65.887964
2010-02-02,104.300003,65.963859
2010-02-03,104.110001,65.843694
2010-02-04,104.360001,66.001804
2010-02-05,104.400002,66.027103
2010-02-08,104.599998,66.153589
2010-02-09,104.410004,66.033429
2010-02-10,104.169998,65.881638
2010-02-11,104.000000,65.774124
2010-02-12,104.019997,65.786771
2010-02-16,104.279999,65.951208
2010-02-17,103.959999,65.748826
2010-02-18,103.919998,65.723527
2010-02-19,104.000000,65.774124
2010-02-22,103.820000,65.660284
2010-02-23,104.190002,65.894290
2010-02-24,104.300003,65.963859
2010-02-25,104.510002,66.096672
2010-02-26,104.529999,66.109319
2010-03-01,104.360001,66.206398
2010-03-02,104.400002,66.231774
2010-03-03,104.400002,66.231774
2010-03-04,104.589996,66.352307
2010-03-05,104.389999,66.225429
2010-03-08,104.459999,66.269837
2010-03-09,104.580002,66.345967
2010-03-10,104.510002,66.301559
2010-03-11,104.510002,66.301559
2010-03-12,104.519997,66.307900
2010-03-15,104.650002,66.390375
2010-03-16,104.839996,66.510908
2010-03-17,104.919998,66.561662
2010-03-18,104.830002,66.504568
2010-03-19,104.750000,66.453815
2010-03-22,104.830002,66.504568
2010-03-23,104.849998,66.517254
2010-03-24,104.320000,66.181021
2010-03-25,104.050003,66.009734
2010-03-26,104.220001,66.117581
2010-03-29,104.099998,66.041451
2010-03-30,104.139999,66.066828
2010-03-31,104.199997,66.104890
2010-04-01,103.839996,66.080091
2010-04-05,103.199997,65.672818
2010-04-06,103.330002,65.755549
2010-04-07,103.769997,66.035546
2010-04-08,103.669998,65.971910
2010-04-09,103.779999,66.041911
2010-04-12,104.019997,66.194637
2010-04-13,104.190002,66.302822
2010-04-14,104.070000,66.226457
2010-04-15,104.260002,66.347368
2010-04-16,104.419998,66.449183
2010-04-19,104.230003,66.328277
2010-04-20,104.400002,66.436459
2010-04-21,104.580002,66.551004
2010-04-22,104.370003,66.417368
2010-04-23,104.239998,66.334638
2010-04-26,104.230003,66.328277
2010-04-27,104.559998,66.538274
2010-04-28,104.400002,66.436459
2010-04-29,104.440002,66.461913
2010-04-30,104.889999,66.748275
2010-05-03,104.379997,66.621616
2010-05-04,104.800003,66.889689
2010-05-05,104.720001,66.838627
2010-05-06,104.870003,66.934367
2010-05-07,104.410004,66.640768
2010-05-10,104.400002,66.634384
2010-05-11,104.790001,66.883305
2010-05-12,104.680000,66.813096
2010-05-13,104.830002,66.908836
2010-05-14,105.209999,67.151373
2010-05-17,105.129997,67.100311
2010-05-18,105.489998,67.330085
2010-05-19,105.540001,67.362000
2010-05-20,105.449997,67.304554
2010-05-21,105.900002,67.591775
2010-05-24,105.839996,67.553475
2010-05-25,105.970001,67.636452
2010-05-26,105.849998,67.559859
2010-05-27,105.599998,67.400294
2010-05-28,105.709999,67.470503
2010-06-01,105.559998,67.581648
2010-06-02,105.449997,67.511223
2010-06-03,105.400002,67.479215
2010-06-04,105.669998,67.652072
2010-06-07,105.980003,67.850543
2010-06-08,105.860001,67.773716
2010-06-09,105.919998,67.812127
2010-06-10,105.599998,67.607256
2010-06-11,105.660004,67.645673
2010-06-14,105.809998,67.741703
2010-06-15,105.809998,67.741703
2010-06-16,105.970001,67.844140
2010-06-17,106.220001,68.004195
2010-06-18,106.050003,67.895359
2010-06-21,106.279999,68.042607
2010-06-22,106.389999,68.113031
2010-06-23,106.660004,68.285894
2010-06-24,106.570000,68.228271
2010-06-25,106.720001,68.324305
2010-06-28,106.919998,68.452347
2010-06-29,107.239998,68.657218
2010-06-30,107.250000,68.663621
2010-07-01,106.879997,68.627951
2010-07-02,106.730003,68.531639
2010-07-06,107.059998,68.743530
2010-07-07,106.919998,68.653636
2010-07-08,106.900002,68.640796
2010-07-09,106.739998,68.538057
2010-07-12,106.860001,68.615111
2010-07-13,106.589996,68.441740
2010-07-14,106.949997,68.672898
2010-07-15,107.099998,68.769214
2010-07-16,107.430000,68.981109
2010-07-19,107.330002,68.916900
2010-07-20,107.250000,68.865531
2010-07-21,107.720001,69.167320
2010-07-22,107.620003,69.103111
2010-07-23,107.430000,68.981109
2010-07-26,107.410004,68.968270
2010-07-27,107.370003,68.942585
2010-07-28,107.570000,69.071004
2010-07-29,107.669998,69.135213
2010-07-30,107.849998,69.250791
2010-08-02,107.410004,69.156477
2010-08-03,107.480003,69.201546
2010-08-04,107.290001,69.079212
2010-08-05,107.419998,69.162912
2010-08-06,107.629997,69.298120
2010-08-09,107.629997,69.298120
2010-08-10,107.809998,69.414015
2010-08-11,107.910004,69.478404
2010-08-12,107.739998,69.368945
2010-08-13,107.989998,69.529909
2010-08-16,108.349998,69.761697
2010-08-17,108.220001,69.677998
2010-08-18,108.099998,69.600733
2010-08-19,108.449997,69.826082
2010-08-20,108.300003,69.729507
2010-08-23,108.410004,69.800332
2010-08-24,108.839996,70.077184
2010-08-25,108.589996,69.916221
2010-08-26,108.730003,70.006365
2010-08-27,108.129997,69.620048
2010-08-30,108.860001,70.090065
2010-08-31,108.940002,70.141574
2010-09-01,108.410004,69.992101
2010-09-02,108.269997,69.901709
2010-09-03,108.019997,69.740303
2010-09-07,108.330002,69.940450
2010-09-08,108.250000,69.888799
2010-09-09,107.730003,69.553076
2010-09-10,107.500000,69.404580
2010-09-13,107.739998,69.559529
2010-09-14,108.129997,69.811322
2010-09-15,107.930000,69.682199
2010-09-16,107.750000,69.565986
2010-09-17,107.889999,69.656373
2010-09-20,107.930000,69.682199
2010-09-21,108.389999,69.979185
2010-09-22,108.419998,69.998553
2010-09-23,108.540001,70.076030
2010-09-24,108.139999,69.817779
2010-09-27,108.510002,70.056662
2010-09-28,108.769997,70.224521
2010-09-29,108.690002,70.172874
2010-09-30,108.650002,70.147049
2010-10-01,108.260002,70.065828
2010-10-04,108.440002,70.182324
2010-10-05,108.440002,70.182324
2010-10-06,108.550003,70.253517
2010-10-07,108.599998,70.285874
2010-10-08,108.820000,70.428259
2010-10-11,108.760002,70.389428
2010-10-12,108.650002,70.318236
2010-10-13,108.639999,70.311762
2010-10-14,108.239998,70.052882
2010-10-15,108.019997,69.910497
2010-10-18,108.400002,70.156436
2010-10-19,108.489998,70.214682
2010-10-20,108.620003,70.298821
2010-10-21,108.449997,70.188793
2010-10-22,108.500000,70.221155
2010-10-25,108.510002,70.227628
2010-10-26,108.260002,70.065828
2010-10-27,108.050003,69.929917
2010-10-28,108.320000,70.104659
2010-10-29,108.550003,70.253517
2010-11-01,108.230003,70.224683
2010-11-02,108.419998,70.347960
2010-11-03,108.400002,70.334986
2010-11-04,108.919998,70.672384
2010-11-05,108.620003,70.477733
2010-11-08,108.570000,70.445289
2010-11-09,108.040001,70.101401
2010-11-10,107.949997,70.043002
2010-11-11,107.940002,70.036517
2010-11-12,107.510002,69.757513
2010-11-15,106.919998,69.374690
2010-11-16,107.180000,69.543392
2010-11-17,107.209999,69.562857
2010-11-18,107.180000,69.543392
2010-11-19,107.300003,69.621255
2010-11-22,107.559998,69.789952
2010-11-23,107.669998,69.861325
2010-11-24,107.150002,69.523928
2010-11-26,107.370003,69.666675
2010-11-29,107.440002,69.712093
2010-11-30,107.370003,69.666675
2010-12-01,106.260002,69.303304
2010-12-02,106.050003,69.166341
2010-12-03,106.260002,69.303304
2010-12-06,106.650002,69.557664
2010-12-07,105.820000,69.016332
2010-12-08,105.309998,68.683707
2010-12-09,105.500000,68.807627
2010-12-10,105.300003,68.677188
2010-12-13,105.370003,68.722842
2010-12-14,104.779999,68.338039
2010-12-15,104.599998,68.220641
2010-12-16,104.800003,68.351085
2010-12-17,105.370003,68.722842
2010-12-20,105.440002,68.768496
2010-12-21,105.639999,68.898935
2010-12-22,105.519997,68.820669
2010-12-23,105.320000,68.690230
2010-12-27,105.620003,68.885893
2010-12-28,104.660004,68.482772
2010-12-29,105.400002,68.966979
2010-12-30,105.320000,68.914630
2010-12-31,105.750000,69.195995
2011-01-03,105.629997,69.117473
2011-01-04,105.660004,69.137107
2011-01-05,105.150002,68.803395
2011-01-06,105.169998,68.816479
2011-01-07,105.510002,69.038956
2011-01-10,105.790001,69.222169
2011-01-11,105.580002,69.084759
2011-01-12,105.570000,69.078214
2011-01-13,105.949997,69.326860
2011-01-14,105.730003,69.182910
2011-01-18,105.660004,69.137107
2011-01-19,105.680000,69.150191
2011-01-20,105.279999,68.888456
2011-01-21,105.610001,69.104388
2011-01-24,105.550003,69.065130
2011-01-25,105.879997,69.281056
2011-01-26,105.529999,69.052040
2011-01-27,105.709999,69.169821
2011-01-28,105.860001,69.267972
2011-01-31,105.660004,69.137107
2011-02-01,105.120003,68.990192
2011-02-02,105.000000,68.911434
2011-02-03,104.610001,68.655478
2011-02-04,104.260002,68.425774
2011-02-07,104.300003,68.452026
2011-02-08,104.000000,68.255135
2011-02-09,104.190002,68.379833
2011-02-10,103.889999,68.182941
2011-02-11,104.300003,68.452026
2011-02-14,104.349998,68.484838
2011-02-15,104.480003,68.570160
2011-02-16,104.480003,68.570160
2011-02-17,104.730003,68.734235
2011-02-18,104.690002,68.707983
2011-02-22,105.070000,68.957375
2011-02-23,105.150002,69.009880
2011-02-24,105.169998,69.023004
2011-02-25,105.449997,69.206767
2011-02-28,105.650002,69.338030
2011-03-01,105.279999,69.282072
2011-03-02,105.110001,69.170201
2011-03-03,104.739998,68.926711
2011-03-04,105.019997,69.110971
2011-03-07,105.070000,69.143877
2011-03-08,104.989998,69.091230
2011-03-09,105.239998,69.255748
2011-03-10,105.610001,69.499238
2011-03-11,105.629997,69.512397
2011-03-14,105.690002,69.551884
2011-03-15,105.730003,69.578208
2011-03-16,106.029999,69.775628
2011-03-17,105.959999,69.729563
2011-03-18,105.919998,69.703239
2011-03-21,105.669998,69.538720
2011-03-22,105.680000,69.545302
2011-03-23,105.629997,69.512397
2011-03-24,105.339996,69.321554
2011-03-25,105.250000,69.262330
2011-03-28,105.199997,69.229425
2011-03-29,105.070000,69.143877
2011-03-30,105.250000,69.262330
2011-03-31,105.129997,69.183359
2011-04-01,104.959999,69.277962
2011-04-04,105.129997,69.390168
2011-04-05,104.910004,69.244963
2011-04-06,104.599998,69.040346
2011-04-07,104.760002,69.145956
2011-04-08,104.559998,69.013945
2011-04-11,104.660004,69.079953
2011-04-12,105.059998,69.343965
2011-04-13,105.169998,69.416570
2011-04-14,105.070000,69.350567
2011-04-15,105.449997,69.601381
2011-04-18,105.629997,69.720188
2011-04-19,105.839996,69.858796
2011-04-20,105.690002,69.759794
2011-04-21,105.760002,69.805997
2011-04-25,105.820000,69.845598
2011-04-26,106.209999,70.103014
2011-04-27,106.120003,70.043613
2011-04-28,106.370003,70.208623
2011-04-29,106.459999,70.268024
2011-05-02,106.199997,70.305157
2011-05-03,106.230003,70.325021
2011-05-04,106.430000,70.457421
2011-05-05,106.669998,70.616301
2011-05-06,106.660004,70.609685
2011-05-09,106.779999,70.689122
2011-05-10,106.589996,70.563339
2011-05-11,106.779999,70.689122
2011-05-12,106.620003,70.583204
2011-05-13,106.790001,70.695744
2011-05-16,107.019997,70.848003
2011-05-17,107.139999,70.927445
2011-05-18,106.970001,70.814905
2011-05-19,106.889999,70.761943
2011-05-20,106.989998,70.828143
2011-05-23,107.080002,70.887726
2011-05-24,107.120003,70.914207
2011-05-25,107.099998,70.900964
2011-05-26,107.330002,71.053228
2011-05-27,107.430000,71.119428
2011-05-31,107.459999,71.139287
2011-06-01,107.610001,71.446499
2011-06-02,107.180000,71.161005
2011-06-03,107.320000,71.253956
2011-06-06,107.339996,71.267232
2011-06-07,107.559998,71.413300
2011-06-08,107.650002,71.473057
2011-06-09,107.489998,71.366824
2011-06-10,107.480003,71.360188
2011-06-13,107.339996,71.267232
2011-06-14,107.050003,71.074695
2011-06-15,107.320000,71.253956
2011-06-16,107.389999,71.300431
2011-06-17,107.489998,71.366824
2011-06-20,107.349998,71.273873
2011-06-21,107.449997,71.340266
2011-06-22,107.379997,71.293791
2011-06-23,107.730003,71.526173
2011-06-24,107.629997,71.459775
2011-06-27,107.440002,71.333630
2011-06-28,107.010002,71.048136
2011-06-29,106.690002,70.835676
2011-06-30,106.669998,70.822394
2011-07-01,106.400002,70.844733
2011-07-05,106.809998,71.117722
2011-07-06,106.870003,71.157676
2011-07-07,106.570000,70.957923
2011-07-08,107.120003,71.324134
2011-07-11,107.410004,71.517227
2011-07-12,107.500000,71.577149
2011-07-13,107.709999,71.716974
2011-07-14,107.440002,71.537200
2011-07-15,107.589996,71.637071
2011-07-18,107.430000,71.530541
2011-07-19,107.660004,71.683685
2011-07-20,107.489998,71.570489
2011-07-21,107.320000,71.457299
2011-07-22,107.550003,71.610443
2011-07-25,107.239998,71.404031
2011-07-26,107.489998,71.570489
2011-07-27,107.309998,71.450639
2011-07-28,107.519997,71.590464
2011-07-29,108.160004,72.016602
2011-08-01,108.120003,72.190184
2011-08-02,108.580002,72.497319
2011-08-03,108.690002,72.570765
2011-08-04,109.269997,72.958019
2011-08-05,108.550003,72.477289
2011-08-08,108.599998,72.510670
2011-08-09,109.239998,72.937989
2011-08-10,110.129997,73.532229
2011-08-11,108.760002,72.617503
2011-08-12,109.239998,72.937989
2011-08-15,109.410004,73.051500
2011-08-16,109.639999,73.205064
2011-08-17,109.820000,73.325248
2011-08-18,109.980003,73.432080
2011-08-19,110.029999,73.465461
2011-08-22,109.889999,73.371985
2011-08-23,109.629997,73.198386
2011-08-24,109.010002,72.784424
2011-08-25,109.230003,72.931316
2011-08-26,109.379997,73.031464
2011-08-29,109.260002,72.951345
2011-08-30,109.599998,73.178356
2011-08-31,109.500000,73.111589
2011-09-01,109.620003,73.347176
2011-09-02,109.949997,73.567976
2011-09-06,110.239998,73.762017
2011-09-07,109.980003,73.588053
2011-09-08,110.010002,73.608125
2011-09-09,110.160004,73.708492
2011-09-12,109.940002,73.561288
2011-09-13,109.980003,73.588053
2011-09-14,110.000000,73.601433
2011-09-15,109.680000,73.387320
2011-09-16,109.839996,73.494374
2011-09-19,110.080002,73.654963
2011-09-20,110.300003,73.802166
2011-09-21,110.480003,73.922605
2011-09-22,110.800003,74.136718
2011-09-23,110.230003,73.755329
2011-09-26,109.980003,73.588053
2011-09-27,109.830002,73.487687
2011-09-28,109.739998,73.427465
2011-09-29,109.699997,73.400700
2011-09-30,110.110001,73.675035
2011-10-03,110.339996,73.976332
2011-10-04,110.000000,73.748385
2011-10-05,109.629997,73.500321
2011-10-06,109.449997,73.379641
2011-10-07,109.230003,73.232149
2011-10-10,109.010002,73.084651
2011-10-11,109.269997,73.258962
2011-10-12,109.059998,73.118170
2011-10-13,109.120003,73.158400
2011-10-14,108.940002,73.037720
2011-10-17,109.370003,73.326010
2011-10-18,109.250000,73.245555
2011-10-19,109.410004,73.352828
2011-10-20,109.349998,73.312598
2011-10-21,109.410004,73.352828
2011-10-24,109.239998,73.238850
2011-10-25,109.800003,73.614299
2011-10-26,109.500000,73.413165
2011-10-27,109.080002,73.131582
2011-10-28,109.510002,73.419871
2011-10-31,110.029999,73.768498
2011-11-01,110.269997,74.122450
2011-11-02,110.269997,74.122450
2011-11-03,110.029999,73.961126
2011-11-04,110.000000,73.940961
2011-11-07,110.089996,74.001456
2011-11-08,109.940002,73.900631
2011-11-09,110.129997,74.028344
2011-11-10,109.919998,73.887184
2011-11-11,109.790001,73.799802
2011-11-14,109.879997,73.860296
2011-11-15,109.739998,73.766190
2011-11-16,109.699997,73.739302
2011-11-17,109.639999,73.698972
2011-11-18,109.620003,73.685531
2011-11-21,109.599998,73.672083
2011-11-22,109.680000,73.725860
2011-11-23,109.779999,73.793078
2011-11-25,109.629997,73.692249
2011-11-28,109.620003,73.685531
2011-11-29,109.660004,73.712419
2011-11-30,109.379997,73.524201
2011-12-01,108.839996,73.549952
2011-12-02,109.120003,73.739170
2011-12-05,109.239998,73.820258
2011-12-06,109.139999,73.752683
2011-12-07,109.339996,73.887833
2011-12-08,109.449997,73.962168
2011-12-09,109.389999,73.921623
2011-12-12,109.419998,73.941896
2011-12-13,109.639999,74.090564
2011-12-14,109.910004,74.273023
2011-12-15,109.680000,74.117595
2011-12-16,110.050003,74.367629
2011-12-19,110.160004,74.441964
2011-12-20,110.010002,74.340598
2011-12-21,109.730003,74.151385
2011-12-22,109.900002,74.266264
2011-12-23,109.769997,74.178412
2011-12-27,109.940002,74.312054
2011-12-28,110.129997,74.440478
2011-12-29,110.389999,74.616222
2011-12-30,110.250000,74.521592
2012-01-03,110.029999,74.372886
2012-01-04,109.879997,74.271495
2012-01-05,110.029999,74.372886
2012-01-06,110.120003,74.433723
2012-01-09,110.029999,74.372886
2012-01-10,110.000000,74.352609
2012-01-11,110.389999,74.616222
2012-01-12,110.300003,74.555391
2012-01-13,110.550003,74.724374
2012-01-17,110.580002,74.744651
2012-01-18,110.440002,74.650021
2012-01-19,110.260002,74.528353
2012-01-20,109.980003,74.339092
2012-01-23,109.889999,74.278256
2012-01-24,109.980003,74.339092
2012-01-25,110.139999,74.447239
2012-01-26,110.360001,74.595945
2012-01-27,110.540001,74.717613
2012-01-30,110.860001,74.933912
2012-01-31,111.050003,75.062340
2012-02-01,110.580002,74.930177
2012-02-02,110.610001,74.950505
2012-02-03,110.559998,74.916622
2012-02-06,110.639999,74.970832
2012-02-07,110.529999,74.896295
2012-02-08,110.440002,74.835312
2012-02-09,110.260002,74.713342
2012-02-10,110.410004,74.814985
2012-02-13,110.449997,74.842085
2012-02-14,110.540001,74.903072
2012-02-15,110.500000,74.875967
2012-02-16,110.480003,74.862417
2012-02-17,110.339996,74.767547
2012-02-21,110.169998,74.652354
2012-02-22,110.480003,74.862417
2012-02-23,110.570000,74.923400
2012-02-24,110.599998,74.943727
2012-02-27,110.949997,75.180890
2012-02-28,110.870003,75.126685
2012-02-29,110.760002,75.052147
2012-03-01,110.260002,74.900416
2012-03-02,110.500000,75.063449
2012-03-05,110.339996,74.954757
2012-03-06,110.559998,75.104206
2012-03-07,110.459999,75.036276
2012-03-08,110.209999,74.866449
2012-03-09,110.190002,74.852865
2012-03-12,110.290001,74.920795
2012-03-13,109.919998,74.669449
2012-03-14,109.320000,74.261866
2012-03-15,109.269997,74.227899
2012-03-16,109.279999,74.234693
2012-03-19,108.930000,73.996936
2012-03-20,109.089996,74.105623
2012-03-21,109.349998,74.282244
2012-03-22,109.449997,74.350174
2012-03-23,109.699997,74.520001
2012-03-26,109.620003,74.465660
2012-03-27,109.739998,74.547174
2012-03-28,109.720001,74.533590
2012-03-29,110.019997,74.737379
2012-03-30,109.849998,74.621898
2012-04-02,109.620003,74.630908
2012-04-03,109.150002,74.310924
2012-04-04,109.379997,74.467508
2012-04-05,109.629997,74.637712
2012-04-09,110.110001,74.964505
2012-04-10,110.120003,74.971315
2012-04-11,110.129997,74.978119
2012-04-12,110.019997,74.903229
2012-04-13,110.360001,75.134709
2012-04-16,110.379997,75.148323
2012-04-17,110.400002,75.161942
2012-04-18,110.540001,75.257256
2012-04-19,110.459999,75.202789
2012-04-20,110.480003,75.216408
2012-04-23,110.589996,75.291293
2012-04-24,110.430000,75.182366
2012-04-25,110.480003,75.216408
2012-04-26,110.650002,75.332146
2012-04-27,110.639999,75.325336
2012-04-30,110.599998,75.298103
2012-05-01,110.330002,75.271098
2012-05-02,110.440002,75.346144
2012-05-03,110.559998,75.428009
2012-05-04,110.669998,75.503055
2012-05-07,110.709999,75.530345
2012-05-08,110.790001,75.584926
2012-05-09,110.820000,75.605392
2012-05-10,110.709999,75.530345
2012-05-11,110.790001,75.584926
2012-05-14,111.040001,75.755485
2012-05-15,110.980003,75.714552
2012-05-16,110.959999,75.700904
2012-05-17,111.029999,75.748661
2012-05-18,111.000000,75.728194
2012-05-21,110.980003,75.714552
2012-05-22,110.709999,75.530345
2012-05-23,110.839996,75.619034
2012-05-24,110.750000,75.557635
2012-05-25,110.919998,75.673614
2012-05-29,110.860001,75.632682
2012-05-30,111.230003,75.885111
2012-05-31,111.559998,76.110245
2012-06-01,111.599998,76.300569
2012-06-04,111.339996,76.122806
2012-06-05,111.110001,75.965559
2012-06-06,110.779999,75.739938
2012-06-07,110.949997,75.856165
2012-06-08,110.900002,75.821984
2012-06-11,111.000000,75.890352
2012-06-12,110.910004,75.828822
2012-06-13,111.199997,76.027089
2012-06-14,111.120003,75.972398
2012-06-15,111.379997,76.150155
2012-06-18,111.349998,76.129644
2012-06-19,111.220001,76.040766
2012-06-20,111.050003,75.924539
2012-06-21,111.199997,76.027089
2012-06-22,111.040001,75.917700
2012-06-25,111.389999,76.156993
2012-06-26,111.269997,76.074948
2012-06-27,111.320000,76.109135
2012-06-28,111.449997,76.198013
2012-06-29,111.300003,76.095463
2012-07-02,111.290001,76.241544
2012-07-03,111.209999,76.186737
2012-07-05,111.500000,76.385408
2012-07-06,111.580002,76.440215
2012-07-09,111.800003,76.590932
2012-07-10,111.849998,76.625182
2012-07-11,111.839996,76.618330
2012-07-12,112.040001,76.755347
2012-07-13,112.080002,76.782751
2012-07-16,112.169998,76.844404
2012-07-17,112.129997,76.817001
2012-07-18,112.349998,76.967717
2012-07-19,112.260002,76.906064
2012-07-20,112.419998,77.015672
2012-07-23,112.519997,77.084179
2012-07-24,112.660004,77.180093
2012-07-25,112.699997,77.207491
2012-07-26,112.629997,77.159536
2012-07-27,112.290001,76.926615
2012-07-30,112.480003,77.056780
2012-07-31,112.589996,77.132133
2012-08-01,112.239998,77.042963
2012-08-02,112.260002,77.056694
2012-08-03,111.989998,76.871360
2012-08-06,112.160004,76.988054
2012-08-07,111.860001,76.782128
2012-08-08,111.720001,76.686031
2012-08-09,111.690002,76.665439
2012-08-10,111.870003,76.788994
2012-08-13,111.860001,76.782128
2012-08-14,111.599998,76.603659
2012-08-15,111.239998,76.356550
2012-08-16,111.099998,76.260453
2012-08-17,111.230003,76.349690
2012-08-20,111.190002,76.322232
2012-08-21,111.339996,76.425190
2012-08-22,111.820000,76.754671
2012-08-23,111.900002,76.809586
2012-08-24,111.820000,76.754671
2012-08-27,111.970001,76.857634
2012-08-28,112.059998,76.919409
2012-08-29,111.949997,76.843903
2012-08-30,112.019997,76.891952
2012-08-31,112.370003,77.132200
2012-09-04,112.129997,77.117436
2012-09-05,112.129997,77.117436
2012-09-06,111.870003,76.938625
2012-09-07,111.889999,76.952377
2012-09-10,111.910004,76.966135
2012-09-11,111.779999,76.876724
2012-09-12,111.570000,76.732297
2012-09-13,111.830002,76.911114
2012-09-14,111.370003,76.594749
2012-09-17,111.550003,76.718545
2012-09-18,111.620003,76.766687
2012-09-19,111.839996,76.917987
2012-09-20,111.769997,76.869845
2012-09-21,111.949997,76.993641
2012-09-24,112.070000,77.076173
2012-09-25,112.250000,77.199968
2012-09-26,112.360001,77.275621
2012-09-27,112.290001,77.227478
2012-09-28,112.449997,77.337516
2012-10-01,112.199997,77.307855
2012-10-02,112.290001,77.369869
2012-10-03,112.250000,77.342308
2012-10-04,112.089996,77.232062
2012-10-05,111.860001,77.073591
2012-10-08,112.029999,77.190723
2012-10-09,111.910004,77.108044
2012-10-10,112.089996,77.232062
2012-10-11,112.230003,77.328529
2012-10-12,112.320000,77.390539
2012-10-15,112.379997,77.431878
2012-10-16,112.199997,77.307855
2012-10-17,111.849998,77.066699
2012-10-18,111.809998,77.039138
2012-10-19,111.949997,77.135600
2012-10-22,111.800003,77.032252
2012-10-23,112.050003,77.204506
2012-10-24,111.970001,77.149383
2012-10-25,111.730003,76.984020
2012-10-26,112.029999,77.190723
2012-10-31,112.190002,77.300968
2012-11-01,111.800003,77.199202
2012-11-02,111.870003,77.247538
2012-11-05,112.059998,77.378731
2012-11-06,111.739998,77.157768
2012-11-07,112.000000,77.337302
2012-11-08,112.139999,77.433973
2012-11-09,112.080002,77.392544
2012-11-12,112.050003,77.371830
2012-11-13,112.250000,77.509930
2012-11-14,112.279999,77.530645
2012-11-15,112.169998,77.454688
2012-11-16,112.209999,77.482309
2012-11-19,112.290001,77.537551
2012-11-20,112.080002,77.392544
2012-11-21,111.889999,77.261345
2012-11-23,111.959999,77.309681
2012-11-26,112.000000,77.337302
2012-11-27,112.150002,77.440880
2012-11-28,112.169998,77.454688
2012-11-29,112.309998,77.551359
2012-11-30,112.250000,77.509930
2012-12-03,111.599998,77.521361
2012-12-04,111.669998,77.569985
2012-12-05,111.769997,77.639448
2012-12-06,111.760002,77.632505
2012-12-07,111.660004,77.563043
2012-12-10,111.680000,77.576933
2012-12-11,111.639999,77.549147
2012-12-12,111.330002,77.333812
2012-12-13,111.150002,77.208778
2012-12-14,111.349998,77.347702
2012-12-17,111.080002,77.160153
2012-12-18,110.820000,76.979546
2012-12-19,111.010002,77.111529
2012-12-20,111.019997,77.118471
2012-12-21,111.120003,77.187939
2012-12-24,111.129997,77.194881
2012-12-26,111.050003,77.299489
2012-12-27,111.110001,77.341253
2012-12-28,111.279999,77.459585
2012-12-31,111.080002,77.320371
2013-01-02,110.949997,77.229877
2013-01-03,110.669998,77.034976
2013-01-04,110.790001,77.118508
2013-01-07,110.730003,77.076744
2013-01-08,110.830002,77.146351
2013-01-09,110.750000,77.090664
2013-01-10,110.739998,77.083702
2013-01-11,110.849998,77.160270
2013-01-14,110.949997,77.229877
2013-01-15,110.980003,77.250764
2013-01-16,111.040001,77.292527
2013-01-17,110.800003,77.125470
2013-01-18,110.930000,77.215958
2013-01-22,110.870003,77.174195
2013-01-23,110.989998,77.257721
2013-01-24,110.839996,77.153308
2013-01-25,110.570000,76.965370
2013-01-28,110.410004,76.854000
2013-01-29,110.339996,76.805269
2013-01-30,110.290001,76.770469
2013-01-31,110.389999,76.840075
2013-02-01,109.940002,76.673710
2013-02-04,110.250000,76.889907
2013-02-05,110.019997,76.729500
2013-02-06,110.209999,76.862010
2013-02-07,110.250000,76.889907
2013-02-08,110.279999,76.910829
2013-02-11,110.169998,76.834113
2013-02-12,110.150002,76.820167
2013-02-13,110.040001,76.743451
2013-02-14,110.239998,76.882932
2013-02-15,110.250000,76.889907
2013-02-19,110.120003,76.799246
2013-02-20,110.190002,76.848064
2013-02-21,110.250000,76.889907
2013-02-22,110.309998,76.931751
2013-02-25,110.730003,77.224668
2013-02-26,110.699997,77.203742
2013-02-27,110.730003,77.224668
2013-02-28,110.830002,77.294409
2013-03-01,110.660004,77.322001
2013-03-04,110.580002,77.266101
2013-03-05,110.489998,77.203212
2013-03-06,110.370003,77.119367
2013-03-07,110.139999,76.958656
2013-03-08,109.820000,76.735061
2013-03-11,109.879997,76.776983
2013-03-12,110.080002,76.916734
2013-03-13,109.989998,76.853845
2013-03-14,110.110001,76.937695
2013-03-15,110.209999,77.007567
2013-03-18,110.309998,77.077440
2013-03-19,110.470001,77.189240
2013-03-20,110.349998,77.105389
2013-03-21,110.370003,77.119367
2013-03-22,110.410004,77.147318
2013-03-25,110.370003,77.119367
2013-03-26,110.500000,77.210201
2013-03-27,110.730003,77.370912
2013-03-28,110.730003,77.370912
2013-04-01,110.570000,77.441163
2013-04-02,110.449997,77.357115
2013-04-03,110.570000,77.441163
2013-04-04,110.879997,77.658279
2013-04-05,111.199997,77.882401
2013-04-08,111.010002,77.749332
2013-04-09,111.050003,77.777348
2013-04-10,110.820000,77.616258
2013-04-11,110.839996,77.630263
2013-04-12,111.199997,77.882401
2013-04-15,111.250000,77.917422
2013-04-16,111.250000,77.917422
2013-04-17,111.250000,77.917422
2013-04-18,111.230003,77.903417
2013-04-19,111.239998,77.910417
2013-04-22,111.379997,78.008470
2013-04-23,111.330002,77.973454
2013-04-24,111.309998,77.959444
2013-04-25,111.260002,77.924428
2013-04-26,111.489998,78.085512
2013-04-29,111.559998,78.134539
2013-04-30,111.540001,78.120534
2013-05-01,111.389999,78.156709
2013-05-02,111.400002,78.163727
2013-05-03,110.989998,77.876048
2013-05-06,110.809998,77.749751
2013-05-07,110.750000,77.707654
2013-05-08,110.849998,77.777817
2013-05-09,110.699997,77.672569
2013-05-10,110.480003,77.518211
2013-05-13,110.379997,77.448041
2013-05-14,110.120003,77.265617
2013-05-15,110.279999,77.377878
2013-05-16,110.580002,77.588375
2013-05-17,110.309998,77.398927
2013-05-20,110.199997,77.321745
2013-05-21,110.290001,77.384896
2013-05-22,109.919998,77.125283
2013-05-23,109.879997,77.097217
2013-05-24,109.879997,77.097217
2013-05-28,109.199997,76.620095
2013-05-29,109.349998,76.725343
2013-05-30,109.320000,76.704295
2013-05-31,109.110001,76.556950
2013-06-03,108.970001,76.595762
2013-06-04,108.730003,76.427066
2013-06-05,108.669998,76.384888
2013-06-06,108.949997,76.581701
2013-06-07,108.610001,76.342716
2013-06-10,108.389999,76.188075
2013-06-11,108.400002,76.195106
2013-06-12,108.220001,76.068582
2013-06-13,108.750000,76.441122
2013-06-14,108.779999,76.462208
2013-06-17,108.699997,76.405974
2013-06-18,108.660004,76.377863
2013-06-19,107.930000,75.864738
2013-06-20,107.209999,75.358645
2013-06-21,106.610001,74.936902
2013-06-24,106.180000,74.634651
2013-06-25,106.300003,74.719002
2013-06-26,106.750000,75.035308
2013-06-27,107.199997,75.351614
2013-06-28,107.209999,75.358645
2013-07-01,107.160004,75.462572
2013-07-02,107.160004,75.462572
2013-07-03,107.010002,75.356940
2013-07-05,105.839996,74.533016
2013-07-08,106.389999,74.920331
2013-07-09,106.500000,74.997794
2013-07-10,106.220001,74.800617
2013-07-11,106.930000,75.300602
2013-07-12,106.809998,75.216096
2013-07-15,107.040001,75.378065
2013-07-16,107.209999,75.497779
2013-07-17,107.440002,75.659748
2013-07-18,107.239998,75.518904
2013-07-19,107.519997,75.716081
2013-07-22,107.660004,75.814674
2013-07-23,107.599998,75.772418
2013-07-24,107.250000,75.525947
2013-07-25,107.290001,75.554116
2013-07-26,107.260002,75.532991
2013-07-29,107.260002,75.532991
2013-07-30,107.220001,75.504822
2013-07-31,107.300003,75.561160
2013-08-01,106.489998,75.133983
2013-08-02,106.849998,75.387980
2013-08-05,106.900002,75.423261
2013-08-06,106.790001,75.345650
2013-08-07,106.930000,75.444426
2013-08-08,107.080002,75.550260
2013-08-09,107.150002,75.599648
2013-08-12,107.080002,75.550260
2013-08-13,106.650002,75.246873
2013-08-14,106.510002,75.148096
2013-08-15,106.129997,74.879984
2013-08-16,105.830002,74.668323
2013-08-19,105.500000,74.435490
2013-08-20,105.809998,74.654209
2013-08-21,105.419998,74.379044
2013-08-22,105.550003,74.470769
2013-08-23,105.900002,74.717711
2013-08-26,106.089996,74.851761
2013-08-27,106.370003,75.049320
2013-08-28,106.169998,74.908207
2013-08-29,106.379997,75.056371
2013-08-30,106.209999,74.936429
2013-09-03,105.750000,74.751342
2013-09-04,105.599998,74.645311
2013-09-05,104.889999,74.143435
2013-09-06,105.279999,74.419113
2013-09-09,105.489998,74.567555
2013-09-10,105.300003,74.433254
2013-09-11,105.660004,74.687727
2013-09-12,105.540001,74.602901
2013-09-13,105.690002,74.708932
2013-09-16,105.910004,74.864444
2013-09-17,106.010002,74.935129
2013-09-18,106.900002,75.564242
2013-09-19,106.769997,75.472346
2013-09-20,106.769997,75.472346
2013-09-23,106.849998,75.528896
2013-09-24,107.099998,75.705613
2013-09-25,107.250000,75.811645
2013-09-26,107.230003,75.797510
2013-09-27,107.290001,75.839920
2013-09-30,107.199997,75.776299
2013-10-01,106.930000,75.720191
2013-10-02,107.070000,75.819329
2013-10-03,107.150002,75.875981
2013-10-04,107.059998,75.812246
2013-10-07,107.040001,75.798086
2013-10-08,106.989998,75.762677
2013-10-09,106.910004,75.706031
2013-10-10,107.029999,75.791003
2013-10-11,107.070000,75.819329
2013-10-14,106.870003,75.677705
2013-10-15,106.820000,75.642297
2013-10-16,107.279999,75.968035
2013-10-17,107.580002,76.180476
2013-10-18,107.760002,76.307939
2013-10-21,107.660004,76.237128
2013-10-22,108.040001,76.506214
2013-10-23,108.010002,76.484971
2013-10-24,107.970001,76.456645
2013-10-25,108.010002,76.484971
2013-10-28,107.959999,76.449563
2013-10-29,108.089996,76.541617
2013-10-30,107.889999,76.399994
2013-10-31,107.900002,76.407077
2013-11-01,107.449997,76.222779
2013-11-04,107.559998,76.300811
2013-11-05,107.239998,76.073810
2013-11-06,107.410004,76.194409
2013-11-07,107.489998,76.251155
2013-11-08,106.820000,75.775872
2013-11-11,106.760002,75.733311
2013-11-12,106.720001,75.704935
2013-11-13,107.000000,75.903560
2013-11-14,107.330002,76.137657
2013-11-15,107.360001,76.158938
2013-11-18,107.570000,76.307907
2013-11-19,107.279999,76.102186
2013-11-20,106.980003,75.889375
2013-11-21,107.089996,75.967402
2013-11-22,107.239998,76.073810
2013-11-25,107.320000,76.130562
2013-11-26,107.349998,76.151842
2013-11-27,107.400002,76.187313
2013-11-29,107.440002,76.215689
2013-12-02,106.830002,75.926130
2013-12-03,106.959999,76.018521
2013-12-04,106.680000,75.819520
2013-12-05,106.449997,75.656053
2013-12-06,106.629997,75.783982
2013-12-09,106.760002,75.876379
2013-12-10,106.930000,75.997200
2013-12-11,106.760002,75.876379
2013-12-12,106.599998,75.762661
2013-12-13,106.650002,75.798200
2013-12-16,106.730003,75.855058
2013-12-17,106.910004,75.982989
2013-12-18,106.860001,75.947450
2013-12-19,106.680000,75.819520
2013-12-20,106.860001,75.947450
2013-12-23,106.809998,75.911912
2013-12-24,106.660004,75.805309
2013-12-26,106.389999,75.762749
2013-12-27,106.430000,75.791235
2013-12-30,106.529999,75.862447
2013-12-31,106.430000,75.791235
2014-01-02,106.500000,75.841084
2014-01-03,106.540001,75.869569
2014-01-06,106.680000,75.969266
2014-01-07,106.730003,76.004874
2014-01-08,106.410004,75.776995
2014-01-09,106.559998,75.883810
2014-01-10,107.099998,76.268356
2014-01-13,107.199997,76.339568
2014-01-14,107.040001,76.225631
2014-01-15,106.949997,76.161537
2014-01-16,107.199997,76.339568
2014-01-17,107.250000,76.375176
2014-01-21,107.300003,76.410784
2014-01-22,107.070000,76.246994
2014-01-23,107.349998,76.446387
2014-01-24,107.580002,76.610178
2014-01-27,107.349998,76.446387
2014-01-28,107.529999,76.574569
2014-01-29,107.849998,76.802448
2014-01-30,107.870003,76.816694
2014-01-31,108.070000,76.959117
2014-02-03,108.230003,77.220036
2014-02-04,107.970001,77.034529
2014-02-05,107.699997,76.841887
2014-02-06,107.650002,76.806216
2014-02-07,107.820000,76.927506
2014-02-10,107.930000,77.005989
2014-02-11,107.720001,76.856159
2014-02-12,107.540001,76.727733
2014-02-13,107.769997,76.891830
2014-02-14,107.769997,76.891830
2014-02-18,107.839996,76.941773
2014-02-19,107.760002,76.884699
2014-02-20,107.699997,76.841887
2014-02-21,107.800003,76.913239
2014-02-24,107.699997,76.841887
2014-02-25,107.989998,77.048797
2014-02-26,108.220001,77.212900
2014-02-27,108.330002,77.291383
2014-02-28,108.269997,77.248571
2014-03-03,108.349998,77.448736
2014-03-04,107.949997,77.162815
2014-03-05,108.010002,77.205706
2014-03-06,107.769997,77.034150
2014-03-07,107.470001,76.819713
2014-03-10,107.470001,76.819713
2014-03-11,107.459999,76.812563
2014-03-12,107.699997,76.984114
2014-03-13,107.980003,77.184263
2014-03-14,107.930000,77.148521
2014-03-17,107.870003,77.105635
2014-03-18,108.000000,77.198557
2014-03-19,107.519997,76.855450
2014-03-20,107.440002,76.798269
2014-03-21,107.589996,76.905485
2014-03-24,107.750000,77.019856
2014-03-25,107.639999,76.941228
2014-03-26,107.980003,77.184263
2014-03-27,108.059998,77.241443
2014-03-28,107.900002,77.127078
2014-03-31,107.910004,77.134228
2014-04-01,107.540001,77.016001
2014-04-02,107.360001,76.887092
2014-04-03,107.440002,76.944386
2014-04-04,107.779999,77.187879
2014-04-07,107.940002,77.302467
2014-04-08,108.070000,77.395566
2014-04-09,108.080002,77.402729
2014-04-10,108.330002,77.581770
2014-04-11,108.430000,77.653384
2014-04-14,108.470001,77.682032
2014-04-15,108.480003,77.689195
2014-04-16,108.540001,77.732163
2014-04-17,108.190002,77.481507
2014-04-21,108.180000,77.474344
2014-04-22,108.160004,77.460024
2014-04-23,108.269997,77.538796
2014-04-24,108.370003,77.610417
2014-04-25,108.389999,77.624737
2014-04-28,108.320000,77.574607
2014-04-29,108.370003,77.610417
2014-04-30,108.589996,77.767967
2014-05-01,108.550003,77.881586
2014-05-02,108.680000,77.974855
2014-05-05,108.639999,77.946156
2014-05-06,108.720001,78.003555
2014-05-07,108.720001,78.003555
2014-05-08,108.790001,78.053778
2014-05-09,108.690002,77.982032
2014-05-12,108.599998,77.917456
2014-05-13,108.779999,78.046602
2014-05-14,109.089996,78.269016
2014-05-15,109.320000,78.434038
2014-05-16,109.199997,78.347939
2014-05-19,109.160004,78.319245
2014-05-20,109.209999,78.355115
2014-05-21,109.169998,78.326415
2014-05-22,109.120003,78.290545
2014-05-23,109.230003,78.369467
2014-05-27,109.330002,78.441214
2014-05-28,109.629997,78.656452
2014-05-29,109.570000,78.613406
2014-05-30,109.669998,78.685151
2014-06-02,109.129997,78.445811
2014-06-03,108.839996,78.237350
2014-06-04,108.800003,78.208601
2014-06-05,108.940002,78.309237
2014-06-06,108.879997,78.266103
2014-06-09,108.779999,78.194222
2014-06-10,108.620003,78.079212
2014-06-11,108.699997,78.136714
2014-06-12,108.910004,78.287673
2014-06-13,108.879997,78.266103
2014-06-16,108.820000,78.222976
2014-06-17,108.620003,78.079212
2014-06-18,108.910004,78.287673
2014-06-19,108.750000,78.172658
2014-06-20,108.940002,78.309237
2014-06-23,108.839996,78.237350
2014-06-24,109.029999,78.373929
2014-06-25,109.180000,78.481754
2014-06-26,109.389999,78.632708
2014-06-27,109.389999,78.632708
2014-06-30,109.400002,78.639898
2014-07-01,109.070000,78.543093
2014-07-02,108.690002,78.269450
2014-07-03,108.620003,78.219043
2014-07-07,108.650002,78.240645
2014-07-08,108.870003,78.399072
2014-07-09,108.959999,78.463879
2014-07-10,109.010002,78.499887
2014-07-11,109.160004,78.607906
2014-07-14,109.070000,78.543093
2014-07-15,108.930000,78.442277
2014-07-16,109.019997,78.507085
2014-07-17,109.339996,78.737521
2014-07-18,109.220001,78.651111
2014-07-21,109.260002,78.679916
2014-07-22,109.440002,78.809537
2014-07-23,109.459999,78.823938
2014-07-24,109.120003,78.579101
2014-07-25,109.330002,78.730325
2014-07-28,109.349998,78.744724
2014-07-29,109.459999,78.823938
2014-07-30,109.070000,78.543093
2014-07-31,108.930000,78.442277
2014-08-01,109.139999,78.738079
2014-08-04,109.120003,78.723653
2014-08-05,109.120003,78.723653
2014-08-06,109.129997,78.730863
2014-08-07,109.339996,78.882365
2014-08-08,109.379997,78.911223
2014-08-11,109.389999,78.918439
2014-08-12,109.339996,78.882365
2014-08-13,109.559998,79.041083
2014-08-14,109.620003,79.084374
2014-08-15,109.889999,79.279160
2014-08-18,109.660004,79.113232
2014-08-19,109.510002,79.005014
2014-08-20,109.389999,78.918439
2014-08-21,109.580002,79.055515
2014-08-22,109.559998,79.041083
2014-08-25,109.650002,79.106016
2014-08-26,109.660004,79.113232
2014-08-27,109.800003,79.214233
2014-08-28,110.019997,79.372946
2014-08-29,109.980003,79.344092
2014-09-02,109.449997,79.101725
2014-09-03,109.570000,79.188454
2014-09-04,109.430000,79.087273
2014-09-05,109.370003,79.043912
2014-09-08,109.260002,78.964412
2014-09-09,109.110001,78.856003
2014-09-10,108.959999,78.747594
2014-09-11,108.849998,78.668094
2014-09-12,108.629997,78.509095
2014-09-15,108.610001,78.494643
2014-09-16,108.610001,78.494643
2014-09-17,108.489998,78.407915
2014-09-18,108.500000,78.415143
2014-09-19,108.680000,78.545233
2014-09-22,108.830002,78.653642
2014-09-23,108.930000,78.725913
2014-09-24,108.860001,78.675323
2014-09-25,109.070000,78.827094
2014-09-26,109.059998,78.819865
2014-09-29,109.180000,78.906593
2014-09-30,109.110001,78.856003
2014-10-01,109.529999,79.296907
2014-10-02,109.349998,79.166591
2014-10-03,109.300003,79.130396
2014-10-06,109.400002,79.202793
2014-10-07,109.820000,79.506861
2014-10-08,110.129997,79.731290
2014-10-09,109.910004,79.572021
2014-10-10,109.989998,79.629935
2014-10-13,110.309998,79.861606
2014-10-14,110.559998,80.042600
2014-10-15,110.760002,80.187398
2014-10-16,110.669998,80.122237
2014-10-17,110.519997,80.013640
2014-10-20,110.650002,80.107761
2014-10-21,110.550003,80.035364
2014-10-22,110.489998,79.991922
2014-10-23,110.230003,79.803692
2014-10-24,110.269997,79.832647
2014-10-27,110.309998,79.861606
2014-10-28,110.139999,79.738532
2014-10-29,109.900002,79.564780
2014-10-30,110.080002,79.695095
2014-10-31,110.080002,79.695095
2014-11-03,109.680000,79.544216
2014-11-04,109.690002,79.551470
2014-11-05,109.730003,79.580480
2014-11-06,109.540001,79.442683
2014-11-07,109.910004,79.711024
2014-11-10,109.650002,79.522460
2014-11-11,109.699997,79.558718
2014-11-12,109.709999,79.565972
2014-11-13,109.760002,79.602236
2014-11-14,109.860001,79.674760
2014-11-17,109.730003,79.580480
2014-11-18,109.830002,79.653003
2014-11-19,109.570000,79.464440
2014-11-20,109.769997,79.609485
2014-11-21,109.900002,79.703770
2014-11-24,109.940002,79.732779
2014-11-25,110.180000,79.906835
2014-11-26,110.269997,79.972105
2014-11-28,110.610001,80.218689
2014-12-01,110.080002,80.038385
2014-12-02,109.860001,79.878424
2014-12-03,109.760002,79.805715
2014-12-04,110.089996,80.045652
2014-12-05,109.620003,79.703923
2014-12-08,109.889999,79.900235
2014-12-09,110.059998,80.023840
2014-12-10,110.250000,80.161989
2014-12-11,110.209999,80.132905
2014-12-12,110.559998,80.387387
2014-12-15,110.260002,80.169262
2014-12-16,110.529999,80.365575
2014-12-17,110.389999,80.263782
2014-12-18,110.099998,80.052924
2014-12-19,110.279999,80.183801
2014-12-22,110.449997,80.307406
2014-12-23,109.940002,79.936592
2014-12-24,109.690002,80.023660
2014-12-26,109.739998,80.060134
2014-12-29,109.970001,80.227932
2014-12-30,110.089996,80.315473
2014-12-31,110.120003,80.337365
2015-01-02,110.430000,80.563521
2015-01-05,110.669998,80.738610
2015-01-06,110.949997,80.942882
2015-01-07,110.930000,80.928293
2015-01-08,110.760002,80.804272
2015-01-09,111.029999,81.001247
2015-01-12,111.120003,81.066909
2015-01-13,111.150002,81.088794
2015-01-14,111.419998,81.285768
2015-01-15,111.930000,81.657837
2015-01-16,111.500000,81.344133
2015-01-20,111.690002,81.482748
2015-01-21,111.489998,81.336836
2015-01-22,111.430000,81.293065
2015-01-23,111.709999,81.497336
2015-01-26,111.660004,81.460863
2015-01-27,111.599998,81.417086
2015-01-28,112.070000,81.759973
2015-01-29,111.980003,81.694316
2015-01-30,112.379997,81.986129
2015-02-02,112.199997,81.983303
2015-02-03,111.769997,81.669107
2015-02-04,111.940002,81.793328
2015-02-05,111.709999,81.625267
2015-02-06,111.059998,81.150318
2015-02-09,111.040001,81.135707
2015-02-10,110.919998,81.048022
2015-02-11,110.870003,81.011491
2015-02-12,110.889999,81.026102
2015-02-13,110.760002,80.931115
2015-02-17,110.309998,80.602302
2015-02-18,110.620003,80.828819
2015-02-19,110.529999,80.763054
2015-02-20,110.550003,80.777671
2015-02-23,110.750000,80.923806
2015-02-24,111.239998,81.281842
2015-02-25,111.320000,81.340299
2015-02-26,110.919998,81.048022
2015-02-27,111.199997,81.252614
2015-03-02,110.449997,80.839575
2015-03-03,110.309998,80.737108
2015-03-04,110.370003,80.781026
2015-03-05,110.419998,80.817618
2015-03-06,109.699997,80.290641
2015-03-09,109.980003,80.495581
2015-03-10,110.239998,80.685874
2015-03-11,110.459999,80.846895
2015-03-12,110.550003,80.912770
2015-03-13,110.339996,80.759064
2015-03-16,110.580002,80.934727
2015-03-17,110.559998,80.920086
2015-03-18,111.370003,81.512937
2015-03-19,110.980003,81.227492
2015-03-20,111.320000,81.476340
2015-03-23,111.339996,81.490975
2015-03-24,111.639999,81.710550
2015-03-25,111.430000,81.556850
2015-03-26,111.029999,81.264085
2015-03-27,111.190002,81.381193
2015-03-30,111.239998,81.417785
2015-03-31,111.430000,81.556850
2015-04-01,111.580002,81.821377
2015-04-02,111.430000,81.711381
2015-04-06,111.500000,81.762711
2015-04-07,111.519997,81.777375
2015-04-08,111.529999,81.784710
2015-04-09,111.250000,81.579387
2015-04-10,111.250000,81.579387
2015-04-13,111.370003,81.667385
2015-04-14,111.489998,81.755377
2015-04-15,111.639999,81.865372
2015-04-16,111.580002,81.821377
2015-04-17,111.669998,81.887371
2015-04-20,111.589996,81.828705
2015-04-21,111.470001,81.740713
2015-04-22,111.139999,81.498723
2015-04-23,111.309998,81.623383
2015-04-24,111.500000,81.762711
2015-04-27,111.540001,81.792044
2015-04-28,111.110001,81.476726
2015-04-29,110.860001,81.293401
2015-04-30,110.860001,81.293401
2015-05-01,110.339996,81.062759
2015-05-04,110.129997,80.908480
2015-05-05,110.029999,80.835016
2015-05-06,109.660004,80.563194
2015-05-07,109.930000,80.761550
2015-05-08,110.290001,81.026030
2015-05-11,109.589996,80.511761
2015-05-12,109.580002,80.504419
2015-05-13,109.570000,80.497071
2015-05-14,109.739998,80.621962
2015-05-15,110.199997,80.959907
2015-05-18,109.779999,80.651350
2015-05-19,109.400002,80.372180
2015-05-20,109.570000,80.497071
2015-05-21,109.910004,80.746860
2015-05-22,109.790001,80.658698
2015-05-26,110.059998,80.857055
2015-05-27,110.169998,80.937868
2015-05-28,110.129997,80.908480
2015-05-29,110.169998,80.937868
2015-06-01,109.660004,80.714366
2015-06-02,109.230003,80.397868
2015-06-03,108.800003,80.081370
2015-06-04,109.029999,80.250656
2015-06-05,108.550003,79.897359
2015-06-08,108.709999,80.015123
2015-06-09,108.400002,79.786952
2015-06-10,108.129997,79.588217
2015-06-11,108.709999,80.015123
2015-06-12,108.580002,79.919440
2015-06-15,108.709999,80.015123
2015-06-16,108.889999,80.147610
2015-06-17,108.900002,80.154973
2015-06-18,108.870003,80.132892
2015-06-19,109.209999,80.383144
2015-06-22,108.669998,79.985680
2015-06-23,108.419998,79.801670
2015-06-24,108.589996,79.926796
2015-06-25,108.470001,79.838474
2015-06-26,108.209999,79.647102
2015-06-29,108.849998,80.118168
2015-06-30,108.779999,80.066646
2015-07-01,108.290001,79.864885
2015-07-02,108.440002,79.975512
2015-07-06,108.830002,80.263140
2015-07-07,108.980003,80.373767
2015-07-08,109.239998,80.565516
2015-07-09,108.839996,80.270511
2015-07-10,108.379997,79.931257
2015-07-13,108.220001,79.813259
2015-07-14,108.400002,79.946011
2015-07-15,108.690002,80.159889
2015-07-16,108.779999,80.226263
2015-07-17,108.790001,80.233639
2015-07-20,108.599998,80.093510
2015-07-21,108.779999,80.226263
2015-07-22,108.830002,80.263140
2015-07-23,109.139999,80.491766
2015-07-24,109.120003,80.477019
2015-07-27,109.260002,80.580269
2015-07-28,109.150002,80.499143
2015-07-29,109.059998,80.432765
2015-07-30,109.070000,80.440141
2015-07-31,109.500000,80.757270
2015-08-03,109.400002,80.840665
2015-08-04,109.080002,80.604202
2015-08-05,108.879997,80.456409
2015-08-06,109.010002,80.552476
2015-08-07,109.199997,80.692872
2015-08-10,109.059998,80.589420
2015-08-11,109.419998,80.855441
2015-08-12,109.349998,80.803714
2015-08-13,109.120003,80.633761
2015-08-14,109.070000,80.596811
2015-08-17,109.260002,80.737212
2015-08-18,109.059998,80.589420
2015-08-19,109.400002,80.840665
2015-08-20,109.570000,80.966284
2015-08-21,109.760002,81.106685
2015-08-24,109.720001,81.077126
2015-08-25,109.459999,80.884999
2015-08-26,108.949997,80.508135
2015-08-27,109.099998,80.618978
2015-08-28,109.000000,80.545085
2015-08-31,108.919998,80.485968
2015-09-01,109.019997,80.724683
2015-09-02,108.879997,80.621019
2015-09-03,109.040001,80.739495
2015-09-04,109.269997,80.909797
2015-09-08,109.010002,80.717282
2015-09-09,109.050003,80.746901
2015-09-10,108.930000,80.658044
2015-09-11,109.059998,80.754302
2015-09-14,109.089996,80.776514
2015-09-15,108.599998,80.413692
2015-09-16,108.510002,80.347053
2015-09-17,109.190002,80.850565
2015-09-18,109.279999,80.917204
2015-09-21,108.989998,80.702470
2015-09-22,109.250000,80.894991
2015-09-23,109.160004,80.828352
2015-09-24,109.300003,80.932016
2015-09-25,109.110001,80.791327
2015-09-28,109.370003,80.983848
2015-09-29,109.540001,81.109724
2015-09-30,109.580002,81.139343
2015-10-01,109.459999,81.202447
2015-10-02,109.790001,81.447257
2015-10-05,109.379997,81.143097
2015-10-06,109.650002,81.343400
2015-10-07,109.570000,81.284050
2015-10-08,109.419998,81.172772
2015-10-09,109.330002,81.106009
2015-10-12,109.610001,81.313725
2015-10-13,109.620003,81.321145
2015-10-14,110.029999,81.625299
2015-10-15,109.879997,81.514020
2015-10-16,109.769997,81.432417
2015-10-19,109.879997,81.514020
2015-10-20,109.660004,81.350820
2015-10-21,109.919998,81.543695
2015-10-22,109.940002,81.558535
2015-10-23,109.750000,81.417583
2015-10-26,109.800003,81.454677
2015-10-27,109.959999,81.573370
2015-10-28,109.629997,81.328559
2015-10-29,109.160004,80.979897
2015-10-30,109.449997,81.195027
2015-11-02,109.019997,81.034927
2015-11-03,108.820000,80.886268
2015-11-04,108.820000,80.886268
2015-11-05,108.769997,80.849101
2015-11-06,108.250000,80.462585
2015-11-09,108.180000,80.410554
2015-11-10,108.379997,80.559212
2015-11-11,108.239998,80.455151
2015-11-12,108.339996,80.529480
2015-11-13,108.550003,80.685578
2015-11-16,108.639999,80.752473
2015-11-17,108.720001,80.811939
2015-11-18,108.639999,80.752473
2015-11-19,108.690002,80.789640
2015-11-20,108.620003,80.737610
2015-11-23,108.650002,80.759908
2015-11-24,108.750000,80.834237
2015-11-25,108.800003,80.871404
2015-11-27,108.769997,80.849101
2015-11-30,108.809998,80.878834
2015-12-01,108.820000,81.162161
2015-12-02,108.690002,81.065204
2015-12-03,107.889999,80.468531
2015-12-04,108.239998,80.729573
2015-12-07,108.400002,80.848911
2015-12-08,108.440002,80.878744
2015-12-09,108.440002,80.878744
2015-12-10,108.419998,80.863824
2015-12-11,108.690002,81.065204
2015-12-14,108.180000,80.684825
2015-12-15,108.190002,80.692284
2015-12-16,108.000000,80.550574
2015-12-17,108.150002,80.662451
2015-12-18,108.379997,80.833990
2015-12-21,108.279999,80.759408
2015-12-22,108.199997,80.699739
2015-12-23,108.180000,80.684825
2015-12-24,108.010002,80.723944
2015-12-28,108.010002,80.723944
2015-12-29,107.739998,80.522150
2015-12-30,107.720001,80.507204
2015-12-31,108.010002,80.723944
2016-01-04,107.970001,80.694048
2016-01-05,108.019997,80.731414
2016-01-06,108.430000,81.037840
2016-01-07,108.419998,81.030364
2016-01-08,108.660004,81.209739
2016-01-11,108.349998,80.978048
2016-01-12,108.589996,81.157417
2016-01-13,108.839996,81.344260
2016-01-14,108.800003,81.314370
2016-01-15,108.930000,81.411527
2016-01-19,108.820000,81.329316
2016-01-20,108.910004,81.396582
2016-01-21,108.760002,81.284475
2016-01-22,108.839996,81.344260
2016-01-25,108.779999,81.299420
2016-01-26,108.919998,81.404052
2016-01-27,108.940002,81.419002
2016-01-28,109.029999,81.486264
2016-01-29,109.349998,81.725423
2016-02-01,108.989998,81.626572
2016-02-02,109.320000,81.873723
2016-02-03,109.309998,81.866232
2016-02-04,109.419998,81.948615
2016-02-05,109.320000,81.873723
2016-02-08,109.739998,82.188274
2016-02-09,109.730003,82.180789
2016-02-10,110.000000,82.382999
2016-02-11,110.070000,82.435425
2016-02-12,109.769997,82.210742
2016-02-16,109.500000,82.008531
2016-02-17,109.440002,81.963597
2016-02-18,109.769997,82.210742
2016-02-19,109.790001,82.225724
2016-02-22,109.820000,82.248191
2016-02-23,109.839996,82.263167
2016-02-24,109.879997,82.293125
2016-02-25,110.160004,82.502832
2016-02-26,109.959999,82.353041
2016-02-29,110.089996,82.450401
2016-03-01,109.540001,82.203147
2016-03-02,109.419998,82.113092
2016-03-03,109.550003,82.210653
2016-03-04,109.379997,82.083073
2016-03-07,109.349998,82.060561
2016-03-08,109.620003,82.263183
2016-03-09,109.570000,82.225659
2016-03-10,109.620003,82.263183
2016-03-11,109.419998,82.113092
2016-03-14,109.480003,82.158122
2016-03-15,109.379997,82.083073
2016-03-16,109.849998,82.435781
2016-03-17,110.080002,82.608385
2016-03-18,110.169998,82.675921
2016-03-21,109.930000,82.495817
2016-03-22,109.860001,82.443287
2016-03-23,110.099998,82.623391
2016-03-24,110.110001,82.630897
2016-03-28,110.190002,82.690933
2016-03-29,110.519997,82.938574
2016-03-30,110.480003,82.908561
2016-03-31,110.830002,83.171214
2016-04-01,110.510002,83.097173
2016-04-04,110.620003,83.179887
2016-04-05,110.769997,83.292674
2016-04-06,110.750000,83.277638
2016-04-07,110.989998,83.458102
2016-04-08,110.879997,83.375388
2016-04-11,110.959999,83.435545
2016-04-12,110.779999,83.300195
2016-04-13,110.830002,83.337794
2016-04-14,110.639999,83.194923
2016-04-15,110.949997,83.428024
2016-04-18,110.940002,83.420508
2016-04-19,110.930000,83.412987
2016-04-20,110.660004,83.209966
2016-04-21,110.510002,83.097173
2016-04-22,110.519997,83.104689
2016-04-25,110.400002,83.014459
2016-04-26,110.349998,82.976859
2016-04-27,110.680000,83.225002
2016-04-28,110.900002,83.390430
2016-04-29,110.889999,83.382909
2016-05-02,110.610001,83.326554
2016-05-03,110.809998,83.477219
2016-05-04,110.860001,83.514888
2016-05-05,111.139999,83.725821
2016-05-06,110.970001,83.597755
2016-05-09,111.040001,83.650489
2016-05-10,111.089996,83.688152
2016-05-11,111.089996,83.688152
2016-05-12,110.989998,83.612820
2016-05-13,111.199997,83.771019
2016-05-16,111.010002,83.627889
2016-05-17,110.860001,83.514888
2016-05-18,110.400002,83.168354
2016-05-19,110.470001,83.221087
2016-05-20,110.540001,83.273820
2016-05-23,110.519997,83.258751
2016-05-24,110.459999,83.213552
2016-05-25,110.480003,83.228622
2016-05-26,110.650002,83.356688
2016-05-27,110.629997,83.341618
2016-05-31,110.699997,83.394351
2016-06-01,110.419998,83.347676
2016-06-02,110.699997,83.559026
2016-06-03,111.300003,84.011925
2016-06-06,111.150002,83.898700
2016-06-07,111.250000,83.974181
2016-06-08,111.290001,84.004375
2016-06-09,111.370003,84.064763
2016-06-10,111.519997,84.177982
2016-06-13,111.610001,84.245919
2016-06-14,111.559998,84.208175
2016-06-15,111.800003,84.389337
2016-06-16,111.870003,84.442175
2016-06-17,111.790001,84.381787
2016-06-20,111.480003,84.147793
2016-06-21,111.400002,84.087407
2016-06-22,111.470001,84.140243
2016-06-23,111.279999,83.996825
2016-06-24,111.879997,84.449718
2016-06-27,112.330002,84.789393
2016-06-28,112.470001,84.895068
2016-06-29,112.389999,84.834680
2016-06-30,112.620003,85.008293
2016-07-01,112.650002,85.191665
2016-07-05,112.949997,85.418536
2016-07-06,113.160004,85.577354
2016-07-07,113.080002,85.516852
2016-07-08,113.250000,85.645414
2016-07-11,112.949997,85.418536
2016-07-12,112.610001,85.161414
2016-07-13,112.769997,85.282411
2016-07-14,112.669998,85.206787
2016-07-15,112.260002,84.896727
2016-07-18,112.279999,84.911850
2016-07-19,112.510002,85.085789
2016-07-20,112.410004,85.010166
2016-07-21,112.510002,85.085789
2016-07-22,112.529999,85.100912
2016-07-25,112.400002,85.002602
2016-07-26,112.400002,85.002602
2016-07-27,112.730003,85.252165
2016-07-28,112.720001,85.244601
2016-07-29,113.019997,85.471474
2016-08-01,112.550003,85.271990
2016-08-02,112.220001,85.021969
2016-08-03,112.339996,85.112881
2016-08-04,112.550003,85.271990
2016-08-05,112.169998,84.984085
2016-08-08,112.239998,85.037119
2016-08-09,112.529999,85.256834
2016-08-10,112.660004,85.355331
2016-08-11,112.360001,85.128038
2016-08-12,112.629997,85.332597
2016-08-15,112.430000,85.181072
2016-08-16,112.360001,85.128038
2016-08-17,112.570000,85.287141
2016-08-18,112.730003,85.408365
2016-08-19,112.480003,85.218956
2016-08-22,112.650002,85.347753
2016-08-23,112.680000,85.370481
2016-08-24,112.639999,85.340174
2016-08-25,112.519997,85.249257
2016-08-26,112.339996,85.112881
2016-08-29,112.650002,85.347753
2016-08-30,112.589996,85.302290
2016-08-31,112.570000,85.287141
2016-09-01,112.459999,85.361202
2016-09-02,112.309998,85.247346
2016-09-06,112.550003,85.429518
2016-09-07,112.610001,85.475059
2016-09-08,112.220001,85.179035
2016-09-09,111.730003,84.807109
2016-09-12,111.820000,84.875420
2016-09-13,111.510002,84.640120
2016-09-14,111.650002,84.746385
2016-09-15,111.720001,84.799517
2016-09-16,111.800003,84.860241
2016-09-19,111.709999,84.791925
2016-09-20,111.750000,84.822287
2016-09-21,112.029999,85.034817
2016-09-22,112.260002,85.209397
2016-09-23,112.230003,85.186627
2016-09-26,112.370003,85.292892
2016-09-27,112.510002,85.399156
2016-09-28,112.540001,85.421927
2016-09-29,112.540001,85.421927
2016-09-30,112.419998,85.330840
2016-10-03,112.089996,85.234380
2016-10-04,111.709999,84.945427
2016-10-05,111.559998,84.831364
2016-10-06,111.559998,84.831364
2016-10-07,111.580002,84.846576
2016-10-10,111.529999,84.808553
2016-10-11,111.360001,84.679285
2016-10-12,111.400002,84.709702
2016-10-13,111.559998,84.831364
2016-10-14,111.370003,84.686890
2016-10-17,111.559998,84.831364
2016-10-18,111.739998,84.968238
2016-10-19,111.800003,85.013867
2016-10-20,111.760002,84.983450
2016-10-21,111.830002,85.036678
2016-10-24,111.660004,84.907410
2016-10-25,111.660004,84.907410
2016-10-26,111.440002,84.740118
2016-10-27,111.160004,84.527205
2016-10-28,111.160004,84.527205
2016-10-31,111.300003,84.633662
2016-11-01,111.029999,84.587765
2016-11-02,111.160004,84.686809
2016-11-03,111.010002,84.572530
2016-11-04,111.239998,84.747752
2016-11-07,111.110001,84.648714
2016-11-08,110.930000,84.511581
2016-11-09,109.900002,83.726881
2016-11-10,109.449997,83.384047
2016-11-11,109.250000,83.231680
2016-11-14,108.809998,82.896466
2016-11-15,108.889999,82.957414
2016-11-16,109.129997,83.140256
2016-11-17,108.720001,82.827902
2016-11-18,108.370003,82.561258
2016-11-21,108.459999,82.629821
2016-11-22,108.559998,82.706004
2016-11-23,108.180000,82.416505
2016-11-25,108.169998,82.408885
2016-11-28,108.550003,82.698390
2016-11-29,108.669998,82.789808
2016-11-30,108.239998,82.462214
2016-12-01,107.680000,82.190421
2016-12-02,108.019997,82.449935
2016-12-05,108.110001,82.518633
2016-12-06,108.089996,82.503364
2016-12-07,108.370003,82.717089
2016-12-08,108.169998,82.564428
2016-12-09,107.839996,82.312543
2016-12-12,107.739998,82.236216
2016-12-13,107.879997,82.343075
2016-12-14,107.290001,81.892741
2016-12-15,107.160004,81.793516
2016-12-16,107.230003,81.846945
2016-12-19,107.510002,82.060664
2016-12-20,107.410004,81.984337
2016-12-21,107.639999,82.159888
2016-12-22,107.389999,82.158867
2016-12-23,107.419998,82.181818
2016-12-27,107.339996,82.120612
2016-12-28,107.510002,82.250676
2016-12-29,107.839996,82.503138
2016-12-30,108.059998,82.671451
2017-01-03,108.169998,82.755606
2017-01-04,108.199997,82.778557
2017-01-05,108.650002,83.122834
2017-01-06,108.290001,82.847415
2017-01-09,108.470001,82.985124
2017-01-10,108.440002,82.962173
2017-01-11,108.570000,83.061628
2017-01-12,108.610001,83.092231
2017-01-13,108.419998,82.946869
2017-01-17,108.790001,83.229941
2017-01-18,108.320000,82.870366
2017-01-19,108.040001,82.656152
2017-01-20,108.080002,82.686755
2017-01-23,108.379997,82.916266
2017-01-24,108.209999,82.786209
2017-01-25,107.919998,82.564344
2017-01-26,107.989998,82.617897
2017-01-27,108.080002,82.686755
2017-01-30,108.029999,82.648500
2017-01-31,108.290001,82.847415
2017-02-01,107.919998,82.730928
2017-02-02,107.980003,82.776928
2017-02-03,108.010002,82.799925
2017-02-06,108.320000,83.037568
2017-02-07,108.430000,83.121893
2017-02-08,108.739998,83.359536
2017-02-09,108.480003,83.160225
2017-02-10,108.459999,83.144890
2017-02-13,108.300003,83.022238
2017-02-14,108.059998,82.838252
2017-02-15,107.889999,82.707931
2017-02-16,108.120003,82.884251
2017-02-17,108.360001,83.068233
2017-02-21,108.349998,83.060564
2017-02-22,108.419998,83.114226
2017-02-23,108.599998,83.252213
2017-02-24,109.000000,83.558853
2017-02-27,108.800003,83.405536
2017-02-28,108.769997,83.382533
2017-03-01,108.040001,82.990995
2017-03-02,107.839996,82.837362
2017-03-03,107.919998,82.898815
2017-03-06,107.870003,82.860411
2017-03-07,107.730003,82.752870
2017-03-08,107.470001,82.553150
2017-03-09,107.139999,82.299658
2017-03-10,107.300003,82.422566
2017-03-13,107.120003,82.284298
2017-03-14,107.160004,82.315025
2017-03-15,107.779999,82.791275
2017-03-16,107.660004,82.699101
2017-03-17,107.889999,82.875771
2017-03-20,108.050003,82.998679
2017-03-21,108.269997,83.167667
2017-03-22,108.419998,83.282890
2017-03-23,108.449997,83.305934
2017-03-24,108.360001,83.236804
2017-03-27,108.620003,83.436524
2017-03-28,108.370003,83.244487
2017-03-29,108.610001,83.428841
2017-03-30,108.410004,83.275214
2017-03-31,108.489998,83.336661
2017-04-03,108.669998,83.646398
2017-04-04,108.570000,83.569427
2017-04-05,108.690002,83.661796
2017-04-06,108.680000,83.654097
2017-04-07,108.440002,83.469364
2017-04-10,108.580002,83.577126
2017-04-11,108.889999,83.815739
2017-04-12,109.129997,84.000473
2017-04-13,109.269997,84.108235
2017-04-17,109.209999,84.062052
2017-04-18,109.650002,84.400735
2017-04-19,109.480003,84.269882
2017-04-20,109.309998,84.139024
2017-04-21,109.339996,84.162115
2017-04-24,109.180000,84.038961
2017-04-25,108.820000,83.761859
2017-04-26,108.959999,83.869620
2017-04-27,109.059998,83.946592
2017-04-28,109.250000,84.092842
2017-05-01,108.730003,83.876184
2017-05-02,108.879997,83.991892
2017-05-03,108.769997,83.907036
2017-05-04,108.680000,83.837611
2017-05-05,108.699997,83.853037
2017-05-08,108.489998,83.691040
2017-05-09,108.500000,83.698756
2017-05-10,108.529999,83.721898
2017-05-11,108.519997,83.714182
2017-05-12,108.919998,84.022750
2017-05-15,108.879997,83.991892
2017-05-16,109.019997,84.099891
2017-05-17,109.580002,84.531888
2017-05-18,109.519997,84.485599
2017-05-19,109.519997,84.485599
2017-05-22,109.449997,84.431600
2017-05-23,109.239998,84.269603
2017-05-24,109.430000,84.416174
2017-05-25,109.480003,84.454747
2017-05-26,109.440002,84.423890
2017-05-30,109.650002,84.585887
2017-05-31,109.760002,84.670743
2017-06-01,109.480003,84.632209
2017-06-02,109.839996,84.910497
2017-06-05,109.669998,84.779082
2017-06-06,109.889999,84.949151
2017-06-07,109.760002,84.848659
2017-06-08,109.650002,84.763625
2017-06-09,109.559998,84.694048
2017-06-12,109.559998,84.694048
2017-06-13,109.589996,84.717238
2017-06-14,109.940002,84.987806
2017-06-15,109.870003,84.933694
2017-06-16,109.940002,84.987806
2017-06-19,109.790001,84.871849
2017-06-20,109.959999,85.003264
2017-06-21,109.980003,85.018728
2017-06-22,110.029999,85.057377
2017-06-23,110.050003,85.072841
2017-06-26,110.150002,85.150144
2017-06-27,109.820000,84.895039
2017-06-28,109.860001,84.925962
2017-06-29,109.650002,84.763625
2017-06-30,109.510002,84.655399
2017-07-03,109.089996,84.504472
2017-07-05,109.150002,84.550954
2017-07-06,108.940002,84.388282
2017-07-07,108.900002,84.357296
2017-07-10,108.949997,84.396024
2017-07-11,109.050003,84.473492
2017-07-12,109.379997,84.729115
2017-07-13,109.260002,84.636164
2017-07-14,109.370003,84.721374
2017-07-17,109.419998,84.760101
2017-07-18,109.669998,84.953759
2017-07-19,109.699997,84.976997
2017-07-20,109.730003,85.000241
2017-07-21,109.919998,85.147417
2017-07-24,109.820000,85.069955
2017-07-25,109.430000,84.767849
2017-07-26,109.639999,84.930521
2017-07-27,109.480003,84.806583
2017-07-28,109.699997,84.976997
2017-07-31,109.650002,84.938270
2017-08-01,109.720001,85.171026
2017-08-02,109.639999,85.108924
2017-08-03,109.860001,85.279702
2017-08-04,109.680000,85.139975
2017-08-07,109.669998,85.132211
2017-08-08,109.570000,85.054586
2017-08-09,109.669998,85.132211
2017-08-10,109.779999,85.217600
2017-08-11,109.870003,85.287466
2017-08-14,109.820000,85.248651
2017-08-15,109.660004,85.124453
2017-08-16,109.860001,85.279702
2017-08-17,110.019997,85.403900
2017-08-18,109.949997,85.349562
2017-08-21,110.029999,85.411664
2017-08-22,109.930000,85.334039
2017-08-23,110.180000,85.528104
2017-08-24,110.040001,85.419428
2017-08-25,110.120003,85.481531
2017-08-28,110.160004,85.512582
2017-08-29,110.320000,85.636780
2017-08-30,110.300003,85.621257
2017-08-31,110.449997,85.737691
2017-09-01,109.970001,85.543026
2017-09-05,110.419998,85.893068
2017-09-06,110.300003,85.799727
2017-09-07,110.570000,86.009751
2017-09-08,110.440002,85.908629
2017-09-11,110.139999,85.675263
2017-09-12,109.980003,85.550806
2017-09-13,109.870003,85.465240
2017-09-14,109.930000,85.511910
2017-09-15,109.910004,85.496356
2017-09-18,109.860001,85.457460
2017-09-19,109.800003,85.410789
2017-09-20,109.709999,85.340777
2017-09-21,109.690002,85.325222
2017-09-22,109.769997,85.387448
2017-09-25,110.029999,85.589697
2017-09-26,109.989998,85.558581
2017-09-27,109.669998,85.309661
2017-09-28,109.680000,85.317441
2017-09-29,109.589996,85.247429
2017-10-02,109.430000,85.299879
2017-10-03,109.519997,85.370031
2017-10-04,109.489998,85.346647
2017-10-05,109.440002,85.307676
2017-10-06,109.279999,85.182954
2017-10-09,109.430000,85.299879
2017-10-10,109.440002,85.307676
2017-10-11,109.459999,85.323263
2017-10-12,109.589996,85.424595
2017-10-13,109.860001,85.635062
2017-10-16,109.750000,85.549317
2017-10-17,109.709999,85.518136
2017-10-18,109.540001,85.385624
2017-10-19,109.620003,85.447985
2017-10-20,109.300003,85.198547
2017-10-23,109.419998,85.292083
2017-10-24,109.190002,85.112802
2017-10-25,109.120003,85.058239
2017-10-26,109.000000,84.964697
2017-10-27,109.239998,85.151774
2017-10-30,109.540001,85.385624
2017-10-31,109.470001,85.331060
2017-11-01,109.290001,85.368552
2017-11-02,109.349998,85.415417
2017-11-03,109.449997,85.493528
2017-11-06,109.550003,85.571644
2017-11-07,109.580002,85.595077
2017-11-08,109.510002,85.540399
2017-11-09,109.430000,85.477908
2017-11-10,108.989998,85.134213
2017-11-13,108.989998,85.134213
2017-11-14,109.099998,85.220137
2017-11-15,109.309998,85.384172
2017-11-16,109.190002,85.290441
2017-11-17,109.309998,85.384172
2017-11-20,109.250000,85.337306
2017-11-21,109.360001,85.423230
2017-11-22,109.550003,85.571644
2017-11-24,109.529999,85.556019
2017-11-27,109.529999,85.556019
2017-11-28,109.529999,85.556019
2017-11-29,109.260002,85.345119
2017-11-30,109.080002,85.204517
2017-12-01,109.160004,85.447866
2017-12-04,109.150002,85.440037
2017-12-05,109.260002,85.526142
2017-12-06,109.370003,85.612248
2017-12-07,109.230003,85.502660
2017-12-08,109.190002,85.471348
2017-12-11,109.150002,85.440037
2017-12-12,109.099998,85.400895
2017-12-13,109.410004,85.643560
2017-12-14,109.440002,85.667042
2017-12-15,109.470001,85.690524
2017-12-18,109.330002,85.580936
2017-12-19,109.010002,85.330448
2017-12-20,108.760002,85.134754
2017-12-21,108.820000,85.210244
2017-12-22,108.870003,85.249398
2017-12-26,108.959999,85.319868
2017-12-27,109.300003,85.586104
2017-12-28,109.220001,85.523460
2017-12-29,109.330002,85.609595
2018-01-02,109.169998,85.484305
2018-01-03,109.180000,85.492137
2018-01-04,109.110001,85.437326
2018-01-05,109.040001,85.382513
2018-01-08,109.010002,85.359022
2018-01-09,108.709999,85.124109
2018-01-10,108.709999,85.124109
2018-01-11,108.760002,85.163263
2018-01-12,108.739998,85.147599
2018-01-16,108.769997,85.171089
2018-01-17,108.650002,85.077129
2018-01-18,108.410004,84.889201
2018-01-19,108.180000,84.709099
2018-01-22,108.139999,84.677777
2018-01-23,108.400002,84.881369
2018-01-24,108.290001,84.795234
2018-01-25,108.570000,85.014484
2018-01-26,108.370003,84.857879
2018-01-29,108.180000,84.709099
2018-01-30,108.010002,84.575984
2018-01-31,108.099998,84.646454
2018-02-01,107.519997,84.381060
2018-02-02,107.199997,84.129926
2018-02-05,107.629997,84.467387
2018-02-06,107.320000,84.224103
2018-02-07,107.080002,84.035754
2018-02-08,106.900002,83.894491
2018-02-09,106.760002,83.784620
2018-02-12,106.790001,83.808163
2018-02-13,106.820000,83.831706
2018-02-14,106.459999,83.549180
2018-02-15,106.589996,83.651200
2018-02-16,106.800003,83.816013
2018-02-20,106.690002,83.729685
2018-02-21,106.349998,83.462851
2018-02-22,106.360001,83.470702
2018-02-23,106.629997,83.682593
2018-02-26,106.709999,83.745378
2018-02-27,106.480003,83.564879
2018-02-28,106.769997,83.792464
2018-03-01,106.629997,83.867228
2018-03-02,106.459999,83.733520
2018-03-05,106.400002,83.686331
2018-03-06,106.419998,83.702059
2018-03-07,106.400002,83.686331
2018-03-08,106.570000,83.820039
2018-03-09,106.370003,83.662736
2018-03-12,106.430000,83.709925
2018-03-13,106.570000,83.820039
2018-03-14,106.750000,83.961614
2018-03-15,106.760002,83.969480
2018-03-16,106.699997,83.922285
2018-03-19,106.589996,83.835766
2018-03-20,106.419998,83.702059
2018-03-21,106.410004,83.694198
2018-03-22,106.610001,83.851501
2018-03-23,106.610001,83.851501
2018-03-26,106.570000,83.820039
2018-03-27,106.879997,84.063860
2018-03-28,106.940002,84.111055
2018-03-29,107.250000,84.354876
2018-04-02,106.900002,84.270815
2018-04-03,106.779999,84.176215
2018-04-04,106.820000,84.207749
2018-04-05,106.669998,84.089500
2018-04-06,106.910004,84.278700
2018-04-09,107.000000,84.349645
2018-04-10,106.919998,84.286578
2018-04-11,107.010002,84.357530
2018-04-12,106.769997,84.168330
2018-04-13,106.800003,84.191985
2018-04-16,106.820000,84.207749
2018-04-17,106.849998,84.231396
2018-04-18,106.550003,83.994906
2018-04-19,106.290001,83.789943
2018-04-20,106.000000,83.561331
2018-04-23,105.949997,83.521913
2018-04-24,105.809998,83.411549
2018-04-25,105.669998,83.301185
2018-04-26,105.849998,83.443082
2018-04-27,105.980003,83.545567
2018-04-30,106.000000,83.561331
2018-05-01,105.669998,83.490270
2018-05-02,105.669998,83.490270
2018-05-03,105.790001,83.585085
2018-05-04,105.860001,83.640392
2018-05-07,105.809998,83.600885
2018-05-08,105.690002,83.506076
2018-05-09,105.570000,83.411262
2018-05-10,105.809998,83.600885
2018-05-11,105.860001,83.640392
2018-05-14,105.760002,83.561383
2018-05-15,105.290001,83.190033
2018-05-16,105.169998,83.095218
2018-05-17,105.029999,82.984605
2018-05-18,105.300003,83.197936
2018-05-21,105.309998,83.205833
2018-05-22,105.309998,83.205833
2018-05-23,105.599998,83.434963
2018-05-24,105.889999,83.664094
2018-05-25,106.120003,83.845821
2018-05-29,106.820000,84.398891
2018-05-30,106.550003,84.185566
2018-05-31,106.459999,84.114453
2018-06-01,106.080002,84.010928
2018-06-04,105.830002,83.812939
2018-06-05,105.910004,83.876297
2018-06-06,105.669998,83.686222
2018-06-07,105.900002,83.868376
2018-06-08,105.750000,83.749581
2018-06-11,105.639999,83.662464
2018-06-12,105.669998,83.686222
2018-06-13,105.570000,83.607028
2018-06-14,105.839996,83.820854
2018-06-15,105.879997,83.852533
2018-06-18,105.900002,83.868376
2018-06-19,106.010002,83.955491
2018-06-20,105.809998,83.797097
2018-06-21,105.839996,83.820854
2018-06-22,105.940002,83.900054
2018-06-25,105.879997,83.852533
2018-06-26,106.050003,83.987170
2018-06-27,106.239998,84.137639
2018-06-28,106.230003,84.129723
2018-06-29,106.320000,84.200997
2018-07-02,105.989998,84.120964
2018-07-03,106.209999,84.295572
2018-07-05,106.309998,84.374938
2018-07-06,106.419998,84.462242
2018-07-09,106.320000,84.382876
2018-07-10,106.239998,84.319381
2018-07-11,106.279999,84.351129
2018-07-12,106.410004,84.454310
2018-07-13,106.510002,84.533675
2018-07-16,106.389999,84.438432
2018-07-17,106.349998,84.406685
2018-07-18,106.320000,84.382876
2018-07-19,106.480003,84.509866
2018-07-20,106.269997,84.343190
2018-07-23,105.900002,84.049537
2018-07-24,106.050003,84.168588
2018-07-25,106.059998,84.176521
2018-07-26,106.000000,84.128902
2018-07-27,106.080002,84.192397
2018-07-30,105.970001,84.105093
2018-07-31,106.059998,84.176521
2018-08-01,105.699997,84.090025
2018-08-02,105.739998,84.121848
2018-08-03,105.970001,84.304828
2018-08-06,106.040001,84.360516
2018-08-07,105.849998,84.209359
2018-08-08,105.849998,84.209359
2018-08-09,106.000000,84.328694
2018-08-10,106.230003,84.511673
2018-08-13,106.290001,84.559405
2018-08-14,106.190002,84.479850
2018-08-15,106.339996,84.599179
2018-08-16,106.400002,84.646917
2018-08-17,106.459999,84.694647
2018-08-20,106.669998,84.861713
2018-08-21,106.580002,84.790116
2018-08-22,106.669998,84.861713
2018-08-23,106.610001,84.813982
2018-08-24,106.730003,84.909450
2018-08-27,106.589996,84.798067
2018-08-28,106.389999,84.638959
2018-08-29,106.370003,84.623051
2018-08-30,106.419998,84.662825
2018-08-31,106.410004,84.654874
2018-09-04,106.059998,84.561126
2018-09-05,106.010002,84.521265
2018-09-06,106.190002,84.664778
2018-09-07,105.809998,84.361802
2018-09-10,105.910004,84.441537
2018-09-11,105.730003,84.298023
2018-09-12,105.800003,84.353833
2018-09-13,105.870003,84.409644
2018-09-14,105.669998,84.250181
2018-09-17,105.669998,84.250181
2018-09-18,105.440002,84.066806
2018-09-19,105.239998,83.907344
2018-09-20,105.379997,84.018965
2018-09-21,105.459999,84.082750
2018-09-24,105.360001,84.003022
2018-09-25,105.309998,83.963155
2018-09-26,105.559998,84.162479
2018-09-27,105.629997,84.218288
2018-09-28,105.519997,84.130586
2018-10-01,105.239998,84.107862
2018-10-02,105.360001,84.203768
2018-10-03,104.860001,83.804168
2018-10-04,104.559998,83.564405
2018-10-05,104.330002,83.380592
2018-10-08,104.290001,83.348623
2018-10-09,104.440002,83.468504
2018-10-10,104.410004,83.444530
2018-10-11,104.720001,83.692280
2018-10-12,104.750000,83.716255
2018-10-15,104.680000,83.660311
2018-10-16,104.739998,83.708261
2018-10-17,104.529999,83.540430
2018-10-18,104.459999,83.484486
2018-10-19,104.370003,83.412561
2018-10-22,104.349998,83.396573
2018-10-23,104.480003,83.500473
2018-10-24,104.750000,83.716255
2018-10-25,104.660004,83.644330
2018-10-26,104.900002,83.836137
2018-10-29,104.790001,83.748224
2018-10-30,104.639999,83.628342
2018-10-31,104.589996,83.588380
2018-11-01,104.339996,83.593459
2018-11-02,104.029999,83.345100
2018-11-05,104.099998,83.401181
2018-11-06,104.110001,83.409195
2018-11-07,104.199997,83.481297
2018-11-08,104.010002,83.329080
2018-11-09,104.139999,83.433229
2018-11-12,104.309998,83.569426
2018-11-13,104.349998,83.601472
2018-11-14,104.360001,83.609486
2018-11-15,104.489998,83.713635
2018-11-16,104.660004,83.849838
2018-11-19,104.650002,83.841825
2018-11-20,104.610001,83.809777
2018-11-21,104.680000,83.865858
2018-11-23,104.650002,83.841825
2018-11-26,104.629997,83.825797
2018-11-27,104.660004,83.849838
2018-11-28,104.860001,84.010068
2018-11-29,104.910004,84.050129
2018-11-30,104.879997,84.026088
2018-12-03,104.800003,84.163733
2018-12-04,105.080002,84.388597
2018-12-06,105.339996,84.597395
2018-12-07,105.480003,84.709834
2018-12-10,105.550003,84.766050
2018-12-11,105.580002,84.790142
2018-12-12,105.500000,84.725893
2018-12-13,105.529999,84.749985
2018-12-14,105.559998,84.774077
2018-12-17,105.739998,84.918633
2018-12-18,105.839996,85.167757
2018-12-19,105.940002,85.248230
2018-12-20,105.839996,85.167757
2018-12-21,105.790001,85.127527
2018-12-24,105.860001,85.183855
2018-12-26,105.660004,85.022921
2018-12-27,105.830002,85.159715
2018-12-28,106.220001,85.473541
2018-12-31,106.489998,85.690803
2019-01-02,106.570000,85.755180
2019-01-03,107.010002,86.109242
2019-01-04,106.690002,85.851744
2019-01-07,106.510002,85.706900
2019-01-08,106.430000,85.642524
2019-01-09,106.519997,85.714943
2019-01-10,106.400002,85.618385
2019-01-11,106.550003,85.739089
2019-01-14,106.400002,85.618385
2019-01-15,106.419998,85.634476
2019-01-16,106.510002,85.706900
2019-01-17,106.430000,85.642524
2019-01-18,106.349998,85.578148
2019-01-22,106.440002,85.650573
2019-01-23,106.550003,85.739089
2019-01-24,106.730003,85.883932
2019-01-25,106.680000,85.843695
2019-01-28,106.620003,85.795416
2019-01-29,106.900002,86.020727
2019-01-30,107.139999,86.213849
2019-01-31,107.459999,86.471348
2019-02-01,106.970001,86.292539
2019-02-04,106.879997,86.219933
2019-02-05,107.110001,86.405477
2019-02-06,107.050003,86.357077
2019-02-07,107.099998,86.397407
2019-02-08,107.339996,86.591013
2019-02-11,107.230003,86.502282
2019-02-12,107.250000,86.518414
2019-02-13,107.059998,86.365140
2019-02-14,107.220001,86.494214
2019-02-15,107.300003,86.558751
2019-02-19,107.360001,86.607151
2019-02-20,107.370003,86.615220
2019-02-21,107.129997,86.421608
2019-02-22,107.400002,86.639420
2019-02-25,107.370003,86.615220
2019-02-26,107.489998,86.712020
2019-02-27,107.260002,86.526482
2019-02-28,107.070000,86.373208
2019-03-01,106.629997,86.233165
2019-03-04,106.760002,86.338302
2019-03-05,106.830002,86.394912
2019-03-06,106.989998,86.524303
2019-03-07,107.290001,86.766919
2019-03-08,107.430000,86.880138
2019-03-11,107.440002,86.888227
2019-03-12,107.639999,87.049967
2019-03-13,107.589996,87.009529
2019-03-14,107.430000,86.880138
2019-03-15,107.699997,87.098489
2019-03-18,107.680000,87.082317
2019-03-19,107.620003,87.033796
2019-03-20,108.059998,87.389626
2019-03-21,108.080002,87.405804
2019-03-22,108.620003,87.842510
2019-03-25,108.820000,88.004251
2019-03-26,108.839996,88.020422
2019-03-27,109.070000,88.206429
2019-03-28,109.080002,88.214518
2019-03-29,109.070000,88.206429
2019-04-01,108.309998,87.802658
2019-04-02,108.430000,87.899939
2019-04-03,108.230003,87.737809
2019-04-04,108.309998,87.802658
2019-04-05,108.389999,87.867511
2019-04-08,108.339996,87.826976
2019-04-09,108.400002,87.875620
2019-04-10,108.610001,88.045858
2019-04-11,108.480003,87.940474
2019-04-12,108.269997,87.770230
2019-04-15,108.250000,87.754020
2019-04-16,108.059998,87.599993
2019-04-17,108.050003,87.591890
2019-04-18,108.190002,87.705382
2019-04-22,108.059998,87.599993
2019-04-23,108.250000,87.754020
2019-04-24,108.500000,87.956685
2019-04-25,108.489998,87.948577
2019-04-26,108.709999,88.126923
2019-04-29,108.519997,87.972896
2019-04-30,108.589996,88.029641
2019-05-01,108.400002,88.086785
2019-05-02,108.160004,87.891761
2019-05-03,108.339996,88.038024
2019-05-06,108.480003,88.151795
2019-05-07,108.610001,88.257432
2019-05-08,108.589996,88.241176
2019-05-09,108.650002,88.289938
2019-05-10,108.669998,88.306186
2019-05-13,108.849998,88.452456
2019-05-14,108.940002,88.525594
2019-05-15,109.129997,88.679986
2019-05-16,109.000000,88.574349
2019-05-17,109.029999,88.598726
2019-05-20,108.879997,88.476833
2019-05-21,108.870003,88.468712
2019-05-22,109.050003,88.614982
2019-05-23,109.370003,88.875017
2019-05-24,109.410004,88.907522
2019-05-28,109.570000,89.037536
2019-05-29,109.599998,89.061913
2019-05-30,109.889999,89.297570
2019-05-31,110.400002,89.712003
2019-06-03,110.400002,89.923890
2019-06-04,110.300003,89.842438
2019-06-05,110.239998,89.793562
2019-06-06,110.220001,89.777274
2019-06-07,110.529999,90.029776
2019-06-10,110.239998,89.793562
2019-06-11,110.220001,89.777274
2019-06-12,110.360001,89.891308
2019-06-13,110.599998,90.086792
2019-06-14,110.570000,90.062358
2019-06-17,110.540001,90.037923
2019-06-18,110.839996,90.282277
2019-06-19,111.220001,90.591802
2019-06-20,111.410004,90.746565
2019-06-21,111.120003,90.510351
2019-06-24,111.320000,90.673254
2019-06-25,111.339996,90.689541
2019-06-26,111.089996,90.485909
2019-06-27,111.400002,90.738418
2019-06-28,111.349998,90.697688
2019-07-01,111.180000,90.764602
2019-07-02,111.379997,90.927874
2019-07-03,111.559998,91.074823
2019-07-05,111.089996,90.691125
2019-07-08,111.029999,90.642145
2019-07-09,111.000000,90.617654
2019-07-10,111.080002,90.682966
2019-07-11,110.669998,90.348249
2019-07-12,110.790001,90.446216
2019-07-15,110.949997,90.576833
2019-07-16,110.830002,90.478872
2019-07-17,111.120003,90.715622
2019-07-18,111.300003,90.862569
2019-07-19,111.169998,90.756436
2019-07-22,111.309998,90.870729
2019-07-23,111.199997,90.780927
2019-07-24,111.360001,90.911550
2019-07-25,111.190002,90.772767
2019-07-26,111.209999,90.789092
2019-07-29,111.260002,90.829913
2019-07-30,111.250000,90.821748
2019-07-31,111.300003,90.862569
2019-08-01,111.910004,91.574828
2019-08-02,111.949997,91.607554
2019-08-05,112.440002,92.008520
2019-08-06,112.739998,92.254004
2019-08-07,112.680000,92.204908
2019-08-08,112.790001,92.294921
2019-08-09,112.639999,92.172176
2019-08-12,113.050003,92.507678
2019-08-13,112.889999,92.376748
2019-08-14,113.239998,92.663149
2019-08-15,113.760002,93.088663
2019-08-16,113.669998,93.015014
2019-08-19,113.370003,92.769531
2019-08-20,113.680000,93.023198
2019-08-21,113.620003,92.974103
2019-08-22,113.320000,92.728614
2019-08-23,113.779999,93.105026
2019-08-26,113.730003,93.064115
2019-08-27,114.089996,93.358694
2019-08-28,114.099998,93.366878
2019-08-29,114.029999,93.309599
2019-08-30,114.129997,93.391426
2019-09-03,113.839996,93.369565
2019-09-04,114.040001,93.533606
2019-09-05,113.550003,93.131718
2019-09-06,113.669998,93.230136
2019-09-09,113.190002,92.836451
2019-09-10,112.580002,92.336140
2019-09-11,112.599998,92.352541
2019-09-12,112.419998,92.204908
2019-09-13,111.750000,91.655387
2019-09-16,112.050003,91.901444
2019-09-17,112.220001,92.040874
2019-09-18,112.349998,92.147495
2019-09-19,112.510002,92.278727
2019-09-20,112.919998,92.614999
2019-09-23,112.970001,92.656011
2019-09-24,113.279999,92.910265
2019-09-25,112.809998,92.524779
2019-09-26,113.000000,92.680615
2019-09-27,113.139999,92.795440
2019-09-30,113.169998,92.820045
2019-10-01,113.120003,92.988796
2019-10-02,113.199997,93.054554
2019-10-03,113.639999,93.416252
2019-10-04,113.820000,93.564220
2019-10-07,113.510002,93.309390
2019-10-08,113.550003,93.342272
2019-10-09,113.489998,93.292946
2019-10-10,113.099998,92.972352
2019-10-11,112.730003,92.668202
2019-10-14,112.919998,92.824385
2019-10-15,112.550003,92.520235
2019-10-16,112.750000,92.684640
2019-10-17,112.720001,92.659980
2019-10-18,112.800003,92.725745
2019-10-21,112.489998,92.470909
2019-10-22,112.660004,92.610660
2019-10-23,112.750000,92.684640
2019-10-24,112.779999,92.709301
2019-10-25,112.620003,92.577778
2019-10-28,112.379997,92.380484
2019-10-29,112.389999,92.388706
2019-10-30,112.709999,92.651758
2019-10-31,113.150002,93.013457
2019-11-01,112.930000,93.039296
2019-11-04,112.650002,92.808614
2019-11-05,112.230003,92.462591
2019-11-06,112.400002,92.602648
2019-11-07,111.870003,92.165999
2019-11-08,111.809998,92.116563
2019-11-11,111.830002,92.133044
2019-11-12,111.949997,92.231903
2019-11-13,112.150002,92.396681
2019-11-14,112.470001,92.660318
2019-11-15,112.410004,92.610888
2019-11-18,112.620003,92.783899
2019-11-19,112.699997,92.849804
2019-11-20,112.970001,93.072251
2019-11-21,112.809998,92.940430
2019-11-22,112.870003,92.989866
2019-11-25,112.980003,93.080491
2019-11-26,113.139999,93.212307
2019-11-27,113.000000,93.096966
2019-11-29,112.860001,92.981626
2019-12-02,112.489998,92.878995
2019-12-03,113.000000,93.300085
2019-12-04,112.809998,93.143207
2019-12-05,112.680000,93.035873
2019-12-06,112.519997,92.903764
2019-12-09,112.580002,92.953308
2019-12-10,112.540001,92.920280
2019-12-11,112.839996,93.167976
2019-12-12,112.360001,92.771661
2019-12-13,112.809998,93.143207
2019-12-16,112.580002,92.953308
2019-12-17,112.589996,92.961560
2019-12-18,112.370003,92.779919
2019-12-19,112.300003,92.879582
2019-12-20,112.320000,92.896121
2019-12-23,112.239998,92.829954
2019-12-24,112.379997,92.945743
2019-12-26,112.480003,93.028454
2019-12-27,112.629997,93.152509
2019-12-30,112.629997,93.152509
2019-12-31,112.370003,92.937477
2020-01-02,112.680000,93.193865
2020-01-03,113.010002,93.466799
2020-01-06,112.919998,93.392360
2020-01-07,112.800003,93.293116
2020-01-08,112.669998,93.185593
2020-01-09,112.790001,93.284843
2020-01-10,112.980003,93.441988
2020-01-13,112.910004,93.384094
2020-01-14,113.010002,93.466799
2020-01-15,113.180000,93.607398
2020-01-16,113.180000,93.607398
2020-01-17,113.050003,93.499882
2020-01-21,113.370003,93.764544
2020-01-22,113.430000,93.814165
2020-01-23,113.580002,93.938227
2020-01-24,113.790001,94.111910
2020-01-27,114.139999,94.401382
2020-01-28,114.040001,94.318677
2020-01-29,114.300003,94.533716
2020-01-30,114.309998,94.541982
2020-01-31,114.650002,94.823188
2020-02-03,114.370003,94.792875
2020-02-04,113.989998,94.477916
2020-02-05,113.820000,94.337018
2020-02-06,113.889999,94.395035
2020-02-07,114.220001,94.668549
2020-02-10,114.349998,94.776294
2020-02-11,114.209999,94.660259
2020-02-12,114.089996,94.560797
2020-02-13,114.169998,94.627105
2020-02-14,114.290001,94.726567
2020-02-18,114.440002,94.850892
2020-02-19,114.410004,94.826028
2020-02-20,114.669998,95.041518
2020-02-21,114.900002,95.232152
2020-02-24,115.269997,95.538813
2020-02-25,115.470001,95.704582
2020-02-26,115.349998,95.605120
2020-02-27,115.370003,95.621701
2020-02-28,116.220001,96.326202
2020-03-02,115.940002,96.292173
2020-03-03,116.730003,96.948296
2020-03-04,116.639999,96.873545
2020-03-05,117.000000,97.172538
2020-03-06,117.860001,97.886798
2020-03-09,117.709999,97.762217
2020-03-10,116.379997,96.657604
2020-03-11,114.720001,95.278920
2020-03-12,110.129997,91.466763
2020-03-13,111.860001,92.903591
2020-03-16,113.730003,94.456693
2020-03-17,110.790001,92.014919
2020-03-18,106.570000,88.510063
2020-03-19,108.949997,90.486733
2020-03-20,110.029999,91.383712
2020-03-23,112.639999,93.551407
2020-03-24,113.570000,94.323805
2020-03-25,114.730003,95.287227
2020-03-26,115.080002,95.577913
2020-03-27,115.570000,95.984874
2020-03-30,115.680000,96.076232
2020-03-31,115.370003,95.818769
2020-04-01,114.730003,95.493062
2020-04-02,114.900002,95.634557
2020-04-03,114.980003,95.701145
2020-04-06,115.540001,96.167247
2020-04-07,115.699997,96.300416
2020-04-08,115.809998,96.391973
2020-04-09,117.250000,97.590528
2020-04-13,116.699997,97.132745
2020-04-14,116.760002,97.182689
2020-04-15,117.239998,97.582203
2020-04-16,117.389999,97.707053
2020-04-17,117.250000,97.590528
2020-04-20,117.080002,97.449034
2020-04-21,117.139999,97.498971
2020-04-22,117.139999,97.498971
2020-04-23,117.419998,97.732022
2020-04-24,117.360001,97.682085
2020-04-27,116.820000,97.232627
2020-04-28,117.279999,97.615497
2020-04-29,117.360001,97.682085
2020-04-30,117.099998,97.465677
2020-05-01,116.870003,97.470933
2020-05-04,116.970001,97.554332
2020-05-05,116.879997,97.479268
2020-05-06,116.410004,97.087288
2020-05-07,116.769997,97.387527
2020-05-08,116.459999,97.128985
2020-05-11,116.110001,96.837082
2020-05-12,116.410004,97.087288
2020-05-13,116.599998,97.245746
2020-05-14,116.959999,97.545991
2020-05-15,117.029999,97.604371
2020-05-18,116.860001,97.462591
2020-05-19,116.989998,97.571010
2020-05-20,117.290001,97.821216
2020-05-21,117.379997,97.896274
2020-05-22,117.440002,97.946319
2020-05-26,117.250000,97.787855
2020-05-27,117.419998,97.929635
2020-05-28,117.339996,97.862913
2020-05-29,117.650002,98.121461
2020-06-01,117.370003,98.065985
2020-06-02,117.470001,98.149536
2020-06-03,117.180000,97.907232
2020-06-04,116.830002,97.614798
2020-06-05,116.900002,97.673285
2020-06-08,117.029999,97.781901
2020-06-09,117.180000,97.907232
2020-06-10,117.660004,98.308289
2020-06-11,117.459999,98.141179
2020-06-12,117.580002,98.241445
2020-06-15,117.970001,98.567300
2020-06-16,117.739998,98.375126
2020-06-17,117.639999,98.291574
2020-06-18,117.760002,98.391840
2020-06-19,117.800003,98.425262
2020-06-22,117.769997,98.400191
2020-06-23,117.750000,98.383483
2020-06-24,117.730003,98.366775
2020-06-25,117.870003,98.483749
2020-06-26,118.010002,98.600722
2020-06-29,118.110001,98.684274
2020-06-30,118.209999,98.767825
2020-07-01,118.050003,98.820453
2020-07-02,118.190002,98.937647
2020-07-06,118.180000,98.929275
2020-07-07,118.360001,99.079955
2020-07-08,118.320000,99.046469
2020-07-09,118.629997,99.305970
2020-07-10,118.489998,99.188776
2020-07-13,118.480003,99.180409
2020-07-14,118.669998,99.339455
2020-07-15,118.680000,99.347828
2020-07-16,118.760002,99.414798
2020-07-17,118.879997,99.515247
2020-07-20,119.010002,99.624075
2020-07-21,119.080002,99.682672
2020-07-22,119.180000,99.766381
2020-07-23,119.320000,99.883576
2020-07-24,119.279999,99.850091
2020-07-27,119.199997,99.783121
2020-07-28,119.279999,99.850091
2020-07-29,119.419998,99.967285
2020-07-30,119.510002,100.042628
2020-07-31,119.559998,100.084480
2020-08-03,119.400002,100.124204
2020-08-04,119.629997,100.317069
2020-08-05,119.400002,100.124204
2020-08-06,119.570000,100.266757
2020-08-07,119.430000,100.149359
2020-08-10,119.320000,100.057117
2020-08-11,118.989998,99.780390
2020-08-12,118.750000,99.579137
2020-08-13,118.309998,99.210169
2020-08-14,118.199997,99.117926
2020-08-17,118.360001,99.252099
2020-08-18,118.529999,99.394653
2020-08-19,118.349998,99.243711
2020-08-20,118.559998,99.419809
2020-08-21,118.680000,99.520438
2020-08-24,118.629997,99.478507
2020-08-25,118.379997,99.268867
2020-08-26,118.360001,99.252099
2020-08-27,117.949997,98.908286
2020-08-28,118.110001,99.042459
2020-08-31,118.370003,99.260487
2020-09-01,118.419998,99.466456
2020-09-02,118.660004,99.668048
2020-09-03,118.690002,99.693245
2020-09-04,118.099998,99.197673
2020-09-08,118.230003,99.306870
2020-09-09,118.220001,99.298469
2020-09-10,118.230003,99.306870
2020-09-11,118.370003,99.424463
2020-09-14,118.379997,99.432857
2020-09-15,118.389999,99.441258
2020-09-16,118.330002,99.390864
2020-09-17,118.360001,99.416061
2020-09-18,118.220001,99.298469
2020-09-21,118.239998,99.315265
2020-09-22,118.330002,99.390864
2020-09-23,118.080002,99.180877
2020-09-24,118.089996,99.189272
2020-09-25,118.129997,99.222870
2020-09-28,118.230003,99.306870
2020-09-29,118.250000,99.323666
2020-09-30,118.059998,99.164075
2020-10-01,118.019997,99.300126
2020-10-02,117.900002,99.199164
2020-10-05,117.519997,98.879434
2020-10-06,117.620003,98.963577
2020-10-07,117.540001,98.896265
2020-10-08,117.690002,99.022473
2020-10-09,117.720001,99.047714
2020-10-12,117.949997,99.241229
2020-10-13,117.980003,99.266476
2020-10-14,118.050003,99.325372
2020-10-15,117.949997,99.241229
2020-10-16,117.889999,99.190748
2020-10-19,117.750000,99.072955
2020-10-20,117.650002,98.988818
2020-10-21,117.510002,98.871024
2020-10-22,117.300003,98.694335
2020-10-23,117.470001,98.837368
2020-10-26,117.629997,98.971986
2020-10-27,117.900002,99.199164
2020-10-28,117.730003,99.056130
2020-10-29,117.519997,98.879434
2020-10-30,117.199997,98.610191
2020-11-02,117.220001,98.788915
2020-11-03,117.169998,98.746774
2020-11-04,117.949997,99.404130
2020-11-05,118.059998,99.496835
2020-11-06,117.800003,99.277720
2020-11-09,117.250000,98.814197
2020-11-10,117.059998,98.654070
2020-11-11,117.129997,98.713062
2020-11-12,117.620003,99.126022
2020-11-13,117.639999,99.142874
2020-11-16,117.629997,99.134445
2020-11-17,117.870003,99.336713
2020-11-18,117.949997,99.404130
2020-11-19,118.169998,99.589539
2020-11-20,118.290001,99.690673
2020-11-23,118.260002,99.665391
2020-11-24,118.099998,99.530545
2020-11-25,118.059998,99.496835
2020-11-27,118.260002,99.665391
2020-11-30,118.419998,99.800230
2020-12-01,117.839996,99.484457
2020-12-02,117.709999,99.374709
2020-12-03,117.910004,99.543560
2020-12-04,117.589996,99.273399
2020-12-07,117.769997,99.425362
2020-12-08,117.779999,99.433806
2020-12-09,117.610001,99.290288
2020-12-10,117.900002,99.535116
2020-12-11,118.029999,99.644864
2020-12-14,117.959999,99.585768
2020-12-15,118.029999,99.644864
2020-12-16,117.980003,99.602656
2020-12-17,117.849998,99.598651
2020-12-18,117.790001,99.547945
2020-12-21,117.790001,99.547945
2020-12-22,117.959999,99.691616
2020-12-23,117.879997,99.624004
2020-12-24,117.989998,99.716969
2020-12-28,118.010002,99.733875
2020-12-29,118.029999,99.750775
2020-12-30,118.099998,99.809933
2020-12-31,118.190002,99.885999
2021-01-04,118.040001,99.759228
2021-01-05,117.919998,99.657810
2021-01-06,117.339996,99.167632
2021-01-07,117.220001,99.066221
2021-01-08,117.080002,98.947903
2021-01-11,116.889999,98.787326
2021-01-12,116.989998,98.871838
2021-01-13,117.360001,99.184539
2021-01-14,117.129997,98.990156
2021-01-15,117.250000,99.091574
2021-01-19,117.410004,99.226798
2021-01-20,117.419998,99.235245
2021-01-21,117.250000,99.091574
2021-01-22,117.250000,99.091574
2021-01-25,117.550003,99.345116
2021-01-26,117.510002,99.311310
2021-01-27,117.519997,99.319757
2021-01-28,117.440002,99.252151
2021-01-29,117.309998,99.142280
2021-02-01,117.230003,99.237059
2021-02-02,117.050003,99.084687
2021-02-03,116.910004,98.966175
2021-02-04,116.860001,98.923847
2021-02-05,116.709999,98.796868
2021-02-08,116.830002,98.898452
2021-02-09,116.879997,98.940774
2021-02-10,116.989998,99.033891
2021-02-11,116.849998,98.915379
2021-02-12,116.580002,98.686823
2021-02-16,116.029999,98.221237
2021-02-17,116.260002,98.415938
2021-02-18,116.199997,98.365143
2021-02-19,115.839996,98.060396
2021-02-22,115.480003,97.755657
2021-02-23,115.510002,97.781051
2021-02-24,115.470001,97.747190
2021-02-25,114.410004,96.849886
2021-02-26,115.339996,97.637138
2021-03-01,115.089996,97.586011
2021-03-02,115.110001,97.602974
2021-03-03,114.690002,97.246852
2021-03-04,114.360001,96.967041
2021-03-05,114.279999,96.899206
2021-03-08,113.830002,96.517649
2021-03-09,114.260002,96.882251
2021-03-10,114.449997,97.043349
2021-03-11,114.440002,97.034874
2021-03-12,113.790001,96.483732
2021-03-15,113.910004,96.585484
2021-03-16,113.870003,96.551566
2021-03-17,113.860001,96.543086
2021-03-18,113.419998,96.170002
2021-03-19,113.510002,96.246318
2021-03-22,113.730003,96.432859
2021-03-23,114.019997,96.678748
2021-03-24,114.160004,96.797461
2021-03-25,114.099998,96.746582
2021-03-26,113.910004,96.585484
2021-03-29,113.720001,96.424378
2021-03-30,113.809998,96.500688
2021-03-31,113.830002,96.517649
2021-04-01,114.040001,96.842213
2021-04-05,113.809998,96.646896
2021-04-06,114.209999,96.986575
2021-04-07,114.029999,96.833720
2021-04-08,114.309998,97.071493
2021-04-09,114.180000,96.961100
2021-04-12,114.150002,96.935625
2021-04-13,114.480003,97.215861
2021-04-14,114.389999,97.139430
2021-04-15,114.839996,97.521565
2021-04-16,114.540001,97.266811
2021-04-19,114.449997,97.190380
2021-04-20,114.629997,97.343235
2021-04-21,114.739998,97.436647
2021-04-22,114.769997,97.462122
2021-04-23,114.750000,97.445141
2021-04-26,114.650002,97.360223
2021-04-27,114.370003,97.122449
2021-04-28,114.430000,97.173398
2021-04-29,114.370003,97.122449
2021-04-30,114.489998,97.224348
2021-05-03,114.389999,97.286073
2021-05-04,114.529999,97.405139
2021-05-05,114.620003,97.481686
2021-05-06,114.639999,97.498692
2021-05-07,114.610001,97.473179
2021-05-10,114.430000,97.320093
2021-05-11,114.180000,97.107473
2021-05-12,113.779999,96.767282
2021-05-13,114.040001,96.988407
2021-05-14,114.300003,97.209533
2021-05-17,114.199997,97.124480
2021-05-18,114.059998,97.005414
2021-05-19,113.900002,96.869341
2021-05-20,114.290001,97.201027
2021-05-21,114.339996,97.243546
2021-05-24,114.449997,97.337100
2021-05-25,114.730003,97.575238
2021-05-26,114.690002,97.541218
2021-05-27,114.550003,97.422152
2021-05-28,114.550003,97.422152
2021-06-01,114.330002,97.376910
2021-06-02,114.480003,97.504669
2021-06-03,114.209999,97.274701
2021-06-04,114.680000,97.675010
2021-06-07,114.599998,97.606870
2021-06-08,114.809998,97.785731
2021-06-09,115.040001,97.981629
2021-06-10,115.279999,98.186039
2021-06-11,115.230003,98.143457
2021-06-14,114.940002,97.896458
2021-06-15,114.989998,97.939040
2021-06-16,114.620003,97.623909
2021-06-17,114.980003,97.930527
2021-06-18,115.290001,98.194558
2021-06-21,114.989998,97.939040
2021-06-22,115.110001,98.041249
2021-06-23,115.050003,97.990148
2021-06-24,115.089996,98.024210
2021-06-25,114.860001,97.828320
2021-06-28,115.190002,98.109387
2021-06-29,115.250000,98.160489
2021-06-30,115.330002,98.228628
2021-07-01,115.110001,98.173627
2021-07-02,115.360001,98.386844
2021-07-06,115.730003,98.702407
2021-07-07,115.930000,98.872978
2021-07-08,116.059998,98.983849
2021-07-09,115.680000,98.659761
2021-07-12,115.610001,98.600061
2021-07-13,115.360001,98.386844
2021-07-14,115.750000,98.719462
2021-07-15,116.000000,98.932679
2021-07-16,115.900002,98.847394
2021-07-19,116.510002,99.367643
2021-07-20,116.400002,99.273828
2021-07-21,116.019997,98.949734
2021-07-22,116.290001,99.180011
2021-07-23,116.209999,99.111780
2021-07-26,116.110001,99.026495
2021-07-27,116.379997,99.256766
2021-07-28,116.489998,99.350582
2021-07-29,116.300003,99.188542
2021-07-30,116.459999,99.324997
2021-08-02,116.540001,99.535654
2021-08-03,116.580002,99.569819
2021-08-04,116.570000,99.561276
2021-08-05,116.309998,99.339211
2021-08-06,115.790001,98.895087
2021-08-09,115.580002,98.715729
2021-08-10,115.430000,98.587614
2021-08-11,115.540001,98.681564
2021-08-12,115.550003,98.690107
2021-08-13,115.970001,99.048823
2021-08-16,116.029999,99.100067
2021-08-17,115.940002,99.023201
2021-08-18,115.949997,99.031738
2021-08-19,116.150002,99.202560
2021-08-20,116.160004,99.211103
2021-08-23,116.160004,99.211103
2021-08-24,115.989998,99.065902
2021-08-25,115.769997,98.878002
2021-08-26,115.779999,98.886544
2021-08-27,116.099998,99.159852
2021-08-30,116.230003,99.270888
2021-08-31,116.059998,99.125689
2021-09-01,115.930000,99.157675
2021-09-02,116.050003,99.260316
2021-09-03,115.849998,99.089247
2021-09-07,115.540001,98.824100
2021-09-08,115.730003,98.986613
2021-09-09,116.099998,99.303078
2021-09-10,115.870003,99.106358
2021-09-13,116.019997,99.234652
2021-09-14,116.279999,99.457038
2021-09-15,116.169998,99.362951
2021-09-16,115.970001,99.191889
2021-09-17,115.870003,99.106358
2021-09-20,116.089996,99.294523
2021-09-21,116.139999,99.337292
2021-09-22,116.180000,99.371506
2021-09-23,115.610001,98.883972
2021-09-24,115.410004,98.712910
2021-09-27,115.250000,98.576055
2021-09-28,114.769997,98.165497
2021-09-29,114.849998,98.233924
2021-09-30,114.830002,98.216821
2021-10-01,115.000000,98.516387
2021-10-04,114.919998,98.447852
2021-10-05,114.650002,98.216556
2021-10-06,114.699997,98.259385
2021-10-07,114.379997,97.985252
2021-10-08,114.129997,97.771086
2021-10-11,113.949997,97.616887
2021-10-12,114.370003,97.976691
2021-10-13,114.629997,98.199418
2021-10-14,114.849998,98.387885
2021-10-15,114.570000,98.148021
2021-10-18,114.489998,98.079486
2021-10-19,114.160004,97.796792
2021-10-20,114.080002,97.728257
2021-10-21,113.839996,97.522653
2021-10-22,114.059998,97.711121
2021-10-25,114.169998,97.805354
2021-10-26,114.379997,97.985252
2021-10-27,114.760002,98.310789
2021-10-28,114.669998,98.233686
2021-10-29,114.639999,98.207987
2021-11-01,114.389999,98.147497
2021-11-02,114.620003,98.344842
2021-11-03,114.389999,98.147497
2021-11-04,114.769997,98.473538
2021-11-05,115.220001,98.859645
2021-11-08,115.010002,98.679465
2021-11-09,115.330002,98.954027
2021-11-10,114.550003,98.284782
2021-11-11,114.339996,98.104594
2021-11-12,114.320000,98.087438
2021-11-15,113.900002,97.727076
2021-11-16,113.860001,97.692755
2021-11-17,114.129997,97.924414
2021-11-18,114.230003,98.010219
2021-11-19,114.449997,98.198976
2021-11-22,113.900002,97.727076
2021-11-23,113.449997,97.340968
2021-11-24,113.709999,97.564052
2021-11-26,114.519997,98.259037
2021-11-29,114.580002,98.310521
2021-11-30,114.769997,98.473538
2021-12-01,114.629997,98.492257
2021-12-02,114.610001,98.475076
2021-12-03,115.070000,98.870315
2021-12-06,114.669998,98.526626
2021-12-07,114.489998,98.371967
2021-12-08,114.190002,98.114205
2021-12-09,114.199997,98.122792
2021-12-10,114.230003,98.148574
2021-12-13,114.629997,98.492257
2021-12-14,114.410004,98.303234
2021-12-15,114.320000,98.225901
2021-12-16,114.360001,98.360543
2021-12-17,114.500000,98.480956
2021-12-20,114.330002,98.334741
2021-12-21,114.239998,98.257329
2021-12-22,114.339996,98.343337
2021-12-23,114.199997,98.222925
2021-12-27,114.260002,98.274535
2021-12-28,114.209999,98.231527
2021-12-29,113.870003,97.939098
2021-12-30,114.120003,98.154122
2021-12-31,114.080002,98.119717
2022-01-03,113.300003,97.448844
2022-01-04,113.290001,97.440241
2022-01-05,112.940002,97.139208
2022-01-06,112.820000,97.035995
2022-01-07,112.489998,96.752162
2022-01-10,112.389999,96.666153
2022-01-11,112.599998,96.846772
2022-01-12,112.599998,96.846772
2022-01-13,112.800003,97.018796
2022-01-14,112.169998,96.476931
2022-01-18,111.489998,95.892066
2022-01-19,111.730003,96.098493
2022-01-20,111.790001,96.150097
2022-01-21,112.230003,96.528541
2022-01-24,112.099998,96.416724
2022-01-25,111.989998,96.322114
2022-01-26,111.360001,95.780256
2022-01-27,111.730003,96.098493
2022-01-28,111.809998,96.167297
2022-01-31,111.800003,96.158700
2022-02-01,111.599998,96.125519
2022-02-02,111.720001,96.228882
2022-02-03,111.269997,95.841276
2022-02-04,110.570000,95.238340
2022-02-07,110.669998,95.324473
2022-02-08,110.330002,95.031621
2022-02-09,110.400002,95.091914
2022-02-10,109.379997,94.213343
2022-02-11,110.099998,94.833509
2022-02-14,109.459999,94.282252
2022-02-15,109.279999,94.127211
2022-02-16,109.410004,94.239190
2022-02-17,109.639999,94.437294
2022-02-18,109.870003,94.635405
2022-02-22,109.750000,94.532042
2022-02-23,109.260002,94.109987
2022-02-24,109.459999,94.282252
2022-02-25,109.570000,94.377001
2022-02-28,110.360001,95.057460
2022-03-01,110.820000,95.592805
2022-03-02,109.489998,94.445551
2022-03-03,109.860001,94.764714
2022-03-04,110.300003,95.144258
2022-03-07,109.660004,94.592198
2022-03-08,109.269997,94.255779
2022-03-09,109.040001,94.057386
2022-03-10,108.430000,93.531202
2022-03-11,108.410004,93.513954
2022-03-14,107.360001,92.608226
2022-03-15,107.599998,92.815246
2022-03-16,107.680000,92.884256
2022-03-17,107.860001,93.039524
2022-03-18,108.099998,93.246544
2022-03-21,107.040001,92.332195
2022-03-22,106.750000,92.082042
2022-03-23,107.190002,92.461586
2022-03-24,106.949997,92.254558
2022-03-25,106.099998,91.521353
2022-03-28,106.360001,91.745631
2022-03-29,106.860001,92.176928
2022-03-30,107.150002,92.427082
2022-03-31,107.099998,92.383949
2022-04-01,106.750000,92.219681
2022-04-04,106.839996,92.297427
2022-04-05,105.760002,91.364437
2022-04-06,105.489998,91.131185
2022-04-07,105.260002,90.932495
2022-04-08,104.730003,90.474637
2022-04-11,104.279999,90.085885
2022-04-12,104.610001,90.370969
2022-04-13,104.820000,90.552384
2022-04-14,103.970001,89.818083
2022-04-18,103.650002,89.541640
2022-04-19,103.019997,88.997389
2022-04-20,103.610001,89.507084
2022-04-21,103.040001,89.014670
2022-04-22,102.940002,88.928282
2022-04-25,103.629997,89.524358
2022-04-26,103.949997,89.800801
2022-04-27,103.529999,89.437972
2022-04-28,103.489998,89.403415
2022-04-29,102.870003,88.867811
2022-05-02,102.129997,88.384329
2022-05-03,102.360001,88.583377
2022-05-04,103.019997,89.154544
2022-05-05,102.000000,88.271828
2022-05-06,101.570000,87.899702
2022-05-09,102.070000,88.332407
2022-05-10,102.379997,88.600682
2022-05-11,102.760002,88.929542
2022-05-12,102.949997,89.093965
2022-05-13,102.510002,88.713189
2022-05-16,102.739998,88.912230
2022-05-17,102.180000,88.427602
2022-05-18,102.589996,88.782417
2022-05-19,102.849998,89.007425
2022-05-20,103.160004,89.275708
2022-05-23,102.820000,88.981465
2022-05-24,103.610001,89.665140
2022-05-25,104.040001,90.037266
2022-05-26,103.959999,89.968031
2022-05-27,104.129997,90.115149
2022-05-31,103.470001,89.543982
2022-06-01,102.860001,89.176475
2022-06-02,102.989998,89.289178
2022-06-03,102.820000,89.141795
2022-06-06,102.190002,88.595606
2022-06-07,102.580002,88.933724
2022-06-08,102.160004,88.569599
2022-06-09,102.050003,88.474231
2022-06-10,101.260002,87.789324
2022-06-13,99.599998,86.350152
2022-06-14,99.010002,85.838643
2022-06-15,100.110001,86.792309
2022-06-16,100.349998,87.000379
2022-06-17,100.339996,86.991707
2022-06-21,99.940002,86.644925
2022-06-22,100.790001,87.381848
2022-06-23,101.209999,87.745973
2022-06-24,101.050003,87.607262
2022-06-27,100.599998,87.217121
2022-06-28,100.639999,87.251801
2022-06-29,101.220001,87.754645
2022-06-30,101.680000,88.153450
2022-07-01,102.339996,88.887939
2022-07-05,102.529999,89.052967
2022-07-06,101.839996,88.453662
2022-07-07,101.610001,88.253898
2022-07-08,101.230003,87.923849
2022-07-11,101.699997,88.332065
2022-07-12,101.839996,88.453662
2022-07-13,102.209999,88.775030
2022-07-14,101.849998,88.462349
2022-07-15,102.250000,88.809773
2022-07-18,101.919998,88.523148
2022-07-19,101.779999,88.401551
2022-07-20,101.709999,88.340752
2022-07-21,102.559998,89.079023
2022-07-22,103.360001,89.773870
2022-07-25,102.980003,89.443821
2022-07-26,102.959999,89.426446
2022-07-27,103.320000,89.739127
2022-07-28,104.059998,90.381856
2022-07-29,104.070000,90.390543
2022-08-01,104.230003,90.704232
2022-08-02,103.160004,89.773085
2022-08-03,103.620003,90.173391
2022-08-04,103.870003,90.390949
2022-08-05,102.709999,89.381477
2022-08-08,103.180000,89.790486
2022-08-09,102.949997,89.590331
2022-08-10,103.209999,89.816593
2022-08-11,102.660004,89.337970
2022-08-12,103.120003,89.738275
2022-08-15,103.250000,89.851403
2022-08-16,103.099998,89.720866
2022-08-17,102.489998,89.190025
2022-08-18,102.709999,89.381477
2022-08-19,101.989998,88.754909
2022-08-22,101.550003,88.372012
2022-08-23,101.510002,88.337202
2022-08-24,101.239998,88.102236
2022-08-25,101.800003,88.589570
2022-08-26,101.610001,88.424224
2022-08-29,101.120003,87.997812
2022-08-30,101.250000,88.110940
2022-08-31,100.709999,87.641014
2022-09-01,100.070000,87.261243
2022-09-02,100.360001,87.514124
2022-09-06,99.419998,86.694440
2022-09-07,100.110001,87.296124
2022-09-08,99.790001,87.017083
2022-09-09,99.779999,87.008362
2022-09-12,99.629997,86.877559
2022-09-13,99.070000,86.389241
2022-09-14,99.199997,86.502599
2022-09-15,98.900002,86.241002
2022-09-16,98.830002,86.179962
2022-09-19,98.680000,86.049160
2022-09-20,98.239998,85.665478
2022-09-21,98.550003,85.935803
2022-09-22,97.500000,85.020198
2022-09-23,97.199997,84.758595
2022-09-26,95.949997,83.668592
2022-09-27,95.540001,83.311075
2022-09-28,97.080002,84.653959
2022-09-29,96.570000,84.209236
2022-09-30,96.339996,84.008672
2022-10-03,96.910004,84.690863
2022-10-04,97.169998,84.918075
2022-10-05,96.660004,84.472385
2022-10-06,96.279999,84.140294
2022-10-07,95.769997,83.694597
2022-10-10,95.339996,83.318813
2022-10-11,95.400002,83.371253
2022-10-12,95.480003,83.441167
2022-10-13,95.180000,83.178991
2022-10-14,94.660004,82.724560
2022-10-17,94.860001,82.899340
2022-10-18,95.019997,83.039162
2022-10-19,94.199997,82.322554
2022-10-20,93.629997,81.824424
2022-10-21,93.769997,81.946772
2022-10-24,93.639999,81.833165
2022-10-25,94.559998,82.637163
2022-10-26,94.980003,83.004211
2022-10-27,95.459999,83.423685
2022-10-28,95.220001,83.213948
2022-10-31,94.900002,82.934297
2022-11-01,94.860001,83.088504
2022-11-02,94.699997,82.948355
2022-11-03,94.349998,82.641789
2022-11-04,94.339996,82.633028
2022-11-07,94.040001,82.370260
2022-11-08,94.440002,82.720624
2022-11-09,94.550003,82.816975
2022-11-10,96.580002,84.595064
2022-11-11,96.510002,84.533751
2022-11-14,96.239998,84.297252
2022-11-15,96.949997,84.919145
2022-11-16,97.550003,85.444694
2022-11-17,97.139999,85.085569
2022-11-18,97.000000,84.962943
2022-11-21,96.940002,84.910391
2022-11-22,97.440002,85.348344
2022-11-23,98.019997,85.856365
2022-11-25,98.040001,85.873887
2022-11-28,97.879997,85.733738
2022-11-29,97.529999,85.427173
2022-11-30,98.290001,86.092864
2022-12-01,98.879997,86.809435
2022-12-02,99.290001,87.169388
2022-12-05,98.510002,86.484606
2022-12-06,98.800003,86.739206
2022-12-07,99.680000,87.511779
2022-12-08,99.379997,87.248398
2022-12-09,98.790001,86.730425
2022-12-12,98.809998,86.747981
2022-12-13,99.470001,87.327415
2022-12-14,99.690002,87.520560
2022-12-15,99.610001,87.648852
2022-12-16,99.349998,87.420070
2022-12-19,98.739998,86.883318
2022-12-20,98.070000,86.293774
2022-12-21,98.339996,86.531349
2022-12-22,98.309998,86.504953
2022-12-23,97.970001,86.205783
2022-12-27,97.260002,85.581040
2022-12-28,97.089996,85.431448
2022-12-29,97.449997,85.748221
2022-12-30,96.989998,85.343458
2023-01-03,97.559998,85.845013
2023-01-04,98.099998,86.320170
2023-01-05,98.019997,86.249775
2023-01-06,99.089996,87.191289
2023-01-09,99.339996,87.411269
2023-01-10,98.959999,87.076902
2023-01-11,99.570000,87.613654
2023-01-12,100.290001,88.247197
2023-01-13,99.919998,87.921624
2023-01-17,99.739998,87.763239
2023-01-18,100.730003,88.634364
2023-01-19,100.500000,88.431980
2023-01-20,100.089996,88.071209
2023-01-23,99.839996,87.851229
2023-01-24,100.279999,88.238396
2023-01-25,100.400002,88.343989
2023-01-26,100.230003,88.194404
2023-01-27,100.080002,88.062415
2023-01-30,99.809998,87.824833
2023-01-31,100.220001,88.185603
2023-02-01,100.680000,88.807762
2023-02-02,100.790001,88.904791
2023-02-03,99.820000,88.049174
2023-02-06,99.269997,87.564027
2023-02-07,99.099998,87.414075
2023-02-08,99.239998,87.537566
2023-02-09,98.849998,87.193555
2023-02-10,98.419998,86.814260
2023-02-13,98.720001,87.078887
2023-02-14,98.370003,86.770161
2023-02-15,98.180000,86.602563
2023-02-16,97.769997,86.240908
2023-02-17,98.000000,86.443789
2023-02-21,97.080002,85.632278
2023-02-22,97.339996,85.861613
2023-02-23,97.690002,86.170346
2023-02-24,97.129997,85.676377
2023-02-27,97.320000,85.843975
2023-02-28,97.309998,85.835152
2023-03-01,96.519997,85.343329
2023-03-02,96.320000,85.166491
2023-03-03,97.080002,85.838487
2023-03-06,96.839996,85.626273
2023-03-07,96.709999,85.511329
2023-03-08,96.610001,85.422911
2023-03-09,96.959999,85.732380
2023-03-10,98.089996,86.731528
2023-03-13,98.870003,87.421213
2023-03-14,98.290001,86.908373
2023-03-15,99.269997,87.774889
2023-03-16,98.879997,87.430050
2023-03-17,99.500000,87.978258
2023-03-20,99.099998,87.624575
2023-03-21,98.800003,87.359319
2023-03-22,99.750000,88.199309
2023-03-23,99.989998,88.411516
2023-03-24,100.160004,88.561836
2023-03-27,99.080002,87.606895
2023-03-28,98.930000,87.474262
2023-03-29,99.050003,87.580369
2023-03-30,99.160004,87.677633
2023-03-31,99.639999,88.102046
2023-04-03,99.820000,88.484774
2023-04-04,100.190002,88.812760
2023-04-05,100.529999,89.114148
2023-04-06,100.440002,89.034371
2023-04-10,99.750000,88.422723
2023-04-11,99.809998,88.475908
2023-04-12,99.930000,88.582283
2023-04-13,99.889999,88.546824
2023-04-14,99.400002,88.112470
2023-04-17,98.900002,87.669248
2023-04-18,99.040001,87.793349
2023-04-19,98.889999,87.660381
2023-04-20,99.339996,88.059278
2023-04-21,99.169998,87.908584
2023-04-24,99.559998,88.254297
2023-04-25,100.180000,88.803894
2023-04-26,99.809998,88.475908
2023-04-27,99.449997,88.156787
2023-04-28,99.959999,88.608875
2023-05-01,98.690002,87.701828
2023-05-02,99.650002,88.554942
2023-05-03,100.089996,88.945947
2023-05-04,99.970001,88.839312
2023-05-05,99.650002,88.554942
2023-05-08,99.099998,88.066175
2023-05-09,99.010002,87.986199
2023-05-10,99.650002,88.554942
2023-05-11,99.949997,88.821535
2023-05-12,99.389999,88.323888
2023-05-15,99.139999,88.101723
2023-05-16,98.910004,87.897335
2023-05-17,98.760002,87.764035
2023-05-18,98.300003,87.355252
2023-05-19,98.080002,87.159746
2023-05-22,97.989998,87.079763
2023-05-23,98.099998,87.177516
2023-05-24,97.849998,86.955351
2023-05-25,97.489998,86.635433
2023-05-26,97.570000,86.706528
2023-05-30,98.220001,87.284157
2023-05-31,98.570000,87.595187
2023-06-01,98.610001,87.860472
2023-06-02,98.089996,87.397153
2023-06-05,98.080002,87.388249
2023-06-06,98.199997,87.495163
2023-06-07,97.680000,87.031851
2023-06-08,98.199997,87.495163
2023-06-09,97.970001,87.290239
2023-06-12,98.139999,87.441706
2023-06-13,97.680000,87.031851
2023-06-14,97.769997,87.112038
2023-06-15,98.449997,87.717911
2023-06-16,98.139999,87.441706
2023-06-20,98.320000,87.602085
2023-06-21,98.480003,87.744646
2023-06-22,97.970001,87.290239
2023-06-23,98.260002,87.548627
2023-06-26,98.379997,87.655541
2023-06-27,98.190002,87.486258
2023-06-28,98.480003,87.744646
2023-06-29,97.720001,87.067492
2023-06-30,97.949997,87.272416
2023-07-03,97.580002,87.169456
2023-07-05,97.139999,86.776396
2023-07-06,96.510002,86.213612
2023-07-07,96.529999,86.231475
2023-07-10,96.800003,86.472673
2023-07-11,97.010002,86.660268
2023-07-12,97.800003,87.365986
2023-07-13,98.410004,87.910907
2023-07-14,97.940002,87.491049
2023-07-17,98.050003,87.589314
2023-07-18,98.129997,87.660774
2023-07-19,98.430000,87.928770
2023-07-20,97.919998,87.473179
2023-07-21,97.989998,87.535711
2023-07-24,97.809998,87.374915
2023-07-25,97.699997,87.276649
2023-07-26,98.019997,87.562509
2023-07-27,97.180000,86.812129
2023-07-28,97.559998,87.151586
2023-07-31,97.680000,87.258786
2023-08-01,96.769997,86.680681
2023-08-02,96.540001,86.474664
2023-08-03,95.889999,85.892432
2023-08-04,96.680000,86.600067
2023-08-07,96.699997,86.617979
2023-08-08,96.930000,86.824002
2023-08-09,97.000000,86.886704
2023-08-10,96.370003,86.322391
2023-08-11,96.070000,86.053666
2023-08-14,96.000000,85.990964
2023-08-15,95.739998,85.758070
2023-08-16,95.510002,85.552054
2023-08-17,95.410004,85.462482
2023-08-18,95.620003,85.650586
2023-08-21,95.139999,85.220628
2023-08-22,95.239998,85.310201
2023-08-23,96.150002,86.125327
2023-08-24,95.930000,85.928263
2023-08-25,95.870003,85.874521
2023-08-28,96.080002,86.062625
2023-08-29,96.699997,86.617979
2023-08-30,96.660004,86.582156
2023-08-31,96.800003,86.707558
2023-09-01,96.040001,86.258879
2023-09-05,95.519997,85.791835
2023-09-06,95.430000,85.711003
2023-09-07,95.730003,85.980453
2023-09-08,95.779999,86.025357
2023-09-11,95.669998,85.926559
2023-09-12,95.699997,85.953503
2023-09-13,95.839996,86.079244
2023-09-14,95.709999,85.962486
2023-09-15,95.489998,85.764891
2023-09-18,95.629997,85.890632
2023-09-19,95.349998,85.639149
2023-09-20,95.300003,85.594246
2023-09-21,94.650002,85.010444
2023-09-22,95.050003,85.369707
2023-09-25,94.300003,84.696090
2023-09-26,94.180000,84.588309
2023-09-27,93.849998,84.291916
2023-09-28,94.129997,84.543398
2023-09-29,94.040001,84.462568
2023-10-02,93.129997,83.874733
2023-10-03,92.400002,83.217285
2023-10-04,93.050003,83.802689
2023-10-05,93.110001,83.856724
2023-10-06,92.750000,83.532500
2023-10-09,93.709999,84.397095
2023-10-10,93.620003,84.316042
2023-10-11,94.050003,84.703309
2023-10-12,93.239998,83.973802
2023-10-13,93.639999,84.334051
2023-10-16,93.120003,83.865732
2023-10-17,92.449997,83.262312
2023-10-18,92.019997,82.875045
2023-10-19,91.669998,82.559829
2023-10-20,92.000000,82.857035
2023-10-23,92.360001,83.181259
2023-10-24,92.690002,83.478465
2023-10-25,92.000000,82.857035
2023-10-26,92.620003,83.415422
2023-10-27,92.589996,83.388398
2023-10-30,92.370003,83.190267
2023-10-31,92.309998,83.136226
2023-11-01,93.050003,84.054539
2023-11-02,93.610001,84.560400
2023-11-03,94.180000,85.075295
2023-11-06,93.709999,84.650730
2023-11-07,94.209999,85.102394
2023-11-08,94.529999,85.391458
2023-11-09,93.739998,84.677829
2023-11-10,93.959999,84.876562
2023-11-13,93.949997,84.867527
2023-11-14,95.129997,85.933452
2023-11-15,94.540001,85.400493
2023-11-16,95.059998,85.870220
2023-11-17,95.250000,86.041854
2023-11-20,95.400002,86.177355
2023-11-21,95.500000,86.267686
2023-11-22,95.589996,86.348982
2023-11-24,95.150002,85.951523
2023-11-27,95.690002,86.439320
2023-11-28,96.110001,86.818716
2023-11-29,96.580002,87.243280
2023-11-30,96.260002,86.954216
2023-12-01,96.830002,87.718466
2023-12-04,96.459999,87.383280
2023-12-05,97.099998,87.963056
2023-12-06,97.349998,88.189532
2023-12-07,97.379997,88.216708
2023-12-08,96.889999,87.772818
2023-12-11,96.900002,87.781879
2023-12-12,97.190002,88.044591
2023-12-13,98.410004,89.149793
2023-12-14,98.919998,89.869639
2023-12-15,98.690002,89.660686
2023-12-18,98.489998,89.478981
2023-12-19,98.610001,89.588005
2023-12-20,98.970001,89.915068
2023-12-21,98.959999,89.905981
2023-12-22,98.830002,89.787877
2023-12-26,99.029999,89.969576
2023-12-27,99.660004,90.541941
2023-12-28,99.440002,90.342067
2023-12-29,99.250000,90.169449
2024-01-02,98.779999,89.742449
2024-01-03,98.830002,89.787877
2024-01-04,98.430000,89.424472
2024-01-05,98.199997,89.215512
2024-01-08,98.570000,89.551663
2024-01-09,98.550003,89.533496
2024-01-10,98.360001,89.360877
2024-01-11,98.919998,89.869639
2024-01-12,99.099998,90.033171
2024-01-16,98.360001,89.360877
2024-01-17,98.089996,89.115576
2024-01-18,98.000000,89.033814
2024-01-19,98.019997,89.051981
2024-01-22,98.199997,89.215512
2024-01-23,97.959999,88.997472
2024-01-24,97.739998,88.797600
2024-01-25,98.180000,89.197345
2024-01-26,98.070000,89.097409
2024-01-29,98.459999,89.451726
2024-01-30,98.650002,89.624346
2024-01-31,99.099998,90.033171
2024-02-01,99.370003,90.546449
2024-02-02,98.459999,89.717249
2024-02-05,97.650002,88.979175
2024-02-06,98.160004,89.443892
2024-02-07,97.959999,89.261646
2024-02-08,97.660004,88.988289
2024-02-09,97.629997,88.960947
2024-02-12,97.650002,88.979175
2024-02-13,96.750000,88.159089
2024-02-14,97.180000,88.550907
2024-02-15,97.410004,88.760488
2024-02-16,97.099998,88.478009
2024-02-20,97.190002,88.560021
2024-02-21,96.900002,88.295772
2024-02-22,96.980003,88.368669
2024-02-23,97.339996,88.696696
2024-02-26,97.129997,88.505344
2024-02-27,97.000000,88.386890
2024-02-28,97.190002,88.560021
2024-02-29,97.349998,88.705810
2024-03-01,97.529999,89.131869
2024-03-04,97.290001,88.912537
2024-03-05,97.820000,89.396899
2024-03-06,97.970001,89.533984
2024-03-07,98.180000,89.725900
2024-03-08,98.269997,89.808147
2024-03-11,98.160004,89.707626
2024-03-12,97.910004,89.479153
2024-03-13,97.730003,89.314651
2024-03-14,97.110001,88.748037
2024-03-15,97.099998,88.738895
2024-03-18,97.000000,88.647508
2024-03-19,97.239998,88.866840
2024-03-20,97.440002,89.049622
2024-03-21,97.510002,89.113594
2024-03-22,97.820000,89.396899
2024-03-25,97.639999,89.232397
2024-03-26,97.739998,89.323786
2024-03-27,98.059998,89.616231
2024-03-28,97.940002,89.506568
2024-04-01,96.940002,88.855995
2024-04-02,96.870003,88.791833
2024-04-03,96.930000,88.846827
2024-04-04,97.160004,89.057651
2024-04-05,96.680000,88.617675
2024-04-08,96.589996,88.535177
2024-04-09,96.919998,88.837659
2024-04-10,95.760002,87.774397
2024-04-11,95.779999,87.792727
2024-04-12,95.959999,87.957716
2024-04-15,95.379997,87.426082
2024-04-16,95.110001,87.178601
2024-04-17,95.550003,87.581911
2024-04-18,95.279999,87.334423
2024-04-19,95.379997,87.426082
2024-04-22,95.440002,87.481083
2024-04-23,95.639999,87.664402
2024-04-24,95.389999,87.435250
2024-04-25,95.120003,87.187769
2024-04-26,95.330002,87.380256
2024-04-29,95.620003,87.646073
2024-04-30,95.230003,87.288596
2024-05-01,95.269997,87.596406
2024-05-02,95.699997,87.991772
2024-05-03,96.190002,88.442309
2024-05-06,96.260002,88.506671
2024-05-07,96.459999,88.690559
2024-05-08,96.260002,88.506671
2024-05-09,96.440002,88.672172
2024-05-10,96.239998,88.488278
2024-05-13,96.290001,88.534253
2024-05-14,96.550003,88.773313
2024-05-15,97.190002,89.361763
2024-05-16,97.080002,89.260623
2024-05-17,96.769997,88.975588
2024-05-20,96.680000,88.892840
2024-05-21,96.860001,89.058342
2024-05-22,96.739998,88.948005
2024-05-23,96.470001,88.699755
2024-05-24,96.580002,88.800896
2024-05-28,96.129997,88.387137
2024-05-29,95.760002,88.046944
2024-05-30,96.209999,88.460695
2024-05-31,96.519997,88.745724
2024-06-03,96.800003,89.282349
2024-06-04,97.150002,89.605166
2024-06-05,97.449997,89.881863
2024-06-06,97.480003,89.909539
2024-06-07,96.620003,89.116328
2024-06-10,96.540001,89.042539
2024-06-11,96.870003,89.346913
2024-06-12,97.330002,89.771187
2024-06-13,97.820000,90.223131
2024-06-14,97.919998,90.315363
2024-06-17,97.570000,89.992547
2024-06-18,97.919998,90.315363
2024-06-20,97.750000,90.158568
2024-06-21,97.760002,90.167793
2024-06-24,97.839996,90.241574
2024-06-25,97.830002,90.232356
2024-06-26,97.389999,89.826525
2024-06-27,97.550003,89.974103
2024-06-28,97.070000,89.531377
2024-07-01,96.250000,89.051087
2024-07-02,96.570000,89.347153
2024-07-03,97.089996,89.828257
2024-07-05,97.580002,90.281613
2024-07-08,97.610001,90.309368
2024-07-09,97.519997,90.226096
2024-07-10,97.620003,90.318622
2024-07-11,98.120003,90.781225
2024-07-12,98.389999,91.031027
2024-07-15,98.050003,90.716461
2024-07-16,98.449997,91.086538
2024-07-17,98.519997,91.151302
2024-07-18,98.250000,90.901499
2024-07-19,98.050003,90.716461
2024-07-22,98.010002,90.679452
2024-07-23,98.000000,90.670198
2024-07-24,97.699997,90.392633
2024-07-25,97.970001,90.642443
2024-07-26,98.320000,90.966264
2024-07-29,98.480003,91.114300
2024-07-30,98.580002,91.206819
2024-07-31,99.110001,91.697178
2024-08-01,99.220001,92.081158
2024-08-02,100.330002,93.111295
2024-08-05,100.250000,93.037049
2024-08-06,99.650002,92.480221
2024-08-07,99.349998,92.201802
2024-08-08,99.199997,92.062594
2024-08-09,99.550003,92.387417
2024-08-12,99.720001,92.545184
2024-08-13,100.120003,92.916406
2024-08-14,100.300003,93.083455
2024-08-15,99.879997,92.693668
2024-08-16,100.120003,92.916406
2024-08-19,100.230003,93.018491
2024-08-20,100.529999,93.296903
2024-08-21,100.720001,93.473234
2024-08-22,100.309998,93.092731
2024-08-23,100.769997,93.519633
2024-08-26,100.680000,93.436111
2024-08-27,100.709999,93.463952
2024-08-28,100.620003,93.380431
2024-08-29,100.489998,93.259780
2024-08-30,100.250000,93.037049
2024-09-03,100.360001,93.429850
2024-09-04,100.800003,93.839469
2024-09-05,101.059998,94.081511
2024-09-06,101.190002,94.202537
2024-09-09,101.339996,94.342174
2024-09-10,101.650002,94.630773
2024-09-11,101.620003,94.602846
2024-09-12,101.529999,94.519057
2024-09-13,101.739998,94.714555
2024-09-16,101.980003,94.937987
2024-09-17,101.879997,94.844886
2024-09-18,101.559998,94.546984
2024-09-19,101.570000,94.556295
2024-09-20,101.480003,94.472513
2024-09-23,101.440002,94.435274
2024-09-24,101.580002,94.565607
2024-09-25,101.190002,94.202537
2024-09-26,101.209999,94.221154
2024-09-27,101.500000,94.491129
2024-09-30,101.269997,94.277009
2024-10-01,101.230003,94.526640
2024-10-02,101.019997,94.330540
2024-10-03,100.610001,93.947694
2024-10-04,99.959999,93.340735
2024-10-07,99.620003,93.023253
2024-10-08,99.790001,93.181994
2024-10-09,99.529999,92.939209
2024-10-10,99.470001,92.883184
2024-10-11,99.500000,92.911196
2024-10-14,99.410004,92.827160
2024-10-15,99.809998,93.200666
2024-10-16,99.940002,93.322062
2024-10-17,99.449997,92.864504
2024-10-18,99.519997,92.929869
2024-10-21,98.830002,92.285565
2024-10-22,98.849998,92.304237
2024-10-23,98.599998,92.070792
2024-10-24,98.790001,92.248213
2024-10-25,98.589996,92.061452
2024-10-28,98.430000,91.912051
2024-10-29,98.540001,92.014768
2024-10-30,98.440002,91.921390
2024-10-31,98.419998,91.902711
2024-11-01,97.720001,91.537633
2024-11-04,98.129997,91.921690
2024-11-05,98.360001,92.137143
2024-11-06,97.589996,91.415853
2024-11-07,98.330002,92.109042
2024-11-08,98.500000,92.268285
2024-11-11,98.279999,92.062202
2024-11-12,97.709999,91.528264
2024-11-13,97.690002,91.509532
2024-11-14,97.650002,91.472063
2024-11-15,97.660004,91.481432
2024-11-18,97.750000,91.565734
2024-11-19,97.889999,91.696876
2024-11-20,97.790001,91.603204
2024-11-21,97.739998,91.556365
2024-11-22,97.809998,91.621936
2024-11-25,98.690002,92.446266
2024-11-26,98.540001,92.305755
2024-11-27,98.809998,92.558670
2024-11-29,99.199997,92.923995
2024-12-02,98.900002,92.934838
2024-12-03,98.709999,92.756295
2024-12-04,99.029999,93.056994
2024-12-05,99.050003,93.075791
2024-12-06,99.330002,93.338902
2024-12-09,99.040001,93.066392
2024-12-10,98.919998,92.953627
2024-12-11,98.690002,92.737504
2024-12-12,98.290001,92.361629
2024-12-13,97.919998,92.013943
2024-12-16,98.010002,92.098518
2024-12-17,98.010002,92.098518
2024-12-18,96.949997,91.397383
2024-12-19,96.699997,91.161701
2024-12-20,96.959999,91.406812
2024-12-23,96.660004,91.123998
2024-12-24,96.769997,91.227692
2024-12-26,96.839996,91.293682
2024-12-27,96.639999,91.105139
2024-12-30,97.019997,91.463374
2024-12-31,96.900002,91.350251
2025-01-02,96.910004,91.359680
2025-01-03,96.809998,91.265402
2025-01-06,96.709999,91.171130
2025-01-07,96.370003,90.850607
2025-01-08,96.480003,90.954307
2025-01-10,95.940002,90.445233
2025-01-13,95.849998,90.360384
2025-01-14,95.879997,90.388665
2025-01-15,96.709999,91.171130
2025-01-16,96.919998,91.369102
2025-01-17,96.919998,91.369102
2025-01-21,97.239998,91.670774
2025-01-22,97.010002,91.453951
2025-01-23,96.849998,91.303111
2025-01-24,97.010002,91.453951
2025-01-27,97.550003,91.963025
2025-01-28,97.519997,91.934737
2025-01-29,97.459999,91.878175
2025-01-30,97.599998,92.010156
2025-01-31,97.400002,91.821615
2025-02-03,97.169998,91.908914
2025-02-04,97.349998,92.079169
2025-02-05,97.870003,92.571019
2025-02-06,97.769997,92.476427
2025-02-07,97.459999,92.183214
2025-02-10,97.489998,92.211588
2025-02-11,97.269997,92.003499
2025-02-12,96.760002,91.521117
2025-02-13,97.339996,92.069708
2025-02-14,97.699997,92.410218
2025-02-18,97.309998,92.041334
2025-02-19,97.449997,92.173753
2025-02-20,97.599998,92.315633
2025-02-21,98.019997,92.712892
2025-02-24,98.190002,92.873692
2025-02-25,98.800003,93.450666
2025-02-26,98.959999,93.601999
2025-02-27,98.809998,93.460120
2025-02-28,99.250000,93.876299
2025-03-03,99.160004,94.079516
2025-03-04,98.910004,93.842325
2025-03-05,98.570000,93.519741
2025-03-06,98.470001,93.424866
2025-03-07,98.349998,93.311011
2025-03-10,98.820000,93.756933
2025-03-11,98.470001,93.424866
2025-03-12,98.180000,93.149723
2025-03-13,98.480003,93.434355
2025-03-14,98.279999,93.244599
2025-03-17,98.410004,93.367943
2025-03-18,98.510002,93.462817
2025-03-19,98.800003,93.737960
2025-03-20,98.860001,93.794884
2025-03-21,98.739998,93.681029
2025-03-24,98.360001,93.320502
2025-03-25,98.449997,93.405887
2025-03-26,98.209999,93.178185
2025-03-27,98.160004,93.130752
2025-03-28,98.730003,93.671547
2025-03-31,98.919998,93.851807
2025-04-01,98.959999,94.199442
2025-04-02,98.849998,94.094732
2025-04-03,99.370003,94.589722
2025-04-04,99.459999,94.675389
2025-04-07,98.199997,93.476000
2025-04-08,97.690002,92.990539
2025-04-09,97.910004,93.199958
2025-04-10,97.139999,92.466994
2025-04-11,97.040001,92.371807
2025-04-14,97.610001,92.914387
2025-04-15,97.809998,93.104763
2025-04-16,98.120003,93.399854
2025-04-17,97.870003,93.161881
2025-04-21,97.279999,92.600260
2025-04-22,97.459999,92.771601
2025-04-23,97.699997,93.000053
2025-04-24,98.239998,93.514077
2025-04-25,98.599998,93.856759
2025-04-28,98.870003,94.113775
2025-04-29,99.110001,94.342228
2025-04-30,99.019997,94.256553
2025-05-01,98.430000,93.999879
2025-05-02,97.949997,93.541480
2025-05-05,97.779999,93.379133
2025-05-06,98.019997,93.608330
2025-05-07,98.169998,93.751579
2025-05-08,97.660004,93.264539
2025-05-09,97.760002,93.360036
2025-05-12,97.430000,93.044887
2025-05-13,97.330002,92.949390
2025-05-14,97.050003,92.681993
2025-05-15,97.599998,93.207234
2025-05-16,97.660004,93.264539
2025-05-19,97.629997,93.235883
2025-05-20,97.459999,93.073536
2025-05-21,96.820000,92.462342
2025-05-22,97.099998,92.729738
2025-05-23,97.239998,92.863437
2025-05-27,97.680000,93.283635
2025-05-28,97.500000,93.111737
2025-05-29,97.860001,93.455535
2025-05-30,98.099998,93.684730
2025-06-02,97.519997,93.438456
2025-06-03,97.449997,93.371385
2025-06-04,98.029999,93.927112
2025-06-05,97.779999,93.687576
2025-06-06,97.279999,93.208502
2025-06-09,97.400002,93.323483
2025-06-10,97.620003,93.534276
2025-06-11,97.949997,93.850459
2025-06-12,98.309998,94.195392
2025-06-13,97.959999,93.860042
2025-06-16,97.760002,93.668416
2025-06-17,98.059998,93.955856
2025-06-18,98.129997,94.022925
2025-06-20,98.220001,94.109162
2025-06-23,98.419998,94.300789
2025-06-24,98.820000,94.684049
2025-06-25,98.809998,94.674466
2025-06-26,99.080002,94.933169
2025-06-27,98.800003,94.664889
2025-06-30,99.199997,95.048142
2025-07-01,98.790001,94.961114
2025-07-02,98.669998,94.845762
2025-07-03,98.470001,94.653516
2025-07-07,98.120003,94.317084
2025-07-08,98.080002,94.278633
2025-07-09,98.489998,94.672738
2025-07-10,98.459999,94.643902
2025-07-11,98.050003,94.249797
2025-07-14,98.040001,94.240182
2025-07-15,97.750000,93.961421
2025-07-16,97.889999,94.095994
2025-07-17,97.930000,94.134445
2025-07-18,98.110001,94.307469
2025-07-21,98.379997,94.567001
2025-07-22,98.570000,94.749640
2025-07-23,98.349998,94.538165
2025-07-24,98.290001,94.480493
2025-07-25,98.449997,94.634288
2025-07-28,98.320000,94.509329
2025-07-29,98.849998,95.018786
2025-07-30,98.570000,94.749640
2025-07-31,98.620003,94.797705
2025-08-01,99.139999,95.617706
2025-08-04,99.220001,95.694866
2025-08-05,99.250000,95.723799
2025-08-06,99.209999,95.685219
2025-08-07,99.129997,95.608059
2025-08-08,98.940002,95.424815
2025-08-11,99.010002,95.492328
2025-08-12,99.010002,95.492328
2025-08-13,99.370003,95.839538
2025-08-14,99.089996,95.569480
2025-08-15,98.940002,95.424815
2025-08-18,98.830002,95.318723
2025-08-19,99.019997,95.501968
2025-08-20,99.080002,95.559841
2025-08-21,98.849998,95.338008
2025-08-22,99.400002,95.868472
2025-08-25,99.250000,95.723799
2025-08-26,99.370003,95.839538
2025-08-27,99.470001,95.935984
2025-08-28,99.589996,96.051715
2025-08-29,99.459999,95.926337
2025-09-02,98.870003,95.671743
2025-09-03,99.230003,96.020098
2025-09-04,99.629997,96.407153
2025-09-05,100.099998,96.861950
2025-09-08,100.440002,97.190955
2025-09-09,100.239998,96.997421
2025-09-10,100.440002,97.190955
2025-09-11,100.629997,97.374804
2025-09-12,100.540001,97.287720
2025-09-15,100.709999,97.452219
2025-09-16,100.750000,97.490926
2025-09-17,100.570000,97.316748
2025-09-18,100.290001,97.045807
2025-09-19,100.290001,97.045807
2025-09-22,100.169998,96.929686
2025-09-23,100.330002,97.084514
2025-09-24,100.139999,96.900657
2025-09-25,100.000000,96.765187
2025-09-26,100.070000,96.832922
2025-09-29,100.260002,97.016778
2025-09-30,100.250000,97.007100
2025-10-01,100.180000,97.254874
2025-10-02,100.290001,97.361663
2025-10-03,100.180000,97.254874
2025-10-06,99.959999,97.041297
2025-10-07,100.129997,97.206331
2025-10-08,100.139999,97.216041
2025-10-09,100.019997,97.099543
2025-10-10,100.430000,97.497575
2025-10-13,100.620003,97.682030
2025-10-14,100.779999,97.837354
2025-10-15,100.739998,97.798521
2025-10-16,101.099998,98.148010
2025-10-17,100.959999,98.012098
2025-10-20,101.129997,98.177133
2025-10-21,101.230003,98.274219
2025-10-22,101.220001,98.264509
2025-10-23,101.040001,98.089764
2025-10-24,101.139999,98.186843
2025-10-27,101.209999,98.254799
2025-10-28,101.269997,98.313045
2025-10-29,100.790001,97.847064
2025-10-30,100.599998,97.662609
2025-10-31,100.540001,97.604364
2025-11-03,100.089996,97.484517
2025-11-04,100.139999,97.533218
2025-11-05,99.870003,97.270251
2025-11-06,100.239998,97.630614
2025-11-07,100.199997,97.591654
2025-11-10,100.160004,97.552703
2025-11-11,100.459999,97.844888
2025-11-12,100.419998,97.805929
2025-11-13,100.120003,97.513743
2025-11-14,100.000000,97.396864
2025-11-17,100.019997,97.416340
2025-11-18,100.080002,97.474783
2025-11-19,100.080002,97.474783
2025-11-20,100.199997,97.591654
2025-11-21,100.440002,97.825412
2025-11-24,100.639999,98.020203
2025-11-25,100.800003,98.176041
2025-11-26,100.959999,98.331873
2025-11-28,100.820000,98.195518
2025-12-01,100.059998,97.771807
2025-12-02,100.190002,97.898838
2025-12-03,100.379997,98.084488
2025-12-04,100.139999,97.849979
2025-12-05,100.029999,97.742494
2025-12-08,99.870003,97.586157
2025-12-09,99.779999,97.498211
2025-12-10,100.099998,97.810892
2025-12-11,100.120003,97.830440
2025-12-12,99.809998,97.527524
2025-12-15,99.910004,97.625243
2025-12-16,100.099998,97.810892
2025-12-17,100.070000,97.781580
2025-12-18,100.320000,98.025863
2025-12-19,99.839996,97.882733
2025-12-22,99.800003,97.843524
2025-12-23,99.800003,97.843524
2025-12-24,100.019997,98.059206
2025-12-26,100.040001,98.078818
2025-12-29,100.160004,98.196468
2025-12-30,100.120003,98.157251
2025-12-31,99.879997,97.921950
2026-01-02,99.849998,97.892539
2026-01-05,100.040001,98.078818
2026-01-06,100.019997,98.059206
2026-01-07,100.120003,98.157251
2026-01-08,99.940002,97.980779
2026-01-09,100.160004,98.196468
2026-01-12,100.110001,98.147445
2026-01-13,100.199997,98.235677
2026-01-14,100.349998,98.382737
2026-01-15,100.220001,98.255289
2026-01-16,100.050003,98.088623
2026-01-20,99.669998,97.716068
2026-01-21,100.000000,98.039601
2026-01-22,100.019997,98.059206
2026-01-23,100.110001,98.147445
2026-01-26,100.260002,98.294506
2026-01-27,100.190002,98.225878
2026-01-28,100.150002,98.186662
2026-01-29,100.150002,98.186662
2026-01-30,100.129997,98.167049
2026-02-02,99.690002,98.053603
2026-02-03,99.699997,98.063433
2026-02-04,99.639999,98.004420
2026-02-05,100.070000,98.427363
2026-02-06,100.129997,98.486375
2026-02-09,100.160004,98.515890
2026-02-10,100.449997,98.801122
2026-02-11,100.220001,98.574902
2026-02-12,100.669998,99.017512
2026-02-13,100.989998,99.332259
2026-02-17,101.000000,99.342097
2026-02-18,100.860001,99.204396
2026-02-19,100.879997,99.224064
2026-02-20,100.900002,99.243741
2026-02-23,101.099998,99.440454
2026-02-24,101.089996,99.430616
2026-02-25,101.040001,99.381441
2026-02-26,101.199997,99.538811
2026-02-27,101.400002,99.735533
2026-03-02,100.680000,99.337291
2026-03-03,100.570000,99.228758
2026-03-04,100.529999,99.189290
2026-03-05,100.239998,98.903157
2026-03-06,100.120003,98.784762
2026-03-09,100.440002,99.100494
2026-03-10,100.110001,98.774894
2026-03-11,99.660004,98.330898
2026-03-12,99.290001,97.965830
2026-03-13,99.209999,97.886895
2026-03-16,99.599998,98.271692
2026-03-17,99.800003,98.469030
2026-03-18,99.379997,98.054625
2026-03-19,99.489998,98.163159
2026-03-20,98.660004,97.344234
2026-03-23,99.029999,97.709295
2026-03-24,98.760002,97.442899
2026-03-25,99.110001,97.788230
2026-03-26,98.550003,97.235701
2026-03-27,98.540001,97.225832
2026-03-30,99.040001,97.719164
2026-03-31,99.269997,97.946092
2026-04-01,99.000000,98.012149
2026-04-02,99.230003,98.239857
2026-04-06,99.050003,98.061653
2026-04-07,99.169998,98.180450
2026-04-08,99.430000,98.437858
2026-04-09,99.489998,98.497257
2026-04-10,99.320000,98.328956
2026-04-13,99.519997,98.526957
2026-04-14,99.779999,98.784365
2026-04-15,99.620003,98.625965
2026-04-16,99.480003,98.487362
2026-04-17,99.849998,98.853665
2026-04-20,99.839996,98.843763
2026-04-21,99.470001,98.477460
2026-04-22,99.610001,98.616063
2026-04-23,99.449997,98.457655
2026-04-24,99.589996,98.596257
2026-04-27,99.440002,98.447760
2026-04-28,99.400002,98.408159
2026-04-29,98.959999,97.972547
2026-04-30,99.099998,98.111149
2026-05-01,98.900002,98.240220
2026-05-04,98.589996,97.932282
2026-05-05,98.769997,98.111082
2026-05-06,99.190002,98.528285
2026-05-07,98.949997,98.289881
2026-05-08,99.180000,98.518350
2026-05-11,98.919998,98.260083
2026-05-12,98.629997,97.972016
2026-05-13,98.669998,98.011750
2026-05-14,98.639999,97.981951
2026-05-15,98.019997,97.366086
2026-05-18,98.010002,97.356157
2026-05-19,97.629997,96.978687
2026-05-20,98.220001,97.564755
2026-05-21,98.339996,97.683950
2026-05-22,98.440002,97.783289
2026-05-26,98.720001,98.061420
2026-05-27,98.800003,98.140888
2026-05-28,99.000000,98.339551
2026-05-29,99.059998,98.399149
2026-06-01,98.680000,98.350314
2026-06-02,98.709999,98.380213
2026-06-03,98.500000,98.170916
2026-06-04,98.660004,98.330385
2026-06-05,98.169998,97.842016
2026-06-08,98.169998,97.842016
2026-06-09,98.370003,98.041353
2026-06-10,98.309998,97.981548
2026-06-11,98.879997,98.549643
2026-06-12,98.760002,98.430049
2026-06-15,98.849998,98.519744
2026-06-16,98.970001,98.639346
2026-06-17,98.610001,98.280549
2026-06-18,98.900002,98.569581
2026-06-22,98.629997,98.300478
2026-06-23,98.709999,98.380213
2026-06-24,99.190002,98.858612
2026-06-25,99.250000,98.918410
2026-06-26,99.339996,99.008105
2026-06-29,99.370003,99.038012
2026-06-30,98.980003,98.649315
2026-07-01,98.500000,98.500000
2026-07-02,98.610001,98.610001
2026-07-06,98.660004,98.660004
2026-07-07,98.209999,98.209999
2026-07-08,98.040001,98.040001
2026-07-09,98.180000,98.180000
2026-07-10,98.080002,98.080002
2026-07-13,97.709999,97.709999
2026-07-14,98.000000,98.000000
2026-07-15,98.139999,98.139999
2026-07-16,98.129997,98.129997
2026-07-17,98.199997,98.199997
2026-07-20,97.949997,97.949997
