date,close,adj_close
2002-04-16,7.020000,5.822048
2002-04-17,6.850000,5.681058
2002-04-18,7.500000,6.220137
2002-04-19,7.450000,6.178669
2002-04-22,7.140000,5.921570
2002-04-23,7.030000,5.830341
2002-04-24,6.500000,5.390785
2002-04-25,6.500000,5.390785
2002-04-26,6.840000,5.672765
2002-04-29,6.950000,5.763993
2002-04-30,7.300000,6.054266
2002-05-01,6.960000,5.772287
2002-05-02,6.940000,5.755700
2002-05-03,6.990000,5.797167
2002-05-06,6.660000,5.523481
2002-05-07,6.730000,5.581536
2002-05-08,6.830000,5.664471
2002-05-09,6.700000,5.556655
2002-05-10,6.800000,5.639590
2002-05-13,6.800000,5.639590
2002-05-14,7.290000,6.045973
2002-05-15,7.000000,5.805461
2002-05-16,6.460000,5.357611
2002-05-17,6.590000,5.465427
2002-05-20,6.440000,5.341024
2002-05-21,6.820000,5.656177
2002-05-22,6.460000,5.357611
2002-05-23,6.950000,5.763993
2002-05-24,6.630000,5.498601
2002-05-28,6.460000,5.357611
2002-05-29,6.570000,5.448840
2002-05-30,6.650000,5.515188
2002-05-31,6.450000,5.349317
2002-06-03,6.450000,5.349317
2002-06-04,6.500000,5.390785
2002-06-05,6.750000,5.598123
2002-06-06,6.510000,5.399078
2002-06-07,6.440000,5.341024
2002-06-10,6.410000,5.316143
2002-06-11,6.380000,5.291263
2002-06-12,6.340000,5.258089
2002-06-13,6.300000,5.224915
2002-06-14,6.410000,5.316143
2002-06-17,6.650000,5.515188
2002-06-18,6.570000,5.448840
2002-06-19,6.000000,4.976109
2002-06-20,5.830000,4.835119
2002-06-21,5.810000,4.818532
2002-06-24,6.030000,5.000990
2002-06-25,6.330000,5.249795
2002-06-26,6.280000,5.208328
2002-06-27,6.690000,5.548362
2002-06-28,6.320000,5.241502
2002-07-01,6.650000,5.515188
2002-07-02,6.070000,5.034164
2002-07-03,6.380000,5.291263
2002-07-05,6.700000,5.556655
2002-07-08,6.690000,5.548362
2002-07-09,6.500000,5.390785
2002-07-10,6.110000,5.067338
2002-07-11,5.900000,4.893174
2002-07-12,6.200000,5.141980
2002-07-15,6.250000,5.183447
2002-07-16,6.500000,5.390785
2002-07-17,6.370000,5.282969
2002-07-18,6.310000,5.233208
2002-07-19,6.660000,5.523481
2002-07-22,6.690000,5.548362
2002-07-23,5.930000,4.918055
2002-07-24,6.500000,5.390785
2002-07-25,6.440000,5.341024
2002-07-26,6.240000,5.175154
2002-07-29,6.250000,5.183447
2002-07-30,6.400000,5.307850
2002-07-31,5.980000,4.959522
2002-08-01,5.840000,4.843413
2002-08-02,5.410000,4.486792
2002-08-05,4.690000,3.889659
2002-08-06,5.190000,4.304334
2002-08-07,5.350000,4.437031
2002-08-08,4.860000,4.030648
2002-08-09,4.900000,4.063823
2002-08-12,4.790000,3.972594
2002-08-13,4.560000,3.781843
2002-08-14,6.230000,5.166860
2002-08-15,5.960000,4.942935
2002-08-16,6.500000,5.390785
2002-08-19,6.490000,5.382491
2002-08-20,6.270000,5.200034
2002-08-21,6.300000,5.224915
2002-08-22,6.270000,5.200034
2002-08-23,6.050000,5.017577
2002-08-26,5.950000,4.934642
2002-08-27,5.650000,4.685836
2002-08-28,5.630000,4.669249
2002-08-29,5.500000,4.561433
2002-08-30,5.550000,4.602901
2002-09-03,5.410000,4.486792
2002-09-04,5.150000,4.271160
2002-09-05,4.870000,4.038942
2002-09-06,5.050000,4.188225
2002-09-09,4.930000,4.088703
2002-09-10,4.850000,4.022355
2002-09-11,4.780000,3.964300
2002-09-12,4.880000,4.047235
2002-09-13,4.670000,3.873072
2002-09-16,4.650000,3.856485
2002-09-17,4.680000,3.881365
2002-09-18,4.500000,3.732082
2002-09-19,4.510000,3.740375
2002-09-20,4.690000,3.889659
2002-09-23,4.510000,3.740375
2002-09-24,4.710000,3.906246
2002-09-25,4.980000,4.130171
2002-09-26,4.720000,3.914539
2002-09-27,4.770000,3.956007
2002-09-30,4.800000,3.980887
2002-10-01,4.760000,3.947713
2002-10-02,4.700000,3.897952
2002-10-03,4.770000,3.956007
2002-10-04,4.810000,3.989181
2002-10-07,4.470000,3.707201
2002-10-08,4.500000,3.732082
2002-10-09,4.100000,3.400341
2002-10-10,4.350000,3.607679
2002-10-11,4.560000,3.781843
2002-10-14,4.390000,3.640853
2002-10-15,4.770000,3.956007
2002-10-16,4.340000,3.599386
2002-10-17,4.310000,3.574505
2002-10-18,4.430000,3.674027
2002-10-21,4.220000,3.499863
2002-10-22,4.390000,3.640853
2002-10-23,4.500000,3.732082
2002-10-24,4.530000,3.756962
2002-10-25,4.590000,3.806724
2002-10-28,4.500000,3.732082
2002-10-29,4.330000,3.591092
2002-10-30,4.480000,3.715495
2002-10-31,4.150000,3.441809
2002-11-01,4.040000,3.350580
2002-11-04,4.110000,3.408635
2002-11-05,3.790000,3.143242
2002-11-06,4.270000,3.541331
2002-11-07,4.120000,3.416928
2002-11-08,4.050000,3.358874
2002-11-11,3.690000,3.060307
2002-11-12,4.630000,3.839898
2002-11-13,4.900000,4.063823
2002-11-14,5.570000,4.619488
2002-11-15,5.830000,4.835119
2002-11-18,5.610000,4.652662
2002-11-19,5.830000,4.835119
2002-11-20,6.070000,5.034164
2002-11-21,6.240000,5.175154
2002-11-22,6.160000,5.108805
2002-11-25,6.150000,5.100512
2002-11-26,6.180000,5.125392
2002-11-27,6.690000,5.548362
2002-11-29,6.660000,5.523481
2002-12-02,6.380000,5.291263
2002-12-03,6.150000,5.100512
2002-12-04,6.250000,5.183447
2002-12-05,6.100000,5.059044
2002-12-06,6.260000,5.191741
2002-12-09,6.260000,5.191741
2002-12-10,6.630000,5.498601
2002-12-11,7.260000,6.021092
2002-12-12,7.010000,5.813754
2002-12-13,7.420000,6.153788
2002-12-16,7.400000,6.137201
2002-12-17,6.950000,5.763993
2002-12-18,6.720000,5.573242
2002-12-19,6.700000,5.556655
2002-12-20,7.250000,6.012799
2002-12-23,7.470000,6.195256
2002-12-24,7.290000,6.045973
2002-12-26,7.120000,5.904983
2002-12-27,6.890000,5.714232
2002-12-30,6.820000,5.656177
2002-12-31,6.570000,5.448840
2003-01-02,6.950000,5.763993
2003-01-03,7.050000,5.846928
2003-01-06,6.860000,5.689352
2003-01-07,7.020000,5.822048
2003-01-08,7.500000,6.220137
2003-01-09,7.270000,6.029386
2003-01-10,7.900000,6.551877
2003-01-13,7.750000,6.427474
2003-01-14,7.900000,6.551877
2003-01-15,7.460000,6.186962
2003-01-16,7.250000,6.012799
2003-01-17,7.200000,5.971331
2003-01-21,7.160000,5.938157
2003-01-22,6.100000,5.059044
2003-01-23,5.850000,4.851706
2003-01-24,5.520000,4.578020
2003-01-27,5.090000,4.221399
2003-01-28,5.540000,4.594608
2003-01-29,6.220000,5.158567
2003-01-30,6.140000,5.092218
2003-01-31,6.520000,5.407372
2003-02-03,6.250000,5.183447
2003-02-04,5.800000,4.810239
2003-02-05,5.650000,4.685836
2003-02-06,5.510000,4.569727
2003-02-07,5.540000,4.594608
2003-02-10,6.010000,4.984403
2003-02-11,5.700000,4.727304
2003-02-12,5.660000,4.694130
2003-02-13,5.720000,4.743891
2003-02-14,5.780000,4.793652
2003-02-18,5.450000,4.519966
2003-02-19,4.890000,4.055529
2003-02-20,4.650000,3.856485
2003-02-21,4.760000,3.947713
2003-02-24,4.670000,3.873072
2003-02-25,4.510000,3.740375
2003-02-26,4.420000,3.665734
2003-02-27,4.690000,3.889659
2003-02-28,4.700000,3.897952
2003-03-03,5.200000,4.312628
2003-03-04,5.430000,4.503379
2003-03-05,5.490000,4.553140
2003-03-06,5.570000,4.619488
2003-03-07,5.680000,4.710717
2003-03-10,5.400000,4.478498
2003-03-11,5.380000,4.461911
2003-03-12,5.600000,4.644369
2003-03-13,5.730000,4.752184
2003-03-14,5.920000,4.909761
2003-03-17,6.400000,5.307850
2003-03-18,6.350000,5.266382
2003-03-19,6.650000,5.515188
2003-03-20,6.830000,5.664471
2003-03-21,6.890000,5.714232
2003-03-24,6.390000,5.299556
2003-03-25,5.910000,4.901468
2003-03-26,5.710000,4.735597
2003-03-27,5.800000,4.810239
2003-03-28,5.710000,4.735597
2003-03-31,5.780000,4.793652
2003-04-01,5.970000,4.951229
2003-04-02,6.270000,5.200034
2003-04-03,6.350000,5.266382
2003-04-04,6.260000,5.191741
2003-04-07,6.840000,5.672765
2003-04-08,6.990000,5.797167
2003-04-09,6.940000,5.755700
2003-04-10,6.990000,5.797167
2003-04-11,6.930000,5.747406
2003-04-14,7.100000,5.888396
2003-04-15,7.180000,5.954744
2003-04-16,6.500000,5.390785
2003-04-17,6.900000,5.722526
2003-04-21,6.780000,5.623003
2003-04-22,6.950000,5.763993
2003-04-23,7.020000,5.822048
2003-04-24,7.370000,6.112321
2003-04-25,6.740000,5.589829
2003-04-28,7.000000,5.805461
2003-04-29,7.100000,5.888396
2003-04-30,7.070000,5.863515
2003-05-01,6.980000,5.788874
2003-05-02,7.210000,5.979625
2003-05-05,7.420000,6.153788
2003-05-06,8.630000,7.157304
2003-05-07,8.180000,6.784096
2003-05-08,8.250000,6.842150
2003-05-09,8.790000,7.290000
2003-05-12,8.530000,7.074369
2003-05-13,9.540000,7.912014
2003-05-14,9.500000,7.878840
2003-05-15,9.970000,8.268635
2003-05-16,9.440000,7.829078
2003-05-19,9.120000,7.563686
2003-05-20,9.500000,7.878840
2003-05-21,9.880000,8.193993
2003-05-22,9.800000,8.127645
2003-05-23,9.690000,8.036416
2003-05-27,10.000000,8.293515
2003-05-28,10.200000,8.459386
2003-05-29,10.350000,8.583788
2003-05-30,10.650000,8.832594
2003-06-02,10.970000,9.097986
2003-06-03,11.700000,9.703413
2003-06-04,11.400000,9.454608
2003-06-05,11.680000,9.686826
2003-06-06,12.500000,10.366894
2003-06-09,11.980000,9.935631
2003-06-10,12.490000,10.358601
2003-06-11,12.500000,10.366894
2003-06-12,12.410000,10.292253
2003-06-13,12.100000,10.035154
2003-06-16,11.750000,9.744881
2003-06-17,11.750000,9.744881
2003-06-18,11.540000,9.570717
2003-06-19,11.500000,9.537543
2003-06-20,11.520000,9.554130
2003-06-23,11.410000,9.462901
2003-06-24,11.360000,9.421433
2003-06-25,11.340000,9.404846
2003-06-26,11.750000,9.744881
2003-06-27,11.610000,9.628771
2003-06-30,11.640000,9.653652
2003-07-01,11.740000,9.736587
2003-07-02,11.650000,9.661945
2003-07-03,11.570000,9.595597
2003-07-07,11.920000,9.885870
2003-07-08,12.000000,9.952218
2003-07-09,12.590000,10.441536
2003-07-10,12.380000,10.267372
2003-07-11,12.430000,10.308840
2003-07-14,13.560000,11.246007
2003-07-15,13.890000,11.519693
2003-07-16,13.930000,11.552867
2003-07-17,13.520000,11.212833
2003-07-18,13.970000,11.586041
2003-07-21,13.300000,11.030375
2003-07-22,14.230000,11.801672
2003-07-23,13.970000,11.586041
2003-07-24,14.460000,11.992423
2003-07-25,14.100000,11.693857
2003-07-28,14.610000,12.116826
2003-07-29,15.000000,12.440273
2003-07-30,14.970000,12.415392
2003-07-31,14.810000,12.282696
2003-08-01,14.990000,12.431980
2003-08-04,14.390000,11.934369
2003-08-05,13.440000,11.146485
2003-08-06,13.130000,10.889386
2003-08-07,13.030000,10.806451
2003-08-08,12.780000,10.599113
2003-08-11,13.610000,11.287474
2003-08-12,13.720000,11.378703
2003-08-13,14.430000,11.967543
2003-08-14,13.650000,11.320648
2003-08-15,12.770000,10.590819
2003-08-18,13.180000,10.930853
2003-08-19,13.060000,10.831331
2003-08-20,12.980000,10.764983
2003-08-21,14.200000,11.776792
2003-08-22,14.080000,11.677270
2003-08-25,14.490000,12.017304
2003-08-26,14.490000,12.017304
2003-08-27,14.380000,11.926075
2003-08-28,14.670000,12.166587
2003-08-29,14.170000,11.751911
2003-09-02,15.420000,12.788601
2003-09-03,16.120000,13.369147
2003-09-04,17.150000,14.223379
2003-09-05,17.110000,14.190205
2003-09-08,17.430000,14.455597
2003-09-09,17.750000,14.720990
2003-09-10,17.480000,14.497065
2003-09-11,17.940000,14.878567
2003-09-12,18.250000,15.135666
2003-09-15,18.030000,14.953208
2003-09-16,17.530000,14.538532
2003-09-17,18.020000,14.944915
2003-09-18,18.080000,14.994676
2003-09-19,18.320000,15.193720
2003-09-22,18.080000,14.994676
2003-09-23,18.470000,15.318123
2003-09-24,18.000000,14.928328
2003-09-25,17.490000,14.505358
2003-09-26,16.980000,14.082389
2003-09-29,16.890000,14.007747
2003-09-30,17.000000,14.098976
2003-10-01,17.510000,14.521945
2003-10-02,17.650000,14.638055
2003-10-03,17.750000,14.720990
2003-10-06,17.810000,14.770751
2003-10-07,18.910000,15.683038
2003-10-08,18.200000,15.094198
2003-10-09,18.290000,15.168840
2003-10-10,18.150000,15.052730
2003-10-13,18.490000,15.334710
2003-10-14,18.650000,15.467406
2003-10-15,18.550000,15.384471
2003-10-16,18.590000,15.417645
2003-10-17,17.760000,14.729283
2003-10-20,18.350000,15.218601
2003-10-21,18.120000,15.027850
2003-10-22,17.690000,14.671229
2003-10-23,17.930000,14.870273
2003-10-24,17.790000,14.754164
2003-10-27,18.770000,15.566928
2003-10-28,19.450000,16.130887
2003-10-29,19.490000,16.164061
2003-10-30,19.260000,15.973311
2003-10-31,19.270000,15.981604
2003-11-03,20.200000,16.752901
2003-11-04,25.130000,20.841604
2003-11-05,24.930000,20.675734
2003-11-06,24.740000,20.518157
2003-11-07,23.470000,19.464881
2003-11-10,20.960000,17.383208
2003-11-11,20.300000,16.835836
2003-11-12,22.220000,18.428191
2003-11-13,21.400000,17.748123
2003-11-14,20.850000,17.291980
2003-11-17,20.410000,16.927065
2003-11-18,21.110000,17.507611
2003-11-19,21.260000,17.632014
2003-11-20,21.770000,18.054983
2003-11-21,22.560000,18.710171
2003-11-24,22.500000,18.660410
2003-11-25,22.890000,18.983857
2003-11-26,23.340000,19.357065
2003-11-28,23.040000,19.108259
2003-12-01,24.400000,20.236177
2003-12-02,23.500000,19.489761
2003-12-03,23.510000,19.498055
2003-12-04,22.940000,19.025324
2003-12-05,22.550000,18.701877
2003-12-08,23.600000,19.572696
2003-12-09,22.830000,18.934096
2003-12-10,21.720000,18.013515
2003-12-11,23.200000,19.240956
2003-12-12,23.160000,19.207782
2003-12-15,22.300000,18.494539
2003-12-16,19.750000,16.379693
2003-12-17,19.090000,15.832321
2003-12-18,19.980000,16.570444
2003-12-19,19.740000,16.371399
2003-12-22,20.470000,16.976826
2003-12-23,20.750000,17.209044
2003-12-24,20.250000,16.794369
2003-12-26,20.420000,16.935358
2003-12-29,20.920000,17.350034
2003-12-30,20.710000,17.175870
2003-12-31,20.780000,17.233925
2004-01-02,20.640000,17.117816
2004-01-05,21.330000,17.690068
2004-01-06,21.340000,17.698362
2004-01-07,21.770000,18.054983
2004-01-08,22.540000,18.693584
2004-01-09,22.330000,18.519420
2004-01-12,23.170000,19.216075
2004-01-13,22.850000,18.950683
2004-01-14,22.800000,18.909215
2004-01-15,22.820000,18.925802
2004-01-16,23.490000,19.481468
2004-01-20,23.630000,19.597577
2004-01-21,23.520000,19.506348
2004-01-22,23.270000,19.299010
2004-01-23,24.300000,20.153242
2004-01-26,24.120000,20.003959
2004-01-27,23.510000,19.498055
2004-01-28,21.570000,17.889113
2004-01-29,22.300000,18.494539
2004-01-30,22.510000,18.668703
2004-02-02,22.900000,18.992150
2004-02-03,22.900000,18.992150
2004-02-04,21.650000,17.955461
2004-02-05,21.750000,18.038396
2004-02-06,22.360000,18.544300
2004-02-09,22.640000,18.776519
2004-02-10,22.850000,18.950683
2004-02-11,23.420000,19.423413
2004-02-12,23.260000,19.290717
2004-02-13,22.850000,18.950683
2004-02-17,23.150000,19.199488
2004-02-18,20.710000,17.175870
2004-02-19,20.520000,17.018294
2004-02-20,20.970000,17.391502
2004-02-23,20.580000,17.068055
2004-02-24,21.360000,17.714949
2004-02-25,21.320000,17.681775
2004-02-26,21.440000,17.781297
2004-02-27,21.160000,17.549078
2004-03-01,22.210000,18.419898
2004-03-02,21.750000,18.038396
2004-03-03,21.290000,17.656894
2004-03-04,21.120000,17.515904
2004-03-05,21.150000,17.540785
2004-03-08,20.760000,17.217338
2004-03-09,20.650000,17.126109
2004-03-10,20.480000,16.985119
2004-03-11,20.080000,16.653379
2004-03-12,19.930000,16.528976
2004-03-15,19.250000,15.965017
2004-03-16,19.780000,16.404573
2004-03-17,20.300000,16.835836
2004-03-18,20.010000,16.595324
2004-03-19,19.500000,16.172355
2004-03-22,19.430000,16.114300
2004-03-23,19.520000,16.188942
2004-03-24,19.520000,16.188942
2004-03-25,19.790000,16.412867
2004-03-26,19.860000,16.470922
2004-03-29,20.600000,17.084642
2004-03-30,20.320000,16.852423
2004-03-31,20.640000,17.117816
2004-04-01,20.680000,17.150990
2004-04-02,20.750000,17.209044
2004-04-05,20.130000,16.694846
2004-04-06,20.100000,16.669966
2004-04-07,20.460000,16.968532
2004-04-08,20.440000,16.951945
2004-04-12,20.290000,16.827543
2004-04-13,19.930000,16.528976
2004-04-14,19.750000,16.379693
2004-04-15,18.990000,15.749386
2004-04-16,19.350000,16.047952
2004-04-19,19.110000,15.848908
2004-04-20,18.490000,15.334710
2004-04-21,18.890000,15.666451
2004-04-22,18.850000,15.633276
2004-04-23,18.700000,15.508874
2004-04-26,18.530000,15.367884
2004-04-27,18.110000,15.019556
2004-04-28,17.610000,14.604881
2004-04-29,17.010000,14.107270
2004-04-30,16.090000,13.344266
2004-05-03,15.850000,13.145222
2004-05-04,16.400000,13.601365
2004-05-05,14.630000,12.133413
2004-05-06,17.800000,14.762457
2004-05-07,16.890000,14.007747
2004-05-10,16.880000,13.999454
2004-05-11,17.840000,14.795631
2004-05-12,17.500000,14.513652
2004-05-13,17.470000,14.488771
2004-05-14,17.140000,14.215085
2004-05-17,17.000000,14.098976
2004-05-18,17.200000,14.264846
2004-05-19,17.180000,14.248259
2004-05-20,17.200000,14.264846
2004-05-21,17.490000,14.505358
2004-05-24,17.110000,14.190205
2004-05-25,17.500000,14.513652
2004-05-26,17.500000,14.513652
2004-05-27,17.440000,14.463891
2004-05-28,17.030000,14.123857
2004-06-01,17.490000,14.505358
2004-06-02,17.310000,14.356075
2004-06-03,16.950000,14.057509
2004-06-04,17.250000,14.306314
2004-06-07,17.360000,14.397543
2004-06-08,17.000000,14.098976
2004-06-09,16.650000,13.808703
2004-06-10,16.940000,14.049215
2004-06-14,16.610000,13.775529
2004-06-15,16.990000,14.090683
2004-06-16,17.070000,14.157031
2004-06-17,17.100000,14.181911
2004-06-18,17.080000,14.165324
2004-06-21,17.190000,14.256553
2004-06-22,17.480000,14.497065
2004-06-23,17.360000,14.397543
2004-06-24,17.500000,14.513652
2004-06-25,17.450000,14.472184
2004-06-28,17.450000,14.472184
2004-06-29,17.200000,14.264846
2004-06-30,16.800000,13.933106
2004-07-01,16.320000,13.535017
2004-07-02,16.280000,13.501843
2004-07-06,16.290000,13.510137
2004-07-07,16.000000,13.269625
2004-07-08,15.800000,13.103754
2004-07-09,15.630000,12.962765
2004-07-12,15.670000,12.995939
2004-07-13,15.780000,13.087167
2004-07-14,15.510000,12.863242
2004-07-15,15.710000,13.029113
2004-07-16,15.630000,12.962765
2004-07-19,15.580000,12.921297
2004-07-20,15.570000,12.913003
2004-07-21,14.930000,12.382218
2004-07-22,15.040000,12.473447
2004-07-23,14.830000,12.299283
2004-07-26,15.030000,12.465154
2004-07-27,15.000000,12.440273
2004-07-28,15.190000,12.597850
2004-07-29,15.200000,12.606143
2004-07-30,15.230000,12.631024
2004-08-02,15.060000,12.490034
2004-08-03,14.660000,12.158294
2004-08-04,14.850000,12.315870
2004-08-05,14.710000,12.199761
2004-08-06,15.160000,12.572969
2004-08-09,15.860000,13.153515
2004-08-10,16.270000,13.493549
2004-08-11,16.110000,13.360853
2004-08-12,16.120000,13.369147
2004-08-13,16.590000,13.758942
2004-08-16,17.430000,14.455597
2004-08-17,17.730000,14.704403
2004-08-18,18.100000,15.011263
2004-08-19,17.880000,14.828805
2004-08-20,17.980000,14.911741
2004-08-23,18.370000,15.235188
2004-08-24,18.200000,15.094198
2004-08-25,18.010000,14.936621
2004-08-26,18.250000,15.135666
2004-08-27,18.140000,15.044437
2004-08-30,18.130000,15.036143
2004-08-31,18.310000,15.185427
2004-09-01,18.460000,15.309829
2004-09-02,18.870000,15.649863
2004-09-03,18.430000,15.284949
2004-09-07,18.150000,15.052730
2004-09-08,18.660000,15.475700
2004-09-09,18.880000,15.658157
2004-09-10,18.550000,15.384471
2004-09-13,18.940000,15.707918
2004-09-14,18.730000,15.533754
2004-09-15,18.660000,15.475700
2004-09-16,19.060000,15.807440
2004-09-17,18.760000,15.558635
2004-09-20,18.720000,15.525461
2004-09-21,18.950000,15.716212
2004-09-22,18.430000,15.284949
2004-09-23,18.440000,15.293242
2004-09-24,18.700000,15.508874
2004-09-27,18.190000,15.085904
2004-09-28,18.340000,15.210307
2004-09-29,17.860000,14.812218
2004-09-30,18.120000,15.027850
2004-10-01,18.560000,15.392765
2004-10-04,19.080000,15.824027
2004-10-05,18.590000,15.417645
2004-10-06,19.210000,15.931843
2004-10-07,19.160000,15.890375
2004-10-08,18.800000,15.591809
2004-10-11,18.860000,15.641570
2004-10-12,18.980000,15.741092
2004-10-13,18.410000,15.268362
2004-10-14,18.290000,15.168840
2004-10-15,18.520000,15.359590
2004-10-18,18.420000,15.276655
2004-10-19,18.080000,14.994676
2004-10-20,18.150000,15.052730
2004-10-21,18.570000,15.401058
2004-10-22,17.750000,14.720990
2004-10-25,18.070000,14.986382
2004-10-26,18.470000,15.318123
2004-10-27,18.660000,15.475700
2004-10-28,18.680000,15.492287
2004-10-29,18.530000,15.367884
2004-11-01,18.590000,15.417645
2004-11-02,18.330000,15.202014
2004-11-03,22.210000,18.419898
2004-11-04,22.600000,18.743345
2004-11-05,22.620000,18.759932
2004-11-08,22.710000,18.834573
2004-11-09,22.130000,18.353549
2004-11-10,22.300000,18.494539
2004-11-11,21.990000,18.237440
2004-11-12,22.520000,18.676997
2004-11-15,22.820000,18.925802
2004-11-16,22.720000,18.842867
2004-11-17,22.960000,19.041911
2004-11-18,22.430000,18.602355
2004-11-19,21.530000,17.855939
2004-11-22,22.390000,18.569181
2004-11-23,22.690000,18.817986
2004-11-24,22.220000,18.428191
2004-11-26,22.610000,18.751638
2004-11-29,23.140000,19.191195
2004-11-30,23.470000,19.464881
2004-12-01,25.810000,21.405563
2004-12-02,25.550000,21.189932
2004-12-03,25.520000,21.165051
2004-12-06,25.330000,21.007474
2004-12-07,25.380000,21.048942
2004-12-08,25.180000,20.883072
2004-12-09,24.840000,20.601092
2004-12-10,24.940000,20.684027
2004-12-13,24.710000,20.493276
2004-12-14,25.520000,21.165051
2004-12-15,25.490000,21.140171
2004-12-16,26.400000,21.894881
2004-12-17,26.350000,21.853413
2004-12-20,25.980000,21.546553
2004-12-21,26.550000,22.019283
2004-12-22,26.720000,22.160273
2004-12-23,27.270000,22.616416
2004-12-27,26.450000,21.936348
2004-12-28,26.840000,22.259795
2004-12-29,26.730000,22.168567
2004-12-30,26.620000,22.077338
2004-12-31,26.840000,22.259795
2005-01-03,25.800000,21.397270
2005-01-04,25.350000,21.024061
2005-01-05,24.580000,20.385461
2005-01-06,25.200000,20.899659
2005-01-07,26.500000,21.977816
2005-01-10,26.360000,21.861706
2005-01-11,25.720000,21.330922
2005-01-12,25.660000,21.281160
2005-01-13,25.680000,21.297747
2005-01-14,27.000000,22.392491
2005-01-18,26.440000,21.928055
2005-01-19,27.200000,22.558362
2005-01-20,26.040000,21.596314
2005-01-21,27.050000,22.433959
2005-01-24,26.890000,22.301263
2005-01-25,26.550000,22.019283
2005-01-26,27.600000,22.890102
2005-01-27,26.650000,22.102218
2005-01-28,27.860000,23.105734
2005-01-31,28.160000,23.354539
2005-02-01,27.890000,23.130614
2005-02-02,27.590000,22.881809
2005-02-03,27.250000,22.599829
2005-02-04,27.840000,23.089147
2005-02-07,28.100000,23.304778
2005-02-08,28.770000,23.860444
2005-02-09,27.560000,22.856928
2005-02-10,27.580000,22.873515
2005-02-11,28.300000,23.470648
2005-02-14,28.450000,23.595051
2005-02-15,28.980000,24.034608
2005-02-16,28.650000,23.760922
2005-02-17,29.570000,24.523925
2005-02-18,28.600000,23.719454
2005-02-22,27.940000,23.172082
2005-02-23,28.170000,23.362833
2005-02-24,29.180000,24.200478
2005-02-25,29.520000,24.482457
2005-02-28,29.490000,24.457577
2005-03-01,29.310000,24.308294
2005-03-02,28.060000,23.271604
2005-03-03,27.730000,22.997918
2005-03-04,28.360000,23.520410
2005-03-07,28.700000,23.802389
2005-03-08,28.370000,23.528703
2005-03-09,27.780000,23.039386
2005-03-10,28.060000,23.271604
2005-03-11,27.600000,22.890102
2005-03-14,28.420000,23.570171
2005-03-15,28.140000,23.337952
2005-03-16,27.910000,23.147201
2005-03-17,27.480000,22.790580
2005-03-18,26.860000,22.276382
2005-03-21,27.110000,22.483720
2005-03-22,26.980000,22.375904
2005-03-23,26.360000,21.861706
2005-03-24,26.310000,21.820239
2005-03-28,26.620000,22.077338
2005-03-29,25.610000,21.239693
2005-03-30,26.150000,21.687543
2005-03-31,26.120000,21.662662
2005-04-01,26.080000,21.629488
2005-04-04,27.260000,22.608123
2005-04-05,27.090000,22.467133
2005-04-06,27.650000,22.931570
2005-04-07,28.190000,23.379420
2005-04-08,27.410000,22.732526
2005-04-11,27.390000,22.715939
2005-04-12,27.690000,22.964744
2005-04-13,27.730000,22.997918
2005-04-14,26.880000,22.292969
2005-04-15,26.890000,22.301263
2005-04-18,26.530000,22.002696
2005-04-19,26.300000,21.811945
2005-04-20,26.000000,21.563140
2005-04-21,26.220000,21.745597
2005-04-22,25.460000,21.115290
2005-04-25,26.300000,21.811945
2005-04-26,26.770000,22.201741
2005-04-27,26.410000,21.903174
2005-04-28,26.640000,22.093925
2005-04-29,25.990000,21.554846
2005-05-02,26.200000,21.729010
2005-05-03,26.890000,22.301263
2005-05-04,28.160000,23.354539
2005-05-05,31.190000,25.867474
2005-05-06,31.660000,26.257270
2005-05-09,31.120000,25.809420
2005-05-10,30.620000,25.394744
2005-05-11,31.860000,26.423140
2005-05-12,30.590000,25.369863
2005-05-13,29.870000,24.772730
2005-05-16,31.310000,25.966997
2005-05-17,32.520000,26.970512
2005-05-18,33.080000,27.434949
2005-05-19,32.800000,27.202730
2005-05-20,32.710000,27.128089
2005-05-23,32.900000,27.285666
2005-05-24,31.070000,25.767952
2005-05-25,31.270000,25.933823
2005-05-26,30.710000,25.469386
2005-05-27,31.030000,25.734778
2005-05-31,31.030000,25.734778
2005-06-01,31.650000,26.248976
2005-06-02,32.120000,26.638771
2005-06-03,31.600000,26.207509
2005-06-06,32.120000,26.638771
2005-06-07,32.500000,26.953925
2005-06-08,32.740000,27.152969
2005-06-09,33.190000,27.526177
2005-06-10,33.350000,27.658874
2005-06-13,33.030000,27.393481
2005-06-14,33.010000,27.376894
2005-06-15,33.200000,27.534471
2005-06-16,32.070000,26.597304
2005-06-17,31.860000,26.423140
2005-06-20,31.470000,26.099693
2005-06-21,32.460000,26.920751
2005-06-22,32.430000,26.895870
2005-06-23,31.820000,26.389966
2005-06-24,31.920000,26.472901
2005-06-27,31.940000,26.489488
2005-06-28,32.510000,26.962218
2005-06-29,33.310000,27.625700
2005-06-30,33.780000,28.015495
2005-07-01,33.700000,27.949147
2005-07-05,33.960000,28.164778
2005-07-06,34.880000,28.927782
2005-07-07,35.270000,29.251229
2005-07-08,35.470000,29.417099
2005-07-11,36.500000,30.271331
2005-07-12,36.060000,29.906416
2005-07-13,36.500000,30.271331
2005-07-14,36.530000,30.296212
2005-07-15,36.540000,30.304505
2005-07-18,36.310000,30.113754
2005-07-19,36.850000,30.561604
2005-07-20,36.760000,30.486962
2005-07-21,36.360000,30.155222
2005-07-22,37.300000,30.934812
2005-07-25,36.650000,30.395734
2005-07-26,36.620000,30.370853
2005-07-27,36.500000,30.271331
2005-07-28,37.250000,30.893345
2005-07-29,37.370000,30.992867
2005-08-01,37.490000,31.092389
2005-08-02,38.340000,31.797338
2005-08-03,38.220000,31.697816
2005-08-04,39.270000,32.568635
2005-08-05,38.530000,31.954915
2005-08-08,37.710000,31.274846
2005-08-09,38.460000,31.896860
2005-08-10,38.920000,32.278362
2005-08-11,39.030000,32.369590
2005-08-12,38.990000,32.336416
2005-08-15,38.940000,32.294949
2005-08-16,38.310000,31.772457
2005-08-17,39.090000,32.419352
2005-08-18,38.810000,32.187133
2005-08-19,39.150000,32.469113
2005-08-22,40.600000,33.671672
2005-08-23,41.010000,34.011706
2005-08-24,41.080000,34.069761
2005-08-25,40.320000,33.439454
2005-08-26,39.740000,32.958430
2005-08-29,40.700000,33.754608
2005-08-30,40.730000,33.779488
2005-08-31,41.360000,34.301980
2005-09-01,41.840000,34.700068
2005-09-02,41.490000,34.409795
2005-09-06,42.450000,35.205973
2005-09-07,41.430000,34.360034
2005-09-08,41.060000,34.053174
2005-09-09,40.910000,33.928771
2005-09-12,41.910000,34.758123
2005-09-13,41.690000,34.575666
2005-09-14,41.460000,34.384915
2005-09-15,41.580000,34.484437
2005-09-16,41.140000,34.119522
2005-09-19,41.600000,34.501024
2005-09-20,41.600000,34.501024
2005-09-21,40.240000,33.373106
2005-09-22,39.900000,33.091126
2005-09-23,41.610000,34.509317
2005-09-26,42.200000,34.998635
2005-09-27,41.980000,34.816177
2005-09-28,41.680000,34.567372
2005-09-29,42.860000,35.546007
2005-09-30,43.920000,36.425119
2005-10-03,43.360000,35.960683
2005-10-04,44.540000,36.939317
2005-10-05,43.280000,35.894334
2005-10-06,42.820000,35.512833
2005-10-07,43.460000,36.043618
2005-10-10,42.250000,35.040102
2005-10-11,42.100000,34.915700
2005-10-12,41.150000,34.127816
2005-10-13,39.500000,32.759386
2005-10-14,40.260000,33.389693
2005-10-17,40.300000,33.422867
2005-10-18,39.820000,33.024778
2005-10-19,40.800000,33.837543
2005-10-20,40.300000,33.422867
2005-10-21,41.060000,34.053174
2005-10-24,42.050000,34.874232
2005-10-25,41.500000,34.418089
2005-10-26,42.360000,35.131331
2005-10-27,41.010000,34.011706
2005-10-28,42.230000,35.023515
2005-10-31,43.320000,35.927509
2005-11-01,42.970000,35.637235
2005-11-02,41.230000,34.194164
2005-11-03,41.390000,34.326860
2005-11-04,41.650000,34.542491
2005-11-07,42.870000,35.554300
2005-11-08,43.910000,36.416826
2005-11-09,44.430000,36.848089
2005-11-10,44.990000,37.312526
2005-11-11,45.280000,37.553038
2005-11-14,44.880000,37.221297
2005-11-15,43.390000,35.985563
2005-11-16,43.070000,35.720171
2005-11-17,43.530000,36.101672
2005-11-18,41.500000,34.418089
2005-11-21,41.260000,34.219044
2005-11-22,40.880000,33.903891
2005-11-23,40.780000,33.820956
2005-11-25,40.940000,33.953652
2005-11-28,39.900000,33.091126
2005-11-29,39.490000,32.751092
2005-11-30,38.570000,31.988089
2005-12-01,39.030000,32.369590
2005-12-02,39.220000,32.527167
2005-12-05,38.600000,32.012969
2005-12-06,39.310000,32.601809
2005-12-07,39.620000,32.858908
2005-12-08,39.870000,33.066246
2005-12-09,39.830000,33.033072
2005-12-12,39.500000,32.759386
2005-12-13,38.530000,31.954915
2005-12-14,38.800000,32.178840
2005-12-15,38.890000,32.253481
2005-12-16,37.920000,31.449010
2005-12-19,37.300000,30.934812
2005-12-20,37.000000,30.686007
2005-12-21,37.710000,31.274846
2005-12-22,38.510000,31.938328
2005-12-23,38.680000,32.079317
2005-12-27,38.090000,31.590000
2005-12-28,38.080000,31.581706
2005-12-29,37.880000,31.415836
2005-12-30,37.960000,31.482184
2006-01-03,38.660000,32.062730
2006-01-04,39.310000,32.601809
2006-01-05,40.120000,33.273584
2006-01-06,40.370000,33.480922
2006-01-09,40.240000,33.373106
2006-01-10,40.720000,33.771195
2006-01-11,40.440000,33.538976
2006-01-12,40.680000,33.738020
2006-01-13,40.310000,33.431160
2006-01-17,40.220000,33.356519
2006-01-18,40.450000,33.547270
2006-01-19,40.550000,33.630205
2006-01-20,39.610000,32.850614
2006-01-23,39.100000,32.427645
2006-01-24,39.090000,32.419352
2006-01-25,38.710000,32.104198
2006-01-26,39.150000,32.469113
2006-01-27,39.110000,32.435939
2006-01-30,39.470000,32.734505
2006-01-31,39.660000,32.892082
2006-02-01,39.450000,32.717918
2006-02-02,39.160000,32.477406
2006-02-03,38.800000,32.178840
2006-02-06,39.350000,32.634983
2006-02-07,39.310000,32.601809
2006-02-08,39.840000,33.041365
2006-02-09,39.810000,33.016485
2006-02-10,40.120000,33.273584
2006-02-13,40.230000,33.364812
2006-02-14,40.420000,33.522389
2006-02-15,41.370000,34.310273
2006-02-16,40.570000,33.646792
2006-02-17,39.490000,32.751092
2006-02-21,39.470000,32.734505
2006-02-22,39.390000,32.668157
2006-02-23,38.770000,32.153959
2006-02-24,38.150000,31.639761
2006-02-27,38.350000,31.805631
2006-02-28,37.300000,30.934812
2006-03-01,38.110000,31.606587
2006-03-02,38.000000,31.515358
2006-03-03,37.900000,31.432423
2006-03-06,36.970000,30.661126
2006-03-07,36.770000,30.495256
2006-03-08,36.820000,30.536724
2006-03-09,36.820000,30.536724
2006-03-10,37.950000,31.473891
2006-03-13,37.110000,30.777235
2006-03-14,37.080000,30.752355
2006-03-15,37.250000,30.893345
2006-03-16,37.240000,30.885051
2006-03-17,36.860000,30.569898
2006-03-20,36.750000,30.478669
2006-03-21,35.640000,29.558089
2006-03-22,35.750000,29.649317
2006-03-23,35.390000,29.350751
2006-03-24,35.180000,29.176587
2006-03-27,34.860000,28.911195
2006-03-28,34.740000,28.811672
2006-03-29,36.350000,30.146928
2006-03-30,36.200000,30.022526
2006-03-31,36.310000,30.113754
2006-04-03,35.870000,29.748840
2006-04-04,36.070000,29.914710
2006-04-05,35.850000,29.732253
2006-04-06,35.520000,29.458567
2006-04-07,36.530000,30.296212
2006-04-10,36.290000,30.097167
2006-04-11,36.160000,29.989352
2006-04-12,36.200000,30.022526
2006-04-13,36.310000,30.113754
2006-04-17,36.130000,29.964471
2006-04-18,36.830000,30.545017
2006-04-19,38.550000,31.971502
2006-04-20,39.450000,32.717918
2006-04-21,38.890000,32.253481
2006-04-24,39.450000,32.717918
2006-04-25,39.080000,32.411058
2006-04-26,39.570000,32.817440
2006-04-27,39.630000,32.867201
2006-04-28,39.450000,32.717918
2006-05-01,38.770000,32.153959
2006-05-02,39.230000,32.535461
2006-05-03,39.210000,32.518874
2006-05-04,39.810000,33.016485
2006-05-05,40.580000,33.655085
2006-05-08,41.560000,34.467850
2006-05-09,40.490000,33.580444
2006-05-10,40.500000,33.588737
2006-05-11,39.660000,32.892082
2006-05-12,39.790000,32.999898
2006-05-15,39.250000,32.552048
2006-05-16,38.830000,32.203720
2006-05-17,38.190000,31.672935
2006-05-18,37.820000,31.366075
2006-05-19,38.130000,31.623174
2006-05-22,37.120000,30.785529
2006-05-23,37.670000,31.241672
2006-05-24,37.630000,31.208498
2006-05-25,38.180000,31.664642
2006-05-26,38.060000,31.565119
2006-05-30,37.590000,31.175324
2006-05-31,37.760000,31.316314
2006-06-01,38.320000,31.780751
2006-06-02,38.220000,31.697816
2006-06-05,37.860000,31.399249
2006-06-06,37.920000,31.449010
2006-06-07,38.300000,31.764164
2006-06-08,37.500000,31.100683
2006-06-09,37.640000,31.216792
2006-06-12,36.850000,30.561604
2006-06-13,36.760000,30.486962
2006-06-14,36.640000,30.387440
2006-06-15,37.930000,31.457304
2006-06-16,37.340000,30.967986
2006-06-19,36.940000,30.636246
2006-06-20,36.690000,30.428908
2006-06-21,37.060000,30.735768
2006-06-22,36.980000,30.669420
2006-06-23,36.450000,30.229863
2006-06-26,36.980000,30.669420
2006-06-27,36.880000,30.586485
2006-06-28,36.960000,30.652833
2006-06-29,38.140000,31.631468
2006-06-30,37.940000,31.465597
2006-07-03,38.290000,31.755870
2006-07-05,36.320000,30.122048
2006-07-06,35.600000,29.524915
2006-07-07,35.160000,29.160000
2006-07-10,35.720000,29.624437
2006-07-11,35.840000,29.723959
2006-07-12,34.930000,28.969249
2006-07-13,34.630000,28.720444
2006-07-14,33.950000,28.156485
2006-07-17,34.110000,28.289181
2006-07-18,33.950000,28.156485
2006-07-19,34.840000,28.894608
2006-07-20,34.440000,28.562867
2006-07-21,32.630000,27.061741
2006-07-24,33.040000,27.401775
2006-07-25,32.850000,27.244198
2006-07-26,32.460000,26.920751
2006-07-27,32.040000,26.572423
2006-07-28,32.310000,26.796348
2006-07-31,32.170000,26.680239
2006-08-01,30.750000,25.502560
2006-08-02,31.610000,26.215802
2006-08-03,27.810000,23.064266
2006-08-04,29.690000,24.623447
2006-08-07,29.320000,24.316587
2006-08-08,29.020000,24.067782
2006-08-09,28.500000,23.636519
2006-08-10,28.550000,23.677986
2006-08-11,27.850000,23.097440
2006-08-14,28.040000,23.255017
2006-08-15,28.400000,23.553584
2006-08-16,28.460000,23.603345
2006-08-17,29.050000,24.092662
2006-08-18,28.740000,23.835563
2006-08-21,28.210000,23.396007
2006-08-22,27.760000,23.022799
2006-08-23,27.250000,22.599829
2006-08-24,26.550000,22.019283
2006-08-25,25.830000,21.422150
2006-08-28,26.050000,21.604608
2006-08-29,25.980000,21.546553
2006-08-30,26.520000,21.994403
2006-08-31,28.650000,23.760922
2006-09-01,29.760000,24.681502
2006-09-05,29.020000,24.067782
2006-09-06,28.030000,23.246724
2006-09-07,27.910000,23.147201
2006-09-08,27.700000,22.973038
2006-09-11,27.680000,22.956451
2006-09-12,28.680000,23.785802
2006-09-13,29.000000,24.051195
2006-09-14,30.570000,25.353276
2006-09-15,30.840000,25.577201
2006-09-18,30.610000,25.386451
2006-09-19,30.740000,25.494266
2006-09-20,30.840000,25.577201
2006-09-21,30.250000,25.087884
2006-09-22,30.130000,24.988362
2006-09-25,30.670000,25.436212
2006-09-26,30.170000,25.021536
2006-09-27,30.130000,24.988362
2006-09-28,29.740000,24.664915
2006-09-29,29.710000,24.640034
2006-10-02,29.840000,24.747850
2006-10-03,29.810000,24.722969
2006-10-04,29.990000,24.872253
2006-10-05,30.220000,25.063003
2006-10-06,29.930000,24.822491
2006-10-09,30.520000,25.311809
2006-10-10,30.550000,25.336689
2006-10-11,30.080000,24.946894
2006-10-12,30.200000,25.046416
2006-10-13,30.700000,25.461092
2006-10-16,31.570000,26.182628
2006-10-17,31.590000,26.199215
2006-10-18,31.630000,26.232389
2006-10-19,31.000000,25.709898
2006-10-20,30.740000,25.494266
2006-10-23,31.020000,25.726485
2006-10-24,31.220000,25.892355
2006-10-25,33.020000,27.385188
2006-10-26,33.540000,27.816451
2006-10-27,33.590000,27.857918
2006-10-30,33.860000,28.081843
2006-10-31,34.260000,28.413584
2006-11-01,33.000000,27.368601
2006-11-02,33.000000,27.368601
2006-11-03,32.790000,27.194437
2006-11-06,33.230000,27.559352
2006-11-07,33.000000,27.368601
2006-11-08,32.610000,27.045154
2006-11-09,35.290000,29.267816
2006-11-10,36.560000,30.321092
2006-11-13,36.450000,30.229863
2006-11-14,35.600000,29.524915
2006-11-15,36.900000,30.603072
2006-11-16,36.200000,30.022526
2006-11-17,36.270000,30.080580
2006-11-20,36.340000,30.138635
2006-11-21,36.710000,30.445495
2006-11-22,36.590000,30.345973
2006-11-24,37.220000,30.868464
2006-11-27,35.770000,29.665904
2006-11-28,36.190000,30.014232
2006-11-29,36.740000,30.470375
2006-11-30,37.150000,30.810410
2006-12-01,36.860000,30.569898
2006-12-04,37.790000,31.341195
2006-12-05,38.600000,32.012969
2006-12-06,38.220000,31.697816
2006-12-07,38.650000,32.054437
2006-12-08,38.580000,31.996382
2006-12-11,38.960000,32.311536
2006-12-12,40.110000,33.265290
2006-12-13,39.180000,32.493993
2006-12-14,38.970000,32.319829
2006-12-15,38.490000,31.921741
2006-12-18,39.010000,32.353003
2006-12-19,39.420000,32.693038
2006-12-20,39.030000,32.369590
2006-12-21,38.870000,32.236894
2006-12-22,38.420000,31.863686
2006-12-26,39.290000,32.585222
2006-12-27,39.460000,32.726212
2006-12-28,39.420000,32.693038
2006-12-29,39.310000,32.601809
2007-01-03,39.150000,32.469113
2007-01-04,39.350000,32.634983
2007-01-05,38.920000,32.278362
2007-01-08,36.650000,30.395734
2007-01-09,36.950000,30.644539
2007-01-10,36.210000,30.030819
2007-01-11,36.030000,29.881536
2007-01-12,36.070000,29.914710
2007-01-16,34.800000,28.861433
2007-01-17,34.600000,28.695563
2007-01-18,34.410000,28.537986
2007-01-19,34.070000,28.256007
2007-01-22,34.200000,28.363823
2007-01-23,34.210000,28.372116
2007-01-24,35.200000,29.193174
2007-01-25,34.270000,28.421877
2007-01-26,34.300000,28.446758
2007-01-29,34.090000,28.272594
2007-01-30,34.620000,28.712150
2007-01-31,34.890000,28.936075
2007-02-01,35.570000,29.500034
2007-02-02,35.770000,29.665904
2007-02-05,35.900000,29.773720
2007-02-06,35.750000,29.649317
2007-02-07,35.370000,29.334164
2007-02-08,35.300000,29.276109
2007-02-09,34.000000,28.197952
2007-02-12,33.700000,27.949147
2007-02-13,34.340000,28.479932
2007-02-14,34.690000,28.770205
2007-02-15,34.200000,28.363823
2007-02-16,34.230000,28.388703
2007-02-20,35.110000,29.118532
2007-02-21,34.410000,28.537986
2007-02-22,34.430000,28.554573
2007-02-23,32.380000,26.854403
2007-02-26,32.230000,26.730000
2007-02-27,30.080000,24.946894
2007-02-28,30.550000,25.336689
2007-03-01,30.250000,25.087884
2007-03-02,29.730000,24.656621
2007-03-05,27.660000,22.939863
2007-03-06,28.400000,23.553584
2007-03-07,28.320000,23.487235
2007-03-08,28.710000,23.810683
2007-03-09,28.570000,23.694573
2007-03-12,27.990000,23.213549
2007-03-13,25.640000,21.264573
2007-03-14,26.560000,22.027577
2007-03-15,29.050000,24.092662
2007-03-16,28.070000,23.279898
2007-03-19,28.100000,23.304778
2007-03-20,30.710000,25.469386
2007-03-21,33.280000,27.600819
2007-03-22,32.210000,26.713413
2007-03-23,32.180000,26.688532
2007-03-26,31.140000,25.826007
2007-03-27,31.710000,26.298737
2007-03-28,31.050000,25.751365
2007-03-29,31.030000,25.734778
2007-03-30,30.720000,25.477679
2007-04-02,30.720000,25.477679
2007-04-03,31.070000,25.767952
2007-04-04,31.640000,26.240683
2007-04-05,32.650000,27.078328
2007-04-09,33.600000,27.866212
2007-04-10,33.490000,27.774983
2007-04-11,33.450000,27.741809
2007-04-12,33.810000,28.040375
2007-04-13,34.460000,28.579454
2007-04-16,35.310000,29.284403
2007-04-17,35.380000,29.342457
2007-04-18,36.400000,30.188396
2007-04-19,36.010000,29.864949
2007-04-20,36.180000,30.005939
2007-04-23,36.170000,29.997645
2007-04-24,35.880000,29.757133
2007-04-25,35.500000,29.441980
2007-04-26,35.890000,29.765427
2007-04-27,35.860000,29.740546
2007-04-30,35.660000,29.574676
2007-05-01,36.180000,30.005939
2007-05-02,36.720000,30.453788
2007-05-03,37.610000,31.191911
2007-05-04,37.380000,31.001160
2007-05-07,37.820000,31.366075
2007-05-08,37.820000,31.366075
2007-05-09,34.250000,28.405290
2007-05-10,32.720000,27.136382
2007-05-11,33.120000,27.468123
2007-05-14,32.940000,27.318840
2007-05-15,32.790000,27.194437
2007-05-16,33.260000,27.584232
2007-05-17,33.460000,27.750102
2007-05-18,33.760000,27.998908
2007-05-21,33.990000,28.189659
2007-05-22,34.770000,28.836553
2007-05-23,35.220000,29.209761
2007-05-24,34.530000,28.637509
2007-05-25,34.250000,28.405290
2007-05-29,34.250000,28.405290
2007-05-30,35.340000,29.309283
2007-05-31,36.320000,30.122048
2007-06-01,36.430000,30.213276
2007-06-04,35.530000,29.466860
2007-06-05,35.380000,29.342457
2007-06-06,34.820000,28.878020
2007-06-07,33.920000,28.131604
2007-06-08,34.370000,28.504812
2007-06-11,34.410000,28.537986
2007-06-12,33.460000,27.750102
2007-06-13,34.160000,28.330648
2007-06-14,34.490000,28.604334
2007-06-15,34.530000,28.637509
2007-06-18,34.710000,28.786792
2007-06-19,35.120000,29.126826
2007-06-20,34.600000,28.695563
2007-06-21,34.590000,28.687270
2007-06-22,34.740000,28.811672
2007-06-25,34.380000,28.513106
2007-06-26,34.940000,28.977543
2007-06-27,35.200000,29.193174
2007-06-28,35.270000,29.251229
2007-06-29,34.520000,28.629215
2007-07-02,34.800000,28.861433
2007-07-03,34.110000,28.289181
2007-07-05,32.730000,27.144676
2007-07-06,33.300000,27.617406
2007-07-09,33.100000,27.451536
2007-07-10,31.660000,26.257270
2007-07-11,31.720000,26.307031
2007-07-12,32.690000,27.111502
2007-07-13,31.930000,26.481195
2007-07-16,31.250000,25.917235
2007-07-17,31.220000,25.892355
2007-07-18,30.220000,25.063003
2007-07-19,30.320000,25.145939
2007-07-20,29.210000,24.225358
2007-07-23,28.530000,23.661399
2007-07-24,26.720000,22.160273
2007-07-25,28.300000,23.470648
2007-07-26,26.710000,22.151980
2007-07-27,26.140000,21.679249
2007-07-30,26.350000,21.853413
2007-07-31,25.750000,21.355802
2007-08-01,24.810000,20.576212
2007-08-02,25.130000,20.841604
2007-08-03,23.000000,19.075085
2007-08-06,22.430000,18.602355
2007-08-07,23.130000,19.182901
2007-08-08,23.800000,19.738567
2007-08-09,22.920000,19.008737
2007-08-10,22.530000,18.685290
2007-08-13,22.620000,18.759932
2007-08-14,21.500000,17.831058
2007-08-15,21.410000,17.756416
2007-08-16,22.720000,18.842867
2007-08-17,22.520000,18.676997
2007-08-20,21.820000,18.096451
2007-08-21,22.080000,18.312082
2007-08-22,22.450000,18.618942
2007-08-23,22.620000,18.759932
2007-08-24,21.360000,17.714949
2007-08-27,21.500000,17.831058
2007-08-28,20.460000,16.968532
2007-08-29,20.750000,17.209044
2007-08-30,20.330000,16.860717
2007-08-31,20.720000,17.184164
2007-09-04,21.530000,17.855939
2007-09-05,20.850000,17.291980
2007-09-06,20.650000,17.126109
2007-09-07,20.310000,16.844130
2007-09-10,20.460000,16.968532
2007-09-11,19.850000,16.462628
2007-09-12,21.320000,17.681775
2007-09-13,21.580000,17.897406
2007-09-14,21.620000,17.930580
2007-09-17,21.290000,17.656894
2007-09-18,22.540000,18.693584
2007-09-19,23.640000,19.605870
2007-09-20,22.380000,18.560887
2007-09-21,22.130000,18.353549
2007-09-24,21.960000,18.212560
2007-09-25,21.260000,17.632014
2007-09-26,22.050000,18.287201
2007-09-27,21.480000,17.814471
2007-09-28,21.210000,17.590546
2007-10-01,22.860000,18.958976
2007-10-02,23.920000,19.838089
2007-10-03,22.750000,18.867747
2007-10-04,22.910000,19.000444
2007-10-05,23.430000,19.431706
2007-10-08,23.370000,19.381945
2007-10-09,24.590000,20.393754
2007-10-10,24.350000,20.194710
2007-10-11,24.130000,20.012253
2007-10-12,24.480000,20.302526
2007-10-15,23.010000,19.083379
2007-10-16,22.570000,18.718464
2007-10-17,21.820000,18.096451
2007-10-18,20.680000,17.150990
2007-10-19,19.640000,16.288464
2007-10-22,20.240000,16.786075
2007-10-23,20.030000,16.611911
2007-10-24,20.140000,16.703140
2007-10-25,19.180000,15.906962
2007-10-26,19.890000,16.495802
2007-10-29,19.290000,15.998191
2007-10-30,19.210000,15.931843
2007-10-31,19.430000,16.114300
2007-11-01,16.690000,13.841877
2007-11-02,16.830000,13.957986
2007-11-05,15.860000,13.153515
2007-11-06,13.540000,11.229420
2007-11-07,9.770000,8.102765
2007-11-08,11.860000,9.836109
2007-11-09,11.910000,9.877577
2007-11-12,12.120000,10.051741
2007-11-13,12.780000,10.599113
2007-11-14,13.090000,10.856212
2007-11-15,12.600000,10.449829
2007-11-16,12.520000,10.383481
2007-11-19,12.330000,10.225904
2007-11-20,11.910000,9.877577
2007-11-21,11.450000,9.496075
2007-11-23,12.020000,9.968805
2007-11-26,10.740000,8.907235
2007-11-27,11.490000,9.529249
2007-11-28,12.090000,10.026860
2007-11-29,12.220000,10.134676
2007-11-30,12.460000,10.333720
2007-12-03,12.510000,10.375188
2007-12-04,11.750000,9.744881
2007-12-05,11.360000,9.421433
2007-12-06,11.650000,9.661945
2007-12-07,11.510000,9.545836
2007-12-10,12.090000,10.026860
2007-12-11,11.090000,9.197509
2007-12-12,9.760000,8.094471
2007-12-13,9.280000,7.696382
2007-12-14,8.950000,7.422696
2007-12-17,8.840000,7.331468
2007-12-18,8.690000,7.207065
2007-12-19,8.420000,6.983140
2007-12-20,8.510000,7.057782
2007-12-21,9.970000,8.268635
2007-12-24,10.110000,8.384744
2007-12-26,10.080000,8.359863
2007-12-27,9.320000,7.729556
2007-12-28,9.100000,7.547099
2007-12-31,9.480000,7.862253
2008-01-02,9.030000,7.489044
2008-01-03,9.020000,7.480751
2008-01-04,8.500000,7.049488
2008-01-07,8.570000,7.107543
2008-01-08,7.940000,6.585051
2008-01-09,7.980000,6.618225
2008-01-10,8.360000,6.933379
2008-01-11,7.960000,6.601638
2008-01-14,7.900000,6.551877
2008-01-15,7.810000,6.477235
2008-01-16,8.490000,7.041195
2008-01-17,7.600000,6.303072
2008-01-18,7.490000,6.211843
2008-01-22,7.550000,6.261604
2008-01-23,10.360000,8.592082
2008-01-24,11.340000,9.404846
2008-01-25,9.960000,8.260341
2008-01-28,10.640000,8.824300
2008-01-29,12.860000,10.665461
2008-01-30,12.850000,10.657167
2008-01-31,14.200000,11.776792
2008-02-01,13.950000,11.569454
2008-02-04,11.930000,9.894164
2008-02-05,10.870000,9.015051
2008-02-06,10.560000,8.757952
2008-02-07,10.610000,8.799420
2008-02-08,10.220000,8.475973
2008-02-11,9.910000,8.218874
2008-02-12,10.070000,8.351570
2008-02-13,10.460000,8.675017
2008-02-14,11.100000,9.205802
2008-02-15,10.460000,8.675017
2008-02-19,9.670000,8.019829
2008-02-20,9.730000,8.069590
2008-02-21,9.440000,7.829078
2008-02-22,9.440000,7.829078
2008-02-25,9.750000,8.086177
2008-02-26,9.840000,8.160819
2008-02-27,10.150000,8.417918
2008-02-28,9.940000,8.243754
2008-02-29,9.880000,8.193993
2008-03-03,9.640000,7.994949
2008-03-04,9.450000,7.837372
2008-03-05,8.750000,7.256826
2008-03-06,8.090000,6.709454
2008-03-07,7.940000,6.585051
2008-03-10,7.360000,6.104027
2008-03-11,8.520000,7.066075
2008-03-12,8.050000,6.676280
2008-03-13,8.100000,6.717747
2008-03-14,7.430000,6.162082
2008-03-17,7.150000,5.929863
2008-03-18,8.340000,6.916792
2008-03-19,7.390000,6.128908
2008-03-20,8.450000,7.008020
2008-03-24,8.810000,7.306587
2008-03-25,8.360000,6.933379
2008-03-26,7.910000,6.560171
2008-03-27,7.830000,6.493823
2008-03-28,7.580000,6.286485
2008-03-31,8.370000,6.941672
2008-04-01,8.250000,6.842150
2008-04-02,8.270000,6.858737
2008-04-03,8.330000,6.908498
2008-04-04,8.310000,6.891911
2008-04-07,8.580000,7.115836
2008-04-08,8.570000,7.107543
2008-04-09,8.160000,6.767509
2008-04-10,8.360000,6.933379
2008-04-11,7.760000,6.435768
2008-04-14,7.100000,5.888396
2008-04-15,7.170000,5.946451
2008-04-16,7.550000,6.261604
2008-04-17,7.660000,6.352833
2008-04-18,7.550000,6.261604
2008-04-21,7.200000,5.971331
2008-04-22,6.860000,5.689352
2008-04-23,6.920000,5.739113
2008-04-24,7.420000,6.153788
2008-04-25,7.630000,6.327952
2008-04-28,7.970000,6.609932
2008-04-29,7.920000,6.568464
2008-04-30,7.580000,6.286485
2008-05-01,8.810000,7.306587
2008-05-02,9.300000,7.712969
2008-05-05,9.420000,7.812491
2008-05-06,10.450000,8.666724
2008-05-07,9.700000,8.044710
2008-05-08,9.770000,8.102765
2008-05-09,9.850000,8.169113
2008-05-12,10.290000,8.534027
2008-05-13,9.770000,8.102765
2008-05-14,9.960000,8.260341
2008-05-15,10.410000,8.633549
2008-05-16,10.380000,8.608669
2008-05-19,10.170000,8.434505
2008-05-20,9.660000,8.011536
2008-05-21,9.320000,7.729556
2008-05-22,9.390000,7.787611
2008-05-23,8.860000,7.348055
2008-05-27,8.890000,7.372935
2008-05-28,8.660000,7.182184
2008-05-29,8.980000,7.447577
2008-05-30,8.680000,7.198771
2008-06-02,8.840000,7.331468
2008-06-03,8.370000,6.941672
2008-06-04,8.590000,7.124130
2008-06-05,9.120000,7.563686
2008-06-06,8.580000,7.115836
2008-06-09,8.290000,6.875324
2008-06-10,5.800000,4.810239
2008-06-11,6.080000,5.042457
2008-06-12,6.210000,5.150273
2008-06-13,6.770000,5.614710
2008-06-16,6.810000,5.647884
2008-06-17,6.490000,5.382491
2008-06-18,6.490000,5.382491
2008-06-19,6.440000,5.341024
2008-06-20,6.230000,5.166860
2008-06-23,5.700000,4.727304
2008-06-24,5.730000,4.752184
2008-06-25,6.110000,5.067338
2008-06-26,6.010000,4.984403
2008-06-27,5.500000,4.561433
2008-06-30,5.500000,4.561433
2008-07-01,5.580000,4.627782
2008-07-02,5.270000,4.370683
2008-07-03,4.980000,4.130171
2008-07-07,5.250000,4.354096
2008-07-08,5.870000,4.868294
2008-07-09,5.530000,4.586314
2008-07-10,5.470000,4.536553
2008-07-11,5.430000,4.503379
2008-07-14,5.260000,4.362389
2008-07-15,5.000000,4.146758
2008-07-16,5.500000,4.561433
2008-07-17,6.170000,5.117099
2008-07-18,6.320000,5.241502
2008-07-21,6.080000,5.042457
2008-07-22,6.790000,5.631297
2008-07-23,6.820000,5.656177
2008-07-24,5.850000,4.851706
2008-07-25,6.020000,4.992696
2008-07-28,5.340000,4.428737
2008-07-29,6.190000,5.133686
2008-07-30,6.190000,5.133686
2008-07-31,6.100000,5.059044
2008-08-01,6.710000,5.564949
2008-08-04,6.330000,5.249795
2008-08-05,6.390000,5.299556
2008-08-06,6.060000,5.025870
2008-08-07,5.350000,4.437031
2008-08-08,5.560000,4.611195
2008-08-11,5.830000,4.835119
2008-08-12,5.680000,4.710717
2008-08-13,5.420000,4.495085
2008-08-14,4.950000,4.105290
2008-08-15,4.900000,4.063823
2008-08-18,4.690000,3.889659
2008-08-19,4.560000,3.781843
2008-08-20,4.680000,3.881365
2008-08-21,4.410000,3.657440
2008-08-22,4.580000,3.798430
2008-08-25,4.340000,3.599386
2008-08-26,4.140000,3.433515
2008-08-27,4.390000,3.640853
2008-08-28,4.630000,3.839898
2008-08-29,4.690000,3.889659
2008-09-02,4.670000,3.873072
2008-09-03,4.870000,4.038942
2008-09-04,4.600000,3.815017
2008-09-05,4.560000,3.781843
2008-09-08,4.940000,4.096997
2008-09-09,4.520000,3.748669
2008-09-10,4.450000,3.690614
2008-09-11,4.440000,3.682321
2008-09-12,4.270000,3.541331
2008-09-15,3.910000,3.242765
2008-09-16,3.960000,3.284232
2008-09-17,3.480000,2.886143
2008-09-18,4.110000,3.408635
2008-09-19,4.250000,3.524744
2008-09-22,3.910000,3.242765
2008-09-23,4.170000,3.458396
2008-09-24,4.090000,3.392048
2008-09-25,4.250000,3.524744
2008-09-26,3.960000,3.284232
2008-09-29,3.450000,2.861263
2008-09-30,3.420000,2.836382
2008-10-01,3.190000,2.645631
2008-10-02,2.720000,2.255836
2008-10-03,2.670000,2.214369
2008-10-06,2.470000,2.048498
2008-10-07,2.440000,2.023618
2008-10-08,2.120000,1.758225
2008-10-09,1.750000,1.451365
2008-10-10,1.740000,1.443072
2008-10-13,2.080000,1.725051
2008-10-14,2.220000,1.841160
2008-10-15,2.000000,1.658703
2008-10-16,2.660000,2.206075
2008-10-17,2.250000,1.866041
2008-10-20,2.300000,1.907509
2008-10-21,2.010000,1.666997
2008-10-22,1.650000,1.368430
2008-10-23,1.630000,1.351843
2008-10-24,1.690000,1.401604
2008-10-27,1.310000,1.086451
2008-10-28,1.300000,1.078157
2008-10-29,1.340000,1.111331
2008-10-30,1.720000,1.426485
2008-10-31,2.080000,1.725051
2008-11-03,1.760000,1.459659
2008-11-04,2.490000,2.065085
2008-11-05,2.340000,1.940683
2008-11-06,1.470000,1.219147
2008-11-07,1.490000,1.235734
2008-11-10,1.620000,1.343549
2008-11-11,1.900000,1.575768
2008-11-12,1.710000,1.418191
2008-11-13,1.870000,1.550887
2008-11-14,1.970000,1.633823
2008-11-17,2.100000,1.741638
2008-11-18,2.360000,1.957270
2008-11-19,2.290000,1.899215
2008-11-20,2.130000,1.766519
2008-11-21,2.420000,2.007031
2008-11-24,2.250000,1.866041
2008-11-25,2.150000,1.783106
2008-11-26,2.190000,1.816280
2008-11-28,2.850000,2.363652
2008-12-01,2.360000,1.957270
2008-12-02,2.910000,2.413413
2008-12-03,3.130000,2.595870
2008-12-04,3.130000,2.595870
2008-12-05,3.560000,2.952491
2008-12-08,4.110000,3.408635
2008-12-09,4.150000,3.441809
2008-12-10,4.050000,3.358874
2008-12-11,4.000000,3.317406
2008-12-12,4.070000,3.375461
2008-12-15,4.000000,3.317406
2008-12-16,4.210000,3.491570
2008-12-17,4.220000,3.499863
2008-12-18,4.060000,3.367167
2008-12-19,3.890000,3.226177
2008-12-22,4.150000,3.441809
2008-12-23,4.060000,3.367167
2008-12-24,4.100000,3.400341
2008-12-26,4.110000,3.408635
2008-12-29,4.010000,3.325700
2008-12-30,4.490000,3.723788
2008-12-31,5.030000,4.171638
2009-01-02,5.060000,4.196519
2009-01-05,5.080000,4.213106
2009-01-06,5.520000,4.578020
2009-01-07,5.540000,4.594608
2009-01-08,5.490000,4.553140
2009-01-09,5.710000,4.735597
2009-01-12,5.330000,4.420444
2009-01-13,5.470000,4.536553
2009-01-14,5.160000,4.279454
2009-01-15,4.930000,4.088703
2009-01-16,4.940000,4.096997
2009-01-20,3.570000,2.960785
2009-01-21,3.690000,3.060307
2009-01-22,3.400000,2.819795
2009-01-23,3.470000,2.877850
2009-01-26,3.420000,2.836382
2009-01-27,3.380000,2.803208
2009-01-28,3.190000,2.645631
2009-01-29,3.030000,2.512935
2009-01-30,2.700000,2.239249
2009-02-02,2.760000,2.289010
2009-02-03,2.670000,2.214369
2009-02-04,2.360000,1.957270
2009-02-05,2.230000,1.849454
2009-02-06,2.550000,2.114846
2009-02-09,2.610000,2.164608
2009-02-10,2.610000,2.164608
2009-02-11,2.590000,2.148020
2009-02-12,2.410000,1.998737
2009-02-13,2.250000,1.866041
2009-02-17,1.810000,1.501126
2009-02-18,1.930000,1.600648
2009-02-19,1.800000,1.492833
2009-02-20,1.570000,1.302082
2009-02-23,1.430000,1.185973
2009-02-24,1.700000,1.409898
2009-02-25,1.710000,1.418191
2009-02-26,1.720000,1.426485
2009-02-27,1.600000,1.326962
2009-03-02,1.390000,1.152799
2009-03-03,1.360000,1.127918
2009-03-04,1.590000,1.318669
2009-03-05,1.260000,1.044983
2009-03-06,1.240000,1.028396
2009-03-09,1.200000,0.995222
2009-03-10,1.310000,1.086451
2009-03-11,1.500000,1.244027
2009-03-12,1.870000,1.550887
2009-03-13,1.890000,1.567474
2009-03-16,1.850000,1.534300
2009-03-17,1.860000,1.542594
2009-03-18,1.840000,1.526007
2009-03-19,1.770000,1.467952
2009-03-20,1.640000,1.360137
2009-03-23,2.130000,1.766519
2009-03-24,2.060000,1.708464
2009-03-25,1.970000,1.633823
2009-03-26,2.080000,1.725051
2009-03-27,2.160000,1.791399
2009-03-30,1.830000,1.517713
2009-03-31,1.950000,1.617235
2009-04-01,2.030000,1.683584
2009-04-02,2.450000,2.031911
2009-04-03,2.780000,2.305597
2009-04-06,2.830000,2.347065
2009-04-07,2.970000,2.463174
2009-04-08,3.190000,2.645631
2009-04-09,3.170000,2.629044
2009-04-13,3.290000,2.728567
2009-04-14,3.160000,2.620751
2009-04-15,3.290000,2.728567
2009-04-16,3.280000,2.720273
2009-04-17,3.200000,2.653925
2009-04-20,2.780000,2.305597
2009-04-21,2.830000,2.347065
2009-04-22,2.940000,2.438294
2009-04-23,2.780000,2.305597
2009-04-24,2.930000,2.430000
2009-04-27,2.670000,2.214369
2009-04-28,2.630000,2.181195
2009-04-29,2.850000,2.363652
2009-04-30,2.700000,2.239249
2009-05-01,2.700000,2.239249
2009-05-04,2.910000,2.413413
2009-05-05,2.980000,2.471468
2009-05-06,3.050000,2.529522
2009-05-07,2.690000,2.230956
2009-05-08,2.740000,2.272423
2009-05-11,2.700000,2.239249
2009-05-12,2.450000,2.031911
2009-05-13,1.920000,1.592355
2009-05-14,2.220000,1.841160
2009-05-15,2.010000,1.666997
2009-05-18,2.170000,1.799693
2009-05-19,2.020000,1.675290
2009-05-20,2.130000,1.766519
2009-05-21,2.250000,1.866041
2009-05-22,2.340000,1.940683
2009-05-26,2.510000,2.081672
2009-05-27,2.410000,1.998737
2009-05-28,2.360000,1.957270
2009-05-29,2.490000,2.065085
2009-06-01,2.550000,2.114846
2009-06-02,2.610000,2.164608
2009-06-03,2.470000,2.048498
2009-06-04,2.520000,2.089966
2009-06-05,2.470000,2.048498
2009-06-08,2.430000,2.015324
2009-06-09,2.410000,1.998737
2009-06-10,2.370000,1.965563
2009-06-11,2.330000,1.932389
2009-06-12,2.400000,1.990444
2009-06-15,2.290000,1.899215
2009-06-16,2.140000,1.774812
2009-06-17,2.030000,1.683584
2009-06-18,2.040000,1.691877
2009-06-19,2.130000,1.766519
2009-06-22,2.000000,1.658703
2009-06-23,1.980000,1.642116
2009-06-24,1.810000,1.501126
2009-06-25,1.950000,1.617235
2009-06-26,1.880000,1.559181
2009-06-29,1.790000,1.484539
2009-06-30,1.800000,1.492833
2009-07-01,1.850000,1.534300
2009-07-02,1.870000,1.550887
2009-07-06,1.740000,1.443072
2009-07-07,1.730000,1.434778
2009-07-08,1.660000,1.376724
2009-07-09,1.670000,1.385017
2009-07-10,1.580000,1.310375
2009-07-13,1.700000,1.409898
2009-07-14,1.580000,1.310375
2009-07-15,1.800000,1.492833
2009-07-16,1.960000,1.625529
2009-07-17,1.980000,1.642116
2009-07-20,2.370000,1.965563
2009-07-21,2.310000,1.915802
2009-07-22,2.460000,2.040205
2009-07-23,2.500000,2.073379
2009-07-24,2.480000,2.056792
2009-07-27,2.500000,2.073379
2009-07-28,2.640000,2.189488
2009-07-29,2.540000,2.106553
2009-07-30,2.610000,2.164608
2009-07-31,2.490000,2.065085
2009-08-03,2.610000,2.164608
2009-08-04,2.640000,2.189488
2009-08-05,3.020000,2.504642
2009-08-06,3.380000,2.803208
2009-08-07,3.930000,3.259352
2009-08-10,3.700000,3.068601
2009-08-11,3.220000,2.670512
2009-08-12,3.240000,2.687099
2009-08-13,3.160000,2.620751
2009-08-14,3.150000,2.612457
2009-08-17,2.890000,2.396826
2009-08-18,3.180000,2.637338
2009-08-19,3.130000,2.595870
2009-08-20,3.230000,2.678805
2009-08-21,3.260000,2.703686
2009-08-24,3.410000,2.828089
2009-08-25,3.460000,2.869556
2009-08-26,3.710000,3.076894
2009-08-27,3.900000,3.234471
2009-08-28,3.770000,3.126655
2009-08-31,3.870000,3.209590
2009-09-01,3.550000,2.944198
2009-09-02,3.620000,3.002253
2009-09-03,3.640000,3.018840
2009-09-04,3.800000,3.151536
2009-09-08,3.710000,3.076894
2009-09-09,3.860000,3.201297
2009-09-10,3.940000,3.267645
2009-09-11,3.930000,3.259352
2009-09-14,4.270000,3.541331
2009-09-15,4.430000,3.674027
2009-09-16,4.850000,4.022355
2009-09-17,4.930000,4.088703
2009-09-18,5.200000,4.312628
2009-09-21,4.930000,4.088703
2009-09-22,4.900000,4.063823
2009-09-23,4.910000,4.072116
2009-09-24,4.830000,4.005768
2009-09-25,4.520000,3.748669
2009-09-28,4.500000,3.732082
2009-09-29,4.190000,3.474983
2009-09-30,4.210000,3.491570
2009-10-01,4.050000,3.358874
2009-10-02,4.010000,3.325700
2009-10-05,3.880000,3.217884
2009-10-06,4.010000,3.325700
2009-10-07,4.000000,3.317406
2009-10-08,3.940000,3.267645
2009-10-09,3.870000,3.209590
2009-10-12,3.970000,3.292526
2009-10-13,3.810000,3.159829
2009-10-14,4.000000,3.317406
2009-10-15,3.900000,3.234471
2009-10-16,3.850000,3.193003
2009-10-19,3.410000,2.828089
2009-10-20,3.210000,2.662218
2009-10-21,3.220000,2.670512
2009-10-22,3.310000,2.745154
2009-10-23,3.230000,2.678805
2009-10-26,3.250000,2.695392
2009-10-27,3.160000,2.620751
2009-10-28,2.950000,2.446587
2009-10-29,2.940000,2.438294
2009-10-30,2.780000,2.305597
2009-11-02,2.810000,2.330478
2009-11-03,2.800000,2.322184
2009-11-04,2.760000,2.289010
2009-11-05,2.850000,2.363652
2009-11-06,2.720000,2.255836
2009-11-09,2.710000,2.247543
2009-11-10,2.760000,2.289010
2009-11-11,2.720000,2.255836
2009-11-12,2.610000,2.164608
2009-11-13,2.460000,2.040205
2009-11-16,2.670000,2.214369
2009-11-17,2.580000,2.139727
2009-11-18,2.540000,2.106553
2009-11-19,2.450000,2.031911
2009-11-20,2.380000,1.973857
2009-11-23,2.330000,1.932389
2009-11-24,2.180000,1.807986
2009-11-25,2.100000,1.741638
2009-11-27,2.020000,1.675290
2009-11-30,1.820000,1.509420
2009-12-01,1.710000,1.418191
2009-12-02,2.130000,1.766519
2009-12-03,3.280000,2.720273
2009-12-04,3.430000,2.844676
2009-12-07,3.260000,2.703686
2009-12-08,3.150000,2.612457
2009-12-09,3.140000,2.604164
2009-12-10,2.940000,2.438294
2009-12-11,2.890000,2.396826
2009-12-14,2.930000,2.430000
2009-12-15,2.960000,2.454881
2009-12-16,2.950000,2.446587
2009-12-17,2.740000,2.272423
2009-12-18,3.000000,2.488055
2009-12-21,3.050000,2.529522
2009-12-22,3.030000,2.512935
2009-12-23,3.030000,2.512935
2009-12-24,3.060000,2.537816
2009-12-28,2.930000,2.430000
2009-12-29,3.050000,3.050000
2009-12-30,3.150000,3.150000
2009-12-31,3.330000,3.330000
2010-01-04,3.300000,3.300000
2010-01-05,3.320000,3.320000
2010-01-06,3.370000,3.370000
2010-01-07,3.460000,3.460000
2010-01-08,3.530000,3.530000
2010-01-11,3.480000,3.480000
2010-01-12,3.470000,3.470000
2010-01-13,3.510000,3.510000
2010-01-14,3.700000,3.700000
2010-01-15,3.650000,3.650000
2010-01-19,3.560000,3.560000
2010-01-20,3.500000,3.500000
2010-01-21,3.440000,3.440000
2010-01-22,3.290000,3.290000
2010-01-25,3.040000,3.040000
2010-01-26,3.050000,3.050000
2010-01-27,3.240000,3.240000
2010-01-28,3.300000,3.300000
2010-01-29,3.340000,3.340000
2010-02-01,3.360000,3.360000
2010-02-02,3.170000,3.170000
2010-02-03,3.050000,3.050000
2010-02-04,2.900000,2.900000
2010-02-05,2.990000,2.990000
2010-02-08,3.210000,3.210000
2010-02-09,3.210000,3.210000
2010-02-10,3.200000,3.200000
2010-02-11,3.190000,3.190000
2010-02-12,3.080000,3.080000
2010-02-16,3.160000,3.160000
2010-02-17,3.260000,3.260000
2010-02-18,3.450000,3.450000
2010-02-19,3.300000,3.300000
2010-02-22,3.380000,3.380000
2010-02-23,3.390000,3.390000
2010-02-24,3.500000,3.500000
2010-02-25,3.490000,3.490000
2010-02-26,3.460000,3.460000
2010-03-01,3.510000,3.510000
2010-03-02,3.620000,3.620000
2010-03-03,3.620000,3.620000
2010-03-04,3.670000,3.670000
2010-03-05,3.910000,3.910000
2010-03-08,3.980000,3.980000
2010-03-09,4.240000,4.240000
2010-03-10,4.290000,4.290000
2010-03-11,4.520000,4.520000
2010-03-12,4.580000,4.580000
2010-03-15,4.600000,4.600000
2010-03-16,4.760000,4.760000
2010-03-17,4.930000,4.930000
2010-03-18,5.110000,5.110000
2010-03-19,4.990000,4.990000
2010-03-22,5.090000,5.090000
2010-03-23,5.020000,5.020000
2010-03-24,5.010000,5.010000
2010-03-25,5.000000,5.000000
2010-03-26,5.270000,5.270000
2010-03-29,5.360000,5.360000
2010-03-30,5.150000,5.150000
2010-03-31,5.160000,5.160000
2010-04-01,5.120000,5.120000
2010-04-05,5.260000,5.260000
2010-04-06,5.410000,5.410000
2010-04-07,5.380000,5.380000
2010-04-08,5.450000,5.450000
2010-04-09,5.470000,5.470000
2010-04-12,5.500000,5.500000
2010-04-13,5.320000,5.320000
2010-04-14,5.560000,5.560000
2010-04-15,6.360000,6.360000
2010-04-16,6.050000,6.050000
2010-04-19,5.970000,5.970000
2010-04-20,6.220000,6.220000
2010-04-21,6.080000,6.080000
2010-04-22,6.240000,6.240000
2010-04-23,6.250000,6.250000
2010-04-26,6.200000,6.200000
2010-04-27,6.070000,6.070000
2010-04-28,6.000000,6.000000
2010-04-29,6.040000,6.040000
2010-04-30,5.990000,5.990000
2010-05-03,6.150000,6.150000
2010-05-04,6.090000,6.090000
2010-05-05,6.180000,6.180000
2010-05-06,6.180000,6.180000
2010-05-07,5.880000,5.880000
2010-05-10,6.100000,6.100000
2010-05-11,6.280000,6.280000
2010-05-12,6.320000,6.320000
2010-05-13,6.220000,6.220000
2010-05-14,6.500000,6.500000
2010-05-17,5.910000,5.910000
2010-05-18,5.560000,5.560000
2010-05-19,5.170000,5.170000
2010-05-20,4.740000,4.740000
2010-05-21,5.340000,5.340000
2010-05-24,4.920000,4.920000
2010-05-25,4.750000,4.750000
2010-05-26,4.680000,4.680000
2010-05-27,4.800000,4.800000
2010-05-28,4.580000,4.580000
2010-06-01,4.320000,4.320000
2010-06-02,4.270000,4.270000
2010-06-03,4.340000,4.340000
2010-06-04,4.070000,4.070000
2010-06-07,3.980000,3.980000
2010-06-08,4.190000,4.190000
2010-06-09,4.180000,4.180000
2010-06-10,4.500000,4.500000
2010-06-11,4.410000,4.410000
2010-06-14,3.870000,3.870000
2010-06-15,4.000000,4.000000
2010-06-16,3.890000,3.890000
2010-06-17,3.870000,3.870000
2010-06-18,4.100000,4.100000
2010-06-21,4.090000,4.090000
2010-06-22,4.040000,4.040000
2010-06-23,3.870000,3.870000
2010-06-24,3.760000,3.760000
2010-06-25,3.940000,3.940000
2010-06-28,3.990000,3.990000
2010-06-29,3.650000,3.650000
2010-06-30,3.960000,3.960000
2010-07-01,4.180000,4.180000
2010-07-02,4.500000,4.500000
2010-07-06,4.280000,4.280000
2010-07-07,4.200000,4.200000
2010-07-08,4.330000,4.330000
2010-07-09,4.490000,4.490000
2010-07-12,4.480000,4.480000
2010-07-13,4.700000,4.700000
2010-07-14,4.680000,4.680000
2010-07-15,4.610000,4.610000
2010-07-16,4.430000,4.430000
2010-07-19,4.180000,4.180000
2010-07-20,4.460000,4.460000
2010-07-21,4.290000,4.290000
2010-07-22,4.690000,4.690000
2010-07-23,4.920000,4.920000
2010-07-26,4.880000,4.880000
2010-07-27,4.800000,4.800000
2010-07-28,4.820000,4.820000
2010-07-29,4.910000,4.910000
2010-07-30,5.070000,5.070000
2010-08-02,5.100000,5.100000
2010-08-03,5.010000,5.010000
2010-08-04,5.210000,5.210000
2010-08-05,5.230000,5.230000
2010-08-06,5.130000,5.130000
2010-08-09,5.190000,5.190000
2010-08-10,5.060000,5.060000
2010-08-11,4.870000,4.870000
2010-08-12,4.710000,4.710000
2010-08-13,4.550000,4.550000
2010-08-16,4.450000,4.450000
2010-08-17,4.650000,4.650000
2010-08-18,4.930000,4.930000
2010-08-19,4.690000,4.690000
2010-08-20,4.760000,4.760000
2010-08-23,4.560000,4.560000
2010-08-24,4.520000,4.520000
2010-08-25,4.480000,4.480000
2010-08-26,4.260000,4.260000
2010-08-27,4.460000,4.460000
2010-08-30,4.150000,4.150000
2010-08-31,4.370000,4.370000
2010-09-01,4.580000,4.580000
2010-09-02,4.590000,4.590000
2010-09-03,4.840000,4.840000
2010-09-07,4.800000,4.800000
2010-09-08,4.940000,4.940000
2010-09-09,4.870000,4.870000
2010-09-10,4.850000,4.850000
2010-09-13,4.860000,4.860000
2010-09-14,5.000000,5.000000
2010-09-15,4.760000,4.760000
2010-09-16,4.710000,4.710000
2010-09-17,4.930000,4.930000
2010-09-20,5.200000,5.200000
2010-09-21,5.150000,5.150000
2010-09-22,4.960000,4.960000
2010-09-23,4.860000,4.860000
2010-09-24,5.190000,5.190000
2010-09-27,5.220000,5.220000
2010-09-28,5.080000,5.080000
2010-09-29,4.940000,4.940000
2010-09-30,4.820000,4.820000
2010-10-01,4.850000,4.850000
2010-10-04,4.980000,4.980000
2010-10-05,5.890000,5.890000
2010-10-06,5.780000,5.780000
2010-10-07,5.560000,5.560000
2010-10-08,5.740000,5.740000
2010-10-11,5.780000,5.780000
2010-10-12,5.930000,5.930000
2010-10-13,6.000000,6.000000
2010-10-14,5.980000,5.980000
2010-10-15,5.950000,5.950000
2010-10-18,5.910000,5.910000
2010-10-19,5.600000,5.600000
2010-10-20,6.030000,6.030000
2010-10-21,6.000000,6.000000
2010-10-22,5.940000,5.940000
2010-10-25,5.960000,5.960000
2010-10-26,5.960000,5.960000
2010-10-27,5.720000,5.720000
2010-10-28,5.740000,5.740000
2010-10-29,5.630000,5.630000
2010-11-01,5.550000,5.550000
2010-11-02,5.930000,5.930000
2010-11-03,5.940000,5.940000
2010-11-04,6.180000,6.180000
2010-11-05,5.940000,5.940000
2010-11-08,5.940000,5.940000
2010-11-09,5.970000,5.970000
2010-11-10,5.960000,5.960000
2010-11-11,6.060000,6.060000
2010-11-12,6.000000,6.000000
2010-11-15,6.000000,6.000000
2010-11-16,5.700000,5.700000
2010-11-17,5.260000,5.260000
2010-11-18,5.350000,5.350000
2010-11-19,5.800000,5.800000
2010-11-22,5.810000,5.810000
2010-11-23,5.780000,5.780000
2010-11-24,6.000000,6.000000
2010-11-26,6.080000,6.080000
2010-11-29,6.120000,6.120000
2010-11-30,6.000000,6.000000
2010-12-01,6.340000,6.340000
2010-12-02,6.750000,6.750000
2010-12-03,6.630000,6.630000
2010-12-06,6.560000,6.560000
2010-12-07,6.410000,6.410000
2010-12-08,6.570000,6.570000
2010-12-09,6.700000,6.700000
2010-12-10,7.050000,7.050000
2010-12-13,7.010000,7.010000
2010-12-14,7.230000,7.230000
2010-12-15,6.640000,6.640000
2010-12-16,6.690000,6.690000
2010-12-17,6.630000,6.630000
2010-12-20,6.580000,6.580000
2010-12-21,6.570000,6.570000
2010-12-22,6.710000,6.710000
2010-12-23,6.620000,6.620000
2010-12-27,6.600000,6.600000
2010-12-28,6.910000,6.910000
2010-12-29,6.940000,6.940000
2010-12-30,6.860000,6.860000
2010-12-31,6.980000,6.980000
2011-01-03,6.900000,6.900000
2011-01-04,6.720000,6.720000
2011-01-05,6.650000,6.650000
2011-01-06,6.640000,6.640000
2011-01-07,6.610000,6.610000
2011-01-10,6.560000,6.560000
2011-01-11,6.570000,6.570000
2011-01-12,6.610000,6.610000
2011-01-13,6.610000,6.610000
2011-01-14,6.970000,6.970000
2011-01-18,6.830000,6.830000
2011-01-19,6.450000,6.450000
2011-01-20,6.120000,6.120000
2011-01-21,5.900000,5.900000
2011-01-24,5.950000,5.950000
2011-01-25,6.180000,6.180000
2011-01-26,6.520000,6.520000
2011-01-27,6.310000,6.310000
2011-01-28,6.320000,6.320000
2011-01-31,6.040000,6.040000
2011-02-01,6.490000,6.490000
2011-02-02,6.390000,6.390000
2011-02-03,6.330000,6.330000
2011-02-04,6.260000,6.260000
2011-02-07,6.270000,6.270000
2011-02-08,6.260000,6.260000
2011-02-09,6.210000,6.210000
2011-02-10,6.240000,6.240000
2011-02-11,6.320000,6.320000
2011-02-14,6.260000,6.260000
2011-02-15,6.250000,6.250000
2011-02-16,6.270000,6.270000
2011-02-17,6.380000,6.380000
2011-02-18,6.680000,6.680000
2011-02-22,6.400000,6.400000
2011-02-23,6.260000,6.260000
2011-02-24,6.580000,6.580000
2011-02-25,6.620000,6.620000
2011-02-28,6.660000,6.660000
2011-03-01,6.310000,6.310000
2011-03-02,6.340000,6.340000
2011-03-03,6.470000,6.470000
2011-03-04,6.550000,6.550000
2011-03-07,6.250000,6.250000
2011-03-08,6.530000,6.530000
2011-03-09,6.440000,6.440000
2011-03-10,6.350000,6.350000
2011-03-11,6.380000,6.380000
2011-03-14,6.270000,6.270000
2011-03-15,6.930000,6.930000
2011-03-16,6.740000,6.740000
2011-03-17,6.650000,6.650000
2011-03-18,6.630000,6.630000
2011-03-21,6.640000,6.640000
2011-03-22,6.490000,6.490000
2011-03-23,6.450000,6.450000
2011-03-24,6.430000,6.430000
2011-03-25,6.440000,6.440000
2011-03-28,6.310000,6.310000
2011-03-29,6.190000,6.190000
2011-03-30,6.110000,6.110000
2011-03-31,6.530000,6.530000
2011-04-01,6.810000,6.810000
2011-04-04,6.840000,6.840000
2011-04-05,6.830000,6.830000
2011-04-06,6.850000,6.850000
2011-04-07,6.710000,6.710000
2011-04-08,6.510000,6.510000
2011-04-11,6.620000,6.620000
2011-04-12,4.940000,4.940000
2011-04-13,4.840000,4.840000
2011-04-14,4.880000,4.880000
2011-04-15,4.710000,4.710000
2011-04-18,4.360000,4.360000
2011-04-19,4.310000,4.310000
2011-04-20,4.670000,4.670000
2011-04-21,4.560000,4.560000
2011-04-25,4.380000,4.380000
2011-04-26,4.220000,4.220000
2011-04-27,4.210000,4.210000
2011-04-28,4.280000,4.280000
2011-04-29,4.260000,4.260000
2011-05-02,4.020000,4.020000
2011-05-03,4.040000,4.040000
2011-05-04,3.870000,3.870000
2011-05-05,3.810000,3.810000
2011-05-06,3.870000,3.870000
2011-05-09,4.070000,4.070000
2011-05-10,4.070000,4.070000
2011-05-11,3.720000,3.720000
2011-05-12,3.710000,3.710000
2011-05-13,3.680000,3.680000
2011-05-16,3.600000,3.600000
2011-05-17,3.500000,3.500000
2011-05-18,3.510000,3.510000
2011-05-19,3.530000,3.530000
2011-05-20,3.490000,3.490000
2011-05-23,3.350000,3.350000
2011-05-24,3.380000,3.380000
2011-05-25,3.520000,3.520000
2011-05-26,3.620000,3.620000
2011-05-27,3.510000,3.510000
2011-05-31,3.650000,3.650000
2011-06-01,3.480000,3.480000
2011-06-02,3.380000,3.380000
2011-06-03,3.220000,3.220000
2011-06-06,3.190000,3.190000
2011-06-07,3.150000,3.150000
2011-06-08,3.100000,3.100000
2011-06-09,3.120000,3.120000
2011-06-10,3.040000,3.040000
2011-06-13,3.090000,3.090000
2011-06-14,2.960000,2.960000
2011-06-15,2.660000,2.660000
2011-06-16,2.770000,2.770000
2011-06-17,2.790000,2.790000
2011-06-20,2.790000,2.790000
2011-06-21,2.770000,2.770000
2011-06-22,2.760000,2.760000
2011-06-23,2.680000,2.680000
2011-06-24,2.600000,2.600000
2011-06-27,2.320000,2.320000
2011-06-28,2.440000,2.440000
2011-06-29,2.410000,2.410000
2011-06-30,2.320000,2.320000
2011-07-01,2.500000,2.500000
2011-07-05,2.430000,2.430000
2011-07-06,2.400000,2.400000
2011-07-07,2.420000,2.420000
2011-07-08,2.420000,2.420000
2011-07-11,2.400000,2.400000
2011-07-12,2.420000,2.420000
2011-07-13,2.410000,2.410000
2011-07-14,2.300000,2.300000
2011-07-15,2.350000,2.350000
2011-07-18,2.280000,2.280000
2011-07-19,2.250000,2.250000
2011-07-20,2.270000,2.270000
2011-07-21,2.310000,2.310000
2011-07-22,2.330000,2.330000
2011-07-25,2.320000,2.320000
2011-07-26,2.490000,2.490000
2011-07-27,2.620000,2.620000
2011-07-28,2.690000,2.690000
2011-07-29,2.990000,2.990000
2011-08-01,3.090000,3.090000
2011-08-02,3.030000,3.030000
2011-08-03,2.820000,2.820000
2011-08-04,2.560000,2.560000
2011-08-05,2.540000,2.540000
2011-08-08,2.330000,2.330000
2011-08-09,2.530000,2.530000
2011-08-10,2.620000,2.620000
2011-08-11,2.720000,2.720000
2011-08-12,3.090000,3.090000
2011-08-15,3.110000,3.110000
2011-08-16,2.980000,2.980000
2011-08-17,2.950000,2.950000
2011-08-18,2.830000,2.830000
2011-08-19,2.770000,2.770000
2011-08-22,2.820000,2.820000
2011-08-23,2.990000,2.990000
2011-08-24,2.940000,2.940000
2011-08-25,3.000000,3.000000
2011-08-26,3.000000,3.000000
2011-08-29,3.080000,3.080000
2011-08-30,3.150000,3.150000
2011-08-31,3.200000,3.200000
2011-09-01,3.010000,3.010000
2011-09-02,2.930000,2.930000
2011-09-06,2.810000,2.810000
2011-09-07,2.810000,2.810000
2011-09-08,2.640000,2.640000
2011-09-09,2.610000,2.610000
2011-09-12,2.650000,2.650000
2011-09-13,2.630000,2.630000
2011-09-14,2.660000,2.660000
2011-09-15,2.680000,2.680000
2011-09-16,2.750000,2.750000
2011-09-19,2.730000,2.730000
2011-09-20,2.840000,2.840000
2011-09-21,2.710000,2.710000
2011-09-22,2.820000,2.820000
2011-09-23,2.870000,2.870000
2011-09-26,2.830000,2.830000
2011-09-27,2.850000,2.850000
2011-09-28,2.940000,2.940000
2011-09-29,2.920000,2.920000
2011-09-30,2.790000,2.790000
2011-10-03,2.630000,2.630000
2011-10-04,2.750000,2.750000
2011-10-05,2.800000,2.800000
2011-10-06,2.840000,2.840000
2011-10-07,2.950000,2.950000
2011-10-10,2.970000,2.970000
2011-10-11,3.100000,3.100000
2011-10-12,3.050000,3.050000
2011-10-13,3.060000,3.060000
2011-10-14,3.130000,3.130000
2011-10-17,3.150000,3.150000
2011-10-18,3.140000,3.140000
2011-10-19,3.170000,3.170000
2011-10-20,3.240000,3.240000
2011-10-21,3.170000,3.170000
2011-10-24,3.110000,3.110000
2011-10-25,3.110000,3.110000
2011-10-26,3.170000,3.170000
2011-10-27,3.210000,3.210000
2011-10-28,3.130000,3.130000
2011-10-31,3.120000,3.120000
2011-11-01,3.130000,3.130000
2011-11-02,3.150000,3.150000
2011-11-03,3.040000,3.040000
2011-11-04,3.180000,3.180000
2011-11-07,3.160000,3.160000
2011-11-08,3.180000,3.180000
2011-11-09,3.150000,3.150000
2011-11-10,3.170000,3.170000
2011-11-11,3.250000,3.250000
2011-11-14,3.060000,3.060000
2011-11-15,3.040000,3.040000
2011-11-16,3.200000,3.200000
2011-11-17,3.110000,3.110000
2011-11-18,3.160000,3.160000
2011-11-21,3.320000,3.320000
2011-11-22,3.560000,3.560000
2011-11-23,3.530000,3.530000
2011-11-25,3.590000,3.590000
2011-11-28,3.640000,3.640000
2011-11-29,3.620000,3.620000
2011-11-30,3.620000,3.620000
2011-12-01,3.770000,3.770000
2011-12-02,4.010000,4.010000
2011-12-05,4.200000,4.200000
2011-12-06,4.180000,4.180000
2011-12-07,4.140000,4.140000
2011-12-08,4.050000,4.050000
2011-12-09,4.200000,4.200000
2011-12-12,4.210000,4.210000
2011-12-13,4.200000,4.200000
2011-12-14,4.190000,4.190000
2011-12-15,4.070000,4.070000
2011-12-16,4.070000,4.070000
2011-12-19,3.840000,3.840000
2011-12-20,3.760000,3.760000
2011-12-21,3.760000,3.760000
2011-12-22,3.880000,3.880000
2011-12-23,4.020000,4.020000
2011-12-27,3.920000,3.920000
2011-12-28,3.880000,3.880000
2011-12-29,3.830000,3.830000
2011-12-30,3.700000,3.700000
2012-01-03,3.780000,3.780000
2012-01-04,4.150000,4.150000
2012-01-05,4.070000,4.070000
2012-01-06,4.070000,4.070000
2012-01-09,4.100000,4.100000
2012-01-10,4.030000,4.030000
2012-01-11,4.110000,4.110000
2012-01-12,4.040000,4.040000
2012-01-13,3.900000,3.900000
2012-01-17,3.880000,3.880000
2012-01-18,3.860000,3.860000
2012-01-19,3.900000,3.900000
2012-01-20,3.940000,3.940000
2012-01-23,3.970000,3.970000
2012-01-24,4.030000,4.030000
2012-01-25,3.950000,3.950000
2012-01-26,4.050000,4.050000
2012-01-27,4.000000,4.000000
2012-01-30,4.060000,4.060000
2012-01-31,4.050000,4.050000
2012-02-01,4.080000,4.080000
2012-02-02,4.030000,4.030000
2012-02-03,4.010000,4.010000
2012-02-06,3.930000,3.930000
2012-02-07,3.980000,3.980000
2012-02-08,4.050000,4.050000
2012-02-09,4.050000,4.050000
2012-02-10,4.090000,4.090000
2012-02-13,4.260000,4.260000
2012-02-14,4.310000,4.310000
2012-02-15,4.410000,4.410000
2012-02-16,4.400000,4.400000
2012-02-17,4.390000,4.390000
2012-02-21,4.500000,4.500000
2012-02-22,4.430000,4.430000
2012-02-23,4.510000,4.510000
2012-02-24,4.680000,4.680000
2012-02-27,4.790000,4.790000
2012-02-28,4.950000,4.950000
2012-02-29,5.370000,5.370000
2012-03-01,5.710000,5.710000
2012-03-02,5.850000,5.850000
2012-03-05,5.460000,5.460000
2012-03-06,5.680000,5.680000
2012-03-07,5.860000,5.860000
2012-03-08,5.770000,5.770000
2012-03-09,5.430000,5.430000
2012-03-12,5.130000,5.130000
2012-03-13,5.260000,5.260000
2012-03-14,5.400000,5.400000
2012-03-15,5.430000,5.430000
2012-03-16,5.380000,5.380000
2012-03-19,5.430000,5.430000
2012-03-20,5.330000,5.330000
2012-03-21,5.230000,5.230000
2012-03-22,5.280000,5.280000
2012-03-23,5.200000,5.200000
2012-03-26,5.340000,5.340000
2012-03-27,5.470000,5.470000
2012-03-28,5.390000,5.390000
2012-03-29,6.000000,6.000000
2012-03-30,5.810000,5.810000
2012-04-02,5.850000,5.850000
2012-04-03,5.660000,5.660000
2012-04-04,5.510000,5.510000
2012-04-05,5.350000,5.350000
2012-04-09,5.320000,5.320000
2012-04-10,5.310000,5.310000
2012-04-11,5.370000,5.370000
2012-04-12,5.710000,5.710000
2012-04-13,5.890000,5.890000
2012-04-16,5.920000,5.920000
2012-04-17,5.960000,5.960000
2012-04-18,5.960000,5.960000
2012-04-19,5.940000,5.940000
2012-04-20,5.840000,5.840000
2012-04-23,5.630000,5.630000
2012-04-24,5.530000,5.530000
2012-04-25,5.560000,5.560000
2012-04-26,5.560000,5.560000
2012-04-27,5.380000,5.380000
2012-04-30,5.510000,5.510000
2012-05-01,5.450000,5.450000
2012-05-02,5.460000,5.460000
2012-05-03,5.470000,5.470000
2012-05-04,5.490000,5.490000
2012-05-07,5.720000,5.720000
2012-05-08,5.730000,5.730000
2012-05-09,5.480000,5.480000
2012-05-10,5.850000,5.850000
2012-05-11,5.740000,5.740000
2012-05-14,5.620000,5.620000
2012-05-15,5.580000,5.580000
2012-05-16,5.350000,5.350000
2012-05-17,5.260000,5.260000
2012-05-18,4.810000,4.810000
2012-05-21,4.590000,4.590000
2012-05-22,4.370000,4.370000
2012-05-23,4.100000,4.100000
2012-05-24,3.830000,3.830000
2012-05-25,4.000000,4.000000
2012-05-29,4.160000,4.160000
2012-05-30,3.930000,3.930000
2012-05-31,4.050000,4.050000
2012-06-01,3.880000,3.880000
2012-06-04,3.690000,3.690000
2012-06-05,3.740000,3.740000
2012-06-06,3.670000,3.670000
2012-06-07,3.670000,3.670000
2012-06-08,3.610000,3.610000
2012-06-11,3.750000,3.750000
2012-06-12,3.710000,3.710000
2012-06-13,3.570000,3.570000
2012-06-14,3.500000,3.500000
2012-06-15,3.610000,3.610000
2012-06-18,3.600000,3.600000
2012-06-19,3.600000,3.600000
2012-06-20,3.530000,3.530000
2012-06-21,3.540000,3.540000
2012-06-22,3.360000,3.360000
2012-06-25,3.290000,3.290000
2012-06-26,3.530000,3.530000
2012-06-27,3.600000,3.600000
2012-06-28,3.520000,3.520000
2012-06-29,3.620000,3.620000
2012-07-02,3.840000,3.840000
2012-07-03,4.360000,4.360000
2012-07-05,4.310000,4.310000
2012-07-06,4.170000,4.170000
2012-07-09,4.400000,4.400000
2012-07-10,4.340000,4.340000
2012-07-11,4.420000,4.420000
2012-07-12,4.230000,4.230000
2012-07-13,4.320000,4.320000
2012-07-16,4.310000,4.310000
2012-07-17,4.340000,4.340000
2012-07-18,4.350000,4.350000
2012-07-19,4.250000,4.250000
2012-07-20,4.230000,4.230000
2012-07-23,4.140000,4.140000
2012-07-24,4.110000,4.110000
2012-07-25,4.270000,4.270000
2012-07-26,4.300000,4.300000
2012-07-27,4.550000,4.550000
2012-07-30,4.400000,4.400000
2012-07-31,4.400000,4.400000
2012-08-01,4.470000,4.470000
2012-08-02,4.490000,4.490000
2012-08-03,4.430000,4.430000
2012-08-06,4.790000,4.790000
2012-08-07,5.240000,5.240000
2012-08-08,5.150000,5.150000
2012-08-09,5.120000,5.120000
2012-08-10,5.100000,5.100000
2012-08-13,4.990000,4.990000
2012-08-14,5.150000,5.150000
2012-08-15,5.020000,5.020000
2012-08-16,6.460000,6.460000
2012-08-17,6.320000,6.320000
2012-08-20,6.080000,6.080000
2012-08-21,5.980000,5.980000
2012-08-22,6.010000,6.010000
2012-08-23,5.960000,5.960000
2012-08-24,5.930000,5.930000
2012-08-27,5.850000,5.850000
2012-08-28,5.850000,5.850000
2012-08-29,5.980000,5.980000
2012-08-30,6.000000,6.000000
2012-08-31,6.070000,6.070000
2012-09-04,6.050000,6.050000
2012-09-05,6.060000,6.060000
2012-09-06,6.070000,6.070000
2012-09-07,6.200000,6.200000
2012-09-10,6.310000,6.310000
2012-09-11,6.250000,6.250000
2012-09-12,6.140000,6.140000
2012-09-13,4.370000,4.370000
2012-09-14,4.250000,4.250000
2012-09-17,4.250000,4.250000
2012-09-18,4.150000,4.150000
2012-09-19,4.180000,4.180000
2012-09-20,4.140000,4.140000
2012-09-21,4.170000,4.170000
2012-09-24,4.070000,4.070000
2012-09-25,3.990000,3.990000
2012-09-26,3.800000,3.800000
2012-09-27,3.720000,3.720000
2012-09-28,3.720000,3.720000
2012-10-01,3.780000,3.780000
2012-10-02,3.810000,3.810000
2012-10-03,3.860000,3.860000
2012-10-04,3.970000,3.970000
2012-10-05,3.990000,3.990000
2012-10-08,3.930000,3.930000
2012-10-09,3.850000,3.850000
2012-10-10,3.850000,3.850000
2012-10-11,3.900000,3.900000
2012-10-12,3.880000,3.880000
2012-10-15,3.850000,3.850000
2012-10-16,3.860000,3.860000
2012-10-17,3.900000,3.900000
2012-10-18,3.840000,3.840000
2012-10-19,3.900000,3.900000
2012-10-22,3.890000,3.890000
2012-10-23,3.870000,3.870000
2012-10-24,3.820000,3.820000
2012-10-25,3.830000,3.830000
2012-10-26,3.860000,3.860000
2012-10-31,3.830000,3.830000
2012-11-01,3.790000,3.790000
2012-11-02,3.700000,3.700000
2012-11-05,3.790000,3.790000
2012-11-06,3.760000,3.760000
2012-11-07,3.690000,3.690000
2012-11-08,3.660000,3.660000
2012-11-09,3.550000,3.550000
2012-11-12,3.610000,3.610000
2012-11-13,3.640000,3.640000
2012-11-14,3.650000,3.650000
2012-11-15,3.700000,3.700000
2012-11-16,3.660000,3.660000
2012-11-19,3.750000,3.750000
2012-11-20,3.770000,3.770000
2012-11-21,3.780000,3.780000
2012-11-23,3.690000,3.690000
2012-11-26,3.710000,3.710000
2012-11-27,3.670000,3.670000
2012-11-28,3.660000,3.660000
2012-11-29,3.630000,3.630000
2012-11-30,3.660000,3.660000
2012-12-03,3.760000,3.760000
2012-12-04,3.720000,3.720000
2012-12-05,3.630000,3.630000
2012-12-06,3.620000,3.620000
2012-12-07,3.550000,3.550000
2012-12-10,3.600000,3.600000
2012-12-11,3.550000,3.550000
2012-12-12,3.550000,3.550000
2012-12-13,3.550000,3.550000
2012-12-14,3.580000,3.580000
2012-12-17,3.550000,3.550000
2012-12-18,3.510000,3.510000
2012-12-19,3.590000,3.590000
2012-12-20,3.490000,3.490000
2012-12-21,3.600000,3.600000
2012-12-24,3.430000,3.430000
2012-12-26,3.280000,3.280000
2012-12-27,3.390000,3.390000
2012-12-28,3.420000,3.420000
2012-12-31,3.350000,3.350000
2013-01-02,3.360000,3.360000
2013-01-03,3.310000,3.310000
2013-01-04,3.340000,3.340000
2013-01-07,3.230000,3.230000
2013-01-08,3.440000,3.440000
2013-01-09,3.600000,3.600000
2013-01-10,3.490000,3.490000
2013-01-11,3.520000,3.520000
2013-01-14,3.640000,3.640000
2013-01-15,3.370000,3.370000
2013-01-16,3.390000,3.390000
2013-01-17,3.350000,3.350000
2013-01-18,3.270000,3.270000
2013-01-22,3.360000,3.360000
2013-01-23,3.340000,3.340000
2013-01-24,3.380000,3.380000
2013-01-25,3.240000,3.240000
2013-01-28,3.310000,3.310000
2013-01-29,3.280000,3.280000
2013-01-31,3.210000,3.210000
2013-02-01,3.250000,3.250000
2013-02-04,3.290000,3.290000
2013-02-05,3.200000,3.200000
2013-02-06,3.200000,3.200000
2013-02-07,3.280000,3.280000
2013-02-08,3.270000,3.270000
2013-02-11,3.360000,3.360000
2013-02-12,3.270000,3.270000
2013-02-13,3.230000,3.230000
2013-02-14,3.210000,3.210000
2013-02-19,3.280000,3.280000
2013-02-20,3.300000,3.300000
2013-02-21,3.210000,3.210000
2013-02-22,3.340000,3.340000
2013-02-25,3.460000,3.460000
2013-02-26,3.330000,3.330000
2013-02-28,3.240000,3.240000
2013-03-01,3.220000,3.220000
2013-03-04,3.340000,3.340000
2013-03-05,3.350000,3.350000
2013-03-06,3.380000,3.380000
2013-03-07,3.310000,3.310000
2013-03-08,3.230000,3.230000
2013-03-11,3.390000,3.390000
2013-03-12,3.390000,3.390000
2013-03-13,3.510000,3.510000
2013-03-14,3.620000,3.620000
2013-03-15,3.480000,3.480000
2013-03-18,3.540000,3.540000
2013-03-19,3.520000,3.520000
2013-03-20,3.590000,3.590000
2013-03-21,3.540000,3.540000
2013-03-22,3.550000,3.550000
2013-03-25,3.550000,3.550000
2013-03-26,3.600000,3.600000
2013-03-27,3.670000,3.670000
2013-03-28,3.680000,3.680000
2013-04-01,4.000000,4.000000
2013-04-02,3.860000,3.860000
2013-04-03,3.780000,3.780000
2013-04-04,3.780000,3.780000
2013-04-05,3.990000,3.990000
2013-04-08,3.920000,3.920000
2013-04-09,3.740000,3.740000
2013-04-10,3.700000,3.700000
2013-04-15,3.680000,3.680000
2013-04-16,3.640000,3.640000
2013-04-17,3.630000,3.630000
2013-04-18,3.700000,3.700000
2013-04-19,3.650000,3.650000
2013-04-22,3.620000,3.620000
2013-04-23,3.870000,3.870000
2013-04-24,4.110000,4.110000
2013-04-25,3.810000,3.810000
2013-04-26,3.990000,3.990000
2013-04-29,3.730000,3.730000
2013-04-30,3.700000,3.700000
2013-05-01,3.930000,3.930000
2013-05-03,3.930000,3.930000
2013-05-06,3.890000,3.890000
2013-05-07,4.010000,4.010000
2013-05-08,4.000000,4.000000
2013-05-09,3.770000,3.770000
2013-05-10,3.800000,3.800000
2013-05-13,3.940000,3.940000
2013-05-14,3.570000,3.570000
2013-05-15,3.820000,3.820000
2013-05-16,3.590000,3.590000
2013-05-17,3.630000,3.630000
2013-05-20,3.750000,3.750000
2013-05-21,3.650000,3.650000
2013-05-22,3.760000,3.760000
2013-05-23,3.860000,3.860000
2013-05-24,3.900000,3.900000
2013-05-28,3.850000,3.850000
2013-05-29,3.920000,3.920000
2013-05-30,3.790000,3.790000
2013-05-31,3.910000,3.910000
2013-06-03,3.400000,3.400000
2013-06-04,3.560000,3.560000
2013-06-05,3.500000,3.500000
2013-06-06,3.800000,3.800000
2013-06-07,3.650000,3.650000
2013-06-10,3.840000,3.840000
2013-06-11,3.760000,3.760000
2013-06-12,3.800000,3.800000
2013-06-13,3.680000,3.680000
2013-06-14,3.540000,3.540000
2013-06-17,3.810000,3.810000
2013-06-18,3.620000,3.620000
2013-06-19,3.830000,3.830000
2013-06-20,3.640000,3.640000
2013-06-21,3.600000,3.600000
2013-06-24,3.530000,3.530000
2013-06-25,3.670000,3.670000
2013-06-26,3.790000,3.790000
2013-06-27,3.760000,3.760000
2013-06-28,3.580000,3.580000
2013-07-01,3.510000,3.510000
2013-07-02,3.510000,3.510000
2013-07-03,3.520000,3.520000
2013-07-05,3.640000,3.640000
2013-07-08,3.560000,3.560000
2013-07-09,3.540000,3.540000
2013-07-10,3.510000,3.510000
2013-07-11,3.530000,3.530000
2013-07-12,3.530000,3.530000
2013-07-15,3.520000,3.520000
2013-07-16,3.500000,3.500000
2013-07-17,3.510000,3.510000
2013-07-18,3.700000,3.700000
2013-07-22,3.620000,3.620000
2013-07-23,3.840000,3.840000
2013-07-24,3.820000,3.820000
2013-07-25,3.630000,3.630000
2013-07-26,3.640000,3.640000
2013-07-29,3.740000,3.740000
2013-07-30,3.630000,3.630000
2013-07-31,3.760000,3.760000
2013-08-01,3.790000,3.790000
2013-08-02,3.620000,3.620000
2013-08-05,3.670000,3.670000
2013-08-06,3.550000,3.550000
2013-08-07,3.500000,3.500000
2013-08-08,3.630000,3.630000
2013-08-09,3.830000,3.830000
2013-08-12,3.850000,3.850000
2013-08-13,3.710000,3.710000
2013-08-14,3.840000,3.840000
2013-08-15,3.850000,3.850000
2013-08-16,3.850000,3.850000
2013-08-19,3.640000,3.640000
2013-08-20,3.820000,3.820000
2013-08-21,3.840000,3.840000
2013-08-22,3.850000,3.850000
2013-08-23,3.610000,3.610000
2013-08-26,3.610000,3.610000
2013-08-27,3.700000,3.700000
2013-08-28,3.680000,3.680000
2013-08-29,3.670000,3.670000
2013-08-30,3.690000,3.690000
2013-09-03,3.590000,3.590000
2013-09-04,3.540000,3.540000
2013-09-05,3.540000,3.540000
2013-09-06,3.690000,3.690000
2013-09-09,3.540000,3.540000
2013-09-10,3.680000,3.680000
2013-09-11,3.810000,3.810000
2013-09-12,3.660000,3.660000
2013-09-16,3.660000,3.660000
2013-09-17,3.710000,3.710000
2013-09-19,3.800000,3.800000
2013-09-20,3.600000,3.600000
2013-09-23,3.620000,3.620000
2013-09-24,3.560000,3.560000
2013-09-25,3.610000,3.610000
2013-09-26,3.640000,3.640000
2013-09-27,3.650000,3.650000
2013-09-30,3.690000,3.690000
2013-10-01,3.660000,3.660000
2013-10-02,3.680000,3.680000
2013-10-03,3.550000,3.550000
2013-10-04,3.590000,3.590000
2013-10-07,3.520000,3.520000
2013-10-08,3.640000,3.640000
2013-10-09,3.550000,3.550000
2013-10-10,3.380000,3.380000
2013-10-11,3.370000,3.370000
2013-10-14,3.400000,3.400000
2013-10-15,3.440000,3.440000
2013-10-16,3.470000,3.470000
2013-10-17,3.370000,3.370000
2013-10-18,3.470000,3.470000
2013-10-21,3.480000,3.480000
2013-10-22,3.360000,3.360000
2013-10-23,3.360000,3.360000
2013-10-24,3.360000,3.360000
2013-10-25,3.540000,3.540000
2013-10-28,3.610000,3.610000
2013-10-30,3.520000,3.520000
2013-10-31,3.490000,3.490000
2013-11-01,3.360000,3.360000
2013-11-04,3.350000,3.350000
2013-11-05,3.400000,3.400000
2013-11-06,3.470000,3.470000
2013-11-07,3.380000,3.380000
2013-11-08,3.350000,3.350000
2013-11-11,3.310000,3.310000
2013-11-12,3.460000,3.460000
2013-11-13,3.430000,3.430000
2013-11-14,3.330000,3.330000
2013-11-15,3.480000,3.480000
2013-11-18,3.540000,3.540000
2013-11-19,3.600000,3.600000
2013-11-20,3.600000,3.600000
2013-11-21,3.420000,3.420000
2013-11-22,3.640000,3.640000
2013-11-25,3.640000,3.640000
2013-11-26,3.540000,3.540000
2013-11-27,3.750000,3.750000
2013-11-29,3.680000,3.680000
2013-12-02,3.530000,3.530000
2013-12-03,3.640000,3.640000
2013-12-04,3.540000,3.540000
2013-12-05,3.510000,3.510000
2013-12-06,3.500000,3.500000
2013-12-09,3.630000,3.630000
2013-12-10,3.510000,3.510000
2013-12-11,3.510000,3.510000
2013-12-12,3.540000,3.540000
2013-12-13,3.640000,3.640000
2013-12-17,3.510000,3.510000
2013-12-18,3.500000,3.500000
2013-12-19,3.620000,3.620000
2013-12-20,3.520000,3.520000
2013-12-23,3.510000,3.510000
2013-12-24,3.590000,3.590000
2013-12-26,3.500000,3.500000
2013-12-27,3.590000,3.590000
2013-12-30,3.590000,3.590000
2013-12-31,3.550000,3.550000
2014-01-02,3.590000,3.590000
2014-01-03,3.360000,3.360000
2014-01-06,3.320000,3.320000
2014-01-07,3.290000,3.290000
2014-01-08,3.260000,3.260000
2014-01-09,3.380000,3.380000
2014-01-10,3.320000,3.320000
2014-01-14,3.290000,3.290000
2014-01-15,3.240000,3.240000
2014-01-16,3.330000,3.330000
2014-01-17,3.220000,3.220000
2014-01-21,3.120000,3.120000
2014-01-22,3.190000,3.190000
2014-01-24,3.200000,3.200000
2014-01-27,2.960000,2.960000
2014-01-28,3.000000,3.000000
2014-01-29,3.130000,3.130000
2014-01-30,2.920000,2.920000
2014-01-31,2.950000,2.950000
2014-02-03,2.890000,2.890000
2014-02-04,2.850000,2.850000
2014-02-05,2.610000,2.610000
2014-02-06,2.720000,2.720000
2014-02-07,2.820000,2.820000
2014-02-10,2.860000,2.860000
2014-02-11,2.640000,2.640000
2014-02-12,2.790000,2.790000
2014-02-13,2.820000,2.820000
2014-02-14,2.810000,2.810000
2014-02-18,2.650000,2.650000
2014-02-19,2.600000,2.600000
2014-02-20,2.750000,2.750000
2014-02-21,2.640000,2.640000
2014-02-25,2.640000,2.640000
2014-02-26,2.690000,2.690000
2014-02-27,2.560000,2.560000
2014-02-28,2.500000,2.500000
2014-03-03,2.450000,2.450000
2014-03-04,2.330000,2.330000
2014-03-05,2.390000,2.390000
2014-03-06,2.560000,2.560000
2014-03-07,2.600000,2.600000
2014-03-10,2.640000,2.640000
2014-03-11,2.650000,2.650000
2014-03-12,2.710000,2.710000
2014-03-13,2.470000,2.470000
2014-03-14,2.470000,2.470000
2014-03-17,2.490000,2.490000
2014-03-18,2.370000,2.370000
2014-03-19,2.470000,2.470000
2014-03-20,2.560000,2.560000
2014-03-21,2.270000,2.270000
2014-03-24,2.110000,2.110000
2014-03-25,2.020000,2.020000
2014-03-26,1.960000,1.960000
2014-03-27,2.000000,2.000000
2014-03-28,2.050000,2.050000
2014-03-31,2.450000,2.450000
2014-04-01,2.430000,2.430000
2014-04-02,2.440000,2.440000
2014-04-03,2.440000,2.440000
2014-04-04,2.530000,2.530000
2014-04-07,2.490000,2.490000
2014-04-08,2.370000,2.370000
2014-04-09,2.280000,2.280000
2014-04-10,2.240000,2.240000
2014-04-11,2.410000,2.410000
2014-04-14,2.320000,2.320000
2014-04-15,2.400000,2.400000
2014-04-16,2.580000,2.580000
2014-04-17,2.450000,2.450000
2014-04-22,2.500000,2.500000
2014-04-23,2.400000,2.400000
2014-04-24,2.370000,2.370000
2014-04-25,2.390000,2.390000
2014-04-28,2.310000,2.310000
2014-04-29,2.400000,2.400000
2014-05-01,2.370000,2.370000
2014-05-02,2.550000,2.550000
2014-05-05,2.770000,2.770000
2014-05-06,2.950000,2.950000
2014-05-07,3.170000,3.170000
2014-05-08,2.950000,2.950000
2014-05-09,3.240000,3.240000
2014-05-12,2.950000,2.950000
2014-05-13,2.780000,2.780000
2014-05-14,2.630000,2.630000
2014-05-15,2.730000,2.730000
2014-05-16,2.870000,2.870000
2014-05-19,3.010000,3.010000
2014-05-20,2.960000,2.960000
2014-05-21,2.950000,2.950000
2014-05-22,2.950000,2.950000
2014-05-23,2.990000,2.990000
2014-05-27,2.900000,2.900000
2014-05-28,2.820000,2.820000
2014-05-29,2.700000,2.700000
2014-06-02,2.610000,2.610000
2014-06-03,2.780000,2.780000
2014-06-04,2.840000,2.840000
2014-06-05,2.840000,2.840000
2014-06-09,2.660000,2.660000
2014-06-10,2.760000,2.760000
2014-06-11,2.820000,2.820000
2014-06-12,2.730000,2.730000
2014-06-13,2.750000,2.750000
2014-06-16,2.690000,2.690000
2014-06-17,2.900000,2.900000
2014-06-18,2.730000,2.730000
2014-06-19,2.890000,2.890000
2014-06-20,2.960000,2.960000
2014-06-23,2.970000,2.970000
2014-06-24,3.000000,3.000000
2014-06-25,2.910000,2.910000
2014-06-26,2.900000,2.900000
2014-06-30,2.800000,2.800000
2014-07-01,2.870000,2.870000
2014-07-02,2.840000,2.840000
2014-07-03,2.760000,2.760000
2014-07-07,2.740000,2.740000
2014-07-08,2.710000,2.710000
2014-07-09,2.710000,2.710000
2014-07-10,2.680000,2.680000
2014-07-11,2.740000,2.740000
2014-07-15,2.660000,2.660000
2014-07-16,2.960000,2.960000
2014-07-17,2.690000,2.690000
2014-07-18,2.750000,2.750000
2014-07-21,2.750000,2.750000
2014-07-22,2.750000,2.750000
2014-07-23,2.750000,2.750000
2014-07-24,2.740000,2.740000
2014-07-25,2.740000,2.740000
2014-07-28,2.730000,2.730000
2014-07-29,2.660000,2.660000
2014-07-30,2.660000,2.660000
2014-07-31,2.660000,2.660000
2014-08-01,2.650000,2.650000
2014-08-04,2.650000,2.650000
2014-08-05,2.740000,2.740000
2014-08-06,2.720000,2.720000
2014-08-07,2.750000,2.750000
2014-08-08,2.750000,2.750000
2014-08-11,2.750000,2.750000
2014-08-12,2.700000,2.700000
2014-08-13,2.680000,2.680000
2014-08-14,2.660000,2.660000
2014-08-18,2.750000,2.750000
2014-08-19,2.760000,2.760000
2014-08-20,2.690000,2.690000
2014-08-21,2.780000,2.780000
2014-08-22,2.790000,2.790000
2014-08-25,2.800000,2.800000
2014-08-26,2.700000,2.700000
2014-08-27,2.670000,2.670000
2014-08-29,2.800000,2.800000
2014-09-02,2.800000,2.800000
2014-09-03,2.780000,2.780000
2014-09-04,2.790000,2.790000
2014-09-05,2.690000,2.690000
2014-09-08,2.580000,2.580000
2014-09-09,2.610000,2.610000
2014-09-10,2.500000,2.500000
2014-09-11,2.420000,2.420000
2014-09-12,2.320000,2.320000
2014-09-15,2.160000,2.160000
2014-09-16,2.140000,2.140000
2014-09-17,2.110000,2.110000
2014-09-19,2.120000,2.120000
2014-09-22,2.100000,2.100000
2014-09-23,2.100000,2.100000
2014-09-24,2.100000,2.100000
2014-09-26,2.000000,2.000000
2014-09-30,1.800000,1.800000
2014-10-01,1.920000,1.920000
2014-10-02,2.010000,2.010000
2014-10-03,1.920000,1.920000
2014-10-06,1.740000,1.740000
2014-10-07,1.640000,1.640000
2014-10-08,1.540000,1.540000
2014-10-09,1.260000,1.260000
2014-10-10,1.330000,1.330000
2014-10-13,1.270000,1.270000
2014-10-14,1.310000,1.310000
2014-10-15,1.530000,1.530000
2014-10-16,1.470000,1.470000
2014-10-17,1.480000,1.480000
2014-10-20,1.430000,1.430000
2014-10-21,1.460000,1.460000
2014-10-22,1.440000,1.440000
2014-10-23,1.340000,1.340000
2014-10-24,1.390000,1.390000
2014-10-27,1.250000,1.250000
2014-10-28,1.380000,1.380000
2014-10-29,1.300000,1.300000
2014-10-31,1.380000,1.380000
2014-11-03,1.370000,1.370000
2014-11-04,1.260000,1.260000
2014-11-05,1.260000,1.260000
2014-11-06,1.180000,1.180000
2014-11-07,1.200000,1.200000
2014-11-10,1.150000,1.150000
2014-11-11,1.360000,1.360000
2014-11-12,1.510000,1.510000
2014-11-13,1.690000,1.690000
2014-11-14,1.690000,1.690000
2014-11-17,1.910000,1.910000
2014-11-18,2.310000,2.310000
2014-11-19,2.600000,2.600000
2014-11-20,2.400000,2.400000
2014-11-21,2.600000,2.600000
2014-11-24,2.550000,2.550000
2014-11-25,2.500000,2.500000
2014-11-26,2.460000,2.460000
2014-11-28,2.500000,2.500000
2014-12-01,2.700000,2.700000
2014-12-02,2.600000,2.600000
2014-12-03,2.770000,2.770000
2014-12-04,2.620000,2.620000
2014-12-05,2.300000,2.300000
2014-12-08,1.750000,1.750000
2014-12-09,1.990000,1.990000
2014-12-10,2.100000,2.100000
2014-12-11,2.280000,2.280000
2014-12-12,2.450000,2.450000
2014-12-15,2.260000,2.260000
2014-12-16,2.270000,2.270000
2014-12-17,2.470000,2.470000
2014-12-18,2.380000,2.380000
2014-12-19,2.220000,2.220000
2014-12-22,2.470000,2.470000
2014-12-23,2.490000,2.490000
2014-12-24,2.500000,2.500000
2014-12-26,2.470000,2.470000
2014-12-29,2.440000,2.440000
2014-12-30,2.360000,2.360000
2015-01-02,2.600000,2.600000
2015-01-05,2.650000,2.650000
2015-01-06,2.470000,2.470000
2015-01-07,2.370000,2.370000
2015-01-08,2.310000,2.310000
2015-01-09,2.400000,2.400000
2015-01-12,2.440000,2.440000
2015-01-13,2.480000,2.480000
2015-01-14,2.410000,2.410000
2015-01-16,2.510000,2.510000
2015-01-20,2.570000,2.570000
2015-01-21,2.530000,2.530000
2015-01-22,2.600000,2.600000
2015-01-23,2.640000,2.640000
2015-01-26,2.560000,2.560000
2015-01-27,2.580000,2.580000
2015-01-29,2.520000,2.520000
2015-01-30,2.560000,2.560000
2015-02-02,2.650000,2.650000
2015-02-03,2.590000,2.590000
2015-02-04,2.660000,2.660000
2015-02-05,2.710000,2.710000
2015-02-06,2.920000,2.920000
2015-02-09,3.000000,3.000000
2015-02-10,3.020000,3.020000
2015-02-11,3.100000,3.100000
2015-02-12,2.810000,2.810000
2015-02-13,2.910000,2.910000
2015-02-17,2.980000,2.980000
2015-02-18,2.920000,2.920000
2015-02-19,2.970000,2.970000
2015-02-20,2.880000,2.880000
2015-02-23,2.900000,2.900000
2015-02-24,2.990000,2.990000
2015-02-25,3.000000,3.000000
2015-02-26,2.750000,2.750000
2015-02-27,2.990000,2.990000
2015-03-02,2.810000,2.810000
2015-03-03,2.850000,2.850000
2015-03-04,2.810000,2.810000
2015-03-05,2.850000,2.850000
2015-03-06,2.750000,2.750000
2015-03-10,2.770000,2.770000
2015-03-11,2.790000,2.790000
2015-03-12,2.640000,2.640000
2015-03-13,2.410000,2.410000
2015-03-16,2.330000,2.330000
2015-03-17,2.460000,2.460000
2015-03-18,2.300000,2.300000
2015-03-19,2.160000,2.160000
2015-03-20,2.190000,2.190000
2015-03-23,2.250000,2.250000
2015-03-24,2.170000,2.170000
2015-03-25,2.210000,2.210000
2015-03-26,2.080000,2.080000
2015-03-27,2.090000,2.090000
2015-03-30,2.270000,2.270000
2015-03-31,2.170000,2.170000
2015-04-01,2.190000,2.190000
2015-04-02,2.230000,2.230000
2015-04-06,2.180000,2.180000
2015-04-07,2.290000,2.290000
2015-04-08,2.160000,2.160000
2015-04-09,2.100000,2.100000
2015-04-10,2.200000,2.200000
2015-04-13,2.070000,2.070000
2015-04-14,2.030000,2.030000
2015-04-15,2.030000,2.030000
2015-04-16,2.030000,2.030000
2015-04-17,2.050000,2.050000
2015-04-20,2.050000,2.050000
2015-04-21,2.050000,2.050000
2015-04-22,2.050000,2.050000
2015-04-23,2.290000,2.290000
2015-04-24,2.340000,2.340000
2015-04-27,2.450000,2.450000
2015-04-28,2.570000,2.570000
2015-04-29,2.840000,2.840000
2015-04-30,2.600000,2.600000
2015-05-01,2.900000,2.900000
2015-05-04,2.960000,2.960000
2015-05-05,2.590000,2.590000
2015-05-06,2.700000,2.700000
2015-05-07,2.710000,2.710000
2015-05-08,2.670000,2.670000
2015-05-11,2.880000,2.880000
2015-05-12,2.890000,2.890000
2015-05-13,2.970000,2.970000
2015-05-14,2.660000,2.660000
2015-05-15,2.720000,2.720000
2015-05-18,2.510000,2.510000
2015-05-19,2.690000,2.690000
2015-05-20,2.600000,2.600000
2015-05-21,2.620000,2.620000
2015-05-22,2.490000,2.490000
2015-05-26,2.420000,2.420000
2015-05-27,2.780000,2.780000
2015-05-28,2.610000,2.610000
2015-05-29,2.690000,2.690000
2015-06-01,2.500000,2.500000
2015-06-02,2.580000,2.580000
2015-06-03,2.560000,2.560000
2015-06-04,2.590000,2.590000
2015-06-05,2.460000,2.460000
2015-06-08,2.880000,2.880000
2015-06-09,2.950000,2.950000
2015-06-10,3.110000,3.110000
2015-06-11,3.660000,3.660000
2015-06-12,3.860000,3.860000
2015-06-15,3.740000,3.740000
2015-06-16,3.540000,3.540000
2015-06-17,3.680000,3.680000
2015-06-18,3.710000,3.710000
2015-06-19,3.220000,3.220000
2015-06-22,3.050000,3.050000
2015-06-23,3.010000,3.010000
2015-06-24,3.230000,3.230000
2015-06-25,3.240000,3.240000
2015-06-26,3.390000,3.390000
2015-06-29,3.420000,3.420000
2015-06-30,3.530000,3.530000
2015-07-01,3.690000,3.690000
2015-07-02,3.770000,3.770000
2015-07-06,3.840000,3.840000
2015-07-07,3.940000,3.940000
2015-07-08,3.840000,3.840000
2015-07-09,3.890000,3.890000
2015-07-10,4.010000,4.010000
2015-07-13,3.960000,3.960000
2015-07-14,3.940000,3.940000
2015-07-15,4.020000,4.020000
2015-07-16,3.920000,3.920000
2015-07-17,3.920000,3.920000
2015-07-20,3.880000,3.880000
2015-07-21,3.940000,3.940000
2015-07-22,3.740000,3.740000
2015-07-23,3.940000,3.940000
2015-07-24,3.980000,3.980000
2015-07-27,3.970000,3.970000
2015-07-28,3.920000,3.920000
2015-07-29,4.000000,4.000000
2015-07-30,3.900000,3.900000
2015-07-31,3.900000,3.900000
2015-08-03,3.910000,3.910000
2015-08-04,3.830000,3.830000
2015-08-05,3.940000,3.940000
2015-08-06,3.960000,3.960000
2015-08-07,3.870000,3.870000
2015-08-10,3.990000,3.990000
2015-08-11,4.000000,4.000000
2015-08-12,4.000000,4.000000
2015-08-13,3.920000,3.920000
2015-08-14,3.980000,3.980000
2015-08-17,3.970000,3.970000
2015-08-18,3.960000,3.960000
2015-08-19,3.930000,3.930000
2015-08-20,3.920000,3.920000
2015-08-21,3.900000,3.900000
2015-08-24,3.770000,3.770000
2015-08-25,3.690000,3.690000
2015-08-26,3.860000,3.860000
2015-08-27,3.940000,3.940000
2015-08-28,3.820000,3.820000
2015-08-31,3.990000,3.990000
2015-09-01,3.970000,3.970000
2015-09-02,3.910000,3.910000
2015-09-03,3.850000,3.850000
2015-09-04,3.930000,3.930000
2015-09-08,3.850000,3.850000
2015-09-09,3.900000,3.900000
2015-09-10,3.790000,3.790000
2015-09-11,3.830000,3.830000
2015-09-14,3.760000,3.760000
2015-09-15,3.730000,3.730000
2015-09-16,3.730000,3.730000
2015-09-17,3.810000,3.810000
2015-09-18,3.650000,3.650000
2015-09-21,3.740000,3.740000
2015-09-22,3.700000,3.700000
2015-09-23,3.820000,3.820000
2015-09-24,3.740000,3.740000
2015-09-25,3.650000,3.650000
2015-09-28,3.400000,3.400000
2015-09-29,3.430000,3.430000
2015-09-30,3.720000,3.720000
2015-10-01,3.500000,3.500000
2015-10-02,3.430000,3.430000
2015-10-05,3.400000,3.400000
2015-10-06,3.640000,3.640000
2015-10-07,3.420000,3.420000
2015-10-08,3.400000,3.400000
2015-10-09,3.410000,3.410000
2015-10-12,3.420000,3.420000
2015-10-13,3.410000,3.410000
2015-10-14,3.400000,3.400000
2015-10-15,3.640000,3.640000
2015-10-16,3.430000,3.430000
2015-10-19,3.430000,3.430000
2015-10-22,3.360000,3.360000
2015-10-23,3.370000,3.370000
2015-10-26,3.300000,3.300000
2015-10-27,3.250000,3.250000
2015-10-28,3.100000,3.100000
2015-10-29,3.020000,3.020000
2015-10-30,3.020000,3.020000
2015-11-02,3.140000,3.140000
2015-11-03,3.200000,3.200000
2015-11-04,3.100000,3.100000
2015-11-05,3.100000,3.100000
2015-11-10,3.130000,3.130000
2015-11-13,3.090000,3.090000
2015-11-17,3.090000,3.090000
2015-11-18,3.080000,3.080000
2015-11-19,3.180000,3.180000
2015-11-20,3.150000,3.150000
2015-11-23,3.140000,3.140000
2015-11-24,3.080000,3.080000
2015-11-25,3.150000,3.150000
2015-11-27,3.190000,3.190000
2015-11-30,3.180000,3.180000
2015-12-01,3.200000,3.200000
2015-12-02,3.130000,3.130000
2015-12-03,3.060000,3.060000
2015-12-04,3.150000,3.150000
2015-12-07,2.960000,2.960000
2015-12-08,2.990000,2.990000
2015-12-09,3.000000,3.000000
2015-12-10,2.970000,2.970000
2015-12-11,2.880000,2.880000
2015-12-14,2.900000,2.900000
2015-12-15,3.170000,3.170000
2015-12-16,3.050000,3.050000
2015-12-17,2.960000,2.960000
2015-12-18,2.950000,2.950000
2015-12-21,2.980000,2.980000
2015-12-22,3.010000,3.010000
2015-12-23,3.020000,3.020000
2015-12-24,3.000000,3.000000
2015-12-28,3.000000,3.000000
2015-12-29,3.180000,3.180000
2015-12-30,3.200000,3.200000
2015-12-31,3.200000,3.200000
2016-01-04,3.100000,3.100000
2016-01-05,3.200000,3.200000
2016-01-06,3.480000,3.480000
2016-01-07,3.380000,3.380000
2016-01-08,3.270000,3.270000
2016-01-11,3.400000,3.400000
2016-01-12,3.260000,3.260000
2016-01-13,3.200000,3.200000
2016-01-14,3.180000,3.180000
2016-01-15,3.120000,3.120000
2016-01-19,3.100000,3.100000
2016-01-20,3.040000,3.040000
2016-01-21,3.070000,3.070000
2016-01-25,3.020000,3.020000
2016-01-26,3.100000,3.100000
2016-01-28,3.010000,3.010000
2016-01-29,3.040000,3.040000
2016-02-01,3.050000,3.050000
2016-02-02,3.040000,3.040000
2016-02-03,3.000000,3.000000
2016-02-04,3.100000,3.100000
2016-02-08,3.010000,3.010000
2016-02-10,3.010000,3.010000
2016-02-11,3.010000,3.010000
2016-02-12,3.040000,3.040000
2016-02-16,3.010000,3.010000
2016-02-17,2.900000,2.900000
2016-02-18,3.010000,3.010000
2016-02-19,3.020000,3.020000
2016-02-22,3.010000,3.010000
2016-02-23,3.010000,3.010000
2016-02-24,3.090000,3.090000
2016-02-25,3.010000,3.010000
2016-02-26,3.090000,3.090000
2016-02-29,3.100000,3.100000
2016-03-01,3.020000,3.020000
2016-03-02,3.060000,3.060000
2016-03-03,2.990000,2.990000
2016-03-04,3.000000,3.000000
2016-03-07,3.010000,3.010000
2016-03-08,3.090000,3.090000
2016-03-09,3.090000,3.090000
2016-03-11,3.050000,3.050000
2016-03-14,3.100000,3.100000
2016-03-15,3.140000,3.140000
2016-03-16,3.150000,3.150000
2016-03-17,3.150000,3.150000
2016-03-18,3.150000,3.150000
2016-03-21,3.160000,3.160000
2016-03-22,3.200000,3.200000
2016-03-23,3.040000,3.040000
2016-03-29,3.150000,3.150000
2016-03-31,3.000000,3.000000
2016-04-01,3.160000,3.160000
2016-04-04,3.150000,3.150000
2016-04-08,3.180000,3.180000
2016-04-11,3.230000,3.230000
2016-04-12,3.160000,3.160000
2016-04-13,3.150000,3.150000
2016-04-14,3.100000,3.100000
2016-04-15,3.110000,3.110000
2016-04-18,3.110000,3.110000
2016-04-19,3.100000,3.100000
2016-04-20,3.110000,3.110000
2016-04-21,3.010000,3.010000
2016-04-22,3.030000,3.030000
2016-04-25,3.120000,3.120000
2016-04-26,3.020000,3.020000
2016-04-27,3.000000,3.000000
2016-04-28,3.000000,3.000000
2016-04-29,3.010000,3.010000
2016-05-02,2.990000,2.990000
2016-05-03,3.010000,3.010000
2016-05-04,3.000000,3.000000
2016-05-05,3.000000,3.000000
2016-05-06,3.020000,3.020000
2016-05-09,3.000000,3.000000
2016-05-12,3.000000,3.000000
2016-05-16,3.110000,3.110000
2016-05-17,3.100000,3.100000
2016-05-18,3.040000,3.040000
2016-05-19,3.180000,3.180000
2016-05-20,3.120000,3.120000
2016-05-23,3.100000,3.100000
2016-05-24,3.000000,3.000000
2016-05-25,2.830000,2.830000
2016-05-26,2.730000,2.730000
2016-05-27,2.810000,2.810000
2016-05-31,2.940000,2.940000
2016-06-01,3.040000,3.040000
2016-06-02,3.130000,3.130000
2016-06-03,3.140000,3.140000
2016-06-06,3.010000,3.010000
2016-06-07,2.790000,2.790000
2016-06-08,2.870000,2.870000
2016-06-09,2.680000,2.680000
2016-06-10,2.650000,2.650000
2016-06-13,2.660000,2.660000
2016-06-14,2.650000,2.650000
2016-06-15,2.640000,2.640000
2016-06-16,2.770000,2.770000
2016-06-17,2.790000,2.790000
2016-06-20,3.020000,3.020000
2016-06-21,3.050000,3.050000
2016-06-22,2.980000,2.980000
2016-06-23,3.060000,3.060000
2016-06-24,3.080000,3.080000
2016-06-27,3.040000,3.040000
2016-06-28,3.000000,3.000000
2016-06-29,2.960000,2.960000
2016-06-30,2.910000,2.910000
2016-07-01,2.830000,2.830000
2016-07-05,2.720000,2.720000
2016-07-06,2.850000,2.850000
2016-07-07,2.760000,2.760000
2016-07-08,2.860000,2.860000
2016-07-11,2.780000,2.780000
2016-07-12,2.910000,2.910000
2016-07-13,2.790000,2.790000
2016-07-14,2.800000,2.800000
2016-07-15,2.920000,2.920000
2016-07-18,2.900000,2.900000
2016-07-19,2.900000,2.900000
2016-07-21,2.910000,2.910000
2016-07-26,2.910000,2.910000
2016-07-27,2.860000,2.860000
2016-07-28,2.990000,2.990000
2016-07-29,2.990000,2.990000
2016-08-01,2.990000,2.990000
2016-08-02,2.990000,2.990000
2016-08-03,2.950000,2.950000
2016-08-04,2.940000,2.940000
2016-08-05,2.920000,2.920000
2016-08-08,2.910000,2.910000
2016-08-09,3.000000,3.000000
2016-08-10,3.000000,3.000000
2016-08-11,2.950000,2.950000
2016-08-12,2.950000,2.950000
2016-08-15,2.950000,2.950000
2016-08-16,2.950000,2.950000
2016-08-17,2.900000,2.900000
2016-08-18,2.900000,2.900000
2016-08-19,2.900000,2.900000
2016-08-22,2.780000,2.780000
2016-08-23,3.000000,3.000000
2016-08-24,2.890000,2.890000
2016-08-26,3.010000,3.010000
2016-08-29,3.150000,3.150000
2016-08-30,3.130000,3.130000
2016-09-01,3.040000,3.040000
2016-09-02,3.080000,3.080000
2016-09-06,3.040000,3.040000
2016-09-07,3.080000,3.080000
2016-09-08,3.040000,3.040000
2016-09-09,3.030000,3.030000
2016-09-12,3.020000,3.020000
2016-09-13,3.020000,3.020000
2016-09-14,3.020000,3.020000
2016-09-15,3.080000,3.080000
2016-09-16,3.120000,3.120000
2016-09-19,3.020000,3.020000
2016-09-20,3.040000,3.040000
2016-09-22,3.110000,3.110000
2016-09-23,3.020000,3.020000
2016-09-26,3.070000,3.070000
2016-09-29,2.970000,2.970000
2016-09-30,3.010000,3.010000
2016-10-03,3.000000,3.000000
2016-10-04,3.000000,3.000000
2016-10-05,3.000000,3.000000
2016-10-06,3.000000,3.000000
2016-10-07,3.070000,3.070000
2016-10-10,3.130000,3.130000
2016-10-11,3.150000,3.150000
2016-10-13,3.210000,3.210000
2016-10-14,3.190000,3.190000
2016-10-17,3.250000,3.250000
2016-10-18,3.250000,3.250000
2016-10-19,3.150000,3.150000
2016-10-20,3.150000,3.150000
2016-10-24,3.290000,3.290000
2016-10-25,3.500000,3.500000
2016-10-26,3.490000,3.490000
2016-11-01,3.330000,3.330000
2016-11-03,3.210000,3.210000
2016-11-04,3.210000,3.210000
2016-11-08,3.060000,3.060000
2016-11-14,3.190000,3.190000
2016-11-15,3.020000,3.020000
2016-11-16,3.050000,3.050000
2016-11-17,3.110000,3.110000
2016-11-18,3.020000,3.020000
2016-11-21,3.030000,3.030000
2016-11-22,3.030000,3.030000
2016-11-30,2.990000,2.990000
2016-12-01,2.990000,2.990000
2016-12-02,2.990000,2.990000
2016-12-05,3.150000,3.150000
2016-12-06,3.070000,3.070000
2016-12-07,3.110000,3.110000
2016-12-08,3.030000,3.030000
2016-12-09,2.800000,2.800000
2016-12-12,2.720000,2.720000
2016-12-13,2.800000,2.800000
2016-12-14,2.810000,2.810000
2016-12-15,2.820000,2.820000
2016-12-16,2.710000,2.710000
2016-12-19,2.780000,2.780000
2016-12-20,2.800000,2.800000
2016-12-21,2.890000,2.890000
2016-12-22,2.850000,2.850000
2016-12-23,2.900000,2.900000
2016-12-27,2.850000,2.850000
2016-12-28,2.850000,2.850000
2016-12-30,2.840000,2.840000
2017-01-03,2.860000,2.860000
2017-01-04,2.800000,2.800000
2017-01-06,2.870000,2.870000
2017-01-10,2.720000,2.720000
2017-01-11,2.820000,2.820000
2017-01-12,2.730000,2.730000
2017-01-13,3.070000,3.070000
2017-01-18,3.060000,3.060000
2017-01-23,2.860000,2.860000
2017-01-24,2.800000,2.800000
2017-01-25,2.730000,2.730000
2017-01-26,2.770000,2.770000
2017-01-27,2.870000,2.870000
2017-01-30,2.720000,2.720000
2017-01-31,2.840000,2.840000
2017-02-01,2.730000,2.730000
2017-02-02,2.730000,2.730000
2017-02-08,2.740000,2.740000
2017-02-10,2.650000,2.650000
2017-02-13,2.700000,2.700000
2017-02-14,2.810000,2.810000
2017-02-16,2.810000,2.810000
2017-02-17,2.780000,2.780000
2017-02-21,2.780000,2.780000
2017-02-22,2.750000,2.750000
2017-02-23,2.700000,2.700000
2017-02-24,2.750000,2.750000
2017-02-27,2.730000,2.730000
2017-02-28,2.700000,2.700000
2017-03-01,2.690000,2.690000
2017-03-02,2.710000,2.710000
2017-03-03,2.670000,2.670000
2017-03-06,2.680000,2.680000
2017-03-07,2.680000,2.680000
2017-03-08,2.750000,2.750000
2017-03-09,2.650000,2.650000
2017-03-10,2.420000,2.420000
2017-03-13,2.510000,2.510000
2017-03-14,2.580000,2.580000
2017-03-15,2.540000,2.540000
2017-03-16,2.540000,2.540000
2017-03-17,2.540000,2.540000
2017-03-20,2.510000,2.510000
2017-03-21,2.620000,2.620000
2017-03-23,2.620000,2.620000
2017-03-24,2.620000,2.620000
2017-03-27,2.680000,2.680000
2017-03-28,2.650000,2.650000
2017-03-29,2.700000,2.700000
2017-03-30,2.650000,2.650000
2017-04-03,2.650000,2.650000
2017-04-04,2.610000,2.610000
2017-04-05,2.690000,2.690000
2017-04-06,2.680000,2.680000
2017-04-07,2.650000,2.650000
2017-04-10,2.610000,2.610000
2017-04-11,2.580000,2.580000
2017-04-13,2.610000,2.610000
2017-04-17,2.690000,2.690000
2017-04-18,2.510000,2.510000
2017-04-19,2.570000,2.570000
2017-04-20,2.520000,2.520000
2017-04-21,2.530000,2.530000
2017-04-24,2.650000,2.650000
2017-04-25,3.190000,3.190000
2017-04-26,2.750000,2.750000
2017-04-27,2.680000,2.680000
2017-04-28,2.600000,2.600000
2017-05-01,2.600000,2.600000
2017-05-02,2.590000,2.590000
2017-05-03,2.490000,2.490000
2017-05-04,2.650000,2.650000
2017-05-05,2.560000,2.560000
2017-05-08,2.550000,2.550000
2017-05-09,2.550000,2.550000
2017-05-10,2.510000,2.510000
2017-05-11,2.510000,2.510000
2017-05-12,2.470000,2.470000
2017-05-15,2.480000,2.480000
2017-05-16,2.390000,2.390000
2017-05-17,2.500000,2.500000
2017-05-18,2.460000,2.460000
2017-05-19,2.440000,2.440000
2017-05-22,2.400000,2.400000
2017-05-23,2.360000,2.360000
2017-05-30,2.420000,2.420000
2017-06-01,2.370000,2.370000
2017-06-02,2.380000,2.380000
2017-06-05,2.360000,2.360000
2017-06-06,2.380000,2.380000
2017-06-07,2.370000,2.370000
2017-06-08,2.430000,2.430000
2017-06-09,2.320000,2.320000
2017-06-12,2.400000,2.400000
2017-06-13,2.360000,2.360000
2017-06-14,2.350000,2.350000
2017-06-15,2.510000,2.510000
2017-06-16,2.300000,2.300000
2017-06-19,2.540000,2.540000
2017-06-20,2.420000,2.420000
2017-06-21,2.500000,2.500000
2017-06-22,2.540000,2.540000
2017-06-23,2.490000,2.490000
2017-06-26,2.410000,2.410000
2017-06-27,2.430000,2.430000
2017-06-28,2.450000,2.450000
2017-06-29,2.520000,2.520000
2017-06-30,2.660000,2.660000
2017-07-03,2.410000,2.410000
2017-07-05,2.600000,2.600000
2017-07-06,2.700000,2.700000
2017-07-07,2.590000,2.590000
2017-07-10,2.590000,2.590000
2017-07-11,2.540000,2.540000
2017-07-12,2.600000,2.600000
2017-07-13,2.420000,2.420000
2017-07-14,2.540000,2.540000
2017-07-17,2.540000,2.540000
2017-07-18,2.500000,2.500000
2017-07-19,2.530000,2.530000
2017-07-20,2.530000,2.530000
2017-07-21,2.530000,2.530000
2017-07-24,2.580000,2.580000
2017-07-25,2.530000,2.530000
2017-07-26,2.430000,2.430000
2017-07-27,2.530000,2.530000
2017-07-28,2.500000,2.500000
2017-07-31,2.470000,2.470000
2017-08-01,2.400000,2.400000
2017-08-02,2.410000,2.410000
2017-08-03,2.560000,2.560000
2017-08-04,2.520000,2.520000
2017-08-07,2.550000,2.550000
2017-08-08,2.450000,2.450000
2017-08-09,2.510000,2.510000
2017-08-14,2.450000,2.450000
2017-08-15,2.410000,2.410000
2017-08-16,2.490000,2.490000
2017-08-17,2.480000,2.480000
2017-08-18,2.470000,2.470000
2017-08-21,2.410000,2.410000
2017-08-22,2.430000,2.430000
2017-08-23,2.440000,2.440000
2017-08-24,2.390000,2.390000
2017-08-25,2.360000,2.360000
2017-08-28,2.530000,2.530000
2017-08-29,2.630000,2.630000
2017-08-30,2.620000,2.620000
2017-08-31,2.450000,2.450000
2017-09-01,2.510000,2.510000
2017-09-05,2.440000,2.440000
2017-09-06,2.380000,2.380000
2017-09-07,2.380000,2.380000
2017-09-08,2.250000,2.250000
2017-09-11,2.140000,2.140000
2017-09-12,2.240000,2.240000
2017-09-13,2.320000,2.320000
2017-09-14,2.250000,2.250000
2017-09-15,2.380000,2.380000
2017-09-18,2.310000,2.310000
2017-09-19,2.460000,2.460000
2017-09-20,2.470000,2.470000
2017-09-21,2.410000,2.410000
2017-09-22,2.430000,2.430000
2017-09-25,2.320000,2.320000
2017-09-26,2.520000,2.520000
2017-09-27,2.320000,2.320000
2017-09-28,2.360000,2.360000
2017-09-29,2.350000,2.350000
2017-10-02,2.320000,2.320000
2017-10-03,2.330000,2.330000
2017-10-04,2.390000,2.390000
2017-10-05,2.360000,2.360000
2017-10-06,2.400000,2.400000
2017-10-09,2.310000,2.310000
2017-10-10,2.380000,2.380000
2017-10-11,2.330000,2.330000
2017-10-12,2.310000,2.310000
2017-10-13,2.320000,2.320000
2017-10-16,2.250000,2.250000
2017-10-18,2.300000,2.300000
2017-10-19,2.290000,2.290000
2017-10-20,2.310000,2.310000
2017-10-24,2.280000,2.280000
2017-10-25,2.370000,2.370000
2017-10-26,2.260000,2.260000
2017-10-27,2.420000,2.420000
2017-10-30,2.280000,2.280000
2017-10-31,2.300000,2.300000
2017-11-01,2.320000,2.320000
2017-11-02,2.370000,2.370000
2017-11-03,2.350000,2.350000
2017-11-06,2.270000,2.270000
2017-11-07,2.250000,2.250000
2017-11-08,2.220000,2.220000
2017-11-09,2.320000,2.320000
2017-11-10,2.300000,2.300000
2017-11-13,2.150000,2.150000
2017-11-14,2.180000,2.180000
2017-11-15,2.250000,2.250000
2017-11-16,2.330000,2.330000
2017-11-17,2.440000,2.440000
2017-11-20,2.320000,2.320000
2017-11-21,2.420000,2.420000
2017-11-22,2.240000,2.240000
2017-11-24,2.290000,2.290000
2017-11-27,2.380000,2.380000
2017-11-29,2.160000,2.160000
2017-11-30,2.170000,2.170000
2017-12-01,2.350000,2.350000
2017-12-04,2.220000,2.220000
2017-12-05,2.260000,2.260000
2017-12-06,2.280000,2.280000
2017-12-07,2.380000,2.380000
2017-12-08,2.350000,2.350000
2017-12-11,2.240000,2.240000
2017-12-12,2.280000,2.280000
2017-12-13,2.310000,2.310000
2017-12-14,2.390000,2.390000
2017-12-15,2.400000,2.400000
2017-12-18,2.440000,2.440000
2017-12-19,2.410000,2.410000
2017-12-20,2.450000,2.450000
2017-12-21,2.280000,2.280000
2017-12-22,2.350000,2.350000
2017-12-26,2.350000,2.350000
2017-12-27,2.300000,2.300000
2017-12-28,2.350000,2.350000
2017-12-29,2.400000,2.400000
2018-01-02,2.450000,2.450000
2018-01-03,2.350000,2.350000
2018-01-04,2.320000,2.320000
2018-01-05,2.290000,2.290000
2018-01-08,2.290000,2.290000
2018-01-09,2.310000,2.310000
2018-01-10,2.350000,2.350000
2018-01-11,2.280000,2.280000
2018-01-12,2.250000,2.250000
2018-01-16,2.320000,2.320000
2018-01-17,2.220000,2.220000
2018-01-18,2.200000,2.200000
2018-01-19,2.200000,2.200000
2018-01-22,2.300000,2.300000
2018-01-23,2.230000,2.230000
2018-01-24,2.250000,2.250000
2018-01-25,2.280000,2.280000
2018-01-26,2.220000,2.220000
2018-01-31,2.220000,2.220000
2018-02-01,2.280000,2.280000
2018-02-02,2.250000,2.250000
2018-02-05,2.200000,2.200000
2018-02-06,2.300000,2.300000
2018-02-07,2.210000,2.210000
2018-02-08,2.200000,2.200000
2018-02-09,2.260000,2.260000
2018-02-12,2.210000,2.210000
2018-02-14,2.210000,2.210000
2018-02-15,2.200000,2.200000
2018-02-16,2.200000,2.200000
2018-02-20,2.200000,2.200000
2018-02-22,2.220000,2.220000
2018-02-26,2.250000,2.250000
2018-02-28,2.240000,2.240000
2018-03-01,2.250000,2.250000
2018-03-05,2.250000,2.250000
2018-03-06,2.200000,2.200000
2018-03-07,2.200000,2.200000
2018-03-09,2.220000,2.220000
2018-03-12,2.050000,2.050000
2018-03-13,2.150000,2.150000
2018-03-19,2.050000,2.050000
2018-03-20,2.030000,2.030000
2018-03-21,1.960000,1.960000
2018-03-22,2.000000,2.000000
2018-03-23,2.000000,2.000000
2018-03-26,2.150000,2.150000
2018-03-27,2.070000,2.070000
2018-03-28,2.200000,2.200000
2018-03-29,2.040000,2.040000
2018-04-02,2.080000,2.080000
2018-04-03,2.140000,2.140000
2018-04-05,2.130000,2.130000
2018-04-06,2.010000,2.010000
2018-04-09,2.020000,2.020000
2018-04-10,2.030000,2.030000
2018-04-12,2.090000,2.090000
2018-04-13,2.130000,2.130000
2018-04-18,2.000000,2.000000
2018-04-19,2.010000,2.010000
2018-04-20,2.050000,2.050000
2018-04-23,2.110000,2.110000
2018-04-24,2.150000,2.150000
2018-04-25,2.120000,2.120000
2018-04-26,2.150000,2.150000
2018-04-27,2.150000,2.150000
2018-04-30,2.200000,2.200000
2018-05-01,2.290000,2.290000
2018-05-02,2.230000,2.230000
2018-05-08,2.140000,2.140000
2018-05-09,2.110000,2.110000
2018-05-10,2.050000,2.050000
2018-05-11,2.010000,2.010000
2018-05-16,2.010000,2.010000
2018-05-18,2.000000,2.000000
2018-05-21,2.000000,2.000000
2018-05-23,1.870000,1.870000
2018-05-24,1.700000,1.700000
2018-05-25,1.630000,1.630000
2018-05-29,1.630000,1.630000
2018-05-30,1.860000,1.860000
2018-05-31,1.750000,1.750000
2018-06-01,1.730000,1.730000
2018-06-04,1.920000,1.920000
2018-06-05,2.220000,2.220000
2018-06-06,2.140000,2.140000
2018-06-07,2.130000,2.130000
2018-06-08,2.030000,2.030000
2018-06-11,2.150000,2.150000
2018-06-12,2.030000,2.030000
2018-06-13,2.160000,2.160000
2018-06-14,2.000000,2.000000
2018-06-15,1.940000,1.940000
2018-06-18,2.020000,2.020000
2018-06-19,1.970000,1.970000
2018-06-20,2.250000,2.250000
2018-06-21,1.900000,1.900000
2018-06-22,2.020000,2.020000
2018-06-25,2.020000,2.020000
2018-06-27,1.910000,1.910000
2018-06-28,1.840000,1.840000
2018-06-29,2.070000,2.070000
2018-07-02,2.010000,2.010000
2018-07-05,1.800000,1.800000
2018-07-06,1.780000,1.780000
2018-07-09,1.790000,1.790000
2018-07-10,1.810000,1.810000
2018-07-11,1.780000,1.780000
2018-07-13,1.710000,1.710000
2018-07-16,1.870000,1.870000
2018-07-17,1.780000,1.780000
2018-07-18,1.900000,1.900000
2018-07-19,1.850000,1.850000
2018-07-20,1.930000,1.930000
2018-07-23,1.900000,1.900000
2018-07-24,1.790000,1.790000
2018-07-25,1.730000,1.730000
2018-07-26,1.750000,1.750000
2018-07-27,1.750000,1.750000
2018-07-30,1.900000,1.900000
2018-07-31,2.300000,2.300000
2018-08-01,1.950000,1.950000
2018-08-02,1.850000,1.850000
2018-08-03,2.120000,2.120000
2018-08-06,1.810000,1.810000
2018-08-07,1.700000,1.700000
2018-08-08,1.710000,1.710000
2018-08-09,1.710000,1.710000
2018-08-10,1.710000,1.710000
2018-08-13,1.750000,1.750000
2018-08-14,1.720000,1.720000
2018-08-15,1.640000,1.640000
2018-08-16,1.810000,1.810000
2018-08-17,1.860000,1.860000
2018-08-20,1.780000,1.780000
2018-08-21,2.000000,2.000000
2018-08-22,2.330000,2.330000
2018-08-23,2.580000,2.580000
2018-08-24,2.670000,2.670000
2018-08-27,2.750000,2.750000
2018-08-28,2.980000,2.980000
2018-08-29,2.910000,2.910000
2018-08-30,2.940000,2.940000
2018-08-31,2.820000,2.820000
2018-09-04,3.030000,3.030000
2018-09-05,3.070000,3.070000
2018-09-06,3.040000,3.040000
2018-09-07,2.980000,2.980000
2018-09-10,2.820000,2.820000
2018-09-11,2.670000,2.670000
2018-09-12,2.650000,2.650000
2018-09-13,2.810000,2.810000
2018-09-14,2.780000,2.780000
2018-09-17,2.860000,2.860000
2018-09-18,2.790000,2.790000
2018-09-19,2.880000,2.880000
2018-09-20,2.820000,2.820000
2018-09-21,2.980000,2.980000
2018-09-24,2.990000,2.990000
2018-09-25,3.030000,3.030000
2018-09-26,2.940000,2.940000
2018-09-27,2.950000,2.950000
2018-09-28,2.960000,2.960000
2018-10-01,3.920000,3.920000
2018-10-02,4.680000,4.680000
2018-10-03,3.900000,3.900000
2018-10-04,3.540000,3.540000
2018-10-05,3.530000,3.530000
2018-10-08,3.970000,3.970000
2018-10-09,3.560000,3.560000
2018-10-10,3.410000,3.410000
2018-10-11,3.410000,3.410000
2018-10-12,3.410000,3.410000
2018-10-15,3.340000,3.340000
2018-10-16,3.460000,3.460000
2018-10-17,3.620000,3.620000
2018-10-18,3.330000,3.330000
2018-10-19,3.310000,3.310000
2018-10-22,3.300000,3.300000
2018-10-23,3.310000,3.310000
2018-10-24,3.010000,3.010000
2018-10-25,3.010000,3.010000
2018-10-26,3.540000,3.540000
2018-10-29,3.200000,3.200000
2018-10-30,3.370000,3.370000
2018-10-31,3.300000,3.300000
2018-11-01,3.620000,3.620000
2018-11-02,3.490000,3.490000
2018-11-05,3.750000,3.750000
2018-11-06,3.740000,3.740000
2018-11-07,3.710000,3.710000
2018-11-08,3.700000,3.700000
2018-11-09,3.660000,3.660000
2018-11-12,3.460000,3.460000
2018-11-13,3.460000,3.460000
2018-11-14,3.450000,3.450000
2018-11-15,3.330000,3.330000
2018-11-16,3.160000,3.160000
2018-11-19,3.230000,3.230000
2018-11-20,3.120000,3.120000
2018-11-21,3.150000,3.150000
2018-11-26,3.260000,3.260000
2018-11-27,3.360000,3.360000
2018-11-28,3.430000,3.430000
2018-11-29,3.850000,3.850000
2018-11-30,3.810000,3.810000
2018-12-03,3.530000,3.530000
2018-12-04,3.200000,3.200000
2018-12-06,3.150000,3.150000
2018-12-07,3.250000,3.250000
2018-12-10,3.090000,3.090000
2018-12-11,3.100000,3.100000
2018-12-12,3.360000,3.360000
2018-12-13,3.410000,3.410000
2018-12-14,3.210000,3.210000
2018-12-17,3.340000,3.340000
2018-12-18,3.080000,3.080000
2018-12-19,3.120000,3.120000
2018-12-20,3.110000,3.110000
2018-12-21,3.430000,3.430000
2018-12-24,3.460000,3.460000
2018-12-26,3.360000,3.360000
2018-12-27,3.150000,3.150000
2018-12-31,3.640000,3.640000
2019-01-02,3.280000,3.280000
2019-01-03,3.210000,3.210000
2019-01-04,3.150000,3.150000
2019-01-07,3.130000,3.130000
2019-01-08,3.480000,3.480000
2019-01-09,3.230000,3.230000
2019-01-10,3.200000,3.200000
2019-01-11,3.050000,3.050000
2019-01-14,3.300000,3.300000
2019-01-15,3.460000,3.460000
2019-01-16,3.450000,3.450000
2019-01-17,3.240000,3.240000
2019-01-18,3.270000,3.270000
2019-01-22,3.690000,3.690000
2019-01-23,3.540000,3.540000
2019-01-24,3.600000,3.600000
2019-01-25,3.330000,3.330000
2019-01-28,3.410000,3.410000
2019-01-29,3.450000,3.450000
2019-01-30,3.540000,3.540000
2019-01-31,3.850000,3.850000
2019-02-01,3.770000,3.770000
2019-02-04,3.920000,3.920000
2019-02-05,3.880000,3.880000
2019-02-06,3.840000,3.840000
2019-02-07,3.680000,3.680000
2019-02-08,3.830000,3.830000
2019-02-11,3.660000,3.660000
2019-02-12,3.640000,3.640000
2019-02-13,3.810000,3.810000
2019-02-14,3.830000,3.830000
2019-02-15,3.810000,3.810000
2019-02-19,3.800000,3.800000
2019-02-20,3.650000,3.650000
2019-02-21,3.600000,3.600000
2019-02-22,3.830000,3.830000
2019-02-25,3.750000,3.750000
2019-02-26,3.610000,3.610000
2019-02-27,3.750000,3.750000
2019-02-28,3.620000,3.620000
2019-03-01,3.690000,3.690000
2019-03-04,3.650000,3.650000
2019-03-05,3.680000,3.680000
2019-03-06,3.780000,3.780000
2019-03-07,3.610000,3.610000
2019-03-08,3.730000,3.730000
2019-03-11,3.660000,3.660000
2019-03-12,3.600000,3.600000
2019-03-13,3.710000,3.710000
2019-03-14,3.650000,3.650000
2019-03-15,3.700000,3.700000
2019-03-18,3.550000,3.550000
2019-03-19,3.630000,3.630000
2019-03-20,3.630000,3.630000
2019-03-21,3.510000,3.510000
2019-03-22,3.560000,3.560000
2019-03-25,3.550000,3.550000
2019-03-26,3.560000,3.560000
2019-03-27,3.540000,3.540000
2019-03-28,3.570000,3.570000
2019-03-29,3.400000,3.400000
2019-04-01,3.530000,3.530000
2019-04-02,3.570000,3.570000
2019-04-03,3.560000,3.560000
2019-04-04,3.440000,3.440000
2019-04-05,3.530000,3.530000
2019-04-08,3.460000,3.460000
2019-04-09,3.580000,3.580000
2019-04-10,3.600000,3.600000
2019-04-11,3.470000,3.470000
2019-04-12,3.450000,3.450000
2019-04-15,3.390000,3.390000
2019-04-16,3.400000,3.400000
2019-04-17,3.350000,3.350000
2019-04-18,3.350000,3.350000
2019-04-22,3.350000,3.350000
2019-04-23,3.320000,3.320000
2019-04-24,3.350000,3.350000
2019-04-25,3.300000,3.300000
2019-04-26,3.450000,3.450000
2019-04-29,3.470000,3.470000
2019-04-30,3.510000,3.510000
2019-05-01,3.470000,3.470000
2019-05-02,3.480000,3.480000
2019-05-03,3.330000,3.330000
2019-05-06,3.310000,3.310000
2019-05-07,3.340000,3.340000
2019-05-08,3.250000,3.250000
2019-05-09,3.290000,3.290000
2019-05-10,3.230000,3.230000
2019-05-13,3.240000,3.240000
2019-05-14,3.280000,3.280000
2019-05-15,3.390000,3.390000
2019-05-16,3.430000,3.430000
2019-05-17,3.650000,3.650000
2019-05-20,3.690000,3.690000
2019-05-21,3.690000,3.690000
2019-05-22,3.610000,3.610000
2019-05-23,3.610000,3.610000
2019-05-24,3.690000,3.690000
2019-05-28,3.580000,3.580000
2019-05-29,3.470000,3.470000
2019-05-30,3.540000,3.540000
2019-05-31,3.490000,3.490000
2019-06-03,3.640000,3.640000
2019-06-04,3.430000,3.430000
2019-06-05,3.540000,3.540000
2019-06-06,3.540000,3.540000
2019-06-07,3.480000,3.480000
2019-06-10,3.580000,3.580000
2019-06-11,3.580000,3.580000
2019-06-12,3.550000,3.550000
2019-06-13,3.720000,3.720000
2019-06-14,3.730000,3.730000
2019-06-17,3.650000,3.650000
2019-06-18,3.710000,3.710000
2019-06-19,3.820000,3.820000
2019-06-20,3.750000,3.750000
2019-06-21,3.820000,3.820000
2019-06-24,3.930000,3.930000
2019-06-25,3.850000,3.850000
2019-06-26,3.800000,3.800000
2019-06-27,3.950000,3.950000
2019-06-28,4.050000,4.050000
2019-07-01,3.940000,3.940000
2019-07-02,4.030000,4.030000
2019-07-03,4.040000,4.040000
2019-07-05,4.060000,4.060000
2019-07-08,4.020000,4.020000
2019-07-09,4.030000,4.030000
2019-07-10,4.180000,4.180000
2019-07-11,4.120000,4.120000
2019-07-12,4.000000,4.000000
2019-07-15,4.070000,4.070000
2019-07-16,4.270000,4.270000
2019-07-17,4.470000,4.470000
2019-07-18,4.750000,4.750000
2019-07-19,4.610000,4.610000
2019-07-22,4.610000,4.610000
2019-07-23,4.500000,4.500000
2019-07-24,4.710000,4.710000
2019-07-25,4.610000,4.610000
2019-07-26,4.900000,4.900000
2019-07-29,4.940000,4.940000
2019-07-30,4.780000,4.780000
2019-07-31,4.720000,4.720000
2019-08-01,4.950000,4.950000
2019-08-02,4.830000,4.830000
2019-08-05,4.990000,4.990000
2019-08-06,4.990000,4.990000
2019-08-07,5.260000,5.260000
2019-08-08,5.250000,5.250000
2019-08-09,6.040000,6.040000
2019-08-12,5.530000,5.530000
2019-08-13,5.930000,5.930000
2019-08-14,6.270000,6.270000
2019-08-15,6.630000,6.630000
2019-08-16,7.340000,7.340000
2019-08-19,8.180000,8.180000
2019-08-20,8.000000,8.000000
2019-08-21,7.330000,7.330000
2019-08-22,6.590000,6.590000
2019-08-23,5.950000,5.950000
2019-08-26,6.180000,6.180000
2019-08-27,5.790000,5.790000
2019-08-28,5.690000,5.690000
2019-08-29,5.900000,5.900000
2019-08-30,6.360000,6.360000
2019-09-03,7.100000,7.100000
2019-09-04,6.770000,6.770000
2019-09-05,7.050000,7.050000
2019-09-06,7.730000,7.730000
2019-09-09,7.740000,7.740000
2019-09-10,7.320000,7.320000
2019-09-11,8.020000,8.020000
2019-09-12,8.180000,8.180000
2019-09-13,7.900000,7.900000
2019-09-16,7.940000,7.940000
2019-09-17,7.510000,7.510000
2019-09-18,8.230000,8.230000
2019-09-19,8.930000,8.930000
2019-09-20,8.610000,8.610000
2019-09-23,8.940000,8.940000
2019-09-24,9.300000,9.300000
2019-09-25,9.640000,9.640000
2019-09-26,9.600000,9.600000
2019-09-27,8.890000,8.890000
2019-09-30,8.350000,8.350000
2019-10-01,8.270000,8.270000
2019-10-02,7.930000,7.930000
2019-10-03,7.660000,7.660000
2019-10-04,7.610000,7.610000
2019-10-07,7.920000,7.920000
2019-10-08,7.420000,7.420000
2019-10-09,7.480000,7.480000
2019-10-10,7.350000,7.350000
2019-10-11,8.110000,8.110000
2019-10-14,8.580000,8.580000
2019-10-15,7.650000,7.650000
2019-10-16,8.150000,8.150000
2019-10-17,7.830000,7.830000
2019-10-18,7.910000,7.910000
2019-10-21,8.090000,8.090000
2019-10-22,8.210000,8.210000
2019-10-23,7.990000,7.990000
2019-10-24,8.040000,8.040000
2019-10-25,8.000000,8.000000
2019-10-28,7.790000,7.790000
2019-10-29,7.880000,7.880000
2019-10-30,7.880000,7.880000
2019-10-31,7.910000,7.910000
2019-11-01,7.900000,7.900000
2019-11-04,7.840000,7.840000
2019-11-05,7.700000,7.700000
2019-11-06,7.690000,7.690000
2019-11-07,6.950000,6.950000
2019-11-08,6.940000,6.940000
2019-11-11,6.890000,6.890000
2019-11-12,7.020000,7.020000
2019-11-13,7.290000,7.290000
2019-11-14,7.050000,7.050000
2019-11-15,7.480000,7.480000
2019-11-18,7.350000,7.350000
2019-11-19,7.820000,7.820000
2019-11-20,7.600000,7.600000
2019-11-21,7.710000,7.710000
2019-11-22,7.460000,7.460000
2019-11-25,7.550000,7.550000
2019-11-26,7.840000,7.840000
2019-11-27,7.910000,7.910000
2019-11-29,7.950000,7.950000
2019-12-02,7.920000,7.920000
2019-12-03,7.950000,7.950000
2019-12-04,7.760000,7.760000
2019-12-05,7.950000,7.950000
2019-12-06,7.960000,7.960000
2019-12-09,7.890000,7.890000
2019-12-10,8.030000,8.030000
2019-12-11,8.190000,8.190000
2019-12-12,8.350000,8.350000
2019-12-13,8.400000,8.400000
2019-12-16,8.730000,8.730000
2019-12-17,8.400000,8.400000
2019-12-18,8.670000,8.670000
2019-12-19,8.320000,8.320000
2019-12-20,8.340000,8.340000
2019-12-23,8.600000,8.600000
2019-12-24,8.500000,8.500000
2019-12-26,8.570000,8.570000
2019-12-27,8.450000,8.450000
2019-12-30,8.510000,8.510000
2019-12-31,9.010000,9.010000
2020-01-02,9.140000,9.140000
2020-01-03,9.320000,9.320000
2020-01-06,9.500000,9.500000
2020-01-07,9.600000,9.600000
2020-01-08,9.600000,9.600000
2020-01-09,9.620000,9.620000
2020-01-10,10.170000,10.170000
2020-01-13,10.600000,10.600000
2020-01-14,10.980000,10.980000
2020-01-15,10.980000,10.980000
2020-01-16,11.450000,11.450000
2020-01-17,11.790000,11.790000
2020-01-21,12.820000,12.820000
2020-01-22,12.710000,12.710000
2020-01-23,12.990000,12.990000
2020-01-24,12.740000,12.740000
2020-01-27,13.240000,13.240000
2020-01-28,12.950000,12.950000
2020-01-29,13.770000,13.770000
2020-01-30,13.600000,13.600000
2020-01-31,13.960000,13.960000
2020-02-03,13.580000,13.580000
2020-02-04,14.030000,14.030000
2020-02-05,14.940000,14.940000
2020-02-06,15.840000,15.840000
2020-02-07,16.320000,16.320000
2020-02-10,16.400000,16.400000
2020-02-11,17.000000,17.000000
2020-02-12,12.390000,12.390000
2020-02-13,12.650000,12.650000
2020-02-14,11.280000,11.280000
2020-02-18,11.740000,11.740000
2020-02-19,12.910000,12.910000
2020-02-20,15.210000,15.210000
2020-02-21,15.000000,15.000000
2020-02-24,14.700000,14.700000
2020-02-25,14.040000,14.040000
2020-02-26,13.840000,13.840000
2020-02-27,13.310000,13.310000
2020-02-28,13.000000,13.000000
2020-03-02,12.620000,12.620000
2020-03-03,13.170000,13.170000
2020-03-04,14.120000,14.120000
2020-03-05,14.140000,14.140000
2020-03-06,13.890000,13.890000
2020-03-09,12.300000,12.300000
2020-03-10,12.200000,12.200000
2020-03-11,10.980000,10.980000
2020-03-12,7.800000,7.800000
2020-03-13,9.650000,9.650000
2020-03-16,7.680000,7.680000
2020-03-17,6.400000,6.400000
2020-03-18,5.420000,5.420000
2020-03-19,5.350000,5.350000
2020-03-20,5.490000,5.490000
2020-03-23,6.150000,6.150000
2020-03-24,8.380000,8.380000
2020-03-25,10.770000,10.770000
2020-03-26,9.600000,9.600000
2020-03-27,10.030000,10.030000
2020-03-30,10.200000,10.200000
2020-03-31,9.920000,9.920000
2020-04-01,9.110000,9.110000
2020-04-02,9.220000,9.220000
2020-04-03,9.080000,9.080000
2020-04-06,9.780000,9.780000
2020-04-07,10.390000,10.390000
2020-04-08,11.650000,11.650000
2020-04-09,11.500000,11.500000
2020-04-13,10.640000,10.640000
2020-04-14,11.050000,11.050000
2020-04-15,11.170000,11.170000
2020-04-16,11.020000,11.020000
2020-04-17,11.000000,11.000000
2020-04-20,9.900000,9.900000
2020-04-21,10.740000,10.740000
2020-04-22,10.550000,10.550000
2020-04-23,12.350000,12.350000
2020-04-24,12.760000,12.760000
2020-04-27,13.500000,13.500000
2020-04-28,14.850000,14.850000
2020-04-29,16.000000,16.000000
2020-04-30,16.100000,16.100000
2020-05-01,15.500000,15.500000
2020-05-04,16.640000,16.640000
2020-05-05,17.900000,17.900000
2020-05-06,16.600000,16.600000
2020-05-07,17.430000,17.430000
2020-05-08,17.680000,17.680000
2020-05-11,17.340000,17.340000
2020-05-12,17.000000,17.000000
2020-05-13,15.890000,15.890000
2020-05-14,13.480000,13.480000
2020-05-15,13.740000,13.740000
2020-05-18,15.220000,15.220000
2020-05-19,13.890000,13.890000
2020-05-20,14.670000,14.670000
2020-05-21,13.740000,13.740000
2020-05-22,13.800000,13.800000
2020-05-26,13.960000,13.960000
2020-05-27,14.620000,14.620000
2020-05-28,13.850000,13.850000
2020-05-29,14.500000,14.500000
2020-06-01,14.790000,14.790000
2020-06-02,14.900000,14.900000
2020-06-03,14.770000,14.770000
2020-06-04,14.700000,14.700000
2020-06-05,15.000000,15.000000
2020-06-08,13.370000,13.370000
2020-06-09,13.150000,13.150000
2020-06-10,12.150000,12.150000
2020-06-11,12.000000,12.000000
2020-06-12,11.410000,11.410000
2020-06-15,12.000000,12.000000
2020-06-16,13.740000,13.740000
2020-06-17,13.550000,13.550000
2020-06-18,12.000000,12.000000
2020-06-19,12.700000,12.700000
2020-06-22,13.300000,13.300000
2020-06-23,13.420000,13.420000
2020-06-24,14.700000,14.700000
2020-06-25,13.300000,13.300000
2020-06-26,12.010000,12.010000
2020-06-29,10.650000,10.650000
2020-06-30,10.340000,10.340000
2020-07-01,10.290000,10.290000
2020-07-02,10.870000,10.870000
2020-07-06,11.360000,11.360000
2020-07-07,10.600000,10.600000
2020-07-08,10.490000,10.490000
2020-07-09,9.950000,9.950000
2020-07-10,10.210000,10.210000
2020-07-13,9.550000,9.550000
2020-07-14,10.030000,10.030000
2020-07-15,10.630000,10.630000
2020-07-16,10.500000,10.500000
2020-07-17,9.940000,9.940000
2020-07-20,9.710000,9.710000
2020-07-21,10.260000,10.260000
2020-07-22,10.110000,10.110000
2020-07-23,9.900000,9.900000
2020-07-24,9.230000,9.230000
2020-07-27,9.410000,9.410000
2020-07-28,8.680000,8.680000
2020-07-29,8.220000,8.220000
2020-07-30,8.390000,8.390000
2020-07-31,8.170000,8.170000
2020-08-03,8.230000,8.230000
2020-08-04,8.240000,8.240000
2020-08-05,8.070000,8.070000
2020-08-06,7.960000,7.960000
2020-08-07,7.900000,7.900000
2020-08-10,7.820000,7.820000
2020-08-11,7.820000,7.820000
2020-08-12,7.910000,7.910000
2020-08-13,7.990000,7.990000
2020-08-14,8.000000,8.000000
2020-08-17,8.580000,8.580000
2020-08-18,8.650000,8.650000
2020-08-19,8.920000,8.920000
2020-08-20,9.270000,9.270000
2020-08-21,9.700000,9.700000
2020-08-24,9.440000,9.440000
2020-08-25,9.190000,9.190000
2020-08-26,9.040000,9.040000
2020-08-27,8.880000,8.880000
2020-08-28,8.850000,8.850000
2020-08-31,8.500000,8.500000
2020-09-01,9.490000,9.490000
2020-09-02,9.820000,9.820000
2020-09-03,9.820000,9.820000
2020-09-04,10.190000,10.190000
2020-09-08,11.330000,11.330000
2020-09-09,11.330000,11.330000
2020-09-10,11.420000,11.420000
2020-09-11,11.340000,11.340000
2020-09-14,12.070000,12.070000
2020-09-15,11.990000,11.990000
2020-09-16,13.690000,13.690000
2020-09-17,13.700000,13.700000
2020-09-18,12.900000,12.900000
2020-09-21,13.300000,13.300000
2020-09-22,13.470000,13.470000
2020-09-23,13.200000,13.200000
2020-09-24,12.380000,12.380000
2020-09-25,12.270000,12.270000
2020-09-28,12.090000,12.090000
2020-09-29,12.040000,12.040000
2020-09-30,11.900000,11.900000
2020-10-01,12.670000,12.670000
2020-10-02,12.730000,12.730000
2020-10-05,13.300000,13.300000
2020-10-06,13.120000,13.120000
2020-10-07,13.580000,13.580000
2020-10-08,13.710000,13.710000
2020-10-09,13.670000,13.670000
2020-10-12,13.670000,13.670000
2020-10-13,13.250000,13.250000
2020-10-14,12.650000,12.650000
2020-10-15,12.830000,12.830000
2020-10-16,12.110000,12.110000
2020-10-19,12.040000,12.040000
2020-10-20,12.580000,12.580000
2020-10-21,12.420000,12.420000
2020-10-22,12.310000,12.310000
2020-10-23,12.360000,12.360000
2020-10-26,12.220000,12.220000
2020-10-27,12.200000,12.200000
2020-10-28,11.930000,11.930000
2020-10-29,11.560000,11.560000
2020-10-30,11.450000,11.450000
2020-11-02,12.400000,12.400000
2020-11-03,13.490000,13.490000
2020-11-04,13.050000,13.050000
2020-11-05,13.760000,13.760000
2020-11-06,13.430000,13.430000
2020-11-09,14.470000,14.470000
2020-11-10,15.240000,15.240000
2020-11-11,15.300000,15.300000
2020-11-12,13.530000,13.530000
2020-11-13,14.500000,14.500000
2020-11-16,16.290000,16.290000
2020-11-17,16.210000,16.210000
2020-11-18,14.520000,14.520000
2020-11-19,14.320000,14.320000
2020-11-20,14.810000,14.810000
2020-11-23,14.830000,14.830000
2020-11-24,15.670000,15.670000
2020-11-25,15.630000,15.630000
2020-11-27,15.690000,15.690000
2020-11-30,15.000000,15.000000
2020-12-01,15.510000,15.510000
2020-12-02,15.710000,15.710000
2020-12-03,16.390000,16.390000
2020-12-04,17.400000,17.400000
2020-12-07,17.420000,17.420000
2020-12-08,18.460000,18.460000
2020-12-09,19.360000,19.360000
2020-12-10,20.150000,20.150000
2020-12-11,21.630000,21.630000
2020-12-14,19.960000,19.960000
2020-12-15,21.370000,21.370000
2020-12-16,20.230000,20.230000
2020-12-17,24.530000,24.530000
2020-12-18,26.230000,26.230000
2020-12-21,26.930000,26.930000
2020-12-22,28.250000,28.250000
2020-12-23,26.410000,26.410000
2020-12-24,24.010000,24.010000
2020-12-28,23.100000,23.100000
2020-12-29,22.890000,22.890000
2020-12-30,24.450000,24.450000
2020-12-31,24.630000,24.630000
2021-01-04,22.620000,22.620000
2021-01-05,24.510000,24.510000
2021-01-06,24.610000,24.610000
2021-01-07,24.910000,24.910000
2021-01-08,23.860000,23.860000
2021-01-11,23.210000,23.210000
2021-01-12,23.890000,23.890000
2021-01-13,23.230000,23.230000
2021-01-14,24.000000,24.000000
2021-01-15,24.160000,24.160000
2021-01-19,25.110000,25.110000
2021-01-20,25.590000,25.590000
2021-01-21,25.500000,25.500000
2021-01-22,26.460000,26.460000
2021-01-25,25.530000,25.530000
2021-01-26,25.510000,25.510000
2021-01-27,24.070000,24.070000
2021-01-28,26.870000,26.870000
2021-01-29,25.730000,25.730000
2021-02-01,27.280000,27.280000
2021-02-02,28.500000,28.500000
2021-02-03,29.530000,29.530000
2021-02-04,29.820000,29.820000
2021-02-05,29.880000,29.880000
2021-02-08,28.050000,28.050000
2021-02-09,27.260000,27.260000
2021-02-10,27.400000,27.400000
2021-02-11,27.910000,27.910000
2021-02-12,28.270000,28.270000
2021-02-16,29.230000,29.230000
2021-02-17,30.560000,30.560000
2021-02-18,30.820000,30.820000
2021-02-19,32.380000,32.380000
2021-02-22,33.070000,33.070000
2021-02-23,28.890000,28.890000
2021-02-24,27.540000,27.540000
2021-02-25,26.390000,26.390000
2021-02-26,26.280000,26.280000
2021-03-01,27.100000,27.100000
2021-03-02,27.200000,27.200000
2021-03-03,27.820000,27.820000
2021-03-04,27.500000,27.500000
2021-03-05,28.830000,28.830000
2021-03-08,28.940000,28.940000
2021-03-09,30.650000,30.650000
2021-03-10,31.710000,31.710000
2021-03-11,32.500000,32.500000
2021-03-12,32.530000,32.530000
2021-03-15,30.700000,30.700000
2021-03-16,29.500000,29.500000
2021-03-17,31.540000,31.540000
2021-03-18,29.810000,29.810000
2021-03-19,29.850000,29.850000
2021-03-22,30.620000,30.620000
2021-03-23,27.920000,27.920000
2021-03-24,26.510000,26.510000
2021-03-25,27.140000,27.140000
2021-03-26,26.560000,26.560000
2021-03-29,26.190000,26.190000
2021-03-30,27.710000,27.710000
2021-03-31,30.330000,30.330000
2021-04-01,30.420000,30.420000
2021-04-05,28.250000,28.250000
2021-04-06,27.930000,27.930000
2021-04-07,27.260000,27.260000
2021-04-08,28.180000,28.180000
2021-04-09,28.460000,28.460000
2021-04-12,27.990000,27.990000
2021-04-13,28.290000,28.290000
2021-04-14,28.590000,28.590000
2021-04-15,29.930000,29.930000
2021-04-16,32.390000,32.390000
2021-04-19,34.970000,34.970000
2021-04-20,34.000000,34.000000
2021-04-21,35.110000,35.110000
2021-04-22,34.740000,34.740000
2021-04-23,34.950000,34.950000
2021-04-26,32.340000,32.340000
2021-04-27,31.740000,31.740000
2021-04-28,32.010000,32.010000
2021-04-29,31.560000,31.560000
2021-04-30,31.260000,31.260000
2021-05-03,31.590000,31.590000
2021-05-04,32.030000,32.030000
2021-05-05,32.330000,32.330000
2021-05-06,32.940000,32.940000
2021-05-07,34.230000,34.230000
2021-05-10,29.680000,29.680000
2021-05-11,29.490000,29.490000
2021-05-12,28.840000,28.840000
2021-05-13,29.470000,29.470000
2021-05-14,29.740000,29.740000
2021-05-17,32.790000,32.790000
2021-05-18,34.910000,34.910000
2021-05-19,36.990000,36.990000
2021-05-20,37.240000,37.240000
2021-05-21,39.260000,39.260000
2021-05-24,38.330000,38.330000
2021-05-25,39.070000,39.070000
2021-05-26,39.810000,39.810000
2021-05-27,39.680000,39.680000
2021-05-28,39.610000,39.610000
2021-06-01,40.000000,40.000000
2021-06-02,38.150000,38.150000
2021-06-03,38.700000,38.700000
2021-06-04,38.200000,38.200000
2021-06-07,38.550000,38.550000
2021-06-08,39.250000,39.250000
2021-06-09,39.170000,39.170000
2021-06-10,37.980000,37.980000
2021-06-11,39.050000,39.050000
2021-06-14,40.000000,40.000000
2021-06-15,39.500000,39.500000
2021-06-16,40.960000,40.960000
2021-06-17,41.430000,41.430000
2021-06-18,37.150000,37.150000
2021-06-21,37.880000,37.880000
2021-06-22,37.200000,37.200000
2021-06-23,37.180000,37.180000
2021-06-24,38.380000,38.380000
2021-06-25,42.280000,42.280000
2021-06-28,42.990000,42.990000
2021-06-29,43.980000,43.980000
2021-06-30,39.700000,39.700000
2021-07-01,41.660000,41.660000
2021-07-02,41.650000,41.650000
2021-07-06,41.120000,41.120000
2021-07-07,42.520000,42.520000
2021-07-08,40.850000,40.850000
2021-07-09,42.800000,42.800000
2021-07-12,43.990000,43.990000
2021-07-13,43.820000,43.820000
2021-07-14,44.290000,44.290000
2021-07-15,43.470000,43.470000
2021-07-16,41.740000,41.740000
2021-07-19,40.000000,40.000000
2021-07-20,42.860000,42.860000
2021-07-21,44.600000,44.600000
2021-07-22,43.760000,43.760000
2021-07-23,44.570000,44.570000
2021-07-26,43.640000,43.640000
2021-07-27,42.930000,42.930000
2021-07-28,44.120000,44.120000
2021-07-29,44.910000,44.910000
2021-07-30,43.480000,43.480000
2021-08-02,44.040000,44.040000
2021-08-03,44.850000,44.850000
2021-08-04,46.740000,46.740000
2021-08-05,47.320000,47.320000
2021-08-06,47.500000,47.500000
2021-08-09,47.430000,47.430000
2021-08-10,47.410000,47.410000
2021-08-11,47.250000,47.250000
2021-08-12,46.610000,46.610000
2021-08-13,45.860000,45.860000
2021-08-16,48.020000,48.020000
2021-08-17,50.790000,50.790000
2021-08-18,47.590000,47.590000
2021-08-19,46.470000,46.470000
2021-08-20,49.080000,49.080000
2021-08-23,50.750000,50.750000
2021-08-24,52.830000,52.830000
2021-08-25,52.640000,52.640000
2021-08-26,52.840000,52.840000
2021-08-27,56.950000,56.950000
2021-08-30,58.820000,58.820000
2021-08-31,64.200000,64.200000
2021-09-01,60.490000,60.490000
2021-09-02,60.530000,60.530000
2021-09-03,59.950000,59.950000
2021-09-07,57.770000,57.770000
2021-09-08,55.970000,55.970000
2021-09-09,54.940000,54.940000
2021-09-10,54.140000,54.140000
2021-09-13,52.980000,52.980000
2021-09-14,51.250000,51.250000
2021-09-15,51.780000,51.780000
2021-09-16,50.140000,50.140000
2021-09-17,49.300000,49.300000
2021-09-20,48.410000,48.410000
2021-09-21,50.670000,50.670000
2021-09-22,51.850000,51.850000
2021-09-23,52.200000,52.200000
2021-09-24,51.770000,51.770000
2021-09-27,53.750000,53.750000
2021-09-28,51.990000,51.990000
2021-09-29,52.100000,52.100000
2021-09-30,53.060000,53.060000
2021-10-01,54.490000,54.490000
2021-10-04,53.140000,53.140000
2021-10-05,54.510000,54.510000
2021-10-06,55.120000,55.120000
2021-10-07,56.430000,56.430000
2021-10-08,54.300000,54.300000
2021-10-11,54.500000,54.500000
2021-10-12,58.500000,58.500000
2021-10-13,59.490000,59.490000
2021-10-14,60.900000,60.900000
2021-10-15,62.300000,62.300000
2021-10-18,66.840000,66.840000
2021-10-19,65.680000,65.680000
2021-10-20,68.580000,68.580000
2021-10-21,67.620000,67.620000
2021-10-22,70.480000,70.480000
2021-10-25,70.340000,70.340000
2021-10-26,71.820000,71.820000
2021-10-27,70.580000,70.580000
2021-10-28,73.480000,73.480000
2021-10-29,77.490000,77.490000
2021-11-01,82.170000,82.170000
2021-11-02,83.170000,83.170000
2021-11-03,87.340000,87.340000
2021-11-04,81.400000,81.400000
2021-11-05,85.440000,85.440000
2021-11-08,80.500000,80.500000
2021-11-09,84.830000,84.830000
2021-11-10,78.290000,78.290000
2021-11-11,82.460000,82.460000
2021-11-12,78.430000,78.430000
2021-11-15,75.810000,75.810000
2021-11-16,75.130000,75.130000
2021-11-17,75.270000,75.270000
2021-11-18,69.300000,69.300000
2021-11-19,67.650000,67.650000
2021-11-22,67.060000,67.060000
2021-11-23,66.120000,66.120000
2021-11-24,64.800000,64.800000
2021-11-26,62.730000,62.730000
2021-11-29,62.560000,62.560000
2021-11-30,59.430000,59.430000
2021-12-01,59.390000,59.390000
2021-12-02,61.080000,61.080000
2021-12-03,56.390000,56.390000
2021-12-06,56.860000,56.860000
2021-12-07,59.090000,59.090000
2021-12-08,58.350000,58.350000
2021-12-09,58.390000,58.390000
2021-12-10,59.270000,59.270000
2021-12-13,58.450000,58.450000
2021-12-14,58.960000,58.960000
2021-12-15,61.420000,61.420000
2021-12-16,59.660000,59.660000
2021-12-17,61.460000,61.460000
2021-12-20,60.590000,60.590000
2021-12-21,64.200000,64.200000
2021-12-22,65.870000,65.870000
2021-12-23,67.760000,67.760000
2021-12-27,71.530000,71.530000
2021-12-28,70.730000,70.730000
2021-12-29,69.070000,69.070000
2021-12-30,72.470000,72.470000
2021-12-31,71.320000,71.320000
2022-01-03,69.500000,69.500000
2022-01-04,66.120000,66.120000
2022-01-05,65.000000,65.000000
2022-01-06,65.930000,65.930000
2022-01-07,67.060000,67.060000
2022-01-10,68.820000,68.820000
2022-01-11,70.670000,70.670000
2022-01-12,69.000000,69.000000
2022-01-13,69.890000,69.890000
2022-01-14,71.910000,71.910000
2022-01-18,68.700000,68.700000
2022-01-19,64.200000,64.200000
2022-01-20,64.460000,64.460000
2022-01-21,62.510000,62.510000
2022-01-24,64.180000,64.180000
2022-01-25,64.870000,64.870000
2022-01-26,65.600000,65.600000
2022-01-27,63.300000,63.300000
2022-01-28,64.120000,64.120000
2022-01-31,64.310000,64.310000
2022-02-01,66.630000,66.630000
2022-02-02,62.730000,62.730000
2022-02-03,61.850000,61.850000
2022-02-04,63.320000,63.320000
2022-02-07,65.560000,65.560000
2022-02-08,69.330000,69.330000
2022-02-09,71.660000,71.660000
2022-02-10,69.950000,69.950000
2022-02-11,68.340000,68.340000
2022-02-14,67.740000,67.740000
2022-02-15,68.780000,68.780000
2022-02-16,69.780000,69.780000
2022-02-17,64.880000,64.880000
2022-02-18,61.340000,61.340000
2022-02-22,59.430000,59.430000
2022-02-23,54.990000,54.990000
2022-02-24,54.340000,54.340000
2022-02-25,56.440000,56.440000
2022-02-28,53.270000,53.270000
2022-03-01,48.970000,48.970000
2022-03-02,52.500000,52.500000
2022-03-03,50.340000,50.340000
2022-03-04,48.680000,48.680000
2022-03-07,45.840000,45.840000
2022-03-08,46.520000,46.520000
2022-03-09,47.360000,47.360000
2022-03-10,46.480000,46.480000
2022-03-11,46.410000,46.410000
2022-03-14,45.580000,45.580000
2022-03-15,48.310000,48.310000
2022-03-16,53.330000,53.330000
2022-03-17,56.280000,56.280000
2022-03-18,60.480000,60.480000
2022-03-21,54.600000,54.600000
2022-03-22,56.420000,56.420000
2022-03-23,55.270000,55.270000
2022-03-24,55.100000,55.100000
2022-03-25,53.120000,53.120000
2022-03-28,53.510000,53.510000
2022-03-29,56.230000,56.230000
2022-03-30,52.890000,52.890000
2022-03-31,51.790000,51.790000
2022-04-01,51.450000,51.450000
2022-04-04,52.090000,52.090000
2022-04-05,51.160000,51.160000
2022-04-06,46.970000,46.970000
2022-04-07,46.640000,46.640000
2022-04-08,46.800000,46.800000
2022-04-11,46.050000,46.050000
2022-04-12,45.330000,45.330000
2022-04-13,46.240000,46.240000
2022-04-14,44.080000,44.080000
2022-04-18,45.190000,45.190000
2022-04-19,47.730000,47.730000
2022-04-20,46.610000,46.610000
2022-04-21,45.380000,45.380000
2022-04-22,44.200000,44.200000
2022-04-25,45.040000,45.040000
2022-04-26,42.750000,42.750000
2022-04-27,43.710000,43.710000
2022-04-28,45.070000,45.070000
2022-04-29,43.040000,43.040000
2022-05-02,45.860000,45.860000
2022-05-03,46.350000,46.350000
2022-05-04,47.400000,47.400000
2022-05-05,44.800000,44.800000
2022-05-06,43.460000,43.460000
2022-05-09,40.900000,40.900000
2022-05-10,40.370000,40.370000
2022-05-11,31.980000,31.980000
2022-05-12,34.660000,34.660000
2022-05-13,35.250000,35.250000
2022-05-16,32.550000,32.550000
2022-05-17,35.290000,35.290000
2022-05-18,35.120000,35.120000
2022-05-19,34.640000,34.640000
2022-05-20,35.160000,35.160000
2022-05-23,35.200000,35.200000
2022-05-24,34.060000,34.060000
2022-05-25,35.710000,35.710000
2022-05-26,37.400000,37.400000
2022-05-27,39.690000,39.690000
2022-05-31,38.910000,38.910000
2022-06-01,37.200000,37.200000
2022-06-02,38.470000,38.470000
2022-06-03,39.000000,39.000000
2022-06-06,38.980000,38.980000
2022-06-07,40.200000,40.200000
2022-06-08,38.350000,38.350000
2022-06-09,37.620000,37.620000
2022-06-10,36.880000,36.880000
2022-06-13,34.530000,34.530000
2022-06-14,34.080000,34.080000
2022-06-15,33.950000,33.950000
2022-06-16,32.010000,32.010000
2022-06-17,33.790000,33.790000
2022-06-21,34.290000,34.290000
2022-06-22,34.120000,34.120000
2022-06-23,34.510000,34.510000
2022-06-24,36.540000,36.540000
2022-06-27,36.690000,36.690000
2022-06-28,35.970000,35.970000
2022-06-29,35.160000,35.160000
2022-06-30,35.170000,35.170000
2022-07-01,36.730000,36.730000
2022-07-05,39.090000,39.090000
2022-07-06,38.390000,38.390000
2022-07-07,39.570000,39.570000
2022-07-08,38.770000,38.770000
2022-07-11,38.020000,38.020000
2022-07-12,38.870000,38.870000
2022-07-13,38.820000,38.820000
2022-07-14,39.400000,39.400000
2022-07-15,39.270000,39.270000
2022-07-18,39.070000,39.070000
2022-07-19,40.920000,40.920000
2022-07-20,41.770000,41.770000
2022-07-21,42.490000,42.490000
2022-07-22,41.450000,41.450000
2022-07-25,41.930000,41.930000
2022-07-26,40.360000,40.360000
2022-07-27,40.380000,40.380000
2022-07-28,38.430000,38.430000
2022-07-29,38.640000,38.640000
2022-08-01,39.250000,39.250000
2022-08-02,40.170000,40.170000
2022-08-03,39.300000,39.300000
2022-08-04,40.230000,40.230000
2022-08-05,38.880000,38.880000
2022-08-08,40.150000,40.150000
2022-08-09,38.440000,38.440000
2022-08-10,38.530000,38.530000
2022-08-11,37.740000,37.740000
2022-08-12,37.330000,37.330000
2022-08-15,37.470000,37.470000
2022-08-16,35.930000,35.930000
2022-08-17,34.090000,34.090000
2022-08-18,34.350000,34.350000
2022-08-19,32.640000,32.640000
2022-08-22,31.550000,31.550000
2022-08-23,32.600000,32.600000
2022-08-24,32.360000,32.360000
2022-08-25,33.090000,33.090000
2022-08-26,32.850000,32.850000
2022-08-29,32.440000,32.440000
2022-08-30,30.470000,30.470000
2022-08-31,28.470000,28.470000
2022-09-01,27.970000,27.970000
2022-09-02,27.490000,27.490000
2022-09-06,28.520000,28.520000
2022-09-07,29.690000,29.690000
2022-09-08,29.290000,29.290000
2022-09-09,30.600000,30.600000
2022-09-12,31.070000,31.070000
2022-09-13,28.390000,28.390000
2022-09-14,28.660000,28.660000
2022-09-15,29.690000,29.690000
2022-09-16,30.120000,30.120000
2022-09-19,29.560000,29.560000
2022-09-20,27.840000,27.840000
2022-09-21,27.200000,27.200000
2022-09-22,26.610000,26.610000
2022-09-23,25.870000,25.870000
2022-09-26,24.500000,24.500000
2022-09-27,25.780000,25.780000
2022-09-28,26.910000,26.910000
2022-09-29,26.040000,26.040000
2022-09-30,26.230000,26.230000
2022-10-03,26.540000,26.540000
2022-10-04,27.460000,27.460000
2022-10-05,28.340000,28.340000
2022-10-06,27.450000,27.450000
2022-10-07,26.390000,26.390000
2022-10-10,25.950000,25.950000
2022-10-11,26.860000,26.860000
2022-10-12,25.960000,25.960000
2022-10-13,26.720000,26.720000
2022-10-14,25.510000,25.510000
2022-10-17,26.720000,26.720000
2022-10-18,26.450000,26.450000
2022-10-19,24.720000,24.720000
2022-10-20,24.010000,24.010000
2022-10-21,24.000000,24.000000
2022-10-24,24.650000,24.650000
2022-10-25,26.970000,26.970000
2022-10-26,27.110000,27.110000
2022-10-27,28.040000,28.040000
2022-10-28,29.440000,29.440000
2022-10-31,28.560000,28.560000
2022-11-01,28.000000,28.000000
2022-11-02,26.520000,26.520000
2022-11-03,25.730000,25.730000
2022-11-04,24.810000,24.810000
2022-11-07,26.110000,26.110000
2022-11-08,25.750000,25.750000
2022-11-09,24.900000,24.900000
2022-11-10,27.090000,27.090000
2022-11-11,29.640000,29.640000
2022-11-14,28.400000,28.400000
2022-11-15,28.750000,28.750000
2022-11-16,27.650000,27.650000
2022-11-17,28.440000,28.440000
2022-11-18,28.040000,28.040000
2022-11-21,27.010000,27.010000
2022-11-22,27.600000,27.600000
2022-11-23,27.200000,27.200000
2022-11-25,27.420000,27.420000
2022-11-28,27.540000,27.540000
2022-11-29,27.550000,27.550000
2022-11-30,28.800000,28.800000
2022-12-01,28.430000,28.430000
2022-12-02,28.410000,28.410000
2022-12-05,28.600000,28.600000
2022-12-06,27.540000,27.540000
2022-12-07,27.150000,27.150000
2022-12-08,27.320000,27.320000
2022-12-09,26.800000,26.800000
2022-12-12,26.500000,26.500000
2022-12-13,28.900000,28.900000
2022-12-14,27.600000,27.600000
2022-12-15,26.250000,26.250000
2022-12-16,23.150000,23.150000
2022-12-19,23.850000,23.850000
2022-12-20,23.990000,23.990000
2022-12-21,25.260000,25.260000
2022-12-22,24.170000,24.170000
2022-12-23,24.070000,24.070000
2022-12-27,24.550000,24.550000
2022-12-28,25.060000,25.060000
2022-12-29,26.310000,26.310000
2022-12-30,26.200000,26.200000
2023-01-03,25.920000,25.920000
2023-01-04,27.130000,27.130000
2023-01-05,27.360000,27.360000
2023-01-06,28.580000,28.580000
2023-01-09,28.540000,28.540000
2023-01-10,29.420000,29.420000
2023-01-11,30.320000,30.320000
2023-01-12,30.130000,30.130000
2023-01-13,29.830000,29.830000
2023-01-17,29.700000,29.700000
2023-01-18,29.870000,29.870000
2023-01-19,29.400000,29.400000
2023-01-20,30.650000,30.650000
2023-01-23,30.640000,30.640000
2023-01-24,30.020000,30.020000
2023-01-25,30.780000,30.780000
2023-01-26,31.370000,31.370000
2023-01-27,31.340000,31.340000
2023-01-30,31.390000,31.390000
2023-01-31,32.500000,32.500000
2023-02-01,31.900000,31.900000
2023-02-02,35.880000,35.880000
2023-02-03,35.400000,35.400000
2023-02-06,33.710000,33.710000
2023-02-07,35.440000,35.440000
2023-02-08,34.610000,34.610000
2023-02-09,34.420000,34.420000
2023-02-10,32.900000,32.900000
2023-02-13,34.160000,34.160000
2023-02-14,33.240000,33.240000
2023-02-15,35.110000,35.110000
2023-02-16,35.940000,35.940000
2023-02-17,37.000000,37.000000
2023-02-21,33.890000,33.890000
2023-02-22,33.910000,33.910000
2023-02-23,33.490000,33.490000
2023-02-24,31.800000,31.800000
2023-02-27,32.060000,32.060000
2023-02-28,32.050000,32.050000
2023-03-01,32.750000,32.750000
2023-03-02,32.070000,32.070000
2023-03-03,32.510000,32.510000
2023-03-06,30.380000,30.380000
2023-03-07,30.190000,30.190000
2023-03-08,30.280000,30.280000
2023-03-09,28.580000,28.580000
2023-03-10,26.900000,26.900000
2023-03-13,25.080000,25.080000
2023-03-14,26.020000,26.020000
2023-03-15,24.520000,24.520000
2023-03-16,24.170000,24.170000
2023-03-17,21.920000,21.920000
2023-03-20,22.800000,22.800000
2023-03-21,25.480000,25.480000
2023-03-22,24.900000,24.900000
2023-03-23,24.890000,24.890000
2023-03-24,25.560000,25.560000
2023-03-27,26.030000,26.030000
2023-03-28,26.630000,26.630000
2023-03-29,27.850000,27.850000
2023-03-30,27.370000,27.370000
2023-03-31,27.130000,27.130000
2023-04-03,26.990000,26.990000
2023-04-04,26.630000,26.630000
2023-04-05,26.910000,26.910000
2023-04-06,27.520000,27.520000
2023-04-10,27.840000,27.840000
2023-04-11,28.120000,28.120000
2023-04-12,28.060000,28.060000
2023-04-13,28.370000,28.370000
2023-04-14,28.640000,28.640000
2023-04-17,28.880000,28.880000
2023-04-18,29.080000,29.080000
2023-04-19,28.730000,28.730000
2023-04-20,28.890000,28.890000
2023-04-21,29.030000,29.030000
2023-04-24,28.540000,28.540000
2023-04-25,27.580000,27.580000
2023-04-26,27.180000,27.180000
2023-04-27,28.730000,28.730000
2023-04-28,29.160000,29.160000
2023-05-01,28.590000,28.590000
2023-05-02,27.720000,27.720000
2023-05-03,27.220000,27.220000
2023-05-04,26.780000,26.780000
2023-05-05,28.300000,28.300000
2023-05-08,28.050000,28.050000
2023-05-09,29.140000,29.140000
2023-05-10,28.800000,28.800000
2023-05-11,29.310000,29.310000
2023-05-12,29.440000,29.440000
2023-05-15,29.360000,29.360000
2023-05-16,28.500000,28.500000
2023-05-17,28.830000,28.830000
2023-05-18,30.680000,30.680000
2023-05-19,31.990000,31.990000
2023-05-22,33.900000,33.900000
2023-05-23,33.790000,33.790000
2023-05-24,33.810000,33.810000
2023-05-25,33.680000,33.680000
2023-05-26,35.750000,35.750000
2023-05-30,34.240000,34.240000
2023-05-31,34.960000,34.960000
2023-06-01,34.800000,34.800000
2023-06-02,36.250000,36.250000
2023-06-05,36.180000,36.180000
2023-06-06,38.070000,38.070000
2023-06-07,39.210000,39.210000
2023-06-08,38.100000,38.100000
2023-06-09,37.010000,37.010000
2023-06-12,38.200000,38.200000
2023-06-13,38.910000,38.910000
2023-06-14,40.660000,40.660000
2023-06-15,42.970000,42.970000
2023-06-16,38.800000,38.800000
2023-06-20,39.040000,39.040000
2023-06-21,40.080000,40.080000
2023-06-22,40.600000,40.600000
2023-06-23,40.190000,40.190000
2023-06-26,40.320000,40.320000
2023-06-27,42.090000,42.090000
2023-06-28,42.340000,42.340000
2023-06-29,42.540000,42.540000
2023-06-30,42.010000,42.010000
2023-07-03,42.520000,42.520000
2023-07-05,41.050000,41.050000
2023-07-06,39.350000,39.350000
2023-07-07,40.800000,40.800000
2023-07-10,41.000000,41.000000
2023-07-11,41.700000,41.700000
2023-07-12,40.970000,40.970000
2023-07-13,42.070000,42.070000
2023-07-14,42.030000,42.030000
2023-07-17,42.440000,42.440000
2023-07-18,42.680000,42.680000
2023-07-19,42.570000,42.570000
2023-07-20,41.750000,41.750000
2023-07-21,40.530000,40.530000
2023-07-24,41.010000,41.010000
2023-07-25,40.420000,40.420000
2023-07-26,40.030000,40.030000
2023-07-27,39.580000,39.580000
2023-07-28,40.020000,40.020000
2023-07-31,40.700000,40.700000
2023-08-01,39.520000,39.520000
2023-08-02,37.700000,37.700000
2023-08-03,38.010000,38.010000
2023-08-04,37.940000,37.940000
2023-08-07,38.310000,38.310000
2023-08-08,35.870000,35.870000
2023-08-09,35.360000,35.360000
2023-08-10,37.170000,37.170000
2023-08-11,35.780000,35.780000
2023-08-14,35.800000,35.800000
2023-08-15,35.740000,35.740000
2023-08-16,34.050000,34.050000
2023-08-17,33.720000,33.720000
2023-08-18,34.680000,34.680000
2023-08-21,35.010000,35.010000
2023-08-22,34.500000,34.500000
2023-08-23,35.390000,35.390000
2023-08-24,35.060000,35.060000
2023-08-25,34.500000,34.500000
2023-08-28,34.240000,34.240000
2023-08-29,35.300000,35.300000
2023-08-30,34.990000,34.990000
2023-08-31,34.900000,34.900000
2023-09-01,34.610000,34.610000
2023-09-05,33.200000,33.200000
2023-09-06,32.740000,32.740000
2023-09-07,32.620000,32.620000
2023-09-08,32.660000,32.660000
2023-09-11,32.500000,32.500000
2023-09-12,32.400000,32.400000
2023-09-13,31.430000,31.430000
2023-09-14,32.070000,32.070000
2023-09-15,30.780000,30.780000
2023-09-18,29.600000,29.600000
2023-09-19,29.010000,29.010000
2023-09-20,28.320000,28.320000
2023-09-21,28.810000,28.810000
2023-09-22,29.870000,29.870000
2023-09-25,30.590000,30.590000
2023-09-26,30.400000,30.400000
2023-09-27,30.390000,30.390000
2023-09-28,30.330000,30.330000
2023-09-29,30.310000,30.310000
2023-10-02,29.410000,29.410000
2023-10-03,28.480000,28.480000
2023-10-04,30.130000,30.130000
2023-10-05,29.550000,29.550000
2023-10-06,29.390000,29.390000
2023-10-09,29.440000,29.440000
2023-10-10,29.430000,29.430000
2023-10-11,29.600000,29.600000
2023-10-12,30.090000,30.090000
2023-10-13,28.190000,28.190000
2023-10-16,30.190000,30.190000
2023-10-17,30.790000,30.790000
2023-10-18,30.220000,30.220000
2023-10-19,29.500000,29.500000
2023-10-20,29.370000,29.370000
2023-10-23,29.000000,29.000000
2023-10-24,28.700000,28.700000
2023-10-25,27.480000,27.480000
2023-10-26,28.410000,28.410000
2023-10-27,28.640000,28.640000
2023-10-30,28.970000,28.970000
2023-10-31,29.260000,29.260000
2023-11-01,28.820000,28.820000
2023-11-02,29.710000,29.710000
2023-11-03,30.000000,30.000000
2023-11-06,30.890000,30.890000
2023-11-07,31.280000,31.280000
2023-11-08,31.800000,31.800000
2023-11-09,30.530000,30.530000
2023-11-10,30.860000,30.860000
2023-11-13,30.130000,30.130000
2023-11-14,32.790000,32.790000
2023-11-15,31.410000,31.410000
2023-11-16,30.840000,30.840000
2023-11-17,30.900000,30.900000
2023-11-20,31.190000,31.190000
2023-11-21,30.320000,30.320000
2023-11-22,30.910000,30.910000
2023-11-24,31.060000,31.060000
2023-11-27,30.690000,30.690000
2023-11-28,30.800000,30.800000
2023-11-29,30.810000,30.810000
2023-11-30,30.870000,30.870000
2023-12-01,31.320000,31.320000
2023-12-04,32.150000,32.150000
2023-12-05,30.740000,30.740000
2023-12-06,30.890000,30.890000
2023-12-07,31.500000,31.500000
2023-12-08,31.950000,31.950000
2023-12-11,31.780000,31.780000
2023-12-12,31.520000,31.520000
2023-12-13,32.730000,32.730000
2023-12-14,35.180000,35.180000
2023-12-15,35.450000,35.450000
2023-12-18,35.680000,35.680000
2023-12-19,36.980000,36.980000
2023-12-20,36.590000,36.590000
2023-12-21,36.170000,36.170000
2023-12-22,36.820000,36.820000
2023-12-26,38.730000,38.730000
2023-12-27,38.700000,38.700000
2023-12-28,38.690000,38.690000
2023-12-29,38.670000,38.670000
2024-01-02,37.680000,37.680000
2024-01-03,35.740000,35.740000
2024-01-04,34.630000,34.630000
2024-01-05,35.510000,35.510000
2024-01-08,35.770000,35.770000
2024-01-09,35.520000,35.520000
2024-01-10,35.860000,35.860000
2024-01-11,35.350000,35.350000
2024-01-12,35.610000,35.610000
2024-01-16,35.520000,35.520000
2024-01-17,35.200000,35.200000
2024-01-18,34.610000,34.610000
2024-01-19,35.000000,35.000000
2024-01-22,35.940000,35.940000
2024-01-23,35.000000,35.000000
2024-01-24,34.160000,34.160000
2024-01-25,36.000000,36.000000
2024-01-26,36.020000,36.020000
2024-01-29,36.630000,36.630000
2024-01-30,36.810000,36.810000
2024-01-31,34.690000,34.690000
2024-02-01,34.780000,34.780000
2024-02-02,34.230000,34.230000
2024-02-05,32.960000,32.960000
2024-02-06,32.760000,32.760000
2024-02-07,32.050000,32.050000
2024-02-08,32.280000,32.280000
2024-02-09,32.480000,32.480000
2024-02-12,32.310000,32.310000
2024-02-13,30.680000,30.680000
2024-02-14,33.500000,33.500000
2024-02-15,34.530000,34.530000
2024-02-16,33.440000,33.440000
2024-02-20,33.210000,33.210000
2024-02-21,33.700000,33.700000
2024-02-22,34.120000,34.120000
2024-02-23,33.000000,33.000000
2024-02-26,33.060000,33.060000
2024-02-27,33.560000,33.560000
2024-02-28,32.800000,32.800000
2024-02-29,33.150000,33.150000
2024-03-01,33.000000,33.000000
2024-03-04,31.960000,31.960000
2024-03-05,30.320000,30.320000
2024-03-06,31.100000,31.100000
2024-03-07,30.920000,30.920000
2024-03-08,30.750000,30.750000
2024-03-11,31.010000,31.010000
2024-03-12,30.350000,30.350000
2024-03-13,30.080000,30.080000
2024-03-14,30.010000,30.010000
2024-03-15,30.110000,30.110000
2024-03-18,29.880000,29.880000
2024-03-19,29.940000,29.940000
2024-03-20,30.990000,30.990000
2024-03-21,31.130000,31.130000
2024-03-22,30.110000,30.110000
2024-03-25,29.350000,29.350000
2024-03-26,28.660000,28.660000
2024-03-27,30.500000,30.500000
2024-03-28,29.590000,29.590000
2024-04-01,29.000000,29.000000
2024-04-02,28.680000,28.680000
2024-04-03,28.760000,28.760000
2024-04-04,28.860000,28.860000
2024-04-05,28.850000,28.850000
2024-04-08,28.680000,28.680000
2024-04-09,28.210000,28.210000
2024-04-10,27.660000,27.660000
2024-04-11,27.450000,27.450000
2024-04-12,27.330000,27.330000
2024-04-15,26.150000,26.150000
2024-04-16,26.110000,26.110000
2024-04-17,25.550000,25.550000
2024-04-18,24.500000,24.500000
2024-04-19,24.340000,24.340000
2024-04-22,23.450000,23.450000
2024-04-23,24.260000,24.260000
2024-04-24,24.880000,24.880000
2024-04-25,26.100000,26.100000
2024-04-26,27.110000,27.110000
2024-04-29,27.450000,27.450000
2024-04-30,26.450000,26.450000
2024-05-01,26.760000,26.760000
2024-05-02,26.810000,26.810000
2024-05-03,27.030000,27.030000
2024-05-06,27.450000,27.450000
2024-05-07,27.820000,27.820000
2024-05-08,28.190000,28.190000
2024-05-09,28.920000,28.920000
2024-05-10,28.910000,28.910000
2024-05-13,28.160000,28.160000
2024-05-14,27.200000,27.200000
2024-05-15,25.370000,25.370000
2024-05-16,23.940000,23.940000
2024-05-17,24.160000,24.160000
2024-05-20,24.900000,24.900000
2024-05-21,25.350000,25.350000
2024-05-22,24.900000,24.900000
2024-05-23,24.980000,24.980000
2024-05-24,25.480000,25.480000
2024-05-28,26.880000,26.880000
2024-05-29,25.690000,25.690000
2024-05-30,26.040000,26.040000
2024-05-31,25.700000,25.700000
2024-06-03,26.200000,26.200000
2024-06-04,26.450000,26.450000
2024-06-05,26.950000,26.950000
2024-06-06,26.440000,26.440000
2024-06-07,26.620000,26.620000
2024-06-10,26.660000,26.660000
2024-06-11,26.970000,26.970000
2024-06-12,26.980000,26.980000
2024-06-13,26.660000,26.660000
2024-06-14,26.500000,26.500000
2024-06-17,27.530000,27.530000
2024-06-18,27.540000,27.540000
2024-06-20,27.290000,27.290000
2024-06-21,27.760000,27.760000
2024-06-24,27.450000,27.450000
2024-06-25,26.120000,26.120000
2024-06-26,26.240000,26.240000
2024-06-27,26.910000,26.910000
2024-06-28,28.180000,28.180000
2024-07-01,28.520000,28.520000
2024-07-02,30.100000,30.100000
2024-07-03,30.350000,30.350000
2024-07-05,30.300000,30.300000
2024-07-08,30.820000,30.820000
2024-07-09,31.270000,31.270000
2024-07-10,32.080000,32.080000
2024-07-11,33.220000,33.220000
2024-07-12,33.500000,33.500000
2024-07-15,33.650000,33.650000
2024-07-16,35.770000,35.770000
2024-07-17,35.180000,35.180000
2024-07-18,34.200000,34.200000
2024-07-19,33.300000,33.300000
2024-07-22,34.240000,34.240000
2024-07-23,35.090000,35.090000
2024-07-24,34.630000,34.630000
2024-07-25,35.990000,35.990000
2024-07-26,35.560000,35.560000
2024-07-29,35.300000,35.300000
2024-07-30,35.540000,35.540000
2024-07-31,35.770000,35.770000
2024-08-01,34.200000,34.200000
2024-08-02,30.370000,30.370000
2024-08-05,29.030000,29.030000
2024-08-06,30.260000,30.260000
2024-08-07,28.990000,28.990000
2024-08-08,30.800000,30.800000
2024-08-09,30.470000,30.470000
2024-08-12,31.200000,31.200000
2024-08-13,32.480000,32.480000
2024-08-14,31.770000,31.770000
2024-08-15,32.920000,32.920000
2024-08-16,32.830000,32.830000
2024-08-19,33.960000,33.960000
2024-08-20,32.900000,32.900000
2024-08-21,32.860000,32.860000
2024-08-22,33.310000,33.310000
2024-08-23,34.970000,34.970000
2024-08-26,34.750000,34.750000
2024-08-27,34.780000,34.780000
2024-08-28,34.720000,34.720000
2024-08-29,35.380000,35.380000
2024-08-30,35.350000,35.350000
2024-09-03,32.870000,32.870000
2024-09-04,33.110000,33.110000
2024-09-05,32.640000,32.640000
2024-09-06,31.380000,31.380000
2024-09-09,30.740000,30.740000
2024-09-10,30.560000,30.560000
2024-09-11,30.780000,30.780000
2024-09-12,30.780000,30.780000
2024-09-13,31.400000,31.400000
2024-09-16,31.550000,31.550000
2024-09-17,34.230000,34.230000
2024-09-18,34.480000,34.480000
2024-09-19,35.550000,35.550000
2024-09-20,34.990000,34.990000
2024-09-23,34.420000,34.420000
2024-09-24,34.630000,34.630000
2024-09-25,34.200000,34.200000
2024-09-26,34.060000,34.060000
2024-09-27,34.820000,34.820000
2024-09-30,35.080000,35.080000
2024-10-01,34.240000,34.240000
2024-10-02,34.490000,34.490000
2024-10-03,34.200000,34.200000
2024-10-04,34.920000,34.920000
2024-10-07,34.350000,34.350000
2024-10-08,35.170000,35.170000
2024-10-09,34.980000,34.980000
2024-10-10,34.520000,34.520000
2024-10-11,35.580000,35.580000
2024-10-14,35.640000,35.640000
2024-10-15,35.680000,35.680000
2024-10-16,36.280000,36.280000
2024-10-17,37.410000,37.410000
2024-10-18,37.390000,37.390000
2024-10-21,36.810000,36.810000
2024-10-22,36.920000,36.920000
2024-10-23,37.010000,37.010000
2024-10-24,36.860000,36.860000
2024-10-25,36.440000,36.440000
2024-10-28,37.190000,37.190000
2024-10-29,37.650000,37.650000
2024-10-30,37.610000,37.610000
2024-10-31,37.190000,37.190000
2024-11-01,37.280000,37.280000
2024-11-04,37.240000,37.240000
2024-11-05,37.900000,37.900000
2024-11-06,41.770000,41.770000
2024-11-07,42.210000,42.210000
2024-11-08,44.670000,44.670000
2024-11-11,44.170000,44.170000
2024-11-12,44.500000,44.500000
2024-11-13,46.180000,46.180000
2024-11-14,49.200000,49.200000
2024-11-15,48.580000,48.580000
2024-11-18,49.590000,49.590000
2024-11-19,50.700000,50.700000
2024-11-20,51.470000,51.470000
2024-11-21,54.300000,54.300000
2024-11-22,55.160000,55.160000
2024-11-25,57.010000,57.010000
2024-11-26,57.220000,57.220000
2024-11-27,58.730000,58.730000
2024-11-29,58.260000,58.260000
2024-12-02,59.150000,59.150000
2024-12-03,62.270000,62.270000
2024-12-04,64.100000,64.100000
2024-12-05,60.800000,60.800000
2024-12-06,63.200000,63.200000
2024-12-09,61.230000,61.230000
2024-12-10,60.250000,60.250000
2024-12-11,61.980000,61.980000
2024-12-12,60.800000,60.800000
2024-12-13,60.390000,60.390000
2024-12-16,59.800000,59.800000
2024-12-17,58.680000,58.680000
2024-12-18,56.640000,56.640000
2024-12-19,57.550000,57.550000
2024-12-20,57.500000,57.500000
2024-12-23,56.310000,56.310000
2024-12-24,57.540000,57.540000
2024-12-26,59.350000,59.350000
2024-12-27,57.000000,57.000000
2024-12-30,56.620000,56.620000
2024-12-31,55.780000,55.780000
2025-01-02,54.840000,54.840000
2025-01-03,55.730000,55.730000
2025-01-06,54.930000,54.930000
2025-01-07,56.080000,56.080000
2025-01-08,55.980000,55.980000
2025-01-10,53.490000,53.490000
2025-01-13,54.750000,54.750000
2025-01-14,56.720000,56.720000
2025-01-15,59.050000,59.050000
2025-01-16,59.610000,59.610000
2025-01-17,58.610000,58.610000
2025-01-21,58.910000,58.910000
2025-01-22,58.970000,58.970000
2025-01-23,58.310000,58.310000
2025-01-24,57.100000,57.100000
2025-01-27,57.360000,57.360000
2025-01-28,58.080000,58.080000
2025-01-29,60.990000,60.990000
2025-01-30,59.980000,59.980000
2025-01-31,59.470000,59.470000
2025-02-03,56.000000,56.000000
2025-02-04,56.170000,56.170000
2025-02-05,58.570000,58.570000
2025-02-06,58.760000,58.760000
2025-02-07,57.520000,57.520000
2025-02-10,57.860000,57.860000
2025-02-11,58.890000,58.890000
2025-02-12,58.370000,58.370000
2025-02-13,59.470000,59.470000
2025-02-14,59.820000,59.820000
2025-02-18,61.590000,61.590000
2025-02-19,61.450000,61.450000
2025-02-20,60.620000,60.620000
2025-02-21,57.270000,57.270000
2025-02-24,56.020000,56.020000
2025-02-25,55.530000,55.530000
2025-02-26,55.970000,55.970000
2025-02-27,54.700000,54.700000
2025-02-28,54.930000,54.930000
2025-03-03,49.280000,49.280000
2025-03-04,48.550000,48.550000
2025-03-05,49.420000,49.420000
2025-03-06,45.680000,45.680000
2025-03-07,46.060000,46.060000
2025-03-10,42.790000,42.790000
2025-03-11,44.710000,44.710000
2025-03-12,46.300000,46.300000
2025-03-13,43.710000,43.710000
2025-03-14,48.640000,48.640000
2025-03-17,47.580000,47.580000
2025-03-18,48.550000,48.550000
2025-03-19,51.500000,51.500000
2025-03-20,51.280000,51.280000
2025-03-21,50.510000,50.510000
2025-03-24,52.790000,52.790000
2025-03-25,51.900000,51.900000
2025-03-26,52.020000,52.020000
2025-03-27,53.000000,53.000000
2025-03-28,51.780000,51.780000
2025-03-31,51.150000,51.150000
2025-04-01,51.020000,51.020000
2025-04-02,52.880000,52.880000
2025-04-03,46.970000,46.970000
2025-04-04,45.050000,45.050000
2025-04-07,45.610000,45.610000
2025-04-08,46.520000,46.520000
2025-04-09,52.660000,52.660000
2025-04-10,50.240000,50.240000
2025-04-11,51.430000,51.430000
2025-04-14,52.970000,52.970000
2025-04-15,53.780000,53.780000
2025-04-16,51.950000,51.950000
2025-04-17,52.300000,52.300000
2025-04-21,50.130000,50.130000
2025-04-22,52.970000,52.970000
2025-04-23,54.380000,54.380000
2025-04-24,56.000000,56.000000
2025-04-25,55.250000,55.250000
2025-04-28,55.640000,55.640000
2025-04-29,54.090000,54.090000
2025-04-30,54.820000,54.820000
2025-05-01,53.800000,53.800000
2025-05-02,55.350000,55.350000
2025-05-05,55.460000,55.460000
2025-05-06,54.440000,54.440000
2025-05-07,53.820000,53.820000
2025-05-08,55.780000,55.780000
2025-05-09,54.870000,54.870000
2025-05-12,57.400000,57.400000
2025-05-13,57.720000,57.720000
2025-05-14,57.420000,57.420000
2025-05-15,52.800000,52.800000
2025-05-16,52.470000,52.470000
2025-05-19,50.420000,50.420000
2025-05-20,50.740000,50.740000
2025-05-21,49.670000,49.670000
2025-05-22,48.400000,48.400000
2025-05-23,47.420000,47.420000
2025-05-27,48.890000,48.890000
2025-05-28,49.350000,49.350000
2025-05-29,49.350000,49.350000
2025-05-30,49.050000,49.050000
2025-06-02,48.690000,48.690000
2025-06-03,50.150000,50.150000
2025-06-04,48.900000,48.900000
2025-06-05,49.230000,49.230000
2025-06-06,51.610000,51.610000
2025-06-09,51.910000,51.910000
2025-06-10,52.510000,52.510000
2025-06-11,53.660000,53.660000
2025-06-12,53.890000,53.890000
2025-06-13,50.940000,50.940000
2025-06-16,51.490000,51.490000
2025-06-17,49.720000,49.720000
2025-06-18,50.400000,50.400000
2025-06-20,50.960000,50.960000
2025-06-23,50.670000,50.670000
2025-06-24,51.510000,51.510000
2025-06-25,50.450000,50.450000
2025-06-26,52.080000,52.080000
2025-06-27,53.560000,53.560000
2025-06-30,54.750000,54.750000
2025-07-01,55.420000,55.420000
2025-07-02,56.910000,56.910000
2025-07-03,57.640000,57.640000
2025-07-07,57.540000,57.540000
2025-07-08,56.980000,56.980000
2025-07-09,56.980000,56.980000
2025-07-10,59.040000,59.040000
2025-07-11,55.670000,55.670000
2025-07-14,55.400000,55.400000
2025-07-15,53.810000,53.810000
2025-07-16,52.600000,52.600000
2025-07-17,53.400000,53.400000
2025-07-18,51.870000,51.870000
2025-07-21,51.660000,51.660000
2025-07-22,51.900000,51.900000
2025-07-23,52.930000,52.930000
2025-07-24,51.220000,51.220000
2025-07-25,50.240000,50.240000
2025-07-28,50.330000,50.330000
2025-07-29,48.900000,48.900000
2025-07-30,49.550000,49.550000
2025-07-31,49.630000,49.630000
2025-08-01,48.020000,48.020000
2025-08-04,48.930000,48.930000
2025-08-05,49.570000,49.570000
2025-08-06,49.890000,49.890000
2025-08-07,49.610000,49.610000
2025-08-08,56.820000,56.820000
2025-08-11,59.520000,59.520000
2025-08-12,60.750000,60.750000
2025-08-13,62.230000,62.230000
2025-08-14,62.150000,62.150000
2025-08-15,61.350000,61.350000
2025-08-18,63.290000,63.290000
2025-08-19,63.160000,63.160000
2025-08-20,62.760000,62.760000
2025-08-21,62.070000,62.070000
2025-08-22,65.570000,65.570000
2025-08-25,65.370000,65.370000
2025-08-26,66.540000,66.540000
2025-08-27,66.250000,66.250000
2025-08-28,66.830000,66.830000
2025-08-29,66.700000,66.700000
2025-09-02,66.340000,66.340000
2025-09-03,67.100000,67.100000
2025-09-04,68.760000,68.760000
2025-09-05,67.840000,67.840000
2025-09-08,68.090000,68.090000
2025-09-09,68.150000,68.150000
2025-09-10,67.140000,67.140000
2025-09-11,67.950000,67.950000
2025-09-12,72.170000,72.170000
2025-09-15,76.150000,76.150000
2025-09-16,72.600000,72.600000
2025-09-17,71.770000,71.770000
2025-09-18,71.500000,71.500000
2025-09-19,70.250000,70.250000
2025-09-22,70.210000,70.210000
2025-09-23,68.160000,68.160000
2025-09-24,66.750000,66.750000
2025-09-25,64.530000,64.530000
2025-09-26,63.380000,63.380000
2025-09-29,60.970000,60.970000
2025-09-30,58.580000,58.580000
2025-10-01,58.060000,58.060000
2025-10-02,56.400000,56.400000
2025-10-03,56.730000,56.730000
2025-10-06,54.140000,54.140000
2025-10-07,54.140000,54.140000
2025-10-08,55.370000,55.370000
2025-10-09,57.810000,57.810000
2025-10-10,54.760000,54.760000
2025-10-13,56.270000,56.270000
2025-10-14,58.010000,58.010000
2025-10-15,57.930000,57.930000
2025-10-16,53.470000,53.470000
2025-10-17,53.720000,53.720000
2025-10-20,54.970000,54.970000
2025-10-21,55.650000,55.650000
2025-10-22,58.370000,58.370000
2025-10-23,59.050000,59.050000
2025-10-24,61.240000,61.240000
2025-10-27,58.820000,58.820000
2025-10-28,58.750000,58.750000
2025-10-29,56.280000,56.280000
2025-10-30,54.300000,54.300000
2025-10-31,55.110000,55.110000
2025-11-03,56.320000,56.320000
2025-11-04,55.260000,55.260000
2025-11-05,57.700000,57.700000
2025-11-06,56.140000,56.140000
2025-11-07,54.010000,54.010000
2025-11-10,51.000000,51.000000
2025-11-11,51.690000,51.690000
2025-11-12,52.450000,52.450000
2025-11-13,53.330000,53.330000
2025-11-14,53.370000,53.370000
2025-11-17,51.210000,51.210000
2025-11-18,52.590000,52.590000
2025-11-19,53.620000,53.620000
2025-11-20,52.200000,52.200000
2025-11-21,54.540000,54.540000
2025-11-24,55.380000,55.380000
2025-11-25,58.020000,58.020000
2025-11-26,59.120000,59.120000
2025-11-28,58.950000,58.950000
2025-12-01,56.810000,56.810000
2025-12-02,56.600000,56.600000
2025-12-03,58.650000,58.650000
2025-12-04,59.580000,59.580000
2025-12-05,59.640000,59.640000
2025-12-08,58.460000,58.460000
2025-12-09,61.440000,61.440000
2025-12-10,63.590000,63.590000
2025-12-11,66.770000,66.770000
2025-12-12,65.960000,65.960000
2025-12-15,64.820000,64.820000
2025-12-16,67.420000,67.420000
2025-12-17,66.940000,66.940000
2025-12-18,67.680000,67.680000
2025-12-19,69.240000,69.240000
2025-12-22,69.000000,69.000000
2025-12-23,69.680000,69.680000
2025-12-24,69.690000,69.690000
2025-12-26,70.140000,70.140000
2025-12-29,69.680000,69.680000
2025-12-30,69.500000,69.500000
2025-12-31,66.950000,66.950000
2026-01-02,66.350000,66.350000
2026-01-05,66.620000,66.620000
2026-01-06,66.720000,66.720000
2026-01-07,68.490000,68.490000
2026-01-08,66.300000,66.300000
2026-01-09,66.000000,66.000000
2026-01-12,59.720000,59.720000
2026-01-13,59.770000,59.770000
2026-01-14,60.560000,60.560000
2026-01-15,60.600000,60.600000
2026-01-16,60.820000,60.820000
2026-01-20,57.330000,57.330000
2026-01-21,59.990000,59.990000
2026-01-22,60.700000,60.700000
2026-01-23,57.010000,57.010000
2026-01-26,56.280000,56.280000
2026-01-27,53.330000,53.330000
2026-01-28,50.620000,50.620000
2026-01-29,50.550000,50.550000
2026-01-30,51.630000,51.630000
2026-02-02,52.560000,52.560000
2026-02-03,52.670000,52.670000
2026-02-04,54.120000,54.120000
2026-02-05,51.450000,51.450000
2026-02-06,55.690000,55.690000
2026-02-09,58.010000,58.010000
2026-02-10,56.730000,56.730000
2026-02-11,55.150000,55.150000
2026-02-12,54.920000,54.920000
2026-02-13,51.870000,51.870000
2026-02-17,52.830000,52.830000
2026-02-18,54.840000,54.840000
2026-02-19,54.740000,54.740000
2026-02-20,54.470000,54.470000
2026-02-23,52.560000,52.560000
2026-02-24,52.650000,52.650000
2026-02-25,54.480000,54.480000
2026-02-26,53.910000,53.910000
2026-02-27,52.310000,52.310000
2026-03-02,53.030000,53.030000
2026-03-03,53.980000,53.980000
2026-03-04,57.230000,57.230000
2026-03-05,58.570000,58.570000
2026-03-06,54.810000,54.810000
2026-03-09,55.430000,55.430000
2026-03-10,56.470000,56.470000
2026-03-11,55.130000,55.130000
2026-03-12,52.750000,52.750000
2026-03-13,47.960000,47.960000
2026-03-16,48.930000,48.930000
2026-03-17,53.860000,53.860000
2026-03-18,53.020000,53.020000
2026-03-19,53.840000,53.840000
2026-03-20,54.670000,54.670000
2026-03-23,56.310000,56.310000
2026-03-24,55.970000,55.970000
2026-03-25,54.130000,54.130000
2026-03-26,53.140000,53.140000
2026-03-27,52.700000,52.700000
2026-03-30,51.320000,51.320000
2026-03-31,52.470000,52.470000
2026-04-01,54.080000,54.080000
2026-04-02,53.450000,53.450000
2026-04-06,55.350000,55.350000
2026-04-07,55.970000,55.970000
2026-04-08,60.760000,60.760000
2026-04-09,63.320000,63.320000
2026-04-10,63.390000,63.390000
2026-04-13,67.090000,67.090000
2026-04-14,68.180000,68.180000
2026-04-15,68.360000,68.360000
2026-04-16,66.960000,66.960000
2026-04-17,70.960000,70.960000
2026-04-20,72.980000,72.980000
2026-04-21,71.710000,71.710000
2026-04-22,74.970000,74.970000
2026-04-23,76.220000,76.220000
2026-04-24,78.930000,78.930000
2026-04-27,79.390000,79.390000
2026-04-28,79.180000,79.180000
2026-04-29,76.680000,76.680000
2026-04-30,79.410000,79.410000
2026-05-01,78.030000,78.030000
2026-05-04,75.670000,75.670000
2026-05-05,77.590000,77.590000
2026-05-06,77.820000,77.820000
2026-05-07,78.340000,78.340000
2026-05-08,84.810000,84.810000
2026-05-11,80.860000,80.860000
2026-05-12,77.600000,77.600000
2026-05-13,76.320000,76.320000
2026-05-14,80.270000,80.270000
2026-05-15,77.160000,77.160000
2026-05-18,78.550000,78.550000
2026-05-19,78.100000,78.100000
2026-05-20,81.790000,81.790000
2026-05-21,81.610000,81.610000
2026-05-22,83.140000,83.140000
2026-05-26,88.560000,88.560000
2026-05-27,90.000000,90.000000
2026-05-28,84.750000,84.750000
2026-05-29,86.220000,86.220000
2026-06-01,82.610000,82.610000
2026-06-02,83.180000,83.180000
2026-06-03,76.330000,76.330000
2026-06-04,82.220000,82.220000
2026-06-05,84.100000,84.100000
2026-06-08,85.890000,85.890000
2026-06-09,88.780000,88.780000
2026-06-10,88.590000,88.590000
2026-06-11,91.180000,91.180000
2026-06-12,92.380000,92.380000
2026-06-15,95.060000,95.060000
2026-06-16,96.240000,96.240000
2026-06-17,95.770000,95.770000
2026-06-18,100.120000,100.120000
2026-06-22,99.520000,99.520000
2026-06-23,101.360000,101.360000
2026-06-24,104.540000,104.540000
2026-06-25,108.270000,108.270000
2026-06-26,110.410000,110.410000
2026-06-29,104.270000,104.270000
2026-06-30,102.250000,102.250000
2026-07-01,103.750000,103.750000
2026-07-02,96.400000,96.400000
2026-07-06,95.830000,95.830000
2026-07-07,97.380000,97.380000
2026-07-08,93.450000,93.450000
2026-07-09,98.240000,98.240000
2026-07-10,99.260000,99.260000
2026-07-13,96.610000,96.610000
2026-07-14,97.830000,97.830000
2026-07-15,99.470000,99.470000
2026-07-16,103.240000,103.240000
2026-07-17,100.680000,100.680000
2026-07-20,97.910000,97.910000
2026-07-21,96.370000,96.370000
2026-07-22,95.170000,95.170000
2026-07-23,95.620000,95.620000
2026-07-24,99.480000,99.480000
2026-07-27,104.200000,104.200000
2026-07-28,104.820000,104.820000
2026-07-29,104.130000,104.130000
2026-07-30,106.050000,106.050000
2026-07-31,105.490000,105.490000
2026-08-03,108.060000,108.060000
2026-08-04,110.320000,110.320000
2026-08-05,111.310000,111.310000
2026-08-06,111.790000,111.790000
2026-08-07,100.010000,100.010000
2026-08-10,95.780000,95.780000
2026-08-11,93.500000,93.500000
2026-08-12,97.370000,97.370000
2026-08-13,97.040000,97.040000
2026-08-14,102.580000,102.580000
2026-08-17,99.610000,99.610000
