date,close,adj_close
2002-10-09,22.540000,7.501696
2002-10-10,22.650000,7.538306
2002-10-11,23.050000,7.671432
2002-10-14,23.080000,7.681417
2002-10-15,23.230000,7.864227
2002-10-16,22.900000,7.752510
2002-10-17,22.900000,7.752510
2002-10-18,22.600000,7.650949
2002-10-21,22.650000,7.667875
2002-10-22,22.750000,7.701729
2002-10-23,22.900000,7.752510
2002-10-24,23.180000,7.847300
2002-10-25,23.250000,7.870998
2002-10-28,23.200000,7.854071
2002-10-29,23.500000,7.955632
2002-10-30,23.750000,8.040267
2002-10-31,23.900000,8.091047
2002-11-01,24.300000,8.226462
2002-11-04,24.510000,8.297555
2002-11-05,24.300000,8.226462
2002-11-06,24.380000,8.253545
2002-11-07,24.010000,8.128287
2002-11-08,23.600000,7.989486
2002-11-11,23.000000,7.786364
2002-11-12,23.250000,7.870998
2002-11-13,23.290000,7.884539
2002-11-14,23.500000,7.955632
2002-11-15,23.110000,7.823603
2002-11-18,23.110000,7.823603
2002-11-19,23.020000,7.793134
2002-11-20,23.250000,7.870998
2002-11-21,23.400000,7.921779
2002-11-22,23.240000,7.867613
2002-11-25,23.250000,7.870998
2002-11-26,23.170000,7.843915
2002-11-27,23.840000,8.070735
2002-11-29,23.680000,8.016569
2002-12-02,23.450000,7.938705
2002-12-03,23.070000,7.810061
2002-12-04,23.240000,7.867613
2002-12-05,23.000000,7.786364
2002-12-06,23.200000,7.854071
2002-12-09,23.110000,7.823603
2002-12-10,23.100000,7.820217
2002-12-11,23.150000,7.837144
2002-12-12,23.200000,7.854071
2002-12-13,23.000000,7.786364
2002-12-16,23.480000,7.948862
2002-12-17,23.490000,7.952247
2002-12-18,23.350000,7.904852
2002-12-19,23.300000,7.887925
2002-12-20,23.450000,7.938705
2002-12-23,23.750000,8.040267
2002-12-24,23.850000,8.074121
2002-12-26,23.700000,8.023340
2002-12-27,23.390000,7.918393
2002-12-30,23.750000,8.040267
2002-12-31,23.800000,8.057194
2003-01-02,24.100000,8.158755
2003-01-03,23.580000,7.982715
2003-01-06,23.700000,8.023340
2003-01-07,23.230000,7.864227
2003-01-08,23.000000,7.786364
2003-01-09,23.270000,7.877769
2003-01-10,23.260000,7.874383
2003-01-13,23.170000,7.843915
2003-01-14,23.300000,7.887925
2003-01-15,23.800000,8.194352
2003-01-16,22.950000,7.901697
2003-01-17,23.020000,7.925798
2003-01-21,22.990000,7.915469
2003-01-22,23.080000,7.946456
2003-01-23,22.940000,7.898254
2003-01-24,22.650000,7.798407
2003-01-27,22.600000,7.781192
2003-01-28,22.490000,7.743319
2003-01-29,22.390000,7.708889
2003-01-30,22.540000,7.760534
2003-01-31,22.150000,7.626256
2003-02-03,22.400000,7.712332
2003-02-04,22.610000,7.784635
2003-02-05,22.620000,7.788078
2003-02-06,22.210000,7.646914
2003-02-07,21.970000,7.564282
2003-02-10,23.050000,7.936127
2003-02-11,22.480000,7.739876
2003-02-12,22.160000,7.629699
2003-02-13,22.630000,7.791521
2003-02-14,22.310000,7.681345
2003-02-18,23.000000,7.918912
2003-02-19,22.900000,7.884482
2003-02-20,23.100000,7.953342
2003-02-21,23.130000,7.963671
2003-02-24,22.720000,7.822508
2003-02-25,22.950000,7.901697
2003-02-26,23.150000,7.970557
2003-02-27,22.850000,7.867267
2003-02-28,22.510000,7.750205
2003-03-03,22.470000,7.736433
2003-03-04,22.850000,7.867267
2003-03-05,23.150000,7.970557
2003-03-06,22.950000,7.901697
2003-03-07,23.000000,7.918912
2003-03-10,22.700000,7.815622
2003-03-11,22.530000,7.757091
2003-03-12,22.280000,7.671016
2003-03-13,22.520000,7.753648
2003-03-14,22.120000,7.615927
2003-03-17,23.000000,7.918912
2003-03-18,23.040000,7.932684
2003-03-19,23.170000,7.977443
2003-03-20,23.600000,8.125492
2003-03-21,23.700000,8.159922
2003-03-24,23.170000,7.977443
2003-03-25,23.940000,8.242554
2003-03-26,23.550000,8.108277
2003-03-27,23.800000,8.194352
2003-03-28,23.550000,8.108277
2003-03-31,23.050000,7.936127
2003-04-01,23.710000,8.163365
2003-04-02,24.030000,8.273541
2003-04-03,24.000000,8.263212
2003-04-04,24.180000,8.325187
2003-04-07,24.420000,8.407819
2003-04-08,24.440000,8.414705
2003-04-09,24.380000,8.394047
2003-04-10,24.600000,8.469793
2003-04-11,24.400000,8.400933
2003-04-14,24.260000,8.488406
2003-04-15,24.450000,8.554886
2003-04-16,24.400000,8.537391
2003-04-17,24.850000,8.694843
2003-04-21,25.000000,8.747327
2003-04-22,25.400000,8.887284
2003-04-23,25.300000,8.852295
2003-04-24,24.900000,8.712337
2003-04-25,24.400000,8.537391
2003-04-28,24.460000,8.558385
2003-04-29,24.400000,8.537391
2003-04-30,23.590000,8.253978
2003-05-01,24.000000,8.397434
2003-05-02,24.320000,8.509399
2003-05-05,24.300000,8.502402
2003-05-06,24.500000,8.572380
2003-05-07,24.780000,8.670350
2003-05-08,24.440000,8.551387
2003-05-09,24.670000,8.631862
2003-05-12,24.500000,8.572380
2003-05-13,24.600000,8.607370
2003-05-14,24.600000,8.607370
2003-05-15,24.700000,8.642359
2003-05-16,24.700000,8.642359
2003-05-19,24.550000,8.589875
2003-05-20,24.780000,8.670350
2003-05-21,24.950000,8.729832
2003-05-22,24.910000,8.715836
2003-05-23,25.000000,8.747327
2003-05-27,25.050000,8.764821
2003-05-28,24.750000,8.659853
2003-05-29,24.650000,8.624864
2003-05-30,25.100000,8.782316
2003-06-02,25.480000,8.915275
2003-06-03,25.300000,8.852295
2003-06-04,25.610000,8.960762
2003-06-05,25.540000,8.936269
2003-06-06,25.590000,8.953764
2003-06-09,26.270000,9.191691
2003-06-10,26.400000,9.237177
2003-06-11,26.550000,9.289661
2003-06-12,26.290000,9.198689
2003-06-13,25.900000,9.062231
2003-06-16,26.200000,9.167198
2003-06-17,26.050000,9.114714
2003-06-18,25.990000,9.093721
2003-06-19,25.850000,9.044736
2003-06-20,25.880000,9.055233
2003-06-23,25.300000,8.852295
2003-06-24,25.500000,8.922273
2003-06-25,25.400000,8.887284
2003-06-26,25.850000,9.044736
2003-06-27,25.600000,8.957263
2003-06-30,25.600000,8.957263
2003-07-01,25.750000,9.009747
2003-07-02,26.200000,9.167198
2003-07-03,26.270000,9.191691
2003-07-07,26.920000,9.419121
2003-07-08,26.940000,9.426119
2003-07-09,26.890000,9.408625
2003-07-10,27.070000,9.471605
2003-07-11,27.050000,9.464608
2003-07-14,27.720000,9.699036
2003-07-15,27.000000,9.581924
2003-07-16,27.000000,9.581924
2003-07-17,26.500000,9.404480
2003-07-18,27.000000,9.581924
2003-07-21,26.820000,9.518044
2003-07-22,26.850000,9.528691
2003-07-23,26.790000,9.507397
2003-07-24,26.950000,9.564179
2003-07-25,27.500000,9.759367
2003-07-28,27.650000,9.812599
2003-07-29,27.840000,9.880028
2003-07-30,27.950000,9.919065
2003-07-31,27.490000,9.755818
2003-08-01,27.080000,9.610314
2003-08-04,26.710000,9.479007
2003-08-05,26.250000,9.315759
2003-08-06,26.220000,9.305112
2003-08-07,26.550000,9.422225
2003-08-08,26.000000,9.227037
2003-08-11,26.200000,9.298015
2003-08-12,26.400000,9.368992
2003-08-13,26.250000,9.315759
2003-08-14,26.090000,9.258977
2003-08-15,26.150000,9.280270
2003-08-18,26.130000,9.273173
2003-08-19,26.500000,9.404480
2003-08-20,26.460000,9.390285
2003-08-21,26.670000,9.464811
2003-08-22,26.460000,9.390285
2003-08-25,26.690000,9.471909
2003-08-26,26.900000,9.546435
2003-08-27,27.260000,9.674194
2003-08-28,27.250000,9.670645
2003-08-29,27.150000,9.635156
2003-09-02,27.900000,9.901321
2003-09-03,27.800000,9.865832
2003-09-04,27.650000,9.812599
2003-09-05,27.500000,9.759367
2003-09-08,27.640000,9.809051
2003-09-09,27.540000,9.773562
2003-09-10,26.850000,9.528691
2003-09-11,26.900000,9.546435
2003-09-12,26.950000,9.564179
2003-09-15,26.960000,9.567728
2003-09-16,27.250000,9.670645
2003-09-17,27.000000,9.581924
2003-09-18,27.250000,9.670645
2003-09-19,27.590000,9.791306
2003-09-22,27.170000,9.642254
2003-09-23,27.250000,9.670645
2003-09-24,27.010000,9.585472
2003-09-25,26.530000,9.415127
2003-09-26,26.310000,9.337052
2003-09-29,26.500000,9.404480
2003-09-30,26.550000,9.422225
2003-10-01,26.980000,9.574826
2003-10-02,27.520000,9.766464
2003-10-03,27.910000,9.904870
2003-10-06,28.000000,9.936810
2003-10-07,28.230000,10.018433
2003-10-08,28.000000,9.936810
2003-10-09,28.150000,9.990042
2003-10-10,27.770000,9.855186
2003-10-13,28.230000,10.018433
2003-10-14,28.300000,10.043275
2003-10-15,27.890000,10.036078
2003-10-16,27.870000,10.028882
2003-10-17,27.450000,9.877747
2003-10-20,27.550000,9.913731
2003-10-21,27.650000,9.949716
2003-10-22,27.150000,9.769793
2003-10-23,27.110000,9.755399
2003-10-24,26.620000,9.579075
2003-10-27,26.850000,9.661840
2003-10-28,26.940000,9.694226
2003-10-29,27.330000,9.834565
2003-10-30,27.320000,9.830967
2003-10-31,27.200000,9.787785
2003-11-03,27.650000,9.949716
2003-11-04,27.800000,10.003692
2003-11-05,27.950000,10.057669
2003-11-06,28.400000,10.219599
2003-11-07,28.300000,10.183615
2003-11-10,28.200000,10.147630
2003-11-11,28.100000,10.111646
2003-11-12,28.500000,10.255584
2003-11-13,28.800000,10.363537
2003-11-14,28.850000,10.381530
2003-11-17,28.620000,10.298765
2003-11-18,28.390000,10.216001
2003-11-19,28.350000,10.201607
2003-11-20,28.100000,10.111646
2003-11-21,28.300000,10.183615
2003-11-24,28.350000,10.201607
2003-11-25,28.160000,10.133237
2003-11-26,28.320000,10.190812
2003-11-28,28.200000,10.147630
2003-12-01,28.550000,10.273576
2003-12-02,28.610000,10.295167
2003-12-03,28.250000,10.165623
2003-12-04,28.290000,10.180017
2003-12-05,28.250000,10.165623
2003-12-08,28.500000,10.255584
2003-12-09,28.150000,10.129638
2003-12-10,28.500000,10.255584
2003-12-11,28.650000,10.309561
2003-12-12,28.950000,10.417514
2003-12-15,28.370000,10.208804
2003-12-16,28.620000,10.298765
2003-12-17,28.500000,10.255584
2003-12-18,28.620000,10.298765
2003-12-19,28.550000,10.273576
2003-12-22,28.640000,10.305962
2003-12-23,28.540000,10.269978
2003-12-24,28.490000,10.251986
2003-12-26,28.770000,10.352742
2003-12-29,28.800000,10.363537
2003-12-30,29.040000,10.449900
2003-12-31,28.670000,10.316758
2004-01-02,28.850000,10.381530
2004-01-05,28.900000,10.399522
2004-01-06,28.700000,10.327553
2004-01-07,28.500000,10.255584
2004-01-08,28.650000,10.309561
2004-01-09,28.760000,10.349144
2004-01-12,28.490000,10.251986
2004-01-13,28.400000,10.219599
2004-01-14,28.160000,10.274328
2004-01-15,27.750000,10.124737
2004-01-16,27.600000,10.070009
2004-01-20,27.750000,10.124737
2004-01-21,27.760000,10.128386
2004-01-22,27.590000,10.066360
2004-01-23,27.700000,10.106494
2004-01-26,27.800000,10.142980
2004-01-27,27.930000,10.190411
2004-01-28,27.470000,10.022578
2004-01-29,27.750000,10.124737
2004-01-30,27.520000,10.040820
2004-02-02,28.000000,10.215951
2004-02-03,28.470000,10.387433
2004-02-04,27.510000,10.037172
2004-02-05,27.500000,10.033523
2004-02-06,28.140000,10.267031
2004-02-09,28.400000,10.361893
2004-02-10,28.680000,10.464053
2004-02-11,28.650000,10.453107
2004-02-12,28.400000,10.361893
2004-02-13,27.910000,10.183114
2004-02-17,27.700000,10.106494
2004-02-18,27.500000,10.033523
2004-02-19,27.350000,9.978795
2004-02-20,27.390000,9.993389
2004-02-23,27.300000,9.960552
2004-02-24,27.980000,10.208654
2004-02-25,28.000000,10.215951
2004-02-26,27.780000,10.135683
2004-02-27,27.880000,10.172168
2004-03-01,28.200000,10.288922
2004-03-02,27.920000,10.186762
2004-03-03,28.120000,10.259734
2004-03-04,28.750000,10.489592
2004-03-05,29.180000,10.646480
2004-03-08,29.150000,10.635535
2004-03-09,29.100000,10.617292
2004-03-10,28.830000,10.518781
2004-03-11,28.800000,10.507835
2004-03-12,29.000000,10.580806
2004-03-15,28.900000,10.544321
2004-03-16,28.970000,10.569861
2004-03-17,29.150000,10.635535
2004-03-18,29.500000,10.763234
2004-03-19,30.060000,10.967553
2004-03-22,30.000000,10.945662
2004-03-23,30.000000,10.945662
2004-03-24,29.600000,10.799720
2004-03-25,29.400000,10.726748
2004-03-26,29.100000,10.617292
2004-03-29,29.450000,10.744991
2004-03-30,29.610000,10.803368
2004-03-31,30.550000,11.146332
2004-04-01,31.140000,11.361597
2004-04-02,30.430000,11.102550
2004-04-05,29.300000,10.690263
2004-04-06,26.950000,9.832853
2004-04-07,27.430000,10.007983
2004-04-08,27.000000,9.851096
2004-04-12,25.900000,9.449755
2004-04-13,25.800000,9.413269
2004-04-14,24.700000,9.150246
2004-04-15,25.130000,9.309542
2004-04-16,25.450000,9.428087
2004-04-19,26.000000,9.631838
2004-04-20,25.400000,9.409564
2004-04-21,25.120000,9.305837
2004-04-22,26.000000,9.631838
2004-04-23,25.800000,9.557747
2004-04-26,25.780000,9.550338
2004-04-27,26.200000,9.705929
2004-04-28,25.660000,9.505883
2004-04-29,25.670000,9.509587
2004-04-30,25.000000,9.261382
2004-05-03,25.850000,9.576269
2004-05-04,26.340000,9.757792
2004-05-05,26.000000,9.631838
2004-05-06,26.050000,9.650360
2004-05-07,25.350000,9.391042
2004-05-10,24.700000,9.150246
2004-05-11,25.140000,9.313246
2004-05-12,25.350000,9.391042
2004-05-13,25.300000,9.372519
2004-05-14,25.420000,9.416974
2004-05-17,25.810000,9.561451
2004-05-18,26.910000,9.968952
2004-05-19,26.640000,9.868929
2004-05-20,27.150000,10.057861
2004-05-21,27.670000,10.250498
2004-05-24,28.430000,10.532044
2004-05-25,28.880000,10.698749
2004-05-26,28.950000,10.724681
2004-05-27,29.180000,10.809886
2004-05-28,29.550000,10.946954
2004-06-01,29.350000,10.872863
2004-06-02,29.690000,10.998818
2004-06-03,29.540000,10.943249
2004-06-04,29.610000,10.969181
2004-06-07,30.070000,11.139591
2004-06-08,29.950000,11.095136
2004-06-09,29.790000,11.035863
2004-06-10,30.010000,11.117363
2004-06-14,29.960000,11.098841
2004-06-15,30.540000,11.313705
2004-06-16,31.050000,11.502637
2004-06-17,31.500000,11.669342
2004-06-18,31.000000,11.484114
2004-06-21,31.410000,11.636001
2004-06-22,31.140000,11.535978
2004-06-23,31.280000,11.587842
2004-06-24,31.250000,11.576728
2004-06-25,32.300000,11.965706
2004-06-28,32.410000,12.006456
2004-06-29,31.900000,11.817524
2004-06-30,32.110000,11.895320
2004-07-01,32.200000,11.928661
2004-07-02,33.190000,12.295411
2004-07-06,32.680000,12.106479
2004-07-07,33.000000,12.225025
2004-07-08,31.250000,11.576728
2004-07-09,31.200000,11.558205
2004-07-12,31.260000,11.580433
2004-07-13,30.630000,11.347046
2004-07-14,30.750000,11.538415
2004-07-15,30.650000,11.500891
2004-07-16,30.250000,11.350798
2004-07-19,30.320000,11.377064
2004-07-20,30.410000,11.410835
2004-07-21,30.100000,11.294513
2004-07-22,28.830000,10.817967
2004-07-23,29.000000,10.881757
2004-07-26,28.860000,10.829224
2004-07-27,29.050000,10.900518
2004-07-28,30.010000,11.260742
2004-07-29,29.880000,11.211962
2004-07-30,30.000000,11.256990
2004-08-02,31.300000,11.744793
2004-08-03,30.600000,11.482130
2004-08-04,30.200000,11.332036
2004-08-05,29.700000,11.144420
2004-08-06,29.750000,11.163182
2004-08-09,29.370000,11.020593
2004-08-10,29.850000,11.200705
2004-08-11,29.910000,11.223219
2004-08-12,29.740000,11.159429
2004-08-13,29.650000,11.125658
2004-08-16,30.260000,11.354550
2004-08-17,30.580000,11.474625
2004-08-18,31.100000,11.669746
2004-08-19,30.520000,11.452111
2004-08-20,31.000000,11.632223
2004-08-23,31.250000,11.726031
2004-08-24,31.880000,11.962428
2004-08-25,32.650000,12.251357
2004-08-26,32.260000,12.105016
2004-08-27,32.750000,12.288881
2004-08-30,33.000000,12.382689
2004-08-31,33.250000,12.476497
2004-09-01,32.350000,12.138787
2004-09-02,32.490000,12.191320
2004-09-03,32.810000,12.311394
2004-09-07,33.000000,12.382689
2004-09-08,32.700000,12.270119
2004-09-09,32.530000,12.206329
2004-09-10,32.410000,12.161301
2004-09-13,31.500000,11.819839
2004-09-14,30.550000,11.463368
2004-09-15,30.370000,11.395826
2004-09-16,31.400000,11.782316
2004-09-17,30.760000,11.542167
2004-09-20,30.300000,11.369560
2004-09-21,30.700000,11.519653
2004-09-22,30.220000,11.339541
2004-09-23,30.700000,11.519653
2004-09-24,31.290000,11.741040
2004-09-27,31.700000,11.894886
2004-09-28,31.970000,11.996199
2004-09-29,32.430000,12.168806
2004-09-30,32.880000,12.337661
2004-10-01,33.280000,12.487754
2004-10-04,33.230000,12.468992
2004-10-05,32.980000,12.375184
2004-10-06,33.120000,12.427717
2004-10-07,32.250000,12.101264
2004-10-08,32.200000,12.082502
2004-10-11,32.050000,12.026217
2004-10-12,32.500000,12.195072
2004-10-13,31.850000,12.096327
2004-10-14,31.840000,12.092529
2004-10-15,33.050000,12.552075
2004-10-18,33.060000,12.555873
2004-10-19,32.720000,12.426744
2004-10-20,32.860000,12.479915
2004-10-21,32.990000,12.529288
2004-10-22,32.380000,12.297616
2004-10-25,32.300000,12.267232
2004-10-26,32.800000,12.457128
2004-10-27,33.140000,12.586256
2004-10-28,33.650000,12.779950
2004-10-29,32.500000,12.343191
2004-11-01,33.400000,12.685002
2004-11-02,32.220000,12.236849
2004-11-03,33.560000,12.745768
2004-11-04,33.780000,12.829322
2004-11-05,33.400000,12.685002
2004-11-08,32.950000,12.514096
2004-11-09,32.980000,12.525490
2004-11-10,32.970000,12.521692
2004-11-11,33.200000,12.609044
2004-11-12,33.120000,12.578661
2004-11-15,34.100000,12.950855
2004-11-16,33.800000,12.836918
2004-11-17,32.750000,12.438138
2004-11-18,33.000000,12.533086
2004-11-19,32.380000,12.297616
2004-11-22,33.690000,12.795141
2004-11-23,34.730000,13.190123
2004-11-24,35.540000,13.497754
2004-11-26,35.900000,13.634478
2004-11-29,36.070000,13.699043
2004-11-30,36.450000,13.843363
2004-12-01,37.550000,14.261132
2004-12-02,37.800000,14.356080
2004-12-03,38.450000,14.602944
2004-12-06,38.980000,14.804233
2004-12-07,37.660000,14.302909
2004-12-08,37.640000,14.295314
2004-12-09,37.990000,14.428240
2004-12-10,37.920000,14.401655
2004-12-13,37.830000,14.367474
2004-12-14,37.570000,14.268728
2004-12-15,37.950000,14.413049
2004-12-16,37.740000,14.333293
2004-12-17,38.450000,14.602944
2004-12-20,37.600000,14.280122
2004-12-21,38.190000,14.504198
2004-12-22,38.570000,14.648519
2004-12-23,38.700000,14.697892
2004-12-27,37.800000,14.356080
2004-12-28,38.930000,14.785243
2004-12-29,39.250000,14.906776
2004-12-30,38.840000,14.751062
2004-12-31,38.250000,14.526986
2005-01-03,37.250000,14.147195
2005-01-04,36.520000,13.869948
2005-01-05,34.900000,13.254688
2005-01-06,35.540000,13.497754
2005-01-07,35.100000,13.330646
2005-01-10,35.100000,13.330646
2005-01-11,34.480000,13.095176
2005-01-12,33.900000,13.022190
2005-01-13,33.860000,13.006825
2005-01-14,34.200000,13.137431
2005-01-18,34.690000,13.325657
2005-01-19,34.620000,13.298767
2005-01-20,34.600000,13.291085
2005-01-21,34.640000,13.306450
2005-01-24,34.120000,13.106700
2005-01-25,33.580000,12.899267
2005-01-26,34.100000,13.099017
2005-01-27,34.000000,13.060604
2005-01-28,33.900000,13.022190
2005-01-31,33.400000,12.830122
2005-02-01,33.470000,12.857012
2005-02-02,34.100000,13.099017
2005-02-03,33.670000,12.933839
2005-02-04,34.500000,13.252671
2005-02-07,34.310000,13.179685
2005-02-08,34.180000,13.129748
2005-02-09,33.720000,12.953046
2005-02-10,34.030000,13.072128
2005-02-11,34.400000,13.214258
2005-02-14,34.480000,13.244988
2005-02-15,34.110000,13.102858
2005-02-16,34.150000,13.118224
2005-02-17,34.350000,13.195051
2005-02-18,33.950000,13.041397
2005-02-22,33.260000,12.776343
2005-02-23,33.100000,12.714882
2005-02-24,33.050000,12.695675
2005-02-25,34.870000,13.394801
2005-02-28,34.500000,13.252671
2005-03-01,34.450000,13.233464
2005-03-02,33.850000,13.002983
2005-03-03,34.120000,13.106700
2005-03-04,34.400000,13.214258
2005-03-07,34.320000,13.183527
2005-03-08,34.010000,13.064445
2005-03-09,33.060000,12.699516
2005-03-10,33.010000,12.680309
2005-03-11,32.820000,12.607324
2005-03-14,33.170000,12.741771
2005-03-15,32.950000,12.657261
2005-03-16,33.000000,12.676468
2005-03-17,32.710000,12.565069
2005-03-18,32.140000,12.346112
2005-03-21,32.120000,12.338429
2005-03-22,32.000000,12.292333
2005-03-23,32.130000,12.342270
2005-03-24,32.260000,12.392208
2005-03-28,32.290000,12.403732
2005-03-29,32.200000,12.369160
2005-03-30,32.500000,12.484400
2005-03-31,32.000000,12.292333
2005-04-01,31.800000,12.215506
2005-04-04,31.950000,12.273126
2005-04-05,32.260000,12.392208
2005-04-06,32.950000,12.657261
2005-04-07,33.250000,12.772502
2005-04-08,32.600000,12.522814
2005-04-11,32.180000,12.361477
2005-04-12,32.100000,12.330746
2005-04-13,32.150000,12.501845
2005-04-14,32.230000,12.532953
2005-04-15,32.350000,12.579617
2005-04-18,32.560000,12.661277
2005-04-19,32.600000,12.676832
2005-04-20,32.550000,12.657389
2005-04-21,34.180000,13.291230
2005-04-22,33.720000,13.112355
2005-04-25,33.910000,13.186238
2005-04-26,33.600000,13.065691
2005-04-27,33.910000,13.186238
2005-04-28,33.860000,13.166795
2005-04-29,33.500000,13.026805
2005-05-02,33.650000,13.085134
2005-05-03,33.200000,12.910147
2005-05-04,33.580000,13.057914
2005-05-05,33.720000,13.112355
2005-05-06,33.220000,12.917925
2005-05-09,33.750000,13.124020
2005-05-10,33.650000,13.085134
2005-05-11,33.650000,13.085134
2005-05-12,33.300000,12.949033
2005-05-13,33.250000,12.929590
2005-05-16,33.800000,13.143463
2005-05-17,33.710000,13.108466
2005-05-18,34.720000,13.501214
2005-05-19,34.900000,13.571209
2005-05-20,34.740000,13.508992
2005-05-23,34.690000,13.489549
2005-05-24,34.250000,13.318450
2005-05-25,33.300000,12.949033
2005-05-26,33.120000,12.879039
2005-05-27,33.450000,13.007362
2005-05-31,33.150000,12.890704
2005-06-01,33.400000,12.987919
2005-06-02,33.250000,12.929590
2005-06-03,33.500000,13.026805
2005-06-06,34.000000,13.221235
2005-06-07,34.160000,13.283453
2005-06-08,33.850000,13.162906
2005-06-09,33.980000,13.213458
2005-06-10,33.800000,13.143463
2005-06-13,33.850000,13.162906
2005-06-14,34.150000,13.279564
2005-06-15,35.100000,13.648981
2005-06-16,35.360000,13.750085
2005-06-17,35.100000,13.648981
2005-06-20,35.250000,13.707310
2005-06-21,35.310000,13.730642
2005-06-22,35.870000,13.948403
2005-06-23,35.740000,13.897851
2005-06-24,35.800000,13.921183
2005-06-27,35.930000,13.971735
2005-06-28,36.410000,14.158388
2005-06-29,36.380000,14.146722
2005-06-30,36.350000,14.135056
2005-07-01,36.710000,14.275046
2005-07-05,38.350000,14.912776
2005-07-06,37.530000,14.593911
2005-07-07,37.770000,14.687237
2005-07-08,38.750000,15.068320
2005-07-11,39.480000,15.352187
2005-07-12,38.950000,15.146092
2005-07-13,38.000000,14.930000
2005-07-14,37.500000,14.733552
2005-07-15,37.450000,14.713907
2005-07-18,37.130000,14.588181
2005-07-19,37.360000,14.678547
2005-07-20,38.000000,14.930000
2005-07-21,36.930000,14.509602
2005-07-22,38.000000,14.930000
2005-07-25,37.710000,14.816060
2005-07-26,38.450000,15.106802
2005-07-27,38.550000,15.146092
2005-07-28,39.420000,15.487910
2005-07-29,37.800000,14.851421
2005-08-01,38.290000,15.043939
2005-08-02,38.180000,15.000721
2005-08-03,38.050000,14.949644
2005-08-04,37.300000,14.654973
2005-08-05,36.100000,14.183500
2005-08-08,35.190000,13.825965
2005-08-09,35.250000,13.849539
2005-08-10,35.950000,14.124565
2005-08-11,36.080000,14.175642
2005-08-12,35.500000,13.947763
2005-08-15,36.540000,14.356373
2005-08-16,35.880000,14.097063
2005-08-17,36.310000,14.266007
2005-08-18,35.780000,14.057773
2005-08-19,35.600000,13.987052
2005-08-22,36.400000,14.301368
2005-08-23,36.030000,14.155997
2005-08-24,36.050000,14.163855
2005-08-25,36.400000,14.301368
2005-08-26,35.910000,14.108850
2005-08-29,35.700000,14.026342
2005-08-30,35.900000,14.104921
2005-08-31,36.840000,14.474242
2005-09-01,37.050000,14.556750
2005-09-02,36.730000,14.431023
2005-09-06,37.950000,14.910355
2005-09-07,37.960000,14.914284
2005-09-08,37.480000,14.725694
2005-09-09,37.630000,14.784629
2005-09-12,37.760000,14.835705
2005-09-13,36.970000,14.525318
2005-09-14,36.900000,14.497815
2005-09-15,37.330000,14.666760
2005-09-16,37.410000,14.698192
2005-09-19,36.340000,14.277794
2005-09-20,35.650000,14.006697
2005-09-21,35.350000,13.888829
2005-09-22,35.540000,13.963479
2005-09-23,35.890000,14.100992
2005-09-26,36.140000,14.199215
2005-09-27,35.920000,14.112779
2005-09-28,35.100000,13.790605
2005-09-29,35.720000,14.034200
2005-09-30,35.990000,14.140281
2005-10-03,35.670000,14.014555
2005-10-04,35.500000,13.947763
2005-10-05,35.400000,13.908473
2005-10-06,35.370000,13.896686
2005-10-07,35.230000,13.841681
2005-10-10,34.600000,13.594157
2005-10-11,34.000000,13.358421
2005-10-12,33.820000,13.287700
2005-10-13,34.030000,13.538336
2005-10-14,34.850000,13.864561
2005-10-17,34.450000,13.705427
2005-10-18,34.600000,13.765102
2005-10-19,35.710000,14.206699
2005-10-20,34.790000,13.840691
2005-10-21,35.950000,14.302180
2005-10-24,36.230000,14.413574
2005-10-25,35.740000,14.218634
2005-10-26,35.410000,14.087349
2005-10-27,34.590000,13.761124
2005-10-28,35.120000,13.971976
2005-10-31,35.000000,13.924236
2005-11-01,34.310000,13.649730
2005-11-02,35.570000,14.151002
2005-11-03,35.390000,14.079392
2005-11-04,35.500000,14.123154
2005-11-07,35.590000,14.158959
2005-11-08,35.200000,14.003803
2005-11-09,35.810000,14.246483
2005-11-10,36.070000,14.349920
2005-11-11,36.510000,14.524967
2005-11-14,36.270000,14.429487
2005-11-15,36.330000,14.453357
2005-11-16,36.160000,14.385725
2005-11-17,36.970000,14.707972
2005-11-18,37.340000,14.855171
2005-11-21,38.420000,15.284833
2005-11-22,37.760000,15.022262
2005-11-23,38.290000,15.233114
2005-11-25,38.460000,15.300746
2005-11-28,36.650000,14.580664
2005-11-29,37.000000,14.719907
2005-11-30,37.270000,14.827322
2005-12-01,38.220000,15.205266
2005-12-02,38.100000,15.157526
2005-12-05,37.620000,14.966565
2005-12-06,37.150000,14.779582
2005-12-07,36.600000,14.560773
2005-12-08,36.250000,14.421530
2005-12-09,36.230000,14.413574
2005-12-12,36.130000,14.373790
2005-12-13,36.550000,14.540881
2005-12-14,37.490000,14.914846
2005-12-15,36.720000,14.608513
2005-12-16,37.220000,14.807431
2005-12-19,36.650000,14.580664
2005-12-20,36.480000,14.513032
2005-12-21,36.450000,14.501097
2005-12-22,37.000000,14.719907
2005-12-23,37.410000,14.883019
2005-12-27,36.600000,14.560773
2005-12-28,36.850000,14.660231
2005-12-29,36.640000,14.576686
2005-12-30,36.100000,14.361855
2006-01-03,37.890000,15.073980
2006-01-04,37.740000,15.014305
2006-01-05,37.680000,14.990435
2006-01-06,37.900000,15.077959
2006-01-09,39.030000,15.527512
2006-01-10,39.060000,15.539448
2006-01-11,39.050000,15.535469
2006-01-12,38.720000,15.571664
2006-01-13,38.900000,15.644053
2006-01-17,38.540000,15.499275
2006-01-18,38.020000,15.290151
2006-01-19,38.970000,15.672204
2006-01-20,38.050000,15.302216
2006-01-23,38.540000,15.499275
2006-01-24,38.540000,15.499275
2006-01-25,38.290000,15.398735
2006-01-26,38.140000,15.338410
2006-01-27,38.830000,15.615901
2006-01-30,38.250000,15.382648
2006-01-31,37.000000,14.879947
2006-02-01,37.380000,15.032768
2006-02-02,36.420000,14.646694
2006-02-03,36.370000,14.626586
2006-02-06,36.290000,14.594413
2006-02-07,36.040000,14.493873
2006-02-08,36.530000,14.690932
2006-02-09,36.420000,14.646694
2006-02-10,36.740000,14.775385
2006-02-13,36.500000,14.678867
2006-02-14,38.250000,15.382648
2006-02-15,38.350000,15.422864
2006-02-16,38.210000,15.366562
2006-02-17,38.550000,15.503296
2006-02-21,38.170000,15.350475
2006-02-22,38.720000,15.571664
2006-02-23,38.700000,15.563620
2006-02-24,38.850000,15.623945
2006-02-27,39.340000,15.821003
2006-02-28,38.790000,15.599815
2006-03-01,40.480000,16.279467
2006-03-02,40.000000,16.086429
2006-03-03,40.080000,16.118602
2006-03-06,40.390000,16.243272
2006-03-07,39.570000,15.913500
2006-03-08,41.500000,16.689670
2006-03-09,40.870000,16.436309
2006-03-10,41.420000,16.657498
2006-03-13,41.910000,16.854556
2006-03-14,42.280000,17.003356
2006-03-15,43.230000,17.385409
2006-03-16,43.960000,17.678986
2006-03-17,43.690000,17.570402
2006-03-20,43.450000,17.473884
2006-03-21,42.090000,16.926945
2006-03-22,42.450000,17.071723
2006-03-23,43.600000,17.534208
2006-03-24,43.350000,17.433668
2006-03-27,43.000000,17.292912
2006-03-28,42.550000,17.111939
2006-03-29,43.000000,17.292912
2006-03-30,43.110000,17.337149
2006-03-31,43.910000,17.658878
2006-04-03,42.350000,17.031507
2006-04-04,42.110000,16.934989
2006-04-05,42.200000,16.971183
2006-04-06,42.100000,16.930967
2006-04-07,41.000000,16.488590
2006-04-10,41.000000,16.488590
2006-04-11,39.820000,16.179785
2006-04-12,40.300000,16.374820
2006-04-13,40.250000,16.354503
2006-04-17,40.010000,16.256986
2006-04-18,41.700000,16.943672
2006-04-19,42.100000,17.106201
2006-04-20,41.080000,16.691752
2006-04-21,41.240000,16.756763
2006-04-24,40.620000,16.504843
2006-04-25,40.200000,16.334187
2006-04-26,39.750000,16.151342
2006-04-27,40.220000,16.342314
2006-04-28,40.890000,16.614550
2006-05-01,40.350000,16.395136
2006-05-02,41.410000,16.825838
2006-05-03,41.450000,16.842091
2006-05-04,41.990000,17.061506
2006-05-05,42.070000,17.094011
2006-05-08,41.460000,16.846154
2006-05-09,41.680000,16.935545
2006-05-10,40.770000,16.565791
2006-05-11,38.810000,15.769398
2006-05-12,37.800000,15.359012
2006-05-15,37.870000,15.387455
2006-05-16,37.560000,15.261494
2006-05-17,37.020000,15.042080
2006-05-18,37.160000,15.098965
2006-05-19,37.100000,15.074586
2006-05-22,36.950000,15.013637
2006-05-23,36.390000,14.786096
2006-05-24,36.270000,14.737338
2006-05-25,37.370000,15.184293
2006-05-26,38.010000,15.444340
2006-05-30,36.120000,14.676389
2006-05-31,35.670000,14.493544
2006-06-01,36.050000,14.647947
2006-06-02,36.600000,14.871424
2006-06-05,36.600000,14.871424
2006-06-06,36.900000,14.993321
2006-06-07,36.510000,14.834855
2006-06-08,37.900000,15.399644
2006-06-09,37.870000,15.387455
2006-06-12,37.150000,15.094902
2006-06-13,37.280000,15.147724
2006-06-14,36.860000,14.977068
2006-06-15,38.800000,15.765335
2006-06-16,38.050000,15.460593
2006-06-19,36.640000,14.887677
2006-06-20,36.560000,14.855171
2006-06-21,37.700000,15.318380
2006-06-22,37.190000,15.111155
2006-06-23,36.940000,15.009574
2006-06-26,37.950000,15.419960
2006-06-27,37.150000,15.094902
2006-06-28,37.340000,15.172103
2006-06-29,39.860000,16.196037
2006-06-30,40.780000,16.569855
2006-07-03,41.890000,17.020873
2006-07-05,40.580000,16.488590
2006-07-06,40.420000,16.423578
2006-07-07,39.600000,16.090393
2006-07-10,40.200000,16.334187
2006-07-11,40.420000,16.423578
2006-07-12,41.380000,16.813649
2006-07-13,40.260000,16.526306
2006-07-14,40.100000,16.460628
2006-07-17,39.800000,16.337481
2006-07-18,41.160000,16.895746
2006-07-19,42.200000,17.322655
2006-07-20,41.010000,16.834173
2006-07-21,40.000000,16.419579
2006-07-24,41.570000,17.064047
2006-07-25,41.330000,16.965530
2006-07-26,40.680000,16.698711
2006-07-27,39.780000,16.329271
2006-07-28,40.410000,16.587879
2006-07-31,39.900000,16.378530
2006-08-01,39.210000,16.095292
2006-08-02,39.600000,16.255383
2006-08-03,41.180000,16.903956
2006-08-04,40.720000,16.715131
2006-08-07,40.250000,16.522201
2006-08-08,38.530000,15.816159
2006-08-09,38.370000,15.750481
2006-08-10,39.570000,16.243068
2006-08-11,38.850000,15.947516
2006-08-14,40.330000,16.555040
2006-08-15,40.960000,16.813649
2006-08-16,41.610000,17.080467
2006-08-17,41.910000,17.203614
2006-08-18,42.190000,17.318551
2006-08-21,42.610000,17.490956
2006-08-22,42.600000,17.486851
2006-08-23,41.610000,17.080467
2006-08-24,41.000000,16.830068
2006-08-25,41.160000,16.895746
2006-08-28,41.840000,17.174879
2006-08-29,42.950000,17.630523
2006-08-30,43.200000,17.733145
2006-08-31,43.660000,17.921970
2006-09-01,42.310000,17.367809
2006-09-05,43.680000,17.930180
2006-09-06,43.520000,17.864502
2006-09-07,42.640000,17.503271
2006-09-08,42.160000,17.306236
2006-09-11,42.800000,17.568949
2006-09-12,44.110000,18.106690
2006-09-13,44.660000,18.332460
2006-09-14,43.940000,18.036907
2006-09-15,44.490000,18.262676
2006-09-18,44.560000,18.291411
2006-09-19,44.850000,18.410453
2006-09-20,45.550000,18.697795
2006-09-21,44.800000,18.389928
2006-09-22,43.680000,17.930180
2006-09-25,44.400000,18.225732
2006-09-26,44.750000,18.369404
2006-09-27,45.230000,18.566439
2006-09-28,45.020000,18.480236
2006-09-29,45.000000,18.472026
2006-10-02,44.990000,18.467921
2006-10-03,45.050000,18.492550
2006-10-04,46.440000,19.063131
2006-10-05,47.140000,19.350473
2006-10-06,46.420000,19.054921
2006-10-09,46.780000,19.202697
2006-10-10,46.700000,19.169858
2006-10-11,45.900000,18.841467
2006-10-12,46.350000,19.026187
2006-10-13,47.600000,19.717973
2006-10-16,48.600000,20.132216
2006-10-17,48.710000,20.177783
2006-10-18,49.290000,20.418044
2006-10-19,48.550000,20.111504
2006-10-20,47.900000,19.842246
2006-10-23,48.020000,19.891955
2006-10-24,47.370000,19.622697
2006-10-25,48.110000,19.929237
2006-10-26,49.840000,20.645877
2006-10-27,48.460000,20.074222
2006-10-30,49.800000,20.629308
2006-10-31,48.600000,20.132216
2006-11-01,47.000000,19.469427
2006-11-02,45.610000,18.893629
2006-11-03,46.930000,19.440430
2006-11-06,48.330000,20.020370
2006-11-07,48.600000,20.132216
2006-11-08,49.280000,20.413901
2006-11-09,48.600000,20.132216
2006-11-10,48.500000,20.090792
2006-11-13,50.430000,20.890281
2006-11-14,53.230000,22.050162
2006-11-15,53.850000,22.306992
2006-11-16,53.950000,22.348417
2006-11-17,53.400000,22.120583
2006-11-20,54.460000,22.559681
2006-11-21,56.000000,23.197615
2006-11-22,56.010000,23.201757
2006-11-24,56.240000,23.297033
2006-11-27,53.330000,22.091586
2006-11-28,55.880000,23.147906
2006-11-29,56.310000,23.326030
2006-11-30,56.190000,23.276321
2006-12-01,56.160000,23.263894
2006-12-04,56.990000,23.607716
2006-12-05,56.480000,23.396452
2006-12-06,56.060000,23.222470
2006-12-07,56.190000,23.276321
2006-12-08,56.400000,23.363312
2006-12-11,56.100000,23.239039
2006-12-12,55.800000,23.114766
2006-12-13,55.780000,23.106482
2006-12-14,56.110000,23.243182
2006-12-15,56.150000,23.259752
2006-12-18,55.840000,23.131336
2006-12-19,55.320000,22.915930
2006-12-20,55.900000,23.156191
2006-12-21,55.130000,22.837224
2006-12-22,54.780000,22.692238
2006-12-26,55.650000,23.052630
2006-12-27,56.590000,23.442018
2006-12-28,56.300000,23.321888
2006-12-29,55.190000,22.862078
2007-01-03,56.320000,23.330173
2007-01-04,56.790000,23.524867
2007-01-05,55.550000,23.011206
2007-01-08,54.580000,22.609390
2007-01-09,54.430000,22.547253
2007-01-10,54.800000,22.700523
2007-01-11,55.020000,22.791657
2007-01-12,54.580000,22.783308
2007-01-16,54.270000,22.653905
2007-01-17,54.390000,22.703997
2007-01-18,52.830000,22.052806
2007-01-19,52.720000,22.006889
2007-01-22,52.150000,21.768954
2007-01-23,52.310000,21.835743
2007-01-24,53.040000,22.140467
2007-01-25,52.250000,21.810697
2007-01-26,53.800000,22.457713
2007-01-29,54.090000,22.578768
2007-01-30,54.250000,22.645556
2007-01-31,53.920000,22.507805
2007-02-01,54.020000,22.549548
2007-02-02,54.660000,22.816703
2007-02-05,54.280000,22.658079
2007-02-06,55.210000,23.046289
2007-02-07,56.590000,23.622342
2007-02-08,56.970000,23.780965
2007-02-09,58.500000,24.419632
2007-02-12,56.880000,23.743396
2007-02-13,57.200000,23.876974
2007-02-14,56.300000,23.501287
2007-02-15,55.840000,23.309269
2007-02-16,56.740000,23.684956
2007-02-20,58.350000,24.357018
2007-02-21,57.990000,24.206743
2007-02-22,57.250000,23.897845
2007-02-23,58.550000,24.440504
2007-02-26,58.950000,24.607476
2007-02-27,56.720000,23.676608
2007-02-28,57.280000,23.910368
2007-03-01,57.820000,24.135780
2007-03-02,57.860000,24.152477
2007-03-05,57.000000,23.793488
2007-03-06,59.340000,24.770273
2007-03-07,60.370000,25.200226
2007-03-08,59.060000,24.653393
2007-03-09,60.250000,25.150134
2007-03-12,58.760000,24.528164
2007-03-13,57.180000,23.868625
2007-03-14,56.900000,23.751745
2007-03-15,58.000000,24.210917
2007-03-16,57.410000,23.964634
2007-03-19,57.610000,24.048120
2007-03-20,57.190000,23.872799
2007-03-21,58.290000,24.331972
2007-03-22,57.560000,24.027248
2007-03-23,57.670000,24.073166
2007-03-26,56.980000,23.785139
2007-03-27,56.390000,23.538856
2007-03-28,55.430000,23.138123
2007-03-29,55.780000,23.284224
2007-03-30,56.900000,23.751745
2007-04-02,55.820000,23.300921
2007-04-03,55.850000,23.313444
2007-04-04,55.250000,23.062986
2007-04-05,54.900000,22.916886
2007-04-09,54.820000,22.883491
2007-04-10,54.600000,22.791657
2007-04-11,53.030000,22.136292
2007-04-12,53.850000,22.666654
2007-04-13,53.560000,22.544587
2007-04-16,55.200000,23.234899
2007-04-17,55.720000,23.453778
2007-04-18,55.420000,23.327502
2007-04-19,53.920000,22.696119
2007-04-20,55.610000,23.407477
2007-04-23,56.310000,23.702122
2007-04-24,56.080000,23.605310
2007-04-25,55.610000,23.407477
2007-04-26,54.720000,23.032856
2007-04-27,54.170000,22.801349
2007-04-30,51.920000,21.854274
2007-05-01,52.110000,21.934250
2007-05-02,52.250000,21.993179
2007-05-03,51.870000,21.833228
2007-05-04,51.960000,21.871111
2007-05-07,51.800000,21.803764
2007-05-08,52.330000,22.026853
2007-05-09,53.480000,22.510913
2007-05-10,51.250000,21.572257
2007-05-11,53.000000,22.308870
2007-05-14,51.470000,21.664860
2007-05-15,49.720000,20.928246
2007-05-16,49.660000,20.902991
2007-05-17,48.270000,20.317909
2007-05-18,47.200000,19.867522
2007-05-21,46.810000,19.703363
2007-05-22,48.010000,20.208469
2007-05-23,47.190000,19.863313
2007-05-24,46.280000,19.480274
2007-05-25,46.750000,19.678107
2007-05-29,47.460000,19.976962
2007-05-30,49.730000,20.932455
2007-05-31,49.240000,20.726203
2007-06-01,49.580000,20.869317
2007-06-04,48.950000,20.604136
2007-06-05,47.800000,20.120076
2007-06-06,47.040000,19.800175
2007-06-07,45.570000,19.181419
2007-06-08,47.070000,19.812802
2007-06-11,46.150000,19.425554
2007-06-12,45.090000,18.979377
2007-06-13,46.410000,19.534994
2007-06-14,45.200000,19.025678
2007-06-15,45.380000,19.101444
2007-06-18,45.520000,19.160373
2007-06-19,45.530000,19.164582
2007-06-20,43.950000,18.499526
2007-06-21,45.010000,18.945703
2007-06-22,45.120000,18.992004
2007-06-25,44.960000,18.924657
2007-06-26,45.420000,19.118281
2007-06-27,45.800000,19.278231
2007-06-28,45.590000,19.189838
2007-06-29,45.350000,19.088816
2007-07-02,46.610000,19.619178
2007-07-03,46.530000,19.585504
2007-07-05,47.120000,19.833849
2007-07-06,46.670000,19.644434
2007-07-09,46.030000,19.375043
2007-07-10,44.770000,18.844682
2007-07-11,44.980000,18.933075
2007-07-12,45.030000,18.954121
2007-07-13,45.530000,19.353692
2007-07-16,45.000000,19.128402
2007-07-17,45.080000,19.162408
2007-07-18,45.090000,19.166659
2007-07-19,45.100000,19.170910
2007-07-20,44.800000,19.043387
2007-07-23,44.510000,18.920115
2007-07-24,43.920000,18.669321
2007-07-25,43.760000,18.601309
2007-07-26,43.220000,18.371768
2007-07-27,42.320000,17.989200
2007-07-30,42.790000,18.188985
2007-07-31,43.370000,18.435529
2007-08-01,43.980000,18.694825
2007-08-02,43.900000,18.660819
2007-08-03,43.370000,18.435529
2007-08-06,43.760000,18.601309
2007-08-07,43.300000,18.405774
2007-08-08,44.080000,18.737333
2007-08-09,45.080000,19.162408
2007-08-10,46.280000,19.672499
2007-08-13,45.930000,19.523723
2007-08-14,45.690000,19.421705
2007-08-15,45.690000,19.421705
2007-08-16,46.730000,19.863783
2007-08-17,48.690000,20.696931
2007-08-20,48.600000,20.658675
2007-08-21,48.490000,20.611916
2007-08-22,48.700000,20.701182
2007-08-23,48.500000,20.616167
2007-08-24,48.920000,20.794699
2007-08-27,48.770000,20.730937
2007-08-28,47.000000,19.978554
2007-08-29,48.400000,20.573659
2007-08-30,48.750000,20.722436
2007-08-31,50.060000,21.279285
2007-09-04,50.700000,21.551333
2007-09-05,50.280000,21.372802
2007-09-06,49.500000,21.041243
2007-09-07,47.890000,20.356871
2007-09-10,46.570000,19.795771
2007-09-11,47.810000,20.322865
2007-09-12,47.510000,20.195342
2007-09-13,47.740000,20.293110
2007-09-14,48.140000,20.463140
2007-09-17,47.430000,20.161336
2007-09-18,49.150000,20.892466
2007-09-19,50.000000,21.253780
2007-09-20,49.940000,21.228276
2007-09-21,50.550000,21.487572
2007-09-24,50.750000,21.572587
2007-09-25,50.720000,21.559835
2007-09-26,50.840000,21.610844
2007-09-27,51.040000,21.695859
2007-09-28,51.500000,21.891394
2007-10-01,52.680000,22.392983
2007-10-02,53.930000,22.924328
2007-10-03,53.720000,22.835062
2007-10-04,54.460000,23.149618
2007-10-05,56.540000,24.033775
2007-10-08,56.410000,23.978515
2007-10-09,56.790000,24.140044
2007-10-10,58.400000,24.824415
2007-10-11,58.960000,25.062458
2007-10-12,59.400000,25.249491
2007-10-15,57.710000,24.726763
2007-10-16,56.240000,24.096918
2007-10-17,56.580000,24.242596
2007-10-18,56.020000,24.002656
2007-10-19,53.610000,22.970053
2007-10-22,55.020000,23.574190
2007-10-23,55.570000,23.809846
2007-10-24,55.290000,23.689875
2007-10-25,54.850000,23.501351
2007-10-26,54.720000,23.445650
2007-10-29,54.490000,23.347103
2007-10-30,54.350000,23.287118
2007-10-31,54.820000,23.488497
2007-11-01,54.090000,23.175717
2007-11-02,52.900000,22.665842
2007-11-05,52.140000,22.340208
2007-11-06,53.660000,22.991476
2007-11-07,51.140000,21.911742
2007-11-08,51.550000,22.087413
2007-11-09,54.220000,23.231417
2007-11-12,56.820000,24.345428
2007-11-13,59.930000,25.677957
2007-11-14,61.370000,26.294948
2007-11-15,62.580000,26.813391
2007-11-16,61.180000,26.213539
2007-11-19,57.850000,24.786748
2007-11-20,56.090000,24.032648
2007-11-21,56.500000,24.208319
2007-11-23,58.230000,24.949565
2007-11-26,55.260000,23.677022
2007-11-27,55.130000,23.621321
2007-11-28,58.650000,25.129521
2007-11-29,58.160000,24.919572
2007-11-30,57.090000,24.461114
2007-12-03,55.200000,23.651314
2007-12-04,54.110000,23.184286
2007-12-05,56.200000,24.079779
2007-12-06,57.430000,24.606792
2007-12-07,56.710000,24.298297
2007-12-10,57.910000,24.812456
2007-12-11,53.260000,22.820090
2007-12-12,53.560000,22.948630
2007-12-13,54.600000,23.394234
2007-12-14,52.720000,22.588718
2007-12-17,50.560000,21.663232
2007-12-18,53.550000,22.944345
2007-12-19,53.420000,22.888644
2007-12-20,55.260000,23.677022
2007-12-21,56.950000,24.401129
2007-12-24,58.420000,25.030974
2007-12-26,57.900000,24.808171
2007-12-27,54.940000,23.539912
2007-12-28,52.920000,22.674411
2007-12-31,53.430000,22.892929
2008-01-02,53.770000,23.038607
2008-01-03,52.090000,22.318785
2008-01-04,51.090000,21.890319
2008-01-07,51.750000,22.173106
2008-01-08,49.760000,21.320459
2008-01-09,52.010000,22.284508
2008-01-10,52.080000,22.314500
2008-01-11,51.020000,21.860326
2008-01-14,50.920000,21.817480
2008-01-15,50.210000,21.713690
2008-01-16,51.700000,22.358052
2008-01-17,50.430000,21.808831
2008-01-18,48.500000,20.974188
2008-01-22,50.560000,21.865050
2008-01-23,54.120000,23.404599
2008-01-24,53.040000,22.937545
2008-01-25,53.000000,22.920246
2008-01-28,54.950000,23.763538
2008-01-29,52.890000,22.872676
2008-01-30,51.670000,22.345078
2008-01-31,51.230000,22.154797
2008-02-01,54.340000,23.499739
2008-02-04,55.410000,23.962469
2008-02-05,52.900000,22.877001
2008-02-06,52.260000,22.600228
2008-02-07,52.310000,22.621851
2008-02-08,51.000000,22.055331
2008-02-11,49.960000,21.605576
2008-02-12,50.240000,21.726664
2008-02-13,50.400000,21.795857
2008-02-14,50.140000,21.683418
2008-02-15,51.000000,22.055331
2008-02-19,50.020000,21.631523
2008-02-20,48.400000,20.930942
2008-02-21,46.530000,20.122247
2008-02-22,47.550000,20.563353
2008-02-25,48.320000,20.896345
2008-02-26,49.030000,21.203390
2008-02-27,48.290000,20.883372
2008-02-28,47.560000,20.567678
2008-02-29,46.400000,20.066027
2008-03-03,47.500000,20.541730
2008-03-04,47.380000,20.489835
2008-03-05,46.970000,20.312528
2008-03-06,45.060000,19.486534
2008-03-07,46.050000,19.914667
2008-03-10,45.520000,19.685464
2008-03-11,49.490000,21.402321
2008-03-12,50.810000,21.973165
2008-03-13,51.510000,22.275885
2008-03-14,48.720000,21.069328
2008-03-17,48.180000,20.835801
2008-03-18,50.600000,21.882348
2008-03-19,49.750000,21.514760
2008-03-20,51.910000,22.448868
2008-03-24,52.540000,22.721316
2008-03-25,52.420000,22.669421
2008-03-26,51.710000,22.362376
2008-03-27,51.190000,22.137498
2008-03-28,49.630000,21.462865
2008-03-31,50.240000,21.726664
2008-04-01,53.490000,23.132151
2008-04-02,54.160000,23.421897
2008-04-03,54.560000,23.594880
2008-04-04,52.660000,22.773211
2008-04-07,52.180000,22.565631
2008-04-08,53.300000,23.049984
2008-04-09,51.180000,22.133174
2008-04-10,52.180000,22.565631
2008-04-11,50.320000,21.761260
2008-04-14,50.360000,21.983893
2008-04-15,51.040000,22.280737
2008-04-16,53.750000,23.463746
2008-04-17,51.800000,22.612503
2008-04-18,52.440000,22.891886
2008-04-21,51.730000,22.581946
2008-04-22,50.160000,21.896586
2008-04-23,50.630000,22.101758
2008-04-24,50.380000,21.992624
2008-04-25,50.150000,21.892221
2008-04-28,50.320000,21.966432
2008-04-29,50.510000,22.049373
2008-04-30,49.900000,21.783087
2008-05-01,51.030000,22.276371
2008-05-02,51.000000,22.263275
2008-05-05,51.660000,22.551388
2008-05-06,51.390000,22.433524
2008-05-07,50.600000,22.088661
2008-05-08,49.320000,21.529897
2008-05-09,50.780000,22.167238
2008-05-12,51.710000,22.573215
2008-05-13,52.440000,22.891886
2008-05-14,51.390000,22.433524
2008-05-15,51.990000,22.695445
2008-05-16,50.940000,22.237083
2008-05-19,50.850000,22.197795
2008-05-20,50.540000,22.062469
2008-05-21,50.340000,21.975162
2008-05-22,50.000000,21.826741
2008-05-23,50.860000,22.202161
2008-05-27,52.000000,22.699810
2008-05-28,51.160000,22.333121
2008-05-29,51.420000,22.446620
2008-05-30,50.420000,22.010085
2008-06-02,50.240000,21.931509
2008-06-03,50.600000,22.088661
2008-06-04,51.390000,22.433524
2008-06-05,52.130000,22.756560
2008-06-06,50.000000,21.826741
2008-06-09,49.670000,21.682684
2008-06-10,49.400000,21.564820
2008-06-11,49.200000,21.477513
2008-06-12,49.560000,21.634665
2008-06-13,50.080000,21.861663
2008-06-16,50.580000,22.079931
2008-06-17,48.220000,21.049709
2008-06-18,46.850000,20.451656
2008-06-19,47.650000,20.800884
2008-06-20,48.650000,21.237419
2008-06-23,47.700000,20.822711
2008-06-24,47.050000,20.538963
2008-06-25,48.470000,21.158842
2008-06-26,47.190000,20.600078
2008-06-27,46.810000,20.434195
2008-06-30,46.990000,20.512771
2008-07-01,48.350000,21.106458
2008-07-02,48.010000,20.958036
2008-07-03,47.950000,20.931844
2008-07-07,47.860000,20.892556
2008-07-08,49.700000,21.695780
2008-07-09,47.100000,20.560790
2008-07-10,47.880000,20.901287
2008-07-11,48.430000,21.141381
2008-07-14,47.000000,20.517136
2008-07-15,46.050000,20.305483
2008-07-16,48.110000,21.213828
2008-07-17,49.000000,21.606268
2008-07-18,47.550000,20.966899
2008-07-21,47.550000,20.966899
2008-07-22,49.210000,21.698867
2008-07-23,50.230000,22.148630
2008-07-24,48.400000,21.341702
2008-07-25,48.780000,21.509261
2008-07-28,47.100000,20.768474
2008-07-29,49.200000,21.694457
2008-07-30,49.570000,21.857607
2008-07-31,48.470000,21.372568
2008-08-01,48.940000,21.579812
2008-08-04,48.490000,21.381387
2008-08-05,49.320000,21.747371
2008-08-06,49.240000,21.712095
2008-08-07,48.810000,21.522489
2008-08-08,45.540000,20.080601
2008-08-11,47.030000,20.737608
2008-08-12,47.000000,20.724380
2008-08-13,47.470000,20.931624
2008-08-14,48.280000,21.288789
2008-08-15,47.570000,20.975718
2008-08-18,46.270000,20.402491
2008-08-19,46.500000,20.503908
2008-08-20,44.840000,19.771940
2008-08-21,44.450000,19.599972
2008-08-22,45.440000,20.036507
2008-08-25,44.240000,19.507374
2008-08-26,44.260000,19.516193
2008-08-27,44.140000,19.463279
2008-08-28,46.010000,20.287845
2008-08-29,45.720000,20.159971
2008-09-02,45.810000,20.199656
2008-09-03,46.960000,20.706742
2008-09-04,46.660000,20.574459
2008-09-05,45.610000,20.111467
2008-09-08,47.960000,21.147686
2008-09-09,45.570000,20.093830
2008-09-10,46.320000,20.424538
2008-09-11,46.900000,20.680286
2008-09-12,46.480000,20.495089
2008-09-15,44.980000,19.833673
2008-09-16,47.000000,20.724380
2008-09-17,45.930000,20.252570
2008-09-18,50.310000,22.183905
2008-09-19,51.390000,22.660125
2008-09-22,49.620000,21.879654
2008-09-23,49.560000,21.853197
2008-09-24,46.970000,20.711152
2008-09-25,47.530000,20.958080
2008-09-26,48.280000,21.288789
2008-09-29,48.890000,21.557765
2008-09-30,50.540000,22.285323
2008-10-01,48.940000,21.579812
2008-10-02,45.860000,20.221704
2008-10-03,43.850000,19.335406
2008-10-06,43.100000,19.004697
2008-10-07,42.700000,18.828320
2008-10-08,42.000000,18.519659
2008-10-09,37.040000,16.332575
2008-10-10,36.130000,15.931316
2008-10-13,37.780000,16.658874
2008-10-14,34.760000,15.327222
2008-10-15,32.880000,14.696969
2008-10-16,35.100000,15.689283
2008-10-17,34.260000,15.313813
2008-10-20,34.020000,15.206535
2008-10-21,34.750000,15.532837
2008-10-22,33.450000,14.951752
2008-10-23,32.620000,14.580752
2008-10-24,30.580000,13.668896
2008-10-27,28.710000,12.833029
2008-10-28,32.480000,14.518174
2008-10-29,31.660000,14.151644
2008-10-30,33.270000,14.871294
2008-10-31,36.590000,16.355295
2008-11-03,35.900000,16.046873
2008-11-04,37.020000,16.547500
2008-11-05,34.100000,15.242295
2008-11-06,33.460000,14.956222
2008-11-07,35.310000,15.783150
2008-11-10,35.190000,15.729512
2008-11-11,35.060000,15.671403
2008-11-12,33.350000,14.907053
2008-11-13,38.070000,17.016837
2008-11-14,33.160000,14.822126
2008-11-17,31.190000,13.941559
2008-11-18,30.820000,13.776174
2008-11-19,27.100000,12.113378
2008-11-20,24.670000,11.027197
2008-11-21,26.260000,11.737908
2008-11-24,30.160000,13.481161
2008-11-25,31.980000,14.294680
2008-11-26,34.730000,15.523897
2008-11-28,35.200000,15.733981
2008-12-01,29.350000,13.119101
2008-12-02,32.280000,14.428776
2008-12-03,34.650000,15.488138
2008-12-04,33.910000,15.157367
2008-12-05,36.660000,16.386584
2008-12-08,37.650000,16.829102
2008-12-09,34.030000,15.211005
2008-12-10,37.440000,16.735235
2008-12-11,33.540000,14.991981
2008-12-12,36.950000,16.516211
2008-12-15,35.730000,15.970885
2008-12-16,40.000000,17.879524
2008-12-17,40.830000,18.250525
2008-12-18,39.280000,17.557693
2008-12-19,39.310000,17.571103
2008-12-22,40.010000,17.883994
2008-12-23,38.560000,17.235862
2008-12-24,38.050000,17.007898
2008-12-26,39.080000,17.468295
2008-12-29,37.470000,16.748644
2008-12-30,38.580000,17.244801
2008-12-31,39.500000,17.656030
2009-01-02,38.520000,17.217982
2009-01-05,37.000000,16.538560
2009-01-06,39.050000,17.454886
2009-01-07,37.090000,16.578789
2009-01-08,36.480000,16.306126
2009-01-09,34.230000,15.300403
2009-01-12,33.490000,14.969632
2009-01-13,34.360000,15.358511
2009-01-14,31.370000,14.183000
2009-01-15,32.440000,14.666768
2009-01-16,33.250000,15.032985
2009-01-20,31.210000,14.110661
2009-01-21,33.860000,15.308778
2009-01-22,33.350000,15.078197
2009-01-23,33.650000,15.213833
2009-01-26,33.500000,15.146015
2009-01-27,34.050000,15.394681
2009-01-28,36.800000,16.638011
2009-01-29,33.980000,15.363033
2009-01-30,32.700000,14.784319
2009-02-02,33.760000,15.263566
2009-02-03,33.670000,15.222875
2009-02-04,33.640000,15.209312
2009-02-05,32.590000,14.734586
2009-02-06,34.760000,15.715686
2009-02-09,35.140000,15.887492
2009-02-10,33.020000,14.928998
2009-02-11,32.970000,14.906392
2009-02-12,32.340000,14.621556
2009-02-13,31.060000,14.042843
2009-02-17,28.700000,12.975840
2009-02-18,28.560000,12.912543
2009-02-19,26.490000,11.976655
2009-02-20,27.800000,12.568932
2009-02-23,26.600000,12.026388
2009-02-24,27.650000,12.501114
2009-02-25,26.490000,11.976655
2009-02-26,25.600000,11.574268
2009-02-27,25.770000,11.651129
2009-03-02,23.680000,10.706198
2009-03-03,22.610000,10.222430
2009-03-04,22.840000,10.326417
2009-03-05,21.270000,9.616589
2009-03-06,20.440000,9.241330
2009-03-09,20.230000,9.146385
2009-03-10,22.920000,10.362587
2009-03-11,22.370000,10.113921
2009-03-12,25.090000,11.343687
2009-03-13,24.760000,11.194488
2009-03-16,23.060000,10.425884
2009-03-17,24.950000,11.280390
2009-03-18,26.690000,12.067079
2009-03-19,24.790000,11.208051
2009-03-20,22.230000,10.050624
2009-03-23,24.990000,11.298475
2009-03-24,22.780000,10.299290
2009-03-25,23.630000,10.683592
2009-03-26,24.230000,10.954864
2009-03-27,22.900000,10.353545
2009-03-30,22.330000,10.095836
2009-03-31,22.970000,10.385193
2009-04-01,23.160000,10.471096
2009-04-02,25.160000,11.375336
2009-04-03,28.390000,12.835683
2009-04-06,27.540000,12.451381
2009-04-07,25.940000,11.727989
2009-04-08,26.430000,11.949528
2009-04-09,29.550000,13.360142
2009-04-13,29.360000,13.274239
2009-04-14,26.860000,12.307423
2009-04-15,28.630000,13.118449
2009-04-16,31.260000,14.323532
2009-04-17,30.120000,13.801176
2009-04-20,29.240000,13.397955
2009-04-21,31.640000,14.497650
2009-04-22,33.000000,15.120811
2009-04-23,32.000000,14.662604
2009-04-24,32.680000,14.974185
2009-04-27,30.500000,13.975295
2009-04-28,31.630000,14.493068
2009-04-29,32.950000,15.097900
2009-04-30,31.840000,14.589291
2009-05-01,30.480000,13.966131
2009-05-04,32.000000,14.662604
2009-05-05,30.330000,13.897400
2009-05-06,30.550000,13.998205
2009-05-07,30.590000,14.016533
2009-05-08,32.550000,14.914618
2009-05-11,32.660000,14.965020
2009-05-12,31.600000,14.479322
2009-05-13,28.940000,13.260493
2009-05-14,31.030000,14.218144
2009-05-15,30.220000,13.846997
2009-05-18,31.830000,14.584709
2009-05-19,31.160000,14.277711
2009-05-20,29.930000,13.714117
2009-05-21,29.390000,13.466686
2009-05-22,29.120000,13.342970
2009-05-26,30.330000,13.897400
2009-05-27,28.330000,12.980987
2009-05-28,27.860000,12.765630
2009-05-29,28.710000,13.155105
2009-06-01,30.050000,13.769102
2009-06-02,30.140000,13.810340
2009-06-03,30.380000,13.920310
2009-06-04,31.770000,14.557217
2009-06-05,32.210000,14.758828
2009-06-08,31.900000,14.616784
2009-06-09,31.660000,14.506814
2009-06-10,31.130000,14.263965
2009-06-11,30.060000,13.773684
2009-06-12,30.700000,14.066936
2009-06-15,28.830000,13.210090
2009-06-16,28.530000,13.072628
2009-06-17,28.830000,13.210090
2009-06-18,29.350000,13.448357
2009-06-19,29.230000,13.393373
2009-06-22,28.160000,12.903092
2009-06-23,29.000000,13.287985
2009-06-24,29.060000,13.315477
2009-06-25,29.510000,13.521670
2009-06-26,29.660000,13.590401
2009-06-29,29.620000,13.572073
2009-06-30,29.570000,13.549163
2009-07-01,30.100000,13.792012
2009-07-02,28.990000,13.283403
2009-07-06,29.940000,13.718699
2009-07-07,28.960000,13.269657
2009-07-08,28.400000,13.013061
2009-07-09,28.290000,12.962659
2009-07-10,28.400000,13.013061
2009-07-13,29.140000,13.352134
2009-07-14,28.850000,13.219254
2009-07-15,30.180000,14.018169
2009-07-16,30.510000,14.171449
2009-07-17,30.570000,14.199318
2009-07-20,31.190000,14.487299
2009-07-21,31.360000,14.566262
2009-07-22,31.520000,14.640579
2009-07-23,33.050000,15.351242
2009-07-24,32.530000,15.109710
2009-07-27,32.870000,15.267635
2009-07-28,33.540000,15.578840
2009-07-29,32.590000,15.137579
2009-07-30,34.250000,15.908625
2009-07-31,33.870000,15.732120
2009-08-03,33.980000,15.783213
2009-08-04,34.100000,15.838952
2009-08-05,34.020000,15.801793
2009-08-06,34.000000,15.792503
2009-08-07,33.750000,15.676382
2009-08-10,33.560000,15.588130
2009-08-11,32.770000,15.221186
2009-08-12,32.960000,15.309438
2009-08-13,32.980000,15.318728
2009-08-14,33.150000,15.397691
2009-08-17,30.610000,14.217898
2009-08-18,31.360000,14.566262
2009-08-19,31.110000,14.450140
2009-08-20,31.290000,14.533748
2009-08-21,32.240000,14.975009
2009-08-24,31.820000,14.779925
2009-08-25,31.910000,14.821729
2009-08-26,32.340000,15.021457
2009-08-27,33.200000,15.420915
2009-08-28,32.890000,15.276924
2009-08-31,32.590000,15.137579
2009-09-01,31.270000,14.524458
2009-09-02,30.650000,14.236477
2009-09-03,31.320000,14.547682
2009-09-04,31.240000,14.510524
2009-09-08,31.670000,14.710252
2009-09-09,32.320000,15.012168
2009-09-10,32.360000,15.030747
2009-09-11,32.010000,14.868177
2009-09-14,32.670000,15.174738
2009-09-15,33.150000,15.397691
2009-09-16,33.000000,15.328018
2009-09-17,32.970000,15.314083
2009-09-18,32.490000,15.091130
2009-09-21,32.300000,15.002878
2009-09-22,32.830000,15.249055
2009-09-23,33.380000,15.504522
2009-09-24,32.530000,15.109710
2009-09-25,32.610000,15.146869
2009-09-28,33.620000,15.615999
2009-09-29,32.700000,15.188672
2009-09-30,32.100000,14.909981
2009-10-01,31.370000,14.570907
2009-10-02,31.500000,14.631290
2009-10-05,31.660000,14.705607
2009-10-06,32.440000,15.067906
2009-10-07,32.080000,14.900691
2009-10-08,32.540000,15.114355
2009-10-09,32.940000,15.300149
2009-10-12,32.600000,15.142224
2009-10-13,32.260000,14.984299
2009-10-14,32.460000,15.247346
2009-10-15,32.270000,15.158098
2009-10-16,31.980000,15.021877
2009-10-19,32.410000,15.223860
2009-10-20,31.750000,14.913840
2009-10-21,31.510000,14.801105
2009-10-22,31.730000,14.904445
2009-10-23,31.630000,14.857472
2009-10-26,31.670000,14.876261
2009-10-27,31.520000,14.805802
2009-10-28,30.500000,14.326681
2009-10-29,31.190000,14.650792
2009-10-30,30.760000,14.448810
2009-11-02,30.620000,14.383048
2009-11-03,30.430000,14.293800
2009-11-04,28.980000,13.612695
2009-11-05,29.730000,13.964991
2009-11-06,29.480000,13.847559
2009-11-09,30.460000,14.307891
2009-11-10,30.000000,14.091817
2009-11-11,30.290000,14.228038
2009-11-12,29.710000,13.955596
2009-11-13,29.900000,14.044844
2009-11-16,30.620000,14.383048
2009-11-17,30.060000,14.120001
2009-11-18,30.720000,14.430020
2009-11-19,30.000000,14.091817
2009-11-20,30.280000,14.223341
2009-11-23,30.590000,14.368956
2009-11-24,30.410000,14.284405
2009-11-25,30.310000,14.237432
2009-11-27,29.850000,14.021358
2009-11-30,30.860000,14.495782
2009-12-01,32.590000,15.308410
2009-12-02,32.300000,15.172190
2009-12-03,32.090000,15.073547
2009-12-04,32.610000,15.317805
2009-12-07,32.950000,15.477512
2009-12-08,32.240000,15.144006
2009-12-09,31.660000,14.871564
2009-12-10,30.820000,14.476993
2009-12-11,30.900000,14.514571
2009-12-14,31.660000,14.871564
2009-12-15,31.280000,14.693068
2009-12-16,30.990000,14.556847
2009-12-17,30.570000,14.359561
2009-12-18,30.570000,14.359561
2009-12-21,31.300000,14.702462
2009-12-22,32.730000,15.374172
2009-12-23,32.680000,15.350686
2009-12-24,32.910000,15.458723
2009-12-28,32.950000,15.477512
2009-12-29,33.100000,15.547971
2009-12-30,33.320000,15.651311
2009-12-31,32.760000,15.388264
2010-01-04,33.100000,15.547971
2010-01-05,32.550000,15.289621
2010-01-06,32.250000,15.148703
2010-01-07,33.160000,15.576155
2010-01-08,34.490000,16.200892
2010-01-11,34.690000,16.294838
2010-01-12,34.300000,16.111644
2010-01-13,34.510000,16.382228
2010-01-14,34.720000,16.481917
2010-01-15,33.830000,16.059426
2010-01-19,34.830000,16.534136
2010-01-20,34.920000,16.576859
2010-01-21,34.340000,16.301528
2010-01-22,34.100000,16.187598
2010-01-25,35.190000,16.705031
2010-01-26,35.320000,16.766743
2010-01-27,35.440000,16.823708
2010-01-28,35.260000,16.738261
2010-01-29,35.640000,16.918650
2010-02-01,35.720000,16.956627
2010-02-02,35.680000,16.937639
2010-02-03,35.220000,16.719272
2010-02-04,34.860000,16.548377
2010-02-05,35.020000,16.624330
2010-02-08,33.630000,15.964484
2010-02-09,33.280000,15.798336
2010-02-10,33.130000,15.727129
2010-02-11,32.800000,15.570475
2010-02-12,33.300000,15.807830
2010-02-16,33.680000,15.988219
2010-02-17,34.050000,16.163862
2010-02-18,34.310000,16.287287
2010-02-19,34.980000,16.605342
2010-02-22,35.240000,16.728766
2010-02-23,35.560000,16.880674
2010-02-24,35.950000,17.065810
2010-02-25,35.830000,17.008845
2010-02-26,35.680000,16.937639
2010-03-01,36.250000,17.208223
2010-03-02,36.570000,17.360130
2010-03-03,36.660000,17.402854
2010-03-04,37.080000,17.602232
2010-03-05,38.000000,18.038965
2010-03-08,38.290000,18.176631
2010-03-09,38.420000,18.238343
2010-03-10,38.710000,18.376009
2010-03-11,38.980000,18.504180
2010-03-12,38.870000,18.451962
2010-03-15,38.060000,18.067448
2010-03-16,38.630000,18.338032
2010-03-17,39.340000,18.675076
2010-03-18,39.230000,18.622858
2010-03-19,38.860000,18.447215
2010-03-22,40.250000,19.107062
2010-03-23,40.830000,19.382393
2010-03-24,41.010000,19.467841
2010-03-25,40.980000,19.453600
2010-03-26,40.560000,19.254222
2010-03-29,41.410000,19.657725
2010-03-30,41.110000,19.515312
2010-03-31,41.400000,19.652978
2010-04-01,41.200000,19.558036
2010-04-05,41.950000,19.914068
2010-04-06,41.930000,19.904574
2010-04-07,41.420000,19.662472
2010-04-08,41.640000,19.766908
2010-04-09,41.940000,19.909321
2010-04-12,42.000000,19.937803
2010-04-13,43.990000,20.882476
2010-04-14,43.320000,20.734101
2010-04-15,42.480000,20.332055
2010-04-16,41.580000,19.901291
2010-04-19,41.040000,19.642833
2010-04-20,40.210000,19.245573
2010-04-21,41.150000,19.695482
2010-04-22,41.360000,19.795993
2010-04-23,41.480000,19.853428
2010-04-26,41.650000,19.934795
2010-04-27,40.130000,19.207283
2010-04-28,40.260000,19.269504
2010-04-29,41.100000,19.671550
2010-04-30,39.530000,18.920107
2010-05-03,40.780000,19.518390
2010-05-04,40.380000,19.326939
2010-05-05,40.180000,19.231214
2010-05-06,39.040000,18.685580
2010-05-07,38.760000,18.551564
2010-05-10,40.990000,19.618901
2010-05-11,40.850000,19.551894
2010-05-12,41.150000,19.695482
2010-05-13,40.650000,19.456168
2010-05-14,39.500000,18.905748
2010-05-17,39.350000,18.833954
2010-05-18,38.400000,18.379259
2010-05-19,37.490000,17.943709
2010-05-20,35.650000,17.063036
2010-05-21,36.130000,17.292777
2010-05-24,35.800000,17.134830
2010-05-25,35.640000,17.058250
2010-05-26,35.910000,17.187479
2010-05-27,38.680000,18.513274
2010-05-28,38.350000,18.355327
2010-06-01,37.530000,17.962854
2010-06-02,38.370000,18.364900
2010-06-03,38.980000,18.656862
2010-06-04,37.440000,17.919777
2010-06-07,37.940000,18.159091
2010-06-08,38.550000,18.451053
2010-06-09,39.200000,18.762160
2010-06-10,41.090000,19.666764
2010-06-11,41.840000,20.025734
2010-06-14,41.650000,19.934795
2010-06-15,42.180000,20.188467
2010-06-16,42.080000,20.140604
2010-06-17,42.460000,20.322482
2010-06-18,41.890000,20.049665
2010-06-21,41.540000,19.882146
2010-06-22,41.180000,19.709841
2010-06-23,40.910000,19.580611
2010-06-24,40.650000,19.456168
2010-06-25,41.670000,19.944368
2010-06-28,41.450000,19.839070
2010-06-29,40.670000,19.465741
2010-06-30,40.630000,19.446596
2010-07-01,41.310000,19.772062
2010-07-02,40.940000,19.594970
2010-07-06,40.090000,19.188138
2010-07-07,41.700000,19.958726
2010-07-08,42.320000,20.255475
2010-07-09,42.490000,20.336841
2010-07-12,41.990000,20.097528
2010-07-13,42.620000,20.399063
2010-07-14,41.910000,20.230116
2010-07-15,41.730000,20.143230
2010-07-16,40.430000,19.515715
2010-07-19,40.830000,19.708796
2010-07-20,41.450000,20.008073
2010-07-21,40.270000,19.438482
2010-07-22,42.040000,20.292868
2010-07-23,42.950000,20.732128
2010-07-26,43.750000,21.118291
2010-07-27,43.640000,21.065194
2010-07-28,43.370000,20.934864
2010-07-29,42.970000,20.741782
2010-07-30,42.300000,20.418371
2010-08-02,43.570000,21.031405
2010-08-03,43.630000,21.060367
2010-08-04,44.120000,21.296892
2010-08-05,43.680000,21.084502
2010-08-06,43.060000,20.785226
2010-08-09,43.440000,20.968653
2010-08-10,43.270000,20.886594
2010-08-11,41.780000,20.167365
2010-08-12,41.960000,20.254252
2010-08-13,41.460000,20.012900
2010-08-16,41.580000,20.070824
2010-08-17,41.920000,20.234943
2010-08-18,41.810000,20.181846
2010-08-19,40.790000,19.689488
2010-08-20,41.000000,19.790856
2010-08-23,40.930000,19.757067
2010-08-24,41.010000,19.795683
2010-08-25,42.200000,20.370100
2010-08-26,41.850000,20.201154
2010-08-27,42.470000,20.500431
2010-08-30,42.040000,20.292868
2010-08-31,41.340000,19.954975
2010-09-01,42.380000,20.456987
2010-09-02,43.160000,20.833496
2010-09-03,43.710000,21.098983
2010-09-07,43.190000,20.847977
2010-09-08,43.550000,21.021751
2010-09-09,43.260000,20.881767
2010-09-10,43.540000,21.016924
2010-09-13,44.250000,21.359643
2010-09-14,43.950000,21.214832
2010-09-15,44.190000,21.330681
2010-09-16,42.760000,20.640415
2010-09-17,42.550000,20.539047
2010-09-20,44.200000,21.335508
2010-09-21,43.320000,20.910729
2010-09-22,42.910000,20.712820
2010-09-23,41.680000,20.119095
2010-09-24,42.690000,20.606625
2010-09-27,41.920000,20.234943
2010-09-28,42.000000,20.273560
2010-09-29,41.990000,20.268733
2010-09-30,41.950000,20.249425
2010-10-01,42.460000,20.495603
2010-10-04,42.820000,20.669377
2010-10-05,43.330000,20.915556
2010-10-06,43.460000,20.978307
2010-10-07,43.460000,20.978307
2010-10-08,43.600000,21.045886
2010-10-11,43.640000,21.065194
2010-10-12,43.530000,21.012097
2010-10-13,44.460000,21.639977
2010-10-14,44.120000,21.474489
2010-10-15,43.650000,21.245727
2010-10-18,44.370000,21.596171
2010-10-19,44.110000,21.469622
2010-10-20,44.490000,21.654579
2010-10-21,44.100000,21.464755
2010-10-22,44.350000,21.586437
2010-10-25,44.510000,21.664314
2010-10-26,43.960000,21.396613
2010-10-27,42.800000,20.832007
2010-10-28,42.420000,20.647050
2010-10-29,42.680000,20.773599
2010-11-01,43.320000,21.085106
2010-11-02,44.460000,21.639977
2010-11-03,43.520000,21.182452
2010-11-04,44.910000,21.859005
2010-11-05,44.570000,21.693517
2010-11-08,44.630000,21.722721
2010-11-09,42.990000,20.924485
2010-11-10,43.740000,21.289532
2010-11-11,43.820000,21.328470
2010-11-12,43.050000,20.953689
2010-11-15,43.600000,21.221390
2010-11-16,43.230000,21.041300
2010-11-17,43.110000,20.982893
2010-11-18,43.350000,21.099708
2010-11-19,43.500000,21.172717
2010-11-22,43.440000,21.143513
2010-11-23,43.570000,21.206788
2010-11-24,43.900000,21.367409
2010-11-26,43.700000,21.270063
2010-11-29,43.270000,21.060769
2010-11-30,42.570000,20.720059
2010-12-01,42.810000,20.836874
2010-12-02,43.400000,21.124044
2010-12-03,43.790000,21.313869
2010-12-06,44.240000,21.532897
2010-12-07,45.020000,21.912545
2010-12-08,44.680000,21.747058
2010-12-09,44.490000,21.654579
2010-12-10,44.290000,21.557233
2010-12-13,44.330000,21.576702
2010-12-14,45.710000,22.248389
2010-12-15,45.660000,22.224052
2010-12-16,45.940000,22.360336
2010-12-17,46.700000,22.730250
2010-12-20,47.570000,23.153705
2010-12-21,47.280000,23.012553
2010-12-22,47.190000,22.968748
2010-12-23,46.780000,22.769189
2010-12-27,47.120000,22.934677
2010-12-28,47.820000,23.275387
2010-12-29,48.140000,23.431140
2010-12-30,48.150000,23.436008
2010-12-31,47.350000,23.046624
2011-01-03,48.180000,23.450609
2011-01-04,47.780000,23.255918
2011-01-05,47.420000,23.080695
2011-01-06,46.610000,22.686445
2011-01-07,46.630000,22.696179
2011-01-10,47.130000,22.939544
2011-01-11,46.860000,22.808127
2011-01-12,46.670000,22.891512
2011-01-13,46.800000,22.955276
2011-01-14,47.090000,23.097520
2011-01-18,47.830000,23.460489
2011-01-19,46.480000,22.798317
2011-01-20,46.840000,22.974896
2011-01-21,46.630000,22.871892
2011-01-24,47.140000,23.122045
2011-01-25,47.670000,23.382009
2011-01-26,47.910000,23.499728
2011-01-27,48.400000,23.740072
2011-01-28,47.190000,23.146570
2011-01-31,47.350000,23.225050
2011-02-01,48.320000,23.700832
2011-02-02,47.430000,23.264290
2011-02-03,46.880000,22.994516
2011-02-04,46.450000,22.783602
2011-02-07,46.520000,22.817937
2011-02-08,46.300000,22.710028
2011-02-09,46.160000,22.641358
2011-02-10,46.170000,22.646263
2011-02-11,46.530000,22.822842
2011-02-14,46.180000,22.651168
2011-02-15,45.490000,22.312725
2011-02-16,45.780000,22.454969
2011-02-17,45.770000,22.450064
2011-02-18,46.020000,22.572688
2011-02-22,45.840000,22.484399
2011-02-23,45.580000,22.356869
2011-02-24,45.450000,22.293105
2011-02-25,46.100000,22.611928
2011-02-28,46.000000,22.562878
2011-03-01,45.400000,22.268580
2011-03-02,44.170000,21.665268
2011-03-03,44.280000,21.719223
2011-03-04,44.040000,21.601504
2011-03-07,43.420000,21.297395
2011-03-08,44.360000,21.758463
2011-03-09,44.320000,21.738843
2011-03-10,43.110000,21.145341
2011-03-11,42.900000,21.042337
2011-03-14,42.940000,21.061956
2011-03-15,43.120000,21.150246
2011-03-16,42.300000,20.748038
2011-03-17,42.440000,20.816708
2011-03-18,42.990000,21.086481
2011-03-21,43.330000,21.253250
2011-03-22,43.630000,21.400400
2011-03-23,43.270000,21.223821
2011-03-24,43.320000,21.248345
2011-03-25,43.820000,21.493594
2011-03-28,43.640000,21.405305
2011-03-29,43.440000,21.307205
2011-03-30,43.860000,21.513214
2011-03-31,44.550000,21.851657
2011-04-01,44.040000,21.601504
2011-04-04,43.930000,21.547549
2011-04-05,44.260000,21.709413
2011-04-06,44.290000,21.724128
2011-04-07,43.120000,21.150246
2011-04-08,42.800000,20.993287
2011-04-11,42.920000,21.052146
2011-04-12,42.470000,20.831423
2011-04-13,42.020000,20.786901
2011-04-14,42.530000,21.039193
2011-04-15,42.880000,21.212334
2011-04-18,42.480000,21.014458
2011-04-19,42.250000,20.900679
2011-04-20,42.630000,21.088662
2011-04-21,42.620000,21.083715
2011-04-25,42.290000,20.920467
2011-04-26,42.450000,20.999618
2011-04-27,42.820000,21.182653
2011-04-28,43.500000,21.519043
2011-04-29,43.790000,21.662503
2011-05-02,43.780000,21.657556
2011-05-03,43.270000,21.405264
2011-05-04,42.880000,21.212334
2011-05-05,42.630000,21.088662
2011-05-06,42.200000,20.875945
2011-05-09,42.500000,21.024352
2011-05-10,42.500000,21.024352
2011-05-11,41.950000,20.752272
2011-05-12,41.630000,20.593971
2011-05-13,41.820000,20.687962
2011-05-16,41.820000,20.687962
2011-05-17,41.450000,20.504927
2011-05-18,41.640000,20.598918
2011-05-19,41.680000,20.618706
2011-05-20,41.220000,20.391148
2011-05-23,40.500000,20.034971
2011-05-24,40.040000,19.807413
2011-05-25,39.730000,19.654059
2011-05-26,39.860000,19.718369
2011-05-27,39.570000,19.574908
2011-05-31,39.920000,19.748050
2011-06-01,39.430000,19.505652
2011-06-02,39.100000,19.342404
2011-06-03,38.780000,19.184103
2011-06-06,38.310000,18.951598
2011-06-07,38.300000,18.946651
2011-06-08,38.050000,18.822979
2011-06-09,37.790000,18.694359
2011-06-10,37.160000,18.382704
2011-06-13,37.160000,18.382704
2011-06-14,37.720000,18.659731
2011-06-15,37.780000,18.689412
2011-06-16,38.910000,19.248413
2011-06-17,38.900000,19.243466
2011-06-20,38.970000,19.278094
2011-06-21,38.490000,19.040643
2011-06-22,38.300000,18.946651
2011-06-23,37.910000,18.753722
2011-06-24,38.320000,18.956545
2011-06-27,38.190000,18.892235
2011-06-28,38.690000,19.139581
2011-06-29,39.080000,19.332510
2011-06-30,39.370000,19.475970
2011-07-01,39.820000,19.698581
2011-07-05,39.820000,19.698581
2011-07-06,40.210000,19.891510
2011-07-07,40.770000,20.168537
2011-07-08,40.640000,20.104227
2011-07-11,40.170000,19.871723
2011-07-12,40.430000,20.000342
2011-07-13,39.920000,19.925472
2011-07-14,39.450000,19.690879
2011-07-15,39.960000,19.945438
2011-07-18,39.890000,19.910498
2011-07-19,40.320000,20.125126
2011-07-20,40.950000,20.439581
2011-07-21,41.170000,20.549391
2011-07-22,41.010000,20.469529
2011-07-25,40.750000,20.339754
2011-07-26,41.060000,20.494486
2011-07-27,40.210000,20.070221
2011-07-28,39.900000,19.915489
2011-07-29,39.450000,19.690879
2011-08-01,39.350000,19.640965
2011-08-02,38.070000,19.002072
2011-08-03,38.220000,19.076943
2011-08-04,37.720000,18.827375
2011-08-05,36.790000,18.363179
2011-08-08,33.420000,16.681094
2011-08-09,36.390000,18.163525
2011-08-10,33.580000,16.760956
2011-08-11,35.220000,17.579537
2011-08-12,34.880000,17.409831
2011-08-15,35.630000,17.784183
2011-08-16,35.320000,17.629451
2011-08-17,35.410000,17.674373
2011-08-18,33.970000,16.955618
2011-08-19,33.780000,16.860783
2011-08-22,33.660000,16.800887
2011-08-23,34.050000,16.995549
2011-08-24,34.430000,17.185221
2011-08-25,33.830000,16.885740
2011-08-26,33.970000,16.955618
2011-08-29,35.510000,17.724286
2011-08-30,35.690000,17.814131
2011-08-31,35.380000,17.659399
2011-09-01,34.750000,17.344944
2011-09-02,33.750000,16.845809
2011-09-06,33.630000,16.785913
2011-09-07,34.900000,17.419814
2011-09-08,34.230000,17.085394
2011-09-09,33.110000,16.526362
2011-09-12,33.310000,16.626189
2011-09-13,33.700000,16.820852
2011-09-14,33.680000,16.810869
2011-09-15,34.140000,17.040471
2011-09-16,34.880000,17.409831
2011-09-19,33.830000,16.885740
2011-09-20,33.510000,16.726016
2011-09-21,31.830000,15.887469
2011-09-22,31.540000,15.742720
2011-09-23,32.230000,16.087123
2011-09-26,33.110000,16.526362
2011-09-27,33.820000,16.880748
2011-09-28,33.380000,16.661129
2011-09-29,34.100000,17.020506
2011-09-30,33.810000,16.875757
2011-10-03,33.780000,16.860783
2011-10-04,36.270000,18.103629
2011-10-05,35.730000,17.834096
2011-10-06,35.830000,17.884010
2011-10-07,35.040000,17.489693
2011-10-10,35.970000,17.953889
2011-10-11,35.230000,17.584529
2011-10-12,35.200000,17.569555
2011-10-13,34.700000,17.498954
2011-10-14,35.360000,17.831787
2011-10-17,34.050000,17.171163
2011-10-18,35.030000,17.665370
2011-10-19,34.540000,17.418267
2011-10-20,34.210000,17.251850
2011-10-21,34.890000,17.594769
2011-10-24,35.570000,17.937688
2011-10-25,34.910000,17.604855
2011-10-26,35.160000,17.730928
2011-10-27,36.140000,18.225135
2011-10-28,36.660000,18.487367
2011-10-31,35.840000,18.073847
2011-11-01,34.390000,17.342623
2011-11-02,35.000000,17.650241
2011-11-03,34.990000,17.645199
2011-11-04,34.970000,17.635113
2011-11-07,34.780000,17.539297
2011-11-08,35.060000,17.680499
2011-11-09,33.410000,16.848416
2011-11-10,33.770000,17.029962
2011-11-11,34.550000,17.423310
2011-11-14,33.580000,16.934146
2011-11-15,34.190000,17.241764
2011-11-16,33.650000,16.969446
2011-11-17,33.500000,16.893803
2011-11-18,33.900000,17.095520
2011-11-21,33.400000,16.843373
2011-11-22,33.250000,16.767729
2011-11-23,32.620000,16.450025
2011-11-25,32.260000,16.268480
2011-11-28,33.390000,16.838330
2011-11-29,33.270000,16.777815
2011-11-30,34.910000,17.604855
2011-12-01,34.460000,17.377923
2011-12-02,34.570000,17.433396
2011-12-05,34.550000,17.423310
2011-12-06,34.750000,17.524168
2011-12-07,35.110000,17.705714
2011-12-08,33.660000,16.974489
2011-12-09,35.010000,17.655284
2011-12-12,34.360000,17.327494
2011-12-13,33.750000,17.019876
2011-12-14,33.600000,16.944232
2011-12-15,34.450000,17.372880
2011-12-16,35.070000,17.685542
2011-12-19,34.650000,17.473739
2011-12-20,35.880000,18.094019
2011-12-21,36.040000,18.174706
2011-12-22,36.350000,18.331036
2011-12-23,36.050000,18.179749
2011-12-27,36.030000,18.169663
2011-12-28,35.510000,17.907431
2011-12-29,35.610000,17.957860
2011-12-30,35.420000,17.862044
2012-01-03,35.800000,18.053676
2012-01-04,35.050000,17.675456
2012-01-05,34.500000,17.398095
2012-01-06,34.220000,17.256893
2012-01-09,33.570000,16.929103
2012-01-10,33.440000,16.863545
2012-01-11,34.500000,17.398095
2012-01-12,34.420000,17.540786
2012-01-13,34.100000,17.377711
2012-01-17,34.030000,17.342038
2012-01-18,34.410000,17.535690
2012-01-19,34.390000,17.525498
2012-01-20,34.400000,17.530594
2012-01-23,34.400000,17.530594
2012-01-24,34.410000,17.535690
2012-01-25,34.390000,17.525498
2012-01-26,34.890000,17.780303
2012-01-27,35.520000,18.101357
2012-01-30,35.730000,18.208375
2012-01-31,35.640000,18.162511
2012-02-01,36.140000,18.417316
2012-02-02,36.230000,18.463181
2012-02-03,36.440000,18.570199
2012-02-06,36.390000,18.544718
2012-02-07,36.420000,18.560007
2012-02-08,36.640000,18.672121
2012-02-09,36.710000,18.707794
2012-02-10,36.660000,18.682313
2012-02-13,37.500000,19.110386
2012-02-14,37.480000,19.100193
2012-02-15,37.320000,19.018656
2012-02-16,38.420000,19.579227
2012-02-17,38.230000,19.482401
2012-02-21,38.220000,19.477305
2012-02-22,37.730000,19.227596
2012-02-23,38.020000,19.375383
2012-02-24,37.810000,19.268365
2012-02-27,37.940000,19.334614
2012-02-28,38.170000,19.451825
2012-02-29,37.860000,19.293845
2012-03-01,38.000000,19.365191
2012-03-02,37.940000,19.334614
2012-03-05,38.020000,19.375383
2012-03-06,37.860000,19.293845
2012-03-07,37.700000,19.212308
2012-03-08,37.360000,19.039040
2012-03-09,37.250000,18.982983
2012-03-12,36.990000,18.850484
2012-03-13,37.300000,19.008464
2012-03-14,37.550000,19.135866
2012-03-15,38.930000,19.839128
2012-03-16,38.930000,19.839128
2012-03-19,39.750000,20.257009
2012-03-20,39.600000,20.180567
2012-03-21,39.750000,20.257009
2012-03-22,39.380000,20.068453
2012-03-23,39.850000,20.307970
2012-03-26,40.070000,20.420084
2012-03-27,40.120000,20.445565
2012-03-28,40.620000,20.700370
2012-03-29,40.280000,20.527102
2012-03-30,40.360000,20.567871
2012-04-02,40.700000,20.741139
2012-04-03,40.540000,20.659601
2012-04-04,40.360000,20.567871
2012-04-05,40.240000,20.506718
2012-04-09,39.820000,20.292682
2012-04-10,39.380000,20.068453
2012-04-11,39.940000,20.353835
2012-04-12,39.470000,20.297268
2012-04-13,39.390000,20.256128
2012-04-16,39.820000,20.477254
2012-04-17,40.120000,20.631527
2012-04-18,39.420000,20.271556
2012-04-19,39.010000,20.060715
2012-04-20,39.530000,20.328123
2012-04-23,39.240000,20.178991
2012-04-24,39.970000,20.554390
2012-04-25,40.100000,20.621242
2012-04-26,40.000000,20.569818
2012-04-27,40.420000,20.785801
2012-04-30,40.010000,20.574960
2012-05-01,39.710000,20.420687
2012-05-02,40.090000,20.616100
2012-05-03,39.810000,20.472111
2012-05-04,39.290000,20.204704
2012-05-07,39.980000,20.559533
2012-05-08,40.150000,20.646955
2012-05-09,40.140000,20.641812
2012-05-10,40.270000,20.708664
2012-05-11,40.560000,20.857795
2012-05-14,40.760000,20.960644
2012-05-15,41.080000,21.125203
2012-05-16,40.590000,20.873223
2012-05-17,40.100000,20.621242
2012-05-18,39.730000,20.430972
2012-05-21,40.070000,20.605815
2012-05-22,40.110000,20.626385
2012-05-23,39.880000,20.508108
2012-05-24,40.240000,20.693237
2012-05-25,40.200000,20.672667
2012-05-29,40.340000,20.744661
2012-05-30,40.260000,20.703522
2012-05-31,40.160000,20.652097
2012-06-01,39.810000,20.472111
2012-06-04,40.600000,20.878365
2012-06-05,41.810000,21.500602
2012-06-06,42.880000,22.050845
2012-06-07,42.730000,21.973708
2012-06-08,43.320000,22.277113
2012-06-11,41.640000,21.413180
2012-06-12,41.630000,21.408038
2012-06-13,41.330000,21.253764
2012-06-14,41.890000,21.541742
2012-06-15,42.510000,21.860574
2012-06-18,42.350000,21.778295
2012-06-19,43.300000,22.266828
2012-06-20,43.290000,22.261685
2012-06-21,42.750000,21.983993
2012-06-22,42.720000,21.968565
2012-06-25,42.520000,21.865716
2012-06-26,42.390000,21.798864
2012-06-27,42.650000,21.932568
2012-06-28,42.550000,21.881144
2012-06-29,42.870000,22.045702
2012-07-02,43.200000,22.215403
2012-07-03,43.030000,22.127982
2012-07-05,43.000000,22.112554
2012-07-06,43.030000,22.127982
2012-07-09,43.060000,22.143409
2012-07-10,43.450000,22.343965
2012-07-11,42.900000,22.061130
2012-07-12,42.530000,21.870859
2012-07-13,42.620000,22.104245
2012-07-16,42.470000,22.026449
2012-07-17,42.920000,22.259835
2012-07-18,42.540000,22.062754
2012-07-19,42.000000,21.782691
2012-07-20,41.990000,21.777504
2012-07-23,41.430000,21.487069
2012-07-24,41.100000,21.315919
2012-07-25,41.120000,21.326292
2012-07-26,41.030000,21.279614
2012-07-27,42.110000,21.839741
2012-07-30,42.060000,21.813809
2012-07-31,41.640000,21.595982
2012-08-01,41.300000,21.419646
2012-08-02,41.170000,21.352223
2012-08-03,41.110000,21.321105
2012-08-06,41.020000,21.274428
2012-08-07,40.750000,21.134396
2012-08-08,40.590000,21.051415
2012-08-09,41.040000,21.284801
2012-08-10,41.760000,21.658218
2012-08-13,41.290000,21.414460
2012-08-14,41.900000,21.730827
2012-08-15,42.420000,22.000518
2012-08-16,41.900000,21.730827
2012-08-17,42.560000,22.073127
2012-08-20,42.740000,22.166481
2012-08-21,42.840000,22.218345
2012-08-22,43.160000,22.384308
2012-08-23,42.800000,22.197599
2012-08-24,42.880000,22.239090
2012-08-27,43.070000,22.337631
2012-08-28,43.020000,22.311699
2012-08-29,43.090000,22.348003
2012-08-30,43.000000,22.301326
2012-08-31,43.110000,22.358376
2012-09-04,43.040000,22.322072
2012-09-05,43.780000,22.705862
2012-09-06,44.640000,23.151889
2012-09-07,44.640000,23.151889
2012-09-10,44.670000,23.167448
2012-09-11,43.940000,22.788844
2012-09-12,44.930000,23.302293
2012-09-13,45.230000,23.457883
2012-09-14,44.870000,23.271175
2012-09-17,45.280000,23.483815
2012-09-18,45.480000,23.587542
2012-09-19,45.600000,23.649779
2012-09-20,45.690000,23.696456
2012-09-21,45.830000,23.769065
2012-09-24,45.400000,23.546051
2012-09-25,45.260000,23.473443
2012-09-26,45.200000,23.442324
2012-09-27,44.910000,23.291920
2012-09-28,44.400000,23.027416
2012-10-01,44.760000,23.214125
2012-10-02,44.090000,22.866639
2012-10-03,43.940000,22.788844
2012-10-04,43.880000,22.757726
2012-10-05,44.630000,23.146702
2012-10-08,44.620000,23.141516
2012-10-09,44.490000,23.074093
2012-10-10,44.830000,23.250429
2012-10-11,45.070000,23.374902
2012-10-12,45.210000,23.447511
2012-10-15,45.340000,23.703682
2012-10-16,44.870000,23.457967
2012-10-17,44.400000,23.212251
2012-10-18,44.560000,23.295899
2012-10-19,44.050000,23.029272
2012-10-22,43.820000,22.909028
2012-10-23,43.820000,22.909028
2012-10-24,43.900000,22.950852
2012-10-25,43.580000,22.783557
2012-10-26,43.980000,22.992676
2012-10-31,43.270000,22.621489
2012-11-01,43.320000,22.647629
2012-11-02,44.040000,23.024044
2012-11-05,43.780000,22.888116
2012-11-06,44.270000,23.144288
2012-11-07,43.620000,22.804469
2012-11-08,42.840000,22.396686
2012-11-09,42.700000,22.323494
2012-11-12,42.250000,22.088235
2012-11-13,41.950000,21.931395
2012-11-14,41.030000,21.450421
2012-11-15,40.990000,21.429509
2012-11-16,40.810000,21.335405
2012-11-19,41.080000,21.476561
2012-11-20,41.270000,21.575892
2012-11-21,41.480000,21.685680
2012-11-23,41.720000,21.811152
2012-11-26,42.750000,22.349634
2012-11-27,42.410000,22.171883
2012-11-28,42.390000,22.161427
2012-11-29,42.710000,22.328722
2012-11-30,42.600000,22.271214
2012-12-03,42.600000,22.271214
2012-12-04,42.750000,22.349634
2012-12-05,42.060000,21.988903
2012-12-06,42.360000,22.145743
2012-12-07,42.510000,22.224162
2012-12-10,42.580000,22.260758
2012-12-11,42.810000,22.381002
2012-12-12,41.780000,21.842519
2012-12-13,41.380000,21.633400
2012-12-14,41.350000,21.617716
2012-12-17,42.670000,22.307810
2012-12-18,42.730000,22.339178
2012-12-19,41.980000,21.947079
2012-12-20,42.310000,22.119603
2012-12-21,41.450000,21.669996
2012-12-24,41.930000,21.920939
2012-12-26,41.720000,21.811152
2012-12-27,41.620000,21.758872
2012-12-28,41.570000,21.732732
2012-12-31,42.790000,22.370546
2013-01-02,43.800000,22.898572
2013-01-03,43.670000,22.830609
2013-01-04,43.680000,22.835837
2013-01-07,43.460000,22.720821
2013-01-08,43.300000,22.637173
2013-01-09,43.780000,22.888116
2013-01-10,43.680000,22.835837
2013-01-11,43.800000,22.898572
2013-01-14,43.710000,22.851521
2013-01-15,43.180000,22.761907
2013-01-16,43.530000,22.946406
2013-01-17,42.940000,22.635393
2013-01-18,43.230000,22.788264
2013-01-22,43.430000,22.893692
2013-01-23,43.250000,22.798807
2013-01-24,43.640000,23.004391
2013-01-25,43.390000,22.872606
2013-01-28,43.900000,23.141448
2013-01-29,44.020000,23.204704
2013-01-30,43.290000,22.819892
2013-01-31,42.750000,22.535236
2013-02-01,43.370000,22.862063
2013-02-04,43.510000,22.935863
2013-02-05,43.340000,22.846249
2013-02-06,43.060000,22.698650
2013-02-07,42.600000,22.456165
2013-02-08,42.830000,22.577408
2013-02-11,43.540000,22.951677
2013-02-12,43.860000,23.120362
2013-02-13,44.100000,23.246876
2013-02-14,43.600000,22.983306
2013-02-15,43.490000,22.925320
2013-02-19,44.180000,23.289047
2013-02-20,43.250000,22.798807
2013-02-21,43.050000,22.693378
2013-02-22,44.220000,23.310132
2013-02-25,42.810000,22.566865
2013-02-26,43.440000,22.898963
2013-02-27,43.020000,22.677564
2013-02-28,43.760000,23.067648
2013-03-01,44.340000,23.373389
2013-03-04,44.940000,23.689673
2013-03-05,44.810000,23.621145
2013-03-06,44.640000,23.531531
2013-03-07,44.330000,23.368118
2013-03-08,43.130000,22.735550
2013-03-11,43.140000,22.740821
2013-03-12,42.550000,22.429808
2013-03-13,42.450000,22.377094
2013-03-14,42.460000,22.382366
2013-03-15,43.000000,22.667021
2013-03-18,42.680000,22.498337
2013-03-19,42.660000,22.487794
2013-03-20,42.350000,22.324380
2013-03-21,41.430000,21.839412
2013-03-22,42.570000,22.440351
2013-03-25,43.900000,23.141448
2013-03-26,43.670000,23.020205
2013-03-27,43.680000,23.025477
2013-03-28,43.740000,23.057105
2013-04-01,43.970000,23.178347
2013-04-02,44.150000,23.273233
2013-04-03,43.890000,23.136176
2013-04-04,43.930000,23.157262
2013-04-05,44.040000,23.215247
2013-04-08,44.400000,23.405018
2013-04-09,44.080000,23.236333
2013-04-10,44.510000,23.463003
2013-04-11,44.630000,23.526260
2013-04-12,44.640000,23.722888
2013-04-15,43.860000,23.308375
2013-04-16,44.540000,23.669745
2013-04-17,43.450000,23.090490
2013-04-18,43.190000,22.952319
2013-04-19,43.790000,23.271175
2013-04-22,43.980000,23.372146
2013-04-23,44.490000,23.643174
2013-04-24,44.760000,23.786659
2013-04-25,44.880000,23.850430
2013-04-26,44.550000,23.675059
2013-04-29,44.540000,23.669745
2013-04-30,44.800000,23.807916
2013-05-01,43.570000,23.154261
2013-05-02,43.910000,23.334946
2013-05-03,44.200000,23.489060
2013-05-06,44.530000,23.664431
2013-05-07,44.670000,23.738830
2013-05-08,44.720000,23.765402
2013-05-09,44.010000,23.388089
2013-05-10,44.420000,23.605974
2013-05-13,45.140000,23.988601
2013-05-14,45.250000,24.047058
2013-05-15,46.030000,24.461571
2013-05-16,46.070000,24.482828
2013-05-17,47.300000,25.136483
2013-05-20,47.450000,25.216197
2013-05-21,47.830000,25.418139
2013-05-22,45.890000,24.387171
2013-05-23,45.440000,24.148029
2013-05-24,45.580000,24.222429
2013-05-28,46.140000,24.520028
2013-05-29,44.840000,23.829173
2013-05-30,45.020000,23.924830
2013-05-31,44.790000,23.802602
2013-06-03,45.110000,23.972658
2013-06-04,44.870000,23.845116
2013-06-05,45.050000,23.940773
2013-06-06,45.600000,24.233057
2013-06-07,44.990000,23.908887
2013-06-10,45.080000,23.956715
2013-06-11,44.890000,23.855744
2013-06-12,43.900000,23.329632
2013-06-13,44.750000,23.781345
2013-06-14,44.620000,23.712259
2013-06-17,44.620000,23.712259
2013-06-18,44.690000,23.749459
2013-06-19,43.740000,23.244604
2013-06-20,42.660000,22.670663
2013-06-21,43.050000,22.877919
2013-06-24,43.340000,23.032033
2013-06-25,43.950000,23.356203
2013-06-26,43.940000,23.350889
2013-06-27,45.190000,24.015172
2013-06-28,44.460000,23.627231
2013-07-01,44.910000,23.866373
2013-07-02,46.010000,24.450942
2013-07-03,46.000000,24.445628
2013-07-05,46.320000,24.615684
2013-07-08,46.320000,24.615684
2013-07-09,46.720000,24.828255
2013-07-10,46.500000,24.711341
2013-07-11,47.710000,25.354368
2013-07-12,47.610000,25.301225
2013-07-15,47.550000,25.461868
2013-07-16,47.900000,25.649284
2013-07-17,47.550000,25.461868
2013-07-18,48.120000,25.767089
2013-07-19,48.030000,25.718896
2013-07-22,48.300000,25.863474
2013-07-23,47.910000,25.654639
2013-07-24,47.190000,25.269096
2013-07-25,48.370000,25.900958
2013-07-26,48.490000,25.965215
2013-07-29,47.860000,25.627865
2013-07-30,47.830000,25.611801
2013-07-31,45.380000,24.299885
2013-08-01,46.050000,24.658654
2013-08-02,45.720000,24.481947
2013-08-05,46.010000,24.637235
2013-08-06,45.900000,24.578333
2013-08-07,45.390000,24.305240
2013-08-08,45.380000,24.299885
2013-08-09,46.410000,24.851425
2013-08-12,45.860000,24.556914
2013-08-13,45.350000,24.283821
2013-08-14,45.540000,24.385562
2013-08-15,44.800000,23.989310
2013-08-16,43.440000,23.261063
2013-08-19,43.140000,23.100420
2013-08-20,43.960000,23.539510
2013-08-21,43.200000,23.132548
2013-08-22,43.730000,23.416351
2013-08-23,44.480000,23.817957
2013-08-26,44.580000,23.871505
2013-08-27,44.370000,23.759055
2013-08-28,44.520000,23.839376
2013-08-29,44.600000,23.882214
2013-08-30,43.410000,23.244998
2013-09-03,43.540000,23.314610
2013-09-04,43.660000,23.378867
2013-09-05,43.190000,23.127194
2013-09-06,43.100000,23.079001
2013-09-09,44.080000,23.603767
2013-09-10,43.970000,23.544865
2013-09-11,44.250000,23.694798
2013-09-12,44.000000,23.560929
2013-09-13,44.580000,23.871505
2013-09-16,44.330000,23.737636
2013-09-17,44.360000,23.753700
2013-09-18,45.730000,24.487302
2013-09-19,45.890000,24.572978
2013-09-20,46.190000,24.733621
2013-09-23,46.490000,24.894263
2013-09-24,46.350000,24.819297
2013-09-25,45.860000,24.556914
2013-09-26,46.410000,24.851425
2013-09-27,46.430000,24.862135
2013-09-30,46.250000,24.765749
2013-10-01,47.330000,25.344063
2013-10-02,46.930000,25.129873
2013-10-03,45.980000,24.621171
2013-10-04,46.080000,24.674718
2013-10-07,46.180000,24.728266
2013-10-08,45.900000,24.578333
2013-10-09,45.860000,24.556914
2013-10-10,47.010000,25.172711
2013-10-11,48.220000,25.820636
2013-10-14,48.350000,25.890248
2013-10-15,48.180000,25.992752
2013-10-16,48.440000,26.133020
2013-10-17,48.750000,26.300262
2013-10-18,48.500000,26.165389
2013-10-21,48.340000,26.079071
2013-10-22,48.550000,26.192364
2013-10-23,48.550000,26.192364
2013-10-24,48.540000,26.186969
2013-10-25,48.720000,26.284078
2013-10-28,48.620000,26.230128
2013-10-29,48.500000,26.165389
2013-10-30,48.300000,26.057491
2013-10-31,47.000000,25.356150
2013-11-01,47.040000,25.377730
2013-11-04,47.160000,25.442469
2013-11-05,46.680000,25.183513
2013-11-06,47.830000,25.803929
2013-11-07,47.300000,25.517998
2013-11-08,47.640000,25.701426
2013-11-11,47.140000,25.431679
2013-11-12,47.660000,25.712216
2013-11-13,48.200000,26.003542
2013-11-14,47.890000,25.836299
2013-11-15,47.650000,25.706821
2013-11-18,47.540000,25.647476
2013-11-19,47.530000,25.642082
2013-11-20,47.190000,25.458654
2013-11-21,48.380000,26.100650
2013-11-22,48.600000,26.219339
2013-11-25,48.710000,26.278683
2013-11-26,48.840000,26.348817
2013-11-27,49.070000,26.472900
2013-11-29,48.440000,26.133020
2013-12-02,47.450000,25.598922
2013-12-03,47.920000,25.852484
2013-12-04,47.820000,25.798534
2013-12-05,47.760000,25.766165
2013-12-06,48.830000,26.343422
2013-12-09,48.860000,26.359607
2013-12-10,47.930000,25.857879
2013-12-11,46.790000,25.242857
2013-12-12,46.950000,25.329176
2013-12-13,47.330000,25.534183
2013-12-16,47.620000,25.690636
2013-12-17,48.620000,26.230128
2013-12-18,49.150000,26.516060
2013-12-19,48.750000,26.300262
2013-12-20,49.190000,26.537639
2013-12-23,48.870000,26.365002
2013-12-24,49.160000,26.521454
2013-12-26,48.460000,26.143810
2013-12-27,48.260000,26.035911
2013-12-30,48.190000,25.998147
2013-12-31,47.730000,25.749980
2014-01-02,47.710000,25.739190
2014-01-03,48.200000,26.003542
2014-01-06,47.490000,25.620502
2014-01-07,47.400000,25.571948
2014-01-08,46.700000,25.194303
2014-01-09,46.860000,25.280622
2014-01-10,47.290000,25.512603
2014-01-13,47.480000,25.615107
2014-01-14,47.480000,25.615107
2014-01-15,47.120000,25.615107
2014-01-16,46.860000,25.473767
2014-01-17,46.530000,25.294374
2014-01-21,46.550000,25.305247
2014-01-22,46.310000,25.174779
2014-01-23,47.700000,25.930403
2014-01-24,46.970000,25.533565
2014-01-27,46.200000,25.114982
2014-01-28,46.620000,25.343300
2014-01-29,46.040000,25.028003
2014-01-30,46.900000,25.495512
2014-01-31,46.600000,25.332427
2014-02-03,45.650000,24.815994
2014-02-04,45.640000,24.810558
2014-02-05,45.100000,24.517006
2014-02-06,45.060000,24.495261
2014-02-07,45.340000,24.647473
2014-02-10,45.740000,24.864919
2014-02-11,46.510000,25.283502
2014-02-12,46.320000,25.180215
2014-02-13,46.510000,25.283502
2014-02-14,46.590000,25.326991
2014-02-18,46.790000,25.435714
2014-02-19,46.290000,25.163907
2014-02-20,46.640000,25.354172
2014-02-21,46.730000,25.403097
2014-02-24,46.270000,25.153035
2014-02-25,46.170000,25.098673
2014-02-26,46.320000,25.180215
2014-02-27,46.020000,25.017131
2014-02-28,46.470000,25.261758
2014-03-03,46.330000,25.185652
2014-03-04,47.740000,25.952148
2014-03-05,48.160000,26.180466
2014-03-06,47.750000,25.957584
2014-03-07,47.500000,25.821680
2014-03-10,46.810000,25.446586
2014-03-11,46.640000,25.354172
2014-03-12,46.140000,25.082365
2014-03-13,46.520000,25.288938
2014-03-14,46.900000,25.495512
2014-03-17,47.170000,25.642288
2014-03-18,47.650000,25.903223
2014-03-19,46.160000,25.093237
2014-03-20,45.910000,24.957334
2014-03-21,46.330000,25.185652
2014-03-24,46.280000,25.158471
2014-03-25,46.280000,25.158471
2014-03-26,46.200000,25.114982
2014-03-27,46.340000,25.191088
2014-03-28,46.810000,25.446586
2014-03-31,47.360000,25.745574
2014-04-01,47.900000,26.039126
2014-04-02,47.880000,26.028254
2014-04-03,47.450000,25.794500
2014-04-04,46.630000,25.348736
2014-04-07,46.440000,25.245449
2014-04-08,46.850000,25.468331
2014-04-09,47.190000,25.653160
2014-04-10,47.270000,25.696649
2014-04-11,46.780000,25.430278
2014-04-14,46.060000,25.254821
2014-04-15,46.080000,25.265787
2014-04-16,46.270000,25.369965
2014-04-17,45.910000,25.172576
2014-04-21,45.790000,25.106779
2014-04-22,45.960000,25.199991
2014-04-23,45.510000,24.953255
2014-04-24,45.870000,25.150644
2014-04-25,45.800000,25.112263
2014-04-28,46.330000,25.402863
2014-04-29,45.870000,25.150644
2014-04-30,45.890000,25.161610
2014-05-01,46.200000,25.331584
2014-05-02,46.310000,25.391897
2014-05-05,45.850000,25.139678
2014-05-06,45.560000,24.980670
2014-05-07,46.950000,25.742811
2014-05-08,46.500000,25.496074
2014-05-09,47.030000,25.786675
2014-05-12,47.800000,26.208868
2014-05-13,47.450000,26.016962
2014-05-14,46.810000,25.666048
2014-05-15,46.490000,25.490591
2014-05-16,46.700000,25.605735
2014-05-19,47.210000,25.885369
2014-05-20,46.800000,25.660565
2014-05-21,46.940000,25.737328
2014-05-22,46.570000,25.534456
2014-05-23,46.990000,25.764743
2014-05-27,48.060000,26.351427
2014-05-28,47.460000,26.022445
2014-05-29,47.720000,26.165004
2014-05-30,48.150000,26.400774
2014-06-02,48.070000,26.356910
2014-06-03,47.880000,26.252732
2014-06-04,48.020000,26.329494
2014-06-05,50.530000,27.705734
2014-06-06,49.970000,27.398685
2014-06-09,49.420000,27.097118
2014-06-10,48.450000,26.565265
2014-06-11,48.210000,26.433672
2014-06-12,48.500000,26.592680
2014-06-13,48.000000,26.318528
2014-06-16,48.130000,26.389808
2014-06-17,48.230000,26.444638
2014-06-18,48.760000,26.735238
2014-06-19,49.150000,26.949076
2014-06-20,49.450000,27.113567
2014-06-23,48.960000,26.844899
2014-06-24,48.780000,26.746204
2014-06-25,48.840000,26.779103
2014-06-26,48.840000,26.779103
2014-06-27,47.850000,26.236283
2014-06-30,48.600000,26.647510
2014-07-01,48.620000,26.658476
2014-07-02,48.860000,26.790069
2014-07-03,48.940000,26.833933
2014-07-07,48.840000,26.779103
2014-07-08,49.530000,27.157431
2014-07-09,49.290000,27.025839
2014-07-10,49.280000,27.020356
2014-07-11,49.070000,26.905212
2014-07-14,49.420000,27.097118
2014-07-15,48.850000,27.003146
2014-07-16,49.320000,27.262951
2014-07-17,48.650000,26.892591
2014-07-18,49.360000,27.285062
2014-07-21,49.120000,27.152396
2014-07-22,49.750000,27.500645
2014-07-23,49.930000,27.600145
2014-07-24,49.570000,27.401145
2014-07-25,48.860000,27.008674
2014-07-28,49.140000,27.163451
2014-07-29,48.890000,27.025257
2014-07-30,49.180000,27.185562
2014-07-31,47.670000,26.350870
2014-08-01,48.380000,26.743341
2014-08-04,48.380000,26.743341
2014-08-05,47.800000,26.422731
2014-08-06,48.030000,26.549869
2014-08-07,48.280000,26.688063
2014-08-08,48.660000,26.898119
2014-08-11,49.280000,27.240840
2014-08-12,49.010000,27.091590
2014-08-13,49.620000,27.428784
2014-08-14,49.710000,27.478534
2014-08-15,49.560000,27.395618
2014-08-18,50.170000,27.732811
2014-08-19,50.240000,27.771506
2014-08-20,50.230000,27.765978
2014-08-21,50.280000,27.793617
2014-08-22,49.880000,27.572506
2014-08-25,49.470000,27.345868
2014-08-26,49.750000,27.500645
2014-08-27,49.700000,27.473006
2014-08-28,49.460000,27.340340
2014-08-29,49.850000,27.555923
2014-09-02,49.930000,27.600145
2014-09-03,50.140000,27.716228
2014-09-04,49.650000,27.445368
2014-09-05,50.350000,27.832311
2014-09-08,49.860000,27.561451
2014-09-09,49.210000,27.202146
2014-09-10,48.650000,26.892591
2014-09-11,48.840000,26.997618
2014-09-12,46.950000,25.952870
2014-09-15,46.720000,25.825732
2014-09-16,47.090000,26.030259
2014-09-17,47.150000,26.063426
2014-09-18,47.040000,26.002620
2014-09-19,46.770000,25.853370
2014-09-22,46.840000,25.892065
2014-09-23,46.330000,25.610149
2014-09-24,46.340000,25.615676
2014-09-25,45.980000,25.416677
2014-09-26,47.170000,26.074481
2014-09-29,47.120000,26.046842
2014-09-30,46.740000,25.836787
2014-10-01,46.830000,25.886537
2014-10-02,47.120000,26.046842
2014-10-03,47.120000,26.046842
2014-10-06,47.280000,26.135287
2014-10-07,47.270000,26.129759
2014-10-08,48.920000,27.041841
2014-10-09,48.240000,26.665952
2014-10-10,48.420000,26.765452
2014-10-13,48.790000,26.969980
2014-10-14,49.820000,27.539340
2014-10-15,49.480000,27.572775
2014-10-16,49.330000,27.489187
2014-10-17,49.030000,27.322012
2014-10-20,49.960000,27.840255
2014-10-21,50.200000,27.973995
2014-10-22,50.420000,28.096591
2014-10-23,51.640000,28.776437
2014-10-24,51.340000,28.609261
2014-10-27,51.620000,28.765292
2014-10-28,52.730000,29.383840
2014-10-29,52.600000,29.311397
2014-10-30,53.520000,29.824068
2014-10-31,54.950000,30.620937
2014-11-03,55.520000,30.938570
2014-11-04,55.400000,30.871700
2014-11-05,55.340000,30.838265
2014-11-06,54.940000,30.615365
2014-11-07,54.750000,30.509487
2014-11-10,55.760000,31.072310
2014-11-11,54.980000,30.637655
2014-11-12,54.540000,30.392464
2014-11-13,54.150000,30.175136
2014-11-14,53.930000,30.052541
2014-11-17,54.210000,30.208571
2014-11-18,54.480000,30.359029
2014-11-19,53.720000,29.935519
2014-11-20,53.980000,30.080404
2014-11-21,54.050000,30.119411
2014-11-24,54.640000,30.448189
2014-11-25,54.160000,30.180709
2014-11-26,54.780000,30.526204
2014-11-28,54.730000,30.498342
2014-12-01,53.920000,30.046969
2014-12-02,54.640000,30.448189
2014-12-03,54.420000,30.325594
2014-12-04,54.940000,30.615365
2014-12-05,54.450000,30.342312
2014-12-08,54.860000,30.570785
2014-12-09,55.720000,31.050020
2014-12-10,55.830000,31.111318
2014-12-11,56.250000,31.345363
2014-12-12,55.870000,31.133608
2014-12-15,54.060000,30.124984
2014-12-16,54.550000,30.398037
2014-12-17,56.120000,31.272921
2014-12-18,56.970000,31.746584
2014-12-19,56.200000,31.317501
2014-12-22,57.000000,31.763301
2014-12-23,57.690000,32.147805
2014-12-24,57.160000,31.852462
2014-12-26,58.030000,32.337270
2014-12-29,58.560000,32.632613
2014-12-30,58.140000,32.398567
2014-12-31,57.190000,31.869179
2015-01-02,57.080000,31.807882
2015-01-05,57.700000,32.153377
2015-01-06,57.900000,32.264827
2015-01-07,58.150000,32.404140
2015-01-08,57.830000,32.225820
2015-01-09,57.560000,32.075362
2015-01-12,56.660000,31.573836
2015-01-13,57.310000,31.936049
2015-01-14,57.380000,32.199798
2015-01-15,57.560000,32.300808
2015-01-16,57.550000,32.295197
2015-01-20,56.850000,31.902379
2015-01-21,56.700000,31.818204
2015-01-22,58.480000,32.817082
2015-01-23,58.660000,32.918093
2015-01-26,59.460000,33.367027
2015-01-27,59.600000,33.445590
2015-01-28,59.830000,33.574659
2015-01-29,60.300000,33.838407
2015-01-30,57.090000,32.037059
2015-02-02,57.070000,32.025836
2015-02-03,58.250000,32.688014
2015-02-04,57.290000,32.149293
2015-02-05,57.810000,32.441100
2015-02-06,56.680000,31.806981
2015-02-09,56.050000,31.453445
2015-02-10,55.750000,31.285095
2015-02-11,55.290000,31.026958
2015-02-12,55.570000,31.184085
2015-02-13,55.640000,31.223366
2015-02-17,54.900000,30.808102
2015-02-18,55.630000,31.217755
2015-02-19,54.420000,30.538742
2015-02-20,54.450000,30.555577
2015-02-23,54.430000,30.544354
2015-02-24,53.710000,30.140313
2015-02-25,54.150000,30.387227
2015-02-26,53.520000,30.033691
2015-02-27,53.870000,30.230100
2015-03-02,54.720000,30.707092
2015-03-03,54.640000,30.662199
2015-03-04,54.260000,30.448955
2015-03-05,54.470000,30.566800
2015-03-06,53.840000,30.213265
2015-03-09,54.050000,30.331110
2015-03-10,54.470000,30.566800
2015-03-11,54.590000,30.634140
2015-03-12,56.360000,31.627407
2015-03-13,56.090000,31.475892
2015-03-16,56.160000,31.515174
2015-03-17,56.480000,31.694747
2015-03-18,57.490000,32.261526
2015-03-19,56.840000,31.896768
2015-03-20,57.370000,32.194186
2015-03-23,57.830000,32.452323
2015-03-24,57.730000,32.396207
2015-03-25,56.890000,31.924826
2015-03-26,56.510000,31.711582
2015-03-27,56.700000,31.818204
2015-03-30,57.380000,32.199798
2015-03-31,57.200000,32.098788
2015-04-01,56.930000,31.947273
2015-04-02,56.920000,31.941661
2015-04-06,56.570000,31.745252
2015-04-07,55.150000,30.948394
2015-04-08,55.430000,31.105521
2015-04-09,53.840000,30.213265
2015-04-10,53.790000,30.185206
2015-04-13,53.570000,30.061749
2015-04-14,54.220000,30.672715
2015-04-15,53.840000,30.457745
2015-04-16,53.860000,30.469060
2015-04-17,53.430000,30.225805
2015-04-20,53.690000,30.372889
2015-04-21,53.510000,30.271062
2015-04-22,53.900000,30.491688
2015-04-23,53.990000,30.542602
2015-04-24,54.280000,30.706657
2015-04-27,54.430000,30.791513
2015-04-28,54.390000,30.768885
2015-04-29,53.480000,30.254090
2015-04-30,50.320000,28.466451
2015-05-01,50.990000,28.845476
2015-05-04,50.710000,28.687078
2015-05-05,49.770000,28.155312
2015-05-06,50.180000,28.387252
2015-05-07,50.610000,28.630507
2015-05-08,51.070000,28.890733
2015-05-11,51.190000,28.958618
2015-05-12,51.280000,29.009532
2015-05-13,51.300000,29.020846
2015-05-14,52.410000,29.648782
2015-05-15,52.640000,29.778895
2015-05-18,52.600000,29.756267
2015-05-19,52.680000,29.801523
2015-05-20,52.500000,29.699696
2015-05-21,52.360000,29.620497
2015-05-22,52.170000,29.513012
2015-05-26,51.690000,29.241472
2015-05-27,52.180000,29.518669
2015-05-28,51.930000,29.377242
2015-05-29,50.370000,28.494737
2015-06-01,51.320000,29.032160
2015-06-02,51.720000,29.258443
2015-06-03,51.460000,29.111359
2015-06-04,51.010000,28.856790
2015-06-05,50.720000,28.692735
2015-06-08,49.680000,28.104398
2015-06-09,49.830000,28.189254
2015-06-10,50.880000,28.783248
2015-06-11,51.140000,28.930332
2015-06-12,50.940000,28.817191
2015-06-15,49.400000,27.946000
2015-06-16,49.400000,27.946000
2015-06-17,49.550000,28.030856
2015-06-18,50.430000,28.528679
2015-06-19,50.710000,28.687078
2015-06-22,51.100000,28.907704
2015-06-23,50.720000,28.692735
2015-06-24,50.260000,28.432509
2015-06-25,49.810000,28.177940
2015-06-26,50.280000,28.443823
2015-06-29,49.390000,27.940343
2015-06-30,49.190000,27.827201
2015-07-01,49.990000,28.279768
2015-07-02,49.810000,28.177940
2015-07-06,50.530000,28.585250
2015-07-07,51.370000,29.060445
2015-07-08,51.710000,29.252786
2015-07-09,50.280000,28.443823
2015-07-10,51.450000,29.105702
2015-07-13,51.670000,29.230158
2015-07-14,51.590000,29.184901
2015-07-15,50.960000,29.070809
2015-07-16,51.540000,29.401677
2015-07-17,52.050000,29.692614
2015-07-20,52.050000,29.692614
2015-07-21,51.950000,29.635567
2015-07-22,52.380000,29.880866
2015-07-23,51.430000,29.338926
2015-07-24,51.440000,29.344631
2015-07-27,51.630000,29.453019
2015-07-28,51.820000,29.561407
2015-07-29,52.100000,29.721137
2015-07-30,52.110000,29.726841
2015-07-31,51.880000,29.595635
2015-08-03,52.740000,30.086233
2015-08-04,52.460000,29.926503
2015-08-05,51.660000,29.470133
2015-08-06,51.460000,29.356040
2015-08-07,51.580000,29.424496
2015-08-10,51.190000,29.202015
2015-08-11,52.110000,29.726841
2015-08-12,51.890000,29.601339
2015-08-13,51.780000,29.538588
2015-08-14,52.600000,30.006368
2015-08-17,52.900000,30.177507
2015-08-18,52.890000,30.171803
2015-08-19,52.300000,29.835229
2015-08-20,52.130000,29.738251
2015-08-21,51.490000,29.373154
2015-08-24,49.350000,28.152363
2015-08-25,48.230000,27.513444
2015-08-26,49.690000,28.346320
2015-08-27,50.280000,28.682894
2015-08-28,50.000000,28.523164
2015-08-31,49.340000,28.146658
2015-09-01,48.470000,27.650355
2015-09-02,49.080000,27.998338
2015-09-03,48.700000,27.781562
2015-09-04,47.650000,27.182575
2015-09-08,48.510000,27.673174
2015-09-09,48.280000,27.541967
2015-09-10,48.510000,27.673174
2015-09-11,49.310000,28.129544
2015-09-14,49.700000,28.352025
2015-09-15,50.200000,28.637256
2015-09-16,51.060000,29.127855
2015-09-17,51.580000,29.424496
2015-09-18,50.900000,29.036581
2015-09-21,51.260000,29.241948
2015-09-22,50.830000,28.996648
2015-09-23,51.370000,29.304699
2015-09-24,50.860000,29.013762
2015-09-25,51.960000,29.641272
2015-09-28,50.860000,29.013762
2015-09-29,51.410000,29.327517
2015-09-30,51.750000,29.521475
2015-10-01,51.480000,29.367449
2015-10-02,51.410000,29.327517
2015-10-05,52.880000,30.166098
2015-10-06,51.760000,29.527179
2015-10-07,53.030000,30.251668
2015-10-08,53.810000,30.696629
2015-10-09,53.640000,30.599650
2015-10-12,54.610000,31.153000
2015-10-13,54.040000,30.827835
2015-10-14,53.210000,30.597820
2015-10-15,54.340000,31.247614
2015-10-16,54.820000,31.523633
2015-10-19,55.960000,32.179177
2015-10-20,55.970000,32.184927
2015-10-21,55.340000,31.822653
2015-10-22,57.000000,32.777217
2015-10-23,57.220000,32.903726
2015-10-26,57.390000,33.001483
2015-10-27,58.180000,33.455763
2015-10-28,58.870000,33.852540
2015-10-29,58.620000,33.708780
2015-10-30,56.070000,32.242431
2015-11-02,56.380000,32.420693
2015-11-03,56.080000,32.248182
2015-11-04,55.730000,32.046918
2015-11-05,55.740000,32.052668
2015-11-06,54.730000,31.471879
2015-11-09,53.860000,30.971595
2015-11-10,53.360000,30.684076
2015-11-11,53.480000,30.753080
2015-11-12,53.140000,30.557567
2015-11-13,52.470000,30.172291
2015-11-16,53.050000,30.505814
2015-11-17,53.280000,30.638073
2015-11-18,53.950000,31.023349
2015-11-19,54.050000,31.080853
2015-11-20,54.850000,31.540884
2015-11-23,54.910000,31.575386
2015-11-24,55.020000,31.638640
2015-11-25,54.980000,31.615639
2015-11-27,55.760000,32.064169
2015-11-30,55.630000,31.989414
2015-12-01,55.590000,31.966412
2015-12-02,54.320000,31.236113
2015-12-03,53.110000,30.540316
2015-12-04,53.830000,30.954344
2015-12-07,54.130000,31.126856
2015-12-08,53.870000,30.977346
2015-12-09,53.700000,30.879589
2015-12-10,53.120000,30.546066
2015-12-11,52.720000,30.316051
2015-12-14,52.150000,29.988279
2015-12-15,52.560000,30.224045
2015-12-16,53.570000,30.804834
2015-12-17,53.250000,30.620821
2015-12-18,51.810000,29.792765
2015-12-21,51.390000,29.551249
2015-12-22,51.530000,29.631755
2015-12-23,52.070000,29.942276
2015-12-24,52.190000,30.011280
2015-12-28,52.420000,30.143539
2015-12-29,53.130000,30.551817
2015-12-30,52.540000,30.212544
2015-12-31,51.270000,29.482244
2016-01-04,50.040000,28.774947
2016-01-05,50.790000,29.206226
2016-01-06,51.670000,29.712260
2016-01-07,50.260000,28.901455
2016-01-08,48.570000,27.929639
2016-01-11,49.850000,28.665689
2016-01-12,49.500000,28.464426
2016-01-13,48.590000,28.185988
2016-01-14,48.600000,28.191789
2016-01-15,48.910000,28.371613
2016-01-19,48.260000,27.994562
2016-01-20,47.770000,27.710324
2016-01-21,48.430000,28.093176
2016-01-22,49.500000,28.713859
2016-01-25,49.220000,28.551437
2016-01-26,50.970000,29.566574
2016-01-27,49.980000,28.992297
2016-01-28,50.540000,29.317140
2016-01-29,50.870000,29.508566
2016-02-01,51.660000,29.966828
2016-02-02,50.530000,29.311339
2016-02-03,50.730000,29.427355
2016-02-04,50.670000,29.392550
2016-02-05,49.410000,28.661652
2016-02-08,48.850000,28.336808
2016-02-09,48.660000,28.226594
2016-02-10,48.790000,28.302004
2016-02-11,48.350000,28.046769
2016-02-12,48.690000,28.243996
2016-02-16,48.680000,28.238195
2016-02-17,48.360000,28.052570
2016-02-18,48.380000,28.064172
2016-02-19,49.370000,28.638449
2016-02-22,49.120000,28.493429
2016-02-23,49.260000,28.574640
2016-02-24,48.900000,28.365812
2016-02-25,49.690000,28.824074
2016-02-26,48.790000,28.302004
2016-02-29,48.980000,28.412219
2016-03-01,49.830000,28.905285
2016-03-02,50.230000,29.137316
2016-03-03,50.300000,29.177921
2016-03-04,52.440000,30.419288
2016-03-07,52.170000,30.262667
2016-03-08,51.500000,29.874015
2016-03-09,51.700000,29.990031
2016-03-10,50.960000,29.560773
2016-03-11,52.000000,30.164054
2016-03-14,51.650000,29.961027
2016-03-15,51.100000,29.641984
2016-03-16,52.000000,30.164054
2016-03-17,53.500000,31.034171
2016-03-18,52.420000,30.407687
2016-03-21,51.690000,29.984230
2016-03-22,51.020000,29.595578
2016-03-23,50.940000,29.549171
2016-03-24,51.440000,29.839210
2016-03-28,51.570000,29.914620
2016-03-29,52.920000,30.697726
2016-03-30,53.130000,30.819542
2016-03-31,53.020000,30.755734
2016-04-01,53.210000,30.865948
2016-04-04,52.610000,30.517902
2016-04-05,52.160000,30.256866
2016-04-06,52.460000,30.430890
2016-04-07,52.400000,30.396085
2016-04-08,52.940000,30.709327
2016-04-11,52.110000,30.227863
2016-04-12,52.620000,30.523702
2016-04-13,52.480000,30.716853
2016-04-14,52.420000,30.681735
2016-04-15,52.600000,30.787090
2016-04-18,52.660000,30.822208
2016-04-19,52.610000,30.792943
2016-04-20,51.890000,30.371523
2016-04-21,51.590000,30.195931
2016-04-22,52.360000,30.646617
2016-04-25,52.390000,30.664176
2016-04-26,52.960000,30.997800
2016-04-27,53.750000,31.460192
2016-04-28,53.680000,31.419220
2016-04-29,53.180000,31.126567
2016-05-02,54.410000,31.846494
2016-05-03,54.700000,32.016232
2016-05-04,55.470000,32.466918
2016-05-05,56.010000,32.782983
2016-05-06,57.740000,33.795562
2016-05-09,57.610000,33.719473
2016-05-10,56.770000,33.227816
2016-05-11,55.870000,32.701040
2016-05-12,57.050000,33.391701
2016-05-13,56.530000,33.087342
2016-05-16,57.230000,33.497056
2016-05-17,55.240000,32.332298
2016-05-18,54.730000,32.033792
2016-05-19,54.620000,31.969408
2016-05-20,55.630000,32.560567
2016-05-23,55.290000,32.361563
2016-05-24,56.490000,33.063930
2016-05-25,55.930000,32.736159
2016-05-26,56.540000,33.093195
2016-05-27,57.010000,33.368289
2016-05-31,56.180000,32.882485
2016-06-01,56.990000,33.356583
2016-06-02,57.450000,33.625824
2016-06-03,57.710000,33.778003
2016-06-06,57.830000,33.848240
2016-06-07,57.940000,33.912623
2016-06-08,58.640000,34.322338
2016-06-09,58.700000,34.357456
2016-06-10,58.770000,34.398427
2016-06-13,57.900000,33.889211
2016-06-14,57.540000,33.678501
2016-06-15,57.660000,33.748738
2016-06-16,57.790000,33.824828
2016-06-17,58.050000,33.977007
2016-06-20,57.840000,33.854093
2016-06-21,57.920000,33.900917
2016-06-22,57.850000,33.859946
2016-06-23,58.030000,33.965301
2016-06-24,57.430000,33.614117
2016-06-27,57.210000,33.485350
2016-06-28,59.480000,34.813995
2016-06-29,60.530000,35.428566
2016-06-30,61.710000,36.119227
2016-07-01,61.280000,35.867545
2016-07-05,62.110000,36.353349
2016-07-06,62.230000,36.423586
2016-07-07,61.920000,36.242141
2016-07-08,63.630000,37.243014
2016-07-11,64.690000,37.863438
2016-07-12,64.900000,37.986352
2016-07-13,65.530000,38.634886
2016-07-14,64.920000,38.275245
2016-07-15,66.290000,39.082963
2016-07-18,66.260000,39.065276
2016-07-19,66.220000,39.041693
2016-07-20,66.500000,39.206774
2016-07-21,66.650000,39.295210
2016-07-22,66.600000,39.265731
2016-07-25,66.850000,39.413125
2016-07-26,67.180000,39.607685
2016-07-27,67.080000,39.548728
2016-07-28,67.830000,39.990909
2016-07-29,67.170000,39.601789
2016-08-01,67.190000,39.613581
2016-08-02,66.700000,39.324689
2016-08-03,65.660000,38.711530
2016-08-04,66.340000,39.112442
2016-08-05,66.220000,39.041693
2016-08-08,65.920000,38.864820
2016-08-09,66.620000,39.277523
2016-08-10,66.700000,39.324689
2016-08-11,65.660000,38.711530
2016-08-12,65.560000,38.652573
2016-08-15,65.820000,38.805862
2016-08-16,65.030000,38.340098
2016-08-17,65.410000,38.564137
2016-08-18,65.550000,38.646677
2016-08-19,65.260000,38.475700
2016-08-22,65.640000,38.699739
2016-08-23,65.620000,38.687947
2016-08-24,65.600000,38.676156
2016-08-25,66.170000,39.012214
2016-08-26,65.000000,38.322411
2016-08-29,65.870000,38.835341
2016-08-30,66.090000,38.965048
2016-08-31,66.280000,39.077067
2016-09-01,66.430000,39.165504
2016-09-02,67.650000,39.884786
2016-09-06,68.490000,40.380029
2016-09-07,68.580000,40.433091
2016-09-08,67.540000,39.819932
2016-09-09,64.280000,37.897916
2016-09-12,65.600000,38.676156
2016-09-13,63.930000,37.691565
2016-09-14,63.160000,37.237592
2016-09-15,63.920000,37.685669
2016-09-16,64.500000,38.027623
2016-09-19,64.700000,38.145538
2016-09-20,64.970000,38.304723
2016-09-21,66.300000,39.088859
2016-09-22,67.460000,39.772766
2016-09-23,67.790000,39.967326
2016-09-26,67.330000,39.696122
2016-09-27,66.890000,39.436708
2016-09-28,67.330000,39.696122
2016-09-29,66.320000,39.100650
2016-09-30,66.600000,39.265731
2016-10-03,64.570000,38.068893
2016-10-04,63.590000,37.491109
2016-10-05,63.070000,37.184530
2016-10-06,63.480000,37.426256
2016-10-07,62.720000,36.978178
2016-10-10,63.730000,37.573650
2016-10-11,62.620000,36.919221
2016-10-12,63.510000,37.727107
2016-10-13,66.680000,39.610195
2016-10-14,64.240000,38.160752
2016-10-17,64.220000,38.148871
2016-10-18,64.020000,38.030065
2016-10-19,64.740000,38.457769
2016-10-20,64.210000,38.142931
2016-10-21,63.760000,37.875616
2016-10-24,64.020000,38.030065
2016-10-25,62.760000,37.281582
2016-10-26,61.360000,36.449934
2016-10-27,58.790000,34.923266
2016-10-28,58.940000,35.012371
2016-10-31,60.480000,35.927184
2016-11-01,59.820000,35.535121
2016-11-02,59.600000,35.404434
2016-11-03,59.510000,35.350971
2016-11-04,59.120000,35.119297
2016-11-07,61.150000,36.325187
2016-11-08,61.240000,36.378650
2016-11-09,61.680000,36.640025
2016-11-10,62.390000,37.061789
2016-11-11,65.050000,38.641920
2016-11-14,65.410000,38.855772
2016-11-15,62.820000,37.317224
2016-11-16,62.930000,37.382567
2016-11-17,62.540000,37.150894
2016-11-18,63.090000,37.477613
2016-11-21,62.620000,37.198417
2016-11-22,63.430000,37.679584
2016-11-23,64.100000,38.077587
2016-11-25,64.260000,38.172633
2016-11-28,64.000000,38.018184
2016-11-29,64.460000,38.291440
2016-11-30,63.490000,37.715226
2016-12-01,62.400000,37.067729
2016-12-02,62.240000,36.972684
2016-12-05,63.680000,37.828093
2016-12-06,64.050000,38.047886
2016-12-07,65.100000,38.671621
2016-12-08,67.410000,40.043840
2016-12-09,66.770000,39.663658
2016-12-12,67.020000,39.812167
2016-12-13,68.230000,40.530948
2016-12-14,66.210000,39.330999
2016-12-15,66.280000,39.372582
2016-12-16,66.430000,39.461687
2016-12-19,66.970000,39.782465
2016-12-20,66.930000,39.758704
2016-12-21,65.690000,39.022102
2016-12-22,65.140000,38.695383
2016-12-23,65.720000,39.039923
2016-12-27,65.610000,38.974579
2016-12-28,64.600000,38.374604
2016-12-29,65.400000,38.849832
2016-12-30,66.610000,39.568613
2017-01-03,65.960000,39.182491
2017-01-04,66.800000,39.681479
2017-01-05,66.070000,39.247835
2017-01-06,66.430000,39.461687
2017-01-09,65.550000,38.938937
2017-01-10,65.360000,38.826070
2017-01-11,65.060000,38.647860
2017-01-12,64.500000,38.617924
2017-01-13,63.690000,38.132954
2017-01-17,63.930000,38.276649
2017-01-18,64.620000,38.689771
2017-01-19,63.980000,38.306585
2017-01-20,64.730000,38.755631
2017-01-23,65.160000,39.013084
2017-01-24,65.600000,39.276524
2017-01-25,64.970000,38.899326
2017-01-26,65.190000,39.031046
2017-01-27,64.450000,38.587987
2017-01-30,63.500000,38.019196
2017-01-31,63.490000,38.013209
2017-02-01,62.850000,37.630023
2017-02-02,62.880000,37.647985
2017-02-03,63.700000,38.138942
2017-02-06,63.170000,37.821616
2017-02-07,62.750000,37.570151
2017-02-08,63.150000,37.809642
2017-02-09,63.640000,38.103018
2017-02-10,64.900000,38.857415
2017-02-13,65.070000,38.959198
2017-02-14,64.460000,38.593975
2017-02-15,64.170000,38.420344
2017-02-16,64.930000,38.875376
2017-02-17,65.230000,39.054995
2017-02-21,65.440000,39.180728
2017-02-22,64.270000,38.480216
2017-02-23,65.070000,38.959198
2017-02-24,64.980000,38.905313
2017-02-27,65.470000,39.198689
2017-02-28,64.040000,38.342509
2017-03-01,64.620000,38.689771
2017-03-02,63.680000,38.126967
2017-03-03,63.470000,38.001234
2017-03-06,63.230000,37.857540
2017-03-07,62.880000,37.647985
2017-03-08,62.380000,37.348621
2017-03-09,61.080000,36.570276
2017-03-10,61.110000,36.588237
2017-03-13,60.570000,36.264925
2017-03-14,60.980000,36.510403
2017-03-15,62.820000,37.612061
2017-03-16,63.460000,37.995247
2017-03-17,64.190000,38.432318
2017-03-20,62.760000,37.576138
2017-03-21,62.560000,37.456392
2017-03-22,60.980000,36.510403
2017-03-23,61.500000,36.821741
2017-03-24,61.620000,36.893588
2017-03-27,61.580000,36.869639
2017-03-28,61.580000,36.869639
2017-03-29,61.580000,36.869639
2017-03-30,61.540000,36.845690
2017-03-31,61.620000,36.893588
2017-04-03,61.160000,36.618174
2017-04-04,63.070000,37.761743
2017-04-05,62.490000,37.414481
2017-04-06,62.300000,37.300723
2017-04-07,63.050000,37.749769
2017-04-10,62.960000,37.695883
2017-04-11,64.050000,38.661671
2017-04-12,63.840000,38.534911
2017-04-13,62.860000,37.943366
2017-04-17,63.770000,38.492658
2017-04-18,64.590000,38.987624
2017-04-19,64.380000,38.860864
2017-04-20,64.420000,38.885009
2017-04-21,63.960000,38.607345
2017-04-24,62.590000,37.780390
2017-04-25,63.640000,38.414188
2017-04-26,63.540000,38.353826
2017-04-27,62.810000,37.913185
2017-04-28,60.050000,36.247202
2017-05-01,60.910000,36.766313
2017-05-02,60.140000,36.301528
2017-05-03,60.490000,36.512794
2017-05-04,59.740000,36.060081
2017-05-05,59.410000,35.860888
2017-05-08,58.470000,35.293488
2017-05-09,58.560000,35.347813
2017-05-10,59.060000,35.649622
2017-05-11,58.410000,35.257271
2017-05-12,57.990000,35.003751
2017-05-15,57.830000,34.907173
2017-05-16,56.930000,34.363917
2017-05-17,56.330000,34.001747
2017-05-18,56.900000,34.345809
2017-05-19,58.460000,35.287451
2017-05-22,58.600000,35.371958
2017-05-23,58.850000,35.522862
2017-05-24,58.560000,35.347813
2017-05-25,58.170000,35.112402
2017-05-26,58.080000,35.058077
2017-05-30,57.280000,34.575183
2017-05-31,57.300000,34.587256
2017-06-01,58.370000,35.233126
2017-06-02,58.730000,35.450428
2017-06-05,57.910000,34.955462
2017-06-06,58.270000,35.172764
2017-06-07,58.310000,35.196909
2017-06-08,58.120000,35.082222
2017-06-09,59.360000,35.830707
2017-06-12,59.540000,35.939358
2017-06-13,60.170000,36.319637
2017-06-14,60.110000,36.283419
2017-06-15,59.910000,36.162696
2017-06-16,59.580000,35.963502
2017-06-19,59.240000,35.758273
2017-06-20,58.280000,35.178800
2017-06-21,57.570000,34.750232
2017-06-22,58.370000,35.233126
2017-06-23,57.690000,34.822666
2017-06-26,57.580000,34.756268
2017-06-27,57.850000,34.919245
2017-06-28,58.470000,35.293488
2017-06-29,59.080000,35.661694
2017-06-30,57.980000,34.997715
2017-07-03,59.620000,35.987647
2017-07-05,58.500000,35.311596
2017-07-06,58.080000,35.058077
2017-07-07,59.180000,35.722056
2017-07-10,58.220000,35.142583
2017-07-11,58.260000,35.166728
2017-07-12,58.370000,35.233126
2017-07-13,58.740000,35.768991
2017-07-14,59.410000,36.176979
2017-07-17,59.720000,36.365750
2017-07-18,59.880000,36.463180
2017-07-19,60.690000,36.956419
2017-07-20,60.110000,36.603235
2017-07-21,60.030000,36.554520
2017-07-24,59.510000,36.237873
2017-07-25,60.230000,36.676308
2017-07-26,60.530000,36.858989
2017-07-27,61.040000,37.169547
2017-07-28,60.570000,36.883347
2017-07-31,59.160000,36.024745
2017-08-01,60.290000,36.712844
2017-08-02,59.780000,36.402286
2017-08-03,59.570000,36.274409
2017-08-04,60.410000,36.785917
2017-08-07,61.580000,37.498373
2017-08-08,60.000000,36.536252
2017-08-09,60.830000,37.041670
2017-08-10,60.360000,36.755470
2017-08-11,59.250000,36.079549
2017-08-14,60.390000,36.773738
2017-08-15,59.020000,35.939493
2017-08-16,58.970000,35.909047
2017-08-17,58.410000,35.568041
2017-08-18,57.580000,35.062623
2017-08-21,58.620000,35.695918
2017-08-22,59.000000,35.927315
2017-08-23,59.780000,36.402286
2017-08-24,59.370000,36.152622
2017-08-25,59.860000,36.451001
2017-08-28,59.680000,36.341392
2017-08-29,59.380000,36.158711
2017-08-30,59.840000,36.438822
2017-08-31,60.600000,36.901615
2017-09-01,61.200000,37.266977
2017-09-05,61.570000,37.492284
2017-09-06,61.800000,37.632340
2017-09-07,61.880000,37.681055
2017-09-08,62.330000,37.955077
2017-09-11,62.760000,38.216920
2017-09-12,61.600000,37.510552
2017-09-13,61.910000,37.699323
2017-09-14,62.260000,37.912451
2017-09-15,62.110000,37.821110
2017-09-18,62.410000,38.003792
2017-09-19,61.320000,37.340050
2017-09-20,61.170000,37.248709
2017-09-21,60.470000,36.822453
2017-09-22,60.790000,37.017313
2017-09-25,61.750000,37.601893
2017-09-26,62.620000,38.131669
2017-09-27,62.440000,38.022060
2017-09-28,62.490000,38.052507
2017-09-29,61.910000,37.699323
2017-10-02,63.280000,38.533567
2017-10-03,63.430000,38.624908
2017-10-04,63.240000,38.509210
2017-10-05,63.230000,38.503120
2017-10-06,63.240000,38.509210
2017-10-09,63.360000,38.582282
2017-10-10,63.660000,38.764964
2017-10-11,64.340000,39.179041
2017-10-12,64.640000,39.361722
2017-10-13,65.300000,39.763621
2017-10-16,64.860000,39.806582
2017-10-17,64.100000,39.340147
2017-10-18,64.100000,39.340147
2017-10-19,63.770000,39.137616
2017-10-20,63.240000,38.812338
2017-10-23,62.850000,38.572983
2017-10-24,61.750000,37.897879
2017-10-25,62.260000,38.210882
2017-10-26,62.060000,38.088136
2017-10-27,62.860000,38.579121
2017-10-30,61.990000,38.045175
2017-10-31,61.120000,37.511229
2017-11-01,61.810000,37.934703
2017-11-02,62.460000,38.333628
2017-11-03,60.540000,37.155265
2017-11-06,61.190000,37.554190
2017-11-07,60.910000,37.382345
2017-11-08,61.460000,37.719897
2017-11-09,61.370000,37.664662
2017-11-10,61.240000,37.584877
2017-11-13,61.750000,37.897879
2017-11-14,61.500000,37.744447
2017-11-15,61.590000,37.799682
2017-11-16,62.310000,38.241569
2017-11-17,62.340000,38.259981
2017-11-20,62.970000,38.646631
2017-11-21,63.340000,38.873711
2017-11-22,63.610000,39.039419
2017-11-24,63.100000,38.726416
2017-11-27,63.260000,38.824613
2017-11-28,63.530000,38.990320
2017-11-29,64.290000,39.456756
2017-11-30,64.540000,39.610188
2017-12-01,64.420000,39.536541
2017-12-04,63.990000,39.272636
2017-12-05,62.460000,38.333628
2017-12-06,62.030000,38.069724
2017-12-07,61.700000,37.867193
2017-12-08,61.780000,37.916291
2017-12-11,62.120000,38.124960
2017-12-12,61.900000,37.989939
2017-12-13,62.480000,38.345903
2017-12-14,62.050000,38.081999
2017-12-15,63.120000,38.738691
2017-12-18,63.480000,38.959634
2017-12-19,62.160000,38.149509
2017-12-20,60.710000,37.259599
2017-12-21,60.870000,37.357796
2017-12-22,61.100000,37.498954
2017-12-26,60.090000,36.879086
2017-12-27,61.190000,37.554190
2017-12-28,62.010000,38.057449
2017-12-29,61.750000,37.897879
2018-01-02,61.860000,37.965390
2018-01-03,59.600000,36.578358
2018-01-04,58.950000,36.179433
2018-01-05,58.840000,36.111923
2018-01-08,58.570000,35.946215
2018-01-09,57.650000,35.381583
2018-01-10,57.710000,35.418407
2018-01-11,58.680000,36.013726
2018-01-12,58.640000,35.989176
2018-01-16,57.680000,35.716719
2018-01-17,57.340000,35.506183
2018-01-18,55.310000,34.249163
2018-01-19,56.760000,35.147035
2018-01-22,56.620000,35.060344
2018-01-23,57.480000,35.592874
2018-01-24,56.470000,34.967460
2018-01-25,58.140000,36.001561
2018-01-26,57.250000,35.450453
2018-01-29,56.190000,34.794078
2018-01-30,54.990000,34.051012
2018-01-31,54.730000,33.890014
2018-02-01,54.500000,33.747593
2018-02-02,54.010000,33.444174
2018-02-05,51.840000,32.100463
2018-02-06,51.830000,32.094271
2018-02-07,52.250000,32.354344
2018-02-08,50.550000,31.301667
2018-02-09,51.550000,31.920889
2018-02-12,50.140000,31.047786
2018-02-13,51.060000,31.617470
2018-02-14,49.560000,30.688637
2018-02-15,50.390000,31.202591
2018-02-16,51.450000,31.858966
2018-02-20,49.460000,30.626715
2018-02-21,49.980000,30.948710
2018-02-22,49.830000,30.855827
2018-02-23,50.310000,31.153053
2018-02-26,51.390000,31.821813
2018-02-27,49.210000,30.471909
2018-02-28,48.930000,30.298527
2018-03-01,49.470000,30.632907
2018-03-02,49.600000,30.713406
2018-03-05,50.100000,31.023017
2018-03-06,50.380000,31.196399
2018-03-07,50.800000,31.456472
2018-03-08,51.050000,31.611278
2018-03-09,50.770000,31.437896
2018-03-12,51.350000,31.797044
2018-03-13,50.360000,31.184015
2018-03-14,50.560000,31.307859
2018-03-15,50.340000,31.171630
2018-03-16,51.570000,31.933273
2018-03-19,50.930000,31.536971
2018-03-20,50.430000,31.227360
2018-03-21,50.380000,31.196399
2018-03-22,50.270000,31.128285
2018-03-23,49.710000,30.781520
2018-03-26,49.730000,30.793905
2018-03-27,50.010000,30.967287
2018-03-28,50.960000,31.555548
2018-03-29,50.970000,31.561740
2018-04-02,49.750000,30.806289
2018-04-03,50.770000,31.437896
2018-04-04,51.300000,31.766083
2018-04-05,50.330000,31.165438
2018-04-06,49.650000,30.744367
2018-04-09,49.210000,30.471909
2018-04-10,49.380000,30.577177
2018-04-11,50.020000,30.973479
2018-04-12,50.020000,30.973479
2018-04-13,49.200000,30.785761
2018-04-16,49.850000,31.192484
2018-04-17,50.250000,31.442774
2018-04-18,50.400000,31.536633
2018-04-19,49.520000,30.985994
2018-04-20,49.240000,30.810790
2018-04-23,48.520000,30.360267
2018-04-24,48.640000,30.435354
2018-04-25,48.760000,30.510441
2018-04-26,50.050000,31.317629
2018-04-27,50.650000,31.693065
2018-04-30,47.850000,29.941030
2018-05-01,49.400000,30.910906
2018-05-02,49.530000,30.992251
2018-05-03,48.900000,30.598043
2018-05-04,49.300000,30.848334
2018-05-07,49.540000,30.998508
2018-05-08,49.170000,30.766989
2018-05-09,49.670000,31.079853
2018-05-10,49.810000,31.167454
2018-05-11,49.460000,30.948450
2018-05-14,47.860000,29.947287
2018-05-15,47.500000,29.722025
2018-05-16,48.160000,30.135005
2018-05-17,47.790000,29.903486
2018-05-18,47.640000,29.809627
2018-05-21,49.310000,30.854591
2018-05-22,47.830000,29.928515
2018-05-23,48.400000,30.285180
2018-05-24,48.690000,30.466640
2018-05-25,48.550000,30.379039
2018-05-29,49.460000,30.948450
2018-05-30,49.510000,30.979736
2018-05-31,49.560000,31.011023
2018-06-01,49.780000,31.148683
2018-06-04,50.590000,31.655521
2018-06-05,51.320000,32.112302
2018-06-06,51.020000,31.924584
2018-06-07,50.670000,31.705580
2018-06-08,50.700000,31.724351
2018-06-11,51.100000,31.974642
2018-06-12,50.940000,31.874526
2018-06-13,49.600000,31.036052
2018-06-14,50.180000,31.398973
2018-06-15,50.360000,31.511604
2018-06-18,50.940000,31.874526
2018-06-19,50.490000,31.592949
2018-06-20,52.190000,32.656684
2018-06-21,51.720000,32.362593
2018-06-22,53.300000,33.351241
2018-06-25,53.020000,33.176038
2018-06-26,53.090000,33.219839
2018-06-27,53.640000,33.563988
2018-06-28,53.740000,33.626561
2018-06-29,53.580000,33.526445
2018-07-02,53.760000,33.639076
2018-07-03,54.130000,33.870594
2018-07-05,55.920000,34.990646
2018-07-06,56.120000,35.115791
2018-07-09,55.050000,34.446263
2018-07-10,54.940000,34.377433
2018-07-11,54.720000,34.239773
2018-07-12,54.500000,34.102113
2018-07-13,54.890000,34.346147
2018-07-16,53.500000,33.796558
2018-07-17,52.600000,33.228018
2018-07-18,52.480000,33.152212
2018-07-19,53.720000,33.935534
2018-07-20,53.580000,33.847095
2018-07-23,53.300000,33.670216
2018-07-24,52.980000,33.468068
2018-07-25,53.210000,33.613362
2018-07-26,53.820000,33.998706
2018-07-27,52.280000,33.025870
2018-07-30,52.930000,33.436482
2018-07-31,53.280000,33.657581
2018-08-01,53.950000,34.080828
2018-08-02,53.270000,33.651264
2018-08-03,53.660000,33.897632
2018-08-06,54.880000,34.668320
2018-08-07,54.580000,34.478806
2018-08-08,54.870000,34.662003
2018-08-09,55.190000,34.864150
2018-08-10,55.560000,35.097883
2018-08-13,55.380000,34.984175
2018-08-14,56.800000,35.881205
2018-08-15,58.560000,36.993017
2018-08-16,59.080000,37.321507
2018-08-17,59.640000,37.675266
2018-08-20,59.210000,37.403630
2018-08-21,58.750000,37.113043
2018-08-22,58.550000,36.986700
2018-08-23,58.550000,36.986700
2018-08-24,59.040000,37.296239
2018-08-27,58.870000,37.188848
2018-08-28,59.670000,37.694217
2018-08-29,59.450000,37.555241
2018-08-30,59.440000,37.548923
2018-08-31,60.000000,37.902682
2018-09-04,59.370000,37.504704
2018-09-05,59.650000,37.681583
2018-09-06,59.840000,37.801608
2018-09-07,59.810000,37.782657
2018-09-10,56.980000,35.994914
2018-09-11,56.340000,35.590618
2018-09-12,56.020000,35.388471
2018-09-13,56.620000,35.767497
2018-09-14,56.440000,35.653789
2018-09-17,56.010000,35.382153
2018-09-18,55.040000,34.769393
2018-09-19,53.760000,33.960803
2018-09-20,54.220000,34.251390
2018-09-21,53.780000,33.973437
2018-09-24,54.070000,34.156633
2018-09-25,53.750000,33.954486
2018-09-26,53.280000,33.657581
2018-09-27,53.580000,33.847095
2018-09-28,56.000000,35.375836
2018-10-01,54.390000,34.358781
2018-10-02,53.670000,33.903949
2018-10-03,52.350000,33.070090
2018-10-04,51.430000,32.488915
2018-10-05,51.120000,32.293085
2018-10-08,52.630000,33.246969
2018-10-09,52.470000,33.145895
2018-10-10,52.360000,33.076407
2018-10-11,51.490000,32.526818
2018-10-12,51.220000,32.356256
2018-10-15,51.270000,32.387842
2018-10-16,52.740000,33.657828
2018-10-17,51.870000,33.102608
2018-10-18,51.270000,32.719697
2018-10-19,51.700000,32.994116
2018-10-22,51.560000,32.904771
2018-10-23,51.740000,33.019644
2018-10-24,51.310000,32.745225
2018-10-25,52.820000,33.708883
2018-10-26,51.500000,32.866480
2018-10-29,52.750000,33.664210
2018-10-30,53.240000,33.976920
2018-10-31,47.760000,30.479671
2018-11-01,49.010000,31.277401
2018-11-02,49.220000,31.411420
2018-11-05,49.420000,31.539057
2018-11-06,50.800000,32.419751
2018-11-07,50.390000,32.158095
2018-11-08,50.840000,32.445278
2018-11-09,50.370000,32.145332
2018-11-12,49.920000,31.858149
2018-11-13,50.000000,31.909204
2018-11-14,50.920000,32.496333
2018-11-15,51.700000,32.994116
2018-11-16,53.010000,33.830138
2018-11-19,54.040000,34.487467
2018-11-20,51.680000,32.981353
2018-11-21,51.440000,32.828189
2018-11-23,51.660000,32.968589
2018-11-26,51.260000,32.713315
2018-11-27,50.880000,32.470806
2018-11-28,51.450000,32.834570
2018-11-29,51.790000,33.051553
2018-11-30,52.650000,33.600391
2018-12-03,53.670000,34.251339
2018-12-04,52.430000,33.459991
2018-12-06,53.030000,33.842901
2018-12-07,52.970000,33.804610
2018-12-10,52.440000,33.466373
2018-12-11,52.660000,33.606773
2018-12-12,52.620000,33.581246
2018-12-13,52.830000,33.715264
2018-12-14,53.090000,33.881192
2018-12-17,50.010000,31.915585
2018-12-18,51.310000,32.745225
2018-12-19,49.210000,31.405038
2018-12-20,48.520000,30.964691
2018-12-21,47.740000,30.466908
2018-12-24,45.710000,29.171394
2018-12-26,48.220000,30.773236
2018-12-27,47.500000,30.313743
2018-12-28,47.340000,30.211634
2018-12-31,47.220000,30.135052
2019-01-02,45.890000,29.286267
2019-01-03,46.570000,29.720232
2019-01-04,48.180000,30.747709
2019-01-07,49.190000,31.392274
2019-01-08,50.810000,32.426133
2019-01-09,51.180000,32.662261
2019-01-10,51.050000,32.579297
2019-01-11,51.110000,32.617588
2019-01-14,50.530000,32.247441
2019-01-15,50.420000,32.177241
2019-01-16,50.800000,32.764158
2019-01-17,52.610000,33.931542
2019-01-18,51.380000,33.138237
2019-01-22,51.000000,32.893151
2019-01-23,51.830000,33.428471
2019-01-24,51.780000,33.396222
2019-01-25,52.800000,34.054085
2019-01-28,52.740000,34.015388
2019-01-29,53.330000,34.395916
2019-01-30,53.520000,34.518459
2019-01-31,52.960000,34.157280
2019-02-01,52.680000,33.976690
2019-02-04,54.990000,35.466556
2019-02-05,55.680000,35.911581
2019-02-06,55.080000,35.524603
2019-02-07,57.100000,36.827429
2019-02-08,57.260000,36.930624
2019-02-11,57.460000,37.059616
2019-02-12,57.030000,36.782282
2019-02-13,57.120000,36.840329
2019-02-14,56.850000,36.666188
2019-02-15,57.320000,36.969321
2019-02-19,57.250000,36.924174
2019-02-20,57.580000,37.137012
2019-02-21,57.620000,37.162811
2019-02-22,58.110000,37.478843
2019-02-25,56.660000,36.543645
2019-02-26,56.970000,36.743584
2019-02-27,56.350000,36.343707
2019-02-28,56.670000,36.550095
2019-03-01,57.110000,36.833879
2019-03-04,57.110000,36.833879
2019-03-05,56.020000,36.130869
2019-03-06,54.580000,35.202121
2019-03-07,53.670000,34.615204
2019-03-08,53.010000,34.189528
2019-03-11,51.620000,33.293028
2019-03-12,50.350000,32.473924
2019-03-13,50.230000,32.396529
2019-03-14,49.360000,31.835410
2019-03-15,49.740000,32.080496
2019-03-18,50.640000,32.660964
2019-03-19,50.340000,32.467475
2019-03-20,50.140000,32.338482
2019-03-21,51.340000,33.112438
2019-03-22,50.220000,32.390079
2019-03-25,49.370000,31.841860
2019-03-26,49.740000,32.080496
2019-03-27,50.300000,32.441676
2019-03-28,51.800000,33.409122
2019-03-29,51.370000,33.131787
2019-04-01,52.090000,33.596161
2019-04-02,52.950000,34.150830
2019-04-03,52.890000,34.112132
2019-04-04,53.350000,34.408815
2019-04-05,54.040000,34.853840
2019-04-08,53.310000,34.383017
2019-04-09,52.980000,34.170179
2019-04-10,54.070000,34.873189
2019-04-11,53.730000,34.653902
2019-04-12,53.780000,34.686150
2019-04-15,53.000000,34.523304
2019-04-16,52.790000,34.386514
2019-04-17,52.720000,34.340917
2019-04-18,52.860000,34.432110
2019-04-22,52.270000,34.047794
2019-04-23,52.970000,34.503763
2019-04-24,53.610000,34.920648
2019-04-25,53.560000,34.888079
2019-04-26,53.880000,35.096521
2019-04-29,53.750000,35.011841
2019-04-30,53.350000,34.751288
2019-05-01,53.720000,34.992300
2019-05-02,53.450000,34.816426
2019-05-03,55.710000,36.288552
2019-05-06,56.240000,36.633785
2019-05-07,54.990000,35.819556
2019-05-08,54.190000,35.298450
2019-05-09,54.120000,35.252853
2019-05-10,54.160000,35.278908
2019-05-13,54.000000,35.174687
2019-05-14,54.940000,35.786987
2019-05-15,55.090000,35.884695
2019-05-16,54.540000,35.526434
2019-05-17,54.350000,35.402671
2019-05-20,54.390000,35.428727
2019-05-21,55.160000,35.930292
2019-05-22,54.600000,35.565517
2019-05-23,54.890000,35.754418
2019-05-24,55.060000,35.865153
2019-05-28,54.200000,35.304964
2019-05-29,53.300000,34.718719
2019-05-30,53.780000,35.031383
2019-05-31,53.690000,34.972758
2019-06-03,53.690000,34.972758
2019-06-04,53.900000,35.109549
2019-06-05,55.160000,35.930292
2019-06-06,55.480000,36.138734
2019-06-07,55.970000,36.457912
2019-06-10,55.900000,36.412315
2019-06-11,56.170000,36.588188
2019-06-12,57.180000,37.246085
2019-06-13,58.060000,37.819303
2019-06-14,57.000000,37.128836
2019-06-17,57.090000,37.187461
2019-06-18,57.420000,37.402417
2019-06-19,57.490000,37.448014
2019-06-20,56.950000,37.096267
2019-06-21,55.260000,35.995430
2019-06-24,53.910000,35.116063
2019-06-25,53.810000,35.050924
2019-06-26,52.550000,34.230182
2019-06-27,54.370000,35.415699
2019-06-28,56.130000,36.562133
2019-07-01,55.290000,36.014971
2019-07-02,56.090000,36.536078
2019-07-03,56.840000,37.024615
2019-07-05,56.860000,37.037643
2019-07-08,56.320000,36.685896
2019-07-09,56.000000,36.477453
2019-07-10,56.060000,36.516536
2019-07-11,54.970000,35.806529
2019-07-12,55.250000,35.988916
2019-07-15,55.260000,35.995430
2019-07-16,54.500000,35.844161
2019-07-17,54.440000,35.804699
2019-07-18,54.260000,35.686315
2019-07-19,53.180000,34.976009
2019-07-22,52.650000,34.627433
2019-07-23,53.630000,35.271970
2019-07-24,55.010000,36.179583
2019-07-25,54.990000,36.166430
2019-07-26,54.100000,35.581084
2019-07-29,55.190000,36.297968
2019-07-30,55.530000,36.521583
2019-07-31,54.790000,36.034891
2019-08-01,53.660000,35.291700
2019-08-02,53.540000,35.212778
2019-08-05,51.400000,33.805319
2019-08-06,52.250000,34.364356
2019-08-07,52.170000,34.311741
2019-08-08,53.950000,35.482431
2019-08-09,54.240000,35.673161
2019-08-12,53.060000,34.897086
2019-08-13,52.670000,34.640586
2019-08-14,49.500000,32.555706
2019-08-15,50.200000,33.016089
2019-08-16,51.300000,33.739550
2019-08-19,52.740000,34.686625
2019-08-20,52.160000,34.305164
2019-08-21,51.700000,34.002626
2019-08-22,51.590000,33.930280
2019-08-23,49.760000,32.726705
2019-08-26,50.530000,33.233128
2019-08-27,49.300000,32.424168
2019-08-28,49.820000,32.766167
2019-08-29,50.340000,33.108166
2019-08-30,50.230000,33.035820
2019-09-03,50.610000,33.285743
2019-09-04,51.030000,33.561973
2019-09-05,51.310000,33.746127
2019-09-06,51.470000,33.851357
2019-09-09,51.950000,34.167049
2019-09-10,51.990000,34.193356
2019-09-11,53.820000,35.396931
2019-09-12,53.580000,35.239085
2019-09-13,53.900000,35.449546
2019-09-16,54.240000,35.673161
2019-09-17,55.010000,36.179583
2019-09-18,54.470000,35.824430
2019-09-19,54.300000,35.712623
2019-09-20,53.920000,35.462700
2019-09-23,53.950000,35.482431
2019-09-24,53.250000,35.022047
2019-09-25,53.990000,35.508738
2019-09-26,54.220000,35.660007
2019-09-27,54.180000,35.633700
2019-09-30,54.510000,35.850738
2019-10-01,53.300000,35.054932
2019-10-02,53.470000,35.166739
2019-10-03,53.120000,34.936547
2019-10-04,53.070000,34.903663
2019-10-07,53.660000,35.291700
2019-10-08,53.290000,35.048355
2019-10-09,53.200000,34.989163
2019-10-10,53.520000,35.199624
2019-10-11,54.240000,35.673161
2019-10-14,54.190000,35.640277
2019-10-15,54.370000,35.758661
2019-10-16,54.100000,35.931344
2019-10-17,54.450000,36.163802
2019-10-18,54.720000,36.343127
2019-10-21,55.190000,36.655284
2019-10-22,55.130000,36.615434
2019-10-23,55.190000,36.655284
2019-10-24,55.620000,36.940875
2019-10-25,54.950000,36.495885
2019-10-28,55.130000,36.615434
2019-10-29,56.020000,37.206541
2019-10-30,57.230000,38.010182
2019-10-31,53.540000,35.559411
2019-11-01,52.810000,35.074571
2019-11-04,53.860000,35.771944
2019-11-05,54.650000,36.296635
2019-11-06,53.760000,35.705528
2019-11-07,53.730000,35.685603
2019-11-08,52.930000,35.154271
2019-11-11,52.670000,34.981588
2019-11-12,51.810000,34.410405
2019-11-13,51.300000,34.071681
2019-11-14,52.160000,34.642863
2019-11-15,52.000000,34.536597
2019-11-18,52.690000,34.994871
2019-11-19,52.480000,34.855396
2019-11-20,51.590000,34.264289
2019-11-21,50.890000,33.799373
2019-11-22,50.880000,33.792732
2019-11-25,52.740000,35.028079
2019-11-26,52.930000,35.154271
2019-11-27,53.480000,35.519562
2019-11-29,53.140000,35.293745
2019-12-02,51.710000,34.343989
2019-12-03,51.700000,34.337347
2019-12-04,51.870000,34.450255
2019-12-05,51.260000,34.045115
2019-12-06,52.240000,34.695997
2019-12-09,52.000000,34.536597
2019-12-10,52.360000,34.775696
2019-12-11,51.080000,33.925565
2019-12-12,50.090000,33.268041
2019-12-13,50.190000,33.334458
2019-12-16,50.310000,33.414157
2019-12-17,50.240000,33.367666
2019-12-18,51.130000,33.958773
2019-12-19,51.810000,34.410405
2019-12-20,51.580000,34.257647
2019-12-23,51.070000,33.918923
2019-12-24,51.260000,34.045115
2019-12-26,51.150000,33.972056
2019-12-27,51.290000,34.065039
2019-12-30,51.740000,34.363914
2019-12-31,52.780000,35.054646
2020-01-02,51.490000,34.197873
2020-01-03,52.540000,34.895246
2020-01-06,52.290000,34.729205
2020-01-07,51.450000,34.171306
2020-01-08,52.440000,34.828830
2020-01-09,51.940000,34.496747
2020-01-10,52.010000,34.543239
2020-01-13,53.260000,35.373445
2020-01-14,53.280000,35.386728
2020-01-15,53.330000,35.419937
2020-01-16,53.700000,36.023686
2020-01-17,53.680000,36.010269
2020-01-21,54.470000,36.540226
2020-01-22,55.500000,37.231184
2020-01-23,56.950000,38.203890
2020-01-24,56.290000,37.761141
2020-01-27,56.050000,37.600141
2020-01-28,56.370000,37.814807
2020-01-29,51.890000,34.809480
2020-01-30,51.250000,34.380147
2020-01-31,49.380000,33.125691
2020-02-03,48.670000,32.649400
2020-02-04,49.580000,33.259857
2020-02-05,49.150000,32.971399
2020-02-06,49.030000,32.890900
2020-02-07,48.120000,32.280442
2020-02-10,48.090000,32.260317
2020-02-11,47.450000,31.830985
2020-02-12,47.780000,32.052359
2020-02-13,48.850000,32.770150
2020-02-14,49.270000,33.051899
2020-02-18,49.350000,33.105566
2020-02-19,47.520000,31.877943
2020-02-20,48.370000,32.448150
2020-02-21,48.370000,32.448150
2020-02-24,48.030000,32.220067
2020-02-25,47.560000,31.904776
2020-02-26,47.610000,31.938318
2020-02-27,46.370000,31.106486
2020-02-28,43.010000,28.852490
2020-03-02,44.400000,29.784947
2020-03-03,43.470000,29.161073
2020-03-04,44.310000,29.724572
2020-03-05,44.210000,29.657489
2020-03-06,44.500000,29.852030
2020-03-09,37.700000,25.290372
2020-03-10,40.110000,26.907077
2020-03-11,38.400000,25.759954
2020-03-12,33.070000,22.184419
2020-03-13,36.690000,24.612831
2020-03-16,29.070000,19.501090
2020-03-17,31.320000,21.010462
2020-03-18,26.080000,17.495302
2020-03-19,26.900000,18.045384
2020-03-20,25.610000,17.180011
2020-03-23,27.590000,18.508259
2020-03-24,30.480000,20.446963
2020-03-25,30.630000,20.547588
2020-03-26,34.770000,23.324833
2020-03-27,32.600000,21.869128
2020-03-30,32.080000,21.520295
2020-03-31,32.740000,21.963044
2020-04-01,29.980000,20.111547
2020-04-02,29.580000,19.843215
2020-04-03,27.740000,18.608883
2020-04-06,31.470000,21.111087
2020-04-07,33.890000,22.734501
2020-04-08,35.520000,23.827957
2020-04-09,37.410000,25.095830
2020-04-13,35.390000,23.740749
2020-04-14,35.210000,23.619999
2020-04-15,31.800000,21.658477
2020-04-16,29.430000,20.044308
2020-04-17,30.960000,21.086366
2020-04-20,29.440000,20.051118
2020-04-21,29.030000,19.771874
2020-04-22,27.730000,18.886464
2020-04-23,27.780000,18.920519
2020-04-24,28.020000,19.083979
2020-04-27,30.290000,20.630040
2020-04-28,32.390000,22.060317
2020-04-29,35.130000,23.926487
2020-04-30,32.620000,22.216966
2020-05-01,32.620000,22.216966
2020-05-04,32.160000,21.903667
2020-05-05,30.810000,20.984204
2020-05-06,29.530000,20.112416
2020-05-07,29.940000,20.391660
2020-05-08,31.370000,21.365611
2020-05-11,29.300000,19.955767
2020-05-12,27.180000,18.511868
2020-05-13,25.960000,17.680945
2020-05-14,26.850000,18.287110
2020-05-15,27.060000,18.430138
2020-05-18,30.200000,20.568742
2020-05-19,29.450000,20.057929
2020-05-20,30.110000,20.507445
2020-05-21,31.060000,21.154475
2020-05-22,29.910000,20.371228
2020-05-26,31.890000,21.719775
2020-05-27,33.430000,22.768644
2020-05-28,31.760000,21.631234
2020-05-29,30.380000,20.691337
2020-06-01,31.460000,21.426908
2020-06-02,32.320000,22.012641
2020-06-03,35.120000,23.919677
2020-06-04,36.450000,24.825518
2020-06-05,38.770000,26.405634
2020-06-08,40.420000,27.529423
2020-06-09,38.690000,26.351147
2020-06-10,36.760000,25.036655
2020-06-11,32.810000,22.346372
2020-06-12,34.480000,23.483783
2020-06-15,34.610000,23.572324
2020-06-16,35.590000,24.239786
2020-06-17,33.820000,23.034267
2020-06-18,33.200000,22.611995
2020-06-19,32.490000,22.128425
2020-06-22,32.420000,22.080749
2020-06-23,32.210000,21.937722
2020-06-24,30.660000,20.882041
2020-06-25,30.610000,20.847987
2020-06-26,30.060000,20.473391
2020-06-29,31.680000,21.576747
2020-06-30,32.270000,21.978587
2020-07-01,32.590000,22.196534
2020-07-02,32.440000,22.094371
2020-07-06,32.850000,22.373615
2020-07-07,31.850000,21.692531
2020-07-08,30.710000,20.916095
2020-07-09,29.960000,20.405282
2020-07-10,30.720000,20.922906
2020-07-13,30.710000,20.916095
2020-07-14,30.900000,21.045501
2020-07-15,31.760000,21.631234
2020-07-16,30.370000,21.035561
2020-07-17,30.340000,21.014782
2020-07-20,29.740000,20.599196
2020-07-21,30.600000,21.194869
2020-07-22,31.010000,21.478852
2020-07-23,30.830000,21.354177
2020-07-24,30.330000,21.007855
2020-07-27,30.680000,21.250280
2020-07-28,31.470000,21.797468
2020-07-29,31.720000,21.970629
2020-07-30,30.990000,21.464999
2020-07-31,30.710000,21.271059
2020-08-03,29.840000,20.668460
2020-08-04,30.730000,21.284912
2020-08-05,30.830000,21.354177
2020-08-06,30.870000,21.381882
2020-08-07,31.500000,21.818247
2020-08-10,32.320000,22.386214
2020-08-11,32.360000,22.413920
2020-08-12,32.260000,22.344656
2020-08-13,31.020000,21.485779
2020-08-14,30.960000,21.444220
2020-08-17,30.860000,21.374956
2020-08-18,29.470000,20.412182
2020-08-19,27.710000,19.193131
2020-08-20,28.490000,19.733392
2020-08-21,27.520000,19.061529
2020-08-24,28.770000,19.927332
2020-08-25,29.210000,20.232095
2020-08-26,27.480000,19.033823
2020-08-27,28.230000,19.553305
2020-08-28,28.400000,19.671055
2020-08-31,28.020000,19.407850
2020-09-01,28.120000,19.477115
2020-09-02,28.290000,19.594864
2020-09-03,28.350000,19.636422
2020-09-04,28.250000,19.567158
2020-09-08,27.940000,19.352439
2020-09-09,26.870000,18.611311
2020-09-10,25.640000,17.759361
2020-09-11,25.120000,17.399186
2020-09-14,25.650000,17.766287
2020-09-15,26.060000,18.050271
2020-09-16,26.590000,18.417371
2020-09-17,25.920000,17.953301
2020-09-18,25.810000,17.877110
2020-09-21,24.030000,16.644206
2020-09-22,24.520000,16.983601
2020-09-23,24.460000,16.942042
2020-09-24,25.210000,17.461524
2020-09-25,25.580000,17.717802
2020-09-28,26.840000,18.590532
2020-09-29,26.830000,18.583605
2020-09-30,26.580000,18.410445
2020-10-01,27.120000,18.784472
2020-10-02,27.600000,19.116940
2020-10-05,27.680000,19.172352
2020-10-06,27.640000,19.144646
2020-10-07,27.300000,18.909148
2020-10-08,27.920000,19.338586
2020-10-09,27.730000,19.206984
2020-10-12,28.420000,19.684907
2020-10-13,27.690000,19.179278
2020-10-14,27.620000,19.130793
2020-10-15,26.850000,18.961307
2020-10-16,26.390000,18.636458
2020-10-19,25.660000,18.120936
2020-10-20,25.630000,18.099750
2020-10-21,25.250000,17.831396
2020-10-22,25.980000,18.346918
2020-10-23,26.500000,18.714139
2020-10-26,25.770000,18.198617
2020-10-27,25.020000,17.668972
2020-10-28,24.480000,17.287627
2020-10-29,25.070000,17.704282
2020-10-30,24.750000,17.478300
2020-11-02,25.370000,17.916140
2020-11-03,26.190000,18.495219
2020-11-04,24.960000,17.626600
2020-11-05,24.910000,17.591291
2020-11-06,24.090000,17.012212
2020-11-09,28.240000,19.942916
2020-11-10,29.660000,20.945712
2020-11-11,28.730000,20.288951
2020-11-12,28.470000,20.105341
2020-11-13,29.400000,20.762101
2020-11-16,30.910000,21.828454
2020-11-17,31.300000,22.103870
2020-11-18,30.440000,21.496543
2020-11-19,30.490000,21.531853
2020-11-20,30.330000,21.418862
2020-11-23,32.330000,22.831249
2020-11-24,33.300000,23.516258
2020-11-25,32.350000,22.845373
2020-11-27,31.920000,22.541710
2020-11-30,31.200000,22.033250
2020-12-01,31.960000,22.569958
2020-12-02,32.470000,22.930117
2020-12-03,32.920000,23.247904
2020-12-04,33.850000,23.904664
2020-12-07,32.710000,23.099603
2020-12-08,33.000000,23.304399
2020-12-09,33.240000,23.473886
2020-12-10,33.000000,23.304399
2020-12-11,33.060000,23.346771
2020-12-14,33.190000,23.438576
2020-12-15,34.600000,24.434310
2020-12-16,34.380000,24.278947
2020-12-17,34.500000,24.363690
2020-12-18,33.080000,23.360895
2020-12-21,32.080000,22.654701
2020-12-22,32.090000,22.661763
2020-12-23,32.210000,22.746506
2020-12-24,32.330000,22.831249
2020-12-28,32.300000,22.810064
2020-12-29,31.840000,22.485214
2020-12-30,31.730000,22.407533
2020-12-31,31.680000,22.372223
2021-01-04,31.240000,22.061498
2021-01-05,31.500000,22.245108
2021-01-06,33.160000,23.417390
2021-01-07,32.370000,22.859497
2021-01-08,32.480000,22.937179
2021-01-11,32.060000,22.640577
2021-01-12,32.000000,22.598205
2021-01-13,32.020000,22.612329
2021-01-14,31.950000,22.942646
2021-01-15,31.840000,22.863657
2021-01-19,31.630000,22.712860
2021-01-20,31.940000,22.935465
2021-01-21,31.290000,22.468713
2021-01-22,31.530000,22.641052
2021-01-25,31.360000,22.518979
2021-01-26,31.550000,22.655414
2021-01-27,30.700000,22.045046
2021-01-28,31.100000,22.332278
2021-01-29,29.930000,21.492125
2021-02-01,30.280000,21.743453
2021-02-02,30.440000,21.858346
2021-02-03,30.680000,22.030685
2021-02-04,31.540000,22.648233
2021-02-05,31.970000,22.957008
2021-02-08,32.460000,23.308867
2021-02-09,33.180000,23.825884
2021-02-10,33.810000,24.278274
2021-02-11,33.770000,24.249551
2021-02-12,33.870000,24.321359
2021-02-16,34.400000,24.701941
2021-02-17,34.500000,24.773749
2021-02-18,34.200000,24.558325
2021-02-19,35.030000,25.154331
2021-02-22,36.410000,26.145281
2021-02-23,37.130000,26.662299
2021-02-24,38.140000,27.387559
2021-02-25,36.480000,26.195547
2021-02-26,35.420000,25.434382
2021-03-01,36.680000,26.339163
2021-03-02,35.930000,25.800603
2021-03-03,37.730000,27.093147
2021-03-04,37.380000,26.841819
2021-03-05,39.100000,28.076916
2021-03-08,42.260000,30.346048
2021-03-09,41.080000,29.498713
2021-03-10,42.590000,30.583014
2021-03-11,42.000000,30.159347
2021-03-12,42.300000,30.374771
2021-03-15,42.460000,30.489663
2021-03-16,41.120000,29.527437
2021-03-17,41.060000,29.484352
2021-03-18,40.760000,29.268928
2021-03-19,39.560000,28.407232
2021-03-22,39.220000,28.163085
2021-03-23,38.910000,27.940481
2021-03-24,38.800000,27.861492
2021-03-25,39.510000,28.371328
2021-03-26,41.050000,29.477171
2021-03-29,40.250000,28.902707
2021-03-30,40.710000,29.233024
2021-03-31,40.110000,28.802176
2021-04-01,41.120000,29.527437
2021-04-05,40.880000,29.355098
2021-04-06,41.000000,29.441267
2021-04-07,40.550000,29.118131
2021-04-08,40.770000,29.276109
2021-04-09,40.880000,29.355098
2021-04-12,41.000000,29.441267
2021-04-13,41.060000,29.484352
2021-04-14,39.890000,29.018771
2021-04-15,40.410000,29.397056
2021-04-16,40.450000,29.426154
2021-04-19,40.820000,29.695318
2021-04-20,40.590000,29.528000
2021-04-21,41.110000,29.906284
2021-04-22,40.620000,29.549824
2021-04-23,41.390000,30.109976
2021-04-26,41.470000,30.168174
2021-04-27,41.270000,30.022680
2021-04-28,42.080000,30.611930
2021-04-29,43.290000,31.492169
2021-04-30,43.180000,31.412147
2021-05-03,43.810000,31.870453
2021-05-04,43.400000,31.572190
2021-05-05,42.830000,31.157532
2021-05-06,44.180000,32.139617
2021-05-07,43.890000,31.928650
2021-05-10,43.730000,31.812255
2021-05-11,42.790000,31.128434
2021-05-12,41.420000,30.131800
2021-05-13,42.400000,30.844720
2021-05-14,43.060000,31.324851
2021-05-17,43.080000,31.339400
2021-05-18,43.040000,31.310301
2021-05-19,42.020000,30.568282
2021-05-20,42.240000,30.728325
2021-05-21,42.230000,30.721051
2021-05-24,42.390000,30.837446
2021-05-25,42.400000,30.844720
2021-05-26,43.030000,31.303026
2021-05-27,43.700000,31.790431
2021-05-28,44.450000,32.336034
2021-06-01,45.460000,33.070778
2021-06-02,45.170000,32.859812
2021-06-03,44.640000,32.474253
2021-06-04,44.300000,32.226913
2021-06-07,44.950000,32.699769
2021-06-08,45.890000,33.383590
2021-06-09,46.410000,33.761874
2021-06-10,46.220000,33.623655
2021-06-11,46.390000,33.747325
2021-06-14,47.060000,34.234730
2021-06-15,47.160000,34.307477
2021-06-16,47.530000,34.576641
2021-06-17,46.480000,33.812797
2021-06-18,45.250000,32.918009
2021-06-21,47.000000,34.191082
2021-06-22,45.980000,33.449062
2021-06-23,45.560000,33.143525
2021-06-24,45.770000,33.296294
2021-06-25,46.350000,33.718226
2021-06-28,45.500000,33.099877
2021-06-29,45.730000,33.267195
2021-06-30,45.450000,33.063503
2021-07-01,46.410000,33.761874
2021-07-02,46.050000,33.499985
2021-07-06,45.740000,33.274470
2021-07-07,45.250000,32.918009
2021-07-08,44.250000,32.190540
2021-07-09,45.620000,33.187173
2021-07-12,46.220000,33.623655
2021-07-13,45.080000,32.794340
2021-07-14,45.360000,32.998031
2021-07-15,44.540000,32.799203
2021-07-16,44.160000,32.519372
2021-07-19,42.500000,31.296950
2021-07-20,44.540000,32.799203
2021-07-21,45.300000,33.358867
2021-07-22,44.180000,32.534100
2021-07-23,44.690000,32.909663
2021-07-26,44.780000,32.975939
2021-07-27,45.260000,33.329411
2021-07-28,44.940000,33.093763
2021-07-29,45.250000,33.322047
2021-07-30,45.600000,33.579786
2021-08-02,44.850000,33.027487
2021-08-03,45.500000,33.506146
2021-08-04,44.530000,32.791839
2021-08-05,45.740000,33.682882
2021-08-06,46.690000,34.382461
2021-08-09,45.780000,33.712338
2021-08-10,46.460000,34.213089
2021-08-11,46.640000,34.345641
2021-08-12,46.570000,34.294093
2021-08-13,46.950000,34.573925
2021-08-16,46.450000,34.205725
2021-08-17,46.260000,34.065809
2021-08-18,45.720000,33.668154
2021-08-19,45.510000,33.513510
2021-08-20,45.710000,33.660790
2021-08-23,45.720000,33.668154
2021-08-24,45.220000,33.299955
2021-08-25,45.530000,33.528238
2021-08-26,44.810000,32.998031
2021-08-27,46.280000,34.080537
2021-08-30,46.350000,34.132085
2021-08-31,46.080000,33.933258
2021-09-01,45.910000,33.808070
2021-09-02,45.990000,33.866982
2021-09-03,45.470000,33.484054
2021-09-07,44.670000,32.894935
2021-09-08,44.540000,32.799203
2021-09-09,44.080000,32.460460
2021-09-10,43.680000,32.165900
2021-09-13,44.820000,33.005395
2021-09-14,44.420000,32.710836
2021-09-15,44.640000,32.872843
2021-09-16,44.200000,32.548828
2021-09-17,43.480000,32.018621
2021-09-20,43.730000,32.202720
2021-09-21,43.730000,32.202720
2021-09-22,44.370000,32.674016
2021-09-23,44.560000,32.813931
2021-09-24,43.620000,32.121717
2021-09-27,43.530000,32.055441
2021-09-28,43.570000,32.084897
2021-09-29,44.360000,32.666652
2021-09-30,44.060000,32.445732
2021-10-01,45.870000,33.778614
2021-10-04,45.730000,33.675518
2021-10-05,45.840000,33.756522
2021-10-06,45.750000,33.690246
2021-10-07,46.450000,34.205725
2021-10-08,46.220000,34.036353
2021-10-11,46.060000,33.918530
2021-10-12,46.790000,34.456101
2021-10-13,47.160000,34.728568
2021-10-14,46.730000,34.817979
2021-10-15,45.890000,34.192105
2021-10-18,46.440000,34.601903
2021-10-19,46.500000,34.646609
2021-10-20,47.050000,35.056407
2021-10-21,47.100000,35.093662
2021-10-22,46.710000,34.803077
2021-10-25,46.150000,34.385828
2021-10-26,45.680000,34.035636
2021-10-27,45.380000,33.812110
2021-10-28,46.860000,34.914840
2021-10-29,46.400000,34.572100
2021-11-01,48.310000,35.995219
2021-11-02,48.040000,35.794045
2021-11-03,49.300000,36.732856
2021-11-04,49.170000,36.635995
2021-11-05,51.190000,38.141073
2021-11-08,50.060000,37.299123
2021-11-09,51.480000,38.357149
2021-11-10,51.460000,38.342247
2021-11-11,51.330000,38.245385
2021-11-12,50.660000,37.746176
2021-11-15,51.860000,38.640282
2021-11-16,51.460000,38.342247
2021-11-17,51.590000,38.439108
2021-11-18,53.700000,40.011245
2021-11-19,52.640000,39.221451
2021-11-22,53.460000,39.832424
2021-11-23,53.660000,39.981441
2021-11-24,53.850000,40.123008
2021-11-26,51.180000,38.133622
2021-11-29,50.310000,37.485395
2021-11-30,49.230000,36.680700
2021-12-01,48.540000,36.166589
2021-12-02,50.850000,37.887743
2021-12-03,50.780000,37.835587
2021-12-06,52.200000,38.893612
2021-12-07,52.670000,39.243804
2021-12-08,52.540000,39.146942
2021-12-09,52.000000,38.744595
2021-12-10,51.040000,38.029310
2021-12-13,50.600000,37.701471
2021-12-14,50.750000,37.813234
2021-12-15,51.820000,38.610479
2021-12-16,51.300000,38.223033
2021-12-17,50.080000,37.314025
2021-12-20,50.380000,37.537551
2021-12-21,51.560000,38.416756
2021-12-22,52.240000,38.923416
2021-12-23,51.990000,38.737144
2021-12-27,52.800000,39.340665
2021-12-28,52.880000,39.400272
2021-12-29,52.960000,39.459879
2021-12-30,52.540000,39.146942
2021-12-31,53.020000,39.504585
2022-01-03,53.670000,39.988892
2022-01-04,54.670000,40.733981
2022-01-05,53.840000,40.115557
2022-01-06,54.260000,40.428494
2022-01-07,53.760000,40.055950
2022-01-10,53.940000,40.190066
2022-01-11,53.320000,39.728111
2022-01-12,53.190000,39.631250
2022-01-13,53.320000,40.158461
2022-01-14,53.010000,39.924982
2022-01-18,52.170000,39.292328
2022-01-19,50.520000,38.049615
2022-01-20,49.150000,37.017786
2022-01-21,49.420000,37.221140
2022-01-24,50.270000,37.861325
2022-01-25,50.320000,37.898983
2022-01-26,49.320000,37.145824
2022-01-27,48.300000,36.377601
2022-01-28,49.940000,37.612782
2022-01-31,49.380000,37.191013
2022-02-01,48.810000,36.761712
2022-02-02,48.740000,36.708991
2022-02-03,47.830000,36.023616
2022-02-04,47.290000,35.616910
2022-02-07,47.100000,35.473810
2022-02-08,46.910000,35.330709
2022-02-09,47.580000,35.835326
2022-02-10,46.790000,35.240330
2022-02-11,47.020000,35.413557
2022-02-14,46.100000,34.720650
2022-02-15,46.910000,35.330709
2022-02-16,47.510000,35.782605
2022-02-17,46.840000,35.277988
2022-02-18,46.580000,35.082167
2022-02-22,46.390000,34.939066
2022-02-23,45.540000,34.298881
2022-02-24,45.790000,34.487171
2022-02-25,46.670000,35.149951
2022-02-28,46.030000,34.667929
2022-03-01,45.410000,34.200970
2022-03-02,46.350000,34.908940
2022-03-03,46.820000,35.262925
2022-03-04,46.990000,35.390962
2022-03-07,46.080000,34.705587
2022-03-08,45.980000,34.630271
2022-03-09,46.460000,34.991788
2022-03-10,46.400000,34.946598
2022-03-11,45.990000,34.637803
2022-03-14,46.480000,35.006851
2022-03-15,48.160000,36.272159
2022-03-16,48.930000,36.852091
2022-03-17,50.220000,37.823667
2022-03-18,49.570000,37.334113
2022-03-21,48.270000,36.355006
2022-03-22,48.270000,36.355006
2022-03-23,48.000000,36.151653
2022-03-24,48.550000,36.565891
2022-03-25,49.600000,37.356708
2022-03-28,49.890000,37.575124
2022-03-29,52.150000,39.277265
2022-03-30,53.060000,39.962640
2022-03-31,52.700000,39.691503
2022-04-01,54.080000,40.730863
2022-04-04,54.400000,40.971874
2022-04-05,53.920000,40.610357
2022-04-06,54.680000,41.182758
2022-04-07,53.390000,40.211183
2022-04-08,52.810000,39.774350
2022-04-11,52.760000,39.736692
2022-04-12,53.730000,40.467257
2022-04-13,53.800000,40.954447
2022-04-14,54.230000,41.281778
2022-04-18,53.960000,41.076245
2022-04-19,54.710000,41.647171
2022-04-20,55.420000,42.187648
2022-04-21,54.980000,41.852705
2022-04-22,53.990000,41.099082
2022-04-25,54.210000,41.266554
2022-04-26,53.360000,40.619504
2022-04-27,52.590000,40.033353
2022-04-28,53.910000,41.038183
2022-04-29,51.610000,39.287342
2022-05-02,51.020000,38.838214
2022-05-03,51.260000,39.020910
2022-05-04,51.830000,39.454814
2022-05-05,49.860000,37.955181
2022-05-06,49.910000,37.993243
2022-05-09,48.650000,37.034087
2022-05-10,47.370000,36.059706
2022-05-11,46.510000,35.405043
2022-05-12,48.130000,36.638244
2022-05-13,47.900000,36.463160
2022-05-16,48.500000,36.919901
2022-05-17,49.540000,37.711586
2022-05-18,47.410000,36.090155
2022-05-19,46.290000,35.237572
2022-05-20,45.180000,34.392601
2022-05-23,46.620000,35.488779
2022-05-24,47.890000,36.455548
2022-05-25,47.820000,36.402261
2022-05-26,48.110000,36.623020
2022-05-27,49.170000,37.429929
2022-05-31,49.060000,37.346193
2022-06-01,48.900000,37.224395
2022-06-02,49.200000,37.452766
2022-06-03,48.000000,36.539284
2022-06-06,47.540000,36.189116
2022-06-07,48.060000,36.584958
2022-06-08,46.340000,35.275634
2022-06-09,45.560000,34.681870
2022-06-10,45.040000,34.286028
2022-06-13,42.840000,32.611311
2022-06-14,42.560000,32.398165
2022-06-15,43.660000,33.235523
2022-06-16,42.360000,32.245918
2022-06-17,42.970000,32.710271
2022-06-21,43.530000,33.136563
2022-06-22,44.100000,33.570467
2022-06-23,45.790000,34.856954
2022-06-24,47.960000,36.508834
2022-06-27,47.270000,35.983582
2022-06-28,47.030000,35.800886
2022-06-29,46.820000,35.641026
2022-06-30,47.110000,35.861785
2022-07-01,48.100000,36.615407
2022-07-05,48.670000,37.049311
2022-07-06,47.330000,36.029256
2022-07-07,47.180000,35.915071
2022-07-08,47.740000,36.341363
2022-07-11,47.700000,36.310913
2022-07-12,47.460000,36.128217
2022-07-13,47.090000,35.846560
2022-07-14,46.040000,35.491949
2022-07-15,47.320000,36.478693
2022-07-18,47.280000,36.447857
2022-07-19,48.540000,37.419183
2022-07-20,48.500000,37.388347
2022-07-21,49.010000,37.781503
2022-07-22,49.310000,38.012771
2022-07-25,50.310000,38.783665
2022-07-26,50.440000,38.883881
2022-07-27,51.150000,39.431216
2022-07-28,52.310000,40.325453
2022-07-29,52.280000,40.302326
2022-08-01,52.620000,40.564430
2022-08-02,51.400000,39.623939
2022-08-03,51.310000,39.554559
2022-08-04,50.880000,39.223074
2022-08-05,50.200000,38.698867
2022-08-08,50.650000,39.045769
2022-08-09,48.090000,37.072281
2022-08-10,49.090000,37.843175
2022-08-11,49.250000,37.966518
2022-08-12,50.320000,38.791374
2022-08-15,49.360000,38.051316
2022-08-16,49.230000,37.951100
2022-08-17,48.940000,37.727541
2022-08-18,48.490000,37.380638
2022-08-19,48.270000,37.211042
2022-08-22,47.090000,36.301387
2022-08-23,46.850000,36.116373
2022-08-24,46.750000,36.039283
2022-08-25,47.420000,36.555782
2022-08-26,45.690000,35.222136
2022-08-29,45.110000,34.775017
2022-08-30,44.630000,34.404988
2022-08-31,44.290000,34.142885
2022-09-01,44.670000,34.435824
2022-09-02,44.820000,34.551458
2022-09-06,43.840000,33.795982
2022-09-07,43.780000,33.749729
2022-09-08,43.240000,33.333446
2022-09-09,43.400000,33.456789
2022-09-12,43.630000,33.634095
2022-09-13,41.830000,32.246486
2022-09-14,41.360000,31.884166
2022-09-15,40.860000,31.498719
2022-09-16,41.350000,31.876457
2022-09-19,41.660000,32.115434
2022-09-20,40.560000,31.267451
2022-09-21,40.290000,31.059310
2022-09-22,38.980000,30.049439
2022-09-23,38.640000,29.787335
2022-09-26,37.840000,29.170620
2022-09-27,37.270000,28.731210
2022-09-28,38.230000,29.471268
2022-09-29,37.010000,28.530778
2022-09-30,37.500000,28.908516
2022-10-03,37.210000,28.684957
2022-10-04,38.190000,29.440433
2022-10-05,38.050000,29.332508
2022-10-06,37.140000,28.630994
2022-10-07,36.460000,28.106786
2022-10-10,36.480000,28.122204
2022-10-11,37.390000,28.823718
2022-10-12,37.010000,28.530778
2022-10-13,38.310000,29.532940
2022-10-14,37.240000,29.157123
2022-10-17,38.080000,29.814803
2022-10-18,38.370000,30.041859
2022-10-19,37.340000,29.235418
2022-10-20,37.330000,29.227589
2022-10-21,38.780000,30.362869
2022-10-24,39.220000,30.707368
2022-10-25,40.070000,31.372877
2022-10-26,39.870000,31.216286
2022-10-27,40.310000,31.560785
2022-10-28,41.250000,32.296760
2022-10-31,40.950000,32.061874
2022-11-01,41.240000,32.288930
2022-11-02,40.780000,31.928772
2022-11-03,39.900000,31.239775
2022-11-04,41.210000,32.265442
2022-11-07,41.530000,32.515986
2022-11-08,40.830000,31.967920
2022-11-09,39.320000,30.785663
2022-11-10,42.760000,33.479017
2022-11-11,42.930000,33.612119
2022-11-14,42.080000,32.946610
2022-11-15,42.640000,33.385063
2022-11-16,41.810000,32.735213
2022-11-17,42.530000,33.298938
2022-11-18,43.500000,34.058401
2022-11-21,43.380000,33.964447
2022-11-22,43.460000,34.027083
2022-11-23,42.550000,33.314597
2022-11-25,42.610000,33.361574
2022-11-28,41.900000,32.805678
2022-11-29,42.400000,33.197154
2022-11-30,43.100000,33.745220
2022-12-01,43.010000,33.674755
2022-12-02,43.460000,34.027083
2022-12-05,41.300000,32.335907
2022-12-06,40.980000,32.085363
2022-12-07,41.180000,32.241953
2022-12-08,41.520000,32.508157
2022-12-09,41.370000,32.390714
2022-12-12,42.020000,32.899632
2022-12-13,43.100000,33.745220
2022-12-14,42.580000,33.338085
2022-12-15,41.180000,32.241953
2022-12-16,40.200000,31.474660
2022-12-19,40.170000,31.451172
2022-12-20,39.900000,31.239775
2022-12-21,40.360000,31.599933
2022-12-22,40.090000,31.388536
2022-12-23,40.740000,31.897454
2022-12-27,41.060000,32.147999
2022-12-28,40.250000,31.513808
2022-12-29,40.830000,31.967920
2022-12-30,40.680000,31.850477
2023-01-03,40.700000,31.866136
2023-01-04,40.480000,31.693887
2023-01-05,38.700000,30.300233
2023-01-06,39.550000,30.965742
2023-01-09,39.480000,30.910935
2023-01-10,39.520000,30.942253
2023-01-11,40.820000,31.960090
2023-01-12,42.020000,32.899632
2023-01-13,41.300000,32.796399
2023-01-17,41.620000,33.050512
2023-01-18,40.680000,32.304056
2023-01-19,40.760000,32.367584
2023-01-20,41.560000,33.002866
2023-01-23,41.870000,33.249037
2023-01-24,41.720000,33.129922
2023-01-25,41.480000,32.939338
2023-01-26,41.600000,33.034630
2023-01-27,41.940000,33.304624
2023-01-30,41.270000,32.772576
2023-01-31,42.810000,33.995493
2023-02-01,42.740000,33.939906
2023-02-02,42.740000,33.939906
2023-02-03,43.140000,34.257546
2023-02-06,42.840000,34.019316
2023-02-07,42.460000,33.717557
2023-02-08,42.280000,33.574619
2023-02-09,41.410000,32.883750
2023-02-10,42.030000,33.376093
2023-02-13,42.430000,33.693734
2023-02-14,41.910000,33.280801
2023-02-15,41.780000,33.177568
2023-02-16,41.330000,32.820222
2023-02-17,41.650000,33.074335
2023-02-21,40.490000,32.153177
2023-02-22,40.410000,32.089649
2023-02-23,40.640000,32.272292
2023-02-24,39.760000,31.573483
2023-02-27,39.420000,31.303488
2023-02-28,39.320000,31.224078
2023-03-01,39.870000,31.660834
2023-03-02,40.520000,32.177000
2023-03-03,40.730000,32.343761
2023-03-06,39.500000,31.367016
2023-03-07,38.490000,30.564974
2023-03-08,38.800000,30.811145
2023-03-09,38.070000,30.231451
2023-03-10,36.520000,29.000593
2023-03-13,36.760000,29.191178
2023-03-14,37.200000,29.540582
2023-03-15,36.960000,29.349998
2023-03-16,37.470000,29.754990
2023-03-17,36.190000,28.738540
2023-03-20,37.050000,29.421467
2023-03-21,37.210000,29.548523
2023-03-22,35.990000,28.579719
2023-03-23,36.220000,28.762363
2023-03-24,37.370000,29.675580
2023-03-27,37.160000,29.508818
2023-03-28,37.250000,29.580287
2023-03-29,37.740000,29.969397
2023-03-30,37.860000,30.064689
2023-03-31,39.000000,30.969965
2023-04-03,38.710000,30.739676
2023-04-04,38.160000,30.302920
2023-04-05,38.120000,30.271156
2023-04-06,38.340000,30.445858
2023-04-10,38.020000,30.191746
2023-04-11,38.040000,30.207628
2023-04-12,37.660000,29.905869
2023-04-13,38.800000,30.811145
2023-04-14,37.200000,29.996718
2023-04-17,37.550000,30.278945
2023-04-18,37.010000,29.843509
2023-04-19,36.830000,29.698364
2023-04-20,36.670000,29.569345
2023-04-21,36.550000,29.472582
2023-04-24,36.130000,29.133909
2023-04-25,35.710000,28.795237
2023-04-26,35.190000,28.375928
2023-04-27,35.320000,28.480755
2023-04-28,36.030000,29.053273
2023-05-01,35.700000,28.787173
2023-05-02,34.300000,27.658264
2023-05-03,34.980000,28.206591
2023-05-04,35.360000,28.513009
2023-05-05,33.670000,27.150255
2023-05-08,33.090000,26.682564
2023-05-09,33.060000,26.658374
2023-05-10,33.980000,27.400228
2023-05-11,33.470000,26.988983
2023-05-12,33.790000,27.247019
2023-05-15,34.060000,27.464737
2023-05-16,34.010000,27.424419
2023-05-17,35.000000,28.222719
2023-05-18,35.490000,28.617837
2023-05-19,34.740000,28.013064
2023-05-22,35.070000,28.279164
2023-05-23,35.320000,28.480755
2023-05-24,34.380000,27.722773
2023-05-25,33.730000,27.198637
2023-05-26,34.100000,27.496992
2023-05-30,34.030000,27.440546
2023-05-31,33.810000,27.263146
2023-06-01,34.080000,27.480864
2023-06-02,35.750000,28.827491
2023-06-05,35.000000,28.222719
2023-06-06,36.110000,29.117782
2023-06-07,37.950000,30.601491
2023-06-08,38.180000,30.786954
2023-06-09,37.910000,30.569236
2023-06-12,37.560000,30.287009
2023-06-13,36.890000,29.746745
2023-06-14,36.760000,29.641918
2023-06-15,37.280000,30.061227
2023-06-16,37.530000,30.262818
2023-06-20,36.870000,29.730618
2023-06-21,35.850000,28.908127
2023-06-22,35.600000,28.706537
2023-06-23,35.600000,28.706537
2023-06-26,36.400000,29.351627
2023-06-27,36.320000,29.287118
2023-06-28,36.250000,29.230673
2023-06-29,37.260000,30.045100
2023-06-30,36.830000,29.698364
2023-07-03,37.140000,29.948336
2023-07-05,36.460000,29.400009
2023-07-06,36.100000,29.109718
2023-07-07,36.100000,29.109718
2023-07-10,36.630000,29.537091
2023-07-11,38.150000,30.762763
2023-07-12,38.910000,31.375599
2023-07-13,39.700000,32.012626
2023-07-14,37.850000,30.981281
2023-07-17,37.970000,31.079505
2023-07-18,38.160000,31.235025
2023-07-19,38.230000,31.292322
2023-07-20,38.000000,31.104060
2023-07-21,38.160000,31.235025
2023-07-24,38.520000,31.529695
2023-07-25,38.440000,31.464213
2023-07-26,38.900000,31.840736
2023-07-27,38.220000,31.284137
2023-07-28,38.800000,31.758883
2023-07-31,38.550000,31.554251
2023-08-01,38.400000,31.431472
2023-08-02,38.100000,31.185913
2023-08-03,37.940000,31.054949
2023-08-04,36.560000,29.925380
2023-08-07,37.780000,30.923984
2023-08-08,37.490000,30.686611
2023-08-09,37.750000,30.899429
2023-08-10,37.650000,30.817576
2023-08-11,38.760000,31.726142
2023-08-14,38.360000,31.398731
2023-08-15,37.650000,30.817576
2023-08-16,37.230000,30.473794
2023-08-17,36.820000,30.138198
2023-08-18,36.830000,30.146383
2023-08-21,36.260000,29.679822
2023-08-22,36.150000,29.589784
2023-08-23,36.870000,30.179124
2023-08-24,36.490000,29.868083
2023-08-25,36.430000,29.818972
2023-08-28,37.340000,30.563832
2023-08-29,37.320000,30.547462
2023-08-30,37.480000,30.678426
2023-08-31,37.560000,30.743908
2023-09-01,37.190000,30.441053
2023-09-05,36.420000,29.810786
2023-09-06,36.930000,30.228236
2023-09-07,36.940000,30.236421
2023-09-08,37.520000,30.711167
2023-09-11,37.370000,30.588388
2023-09-12,37.270000,30.506535
2023-09-13,36.720000,30.056345
2023-09-14,37.710000,30.866687
2023-09-15,37.240000,30.481979
2023-09-18,36.790000,30.113642
2023-09-19,36.720000,30.056345
2023-09-20,36.870000,30.179124
2023-09-21,36.290000,29.704378
2023-09-22,36.850000,30.162753
2023-09-25,36.650000,29.999048
2023-09-26,35.870000,29.360596
2023-09-27,35.370000,28.951332
2023-09-28,35.570000,29.115038
2023-09-29,35.270000,28.869479
2023-10-02,34.630000,28.345621
2023-10-03,34.170000,27.969099
2023-10-04,34.430000,28.181916
2023-10-05,34.780000,28.468401
2023-10-06,34.550000,28.280139
2023-10-09,35.080000,28.713959
2023-10-10,34.680000,28.386548
2023-10-11,35.070000,28.705774
2023-10-12,35.020000,28.664847
2023-10-13,33.940000,28.256896
2023-10-16,34.240000,28.506662
2023-10-17,34.820000,28.989544
2023-10-18,34.590000,28.798056
2023-10-19,34.500000,28.723126
2023-10-20,34.220000,28.490011
2023-10-23,33.790000,28.132013
2023-10-24,34.150000,28.431732
2023-10-25,33.760000,28.107036
2023-10-26,34.750000,28.931265
2023-10-27,34.090000,28.381779
2023-10-30,34.020000,28.323500
2023-10-31,34.770000,28.947916
2023-11-01,35.130000,29.247635
2023-11-02,36.180000,30.121817
2023-11-03,36.840000,30.671303
2023-11-06,36.180000,30.121817
2023-11-07,35.610000,29.647262
2023-11-08,35.460000,29.522378
2023-11-09,34.810000,28.981218
2023-11-10,35.120000,29.239310
2023-11-13,35.050000,29.181031
2023-11-14,37.140000,30.921070
2023-11-15,36.880000,30.704606
2023-11-16,36.080000,30.038562
2023-11-17,35.960000,29.938656
2023-11-20,35.970000,29.946981
2023-11-21,35.840000,29.838749
2023-11-22,35.810000,29.813772
2023-11-24,36.020000,29.988609
2023-11-27,36.160000,30.105166
2023-11-28,36.360000,30.271677
2023-11-29,36.440000,30.338282
2023-11-30,36.950000,30.762884
2023-12-01,38.350000,31.928461
2023-12-04,39.700000,33.052409
2023-12-05,39.520000,32.902549
2023-12-06,39.210000,32.644457
2023-12-07,39.320000,32.736038
2023-12-08,39.130000,32.577853
2023-12-11,39.210000,32.644457
2023-12-12,39.070000,32.527900
2023-12-13,40.140000,33.418733
2023-12-14,40.680000,33.868312
2023-12-15,39.640000,33.002456
2023-12-18,39.580000,32.952502
2023-12-19,40.430000,33.660174
2023-12-20,39.900000,33.218920
2023-12-21,40.310000,33.560267
2023-12-22,40.180000,33.452035
2023-12-26,40.420000,33.651848
2023-12-27,40.310000,33.560267
2023-12-28,40.300000,33.551942
2023-12-29,39.270000,32.694411
2024-01-02,39.340000,32.752689
2024-01-03,39.080000,32.536225
2024-01-04,39.330000,32.744364
2024-01-05,39.340000,32.752689
2024-01-08,39.770000,33.110688
2024-01-09,39.130000,32.577853
2024-01-10,39.070000,32.527900
2024-01-11,40.050000,33.343803
2024-01-12,39.110000,33.048052
2024-01-16,38.700000,32.701601
2024-01-17,38.050000,32.152349
2024-01-18,38.090000,32.186149
2024-01-19,38.810000,32.794551
2024-01-22,39.210000,33.132552
2024-01-23,39.050000,32.997352
2024-01-24,39.070000,33.014252
2024-01-25,40.040000,33.833904
2024-01-26,39.710000,33.555054
2024-01-29,39.400000,33.293103
2024-01-30,39.170000,33.098752
2024-01-31,38.260000,32.329800
2024-02-01,38.890000,32.862151
2024-02-02,37.710000,31.865048
2024-02-05,37.430000,31.628448
2024-02-06,37.820000,31.957999
2024-02-07,37.270000,31.493247
2024-02-08,37.960000,32.076299
2024-02-09,37.950000,32.067849
2024-02-12,38.440000,32.481900
2024-02-13,37.250000,31.476347
2024-02-14,37.340000,31.552397
2024-02-15,37.810000,31.949549
2024-02-16,37.240000,31.467897
2024-02-20,36.650000,30.969346
2024-02-21,36.510000,30.851045
2024-02-22,36.140000,30.538394
2024-02-23,36.090000,30.496144
2024-02-26,35.140000,29.693392
2024-02-27,35.450000,29.955342
2024-02-28,35.780000,30.234193
2024-02-29,36.190000,30.580644
2024-03-01,37.120000,31.366497
2024-03-04,37.180000,31.417197
2024-03-05,37.100000,31.349597
2024-03-06,37.900000,32.025599
2024-03-07,37.920000,32.042499
2024-03-08,38.610000,32.625551
2024-03-11,38.830000,32.811451
2024-03-12,38.940000,32.904402
2024-03-13,38.720000,32.718501
2024-03-14,37.150000,31.391847
2024-03-15,36.820000,31.112996
2024-03-18,36.850000,31.138346
2024-03-19,37.100000,31.349597
2024-03-20,37.750000,31.898848
2024-03-21,37.900000,32.025599
2024-03-22,37.270000,31.493247
2024-03-25,37.170000,31.408747
2024-03-26,37.260000,31.484797
2024-03-27,38.120000,32.211499
2024-03-28,38.490000,32.524150
2024-04-01,38.010000,32.118549
2024-04-02,37.370000,31.577747
2024-04-03,38.000000,32.110099
2024-04-04,37.540000,31.721398
2024-04-05,37.290000,31.510147
2024-04-08,37.370000,31.577747
2024-04-09,37.250000,31.476347
2024-04-10,36.230000,30.614445
2024-04-11,37.040000,31.298897
2024-04-12,36.240000,31.118574
2024-04-15,35.860000,30.792275
2024-04-16,35.510000,30.491737
2024-04-17,35.140000,30.174025
2024-04-18,35.450000,30.440216
2024-04-19,36.360000,31.221615
2024-04-22,36.100000,30.998359
2024-04-23,36.400000,31.255963
2024-04-24,36.300000,31.170095
2024-04-25,35.880000,30.809449
2024-04-26,35.530000,30.508911
2024-04-29,36.070000,30.972598
2024-04-30,36.410000,31.264549
2024-05-01,36.830000,31.625195
2024-05-02,37.120000,31.874212
2024-05-03,35.980000,30.895317
2024-05-06,36.000000,30.912491
2024-05-07,36.320000,31.187268
2024-05-08,36.100000,30.998359
2024-05-09,36.720000,31.530740
2024-05-10,36.890000,31.676716
2024-05-13,36.650000,31.470633
2024-05-14,36.660000,31.479219
2024-05-15,37.310000,32.037362
2024-05-16,37.910000,32.552570
2024-05-17,38.100000,32.715719
2024-05-20,37.520000,32.217685
2024-05-21,37.770000,32.432355
2024-05-22,37.020000,31.788344
2024-05-23,36.550000,31.384765
2024-05-24,36.250000,31.127161
2024-05-28,35.930000,30.852383
2024-05-29,35.740000,30.689234
2024-05-30,35.970000,30.886730
2024-05-31,36.390000,31.247376
2024-06-03,36.580000,31.410525
2024-06-04,36.740000,31.547914
2024-06-05,36.670000,31.487806
2024-06-06,36.760000,31.565088
2024-06-07,36.350000,31.213029
2024-06-10,36.080000,30.981185
2024-06-11,36.340000,31.204442
2024-06-12,36.670000,31.487806
2024-06-13,36.930000,31.711063
2024-06-14,36.740000,31.547914
2024-06-17,36.560000,31.393351
2024-06-18,36.630000,31.453459
2024-06-20,36.500000,31.341831
2024-06-21,36.260000,31.135747
2024-06-24,36.680000,31.496393
2024-06-25,36.060000,30.964011
2024-06-26,35.810000,30.749341
2024-06-27,35.870000,30.800862
2024-06-28,36.770000,31.573674
2024-07-01,36.490000,31.333244
2024-07-02,36.930000,31.711063
2024-07-03,36.660000,31.479219
2024-07-05,36.650000,31.470633
2024-07-08,36.930000,31.711063
2024-07-09,36.620000,31.444872
2024-07-10,37.280000,32.011601
2024-07-11,38.300000,32.887455
2024-07-12,38.580000,33.127886
2024-07-15,38.370000,33.459252
2024-07-16,38.910000,33.930140
2024-07-17,39.310000,34.278947
2024-07-18,38.890000,33.912700
2024-07-19,38.430000,33.511573
2024-07-22,38.830000,33.860379
2024-07-23,39.090000,34.087103
2024-07-24,38.440000,33.520293
2024-07-25,38.430000,33.511573
2024-07-26,38.900000,33.921420
2024-07-29,38.640000,33.694696
2024-07-30,40.600000,35.403847
2024-07-31,39.550000,34.488231
2024-08-01,39.510000,34.453350
2024-08-02,38.850000,33.877819
2024-08-05,37.430000,32.639557
2024-08-06,37.930000,33.075565
2024-08-07,37.790000,32.953482
2024-08-08,38.400000,33.485412
2024-08-09,38.380000,33.467972
2024-08-12,38.180000,33.293569
2024-08-13,38.330000,33.424371
2024-08-14,38.840000,33.869099
2024-08-15,38.980000,33.991181
2024-08-16,38.920000,33.938860
2024-08-19,39.240000,34.217906
2024-08-20,39.310000,34.278947
2024-08-21,39.530000,34.470790
2024-08-22,39.920000,34.810876
2024-08-23,40.710000,35.499769
2024-08-26,41.030000,35.778814
2024-08-27,40.700000,35.491049
2024-08-28,40.440000,35.264325
2024-08-29,40.600000,35.403847
2024-08-30,40.820000,35.595691
2024-09-03,40.420000,35.246884
2024-09-04,40.450000,35.273045
2024-09-05,40.790000,35.569530
2024-09-06,40.520000,35.334086
2024-09-09,40.060000,34.932959
2024-09-10,40.290000,35.133522
2024-09-11,39.940000,34.828317
2024-09-12,40.680000,35.473609
2024-09-13,41.060000,35.804975
2024-09-16,40.710000,35.499769
2024-09-17,40.280000,35.124802
2024-09-18,40.460000,35.281765
2024-09-19,40.660000,35.456168
2024-09-20,40.090000,34.959119
2024-09-23,41.040000,35.787534
2024-09-24,41.430000,36.127621
2024-09-25,41.060000,35.804975
2024-09-26,40.920000,35.682892
2024-09-27,41.010000,35.761374
2024-09-30,41.960000,36.589789
2024-10-01,41.510000,36.197382
2024-10-02,41.470000,36.162501
2024-10-03,41.100000,35.839855
2024-10-04,40.940000,35.700333
2024-10-07,40.460000,35.281765
2024-10-08,40.460000,35.281765
2024-10-09,40.420000,35.246884
2024-10-10,40.050000,34.924239
2024-10-11,40.650000,35.447448
2024-10-14,40.600000,35.403847
2024-10-15,40.600000,35.925923
2024-10-16,40.680000,35.996713
2024-10-17,40.320000,35.678159
2024-10-18,40.650000,35.970167
2024-10-21,39.660000,35.094141
2024-10-22,39.850000,35.262267
2024-10-23,39.900000,35.306511
2024-10-24,39.950000,35.350755
2024-10-25,39.380000,34.846376
2024-10-28,39.660000,35.094141
2024-10-29,39.410000,34.872922
2024-10-30,39.640000,35.076444
2024-10-31,39.140000,34.634006
2024-11-01,38.750000,34.288905
2024-11-04,39.240000,34.722494
2024-11-05,39.890000,35.297662
2024-11-06,40.940000,36.226781
2024-11-07,40.990000,36.271025
2024-11-08,41.830000,37.014320
2024-11-11,41.480000,36.704613
2024-11-12,40.700000,36.014411
2024-11-13,40.230000,35.598520
2024-11-14,39.460000,34.917166
2024-11-15,39.430000,34.890620
2024-11-18,39.380000,34.846376
2024-11-19,40.070000,35.456940
2024-11-20,39.700000,35.129536
2024-11-21,39.780000,35.200326
2024-11-22,40.220000,35.589671
2024-11-25,40.560000,35.890528
2024-11-26,40.650000,35.970167
2024-11-27,40.920000,36.209083
2024-11-29,41.110000,36.377210
2024-12-02,41.060000,36.332966
2024-12-03,40.690000,36.005562
2024-12-04,40.850000,36.147142
2024-12-05,40.350000,35.704705
2024-12-06,39.940000,35.341906
2024-12-09,40.250000,35.616217
2024-12-10,40.380000,35.731251
2024-12-11,40.320000,35.678159
2024-12-12,40.420000,35.766646
2024-12-13,40.370000,35.722402
2024-12-16,40.250000,35.616217
2024-12-17,40.170000,35.545427
2024-12-18,38.520000,34.085384
2024-12-19,38.230000,33.828770
2024-12-20,38.660000,34.209266
2024-12-23,38.560000,34.120779
2024-12-24,38.750000,34.288905
2024-12-26,38.920000,34.439334
2024-12-27,38.350000,33.934955
2024-12-30,38.650000,34.200417
2024-12-31,38.800000,34.333149
2025-01-02,38.240000,33.837619
2025-01-03,38.540000,34.103081
2025-01-06,37.870000,33.510215
2025-01-07,37.500000,33.182811
2025-01-08,37.500000,33.182811
2025-01-10,36.520000,32.315634
2025-01-13,37.020000,32.758071
2025-01-14,37.390000,33.085475
2025-01-15,36.640000,32.941625
2025-01-16,36.960000,33.229325
2025-01-17,36.880000,33.157400
2025-01-21,37.190000,33.436109
2025-01-22,36.240000,32.582000
2025-01-23,36.190000,32.537047
2025-01-24,36.620000,32.923644
2025-01-27,37.040000,33.301250
2025-01-28,36.890000,33.166390
2025-01-29,36.470000,32.788784
2025-01-30,36.770000,33.058503
2025-01-31,36.520000,32.833738
2025-02-03,36.580000,32.887681
2025-02-04,37.000000,33.265287
2025-02-05,37.080000,33.337212
2025-02-06,37.070000,33.328222
2025-02-07,36.830000,33.112447
2025-02-10,36.420000,32.743831
2025-02-11,36.950000,33.220334
2025-02-12,36.860000,33.139419
2025-02-13,37.240000,33.481062
2025-02-14,36.340000,32.671906
2025-02-18,36.440000,32.761813
2025-02-19,35.960000,32.330263
2025-02-20,36.020000,32.384207
2025-02-21,35.790000,32.177422
2025-02-24,36.120000,32.474113
2025-02-25,36.970000,33.238315
2025-02-26,36.800000,33.085475
2025-02-27,36.850000,33.130428
2025-02-28,37.450000,33.669865
2025-03-03,36.750000,33.040522
2025-03-04,36.470000,32.788784
2025-03-05,36.490000,32.806766
2025-03-06,36.080000,32.438150
2025-03-07,37.050000,33.310240
2025-03-10,37.270000,33.508034
2025-03-11,36.850000,33.130428
2025-03-12,36.260000,32.599981
2025-03-13,35.740000,32.132469
2025-03-14,36.130000,32.483103
2025-03-17,36.100000,32.456132
2025-03-18,36.270000,32.608972
2025-03-19,36.060000,32.420169
2025-03-20,35.960000,32.330263
2025-03-21,35.790000,32.177422
2025-03-24,36.150000,32.501085
2025-03-25,35.470000,31.889723
2025-03-26,35.940000,32.312282
2025-03-27,35.880000,32.258338
2025-03-28,36.040000,32.402188
2025-03-31,36.070000,32.429160
2025-04-01,36.350000,32.680897
2025-04-02,36.420000,32.743831
2025-04-03,35.680000,32.078526
2025-04-04,34.280000,30.819839
2025-04-07,33.050000,29.713993
2025-04-08,32.210000,28.958781
2025-04-09,33.520000,30.136552
2025-04-10,32.320000,29.057678
2025-04-11,32.850000,29.534181
2025-04-14,33.390000,30.019674
2025-04-15,33.000000,30.202721
2025-04-16,32.740000,29.964760
2025-04-17,33.120000,30.312549
2025-04-21,32.720000,29.946455
2025-04-22,33.090000,30.285092
2025-04-23,32.910000,30.120350
2025-04-24,32.600000,29.836627
2025-04-25,32.550000,29.790866
2025-04-28,33.100000,30.294244
2025-04-29,32.590000,29.827475
2025-04-30,32.700000,29.928151
2025-05-01,32.760000,29.983065
2025-05-02,33.410000,30.577967
2025-05-05,33.020000,30.221026
2025-05-06,32.970000,30.175264
2025-05-07,32.820000,30.037979
2025-05-08,32.890000,30.102045
2025-05-09,33.030000,30.230178
2025-05-12,33.440000,30.605424
2025-05-13,33.470000,30.632881
2025-05-14,32.910000,30.120350
2025-05-15,33.490000,30.651186
2025-05-16,34.390000,31.474896
2025-05-19,34.370000,31.456591
2025-05-20,33.810000,30.944060
2025-05-21,32.880000,30.092893
2025-05-22,32.580000,29.818323
2025-05-23,32.610000,29.845780
2025-05-27,33.320000,30.495596
2025-05-28,33.030000,30.230178
2025-05-29,33.810000,30.944060
2025-05-30,33.680000,30.825080
2025-06-02,34.300000,31.392525
2025-06-03,34.130000,31.236935
2025-06-04,34.630000,31.694552
2025-06-05,34.140000,31.246088
2025-06-06,34.350000,31.438287
2025-06-09,34.890000,31.932513
2025-06-10,35.150000,32.170474
2025-06-11,34.900000,31.941665
2025-06-12,34.920000,31.959970
2025-06-13,34.210000,31.310154
2025-06-16,34.570000,31.639638
2025-06-17,34.580000,31.648791
2025-06-18,34.930000,31.969122
2025-06-20,34.560000,31.630486
2025-06-23,35.250000,32.261997
2025-06-24,34.880000,31.923361
2025-06-25,33.850000,30.980670
2025-06-26,34.320000,31.410830
2025-06-27,34.110000,31.218631
2025-06-30,34.140000,31.246088
2025-07-01,34.700000,31.758619
2025-07-02,35.160000,32.179626
2025-07-03,35.310000,32.316911
2025-07-07,34.690000,31.749466
2025-07-08,34.420000,31.502353
2025-07-09,34.570000,31.639638
2025-07-10,35.000000,32.033189
2025-07-11,35.030000,32.060646
2025-07-14,35.160000,32.179626
2025-07-15,33.190000,30.895048
2025-07-16,33.480000,31.164995
2025-07-17,33.000000,30.718185
2025-07-18,32.880000,30.606483
2025-07-21,33.110000,30.820579
2025-07-22,33.220000,30.922973
2025-07-23,33.420000,31.109144
2025-07-24,32.990000,30.708877
2025-07-25,33.110000,30.820579
2025-07-28,32.650000,30.392386
2025-07-29,32.810000,30.541323
2025-07-30,32.300000,30.066587
2025-07-31,32.220000,29.992119
2025-08-01,31.730000,29.536001
2025-08-04,32.000000,29.787331
2025-08-05,32.260000,30.029353
2025-08-06,32.170000,29.945576
2025-08-07,32.720000,30.457546
2025-08-08,32.700000,30.438929
2025-08-11,32.710000,30.448238
2025-08-12,33.130000,30.839196
2025-08-13,32.940000,30.662334
2025-08-14,32.600000,30.345844
2025-08-15,32.650000,30.392386
2025-08-18,32.570000,30.317918
2025-08-19,33.390000,31.081218
2025-08-20,33.030000,30.746111
2025-08-21,33.120000,30.829888
2025-08-22,34.000000,31.649039
2025-08-25,33.590000,31.267389
2025-08-26,33.760000,31.425634
2025-08-27,34.000000,31.649039
2025-08-28,33.840000,31.500103
2025-08-29,34.170000,31.807285
2025-09-02,33.450000,31.137070
2025-09-03,33.350000,31.043984
2025-09-04,33.420000,31.109144
2025-09-05,33.310000,31.006750
2025-09-08,32.600000,30.345844
2025-09-09,32.510000,30.262067
2025-09-10,31.970000,29.759406
2025-09-11,32.390000,30.150364
2025-09-12,32.220000,29.992119
2025-09-15,32.210000,29.982811
2025-09-16,31.830000,29.629086
2025-09-17,31.990000,29.778023
2025-09-18,32.360000,30.122439
2025-09-19,31.740000,29.545309
2025-09-22,31.850000,29.647703
2025-09-23,31.620000,29.433607
2025-09-24,31.710000,29.517384
2025-09-25,31.670000,29.480149
2025-09-26,31.950000,29.740788
2025-09-29,31.360000,29.191585
2025-09-30,31.870000,29.666320
2025-10-01,31.920000,29.712863
2025-10-02,31.360000,29.191585
2025-10-03,31.550000,29.368447
2025-10-06,31.580000,29.396372
2025-10-07,30.850000,28.716849
2025-10-08,30.760000,28.633072
2025-10-09,30.590000,28.474827
2025-10-10,30.270000,28.176954
2025-10-13,30.410000,28.307273
2025-10-14,30.600000,28.484135
2025-10-15,30.290000,28.749899
2025-10-16,29.960000,28.436678
2025-10-17,29.990000,28.465152
2025-10-20,30.230000,28.692950
2025-10-21,30.570000,29.015662
2025-10-22,30.900000,29.328883
2025-10-23,31.100000,29.518714
2025-10-24,31.100000,29.518714
2025-10-27,30.800000,29.233968
2025-10-28,30.270000,28.730916
2025-10-29,29.750000,28.237355
2025-10-30,29.980000,28.455661
2025-10-31,29.610000,28.104474
2025-11-03,29.640000,28.132948
2025-11-04,29.700000,28.189897
2025-11-05,29.770000,28.256338
2025-11-06,29.880000,28.360745
2025-11-07,30.590000,29.034645
2025-11-10,29.790000,28.275321
2025-11-11,30.210000,28.673966
2025-11-12,29.620000,28.113965
2025-11-13,29.900000,28.379728
2025-11-14,30.240000,28.702441
2025-11-17,29.820000,28.303796
2025-11-18,30.350000,28.806848
2025-11-19,30.470000,28.920747
2025-11-20,30.520000,28.968204
2025-11-21,30.940000,29.366849
2025-11-24,30.560000,29.006171
2025-11-25,31.140000,29.556680
2025-11-26,31.130000,29.547189
2025-11-28,31.100000,29.518714
2025-12-01,30.770000,29.205493
2025-12-02,30.300000,28.759390
2025-12-03,30.580000,29.025154
2025-12-04,29.920000,28.398712
2025-12-05,30.250000,28.711933
2025-12-08,30.320000,28.778373
2025-12-09,30.770000,29.205493
2025-12-10,31.110000,29.528206
2025-12-11,31.270000,29.680070
2025-12-12,31.800000,30.183123
2025-12-15,32.190000,30.553293
2025-12-16,31.660000,30.050241
2025-12-17,32.100000,30.467869
2025-12-18,31.930000,30.306513
2025-12-19,31.390000,29.793969
2025-12-22,31.370000,29.774986
2025-12-23,31.070000,29.490240
2025-12-24,31.560000,29.955325
2025-12-26,31.550000,29.945834
2025-12-29,31.550000,29.945834
2025-12-30,31.570000,29.964817
2025-12-31,31.530000,29.926851
2026-01-02,31.560000,29.955325
2026-01-05,31.500000,29.898376
2026-01-06,31.580000,29.974308
2026-01-07,32.120000,30.486852
2026-01-08,32.430000,30.781090
2026-01-09,32.290000,30.648208
2026-01-12,32.230000,30.591259
2026-01-13,32.160000,30.524818
2026-01-14,32.510000,30.857022
2026-01-15,31.950000,30.886023
2026-01-16,31.840000,30.779687
2026-01-20,31.360000,30.315671
2026-01-21,31.810000,30.750686
2026-01-22,31.530000,30.480010
2026-01-23,31.500000,30.451009
2026-01-26,31.240000,30.199667
2026-01-27,31.380000,30.335005
2026-01-28,30.830000,29.803321
2026-01-29,31.630000,30.576680
2026-01-30,31.730000,30.673350
2026-02-02,31.950000,30.886023
2026-02-03,32.410000,31.330705
2026-02-04,33.610000,32.490743
2026-02-05,34.740000,33.583113
2026-02-06,34.630000,33.476776
2026-02-09,34.310000,33.167432
2026-02-10,34.720000,33.563779
2026-02-11,34.230000,33.090096
2026-02-12,34.350000,33.206100
2026-02-13,34.420000,33.273769
2026-02-17,35.260000,34.085796
2026-02-18,34.770000,33.612114
2026-02-19,34.720000,33.563779
2026-02-20,34.930000,33.766786
2026-02-23,34.980000,33.815120
2026-02-24,34.070000,32.935425
2026-02-25,34.320000,33.177099
2026-02-26,34.140000,33.003094
2026-02-27,34.080000,32.945092
2026-03-02,34.230000,33.090096
2026-03-03,34.520000,33.370439
2026-03-04,35.060000,33.892456
2026-03-05,34.470000,33.322104
2026-03-06,34.380000,33.235101
2026-03-09,34.350000,33.206100
2026-03-10,34.060000,32.925758
2026-03-11,33.530000,32.413407
2026-03-12,33.040000,31.939725
2026-03-13,33.050000,31.949392
2026-03-16,33.430000,32.316737
2026-03-17,33.400000,32.287737
2026-03-18,33.180000,32.075063
2026-03-19,33.260000,32.152399
2026-03-20,32.380000,31.301704
2026-03-23,32.890000,31.794720
2026-03-24,32.710000,31.620714
2026-03-25,32.680000,31.591713
2026-03-26,32.670000,31.582046
2026-03-27,32.340000,31.263036
2026-03-30,32.690000,31.601380
2026-03-31,32.580000,31.495044
2026-04-01,32.800000,31.707717
2026-04-02,33.080000,31.978393
2026-04-06,33.030000,31.930058
2026-04-07,33.680000,32.558412
2026-04-08,33.760000,32.635748
2026-04-09,33.660000,32.539078
2026-04-10,33.870000,32.742085
2026-04-13,33.750000,32.626081
2026-04-14,34.090000,32.954759
2026-04-15,33.520000,32.974433
2026-04-16,33.750000,33.200690
2026-04-17,34.430000,33.869622
2026-04-20,34.250000,33.692552
2026-04-21,33.800000,33.249876
2026-04-22,33.660000,33.112154
2026-04-23,34.290000,33.731901
2026-04-24,34.530000,33.967994
2026-04-27,34.460000,33.899134
2026-04-28,34.680000,34.115553
2026-04-29,34.080000,33.525319
2026-04-30,34.430000,33.869622
2026-05-01,34.420000,33.859785
2026-05-04,34.160000,33.604017
2026-05-05,34.310000,33.751575
2026-05-06,34.210000,33.653203
2026-05-07,34.200000,33.643366
2026-05-08,35.190000,34.617252
2026-05-11,34.440000,33.879459
2026-05-12,34.430000,33.869622
2026-05-13,33.920000,33.367923
2026-05-14,33.450000,32.905572
2026-05-15,33.000000,32.462897
2026-05-18,33.550000,33.003945
2026-05-19,33.550000,33.003945
2026-05-20,33.910000,33.358086
2026-05-21,34.440000,33.879459
2026-05-22,34.530000,33.967994
2026-05-26,34.730000,34.164739
2026-05-27,35.080000,34.509043
2026-05-28,34.670000,34.105716
2026-05-29,34.660000,34.095879
2026-06-01,34.600000,34.036855
2026-06-02,35.530000,34.951719
2026-06-03,35.300000,34.725462
2026-06-04,36.490000,35.896094
2026-06-05,36.540000,35.945280
2026-06-08,36.510000,35.915768
2026-06-09,37.430000,36.820794
2026-06-10,37.820000,37.204447
2026-06-11,37.200000,36.594538
2026-06-12,37.450000,36.840469
2026-06-15,36.690000,36.092839
2026-06-16,36.620000,36.023978
2026-06-17,35.510000,34.932044
2026-06-18,36.030000,35.443581
2026-06-22,35.770000,35.187812
2026-06-23,36.770000,36.171537
2026-06-24,37.070000,36.466654
2026-06-25,37.000000,36.397793
2026-06-26,37.880000,37.263470
2026-06-29,37.740000,37.125749
2026-06-30,37.390000,36.781446
2026-07-01,37.450000,36.840469
2026-07-02,37.590000,36.978190
2026-07-06,36.710000,36.112513
2026-07-07,36.610000,36.014141
2026-07-08,35.870000,35.286185
2026-07-09,35.910000,35.325534
2026-07-10,36.140000,35.551790
2026-07-13,36.290000,35.699349
2026-07-14,36.250000,35.660000
2026-07-15,35.530000,35.530000
2026-07-16,36.590000,36.590000
2026-07-17,36.650000,36.650000
2026-07-20,36.310000,36.310000
2026-07-21,36.270000,36.270000
2026-07-22,35.790000,35.790000
2026-07-23,35.270000,35.270000
2026-07-24,35.680000,35.680000
2026-07-27,36.030000,36.030000
2026-07-28,35.470000,35.470000
2026-07-29,34.950000,34.950000
2026-07-30,34.660000,34.660000
2026-07-31,34.070000,34.070000
2026-08-03,34.320000,34.320000
2026-08-04,34.140000,34.140000
2026-08-05,33.630000,33.630000
2026-08-06,33.800000,33.800000
2026-08-07,34.010000,34.010000
2026-08-10,33.930000,33.930000
2026-08-11,34.510000,34.510000
2026-08-12,34.400000,34.400000
2026-08-13,35.000000,35.000000
2026-08-14,34.800000,34.800000
2026-08-17,34.150000,34.150000
