date,close,adj_close
2002-09-17,36.110000,36.110000
2002-09-18,35.670000,35.670000
2002-09-19,32.950000,32.950000
2002-09-20,33.600000,33.600000
2002-09-23,33.230000,33.230000
2002-09-24,34.010000,34.010000
2002-09-25,34.800000,34.800000
2002-09-26,34.460000,34.460000
2002-09-27,34.950000,34.950000
2002-09-30,35.450000,35.450000
2002-10-01,36.310000,36.310000
2002-10-02,36.490000,36.490000
2002-10-03,36.310000,36.310000
2002-10-04,34.630000,34.630000
2002-10-07,32.560000,32.560000
2002-10-08,34.700000,34.700000
2002-10-09,33.150000,33.150000
2002-10-10,35.020000,35.020000
2002-10-11,36.300000,36.300000
2002-10-14,37.200000,37.200000
2002-10-15,38.460000,38.460000
2002-10-16,37.400000,37.400000
2002-10-17,38.150000,38.150000
2002-10-18,37.910000,37.910000
2002-10-21,38.580000,38.580000
2002-10-22,38.700000,38.700000
2002-10-23,38.450000,38.450000
2002-10-24,39.300000,39.300000
2002-10-25,39.910000,39.910000
2002-10-28,38.890000,38.890000
2002-10-29,39.550000,39.550000
2002-10-30,41.940000,41.940000
2002-10-31,40.910000,40.910000
2002-11-01,41.290000,41.290000
2002-11-04,40.780000,40.780000
2002-11-05,40.500000,40.500000
2002-11-06,42.000000,42.000000
2002-11-07,41.260000,41.260000
2002-11-08,40.660000,40.660000
2002-11-11,38.950000,38.950000
2002-11-12,39.770000,39.770000
2002-11-13,40.150000,40.150000
2002-11-14,40.270000,40.270000
2002-11-15,38.530000,38.530000
2002-11-18,37.690000,37.690000
2002-11-19,36.830000,36.830000
2002-11-20,36.920000,36.920000
2002-11-21,38.680000,38.680000
2002-11-22,38.400000,38.400000
2002-11-25,38.820000,38.820000
2002-11-26,38.930000,38.930000
2002-11-27,38.990000,38.990000
2002-11-29,38.200000,38.200000
2002-12-02,37.710000,37.710000
2002-12-03,35.840000,35.840000
2002-12-04,35.800000,35.800000
2002-12-05,35.880000,35.880000
2002-12-06,36.770000,36.770000
2002-12-09,35.200000,35.200000
2002-12-10,34.980000,34.980000
2002-12-11,35.200000,35.200000
2002-12-12,35.320000,35.320000
2002-12-13,35.090000,35.090000
2002-12-16,35.380000,35.380000
2002-12-17,34.950000,34.950000
2002-12-18,33.800000,33.800000
2002-12-19,33.940000,33.940000
2002-12-20,34.400000,34.400000
2002-12-23,34.370000,34.370000
2002-12-24,34.720000,34.720000
2002-12-26,35.040000,35.040000
2002-12-27,35.070000,35.070000
2002-12-30,35.050000,35.050000
2002-12-31,35.640000,35.640000
2003-01-02,36.670000,36.670000
2003-01-03,37.260000,37.260000
2003-01-06,37.280000,37.280000
2003-01-07,36.680000,36.680000
2003-01-08,36.060000,36.060000
2003-01-09,35.850000,35.850000
2003-01-10,35.090000,35.090000
2003-01-13,35.310000,35.310000
2003-01-14,36.700000,36.700000
2003-01-15,35.830000,35.830000
2003-01-16,36.100000,36.100000
2003-01-17,36.200000,36.200000
2003-01-21,34.880000,34.880000
2003-01-22,35.620000,35.620000
2003-01-23,37.350000,37.350000
2003-01-24,37.210000,37.210000
2003-01-27,36.950000,36.950000
2003-01-28,37.300000,37.300000
2003-01-29,37.210000,37.210000
2003-01-30,37.040000,37.040000
2003-01-31,37.580000,37.580000
2003-02-03,36.950000,36.950000
2003-02-04,37.430000,37.430000
2003-02-05,37.700000,37.700000
2003-02-06,37.680000,37.680000
2003-02-07,36.790000,36.790000
2003-02-10,36.620000,36.620000
2003-02-11,36.040000,36.040000
2003-02-12,34.280000,34.280000
2003-02-13,33.220000,33.220000
2003-02-14,35.650000,35.650000
2003-02-18,35.690000,35.690000
2003-02-19,35.410000,35.410000
2003-02-20,35.300000,35.300000
2003-02-21,35.500000,35.500000
2003-02-24,34.490000,34.490000
2003-02-25,34.500000,34.500000
2003-02-26,34.610000,34.610000
2003-02-27,34.300000,34.300000
2003-02-28,33.870000,33.870000
2003-03-03,32.880000,32.880000
2003-03-04,32.900000,32.900000
2003-03-05,31.740000,31.740000
2003-03-06,31.850000,31.850000
2003-03-07,30.940000,30.940000
2003-03-10,30.540000,30.540000
2003-03-11,30.400000,30.400000
2003-03-12,30.000000,30.000000
2003-03-13,31.130000,31.130000
2003-03-14,31.570000,31.570000
2003-03-17,30.750000,30.750000
2003-03-18,30.160000,30.160000
2003-03-19,31.550000,31.550000
2003-03-20,32.710000,32.710000
2003-03-21,34.100000,34.100000
2003-03-24,32.930000,32.930000
2003-03-25,33.100000,33.100000
2003-03-26,33.740000,33.740000
2003-03-27,33.560000,33.560000
2003-03-28,33.500000,33.500000
2003-03-31,33.360000,33.360000
2003-04-01,33.200000,33.200000
2003-04-02,34.280000,34.280000
2003-04-03,35.000000,35.000000
2003-04-04,34.760000,34.760000
2003-04-07,35.040000,35.040000
2003-04-08,34.840000,34.840000
2003-04-09,34.200000,34.200000
2003-04-10,34.600000,34.600000
2003-04-11,34.250000,34.250000
2003-04-14,35.090000,35.090000
2003-04-15,35.240000,35.240000
2003-04-16,35.000000,35.000000
2003-04-17,35.350000,35.350000
2003-04-21,34.950000,34.950000
2003-04-22,35.040000,35.040000
2003-04-23,34.960000,34.960000
2003-04-24,33.500000,33.500000
2003-04-25,33.060000,33.060000
2003-04-28,34.110000,34.110000
2003-04-29,34.660000,34.660000
2003-04-30,34.930000,34.930000
2003-05-01,34.520000,34.520000
2003-05-02,34.550000,34.550000
2003-05-05,34.600000,34.600000
2003-05-06,34.990000,34.990000
2003-05-07,34.740000,34.740000
2003-05-08,33.580000,33.580000
2003-05-09,33.820000,33.820000
2003-05-12,33.770000,33.770000
2003-05-13,32.050000,32.050000
2003-05-14,32.240000,32.240000
2003-05-15,32.000000,32.000000
2003-05-16,32.050000,32.050000
2003-05-19,31.000000,31.000000
2003-05-20,31.570000,31.570000
2003-05-21,31.120000,31.120000
2003-05-22,30.000000,30.000000
2003-05-23,30.790000,30.790000
2003-05-27,32.310000,32.310000
2003-05-28,32.130000,32.130000
2003-05-29,32.280000,32.280000
2003-05-30,33.050000,33.050000
2003-06-02,34.050000,34.050000
2003-06-03,33.270000,33.270000
2003-06-04,34.260000,34.260000
2003-06-05,34.170000,34.170000
2003-06-06,33.920000,33.920000
2003-06-09,34.510000,34.510000
2003-06-10,34.480000,34.480000
2003-06-11,34.400000,34.400000
2003-06-12,34.430000,34.430000
2003-06-13,33.700000,33.700000
2003-06-16,34.080000,34.080000
2003-06-17,34.190000,34.190000
2003-06-18,34.050000,34.050000
2003-06-19,33.000000,33.000000
2003-06-20,33.000000,33.000000
2003-06-23,32.100000,32.100000
2003-06-24,32.050000,32.050000
2003-06-25,32.210000,32.210000
2003-06-26,32.890000,32.890000
2003-06-27,33.720000,33.720000
2003-06-30,34.300000,34.300000
2003-07-01,34.100000,34.100000
2003-07-02,34.600000,34.600000
2003-07-03,34.110000,34.110000
2003-07-07,34.170000,34.170000
2003-07-08,38.300000,38.300000
2003-07-09,38.190000,38.190000
2003-07-10,37.880000,37.880000
2003-07-11,38.240000,38.240000
2003-07-14,38.570000,38.570000
2003-07-15,38.790000,38.790000
2003-07-16,37.610000,37.610000
2003-07-17,37.030000,37.030000
2003-07-18,37.260000,37.260000
2003-07-21,36.800000,36.800000
2003-07-22,37.400000,37.400000
2003-07-23,37.320000,37.320000
2003-07-24,37.110000,37.110000
2003-07-25,38.100000,38.100000
2003-07-28,37.800000,37.800000
2003-07-29,37.550000,37.550000
2003-07-30,38.230000,38.230000
2003-07-31,39.340000,39.340000
2003-08-01,39.230000,39.230000
2003-08-04,38.920000,38.920000
2003-08-05,38.600000,38.600000
2003-08-06,38.640000,38.640000
2003-08-07,38.730000,38.730000
2003-08-08,39.760000,39.760000
2003-08-11,40.610000,40.610000
2003-08-12,40.900000,40.900000
2003-08-13,39.680000,39.680000
2003-08-14,43.090000,43.090000
2003-08-15,44.570000,44.570000
2003-08-18,42.740000,42.740000
2003-08-19,43.680000,43.680000
2003-08-20,43.100000,43.100000
2003-08-21,43.370000,43.370000
2003-08-22,42.620000,42.620000
2003-08-25,42.490000,42.490000
2003-08-26,42.800000,42.800000
2003-08-27,43.540000,43.540000
2003-08-28,43.800000,43.800000
2003-08-29,44.610000,44.610000
2003-09-02,45.530000,45.530000
2003-09-03,45.310000,45.310000
2003-09-04,46.070000,46.070000
2003-09-05,46.000000,46.000000
2003-09-08,46.370000,46.370000
2003-09-09,45.820000,45.820000
2003-09-10,45.260000,45.260000
2003-09-11,45.150000,45.150000
2003-09-12,45.040000,45.040000
2003-09-15,45.280000,45.280000
2003-09-16,48.080000,48.080000
2003-09-17,48.020000,48.020000
2003-09-18,47.750000,47.750000
2003-09-19,47.730000,47.730000
2003-09-22,47.000000,47.000000
2003-09-23,45.890000,45.890000
2003-09-24,44.900000,44.900000
2003-09-25,43.470000,43.470000
2003-09-26,42.350000,42.350000
2003-09-29,43.070000,43.070000
2003-09-30,42.850000,42.850000
2003-10-01,44.050000,44.050000
2003-10-02,43.750000,43.750000
2003-10-03,44.010000,44.010000
2003-10-06,44.550000,44.550000
2003-10-07,45.000000,45.000000
2003-10-08,44.830000,44.830000
2003-10-09,45.000000,45.000000
2003-10-10,44.550000,44.550000
2003-10-13,44.600000,44.600000
2003-10-14,45.430000,45.430000
2003-10-15,45.100000,45.100000
2003-10-16,45.000000,45.000000
2003-10-17,43.840000,43.840000
2003-10-20,43.430000,43.430000
2003-10-21,44.500000,44.500000
2003-10-22,44.100000,44.100000
2003-10-23,47.530000,47.530000
2003-10-24,47.090000,47.090000
2003-10-27,48.190000,48.190000
2003-10-28,49.380000,49.380000
2003-10-29,49.530000,49.530000
2003-10-30,49.310000,49.310000
2003-10-31,49.530000,49.530000
2003-11-03,50.820000,50.820000
2003-11-04,50.270000,50.270000
2003-11-05,50.040000,50.040000
2003-11-06,49.860000,49.860000
2003-11-07,49.890000,49.890000
2003-11-10,49.830000,49.830000
2003-11-11,49.100000,49.100000
2003-11-12,50.140000,50.140000
2003-11-13,50.430000,50.430000
2003-11-14,49.870000,49.870000
2003-11-17,49.210000,49.210000
2003-11-18,49.150000,49.150000
2003-11-19,49.320000,49.320000
2003-11-20,49.430000,49.430000
2003-11-21,48.650000,48.650000
2003-11-24,49.820000,49.820000
2003-11-25,49.920000,49.920000
2003-11-26,50.430000,50.430000
2003-11-28,49.770000,49.770000
2003-12-01,50.520000,50.520000
2003-12-02,52.030000,52.030000
2003-12-03,51.070000,51.070000
2003-12-04,50.150000,50.150000
2003-12-05,49.730000,49.730000
2003-12-08,48.710000,48.710000
2003-12-09,47.400000,47.400000
2003-12-10,46.710000,46.710000
2003-12-11,47.800000,47.800000
2003-12-12,47.900000,47.900000
2003-12-15,46.130000,46.130000
2003-12-16,46.820000,46.820000
2003-12-17,46.470000,46.470000
2003-12-18,46.950000,46.950000
2003-12-19,46.550000,46.550000
2003-12-22,46.950000,46.950000
2003-12-23,47.940000,47.940000
2003-12-24,48.120000,48.120000
2003-12-26,48.140000,48.140000
2003-12-29,48.970000,48.970000
2003-12-30,49.420000,49.420000
2003-12-31,48.620000,48.620000
2004-01-02,48.180000,48.180000
2004-01-05,48.810000,48.810000
2004-01-06,49.030000,49.030000
2004-01-07,48.830000,48.830000
2004-01-08,48.700000,48.700000
2004-01-09,48.460000,48.460000
2004-01-12,47.110000,47.110000
2004-01-13,45.400000,45.400000
2004-01-14,45.320000,45.320000
2004-01-15,44.270000,44.270000
2004-01-16,43.570000,43.570000
2004-01-20,45.600000,45.600000
2004-01-21,43.150000,43.150000
2004-01-22,46.410000,46.410000
2004-01-23,46.850000,46.850000
2004-01-26,46.490000,46.490000
2004-01-27,46.000000,46.000000
2004-01-28,45.140000,45.140000
2004-01-29,43.610000,43.610000
2004-01-30,44.230000,44.230000
2004-02-02,43.080000,43.080000
2004-02-03,43.280000,43.280000
2004-02-04,42.300000,42.300000
2004-02-05,41.830000,41.830000
2004-02-06,43.000000,43.000000
2004-02-09,44.370000,44.370000
2004-02-10,44.210000,44.210000
2004-02-11,43.740000,43.740000
2004-02-12,43.220000,43.220000
2004-02-13,44.000000,44.000000
2004-02-17,44.300000,44.300000
2004-02-18,44.220000,44.220000
2004-02-19,43.220000,43.220000
2004-02-20,43.430000,43.430000
2004-02-23,42.760000,42.760000
2004-02-24,43.050000,43.050000
2004-02-25,43.750000,43.750000
2004-02-26,44.130000,44.130000
2004-02-27,44.350000,44.350000
2004-03-01,45.000000,45.000000
2004-03-02,45.230000,45.230000
2004-03-03,45.130000,45.130000
2004-03-04,44.560000,44.560000
2004-03-05,44.440000,44.440000
2004-03-08,43.730000,43.730000
2004-03-09,42.780000,42.780000
2004-03-10,42.700000,42.700000
2004-03-11,43.880000,43.880000
2004-03-12,43.930000,43.930000
2004-03-15,42.270000,42.270000
2004-03-16,42.220000,42.220000
2004-03-17,42.250000,42.250000
2004-03-18,41.970000,41.970000
2004-03-19,41.580000,41.580000
2004-03-22,41.420000,41.420000
2004-03-23,41.800000,41.800000
2004-03-24,41.890000,41.890000
2004-03-25,42.710000,42.710000
2004-03-26,42.510000,42.510000
2004-03-29,42.750000,42.750000
2004-03-30,43.100000,43.100000
2004-03-31,43.000000,43.000000
2004-04-01,43.710000,43.710000
2004-04-02,44.960000,44.960000
2004-04-05,45.160000,45.160000
2004-04-06,45.080000,45.080000
2004-04-07,45.320000,45.320000
2004-04-08,45.330000,45.330000
2004-04-12,45.960000,45.960000
2004-04-13,46.100000,46.100000
2004-04-14,46.000000,46.000000
2004-04-15,45.980000,45.980000
2004-04-16,45.600000,45.600000
2004-04-19,45.500000,45.500000
2004-04-20,45.600000,45.600000
2004-04-21,46.700000,46.700000
2004-04-22,48.060000,48.060000
2004-04-23,47.850000,47.850000
2004-04-26,47.580000,47.580000
2004-04-27,47.200000,47.200000
2004-04-28,46.100000,46.100000
2004-04-29,46.220000,46.220000
2004-04-30,45.500000,45.500000
2004-05-03,45.280000,45.280000
2004-05-04,41.450000,41.450000
2004-05-05,43.100000,43.100000
2004-05-06,42.530000,42.530000
2004-05-07,41.450000,41.450000
2004-05-10,40.660000,40.660000
2004-05-11,41.190000,41.190000
2004-05-12,41.180000,41.180000
2004-05-13,41.670000,41.670000
2004-05-14,40.650000,40.650000
2004-05-17,40.050000,40.050000
2004-05-18,40.780000,40.780000
2004-05-19,40.550000,40.550000
2004-05-20,41.100000,41.100000
2004-05-21,41.500000,41.500000
2004-05-24,41.930000,41.930000
2004-05-25,42.710000,42.710000
2004-05-26,42.420000,42.420000
2004-05-27,37.480000,37.480000
2004-05-28,37.140000,37.140000
2004-06-01,38.230000,38.230000
2004-06-02,38.470000,38.470000
2004-06-03,37.640000,37.640000
2004-06-04,38.110000,38.110000
2004-06-07,38.580000,38.580000
2004-06-08,39.180000,39.180000
2004-06-09,38.560000,38.560000
2004-06-10,38.160000,38.160000
2004-06-14,37.740000,37.740000
2004-06-15,38.000000,38.000000
2004-06-16,38.040000,38.040000
2004-06-17,37.550000,37.550000
2004-06-18,37.530000,37.530000
2004-06-21,37.550000,37.550000
2004-06-22,37.850000,37.850000
2004-06-23,38.350000,38.350000
2004-06-24,37.820000,37.820000
2004-06-25,38.250000,38.250000
2004-06-28,38.300000,38.300000
2004-06-29,39.670000,39.670000
2004-06-30,40.440000,40.440000
2004-07-01,40.000000,40.000000
2004-07-02,39.790000,39.790000
2004-07-06,39.360000,39.360000
2004-07-07,41.400000,41.400000
2004-07-08,41.000000,41.000000
2004-07-09,41.400000,41.400000
2004-07-12,41.210000,41.210000
2004-07-13,41.560000,41.560000
2004-07-14,40.950000,40.950000
2004-07-15,41.160000,41.160000
2004-07-16,40.500000,40.500000
2004-07-19,40.570000,40.570000
2004-07-20,41.430000,41.430000
2004-07-21,40.190000,40.190000
2004-07-22,40.560000,40.560000
2004-07-23,40.100000,40.100000
2004-07-26,40.210000,40.210000
2004-07-27,40.450000,40.450000
2004-07-28,40.700000,40.700000
2004-07-29,40.820000,40.820000
2004-07-30,41.110000,41.110000
2004-08-02,40.430000,40.430000
2004-08-03,40.050000,40.050000
2004-08-04,39.800000,39.800000
2004-08-05,39.470000,39.470000
2004-08-06,38.720000,38.720000
2004-08-09,38.580000,38.580000
2004-08-10,39.820000,39.820000
2004-08-11,39.550000,39.550000
2004-08-12,39.040000,39.040000
2004-08-13,38.880000,38.880000
2004-08-16,39.460000,39.460000
2004-08-17,40.000000,40.000000
2004-08-18,40.920000,40.920000
2004-08-19,46.550000,46.550000
2004-08-20,48.680000,48.680000
2004-08-23,48.500000,48.500000
2004-08-24,47.890000,47.890000
2004-08-25,48.580000,48.580000
2004-08-26,48.310000,48.310000
2004-08-27,49.110000,49.110000
2004-08-30,49.000000,49.000000
2004-08-31,48.690000,48.690000
2004-09-01,49.340000,49.340000
2004-09-02,50.750000,50.750000
2004-09-03,50.180000,50.180000
2004-09-07,49.940000,49.940000
2004-09-08,49.900000,49.900000
2004-09-09,50.000000,50.000000
2004-09-10,50.350000,50.350000
2004-09-13,50.550000,50.550000
2004-09-14,50.510000,50.510000
2004-09-15,50.140000,50.140000
2004-09-16,50.660000,50.660000
2004-09-17,50.090000,50.090000
2004-09-20,50.410000,50.410000
2004-09-21,53.320000,53.320000
2004-09-22,52.580000,52.580000
2004-09-23,52.580000,52.580000
2004-09-24,51.990000,51.990000
2004-09-27,51.300000,51.300000
2004-09-28,53.150000,53.150000
2004-09-29,52.890000,52.890000
2004-09-30,52.780000,52.780000
2004-10-01,54.460000,54.460000
2004-10-04,54.520000,54.520000
2004-10-05,55.020000,55.020000
2004-10-06,55.900000,55.900000
2004-10-07,54.780000,54.780000
2004-10-08,52.710000,52.710000
2004-10-11,53.100000,53.100000
2004-10-12,54.450000,54.450000
2004-10-13,53.770000,53.770000
2004-10-14,54.100000,54.100000
2004-10-15,55.030000,55.030000
2004-10-18,55.170000,55.170000
2004-10-19,55.700000,55.700000
2004-10-20,56.270000,56.270000
2004-10-21,59.890000,59.890000
2004-10-22,59.100000,59.100000
2004-10-25,59.860000,59.860000
2004-10-26,59.920000,59.920000
2004-10-27,62.220000,62.220000
2004-10-28,62.090000,62.090000
2004-10-29,60.970000,60.970000
2004-11-01,60.620000,60.620000
2004-11-02,60.020000,60.020000
2004-11-03,62.020000,62.020000
2004-11-04,61.980000,61.980000
2004-11-05,63.000000,63.000000
2004-11-08,62.890000,62.890000
2004-11-09,62.450000,62.450000
2004-11-10,62.670000,62.670000
2004-11-11,63.450000,63.450000
2004-11-12,64.250000,64.250000
2004-11-15,64.900000,64.900000
2004-11-16,63.730000,63.730000
2004-11-17,63.570000,63.570000
2004-11-18,63.920000,63.920000
2004-11-19,60.660000,60.660000
2004-11-22,61.220000,61.220000
2004-11-23,60.940000,60.940000
2004-11-24,62.420000,62.420000
2004-11-26,62.610000,62.610000
2004-11-29,62.810000,62.810000
2004-11-30,62.130000,62.130000
2004-12-01,64.360000,64.360000
2004-12-02,63.800000,63.800000
2004-12-03,64.010000,64.010000
2004-12-06,65.950000,65.950000
2004-12-07,65.850000,65.850000
2004-12-08,67.190000,67.190000
2004-12-09,66.670000,66.670000
2004-12-10,66.600000,66.600000
2004-12-13,67.900000,67.900000
2004-12-14,68.440000,68.440000
2004-12-15,68.460000,68.460000
2004-12-16,67.270000,67.270000
2004-12-17,66.750000,66.750000
2004-12-20,67.080000,67.080000
2004-12-21,67.680000,67.680000
2004-12-22,68.700000,68.700000
2004-12-23,68.200000,68.200000
2004-12-27,67.500000,67.500000
2004-12-28,68.360000,68.360000
2004-12-29,68.470000,68.470000
2004-12-30,68.570000,68.570000
2004-12-31,68.130000,68.130000
2005-01-03,65.720000,65.720000
2005-01-04,62.920000,62.920000
2005-01-05,63.200000,63.200000
2005-01-06,63.310000,63.310000
2005-01-07,61.710000,61.710000
2005-01-10,61.770000,61.770000
2005-01-11,60.610000,60.610000
2005-01-12,59.940000,59.940000
2005-01-13,59.300000,59.300000
2005-01-14,59.390000,59.390000
2005-01-18,60.800000,60.800000
2005-01-19,60.920000,60.920000
2005-01-20,60.100000,60.100000
2005-01-21,59.300000,59.300000
2005-01-24,60.400000,60.400000
2005-01-25,52.400000,52.400000
2005-01-26,52.000000,52.000000
2005-01-27,52.630000,52.630000
2005-01-28,52.900000,52.900000
2005-01-31,52.150000,52.150000
2005-02-01,52.590000,52.590000
2005-02-02,51.900000,51.900000
2005-02-03,52.630000,52.630000
2005-02-04,53.400000,53.400000
2005-02-07,54.920000,54.920000
2005-02-08,56.600000,56.600000
2005-02-09,54.800000,54.800000
2005-02-10,53.860000,53.860000
2005-02-11,54.090000,54.090000
2005-02-14,53.720000,53.720000
2005-02-15,53.610000,53.610000
2005-02-16,52.980000,52.980000
2005-02-17,52.400000,52.400000
2005-02-18,52.810000,52.810000
2005-02-22,50.970000,50.970000
2005-02-23,52.030000,52.030000
2005-02-24,51.740000,51.740000
2005-02-25,53.450000,53.450000
2005-02-28,53.960000,53.960000
2005-03-01,54.400000,54.400000
2005-03-02,54.400000,54.400000
2005-03-03,54.970000,54.970000
2005-03-04,55.500000,55.500000
2005-03-07,55.900000,55.900000
2005-03-08,56.390000,56.390000
2005-03-09,55.320000,55.320000
2005-03-10,55.680000,55.680000
2005-03-11,54.750000,54.750000
2005-03-14,55.260000,55.260000
2005-03-15,55.000000,55.000000
2005-03-16,55.100000,55.100000
2005-03-17,55.190000,55.190000
2005-03-18,54.650000,54.650000
2005-03-21,54.200000,54.200000
2005-03-22,54.260000,54.260000
2005-03-23,54.040000,54.040000
2005-03-24,54.360000,54.360000
2005-03-28,54.300000,54.300000
2005-03-29,53.610000,53.610000
2005-03-30,54.720000,54.720000
2005-03-31,55.230000,55.230000
2005-04-01,54.760000,54.760000
2005-04-04,55.350000,55.350000
2005-04-05,56.150000,56.150000
2005-04-06,56.320000,56.320000
2005-04-07,57.510000,57.510000
2005-04-08,57.730000,57.730000
2005-04-11,57.550000,57.550000
2005-04-12,57.950000,57.950000
2005-04-13,56.560000,56.560000
2005-04-14,56.310000,56.310000
2005-04-15,55.700000,55.700000
2005-04-18,52.660000,52.660000
2005-04-19,52.520000,52.520000
2005-04-20,51.750000,51.750000
2005-04-21,61.070000,61.070000
2005-04-22,62.820000,62.820000
2005-04-25,62.750000,62.750000
2005-04-26,62.180000,62.180000
2005-04-27,63.250000,63.250000
2005-04-28,61.580000,61.580000
2005-04-29,62.120000,62.120000
2005-05-02,63.160000,63.160000
2005-05-03,64.420000,64.420000
2005-05-04,64.390000,64.390000
2005-05-05,63.500000,63.500000
2005-05-06,64.100000,64.100000
2005-05-09,65.000000,65.000000
2005-05-10,64.720000,64.720000
2005-05-11,64.870000,64.870000
2005-05-12,64.390000,64.390000
2005-05-13,63.700000,63.700000
2005-05-16,65.320000,65.320000
2005-05-17,66.080000,66.080000
2005-05-18,67.590000,67.590000
2005-05-19,65.500000,65.500000
2005-05-20,65.350000,65.350000
2005-05-23,64.080000,64.080000
2005-05-24,64.300000,64.300000
2005-05-25,63.110000,63.110000
2005-05-26,63.000000,63.000000
2005-05-27,63.500000,63.500000
2005-05-31,64.460000,64.460000
2005-06-01,65.020000,65.020000
2005-06-02,65.050000,65.050000
2005-06-03,62.510000,62.510000
2005-06-06,63.130000,63.130000
2005-06-07,61.270000,61.270000
2005-06-08,62.030000,62.030000
2005-06-09,62.820000,62.820000
2005-06-10,61.600000,61.600000
2005-06-13,62.520000,62.520000
2005-06-14,62.000000,62.000000
2005-06-15,62.020000,62.020000
2005-06-16,62.420000,62.420000
2005-06-17,61.100000,61.100000
2005-06-20,63.170000,63.170000
2005-06-21,63.230000,63.230000
2005-06-22,64.380000,64.380000
2005-06-23,58.880000,58.880000
2005-06-24,61.140000,61.140000
2005-06-27,60.620000,60.620000
2005-06-28,62.740000,62.740000
2005-06-29,63.400000,63.400000
2005-06-30,63.160000,63.160000
2005-07-01,63.760000,63.760000
2005-07-05,63.340000,63.340000
2005-07-06,62.500000,62.500000
2005-07-07,64.090000,64.090000
2005-07-08,65.150000,65.150000
2005-07-11,64.900000,64.900000
2005-07-12,64.800000,64.800000
2005-07-13,65.450000,65.450000
2005-07-14,65.180000,65.180000
2005-07-15,65.010000,65.010000
2005-07-18,65.250000,65.250000
2005-07-19,65.920000,65.920000
2005-07-20,66.970000,66.970000
2005-07-21,66.630000,66.630000
2005-07-22,66.830000,66.830000
2005-07-25,66.260000,66.260000
2005-07-26,66.050000,66.050000
2005-07-27,66.340000,66.340000
2005-07-28,66.690000,66.690000
2005-07-29,65.790000,65.790000
2005-08-01,65.770000,65.770000
2005-08-02,65.920000,65.920000
2005-08-03,66.830000,66.830000
2005-08-04,65.730000,65.730000
2005-08-05,64.700000,64.700000
2005-08-08,63.650000,63.650000
2005-08-09,63.790000,63.790000
2005-08-10,64.400000,64.400000
2005-08-11,64.650000,64.650000
2005-08-12,64.080000,64.080000
2005-08-15,64.220000,64.220000
2005-08-16,63.660000,63.660000
2005-08-17,62.480000,62.480000
2005-08-18,62.750000,62.750000
2005-08-19,62.700000,62.700000
2005-08-22,61.980000,61.980000
2005-08-23,61.720000,61.720000
2005-08-24,61.900000,61.900000
2005-08-25,62.770000,62.770000
2005-08-26,62.210000,62.210000
2005-08-29,62.650000,62.650000
2005-08-30,62.160000,62.160000
2005-08-31,62.640000,62.640000
2005-09-01,62.500000,62.500000
2005-09-02,62.210000,62.210000
2005-09-06,62.040000,62.040000
2005-09-07,61.560000,61.560000
2005-09-08,61.310000,61.310000
2005-09-09,60.530000,60.530000
2005-09-12,60.320000,60.320000
2005-09-13,59.970000,59.970000
2005-09-14,60.910000,60.910000
2005-09-15,61.700000,61.700000
2005-09-16,62.260000,62.260000
2005-09-19,60.700000,60.700000
2005-09-20,60.710000,60.710000
2005-09-21,59.650000,59.650000
2005-09-22,59.150000,59.150000
2005-09-23,60.050000,60.050000
2005-09-26,60.870000,60.870000
2005-09-27,61.020000,61.020000
2005-09-28,60.240000,60.240000
2005-09-29,60.700000,60.700000
2005-09-30,60.600000,60.600000
2005-10-03,61.930000,61.930000
2005-10-04,60.940000,60.940000
2005-10-05,59.010000,59.010000
2005-10-06,58.920000,58.920000
2005-10-07,58.850000,58.850000
2005-10-10,58.370000,58.370000
2005-10-11,58.210000,58.210000
2005-10-12,57.660000,57.660000
2005-10-13,58.470000,58.470000
2005-10-14,58.810000,58.810000
2005-10-17,57.540000,57.540000
2005-10-18,56.850000,56.850000
2005-10-19,57.560000,57.560000
2005-10-20,57.420000,57.420000
2005-10-21,58.200000,58.200000
2005-10-24,58.920000,58.920000
2005-10-25,59.410000,59.410000
2005-10-26,60.500000,60.500000
2005-10-27,52.210000,52.210000
2005-10-28,53.990000,53.990000
2005-10-31,54.540000,54.540000
2005-11-01,55.130000,55.130000
2005-11-02,55.900000,55.900000
2005-11-03,54.820000,54.820000
2005-11-04,54.100000,54.100000
2005-11-07,54.100000,54.100000
2005-11-08,53.400000,53.400000
2005-11-09,53.430000,53.430000
2005-11-10,54.170000,54.170000
2005-11-11,55.040000,55.040000
2005-11-14,55.220000,55.220000
2005-11-15,54.260000,54.260000
2005-11-16,53.970000,53.970000
2005-11-17,54.350000,54.350000
2005-11-18,54.550000,54.550000
2005-11-21,54.400000,54.400000
2005-11-22,54.660000,54.660000
2005-11-23,54.320000,54.320000
2005-11-25,54.740000,54.740000
2005-11-28,52.830000,52.830000
2005-11-29,53.660000,53.660000
2005-11-30,55.360000,55.360000
2005-12-01,55.150000,55.150000
2005-12-02,54.150000,54.150000
2005-12-05,54.500000,54.500000
2005-12-06,55.060000,55.060000
2005-12-07,54.740000,54.740000
2005-12-08,53.550000,53.550000
2005-12-09,54.180000,54.180000
2005-12-12,53.860000,53.860000
2005-12-13,53.910000,53.910000
2005-12-14,61.220000,61.220000
2005-12-15,59.770000,59.770000
2005-12-16,58.800000,58.800000
2005-12-19,57.900000,57.900000
2005-12-20,57.620000,57.620000
2005-12-21,57.240000,57.240000
2005-12-22,57.570000,57.570000
2005-12-23,58.520000,58.520000
2005-12-27,58.310000,58.310000
2005-12-28,57.980000,57.980000
2005-12-29,57.820000,57.820000
2005-12-30,57.380000,57.380000
2006-01-03,56.960000,56.960000
2006-01-04,58.240000,58.240000
2006-01-05,58.640000,58.640000
2006-01-06,59.860000,59.860000
2006-01-09,60.000000,60.000000
2006-01-10,60.170000,60.170000
2006-01-11,60.650000,60.650000
2006-01-12,58.150000,58.150000
2006-01-13,58.480000,58.480000
2006-01-17,58.880000,58.880000
2006-01-18,59.910000,59.910000
2006-01-19,60.400000,60.400000
2006-01-20,59.240000,59.240000
2006-01-23,58.600000,58.600000
2006-01-24,59.660000,59.660000
2006-01-25,58.240000,58.240000
2006-01-26,58.000000,58.000000
2006-01-27,57.710000,57.710000
2006-01-30,57.780000,57.780000
2006-01-31,57.100000,57.100000
2006-02-01,58.160000,58.160000
2006-02-02,57.820000,57.820000
2006-02-03,56.960000,56.960000
2006-02-06,57.590000,57.590000
2006-02-07,57.080000,57.080000
2006-02-08,57.510000,57.510000
2006-02-09,57.600000,57.600000
2006-02-10,58.120000,58.120000
2006-02-13,57.580000,57.580000
2006-02-14,58.420000,58.420000
2006-02-15,58.900000,58.900000
2006-02-16,59.350000,59.350000
2006-02-17,59.000000,59.000000
2006-02-21,59.000000,59.000000
2006-02-22,59.600000,59.600000
2006-02-23,59.840000,59.840000
2006-02-24,60.190000,60.190000
2006-02-27,61.020000,61.020000
2006-02-28,60.270000,60.270000
2006-03-01,61.020000,61.020000
2006-03-02,61.900000,61.900000
2006-03-03,61.870000,61.870000
2006-03-06,61.920000,61.920000
2006-03-07,61.800000,61.800000
2006-03-08,61.640000,61.640000
2006-03-09,60.690000,60.690000
2006-03-10,61.740000,61.740000
2006-03-13,63.690000,63.690000
2006-03-14,64.680000,64.680000
2006-03-15,65.040000,65.040000
2006-03-16,65.190000,65.190000
2006-03-17,65.400000,65.400000
2006-03-20,65.300000,65.300000
2006-03-21,63.550000,63.550000
2006-03-22,65.000000,65.000000
2006-03-23,64.450000,64.450000
2006-03-24,65.450000,65.450000
2006-03-27,65.250000,65.250000
2006-03-28,64.970000,64.970000
2006-03-29,65.250000,65.250000
2006-03-30,65.000000,65.000000
2006-03-31,65.750000,65.750000
2006-04-03,65.000000,65.000000
2006-04-04,65.560000,65.560000
2006-04-05,65.600000,65.600000
2006-04-06,65.590000,65.590000
2006-04-07,64.800000,64.800000
2006-04-10,65.030000,65.030000
2006-04-11,64.380000,64.380000
2006-04-12,63.980000,63.980000
2006-04-13,64.200000,64.200000
2006-04-17,66.970000,66.970000
2006-04-18,67.920000,67.920000
2006-04-19,66.200000,66.200000
2006-04-20,65.980000,65.980000
2006-04-21,65.650000,65.650000
2006-04-24,65.970000,65.970000
2006-04-25,65.500000,65.500000
2006-04-26,64.890000,64.890000
2006-04-27,63.230000,63.230000
2006-04-28,62.540000,62.540000
2006-05-01,62.960000,62.960000
2006-05-02,60.900000,60.900000
2006-05-03,60.970000,60.970000
2006-05-04,62.360000,62.360000
2006-05-05,63.100000,63.100000
2006-05-08,62.670000,62.670000
2006-05-09,63.290000,63.290000
2006-05-10,63.380000,63.380000
2006-05-11,62.130000,62.130000
2006-05-12,61.620000,61.620000
2006-05-15,67.020000,67.020000
2006-05-16,64.960000,64.960000
2006-05-17,63.350000,63.350000
2006-05-18,62.880000,62.880000
2006-05-19,62.420000,62.420000
2006-05-22,62.030000,62.030000
2006-05-23,61.400000,61.400000
2006-05-24,62.390000,62.390000
2006-05-25,62.700000,62.700000
2006-05-26,62.900000,62.900000
2006-05-30,60.950000,60.950000
2006-05-31,60.920000,60.920000
2006-06-01,59.980000,59.980000
2006-06-02,60.550000,60.550000
2006-06-05,60.260000,60.260000
2006-06-06,60.550000,60.550000
2006-06-07,61.280000,61.280000
2006-06-08,60.780000,60.780000
2006-06-09,61.560000,61.560000
2006-06-12,61.150000,61.150000
2006-06-13,61.170000,61.170000
2006-06-14,61.440000,61.440000
2006-06-15,62.390000,62.390000
2006-06-16,61.760000,61.760000
2006-06-19,61.600000,61.600000
2006-06-20,61.540000,61.540000
2006-06-21,62.010000,62.010000
2006-06-22,61.850000,61.850000
2006-06-23,62.280000,62.280000
2006-06-26,61.580000,61.580000
2006-06-27,60.690000,60.690000
2006-06-28,60.740000,60.740000
2006-06-29,61.980000,61.980000
2006-06-30,58.330000,58.330000
2006-07-03,59.560000,59.560000
2006-07-05,58.910000,58.910000
2006-07-06,58.170000,58.170000
2006-07-07,56.900000,56.900000
2006-07-10,56.830000,56.830000
2006-07-11,57.380000,57.380000
2006-07-12,56.290000,56.290000
2006-07-13,55.190000,55.190000
2006-07-14,55.360000,55.360000
2006-07-17,54.810000,54.810000
2006-07-18,55.070000,55.070000
2006-07-19,56.260000,56.260000
2006-07-20,54.630000,54.630000
2006-07-21,54.390000,54.390000
2006-07-24,55.830000,55.830000
2006-07-25,57.100000,57.100000
2006-07-26,56.030000,56.030000
2006-07-27,55.000000,55.000000
2006-07-28,56.000000,56.000000
2006-07-31,56.350000,56.350000
2006-08-01,55.750000,55.750000
2006-08-02,56.460000,56.460000
2006-08-03,56.630000,56.630000
2006-08-04,55.100000,55.100000
2006-08-07,52.840000,52.840000
2006-08-08,49.960000,49.960000
2006-08-09,49.060000,49.060000
2006-08-10,47.760000,47.760000
2006-08-11,48.450000,48.450000
2006-08-14,48.310000,48.310000
2006-08-15,49.150000,49.150000
2006-08-16,50.130000,50.130000
2006-08-17,51.570000,51.570000
2006-08-18,52.030000,52.030000
2006-08-21,51.610000,51.610000
2006-08-22,51.860000,51.860000
2006-08-23,51.530000,51.530000
2006-08-24,51.240000,51.240000
2006-08-25,51.340000,51.340000
2006-08-28,52.360000,52.360000
2006-08-29,52.840000,52.840000
2006-08-30,52.720000,52.720000
2006-08-31,53.060000,53.060000
2006-09-01,53.070000,53.070000
2006-09-05,52.370000,52.370000
2006-09-06,51.040000,51.040000
2006-09-07,51.090000,51.090000
2006-09-08,52.220000,52.220000
2006-09-11,52.710000,52.710000
2006-09-12,53.470000,53.470000
2006-09-13,54.110000,54.110000
2006-09-14,54.500000,54.500000
2006-09-15,54.780000,54.780000
2006-09-18,53.650000,53.650000
2006-09-19,53.790000,53.790000
2006-09-20,54.970000,54.970000
2006-09-21,54.610000,54.610000
2006-09-22,54.760000,54.760000
2006-09-25,55.620000,55.620000
2006-09-26,55.340000,55.340000
2006-09-27,54.540000,54.540000
2006-09-28,55.370000,55.370000
2006-09-29,55.010000,55.010000
2006-10-02,53.970000,53.970000
2006-10-03,54.400000,54.400000
2006-10-04,56.010000,56.010000
2006-10-05,56.850000,56.850000
2006-10-06,56.890000,56.890000
2006-10-09,56.950000,56.950000
2006-10-10,56.400000,56.400000
2006-10-11,56.330000,56.330000
2006-10-12,57.250000,57.250000
2006-10-13,58.370000,58.370000
2006-10-16,58.400000,58.400000
2006-10-17,57.900000,57.900000
2006-10-18,58.040000,58.040000
2006-10-19,58.200000,58.200000
2006-10-20,57.250000,57.250000
2006-10-23,57.270000,57.270000
2006-10-24,56.670000,56.670000
2006-10-25,57.000000,57.000000
2006-10-26,58.260000,58.260000
2006-10-27,58.150000,58.150000
2006-10-30,58.610000,58.610000
2006-10-31,57.540000,57.540000
2006-11-01,57.350000,57.350000
2006-11-02,57.160000,57.160000
2006-11-03,57.660000,57.660000
2006-11-06,58.560000,58.560000
2006-11-07,59.000000,59.000000
2006-11-08,59.500000,59.500000
2006-11-09,58.370000,58.370000
2006-11-10,58.490000,58.490000
2006-11-13,58.510000,58.510000
2006-11-14,59.090000,59.090000
2006-11-15,59.680000,59.680000
2006-11-16,60.500000,60.500000
2006-11-17,60.520000,60.520000
2006-11-20,60.470000,60.470000
2006-11-21,60.010000,60.010000
2006-11-22,60.060000,60.060000
2006-11-24,59.320000,59.320000
2006-11-27,58.350000,58.350000
2006-11-28,58.230000,58.230000
2006-11-29,58.610000,58.610000
2006-11-30,59.840000,59.840000
2006-12-01,59.510000,59.510000
2006-12-04,60.560000,60.560000
2006-12-05,61.610000,61.610000
2006-12-06,61.590000,61.590000
2006-12-07,60.840000,60.840000
2006-12-08,60.750000,60.750000
2006-12-11,60.790000,60.790000
2006-12-12,59.270000,59.270000
2006-12-13,59.260000,59.260000
2006-12-14,60.370000,60.370000
2006-12-15,59.450000,59.450000
2006-12-18,58.730000,58.730000
2006-12-19,57.000000,57.000000
2006-12-20,56.970000,56.970000
2006-12-21,56.920000,56.920000
2006-12-22,56.380000,56.380000
2006-12-26,56.820000,56.820000
2006-12-27,57.000000,57.000000
2006-12-28,56.880000,56.880000
2006-12-29,56.500000,56.500000
2007-01-03,56.330000,56.330000
2007-01-04,56.690000,56.690000
2007-01-05,55.830000,55.830000
2007-01-08,56.790000,56.790000
2007-01-09,56.810000,56.810000
2007-01-10,57.210000,57.210000
2007-01-11,56.900000,56.900000
2007-01-12,56.340000,56.340000
2007-01-16,55.870000,55.870000
2007-01-17,55.100000,55.100000
2007-01-18,47.220000,47.220000
2007-01-19,47.560000,47.560000
2007-01-22,46.260000,46.260000
2007-01-23,46.100000,46.100000
2007-01-24,46.530000,46.530000
2007-01-25,46.860000,46.860000
2007-01-26,46.260000,46.260000
2007-01-29,46.520000,46.520000
2007-01-30,46.630000,46.630000
2007-01-31,47.030000,47.030000
2007-02-01,47.580000,47.580000
2007-02-02,47.800000,47.800000
2007-02-05,47.550000,47.550000
2007-02-06,47.550000,47.550000
2007-02-07,47.000000,47.000000
2007-02-08,46.680000,46.680000
2007-02-09,46.650000,46.650000
2007-02-12,45.600000,45.600000
2007-02-13,45.610000,45.610000
2007-02-14,46.290000,46.290000
2007-02-15,46.160000,46.160000
2007-02-16,45.840000,45.840000
2007-02-20,46.360000,46.360000
2007-02-21,46.730000,46.730000
2007-02-22,47.190000,47.190000
2007-02-23,47.510000,47.510000
2007-02-26,48.000000,48.000000
2007-02-27,46.580000,46.580000
2007-02-28,46.500000,46.500000
2007-03-01,46.630000,46.630000
2007-03-02,46.410000,46.410000
2007-03-05,46.300000,46.300000
2007-03-06,47.350000,47.350000
2007-03-07,47.450000,47.450000
2007-03-08,47.620000,47.620000
2007-03-09,47.730000,47.730000
2007-03-12,47.510000,47.510000
2007-03-13,46.900000,46.900000
2007-03-14,47.400000,47.400000
2007-03-15,47.680000,47.680000
2007-03-16,47.200000,47.200000
2007-03-19,46.990000,46.990000
2007-03-20,47.300000,47.300000
2007-03-21,48.360000,48.360000
2007-03-22,48.250000,48.250000
2007-03-23,48.000000,48.000000
2007-03-26,48.090000,48.090000
2007-03-27,47.940000,47.940000
2007-03-28,47.200000,47.200000
2007-03-29,47.490000,47.490000
2007-03-30,46.860000,46.860000
2007-04-02,46.840000,46.840000
2007-04-03,47.290000,47.290000
2007-04-04,47.250000,47.250000
2007-04-05,46.570000,46.570000
2007-04-09,46.460000,46.460000
2007-04-10,46.710000,46.710000
2007-04-11,46.770000,46.770000
2007-04-12,47.450000,47.450000
2007-04-13,47.050000,47.050000
2007-04-16,47.410000,47.410000
2007-04-17,47.100000,47.100000
2007-04-18,46.750000,46.750000
2007-04-19,46.740000,46.740000
2007-04-20,47.040000,47.040000
2007-04-23,47.000000,47.000000
2007-04-24,47.270000,47.270000
2007-04-25,47.180000,47.180000
2007-04-26,46.880000,46.880000
2007-04-27,46.690000,46.690000
2007-04-30,45.730000,45.730000
2007-05-01,45.560000,45.560000
2007-05-02,46.900000,46.900000
2007-05-03,47.380000,47.380000
2007-05-04,46.650000,46.650000
2007-05-07,47.500000,47.500000
2007-05-08,47.860000,47.860000
2007-05-09,48.100000,48.100000
2007-05-10,45.540000,45.540000
2007-05-11,45.380000,45.380000
2007-05-14,45.240000,45.240000
2007-05-15,45.990000,45.990000
2007-05-16,46.410000,46.410000
2007-05-17,46.470000,46.470000
2007-05-18,47.570000,47.570000
2007-05-21,48.450000,48.450000
2007-05-22,49.410000,49.410000
2007-05-23,50.030000,50.030000
2007-05-24,49.710000,49.710000
2007-05-25,50.710000,50.710000
2007-05-29,51.190000,51.190000
2007-05-30,51.680000,51.680000
2007-05-31,51.550000,51.550000
2007-06-01,51.550000,51.550000
2007-06-04,51.980000,51.980000
2007-06-05,51.410000,51.410000
2007-06-06,51.430000,51.430000
2007-06-07,50.270000,50.270000
2007-06-08,51.000000,51.000000
2007-06-11,51.050000,51.050000
2007-06-12,50.960000,50.960000
2007-06-13,50.610000,50.610000
2007-06-14,50.550000,50.550000
2007-06-15,50.940000,50.940000
2007-06-18,50.960000,50.960000
2007-06-19,51.170000,51.170000
2007-06-20,50.430000,50.430000
2007-06-21,51.900000,51.900000
2007-06-22,51.250000,51.250000
2007-06-25,51.310000,51.310000
2007-06-26,50.550000,50.550000
2007-06-27,51.220000,51.220000
2007-06-28,49.360000,49.360000
2007-06-29,48.850000,48.850000
2007-07-02,48.830000,48.830000
2007-07-03,48.430000,48.430000
2007-07-05,48.220000,48.220000
2007-07-06,48.660000,48.660000
2007-07-09,48.920000,48.920000
2007-07-10,48.550000,48.550000
2007-07-11,48.710000,48.710000
2007-07-12,49.360000,49.360000
2007-07-13,49.150000,49.150000
2007-07-16,48.710000,48.710000
2007-07-17,48.530000,48.530000
2007-07-18,48.070000,48.070000
2007-07-19,47.800000,47.800000
2007-07-20,47.500000,47.500000
2007-07-23,47.200000,47.200000
2007-07-24,46.280000,46.280000
2007-07-25,46.220000,46.220000
2007-07-26,45.500000,45.500000
2007-07-27,44.740000,44.740000
2007-07-30,45.060000,45.060000
2007-07-31,44.440000,44.440000
2007-08-01,44.480000,44.480000
2007-08-02,45.110000,45.110000
2007-08-03,44.040000,44.040000
2007-08-06,45.090000,45.090000
2007-08-07,45.330000,45.330000
2007-08-08,45.520000,45.520000
2007-08-09,46.130000,46.130000
2007-08-10,47.190000,47.190000
2007-08-13,46.250000,46.250000
2007-08-14,45.640000,45.640000
2007-08-15,45.330000,45.330000
2007-08-16,48.310000,48.310000
2007-08-17,51.200000,51.200000
2007-08-20,51.570000,51.570000
2007-08-21,51.660000,51.660000
2007-08-22,51.090000,51.090000
2007-08-23,50.620000,50.620000
2007-08-24,51.300000,51.300000
2007-08-27,50.400000,50.400000
2007-08-28,49.820000,49.820000
2007-08-29,50.860000,50.860000
2007-08-30,51.000000,51.000000
2007-08-31,51.020000,51.020000
2007-09-04,52.240000,52.240000
2007-09-05,51.590000,51.590000
2007-09-06,51.000000,51.000000
2007-09-07,49.620000,49.620000
2007-09-10,49.950000,49.950000
2007-09-11,50.720000,50.720000
2007-09-12,50.050000,50.050000
2007-09-13,49.520000,49.520000
2007-09-14,49.920000,49.920000
2007-09-17,49.640000,49.640000
2007-09-18,50.030000,50.030000
2007-09-19,50.210000,50.210000
2007-09-20,51.170000,51.170000
2007-09-21,50.900000,50.900000
2007-09-24,50.980000,50.980000
2007-09-25,49.690000,49.690000
2007-09-26,49.980000,49.980000
2007-09-27,50.880000,50.880000
2007-09-28,51.090000,51.090000
2007-10-01,51.810000,51.810000
2007-10-02,51.270000,51.270000
2007-10-03,50.730000,50.730000
2007-10-04,50.480000,50.480000
2007-10-05,51.310000,51.310000
2007-10-08,51.030000,51.030000
2007-10-09,51.760000,51.760000
2007-10-10,51.740000,51.740000
2007-10-11,51.430000,51.430000
2007-10-12,51.730000,51.730000
2007-10-15,50.570000,50.570000
2007-10-16,51.400000,51.400000
2007-10-17,51.760000,51.760000
2007-10-18,51.920000,51.920000
2007-10-19,50.330000,50.330000
2007-10-22,52.190000,52.190000
2007-10-23,52.080000,52.080000
2007-10-24,51.990000,51.990000
2007-10-25,52.200000,52.200000
2007-10-26,52.500000,52.500000
2007-10-29,52.220000,52.220000
2007-10-30,51.960000,51.960000
2007-10-31,53.850000,53.850000
2007-11-01,52.140000,52.140000
2007-11-02,50.200000,50.200000
2007-11-05,49.830000,49.830000
2007-11-06,49.480000,49.480000
2007-11-07,48.300000,48.300000
2007-11-08,48.720000,48.720000
2007-11-09,47.480000,47.480000
2007-11-12,47.230000,47.230000
2007-11-13,47.810000,47.810000
2007-11-14,47.560000,47.560000
2007-11-15,47.590000,47.590000
2007-11-16,48.100000,48.100000
2007-11-19,45.870000,45.870000
2007-11-20,45.000000,45.000000
2007-11-21,44.310000,44.310000
2007-11-23,45.070000,45.070000
2007-11-26,43.210000,43.210000
2007-11-27,45.000000,45.000000
2007-11-28,45.690000,45.690000
2007-11-29,45.440000,45.440000
2007-11-30,45.390000,45.390000
2007-12-03,45.520000,45.520000
2007-12-04,46.090000,46.090000
2007-12-05,46.100000,46.100000
2007-12-06,47.410000,47.410000
2007-12-07,46.170000,46.170000
2007-12-10,46.680000,46.680000
2007-12-11,45.590000,45.590000
2007-12-12,45.740000,45.740000
2007-12-13,45.910000,45.910000
2007-12-14,44.410000,44.410000
2007-12-17,44.170000,44.170000
2007-12-18,44.570000,44.570000
2007-12-19,43.790000,43.790000
2007-12-20,44.720000,44.720000
2007-12-21,45.380000,45.380000
2007-12-24,45.750000,45.750000
2007-12-26,46.050000,46.050000
2007-12-27,44.040000,44.040000
2007-12-28,44.530000,44.530000
2007-12-31,44.770000,44.770000
2008-01-02,43.140000,43.140000
2008-01-03,41.650000,41.650000
2008-01-04,38.970000,38.970000
2008-01-07,40.600000,40.600000
2008-01-08,39.130000,39.130000
2008-01-09,40.540000,40.540000
2008-01-10,41.130000,41.130000
2008-01-11,40.480000,40.480000
2008-01-14,41.220000,41.220000
2008-01-15,41.280000,41.280000
2008-01-16,42.090000,42.090000
2008-01-17,41.000000,41.000000
2008-01-18,41.110000,41.110000
2008-01-22,40.580000,40.580000
2008-01-23,42.280000,42.280000
2008-01-24,41.580000,41.580000
2008-01-25,42.100000,42.100000
2008-01-28,42.970000,42.970000
2008-01-29,42.970000,42.970000
2008-01-30,42.050000,42.050000
2008-01-31,43.590000,43.590000
2008-02-01,43.830000,43.830000
2008-02-04,43.250000,43.250000
2008-02-05,43.890000,43.890000
2008-02-06,42.890000,42.890000
2008-02-07,43.100000,43.100000
2008-02-08,43.010000,43.010000
2008-02-11,42.980000,42.980000
2008-02-12,43.090000,43.090000
2008-02-13,43.540000,43.540000
2008-02-14,44.260000,44.260000
2008-02-15,43.830000,43.830000
2008-02-19,43.380000,43.380000
2008-02-20,43.830000,43.830000
2008-02-21,43.060000,43.060000
2008-02-22,43.390000,43.390000
2008-02-25,43.410000,43.410000
2008-02-26,43.850000,43.850000
2008-02-27,43.840000,43.840000
2008-02-28,44.030000,44.030000
2008-02-29,43.660000,43.660000
2008-03-03,44.070000,44.070000
2008-03-04,45.730000,45.730000
2008-03-05,45.870000,45.870000
2008-03-06,45.590000,45.590000
2008-03-07,45.040000,45.040000
2008-03-10,44.500000,44.500000
2008-03-11,45.360000,45.360000
2008-03-12,44.620000,44.620000
2008-03-13,44.610000,44.610000
2008-03-14,44.150000,44.150000
2008-03-17,44.110000,44.110000
2008-03-18,44.970000,44.970000
2008-03-19,44.910000,44.910000
2008-03-20,46.600000,46.600000
2008-03-24,46.410000,46.410000
2008-03-25,45.960000,45.960000
2008-03-26,45.740000,45.740000
2008-03-27,45.390000,45.390000
2008-03-28,45.160000,45.160000
2008-03-31,45.550000,45.550000
2008-04-01,47.030000,47.030000
2008-04-02,47.190000,47.190000
2008-04-03,47.060000,47.060000
2008-04-04,46.450000,46.450000
2008-04-07,45.900000,45.900000
2008-04-08,45.810000,45.810000
2008-04-09,45.160000,45.160000
2008-04-10,45.600000,45.600000
2008-04-11,43.830000,43.830000
2008-04-14,44.390000,44.390000
2008-04-15,44.690000,44.690000
2008-04-16,45.880000,45.880000
2008-04-17,45.810000,45.810000
2008-04-18,47.050000,47.050000
2008-04-21,47.290000,47.290000
2008-04-22,46.330000,46.330000
2008-04-23,47.030000,47.030000
2008-04-24,48.260000,48.260000
2008-04-25,48.730000,48.730000
2008-04-28,49.170000,49.170000
2008-04-29,49.330000,49.330000
2008-04-30,50.120000,50.120000
2008-05-01,48.970000,48.970000
2008-05-02,51.470000,51.470000
2008-05-05,51.500000,51.500000
2008-05-06,52.510000,52.510000
2008-05-07,51.600000,51.600000
2008-05-08,51.700000,51.700000
2008-05-09,51.070000,51.070000
2008-05-12,52.250000,52.250000
2008-05-13,52.240000,52.240000
2008-05-14,51.850000,51.850000
2008-05-15,52.100000,52.100000
2008-05-16,51.510000,51.510000
2008-05-19,51.100000,51.100000
2008-05-20,50.950000,50.950000
2008-05-21,50.080000,50.080000
2008-05-22,49.630000,49.630000
2008-05-23,49.610000,49.610000
2008-05-27,50.250000,50.250000
2008-05-28,49.720000,49.720000
2008-05-29,50.260000,50.260000
2008-05-30,50.970000,50.970000
2008-06-02,50.300000,50.300000
2008-06-03,50.540000,50.540000
2008-06-04,51.070000,51.070000
2008-06-05,53.330000,53.330000
2008-06-06,52.180000,52.180000
2008-06-09,52.090000,52.090000
2008-06-10,52.130000,52.130000
2008-06-11,51.000000,51.000000
2008-06-12,50.870000,50.870000
2008-06-13,50.160000,50.160000
2008-06-16,51.570000,51.570000
2008-06-17,51.560000,51.560000
2008-06-18,51.100000,51.100000
2008-06-19,52.000000,52.000000
2008-06-20,51.630000,51.630000
2008-06-23,50.650000,50.650000
2008-06-24,49.510000,49.510000
2008-06-25,51.200000,51.200000
2008-06-26,46.360000,46.360000
2008-06-27,45.050000,45.050000
2008-06-30,45.770000,45.770000
2008-07-01,46.170000,46.170000
2008-07-02,45.390000,45.390000
2008-07-03,45.510000,45.510000
2008-07-07,44.630000,44.630000
2008-07-08,45.000000,45.000000
2008-07-09,43.990000,43.990000
2008-07-10,44.180000,44.180000
2008-07-11,43.840000,43.840000
2008-07-14,43.120000,43.120000
2008-07-15,42.720000,42.720000
2008-07-16,42.900000,42.900000
2008-07-17,43.630000,43.630000
2008-07-18,43.010000,43.010000
2008-07-21,43.290000,43.290000
2008-07-22,44.740000,44.740000
2008-07-23,44.800000,44.800000
2008-07-24,44.540000,44.540000
2008-07-25,45.010000,45.010000
2008-07-28,44.910000,44.910000
2008-07-29,45.760000,45.760000
2008-07-30,46.160000,46.160000
2008-07-31,44.960000,44.960000
2008-08-01,45.390000,45.390000
2008-08-04,43.980000,43.980000
2008-08-05,45.730000,45.730000
2008-08-06,45.560000,45.560000
2008-08-07,45.750000,45.750000
2008-08-08,47.650000,47.650000
2008-08-11,48.750000,48.750000
2008-08-12,48.680000,48.680000
2008-08-13,48.900000,48.900000
2008-08-14,49.280000,49.280000
2008-08-15,50.310000,50.310000
2008-08-18,49.360000,49.360000
2008-08-19,50.150000,50.150000
2008-08-20,49.880000,49.880000
2008-08-21,50.440000,50.440000
2008-08-22,51.060000,51.060000
2008-08-25,50.450000,50.450000
2008-08-26,49.970000,49.970000
2008-08-27,51.410000,51.410000
2008-08-28,51.710000,51.710000
2008-08-29,50.650000,50.650000
2008-09-02,50.870000,50.870000
2008-09-03,50.410000,50.410000
2008-09-04,50.200000,50.200000
2008-09-05,49.330000,49.330000
2008-09-08,50.540000,50.540000
2008-09-09,50.060000,50.060000
2008-09-10,49.620000,49.620000
2008-09-11,49.310000,49.310000
2008-09-12,48.850000,48.850000
2008-09-15,46.320000,46.320000
2008-09-16,46.090000,46.090000
2008-09-17,44.080000,44.080000
2008-09-18,46.940000,46.940000
2008-09-19,49.780000,49.780000
2008-09-22,49.470000,49.470000
2008-09-23,49.320000,49.320000
2008-09-24,49.810000,49.810000
2008-09-25,50.240000,50.240000
2008-09-26,50.660000,50.660000
2008-09-29,48.180000,48.180000
2008-09-30,50.100000,50.100000
2008-10-01,50.440000,50.440000
2008-10-02,50.660000,50.660000
2008-10-03,50.510000,50.510000
2008-10-06,49.130000,49.130000
2008-10-07,47.000000,47.000000
2008-10-08,44.480000,44.480000
2008-10-09,41.000000,41.000000
2008-10-10,40.590000,40.590000
2008-10-13,44.110000,44.110000
2008-10-14,45.130000,45.130000
2008-10-15,40.020000,40.020000
2008-10-16,40.740000,40.740000
2008-10-17,40.920000,40.920000
2008-10-20,42.690000,42.690000
2008-10-21,41.570000,41.570000
2008-10-22,40.000000,40.000000
2008-10-23,39.510000,39.510000
2008-10-24,38.700000,38.700000
2008-10-27,37.770000,37.770000
2008-10-28,38.320000,38.320000
2008-10-29,37.900000,37.900000
2008-10-30,39.070000,39.070000
2008-10-31,41.180000,41.180000
2008-11-03,42.950000,42.950000
2008-11-04,44.710000,44.710000
2008-11-05,42.800000,42.800000
2008-11-06,40.490000,40.490000
2008-11-07,40.810000,40.810000
2008-11-10,41.060000,41.060000
2008-11-11,41.920000,41.920000
2008-11-12,40.860000,40.860000
2008-11-13,43.720000,43.720000
2008-11-14,41.680000,41.680000
2008-11-17,40.860000,40.860000
2008-11-18,41.340000,41.340000
2008-11-19,39.080000,39.080000
2008-11-20,37.670000,37.670000
2008-11-21,39.780000,39.780000
2008-11-24,41.560000,41.560000
2008-11-25,42.520000,42.520000
2008-11-26,44.590000,44.590000
2008-11-28,44.410000,44.410000
2008-12-01,42.860000,42.860000
2008-12-02,43.320000,43.320000
2008-12-03,44.240000,44.240000
2008-12-04,41.790000,41.790000
2008-12-05,42.810000,42.810000
2008-12-08,42.730000,42.730000
2008-12-09,41.250000,41.250000
2008-12-10,41.240000,41.240000
2008-12-11,40.190000,40.190000
2008-12-12,41.400000,41.400000
2008-12-15,41.210000,41.210000
2008-12-16,42.530000,42.530000
2008-12-17,42.440000,42.440000
2008-12-18,42.460000,42.460000
2008-12-19,42.230000,42.230000
2008-12-22,42.410000,42.410000
2008-12-23,41.530000,41.530000
2008-12-24,41.510000,41.510000
2008-12-26,41.780000,41.780000
2008-12-29,42.690000,42.690000
2008-12-30,44.670000,44.670000
2008-12-31,45.090000,45.090000
2009-01-02,45.390000,45.390000
2009-01-05,45.400000,45.400000
2009-01-06,46.740000,46.740000
2009-01-07,46.400000,46.400000
2009-01-08,46.680000,46.680000
2009-01-09,45.900000,45.900000
2009-01-12,46.260000,46.260000
2009-01-13,46.940000,46.940000
2009-01-14,45.830000,45.830000
2009-01-15,47.260000,47.260000
2009-01-16,45.400000,45.400000
2009-01-20,41.440000,41.440000
2009-01-21,42.140000,42.140000
2009-01-22,41.330000,41.330000
2009-01-23,40.310000,40.310000
2009-01-26,41.950000,41.950000
2009-01-27,42.290000,42.290000
2009-01-28,43.310000,43.310000
2009-01-29,45.820000,45.820000
2009-01-30,45.150000,45.150000
2009-02-02,45.920000,45.920000
2009-02-03,45.650000,45.650000
2009-02-04,45.560000,45.560000
2009-02-05,45.800000,45.800000
2009-02-06,46.340000,46.340000
2009-02-09,45.740000,45.740000
2009-02-10,45.180000,45.180000
2009-02-11,45.050000,45.050000
2009-02-12,44.920000,44.920000
2009-02-13,44.700000,44.700000
2009-02-17,43.680000,43.680000
2009-02-18,43.450000,43.450000
2009-02-19,42.970000,42.970000
2009-02-20,42.610000,42.610000
2009-02-23,41.830000,41.830000
2009-02-24,42.730000,42.730000
2009-02-25,41.850000,41.850000
2009-02-26,41.860000,41.860000
2009-02-27,42.770000,42.770000
2009-03-02,41.390000,41.390000
2009-03-03,40.860000,40.860000
2009-03-04,41.370000,41.370000
2009-03-05,41.440000,41.440000
2009-03-06,40.980000,40.980000
2009-03-09,39.460000,39.460000
2009-03-10,40.020000,40.020000
2009-03-11,38.790000,38.790000
2009-03-12,39.570000,39.570000
2009-03-13,39.970000,39.970000
2009-03-16,38.500000,38.500000
2009-03-17,39.090000,39.090000
2009-03-18,39.680000,39.680000
2009-03-19,37.710000,37.710000
2009-03-20,33.990000,33.990000
2009-03-23,34.650000,34.650000
2009-03-24,36.040000,36.040000
2009-03-25,37.000000,37.000000
2009-03-26,37.110000,37.110000
2009-03-27,36.160000,36.160000
2009-03-30,36.250000,36.250000
2009-03-31,36.490000,36.490000
2009-04-01,36.060000,36.060000
2009-04-02,36.930000,36.930000
2009-04-03,37.060000,37.060000
2009-04-06,36.440000,36.440000
2009-04-07,34.900000,34.900000
2009-04-08,34.790000,34.790000
2009-04-09,36.080000,36.080000
2009-04-13,36.390000,36.390000
2009-04-14,36.470000,36.470000
2009-04-15,36.170000,36.170000
2009-04-16,36.370000,36.370000
2009-04-17,36.830000,36.830000
2009-04-20,35.680000,35.680000
2009-04-21,35.250000,35.250000
2009-04-22,34.900000,34.900000
2009-04-23,35.030000,35.030000
2009-04-24,35.650000,35.650000
2009-04-27,34.860000,34.860000
2009-04-28,35.850000,35.850000
2009-04-29,37.410000,37.410000
2009-04-30,39.550000,39.550000
2009-05-01,39.830000,39.830000
2009-05-04,39.940000,39.940000
2009-05-05,39.930000,39.930000
2009-05-06,39.710000,39.710000
2009-05-07,39.650000,39.650000
2009-05-08,40.000000,40.000000
2009-05-11,39.790000,39.790000
2009-05-12,39.630000,39.630000
2009-05-13,38.720000,38.720000
2009-05-14,39.350000,39.350000
2009-05-15,39.050000,39.050000
2009-05-18,40.640000,40.640000
2009-05-19,40.170000,40.170000
2009-05-20,40.010000,40.010000
2009-05-21,39.650000,39.650000
2009-05-22,39.600000,39.600000
2009-05-26,40.620000,40.620000
2009-05-27,39.490000,39.490000
2009-05-28,38.870000,38.870000
2009-05-29,38.370000,38.370000
2009-06-01,39.130000,39.130000
2009-06-02,40.310000,40.310000
2009-06-03,40.350000,40.350000
2009-06-04,41.140000,41.140000
2009-06-05,40.610000,40.610000
2009-06-08,40.760000,40.760000
2009-06-09,39.920000,39.920000
2009-06-10,40.040000,40.040000
2009-06-11,40.090000,40.090000
2009-06-12,40.180000,40.180000
2009-06-15,39.630000,39.630000
2009-06-16,39.020000,39.020000
2009-06-17,39.960000,39.960000
2009-06-18,40.480000,40.480000
2009-06-19,40.280000,40.280000
2009-06-22,39.760000,39.760000
2009-06-23,39.120000,39.120000
2009-06-24,39.090000,39.090000
2009-06-25,39.720000,39.720000
2009-06-26,42.270000,42.270000
2009-06-29,42.110000,42.110000
2009-06-30,42.710000,42.710000
2009-07-01,43.600000,43.600000
2009-07-02,42.500000,42.500000
2009-07-06,42.710000,42.710000
2009-07-07,42.400000,42.400000
2009-07-08,42.510000,42.510000
2009-07-09,42.360000,42.360000
2009-07-10,43.040000,43.040000
2009-07-13,42.790000,42.790000
2009-07-14,42.640000,42.640000
2009-07-15,43.790000,43.790000
2009-07-16,44.280000,44.280000
2009-07-17,44.110000,44.110000
2009-07-20,44.800000,44.800000
2009-07-21,44.960000,44.960000
2009-07-22,45.280000,45.280000
2009-07-23,46.240000,46.240000
2009-07-24,45.340000,45.340000
2009-07-27,44.550000,44.550000
2009-07-28,45.210000,45.210000
2009-07-29,46.030000,46.030000
2009-07-30,46.040000,46.040000
2009-07-31,46.200000,46.200000
2009-08-03,46.760000,46.760000
2009-08-04,47.040000,47.040000
2009-08-05,46.760000,46.760000
2009-08-06,46.520000,46.520000
2009-08-07,46.630000,46.630000
2009-08-10,46.470000,46.470000
2009-08-11,46.330000,46.330000
2009-08-12,47.360000,47.360000
2009-08-13,47.000000,47.000000
2009-08-14,45.870000,45.870000
2009-08-17,45.620000,45.620000
2009-08-18,45.910000,45.910000
2009-08-19,46.600000,46.600000
2009-08-20,46.340000,46.340000
2009-08-21,46.420000,46.420000
2009-08-24,46.770000,46.770000
2009-08-25,47.230000,47.230000
2009-08-26,46.570000,46.570000
2009-08-27,46.700000,46.700000
2009-08-28,46.090000,46.090000
2009-08-31,45.960000,45.960000
2009-09-01,45.630000,45.630000
2009-09-02,45.520000,45.520000
2009-09-03,45.890000,45.890000
2009-09-04,45.690000,45.690000
2009-09-08,45.520000,45.520000
2009-09-09,45.530000,45.530000
2009-09-10,45.570000,45.570000
2009-09-11,45.300000,45.300000
2009-09-14,45.500000,45.500000
2009-09-15,46.030000,46.030000
2009-09-16,46.400000,46.400000
2009-09-17,46.590000,46.590000
2009-09-18,46.890000,46.890000
2009-09-21,46.720000,46.720000
2009-09-22,46.840000,46.840000
2009-09-23,46.970000,46.970000
2009-09-24,46.920000,46.920000
2009-09-25,47.070000,47.070000
2009-09-28,48.200000,48.200000
2009-09-29,47.890000,47.890000
2009-09-30,47.270000,47.270000
2009-10-01,46.320000,46.320000
2009-10-02,45.920000,45.920000
2009-10-05,46.110000,46.110000
2009-10-06,46.570000,46.570000
2009-10-07,47.170000,47.170000
2009-10-08,47.010000,47.010000
2009-10-09,46.980000,46.980000
2009-10-12,46.440000,46.440000
2009-10-13,46.370000,46.370000
2009-10-14,46.910000,46.910000
2009-10-15,47.240000,47.240000
2009-10-16,46.510000,46.510000
2009-10-19,46.550000,46.550000
2009-10-20,46.410000,46.410000
2009-10-21,46.200000,46.200000
2009-10-22,46.720000,46.720000
2009-10-23,47.140000,47.140000
2009-10-26,47.550000,47.550000
2009-10-27,48.160000,48.160000
2009-10-28,47.870000,47.870000
2009-10-29,47.000000,47.000000
2009-10-30,47.620000,47.620000
2009-11-02,47.510000,47.510000
2009-11-03,48.290000,48.290000
2009-11-04,47.910000,47.910000
2009-11-05,49.200000,49.200000
2009-11-06,48.360000,48.360000
2009-11-09,49.500000,49.500000
2009-11-10,48.980000,48.980000
2009-11-11,48.830000,48.830000
2009-11-12,47.900000,47.900000
2009-11-13,47.730000,47.730000
2009-11-16,48.760000,48.760000
2009-11-17,48.730000,48.730000
2009-11-18,48.310000,48.310000
2009-11-19,47.210000,47.210000
2009-11-20,46.620000,46.620000
2009-11-23,47.550000,47.550000
2009-11-24,47.260000,47.260000
2009-11-25,46.880000,46.880000
2009-11-27,46.150000,46.150000
2009-11-30,46.420000,46.420000
2009-12-01,46.010000,46.010000
2009-12-02,46.460000,46.460000
2009-12-03,45.530000,45.530000
2009-12-04,45.750000,45.750000
2009-12-07,46.490000,46.490000
2009-12-08,46.540000,46.540000
2009-12-09,46.640000,46.640000
2009-12-10,46.670000,46.670000
2009-12-11,46.370000,46.370000
2009-12-14,46.630000,46.630000
2009-12-15,46.930000,46.930000
2009-12-16,47.930000,47.930000
2009-12-17,47.130000,47.130000
2009-12-18,47.700000,47.700000
2009-12-21,48.370000,48.370000
2009-12-22,48.700000,48.700000
2009-12-23,49.220000,49.220000
2009-12-24,49.070000,49.070000
2009-12-28,49.270000,49.270000
2009-12-29,49.300000,49.300000
2009-12-30,49.680000,49.680000
2009-12-31,48.850000,48.850000
2010-01-04,49.580000,49.580000
2010-01-05,48.610000,48.610000
2010-01-06,48.510000,48.510000
2010-01-07,47.820000,47.820000
2010-01-08,47.600000,47.600000
2010-01-11,47.610000,47.610000
2010-01-12,47.780000,47.780000
2010-01-13,48.150000,48.150000
2010-01-14,48.630000,48.630000
2010-01-15,48.530000,48.530000
2010-01-19,49.340000,49.340000
2010-01-20,48.820000,48.820000
2010-01-21,48.190000,48.190000
2010-01-22,47.410000,47.410000
2010-01-25,47.400000,47.400000
2010-01-26,47.610000,47.610000
2010-01-27,48.520000,48.520000
2010-01-28,47.880000,47.880000
2010-01-29,47.970000,47.970000
2010-02-01,48.010000,48.010000
2010-02-02,47.100000,47.100000
2010-02-03,47.370000,47.370000
2010-02-04,46.420000,46.420000
2010-02-05,47.070000,47.070000
2010-02-08,46.490000,46.490000
2010-02-09,46.270000,46.270000
2010-02-10,46.620000,46.620000
2010-02-11,45.970000,45.970000
2010-02-12,46.240000,46.240000
2010-02-16,46.650000,46.650000
2010-02-17,47.090000,47.090000
2010-02-18,47.820000,47.820000
2010-02-19,47.940000,47.940000
2010-02-22,48.240000,48.240000
2010-02-23,48.340000,48.340000
2010-02-24,48.890000,48.890000
2010-02-25,49.330000,49.330000
2010-02-26,49.560000,49.560000
2010-03-01,49.930000,49.930000
2010-03-02,49.800000,49.800000
2010-03-03,50.320000,50.320000
2010-03-04,50.440000,50.440000
2010-03-05,51.540000,51.540000
2010-03-08,51.050000,51.050000
2010-03-09,51.250000,51.250000
2010-03-10,51.200000,51.200000
2010-03-11,51.260000,51.260000
2010-03-12,50.530000,50.530000
2010-03-15,50.340000,50.340000
2010-03-16,51.130000,51.130000
2010-03-17,52.370000,52.370000
2010-03-18,52.050000,52.050000
2010-03-19,52.240000,52.240000
2010-03-22,51.760000,51.760000
2010-03-23,51.600000,51.600000
2010-03-24,50.380000,50.380000
2010-03-25,50.450000,50.450000
2010-03-26,50.750000,50.750000
2010-03-29,50.300000,50.300000
2010-03-30,49.800000,49.800000
2010-03-31,48.850000,48.850000
2010-04-01,48.880000,48.880000
2010-04-05,48.900000,48.900000
2010-04-06,49.430000,49.430000
2010-04-07,48.990000,48.990000
2010-04-08,48.430000,48.430000
2010-04-09,48.600000,48.600000
2010-04-12,49.700000,49.700000
2010-04-13,49.170000,49.170000
2010-04-14,49.980000,49.980000
2010-04-15,49.790000,49.790000
2010-04-16,49.070000,49.070000
2010-04-19,48.900000,48.900000
2010-04-20,49.500000,49.500000
2010-04-21,50.430000,50.430000
2010-04-22,50.750000,50.750000
2010-04-23,51.000000,51.000000
2010-04-26,51.000000,51.000000
2010-04-27,51.260000,51.260000
2010-04-28,50.510000,50.510000
2010-04-29,47.930000,47.930000
2010-04-30,47.430000,47.430000
2010-05-03,48.360000,48.360000
2010-05-04,47.820000,47.820000
2010-05-05,47.850000,47.850000
2010-05-06,47.180000,47.180000
2010-05-07,47.160000,47.160000
2010-05-10,48.020000,48.020000
2010-05-11,47.970000,47.970000
2010-05-12,48.710000,48.710000
2010-05-13,49.100000,49.100000
2010-05-14,48.390000,48.390000
2010-05-17,49.220000,49.220000
2010-05-18,48.660000,48.660000
2010-05-19,48.450000,48.450000
2010-05-20,47.500000,47.500000
2010-05-21,46.500000,46.500000
2010-05-24,45.710000,45.710000
2010-05-25,45.080000,45.080000
2010-05-26,45.780000,45.780000
2010-05-27,46.620000,46.620000
2010-05-28,46.240000,46.240000
2010-06-01,45.930000,45.930000
2010-06-02,45.960000,45.960000
2010-06-03,46.730000,46.730000
2010-06-04,45.290000,45.290000
2010-06-07,44.730000,44.730000
2010-06-08,44.720000,44.720000
2010-06-09,44.200000,44.200000
2010-06-10,45.100000,45.100000
2010-06-11,45.590000,45.590000
2010-06-14,45.500000,45.500000
2010-06-15,46.050000,46.050000
2010-06-16,45.970000,45.970000
2010-06-17,45.900000,45.900000
2010-06-18,45.080000,45.080000
2010-06-21,44.450000,44.450000
2010-06-22,43.510000,43.510000
2010-06-23,42.970000,42.970000
2010-06-24,42.370000,42.370000
2010-06-25,42.620000,42.620000
2010-06-28,42.400000,42.400000
2010-06-29,41.620000,41.620000
2010-06-30,42.480000,42.480000
2010-07-01,41.990000,41.990000
2010-07-02,41.720000,41.720000
2010-07-06,40.580000,40.580000
2010-07-07,41.230000,41.230000
2010-07-08,43.110000,43.110000
2010-07-09,43.410000,43.410000
2010-07-12,43.610000,43.610000
2010-07-13,44.170000,44.170000
2010-07-14,44.370000,44.370000
2010-07-15,44.200000,44.200000
2010-07-16,43.490000,43.490000
2010-07-19,44.320000,44.320000
2010-07-20,44.430000,44.430000
2010-07-21,44.480000,44.480000
2010-07-22,46.130000,46.130000
2010-07-23,47.170000,47.170000
2010-07-26,47.820000,47.820000
2010-07-27,47.810000,47.810000
2010-07-28,47.370000,47.370000
2010-07-29,47.230000,47.230000
2010-07-30,47.020000,47.020000
2010-08-02,47.860000,47.860000
2010-08-03,47.620000,47.620000
2010-08-04,48.550000,48.550000
2010-08-05,48.170000,48.170000
2010-08-06,48.020000,48.020000
2010-08-09,48.190000,48.190000
2010-08-10,45.890000,45.890000
2010-08-11,43.410000,43.410000
2010-08-12,42.540000,42.540000
2010-08-13,41.450000,41.450000
2010-08-16,40.360000,40.360000
2010-08-17,40.750000,40.750000
2010-08-18,43.440000,43.440000
2010-08-19,42.500000,42.500000
2010-08-20,42.890000,42.890000
2010-08-23,41.920000,41.920000
2010-08-24,41.940000,41.940000
2010-08-25,41.850000,41.850000
2010-08-26,41.770000,41.770000
2010-08-27,41.910000,41.910000
2010-08-30,42.100000,42.100000
2010-08-31,40.810000,40.810000
2010-09-01,42.150000,42.150000
2010-09-02,42.120000,42.120000
2010-09-03,42.990000,42.990000
2010-09-07,42.130000,42.130000
2010-09-08,42.330000,42.330000
2010-09-09,42.620000,42.620000
2010-09-10,43.160000,43.160000
2010-09-13,44.030000,44.030000
2010-09-14,43.290000,43.290000
2010-09-15,43.360000,43.360000
2010-09-16,42.740000,42.740000
2010-09-17,43.030000,43.030000
2010-09-20,43.920000,43.920000
2010-09-21,43.780000,43.780000
2010-09-22,43.210000,43.210000
2010-09-23,42.640000,42.640000
2010-09-24,43.870000,43.870000
2010-09-27,43.730000,43.730000
2010-09-28,44.300000,44.300000
2010-09-29,44.670000,44.670000
2010-09-30,45.260000,45.260000
2010-10-01,45.670000,45.670000
2010-10-04,44.400000,44.400000
2010-10-05,45.110000,45.110000
2010-10-06,45.000000,45.000000
2010-10-07,43.980000,43.980000
2010-10-08,44.250000,44.250000
2010-10-11,44.810000,44.810000
2010-10-12,44.970000,44.970000
2010-10-13,45.360000,45.360000
2010-10-14,45.320000,45.320000
2010-10-15,45.150000,45.150000
2010-10-18,45.690000,45.690000
2010-10-19,45.000000,45.000000
2010-10-20,45.500000,45.500000
2010-10-21,45.760000,45.760000
2010-10-22,45.720000,45.720000
2010-10-25,46.260000,46.260000
2010-10-26,46.740000,46.740000
2010-10-27,46.290000,46.290000
2010-10-28,50.270000,50.270000
2010-10-29,50.120000,50.120000
2010-11-01,50.930000,50.930000
2010-11-02,52.320000,52.320000
2010-11-03,50.960000,50.960000
2010-11-04,51.910000,51.910000
2010-11-05,51.570000,51.570000
2010-11-08,51.000000,51.000000
2010-11-09,50.570000,50.570000
2010-11-10,50.240000,50.240000
2010-11-11,50.280000,50.280000
2010-11-12,50.140000,50.140000
2010-11-15,50.060000,50.060000
2010-11-16,48.750000,48.750000
2010-11-17,49.620000,49.620000
2010-11-18,50.620000,50.620000
2010-11-19,50.640000,50.640000
2010-11-22,50.940000,50.940000
2010-11-23,50.660000,50.660000
2010-11-24,51.060000,51.060000
2010-11-26,51.140000,51.140000
2010-11-29,50.240000,50.240000
2010-11-30,50.330000,50.330000
2010-12-01,51.660000,51.660000
2010-12-02,52.380000,52.380000
2010-12-03,52.670000,52.670000
2010-12-06,52.980000,52.980000
2010-12-07,53.450000,53.450000
2010-12-08,53.410000,53.410000
2010-12-09,52.260000,52.260000
2010-12-10,52.600000,52.600000
2010-12-13,53.080000,53.080000
2010-12-14,53.030000,53.030000
2010-12-15,53.340000,53.340000
2010-12-16,53.430000,53.430000
2010-12-17,53.000000,53.000000
2010-12-20,52.850000,52.850000
2010-12-21,52.900000,52.900000
2010-12-22,53.040000,53.040000
2010-12-23,53.010000,53.010000
2010-12-27,53.220000,53.220000
2010-12-28,53.090000,53.090000
2010-12-29,53.350000,53.350000
2010-12-30,53.760000,53.760000
2010-12-31,53.400000,53.400000
2011-01-03,53.740000,53.740000
2011-01-04,52.560000,52.560000
2011-01-05,52.420000,52.420000
2011-01-06,52.150000,52.150000
2011-01-07,51.600000,51.600000
2011-01-10,51.990000,51.990000
2011-01-11,52.800000,52.800000
2011-01-12,53.880000,53.880000
2011-01-13,52.460000,52.460000
2011-01-14,52.950000,52.950000
2011-01-18,52.960000,52.960000
2011-01-19,52.880000,52.880000
2011-01-20,52.440000,52.440000
2011-01-21,51.630000,51.630000
2011-01-24,52.650000,52.650000
2011-01-25,53.560000,53.560000
2011-01-26,54.590000,54.590000
2011-01-27,56.040000,56.040000
2011-01-28,55.370000,55.370000
2011-01-31,55.490000,55.490000
2011-02-01,56.360000,56.360000
2011-02-02,55.500000,55.500000
2011-02-03,58.040000,58.040000
2011-02-04,57.080000,57.080000
2011-02-07,56.860000,56.860000
2011-02-08,57.320000,57.320000
2011-02-09,57.620000,57.620000
2011-02-10,57.360000,57.360000
2011-02-11,57.600000,57.600000
2011-02-14,57.470000,57.470000
2011-02-15,57.410000,57.410000
2011-02-16,58.250000,58.250000
2011-02-17,58.600000,58.600000
2011-02-18,58.780000,58.780000
2011-02-22,57.680000,57.680000
2011-02-23,56.510000,56.510000
2011-02-24,57.100000,57.100000
2011-02-25,58.410000,58.410000
2011-02-28,59.320000,59.320000
2011-03-01,58.360000,58.360000
2011-03-02,58.910000,58.910000
2011-03-03,59.840000,59.840000
2011-03-04,59.870000,59.870000
2011-03-07,59.100000,59.100000
2011-03-08,59.710000,59.710000
2011-03-09,59.840000,59.840000
2011-03-10,58.140000,58.140000
2011-03-11,58.260000,58.260000
2011-03-14,58.710000,58.710000
2011-03-15,58.610000,58.610000
2011-03-16,57.960000,57.960000
2011-03-17,57.890000,57.890000
2011-03-18,58.600000,58.600000
2011-03-21,59.460000,59.460000
2011-03-22,59.540000,59.540000
2011-03-23,59.580000,59.580000
2011-03-24,60.180000,60.180000
2011-03-25,60.850000,60.850000
2011-03-28,61.860000,61.860000
2011-03-29,61.270000,61.270000
2011-03-30,61.450000,61.450000
2011-03-31,61.320000,61.320000
2011-04-01,62.330000,62.330000
2011-04-04,61.850000,61.850000
2011-04-05,60.990000,60.990000
2011-04-06,60.960000,60.960000
2011-04-07,60.480000,60.480000
2011-04-08,60.060000,60.060000
2011-04-11,59.630000,59.630000
2011-04-12,60.060000,60.060000
2011-04-13,60.200000,60.200000
2011-04-14,60.200000,60.200000
2011-04-15,60.420000,60.420000
2011-04-18,58.890000,58.890000
2011-04-19,58.790000,58.790000
2011-04-20,59.620000,59.620000
2011-04-21,60.140000,60.140000
2011-04-25,59.880000,59.880000
2011-04-26,60.630000,60.630000
2011-04-27,60.830000,60.830000
2011-04-28,60.770000,60.770000
2011-04-29,61.110000,61.110000
2011-05-02,60.280000,60.280000
2011-05-03,60.110000,60.110000
2011-05-04,59.570000,59.570000
2011-05-05,60.940000,60.940000
2011-05-06,61.140000,61.140000
2011-05-09,61.600000,61.600000
2011-05-10,63.060000,63.060000
2011-05-11,62.730000,62.730000
2011-05-12,63.100000,63.100000
2011-05-13,62.710000,62.710000
2011-05-16,61.710000,61.710000
2011-05-17,61.470000,61.470000
2011-05-18,62.470000,62.470000
2011-05-19,62.340000,62.340000
2011-05-20,62.320000,62.320000
2011-05-23,61.290000,61.290000
2011-05-24,60.740000,60.740000
2011-05-25,60.720000,60.720000
2011-05-26,61.380000,61.380000
2011-05-27,62.560000,62.560000
2011-05-31,63.830000,63.830000
2011-06-01,62.230000,62.230000
2011-06-02,61.300000,61.300000
2011-06-03,60.170000,60.170000
2011-06-06,60.050000,60.050000
2011-06-07,60.550000,60.550000
2011-06-08,60.310000,60.310000
2011-06-09,60.630000,60.630000
2011-06-10,60.060000,60.060000
2011-06-13,60.300000,60.300000
2011-06-14,61.270000,61.270000
2011-06-15,60.410000,60.410000
2011-06-16,60.970000,60.970000
2011-06-17,61.770000,61.770000
2011-06-20,63.050000,63.050000
2011-06-21,63.900000,63.900000
2011-06-22,63.400000,63.400000
2011-06-23,63.060000,63.060000
2011-06-24,63.740000,63.740000
2011-06-27,63.760000,63.760000
2011-06-28,62.640000,62.640000
2011-06-29,63.030000,63.030000
2011-06-30,63.080000,63.080000
2011-07-01,64.940000,64.940000
2011-07-05,65.360000,65.360000
2011-07-06,65.830000,65.830000
2011-07-07,65.700000,65.700000
2011-07-08,65.520000,65.520000
2011-07-11,64.450000,64.450000
2011-07-12,64.080000,64.080000
2011-07-13,64.200000,64.200000
2011-07-14,63.860000,63.860000
2011-07-15,63.130000,63.130000
2011-07-18,61.920000,61.920000
2011-07-19,62.050000,62.050000
2011-07-20,62.370000,62.370000
2011-07-21,61.890000,61.890000
2011-07-22,61.560000,61.560000
2011-07-25,60.900000,60.900000
2011-07-26,60.770000,60.770000
2011-07-27,59.680000,59.680000
2011-07-28,59.460000,59.460000
2011-07-29,59.080000,59.080000
2011-08-01,55.970000,55.970000
2011-08-02,52.620000,52.620000
2011-08-03,53.710000,53.710000
2011-08-04,52.100000,52.100000
2011-08-05,51.590000,51.590000
2011-08-08,47.820000,47.820000
2011-08-09,49.830000,49.830000
2011-08-10,47.360000,47.360000
2011-08-11,49.500000,49.500000
2011-08-12,49.270000,49.270000
2011-08-15,50.210000,50.210000
2011-08-16,49.730000,49.730000
2011-08-17,48.820000,48.820000
2011-08-18,48.810000,48.810000
2011-08-19,49.780000,49.780000
2011-08-22,50.130000,50.130000
2011-08-23,52.160000,52.160000
2011-08-24,52.970000,52.970000
2011-08-25,52.010000,52.010000
2011-08-26,52.420000,52.420000
2011-08-29,54.750000,54.750000
2011-08-30,55.390000,55.390000
2011-08-31,55.060000,55.060000
2011-09-01,52.090000,52.090000
2011-09-02,49.920000,49.920000
2011-09-06,49.980000,49.980000
2011-09-07,51.960000,51.960000
2011-09-08,50.890000,50.890000
2011-09-09,49.760000,49.760000
2011-09-12,49.950000,49.950000
2011-09-13,50.680000,50.680000
2011-09-14,51.320000,51.320000
2011-09-15,52.020000,52.020000
2011-09-16,52.140000,52.140000
2011-09-19,51.280000,51.280000
2011-09-20,51.250000,51.250000
2011-09-21,48.950000,48.950000
2011-09-22,47.050000,47.050000
2011-09-23,47.630000,47.630000
2011-09-26,49.020000,49.020000
2011-09-27,50.840000,50.840000
2011-09-28,49.020000,49.020000
2011-09-29,50.900000,50.900000
2011-09-30,49.940000,49.940000
2011-10-03,46.810000,46.810000
2011-10-04,49.830000,49.830000
2011-10-05,50.290000,50.290000
2011-10-06,51.970000,51.970000
2011-10-07,50.630000,50.630000
2011-10-10,52.440000,52.440000
2011-10-11,52.450000,52.450000
2011-10-12,53.790000,53.790000
2011-10-13,53.220000,53.220000
2011-10-14,54.450000,54.450000
2011-10-17,52.640000,52.640000
2011-10-18,53.790000,53.790000
2011-10-19,52.970000,52.970000
2011-10-20,53.060000,53.060000
2011-10-21,53.080000,53.080000
2011-10-24,54.070000,54.070000
2011-10-25,53.620000,53.620000
2011-10-26,53.210000,53.210000
2011-10-27,55.340000,55.340000
2011-10-28,55.670000,55.670000
2011-10-31,54.890000,54.890000
2011-11-01,53.140000,53.140000
2011-11-02,54.250000,54.250000
2011-11-03,58.040000,58.040000
2011-11-04,56.970000,56.970000
2011-11-07,57.310000,57.310000
2011-11-08,57.110000,57.110000
2011-11-09,55.350000,55.350000
2011-11-10,56.170000,56.170000
2011-11-11,57.180000,57.180000
2011-11-14,56.020000,56.020000
2011-11-15,56.080000,56.080000
2011-11-16,55.190000,55.190000
2011-11-17,54.370000,54.370000
2011-11-18,54.470000,54.470000
2011-11-21,53.360000,53.360000
2011-11-22,52.780000,52.780000
2011-11-23,52.080000,52.080000
2011-11-25,51.970000,51.970000
2011-11-28,54.480000,54.480000
2011-11-29,55.170000,55.170000
2011-11-30,56.380000,56.380000
2011-12-01,56.360000,56.360000
2011-12-02,56.780000,56.780000
2011-12-05,57.050000,57.050000
2011-12-06,56.600000,56.600000
2011-12-07,57.050000,57.050000
2011-12-08,55.980000,55.980000
2011-12-09,57.210000,57.210000
2011-12-12,56.590000,56.590000
2011-12-13,56.070000,56.070000
2011-12-14,55.170000,55.170000
2011-12-15,55.350000,55.350000
2011-12-16,55.360000,55.360000
2011-12-19,54.950000,54.950000
2011-12-20,56.050000,56.050000
2011-12-21,55.750000,55.750000
2011-12-22,56.560000,56.560000
2011-12-23,56.500000,56.500000
2011-12-27,56.930000,56.930000
2011-12-28,55.300000,55.300000
2011-12-29,55.760000,55.760000
2011-12-30,55.920000,55.920000
2012-01-03,56.570000,56.570000
2012-01-04,56.120000,56.120000
2012-01-05,56.000000,56.000000
2012-01-06,55.680000,55.680000
2012-01-09,55.700000,55.700000
2012-01-10,56.450000,56.450000
2012-01-11,56.460000,56.460000
2012-01-12,56.960000,56.960000
2012-01-13,57.200000,57.200000
2012-01-17,57.950000,57.950000
2012-01-18,58.610000,58.610000
2012-01-19,58.980000,58.980000
2012-01-20,57.660000,57.660000
2012-01-23,58.030000,58.030000
2012-01-24,58.240000,58.240000
2012-01-25,59.130000,59.130000
2012-01-26,59.200000,59.200000
2012-01-27,59.150000,59.150000
2012-01-30,58.860000,58.860000
2012-01-31,58.690000,58.690000
2012-02-01,58.930000,58.930000
2012-02-02,59.130000,59.130000
2012-02-03,59.700000,59.700000
2012-02-06,59.040000,59.040000
2012-02-07,59.070000,59.070000
2012-02-08,59.310000,59.310000
2012-02-09,59.430000,59.430000
2012-02-10,58.850000,58.850000
2012-02-13,59.060000,59.060000
2012-02-14,59.340000,59.340000
2012-02-15,59.320000,59.320000
2012-02-16,59.400000,59.400000
2012-02-17,59.210000,59.210000
2012-02-21,59.460000,59.460000
2012-02-22,59.320000,59.320000
2012-02-23,59.510000,59.510000
2012-02-24,59.950000,59.950000
2012-02-27,60.140000,60.140000
2012-02-28,59.560000,59.560000
2012-02-29,59.140000,59.140000
2012-03-01,59.450000,59.450000
2012-03-02,59.070000,59.070000
2012-03-05,59.210000,59.210000
2012-03-06,58.790000,58.790000
2012-03-07,59.030000,59.030000
2012-03-08,59.500000,59.500000
2012-03-09,60.880000,60.880000
2012-03-12,60.860000,60.860000
2012-03-13,61.480000,61.480000
2012-03-14,61.150000,61.150000
2012-03-15,62.060000,62.060000
2012-03-16,61.950000,61.950000
2012-03-19,62.170000,62.170000
2012-03-20,61.510000,61.510000
2012-03-21,62.180000,62.180000
2012-03-22,61.530000,61.530000
2012-03-23,61.900000,61.900000
2012-03-26,62.850000,62.850000
2012-03-27,62.550000,62.550000
2012-03-28,62.440000,62.440000
2012-03-29,62.400000,62.400000
2012-03-30,62.290000,62.290000
2012-04-02,62.850000,62.850000
2012-04-03,62.230000,62.230000
2012-04-04,61.490000,61.490000
2012-04-05,60.940000,60.940000
2012-04-09,60.470000,60.470000
2012-04-10,59.510000,59.510000
2012-04-11,60.020000,60.020000
2012-04-12,60.930000,60.930000
2012-04-13,60.100000,60.100000
2012-04-16,60.470000,60.470000
2012-04-17,61.150000,61.150000
2012-04-18,61.000000,61.000000
2012-04-19,60.860000,60.860000
2012-04-20,61.510000,61.510000
2012-04-23,61.190000,61.190000
2012-04-24,60.870000,60.870000
2012-04-25,61.600000,61.600000
2012-04-26,61.960000,61.960000
2012-04-27,61.700000,61.700000
2012-04-30,61.130000,61.130000
2012-05-01,61.470000,61.470000
2012-05-02,61.420000,61.420000
2012-05-03,51.520000,51.520000
2012-05-04,49.160000,49.160000
2012-05-07,48.450000,48.450000
2012-05-08,48.470000,48.470000
2012-05-09,48.430000,48.430000
2012-05-10,47.740000,47.740000
2012-05-11,47.010000,47.010000
2012-05-14,46.460000,46.460000
2012-05-15,45.950000,45.950000
2012-05-16,45.510000,45.510000
2012-05-17,45.070000,45.070000
2012-05-18,43.680000,43.680000
2012-05-21,44.080000,44.080000
2012-05-22,43.630000,43.630000
2012-05-23,43.840000,43.840000
2012-05-24,43.920000,43.920000
2012-05-25,43.650000,43.650000
2012-05-29,44.200000,44.200000
2012-05-30,43.570000,43.570000
2012-05-31,42.800000,42.800000
2012-06-01,41.700000,41.700000
2012-06-04,42.090000,42.090000
2012-06-05,44.110000,44.110000
2012-06-06,45.000000,45.000000
2012-06-07,49.500000,49.500000
2012-06-08,48.920000,48.920000
2012-06-11,47.770000,47.770000
2012-06-12,48.860000,48.860000
2012-06-13,48.620000,48.620000
2012-06-14,49.980000,49.980000
2012-06-15,50.500000,50.500000
2012-06-18,50.600000,50.600000
2012-06-19,51.410000,51.410000
2012-06-20,52.250000,52.250000
2012-06-21,51.780000,51.780000
2012-06-22,52.710000,52.710000
2012-06-25,52.550000,52.550000
2012-06-26,52.610000,52.610000
2012-06-27,54.000000,54.000000
2012-06-28,54.180000,54.180000
2012-06-29,55.020000,55.020000
2012-07-02,55.990000,55.990000
2012-07-03,55.900000,55.900000
2012-07-05,56.690000,56.690000
2012-07-06,55.930000,55.930000
2012-07-09,55.480000,55.480000
2012-07-10,55.620000,55.620000
2012-07-11,56.270000,56.270000
2012-07-12,55.580000,55.580000
2012-07-13,56.680000,56.680000
2012-07-16,56.280000,56.280000
2012-07-17,56.750000,56.750000
2012-07-18,56.560000,56.560000
2012-07-19,57.040000,57.040000
2012-07-20,56.410000,56.410000
2012-07-23,55.380000,55.380000
2012-07-24,54.590000,54.590000
2012-07-25,55.210000,55.210000
2012-07-26,55.830000,55.830000
2012-07-27,56.600000,56.600000
2012-07-30,56.140000,56.140000
2012-07-31,56.450000,56.450000
2012-08-01,55.330000,55.330000
2012-08-02,55.090000,55.090000
2012-08-03,55.550000,55.550000
2012-08-06,54.900000,54.900000
2012-08-07,55.370000,55.370000
2012-08-08,55.580000,55.580000
2012-08-09,56.270000,56.270000
2012-08-10,56.520000,56.520000
2012-08-13,56.870000,56.870000
2012-08-14,56.550000,56.550000
2012-08-15,57.380000,57.380000
2012-08-16,53.230000,53.230000
2012-08-17,52.160000,52.160000
2012-08-20,52.700000,52.700000
2012-08-21,52.470000,52.470000
2012-08-22,52.440000,52.440000
2012-08-23,52.250000,52.250000
2012-08-24,52.230000,52.230000
2012-08-27,52.330000,52.330000
2012-08-28,52.360000,52.360000
2012-08-29,52.680000,52.680000
2012-08-30,52.040000,52.040000
2012-08-31,53.390000,53.390000
2012-09-04,53.430000,53.430000
2012-09-05,52.730000,52.730000
2012-09-06,53.800000,53.800000
2012-09-07,54.490000,54.490000
2012-09-10,54.190000,54.190000
2012-09-11,54.570000,54.570000
2012-09-12,55.020000,55.020000
2012-09-13,55.680000,55.680000
2012-09-14,56.230000,56.230000
2012-09-17,55.680000,55.680000
2012-09-18,55.420000,55.420000
2012-09-19,55.080000,55.080000
2012-09-20,54.980000,54.980000
2012-09-21,54.230000,54.230000
2012-09-24,54.130000,54.130000
2012-09-25,53.210000,53.210000
2012-09-26,51.380000,51.380000
2012-09-27,51.500000,51.500000
2012-09-28,51.790000,51.790000
2012-10-01,52.380000,52.380000
2012-10-02,52.310000,52.310000
2012-10-03,52.080000,52.080000
2012-10-04,50.040000,50.040000
2012-10-05,51.010000,51.010000
2012-10-08,49.690000,49.690000
2012-10-09,49.260000,49.260000
2012-10-10,49.310000,49.310000
2012-10-11,49.100000,49.100000
2012-10-12,48.650000,48.650000
2012-10-15,49.100000,49.100000
2012-10-16,49.470000,49.470000
2012-10-17,50.130000,50.130000
2012-10-18,50.720000,50.720000
2012-10-19,49.570000,49.570000
2012-10-22,49.600000,49.600000
2012-10-23,49.470000,49.470000
2012-10-24,48.800000,48.800000
2012-10-25,49.200000,49.200000
2012-10-26,49.450000,49.450000
2012-10-31,50.430000,50.430000
2012-11-01,53.880000,53.880000
2012-11-02,53.530000,53.530000
2012-11-05,53.800000,53.800000
2012-11-06,54.360000,54.360000
2012-11-07,51.930000,51.930000
2012-11-08,51.180000,51.180000
2012-11-09,51.570000,51.570000
2012-11-12,51.370000,51.370000
2012-11-13,51.040000,51.040000
2012-11-14,50.370000,50.370000
2012-11-15,50.320000,50.320000
2012-11-16,50.480000,50.480000
2012-11-19,51.490000,51.490000
2012-11-20,51.440000,51.440000
2012-11-21,51.740000,51.740000
2012-11-23,52.200000,52.200000
2012-11-26,52.240000,52.240000
2012-11-27,52.020000,52.020000
2012-11-28,52.710000,52.710000
2012-11-29,52.950000,52.950000
2012-11-30,51.150000,51.150000
2012-12-03,51.440000,51.440000
2012-12-04,52.160000,52.160000
2012-12-05,52.600000,52.600000
2012-12-06,52.970000,52.970000
2012-12-07,53.350000,53.350000
2012-12-10,53.540000,53.540000
2012-12-11,54.250000,54.250000
2012-12-12,53.970000,53.970000
2012-12-13,54.060000,54.060000
2012-12-14,54.380000,54.380000
2012-12-17,55.050000,55.050000
2012-12-18,56.400000,56.400000
2012-12-19,56.360000,56.360000
2012-12-20,55.150000,55.150000
2012-12-21,54.930000,54.930000
2012-12-24,54.940000,54.940000
2012-12-26,54.220000,54.220000
2012-12-27,54.340000,54.340000
2012-12-28,53.630000,53.630000
2012-12-31,55.030000,55.030000
2013-01-02,56.850000,56.850000
2013-01-03,56.360000,56.360000
2013-01-04,56.560000,56.560000
2013-01-07,57.110000,57.110000
2013-01-08,57.240000,57.240000
2013-01-09,57.520000,57.520000
2013-01-10,55.890000,55.890000
2013-01-11,57.010000,57.010000
2013-01-14,56.770000,56.770000
2013-01-15,56.730000,56.730000
2013-01-16,57.000000,57.000000
2013-01-17,57.310000,57.310000
2013-01-18,58.220000,58.220000
2013-01-22,58.040000,58.040000
2013-01-23,57.300000,57.300000
2013-01-24,57.990000,57.990000
2013-01-25,57.270000,57.270000
2013-01-28,57.170000,57.170000
2013-01-29,56.070000,56.070000
2013-01-30,55.270000,55.270000
2013-01-31,53.630000,53.630000
2013-02-01,54.770000,54.770000
2013-02-04,52.730000,52.730000
2013-02-05,53.340000,53.340000
2013-02-06,53.680000,53.680000
2013-02-07,53.450000,53.450000
2013-02-08,53.760000,53.760000
2013-02-11,52.890000,52.890000
2013-02-12,53.350000,53.350000
2013-02-13,53.090000,53.090000
2013-02-14,52.750000,52.750000
2013-02-15,52.790000,52.790000
2013-02-19,53.010000,53.010000
2013-02-20,52.900000,52.900000
2013-02-21,50.300000,50.300000
2013-02-22,50.680000,50.680000
2013-02-25,50.490000,50.490000
2013-02-26,50.280000,50.280000
2013-02-27,51.100000,51.100000
2013-02-28,50.750000,50.750000
2013-03-01,50.790000,50.790000
2013-03-04,51.240000,51.240000
2013-03-05,52.150000,52.150000
2013-03-06,52.490000,52.490000
2013-03-07,53.070000,53.070000
2013-03-08,53.690000,53.690000
2013-03-11,52.930000,52.930000
2013-03-12,52.760000,52.760000
2013-03-13,53.500000,53.500000
2013-03-14,54.910000,54.910000
2013-03-15,55.860000,55.860000
2013-03-18,55.860000,55.860000
2013-03-19,56.020000,56.020000
2013-03-20,56.530000,56.530000
2013-03-21,56.120000,56.120000
2013-03-22,55.890000,55.890000
2013-03-25,55.940000,55.940000
2013-03-26,56.010000,56.010000
2013-03-27,56.880000,56.880000
2013-03-28,57.870000,57.870000
2013-04-01,57.470000,57.470000
2013-04-02,56.760000,56.760000
2013-04-03,56.080000,56.080000
2013-04-04,55.320000,55.320000
2013-04-05,55.100000,55.100000
2013-04-08,55.720000,55.720000
2013-04-09,55.830000,55.830000
2013-04-10,56.900000,56.900000
2013-04-11,56.940000,56.940000
2013-04-12,56.330000,56.330000
2013-04-15,55.720000,55.720000
2013-04-16,55.990000,55.990000
2013-04-17,55.350000,55.350000
2013-04-18,55.150000,55.150000
2013-04-19,55.010000,55.010000
2013-04-22,55.980000,55.980000
2013-04-23,56.630000,56.630000
2013-04-24,56.910000,56.910000
2013-04-25,56.980000,56.980000
2013-04-26,57.000000,57.000000
2013-04-29,58.090000,58.090000
2013-04-30,58.490000,58.490000
2013-05-01,57.250000,57.250000
2013-05-02,57.900000,57.900000
2013-05-03,61.260000,61.260000
2013-05-06,60.190000,60.190000
2013-05-07,59.970000,59.970000
2013-05-08,61.510000,61.510000
2013-05-09,60.820000,60.820000
2013-05-10,60.610000,60.610000
2013-05-13,60.400000,60.400000
2013-05-14,60.920000,60.920000
2013-05-15,61.520000,61.520000
2013-05-16,61.670000,61.670000
2013-05-17,63.270000,63.270000
2013-05-20,64.510000,64.510000
2013-05-21,64.200000,64.200000
2013-05-22,62.880000,62.880000
2013-05-23,63.650000,63.650000
2013-05-24,63.450000,63.450000
2013-05-28,63.860000,63.860000
2013-05-29,63.600000,63.600000
2013-05-30,64.140000,64.140000
2013-05-31,64.140000,64.140000
2013-06-03,64.720000,64.720000
2013-06-04,64.650000,64.650000
2013-06-05,64.220000,64.220000
2013-06-06,64.450000,64.450000
2013-06-07,65.040000,65.040000
2013-06-10,64.720000,64.720000
2013-06-11,64.020000,64.020000
2013-06-12,62.850000,62.850000
2013-06-13,64.300000,64.300000
2013-06-14,62.710000,62.710000
2013-06-17,63.150000,63.150000
2013-06-18,62.600000,62.600000
2013-06-19,62.210000,62.210000
2013-06-20,60.940000,60.940000
2013-06-21,61.410000,61.410000
2013-06-24,60.920000,60.920000
2013-06-25,61.110000,61.110000
2013-06-26,62.250000,62.250000
2013-06-27,62.330000,62.330000
2013-06-28,63.490000,63.490000
2013-07-01,64.240000,64.240000
2013-07-02,61.300000,61.300000
2013-07-03,61.350000,61.350000
2013-07-05,62.560000,62.560000
2013-07-08,62.560000,62.560000
2013-07-09,62.790000,62.790000
2013-07-10,62.940000,62.940000
2013-07-11,63.370000,63.370000
2013-07-12,63.070000,63.070000
2013-07-15,63.340000,63.340000
2013-07-16,63.070000,63.070000
2013-07-17,64.130000,64.130000
2013-07-18,64.680000,64.680000
2013-07-19,64.880000,64.880000
2013-07-22,65.350000,65.350000
2013-07-23,65.490000,65.490000
2013-07-24,65.050000,65.050000
2013-07-25,66.750000,66.750000
2013-07-26,66.710000,66.710000
2013-07-29,66.780000,66.780000
2013-07-30,67.190000,67.190000
2013-07-31,66.400000,66.400000
2013-08-01,67.410000,67.410000
2013-08-02,66.980000,66.980000
2013-08-05,67.050000,67.050000
2013-08-06,67.410000,67.410000
2013-08-07,66.810000,66.810000
2013-08-08,67.150000,67.150000
2013-08-09,67.720000,67.720000
2013-08-12,68.340000,68.340000
2013-08-13,68.380000,68.380000
2013-08-14,68.750000,68.750000
2013-08-15,68.010000,68.010000
2013-08-16,68.800000,68.800000
2013-08-19,67.280000,67.280000
2013-08-20,67.790000,67.790000
2013-08-21,66.980000,66.980000
2013-08-22,68.070000,68.070000
2013-08-23,68.690000,68.690000
2013-08-26,68.750000,68.750000
2013-08-27,67.220000,67.220000
2013-08-28,67.280000,67.280000
2013-08-29,67.920000,67.920000
2013-08-30,67.400000,67.400000
2013-09-03,67.310000,67.310000
2013-09-04,67.950000,67.950000
2013-09-05,67.450000,67.450000
2013-09-06,67.320000,67.320000
2013-09-09,67.370000,67.370000
2013-09-10,68.110000,68.110000
2013-09-11,67.350000,67.350000
2013-09-12,67.320000,67.320000
2013-09-13,67.600000,67.600000
2013-09-16,68.600000,68.600000
2013-09-17,69.110000,69.110000
2013-09-18,69.480000,69.480000
2013-09-19,69.500000,69.500000
2013-09-20,69.230000,69.230000
2013-09-23,69.150000,69.150000
2013-09-24,69.000000,69.000000
2013-09-25,68.680000,68.680000
2013-09-26,69.020000,69.020000
2013-09-27,69.210000,69.210000
2013-09-30,69.110000,69.110000
2013-10-01,69.700000,69.700000
2013-10-02,68.900000,68.900000
2013-10-03,67.730000,67.730000
2013-10-04,68.140000,68.140000
2013-10-07,67.530000,67.530000
2013-10-08,67.310000,67.310000
2013-10-09,67.000000,67.000000
2013-10-10,67.620000,67.620000
2013-10-11,68.220000,68.220000
2013-10-14,68.370000,68.370000
2013-10-15,67.690000,67.690000
2013-10-16,67.910000,67.910000
2013-10-17,68.370000,68.370000
2013-10-18,69.050000,69.050000
2013-10-21,69.060000,69.060000
2013-10-22,69.450000,69.450000
2013-10-23,70.350000,70.350000
2013-10-24,70.320000,70.320000
2013-10-25,70.450000,70.450000
2013-10-28,70.850000,70.850000
2013-10-29,71.170000,71.170000
2013-10-30,70.940000,70.940000
2013-10-31,71.980000,71.980000
2013-11-01,72.150000,72.150000
2013-11-04,71.840000,71.840000
2013-11-05,71.380000,71.380000
2013-11-06,71.310000,71.310000
2013-11-07,70.980000,70.980000
2013-11-08,71.750000,71.750000
2013-11-11,71.640000,71.640000
2013-11-12,71.330000,71.330000
2013-11-13,71.910000,71.910000
2013-11-14,71.840000,71.840000
2013-11-15,71.720000,71.720000
2013-11-18,71.530000,71.530000
2013-11-19,71.490000,71.490000
2013-11-20,71.100000,71.100000
2013-11-21,71.760000,71.760000
2013-11-22,71.640000,71.640000
2013-11-25,71.300000,71.300000
2013-11-26,71.720000,71.720000
2013-11-27,71.740000,71.740000
2013-11-29,71.770000,71.770000
2013-12-02,71.940000,71.940000
2013-12-03,72.130000,72.130000
2013-12-04,72.720000,72.720000
2013-12-05,72.650000,72.650000
2013-12-06,72.950000,72.950000
2013-12-09,72.820000,72.820000
2013-12-10,72.450000,72.450000
2013-12-11,71.620000,71.620000
2013-12-12,71.490000,71.490000
2013-12-13,72.240000,72.240000
2013-12-16,72.160000,72.160000
2013-12-17,71.740000,71.740000
2013-12-18,71.450000,71.450000
2013-12-19,71.320000,71.320000
2013-12-20,72.190000,72.190000
2013-12-23,72.070000,72.070000
2013-12-24,72.600000,72.600000
2013-12-26,72.800000,72.800000
2013-12-27,72.930000,72.930000
2013-12-30,72.920000,72.920000
2013-12-31,73.220000,73.220000
2014-01-02,73.010000,73.010000
2014-01-03,73.800000,73.800000
2014-01-06,73.900000,73.900000
2014-01-07,74.140000,74.140000
2014-01-08,74.250000,74.250000
2014-01-09,77.360000,77.360000
2014-01-10,78.320000,78.320000
2014-01-13,77.980000,77.980000
2014-01-14,78.400000,78.400000
2014-01-15,78.620000,78.620000
2014-01-16,78.560000,78.560000
2014-01-17,78.740000,78.740000
2014-01-21,78.810000,78.810000
2014-01-22,79.070000,79.070000
2014-01-23,79.110000,79.110000
2014-01-24,78.530000,78.530000
2014-01-27,77.460000,77.460000
2014-01-28,77.400000,77.400000
2014-01-29,76.020000,76.020000
2014-01-30,74.400000,74.400000
2014-01-31,74.020000,74.020000
2014-02-03,72.230000,72.230000
2014-02-04,71.600000,71.600000
2014-02-05,70.630000,70.630000
2014-02-06,71.800000,71.800000
2014-02-07,71.960000,71.960000
2014-02-10,71.400000,71.400000
2014-02-11,71.310000,71.310000
2014-02-12,71.330000,71.330000
2014-02-13,72.180000,72.180000
2014-02-14,72.910000,72.910000
2014-02-18,73.590000,73.590000
2014-02-19,73.490000,73.490000
2014-02-20,74.440000,74.440000
2014-02-21,75.400000,75.400000
2014-02-24,76.360000,76.360000
2014-02-25,78.160000,78.160000
2014-02-26,78.750000,78.750000
2014-02-27,79.080000,79.080000
2014-02-28,78.830000,78.830000
2014-03-03,78.550000,78.550000
2014-03-04,80.310000,80.310000
2014-03-05,79.790000,79.790000
2014-03-06,78.960000,78.960000
2014-03-07,78.780000,78.780000
2014-03-10,78.380000,78.380000
2014-03-11,77.330000,77.330000
2014-03-12,76.830000,76.830000
2014-03-13,76.150000,76.150000
2014-03-14,76.090000,76.090000
2014-03-17,75.800000,75.800000
2014-03-18,77.490000,77.490000
2014-03-19,76.440000,76.440000
2014-03-20,76.280000,76.280000
2014-03-21,75.740000,75.740000
2014-03-24,75.310000,75.310000
2014-03-25,75.160000,75.160000
2014-03-26,74.630000,74.630000
2014-03-27,74.240000,74.240000
2014-03-28,73.910000,73.910000
2014-03-31,73.800000,73.800000
2014-04-01,74.060000,74.060000
2014-04-02,74.560000,74.560000
2014-04-03,71.420000,71.420000
2014-04-04,70.190000,70.190000
2014-04-07,69.690000,69.690000
2014-04-08,70.160000,70.160000
2014-04-09,70.350000,70.350000
2014-04-10,69.590000,69.590000
2014-04-11,69.320000,69.320000
2014-04-14,69.520000,69.520000
2014-04-15,69.740000,69.740000
2014-04-16,69.850000,69.850000
2014-04-17,69.400000,69.400000
2014-04-21,69.590000,69.590000
2014-04-22,69.760000,69.760000
2014-04-23,69.620000,69.620000
2014-04-24,69.310000,69.310000
2014-04-25,69.180000,69.180000
2014-04-28,69.050000,69.050000
2014-04-29,69.200000,69.200000
2014-04-30,69.650000,69.650000
2014-05-01,72.310000,72.310000
2014-05-02,72.780000,72.780000
2014-05-05,73.030000,73.030000
2014-05-06,71.960000,71.960000
2014-05-07,71.910000,71.910000
2014-05-08,71.710000,71.710000
2014-05-09,72.270000,72.270000
2014-05-12,72.900000,72.900000
2014-05-13,72.660000,72.660000
2014-05-14,71.890000,71.890000
2014-05-15,71.600000,71.600000
2014-05-16,71.560000,71.560000
2014-05-19,71.630000,71.630000
2014-05-20,71.270000,71.270000
2014-05-21,71.150000,71.150000
2014-05-22,71.440000,71.440000
2014-05-23,71.740000,71.740000
2014-05-27,71.860000,71.860000
2014-05-28,72.130000,72.130000
2014-05-29,71.750000,71.750000
2014-05-30,71.400000,71.400000
2014-06-02,71.360000,71.360000
2014-06-03,71.190000,71.190000
2014-06-04,71.210000,71.210000
2014-06-05,71.430000,71.430000
2014-06-06,71.720000,71.720000
2014-06-09,71.420000,71.420000
2014-06-10,71.510000,71.510000
2014-06-11,71.320000,71.320000
2014-06-12,71.210000,71.210000
2014-06-13,71.400000,71.400000
2014-06-16,71.180000,71.180000
2014-06-17,70.820000,70.820000
2014-06-18,70.980000,70.980000
2014-06-19,71.060000,71.060000
2014-06-20,70.620000,70.620000
2014-06-23,70.410000,70.410000
2014-06-24,69.700000,69.700000
2014-06-25,69.780000,69.780000
2014-06-26,69.030000,69.030000
2014-06-27,69.980000,69.980000
2014-06-30,70.210000,70.210000
2014-07-01,70.150000,70.150000
2014-07-02,69.680000,69.680000
2014-07-03,70.110000,70.110000
2014-07-07,69.650000,69.650000
2014-07-08,69.100000,69.100000
2014-07-09,69.310000,69.310000
2014-07-10,68.790000,68.790000
2014-07-11,68.650000,68.650000
2014-07-14,68.500000,68.500000
2014-07-15,68.300000,68.300000
2014-07-16,68.500000,68.500000
2014-07-17,68.300000,68.300000
2014-07-18,68.720000,68.720000
2014-07-21,68.550000,68.550000
2014-07-22,69.050000,69.050000
2014-07-23,69.630000,69.630000
2014-07-24,69.640000,69.640000
2014-07-25,69.350000,69.350000
2014-07-28,69.590000,69.590000
2014-07-29,69.150000,69.150000
2014-07-30,69.790000,69.790000
2014-07-31,68.990000,68.990000
2014-08-01,69.060000,69.060000
2014-08-04,69.140000,69.140000
2014-08-05,69.500000,69.500000
2014-08-06,69.700000,69.700000
2014-08-07,69.230000,69.230000
2014-08-08,69.630000,69.630000
2014-08-11,69.790000,69.790000
2014-08-12,69.910000,69.910000
2014-08-13,69.820000,69.820000
2014-08-14,70.100000,70.100000
2014-08-15,70.230000,70.230000
2014-08-18,70.300000,70.300000
2014-08-19,70.240000,70.240000
2014-08-20,70.400000,70.400000
2014-08-21,71.090000,71.090000
2014-08-22,71.130000,71.130000
2014-08-25,70.910000,70.910000
2014-08-26,71.230000,71.230000
2014-08-27,71.490000,71.490000
2014-08-28,71.470000,71.470000
2014-08-29,72.120000,72.120000
2014-09-02,72.040000,72.040000
2014-09-03,72.740000,72.740000
2014-09-04,72.350000,72.350000
2014-09-05,72.350000,72.350000
2014-09-08,73.030000,73.030000
2014-09-09,72.510000,72.510000
2014-09-10,72.720000,72.720000
2014-09-11,72.960000,72.960000
2014-09-12,72.420000,72.420000
2014-09-15,72.400000,72.400000
2014-09-16,72.600000,72.600000
2014-09-17,72.690000,72.690000
2014-09-18,72.840000,72.840000
2014-09-19,72.250000,72.250000
2014-09-22,71.760000,71.760000
2014-09-23,71.490000,71.490000
2014-09-24,71.470000,71.470000
2014-09-25,71.130000,71.130000
2014-09-26,71.210000,71.210000
2014-09-29,71.290000,71.290000
2014-09-30,71.270000,71.270000
2014-10-01,70.950000,70.950000
2014-10-02,70.880000,70.880000
2014-10-03,70.830000,70.830000
2014-10-06,70.720000,70.720000
2014-10-07,70.470000,70.470000
2014-10-08,71.190000,71.190000
2014-10-09,70.470000,70.470000
2014-10-10,69.730000,69.730000
2014-10-13,69.800000,69.800000
2014-10-14,70.260000,70.260000
2014-10-15,70.630000,70.630000
2014-10-16,70.980000,70.980000
2014-10-17,70.730000,70.730000
2014-10-20,70.650000,70.650000
2014-10-21,71.250000,71.250000
2014-10-22,70.990000,70.990000
2014-10-23,71.740000,71.740000
2014-10-24,71.990000,71.990000
2014-10-27,72.550000,72.550000
2014-10-28,74.390000,74.390000
2014-10-29,74.520000,74.520000
2014-10-30,82.050000,82.050000
2014-10-31,82.290000,82.290000
2014-11-03,83.690000,83.690000
2014-11-04,84.170000,84.170000
2014-11-05,83.800000,83.800000
2014-11-06,83.670000,83.670000
2014-11-07,83.430000,83.430000
2014-11-10,83.920000,83.920000
2014-11-11,85.390000,85.390000
2014-11-12,85.870000,85.870000
2014-11-13,86.320000,86.320000
2014-11-14,86.080000,86.080000
2014-11-17,85.630000,85.630000
2014-11-18,84.990000,84.990000
2014-11-19,85.070000,85.070000
2014-11-20,85.620000,85.620000
2014-11-21,86.250000,86.250000
2014-11-24,86.830000,86.830000
2014-11-25,87.330000,87.330000
2014-11-26,88.440000,88.440000
2014-11-28,89.190000,89.190000
2014-12-01,88.500000,88.500000
2014-12-02,89.410000,89.410000
2014-12-03,90.390000,90.390000
2014-12-04,89.870000,89.870000
2014-12-05,89.990000,89.990000
2014-12-08,89.600000,89.600000
2014-12-09,89.360000,89.360000
2014-12-10,88.320000,88.320000
2014-12-11,87.960000,87.960000
2014-12-12,85.480000,85.480000
2014-12-15,83.810000,83.810000
2014-12-16,83.360000,83.360000
2014-12-17,84.940000,84.940000
2014-12-18,85.930000,85.930000
2014-12-19,86.040000,86.040000
2014-12-22,87.090000,87.090000
2014-12-23,87.530000,87.530000
2014-12-24,87.760000,87.760000
2014-12-26,88.070000,88.070000
2014-12-29,87.450000,87.450000
2014-12-30,87.230000,87.230000
2014-12-31,86.180000,86.180000
2015-01-02,85.620000,85.620000
2015-01-05,84.590000,84.590000
2015-01-06,84.400000,84.400000
2015-01-07,86.110000,86.110000
2015-01-08,88.200000,88.200000
2015-01-09,87.740000,87.740000
2015-01-12,86.430000,86.430000
2015-01-13,88.600000,88.600000
2015-01-14,88.100000,88.100000
2015-01-15,88.440000,88.440000
2015-01-16,90.120000,90.120000
2015-01-20,89.540000,89.540000
2015-01-21,87.630000,87.630000
2015-01-22,87.960000,87.960000
2015-01-23,88.290000,88.290000
2015-01-26,88.180000,88.180000
2015-01-27,86.840000,86.840000
2015-01-28,86.880000,86.880000
2015-01-29,86.920000,86.920000
2015-01-30,84.590000,84.590000
2015-02-02,83.740000,83.740000
2015-02-03,84.970000,84.970000
2015-02-04,84.700000,84.700000
2015-02-05,85.310000,85.310000
2015-02-06,85.260000,85.260000
2015-02-09,85.010000,85.010000
2015-02-10,85.350000,85.350000
2015-02-11,85.640000,85.640000
2015-02-12,87.580000,87.580000
2015-02-13,88.000000,88.000000
2015-02-17,87.810000,87.810000
2015-02-18,87.660000,87.660000
2015-02-19,88.510000,88.510000
2015-02-20,89.000000,89.000000
2015-02-23,89.000000,89.000000
2015-02-24,88.170000,88.170000
2015-02-25,88.090000,88.090000
2015-02-26,87.810000,87.810000
2015-02-27,87.290000,87.290000
2015-03-02,88.850000,88.850000
2015-03-03,88.540000,88.540000
2015-03-04,87.670000,87.670000
2015-03-05,87.680000,87.680000
2015-03-06,86.800000,86.800000
2015-03-09,87.580000,87.580000
2015-03-10,85.850000,85.850000
2015-03-11,85.790000,85.790000
2015-03-12,86.940000,86.940000
2015-03-13,85.970000,85.970000
2015-03-16,86.680000,86.680000
2015-03-17,86.500000,86.500000
2015-03-18,87.780000,87.780000
2015-03-19,87.820000,87.820000
2015-03-20,89.000000,89.000000
2015-03-23,89.530000,89.530000
2015-03-24,89.670000,89.670000
2015-03-25,87.220000,87.220000
2015-03-26,87.620000,87.620000
2015-03-27,88.440000,88.440000
2015-03-30,90.760000,90.760000
2015-03-31,89.920000,89.920000
2015-04-01,88.990000,88.990000
2015-04-02,88.330000,88.330000
2015-04-06,88.080000,88.080000
2015-04-07,87.670000,87.670000
2015-04-08,88.340000,88.340000
2015-04-09,87.570000,87.570000
2015-04-10,87.810000,87.810000
2015-04-13,87.400000,87.400000
2015-04-14,86.860000,86.860000
2015-04-15,86.770000,86.770000
2015-04-16,86.750000,86.750000
2015-04-17,85.940000,85.940000
2015-04-20,87.330000,87.330000
2015-04-21,88.280000,88.280000
2015-04-22,88.950000,88.950000
2015-04-23,89.910000,89.910000
2015-04-24,89.100000,89.100000
2015-04-27,87.550000,87.550000
2015-04-28,88.470000,88.470000
2015-04-29,86.380000,86.380000
2015-04-30,88.240000,88.240000
2015-05-01,89.640000,89.640000
2015-05-04,89.950000,89.950000
2015-05-05,88.690000,88.690000
2015-05-06,88.260000,88.260000
2015-05-07,88.420000,88.420000
2015-05-08,89.820000,89.820000
2015-05-11,88.810000,88.810000
2015-05-12,87.310000,87.310000
2015-05-13,87.850000,87.850000
2015-05-14,88.680000,88.680000
2015-05-15,88.790000,88.790000
2015-05-18,89.150000,89.150000
2015-05-19,89.230000,89.230000
2015-05-20,89.000000,89.000000
2015-05-21,87.940000,87.940000
2015-05-22,87.000000,87.000000
2015-05-26,85.640000,85.640000
2015-05-27,86.490000,86.490000
2015-05-28,86.580000,86.580000
2015-05-29,85.620000,85.620000
2015-06-01,85.960000,85.960000
2015-06-02,85.750000,85.750000
2015-06-03,87.060000,87.060000
2015-06-04,85.020000,85.020000
2015-06-05,85.320000,85.320000
2015-06-08,84.230000,84.230000
2015-06-09,84.220000,84.220000
2015-06-10,85.940000,85.940000
2015-06-11,85.510000,85.510000
2015-06-12,85.230000,85.230000
2015-06-15,84.260000,84.260000
2015-06-16,85.050000,85.050000
2015-06-17,85.040000,85.040000
2015-06-18,85.420000,85.420000
2015-06-19,84.990000,84.990000
2015-06-22,85.500000,85.500000
2015-06-23,86.320000,86.320000
2015-06-24,85.140000,85.140000
2015-06-25,84.300000,84.300000
2015-06-26,84.250000,84.250000
2015-06-29,81.770000,81.770000
2015-06-30,80.890000,80.890000
2015-07-01,81.620000,81.620000
2015-07-02,81.170000,81.170000
2015-07-06,81.250000,81.250000
2015-07-07,80.840000,80.840000
2015-07-08,80.090000,80.090000
2015-07-09,80.970000,80.970000
2015-07-10,80.520000,80.520000
2015-07-13,81.660000,81.660000
2015-07-14,81.920000,81.920000
2015-07-15,82.740000,82.740000
2015-07-16,83.900000,83.900000
2015-07-17,83.120000,83.120000
2015-07-20,82.540000,82.540000
2015-07-21,81.680000,81.680000
2015-07-22,81.970000,81.970000
2015-07-23,81.260000,81.260000
2015-07-24,80.350000,80.350000
2015-07-27,79.210000,79.210000
2015-07-28,80.850000,80.850000
2015-07-29,82.210000,82.210000
2015-07-30,82.220000,82.220000
2015-07-31,82.130000,82.130000
2015-08-03,81.850000,81.850000
2015-08-04,81.680000,81.680000
2015-08-05,82.350000,82.350000
2015-08-06,81.750000,81.750000
2015-08-07,82.060000,82.060000
2015-08-10,82.800000,82.800000
2015-08-11,82.380000,82.380000
2015-08-12,82.640000,82.640000
2015-08-13,84.250000,84.250000
2015-08-14,84.450000,84.450000
2015-08-17,84.760000,84.760000
2015-08-18,83.920000,83.920000
2015-08-19,83.410000,83.410000
2015-08-20,82.200000,82.200000
2015-08-21,80.460000,80.460000
2015-08-24,76.920000,76.920000
2015-08-25,75.090000,75.090000
2015-08-26,77.310000,77.310000
2015-08-27,78.230000,78.230000
2015-08-28,78.470000,78.470000
2015-08-31,78.420000,78.420000
2015-09-01,75.760000,75.760000
2015-09-02,77.050000,77.050000
2015-09-03,76.770000,76.770000
2015-09-04,75.840000,75.840000
2015-09-08,76.310000,76.310000
2015-09-09,75.900000,75.900000
2015-09-10,76.940000,76.940000
2015-09-11,77.310000,77.310000
2015-09-14,76.550000,76.550000
2015-09-15,77.590000,77.590000
2015-09-16,77.850000,77.850000
2015-09-17,77.990000,77.990000
2015-09-18,75.390000,75.390000
2015-09-21,76.670000,76.670000
2015-09-22,76.370000,76.370000
2015-09-23,75.970000,75.970000
2015-09-24,75.940000,75.940000
2015-09-25,76.990000,76.990000
2015-09-28,74.860000,74.860000
2015-09-29,74.130000,74.130000
2015-09-30,73.970000,73.970000
2015-10-01,73.580000,73.580000
2015-10-02,74.570000,74.570000
2015-10-05,77.740000,77.740000
2015-10-06,77.780000,77.780000
2015-10-07,80.040000,80.040000
2015-10-08,81.780000,81.780000
2015-10-09,81.600000,81.600000
2015-10-12,82.320000,82.320000
2015-10-13,82.460000,82.460000
2015-10-14,80.870000,80.870000
2015-10-15,81.800000,81.800000
2015-10-16,82.020000,82.020000
2015-10-19,82.650000,82.650000
2015-10-20,82.200000,82.200000
2015-10-21,81.110000,81.110000
2015-10-22,83.160000,83.160000
2015-10-23,84.970000,84.970000
2015-10-26,84.810000,84.810000
2015-10-27,84.820000,84.820000
2015-10-28,89.210000,89.210000
2015-10-29,96.000000,96.000000
2015-10-30,97.040000,97.040000
2015-11-02,98.750000,98.750000
2015-11-03,99.320000,99.320000
2015-11-04,100.580000,100.580000
2015-11-05,100.320000,100.320000
2015-11-06,100.590000,100.590000
2015-11-09,99.520000,99.520000
2015-11-10,101.500000,101.500000
2015-11-11,100.130000,100.130000
2015-11-12,98.060000,98.060000
2015-11-13,95.980000,95.980000
2015-11-16,97.020000,97.020000
2015-11-17,96.930000,96.930000
2015-11-18,97.870000,97.870000
2015-11-19,97.580000,97.580000
2015-11-20,98.790000,98.790000
2015-11-23,98.920000,98.920000
2015-11-24,99.690000,99.690000
2015-11-25,99.640000,99.640000
2015-11-27,100.160000,100.160000
2015-11-30,100.260000,100.260000
2015-12-01,103.310000,103.310000
2015-12-02,103.100000,103.100000
2015-12-03,100.470000,100.470000
2015-12-04,101.640000,101.640000
2015-12-07,99.350000,99.350000
2015-12-08,103.030000,103.030000
2015-12-09,97.700000,97.700000
2015-12-10,97.510000,97.510000
2015-12-11,93.200000,93.200000
2015-12-14,93.710000,93.710000
2015-12-15,93.980000,93.980000
2015-12-16,94.670000,94.670000
2015-12-17,99.150000,99.150000
2015-12-18,93.130000,93.130000
2015-12-21,93.200000,93.200000
2015-12-22,94.570000,94.570000
2015-12-23,94.810000,94.810000
2015-12-24,94.550000,94.550000
2015-12-28,94.320000,94.320000
2015-12-29,95.230000,95.230000
2015-12-30,94.550000,94.550000
2015-12-31,92.780000,92.780000
2016-01-04,89.580000,89.580000
2016-01-05,91.700000,91.700000
2016-01-06,90.510000,90.510000
2016-01-07,89.100000,89.100000
2016-01-08,86.850000,86.850000
2016-01-11,88.140000,88.140000
2016-01-12,87.960000,87.960000
2016-01-13,86.580000,86.580000
2016-01-14,87.720000,87.720000
2016-01-15,87.700000,87.700000
2016-01-19,86.610000,86.610000
2016-01-20,87.920000,87.920000
2016-01-21,84.590000,84.590000
2016-01-22,86.210000,86.210000
2016-01-25,83.590000,83.590000
2016-01-26,84.570000,84.570000
2016-01-27,82.350000,82.350000
2016-01-28,81.760000,81.760000
2016-01-29,83.070000,83.070000
2016-02-01,81.590000,81.590000
2016-02-02,80.950000,80.950000
2016-02-03,80.720000,80.720000
2016-02-04,92.860000,92.860000
2016-02-05,91.070000,91.070000
2016-02-08,93.540000,93.540000
2016-02-09,93.820000,93.820000
2016-02-10,93.770000,93.770000
2016-02-11,92.750000,92.750000
2016-02-12,94.040000,94.040000
2016-02-16,94.760000,94.760000
2016-02-17,93.780000,93.780000
2016-02-18,92.110000,92.110000
2016-02-19,93.230000,93.230000
2016-02-22,94.820000,94.820000
2016-02-23,94.030000,94.030000
2016-02-24,94.630000,94.630000
2016-02-25,96.730000,96.730000
2016-02-26,94.610000,94.610000
2016-02-29,96.620000,96.620000
2016-03-01,96.970000,96.970000
2016-03-02,99.230000,99.230000
2016-03-03,101.320000,101.320000
2016-03-04,102.900000,102.900000
2016-03-07,101.430000,101.430000
2016-03-08,98.800000,98.800000
2016-03-09,98.500000,98.500000
2016-03-10,98.690000,98.690000
2016-03-11,100.270000,100.270000
2016-03-14,99.560000,99.560000
2016-03-15,98.510000,98.510000
2016-03-16,99.830000,99.830000
2016-03-17,100.030000,100.030000
2016-03-18,101.230000,101.230000
2016-03-21,100.620000,100.620000
2016-03-22,100.750000,100.750000
2016-03-23,100.160000,100.160000
2016-03-24,99.420000,99.420000
2016-03-28,100.150000,100.150000
2016-03-29,105.740000,105.740000
2016-03-30,106.200000,106.200000
2016-03-31,106.700000,106.700000
2016-04-01,106.670000,106.670000
2016-04-04,104.570000,104.570000
2016-04-05,103.900000,103.900000
2016-04-06,105.980000,105.980000
2016-04-07,104.610000,104.610000
2016-04-08,105.110000,105.110000
2016-04-11,104.740000,104.740000
2016-04-12,103.670000,103.670000
2016-04-13,106.390000,106.390000
2016-04-14,106.290000,106.290000
2016-04-15,106.150000,106.150000
2016-04-18,108.490000,108.490000
2016-04-19,108.470000,108.470000
2016-04-20,109.200000,109.200000
2016-04-21,108.060000,108.060000
2016-04-22,109.380000,109.380000
2016-04-25,109.190000,109.190000
2016-04-26,108.560000,108.560000
2016-04-27,110.340000,110.340000
2016-04-28,98.080000,98.080000
2016-04-29,96.150000,96.150000
2016-05-02,97.500000,97.500000
2016-05-03,95.270000,95.270000
2016-05-04,93.140000,93.140000
2016-05-05,93.480000,93.480000
2016-05-06,95.350000,95.350000
2016-05-09,94.890000,94.890000
2016-05-10,95.790000,95.790000
2016-05-11,94.300000,94.300000
2016-05-12,94.920000,94.920000
2016-05-13,94.110000,94.110000
2016-05-16,95.210000,95.210000
2016-05-17,92.400000,92.400000
2016-05-18,92.140000,92.140000
2016-05-19,91.930000,91.930000
2016-05-20,93.170000,93.170000
2016-05-23,93.040000,93.040000
2016-05-24,96.790000,96.790000
2016-05-25,97.380000,97.380000
2016-05-26,96.790000,96.790000
2016-05-27,98.860000,98.860000
2016-05-31,100.770000,100.770000
2016-06-01,100.210000,100.210000
2016-06-02,100.620000,100.620000
2016-06-03,99.350000,99.350000
2016-06-06,100.850000,100.850000
2016-06-07,101.380000,101.380000
2016-06-08,101.590000,101.590000
2016-06-09,100.610000,100.610000
2016-06-10,99.950000,99.950000
2016-06-13,98.750000,98.750000
2016-06-14,99.580000,99.580000
2016-06-15,97.710000,97.710000
2016-06-16,98.010000,98.010000
2016-06-17,97.630000,97.630000
2016-06-20,100.610000,100.610000
2016-06-21,99.870000,99.870000
2016-06-22,99.300000,99.300000
2016-06-23,90.890000,90.890000
2016-06-24,90.210000,90.210000
2016-06-27,87.610000,87.610000
2016-06-28,89.050000,89.050000
2016-06-29,88.990000,88.990000
2016-06-30,90.410000,90.410000
2016-07-01,90.770000,90.770000
2016-07-05,88.630000,88.630000
2016-07-06,89.380000,89.380000
2016-07-07,89.940000,89.940000
2016-07-08,91.860000,91.860000
2016-07-11,90.720000,90.720000
2016-07-12,92.050000,92.050000
2016-07-13,93.330000,93.330000
2016-07-14,93.600000,93.600000
2016-07-15,93.120000,93.120000
2016-07-18,92.310000,92.310000
2016-07-19,92.150000,92.150000
2016-07-20,93.590000,93.590000
2016-07-21,92.990000,92.990000
2016-07-22,94.850000,94.850000
2016-07-25,95.720000,95.720000
2016-07-26,96.820000,96.820000
2016-07-27,97.370000,97.370000
2016-07-28,96.940000,96.940000
2016-07-29,95.330000,95.330000
2016-08-01,96.380000,96.380000
2016-08-02,94.000000,94.000000
2016-08-03,94.070000,94.070000
2016-08-04,93.360000,93.360000
2016-08-05,95.970000,95.970000
2016-08-08,95.310000,95.310000
2016-08-09,95.700000,95.700000
2016-08-10,96.350000,96.350000
2016-08-11,94.560000,94.560000
2016-08-12,93.880000,93.880000
2016-08-15,94.530000,94.530000
2016-08-16,94.280000,94.280000
2016-08-17,92.690000,92.690000
2016-08-18,96.650000,96.650000
2016-08-19,97.680000,97.680000
2016-08-22,98.550000,98.550000
2016-08-23,98.540000,98.540000
2016-08-24,97.490000,97.490000
2016-08-25,98.560000,98.560000
2016-08-26,98.690000,98.690000
2016-08-29,99.100000,99.100000
2016-08-30,99.170000,99.170000
2016-08-31,99.360000,99.360000
2016-09-01,98.660000,98.660000
2016-09-02,100.070000,100.070000
2016-09-06,100.800000,100.800000
2016-09-07,101.110000,101.110000
2016-09-08,101.670000,101.670000
2016-09-09,98.820000,98.820000
2016-09-12,99.910000,99.910000
2016-09-13,98.330000,98.330000
2016-09-14,96.490000,96.490000
2016-09-15,97.660000,97.660000
2016-09-16,97.080000,97.080000
2016-09-19,98.520000,98.520000
2016-09-20,97.860000,97.860000
2016-09-21,99.610000,99.610000
2016-09-22,103.160000,103.160000
2016-09-23,101.730000,101.730000
2016-09-26,101.020000,101.020000
2016-09-27,101.180000,101.180000
2016-09-28,102.400000,102.400000
2016-09-29,100.450000,100.450000
2016-09-30,100.900000,100.900000
2016-10-03,100.770000,100.770000
2016-10-04,100.300000,100.300000
2016-10-05,101.460000,101.460000
2016-10-06,103.780000,103.780000
2016-10-07,101.370000,101.370000
2016-10-10,102.560000,102.560000
2016-10-11,100.850000,100.850000
2016-10-12,100.680000,100.680000
2016-10-13,100.790000,100.790000
2016-10-14,100.090000,100.090000
2016-10-17,99.600000,99.600000
2016-10-18,100.300000,100.300000
2016-10-19,100.400000,100.400000
2016-10-20,101.500000,101.500000
2016-10-21,100.150000,100.150000
2016-10-24,101.250000,101.250000
2016-10-25,100.850000,100.850000
2016-10-26,100.950000,100.950000
2016-10-27,99.250000,99.250000
2016-10-28,98.300000,98.300000
2016-10-31,97.850000,97.850000
2016-11-01,99.450000,99.450000
2016-11-02,99.450000,99.450000
2016-11-03,101.050000,101.050000
2016-11-04,102.700000,102.700000
2016-11-07,105.100000,105.100000
2016-11-08,106.750000,106.750000
2016-11-09,114.500000,114.500000
2016-11-10,118.050000,118.050000
2016-11-11,121.750000,121.750000
2016-11-14,123.500000,123.500000
2016-11-15,119.790000,119.790000
2016-11-16,122.450000,122.450000
2016-11-17,124.200000,124.200000
2016-11-18,124.700000,124.700000
2016-11-21,126.100000,126.100000
2016-11-22,129.150000,129.150000
2016-11-23,128.750000,128.750000
2016-11-25,128.500000,128.500000
2016-11-28,128.150000,128.150000
2016-11-29,130.650000,130.650000
2016-11-30,129.400000,129.400000
2016-12-01,128.250000,128.250000
2016-12-02,129.900000,129.900000
2016-12-05,131.850000,131.850000
2016-12-06,133.200000,133.200000
2016-12-07,131.500000,131.500000
2016-12-08,132.000000,132.000000
2016-12-09,131.850000,131.850000
2016-12-12,128.350000,128.350000
2016-12-13,127.100000,127.100000
2016-12-14,126.500000,126.500000
2016-12-15,126.450000,126.450000
2016-12-16,125.300000,125.300000
2016-12-19,126.250000,126.250000
2016-12-20,126.400000,126.400000
2016-12-21,124.650000,124.650000
2016-12-22,124.600000,124.600000
2016-12-23,125.150000,125.150000
2016-12-27,125.350000,125.350000
2016-12-28,123.900000,123.900000
2016-12-29,125.300000,125.300000
2016-12-30,124.300000,124.300000
2017-01-03,124.350000,124.350000
2017-01-04,126.550000,126.550000
2017-01-05,124.800000,124.800000
2017-01-06,124.500000,124.500000
2017-01-09,123.950000,123.950000
2017-01-10,123.850000,123.850000
2017-01-11,123.950000,123.950000
2017-01-12,123.700000,123.700000
2017-01-13,123.600000,123.600000
2017-01-17,122.300000,122.300000
2017-01-18,123.300000,123.300000
2017-01-19,122.250000,122.250000
2017-01-20,123.200000,123.200000
2017-01-23,121.300000,121.300000
2017-01-24,123.500000,123.500000
2017-01-25,123.000000,123.000000
2017-01-26,122.950000,122.950000
2017-01-27,122.500000,122.500000
2017-01-30,120.800000,120.800000
2017-01-31,122.800000,122.800000
2017-02-01,123.250000,123.250000
2017-02-02,131.550000,131.550000
2017-02-03,130.200000,130.200000
2017-02-06,129.450000,129.450000
2017-02-07,129.300000,129.300000
2017-02-08,126.200000,126.200000
2017-02-09,127.500000,127.500000
2017-02-10,126.450000,126.450000
2017-02-13,126.350000,126.350000
2017-02-14,125.100000,125.100000
2017-02-15,126.150000,126.150000
2017-02-16,127.600000,127.600000
2017-02-17,126.700000,126.700000
2017-02-21,127.750000,127.750000
2017-02-22,128.650000,128.650000
2017-02-23,125.650000,125.650000
2017-02-24,127.450000,127.450000
2017-02-27,128.050000,128.050000
2017-02-28,125.400000,125.400000
2017-03-01,128.450000,128.450000
2017-03-02,125.700000,125.700000
2017-03-03,125.350000,125.350000
2017-03-06,123.650000,123.650000
2017-03-07,123.050000,123.050000
2017-03-08,122.600000,122.600000
2017-03-09,122.400000,122.400000
2017-03-10,122.300000,122.300000
2017-03-13,123.850000,123.850000
2017-03-14,123.700000,123.700000
2017-03-15,125.450000,125.450000
2017-03-16,124.250000,124.250000
2017-03-17,127.150000,127.150000
2017-03-20,125.450000,125.450000
2017-03-21,122.150000,122.150000
2017-03-22,122.300000,122.300000
2017-03-23,122.600000,122.600000
2017-03-24,121.000000,121.000000
2017-03-27,118.700000,118.700000
2017-03-28,119.400000,119.400000
2017-03-29,119.800000,119.800000
2017-03-30,118.250000,118.250000
2017-03-31,117.300000,117.300000
2017-04-03,113.350000,113.350000
2017-04-04,113.350000,113.350000
2017-04-05,113.150000,113.150000
2017-04-06,113.850000,113.850000
2017-04-07,114.850000,114.850000
2017-04-10,115.950000,115.950000
2017-04-11,116.400000,116.400000
2017-04-12,114.250000,114.250000
2017-04-13,112.350000,112.350000
2017-04-17,114.300000,114.300000
2017-04-18,114.400000,114.400000
2017-04-19,115.300000,115.300000
2017-04-20,117.400000,117.400000
2017-04-21,116.000000,116.000000
2017-04-24,119.500000,119.500000
2017-04-25,118.750000,118.750000
2017-04-26,121.100000,121.100000
2017-04-27,120.650000,120.650000
2017-04-28,118.000000,118.000000
2017-05-01,118.650000,118.650000
2017-05-02,118.000000,118.000000
2017-05-03,116.350000,116.350000
2017-05-04,127.450000,127.450000
2017-05-05,126.350000,126.350000
2017-05-08,126.250000,126.250000
2017-05-09,124.550000,124.550000
2017-05-10,124.950000,124.950000
2017-05-11,123.200000,123.200000
2017-05-12,122.900000,122.900000
2017-05-15,124.050000,124.050000
2017-05-16,125.000000,125.000000
2017-05-17,122.150000,122.150000
2017-05-18,120.500000,120.500000
2017-05-19,121.450000,121.450000
2017-05-22,124.250000,124.250000
2017-05-23,124.350000,124.350000
2017-05-24,124.750000,124.750000
2017-05-25,126.800000,126.800000
2017-05-26,127.200000,127.200000
2017-05-30,123.900000,123.900000
2017-05-31,123.100000,123.100000
2017-06-01,126.300000,126.300000
2017-06-02,124.800000,124.800000
2017-06-05,123.750000,123.750000
2017-06-06,123.750000,123.750000
2017-06-07,122.350000,122.350000
2017-06-08,123.950000,123.950000
2017-06-09,123.500000,123.500000
2017-06-12,128.200000,128.200000
2017-06-13,127.500000,127.500000
2017-06-14,126.950000,126.950000
2017-06-15,126.100000,126.100000
2017-06-16,121.450000,121.450000
2017-06-19,120.950000,120.950000
2017-06-20,120.000000,120.000000
2017-06-21,120.850000,120.850000
2017-06-22,125.900000,125.900000
2017-06-23,124.550000,124.550000
2017-06-26,123.500000,123.500000
2017-06-27,122.650000,122.650000
2017-06-28,125.900000,125.900000
2017-06-29,124.550000,124.550000
2017-06-30,125.050000,125.050000
2017-07-03,126.100000,126.100000
2017-07-05,125.650000,125.650000
2017-07-06,124.210000,124.210000
2017-07-07,127.400000,127.400000
2017-07-10,126.600000,126.600000
2017-07-11,127.850000,127.850000
2017-07-12,127.850000,127.850000
2017-07-13,127.250000,127.250000
2017-07-14,128.300000,128.300000
2017-07-17,128.550000,128.550000
2017-07-18,127.550000,127.550000
2017-07-19,128.900000,128.900000
2017-07-20,128.450000,128.450000
2017-07-21,127.300000,127.300000
2017-07-24,127.450000,127.450000
2017-07-25,127.650000,127.650000
2017-07-26,126.050000,126.050000
2017-07-27,126.300000,126.300000
2017-07-28,126.650000,126.650000
2017-07-31,125.100000,125.100000
2017-08-01,128.400000,128.400000
2017-08-02,126.550000,126.550000
2017-08-03,128.400000,128.400000
2017-08-04,128.750000,128.750000
2017-08-07,129.650000,129.650000
2017-08-08,130.250000,130.250000
2017-08-09,129.150000,129.150000
2017-08-10,128.850000,128.850000
2017-08-11,128.550000,128.550000
2017-08-14,128.100000,128.100000
2017-08-15,127.550000,127.550000
2017-08-16,128.800000,128.800000
2017-08-17,125.300000,125.300000
2017-08-18,123.000000,123.000000
2017-08-21,123.850000,123.850000
2017-08-22,126.250000,126.250000
2017-08-23,125.450000,125.450000
2017-08-24,125.050000,125.050000
2017-08-25,124.850000,124.850000
2017-08-28,125.300000,125.300000
2017-08-29,126.000000,126.000000
2017-08-30,125.900000,125.900000
2017-08-31,129.800000,129.800000
2017-09-01,131.650000,131.650000
2017-09-05,131.500000,131.500000
2017-09-06,131.100000,131.100000
2017-09-07,129.250000,129.250000
2017-09-08,127.550000,127.550000
2017-09-11,130.200000,130.200000
2017-09-12,131.950000,131.950000
2017-09-13,131.600000,131.600000
2017-09-14,129.000000,129.000000
2017-09-15,129.850000,129.850000
2017-09-18,131.250000,131.250000
2017-09-19,133.550000,133.550000
2017-09-20,134.700000,134.700000
2017-09-21,134.400000,134.400000
2017-09-22,136.550000,136.550000
2017-09-25,137.400000,137.400000
2017-09-26,137.750000,137.750000
2017-09-27,141.300000,141.300000
2017-09-28,139.700000,139.700000
2017-09-29,139.350000,139.350000
2017-10-02,142.200000,142.200000
2017-10-03,142.400000,142.400000
2017-10-04,141.500000,141.500000
2017-10-05,142.600000,142.600000
2017-10-06,142.200000,142.200000
2017-10-09,142.650000,142.650000
2017-10-10,143.300000,143.300000
2017-10-11,142.150000,142.150000
2017-10-12,142.300000,142.300000
2017-10-13,143.500000,143.500000
2017-10-16,142.500000,142.500000
2017-10-17,141.450000,141.450000
2017-10-18,141.550000,141.550000
2017-10-19,141.600000,141.600000
2017-10-20,143.150000,143.150000
2017-10-23,143.050000,143.050000
2017-10-24,143.300000,143.300000
2017-10-25,144.550000,144.550000
2017-10-26,144.800000,144.800000
2017-10-27,144.650000,144.650000
2017-10-30,143.250000,143.250000
2017-10-31,143.750000,143.750000
2017-11-01,142.150000,142.150000
2017-11-02,133.450000,133.450000
2017-11-03,130.000000,130.000000
2017-11-06,128.100000,128.100000
2017-11-07,129.800000,129.800000
2017-11-08,129.100000,129.100000
2017-11-09,126.300000,126.300000
2017-11-10,124.800000,124.800000
2017-11-13,124.900000,124.900000
2017-11-14,123.450000,123.450000
2017-11-15,122.900000,122.900000
2017-11-16,125.700000,125.700000
2017-11-17,125.200000,125.200000
2017-11-20,126.900000,126.900000
2017-11-21,131.000000,131.000000
2017-11-22,127.900000,127.900000
2017-11-24,128.050000,128.050000
2017-11-27,128.000000,128.000000
2017-11-28,129.850000,129.850000
2017-11-29,129.850000,129.850000
2017-11-30,131.950000,131.950000
2017-12-01,131.000000,131.000000
2017-12-04,131.250000,131.250000
2017-12-05,131.400000,131.400000
2017-12-06,130.350000,130.350000
2017-12-07,131.700000,131.700000
2017-12-08,133.500000,133.500000
2017-12-11,132.300000,132.300000
2017-12-12,132.300000,132.300000
2017-12-13,133.850000,133.850000
2017-12-14,132.950000,132.950000
2017-12-15,134.700000,134.700000
2017-12-18,136.250000,136.250000
2017-12-19,135.200000,135.200000
2017-12-20,135.450000,135.450000
2017-12-21,134.700000,134.700000
2017-12-22,134.100000,134.100000
2017-12-26,133.650000,133.650000
2017-12-27,132.950000,132.950000
2017-12-28,133.100000,133.100000
2017-12-29,132.350000,132.350000
2018-01-02,134.150000,134.150000
2018-01-03,137.800000,137.800000
2018-01-04,136.600000,136.600000
2018-01-05,137.150000,137.150000
2018-01-08,138.250000,138.250000
2018-01-09,137.800000,137.800000
2018-01-10,137.700000,137.700000
2018-01-11,141.350000,141.350000
2018-01-12,137.350000,137.350000
2018-01-16,137.400000,137.400000
2018-01-17,138.850000,138.850000
2018-01-18,137.450000,137.450000
2018-01-19,139.500000,139.500000
2018-01-22,138.700000,138.700000
2018-01-23,139.500000,139.500000
2018-01-24,137.750000,137.750000
2018-01-25,138.950000,138.950000
2018-01-26,141.600000,141.600000
2018-01-29,144.000000,144.000000
2018-01-30,140.650000,140.650000
2018-01-31,140.550000,140.550000
2018-02-01,150.450000,150.450000
2018-02-02,146.800000,146.800000
2018-02-05,142.650000,142.650000
2018-02-06,143.550000,143.550000
2018-02-07,146.050000,146.050000
2018-02-08,142.450000,142.450000
2018-02-09,143.950000,143.950000
2018-02-12,149.200000,149.200000
2018-02-13,148.800000,148.800000
2018-02-14,150.750000,150.750000
2018-02-15,150.500000,150.500000
2018-02-16,150.150000,150.150000
2018-02-20,149.100000,149.100000
2018-02-21,149.100000,149.100000
2018-02-22,150.300000,150.300000
2018-02-23,151.550000,151.550000
2018-02-26,153.200000,153.200000
2018-02-27,152.050000,152.050000
2018-02-28,149.050000,149.050000
2018-03-01,149.600000,149.600000
2018-03-02,150.350000,150.350000
2018-03-05,153.000000,153.000000
2018-03-06,153.300000,153.300000
2018-03-07,153.300000,153.300000
2018-03-08,154.000000,154.000000
2018-03-09,156.000000,156.000000
2018-03-12,153.500000,153.500000
2018-03-13,154.100000,154.100000
2018-03-14,154.550000,154.550000
2018-03-15,154.150000,154.150000
2018-03-16,157.450000,157.450000
2018-03-19,145.600000,145.600000
2018-03-20,151.650000,151.650000
2018-03-21,150.550000,150.550000
2018-03-22,147.850000,147.850000
2018-03-23,146.750000,146.750000
2018-03-26,148.100000,148.100000
2018-03-27,148.950000,148.950000
2018-03-28,148.900000,148.900000
2018-03-29,151.350000,151.350000
2018-04-02,148.950000,148.950000
2018-04-03,151.400000,151.400000
2018-04-04,152.750000,152.750000
2018-04-05,154.950000,154.950000
2018-04-06,151.400000,151.400000
2018-04-09,151.600000,151.600000
2018-04-10,154.350000,154.350000
2018-04-11,153.700000,153.700000
2018-04-12,154.800000,154.800000
2018-04-13,154.000000,154.000000
2018-04-16,155.400000,155.400000
2018-04-17,157.450000,157.450000
2018-04-18,159.250000,159.250000
2018-04-19,158.850000,158.850000
2018-04-20,158.900000,158.900000
2018-04-23,159.250000,159.250000
2018-04-24,156.800000,156.800000
2018-04-25,154.400000,154.400000
2018-04-26,155.400000,155.400000
2018-04-27,153.350000,153.350000
2018-04-30,151.050000,151.050000
2018-05-01,150.000000,150.000000
2018-05-02,147.550000,147.550000
2018-05-03,152.500000,152.500000
2018-05-04,155.900000,155.900000
2018-05-07,157.900000,157.900000
2018-05-08,160.100000,160.100000
2018-05-09,160.750000,160.750000
2018-05-10,162.000000,162.000000
2018-05-11,163.750000,163.750000
2018-05-14,163.200000,163.200000
2018-05-15,162.450000,162.450000
2018-05-16,163.800000,163.800000
2018-05-17,164.200000,164.200000
2018-05-18,164.300000,164.300000
2018-05-21,165.200000,165.200000
2018-05-22,163.200000,163.200000
2018-05-23,163.500000,163.500000
2018-05-24,163.250000,163.250000
2018-05-25,163.500000,163.500000
2018-05-29,163.950000,163.950000
2018-05-30,167.600000,167.600000
2018-05-31,166.650000,166.650000
2018-06-01,166.550000,166.550000
2018-06-04,167.400000,167.400000
2018-06-05,168.600000,168.600000
2018-06-06,168.450000,168.450000
2018-06-07,167.100000,167.100000
2018-06-08,169.000000,169.000000
2018-06-11,169.200000,169.200000
2018-06-12,167.700000,167.700000
2018-06-13,166.150000,166.150000
2018-06-14,166.500000,166.500000
2018-06-15,167.600000,167.600000
2018-06-18,167.300000,167.300000
2018-06-19,167.350000,167.350000
2018-06-20,164.000000,164.000000
2018-06-21,172.750000,172.750000
2018-06-22,171.950000,171.950000
2018-06-25,168.100000,168.100000
2018-06-26,168.600000,168.600000
2018-06-27,168.700000,168.700000
2018-06-28,168.050000,168.050000
2018-06-29,168.550000,168.550000
2018-07-02,170.650000,170.650000
2018-07-03,172.900000,172.900000
2018-07-05,173.800000,173.800000
2018-07-06,177.650000,177.650000
2018-07-09,176.950000,176.950000
2018-07-10,175.050000,175.050000
2018-07-11,177.350000,177.350000
2018-07-12,179.200000,179.200000
2018-07-13,178.350000,178.350000
2018-07-16,178.100000,178.100000
2018-07-17,178.950000,178.950000
2018-07-18,178.300000,178.300000
2018-07-19,178.500000,178.500000
2018-07-20,179.550000,179.550000
2018-07-23,178.450000,178.450000
2018-07-24,175.600000,175.600000
2018-07-25,177.050000,177.050000
2018-07-26,176.900000,176.900000
2018-07-27,176.150000,176.150000
2018-07-30,171.000000,171.000000
2018-07-31,175.200000,175.200000
2018-08-01,175.400000,175.400000
2018-08-02,177.250000,177.250000
2018-08-03,177.050000,177.050000
2018-08-06,181.550000,181.550000
2018-08-07,180.000000,180.000000
2018-08-08,181.950000,181.950000
2018-08-09,181.900000,181.900000
2018-08-10,180.150000,180.150000
2018-08-13,180.100000,180.100000
2018-08-14,181.250000,181.250000
2018-08-15,180.350000,180.350000
2018-08-16,189.400000,189.400000
2018-08-17,187.200000,187.200000
2018-08-20,188.950000,188.950000
2018-08-21,193.600000,193.600000
2018-08-22,193.650000,193.650000
2018-08-23,192.050000,192.050000
2018-08-24,193.600000,193.600000
2018-08-27,194.400000,194.400000
2018-08-28,193.850000,193.850000
2018-08-29,194.800000,194.800000
2018-08-30,194.500000,194.500000
2018-08-31,195.000000,195.000000
2018-09-04,196.750000,196.750000
2018-09-05,198.550000,198.550000
2018-09-06,196.300000,196.300000
2018-09-07,196.150000,196.150000
2018-09-10,194.600000,194.600000
2018-09-11,194.550000,194.550000
2018-09-12,194.550000,194.550000
2018-09-13,195.300000,195.300000
2018-09-14,195.850000,195.850000
2018-09-17,194.000000,194.000000
2018-09-18,193.900000,193.900000
2018-09-19,188.250000,188.250000
2018-09-20,185.050000,185.050000
2018-09-21,186.350000,186.350000
2018-09-24,188.400000,188.400000
2018-09-25,183.850000,183.850000
2018-09-26,184.250000,184.250000
2018-09-27,184.250000,184.250000
2018-09-28,184.150000,184.150000
2018-10-01,182.250000,182.250000
2018-10-02,182.270000,182.270000
2018-10-03,182.860000,182.860000
2018-10-04,182.230000,182.230000
2018-10-05,185.020000,185.020000
2018-10-08,183.850000,183.850000
2018-10-09,183.900000,183.900000
2018-10-10,179.900000,179.900000
2018-10-11,175.860000,175.860000
2018-10-12,176.940000,176.940000
2018-10-15,178.870000,178.870000
2018-10-16,183.570000,183.570000
2018-10-17,183.240000,183.240000
2018-10-18,181.140000,181.140000
2018-10-19,180.270000,180.270000
2018-10-22,182.430000,182.430000
2018-10-23,179.550000,179.550000
2018-10-24,172.460000,172.460000
2018-10-25,174.420000,174.420000
2018-10-26,172.980000,172.980000
2018-10-29,171.910000,171.910000
2018-10-30,174.450000,174.450000
2018-10-31,178.460000,178.460000
2018-11-01,173.000000,173.000000
2018-11-02,172.620000,172.620000
2018-11-05,172.630000,172.630000
2018-11-06,175.490000,175.490000
2018-11-07,182.270000,182.270000
2018-11-08,182.280000,182.280000
2018-11-09,181.530000,181.530000
2018-11-12,180.460000,180.460000
2018-11-13,180.580000,180.580000
2018-11-14,176.660000,176.660000
2018-11-15,180.650000,180.650000
2018-11-16,180.430000,180.430000
2018-11-19,175.990000,175.990000
2018-11-20,174.490000,174.490000
2018-11-21,176.540000,176.540000
2018-11-23,175.210000,175.210000
2018-11-26,177.160000,177.160000
2018-11-27,170.590000,170.590000
2018-11-28,170.930000,170.930000
2018-11-29,168.320000,168.320000
2018-11-30,164.910000,164.910000
2018-12-03,164.430000,164.430000
2018-12-04,157.120000,157.120000
2018-12-06,159.000000,159.000000
2018-12-07,157.170000,157.170000
2018-12-10,159.250000,159.250000
2018-12-11,159.100000,159.100000
2018-12-12,163.010000,163.010000
2018-12-13,161.190000,161.190000
2018-12-14,159.270000,159.270000
2018-12-17,152.930000,152.930000
2018-12-18,152.130000,152.130000
2018-12-19,151.610000,151.610000
2018-12-20,147.550000,147.550000
2018-12-21,141.860000,141.860000
2018-12-24,139.420000,139.420000
2018-12-26,143.240000,143.240000
2018-12-27,143.120000,143.120000
2018-12-28,143.940000,143.940000
2018-12-31,144.030000,144.030000
2019-01-02,141.930000,141.930000
2019-01-03,140.810000,140.810000
2019-01-04,144.600000,144.600000
2019-01-07,143.080000,143.080000
2019-01-08,147.160000,147.160000
2019-01-09,148.490000,148.490000
2019-01-10,148.550000,148.550000
2019-01-11,149.620000,149.620000
2019-01-14,147.780000,147.780000
2019-01-15,149.200000,149.200000
2019-01-16,150.250000,150.250000
2019-01-17,153.560000,153.560000
2019-01-18,154.930000,154.930000
2019-01-22,154.180000,154.180000
2019-01-23,154.820000,154.820000
2019-01-24,156.040000,156.040000
2019-01-25,157.460000,157.460000
2019-01-28,156.140000,156.140000
2019-01-29,157.700000,157.700000
2019-01-30,158.840000,158.840000
2019-01-31,167.180000,167.180000
2019-02-01,168.440000,168.440000
2019-02-04,172.420000,172.420000
2019-02-05,175.320000,175.320000
2019-02-06,175.510000,175.510000
2019-02-07,175.620000,175.620000
2019-02-08,175.530000,175.530000
2019-02-11,174.050000,174.050000
2019-02-12,174.040000,174.040000
2019-02-13,176.920000,176.920000
2019-02-14,178.210000,178.210000
2019-02-15,180.060000,180.060000
2019-02-19,180.130000,180.130000
2019-02-20,182.690000,182.690000
2019-02-21,182.000000,182.000000
2019-02-22,183.880000,183.880000
2019-02-25,182.580000,182.580000
2019-02-26,179.610000,179.610000
2019-02-27,180.980000,180.980000
2019-02-28,182.260000,182.260000
2019-03-01,184.310000,184.310000
2019-03-04,182.830000,182.830000
2019-03-05,181.580000,181.580000
2019-03-06,179.260000,179.260000
2019-03-07,179.340000,179.340000
2019-03-08,179.360000,179.360000
2019-03-11,182.140000,182.140000
2019-03-12,180.610000,180.610000
2019-03-13,183.520000,183.520000
2019-03-14,185.500000,185.500000
2019-03-15,183.560000,183.560000
2019-03-18,184.650000,184.650000
2019-03-19,183.440000,183.440000
2019-03-20,181.780000,181.780000
2019-03-21,185.760000,185.760000
2019-03-22,180.270000,180.270000
2019-03-25,182.140000,182.140000
2019-03-26,183.330000,183.330000
2019-03-27,181.440000,181.440000
2019-03-28,182.550000,182.550000
2019-03-29,182.020000,182.020000
2019-04-01,185.900000,185.900000
2019-04-02,181.700000,181.700000
2019-04-03,182.650000,182.650000
2019-04-04,182.640000,182.640000
2019-04-05,184.390000,184.390000
2019-04-08,184.220000,184.220000
2019-04-09,181.380000,181.380000
2019-04-10,183.600000,183.600000
2019-04-11,185.290000,185.290000
2019-04-12,186.450000,186.450000
2019-04-15,186.840000,186.840000
2019-04-16,186.950000,186.950000
2019-04-17,186.290000,186.290000
2019-04-18,186.320000,186.320000
2019-04-22,187.510000,187.510000
2019-04-23,190.420000,190.420000
2019-04-24,190.590000,190.590000
2019-04-25,187.750000,187.750000
2019-04-26,189.510000,189.510000
2019-04-29,190.610000,190.610000
2019-04-30,194.940000,194.940000
2019-05-01,190.030000,190.030000
2019-05-02,202.710000,202.710000
2019-05-03,204.810000,204.810000
2019-05-06,204.410000,204.410000
2019-05-07,199.500000,199.500000
2019-05-08,200.070000,200.070000
2019-05-09,202.940000,202.940000
2019-05-10,204.080000,204.080000
2019-05-13,197.070000,197.070000
2019-05-14,198.320000,198.320000
2019-05-15,202.190000,202.190000
2019-05-16,205.640000,205.640000
2019-05-17,203.750000,203.750000
2019-05-20,203.290000,203.290000
2019-05-21,205.550000,205.550000
2019-05-22,208.760000,208.760000
2019-05-23,204.970000,204.970000
2019-05-24,205.350000,205.350000
2019-05-28,202.900000,202.900000
2019-05-29,201.240000,201.240000
2019-05-30,202.000000,202.000000
2019-05-31,203.520000,203.520000
2019-06-03,201.240000,201.240000
2019-06-04,205.070000,205.070000
2019-06-05,204.410000,204.410000
2019-06-06,206.730000,206.730000
2019-06-07,208.050000,208.050000
2019-06-10,206.470000,206.470000
2019-06-11,202.780000,202.780000
2019-06-12,203.770000,203.770000
2019-06-13,203.990000,203.990000
2019-06-14,202.750000,202.750000
2019-06-17,203.000000,203.000000
2019-06-18,204.030000,204.030000
2019-06-19,206.210000,206.210000
2019-06-20,209.660000,209.660000
2019-06-21,203.440000,203.440000
2019-06-24,202.120000,202.120000
2019-06-25,203.320000,203.320000
2019-06-26,200.990000,200.990000
2019-06-27,205.490000,205.490000
2019-06-28,204.590000,204.590000
2019-07-01,209.210000,209.210000
2019-07-02,209.930000,209.930000
2019-07-03,214.290000,214.290000
2019-07-05,214.670000,214.670000
2019-07-08,209.670000,209.670000
2019-07-09,209.450000,209.450000
2019-07-10,210.360000,210.360000
2019-07-11,209.100000,209.100000
2019-07-12,213.430000,213.430000
2019-07-15,213.170000,213.170000
2019-07-16,214.000000,214.000000
2019-07-17,210.770000,210.770000
2019-07-18,212.090000,212.090000
2019-07-19,210.640000,210.640000
2019-07-22,210.870000,210.870000
2019-07-23,212.070000,212.070000
2019-07-24,213.380000,213.380000
2019-07-25,213.040000,213.040000
2019-07-26,217.320000,217.320000
2019-07-29,216.580000,216.580000
2019-07-30,215.340000,215.340000
2019-07-31,215.150000,215.150000
2019-08-01,216.030000,216.030000
2019-08-02,211.370000,211.370000
2019-08-05,205.140000,205.140000
2019-08-06,208.640000,208.640000
2019-08-07,209.220000,209.220000
2019-08-08,215.140000,215.140000
2019-08-09,211.230000,211.230000
2019-08-12,209.330000,209.330000
2019-08-13,211.040000,211.040000
2019-08-14,207.230000,207.230000
2019-08-15,202.990000,202.990000
2019-08-16,208.360000,208.360000
2019-08-19,209.400000,209.400000
2019-08-20,212.600000,212.600000
2019-08-21,217.270000,217.270000
2019-08-22,216.160000,216.160000
2019-08-23,211.020000,211.020000
2019-08-26,213.350000,213.350000
2019-08-27,213.050000,213.050000
2019-08-28,215.490000,215.490000
2019-08-29,220.950000,220.950000
2019-08-30,222.290000,222.290000
2019-09-03,220.990000,220.990000
2019-09-04,222.320000,222.320000
2019-09-05,227.100000,227.100000
2019-09-06,227.040000,227.040000
2019-09-09,219.500000,219.500000
2019-09-10,209.290000,209.290000
2019-09-11,212.430000,212.430000
2019-09-12,215.840000,215.840000
2019-09-13,216.010000,216.010000
2019-09-16,216.140000,216.140000
2019-09-17,216.640000,216.640000
2019-09-18,226.380000,226.380000
2019-09-19,224.210000,224.210000
2019-09-20,227.800000,227.800000
2019-09-23,227.010000,227.010000
2019-09-24,226.380000,226.380000
2019-09-25,231.310000,231.310000
2019-09-26,233.850000,233.850000
2019-09-27,227.500000,227.500000
2019-09-30,231.260000,231.260000
2019-10-01,226.150000,226.150000
2019-10-02,224.440000,224.440000
2019-10-03,225.150000,225.150000
2019-10-04,228.410000,228.410000
2019-10-07,229.370000,229.370000
2019-10-08,226.590000,226.590000
2019-10-09,227.680000,227.680000
2019-10-10,229.800000,229.800000
2019-10-11,229.790000,229.790000
2019-10-14,228.000000,228.000000
2019-10-15,229.130000,229.130000
2019-10-16,226.400000,226.400000
2019-10-17,226.860000,226.860000
2019-10-18,225.430000,225.430000
2019-10-21,224.800000,224.800000
2019-10-22,216.690000,216.690000
2019-10-23,215.420000,215.420000
2019-10-24,217.420000,217.420000
2019-10-25,217.700000,217.700000
2019-10-28,218.150000,218.150000
2019-10-29,223.440000,223.440000
2019-10-30,224.560000,224.560000
2019-10-31,223.750000,223.750000
2019-11-01,224.610000,224.610000
2019-11-04,223.620000,223.620000
2019-11-05,222.360000,222.360000
2019-11-06,224.700000,224.700000
2019-11-07,225.890000,225.890000
2019-11-08,225.930000,225.930000
2019-11-11,227.780000,227.780000
2019-11-12,229.670000,229.670000
2019-11-13,228.940000,228.940000
2019-11-14,230.230000,230.230000
2019-11-15,232.110000,232.110000
2019-11-18,234.190000,234.190000
2019-11-19,234.230000,234.230000
2019-11-20,235.010000,235.010000
2019-11-21,235.200000,235.200000
2019-11-22,231.300000,231.300000
2019-11-25,239.270000,239.270000
2019-11-26,240.180000,240.180000
2019-11-27,241.010000,241.010000
2019-11-29,239.320000,239.320000
2019-12-02,237.200000,237.200000
2019-12-03,235.780000,235.780000
2019-12-04,236.160000,236.160000
2019-12-05,236.360000,236.360000
2019-12-06,237.060000,237.060000
2019-12-09,236.600000,236.600000
2019-12-10,236.380000,236.380000
2019-12-11,238.570000,238.570000
2019-12-12,239.540000,239.540000
2019-12-13,240.220000,240.220000
2019-12-16,242.360000,242.360000
2019-12-17,242.270000,242.270000
2019-12-18,243.870000,243.870000
2019-12-19,247.480000,247.480000
2019-12-20,250.430000,250.430000
2019-12-23,250.600000,250.600000
2019-12-24,250.430000,250.430000
2019-12-26,251.630000,251.630000
2019-12-27,250.780000,250.780000
2019-12-30,250.970000,250.970000
2019-12-31,249.990000,249.990000
2020-01-02,252.230000,252.230000
2020-01-03,255.910000,255.910000
2020-01-06,258.240000,258.240000
2020-01-07,257.120000,257.120000
2020-01-08,259.560000,259.560000
2020-01-09,262.570000,262.570000
2020-01-10,263.070000,263.070000
2020-01-13,265.490000,265.490000
2020-01-14,264.110000,264.110000
2020-01-15,267.670000,267.670000
2020-01-16,269.490000,269.490000
2020-01-17,270.610000,270.610000
2020-01-21,269.960000,269.960000
2020-01-22,269.570000,269.570000
2020-01-23,271.970000,271.970000
2020-01-24,269.480000,269.480000
2020-01-27,267.690000,267.690000
2020-01-28,269.360000,269.360000
2020-01-29,267.180000,267.180000
2020-01-30,280.070000,280.070000
2020-01-31,267.440000,267.440000
2020-02-03,272.520000,272.520000
2020-02-04,276.190000,276.190000
2020-02-05,274.160000,274.160000
2020-02-06,274.330000,274.330000
2020-02-07,272.000000,272.000000
2020-02-10,272.120000,272.120000
2020-02-11,272.330000,272.330000
2020-02-12,272.570000,272.570000
2020-02-13,278.030000,278.030000
2020-02-14,275.880000,275.880000
2020-02-18,283.000000,283.000000
2020-02-19,287.070000,287.070000
2020-02-20,277.720000,277.720000
2020-02-21,273.080000,273.080000
2020-02-24,266.340000,266.340000
2020-02-25,253.590000,253.590000
2020-02-26,258.300000,258.300000
2020-02-27,248.970000,248.970000
2020-02-28,245.020000,245.020000
2020-03-02,251.130000,251.130000
2020-03-03,249.540000,249.540000
2020-03-04,260.160000,260.160000
2020-03-05,249.310000,249.310000
2020-03-06,241.530000,241.530000
2020-03-09,222.450000,222.450000
2020-03-10,234.380000,234.380000
2020-03-11,218.960000,218.960000
2020-03-12,194.490000,194.490000
2020-03-13,219.250000,219.250000
2020-03-16,188.860000,188.860000
2020-03-17,189.010000,189.010000
2020-03-18,168.210000,168.210000
2020-03-19,180.850000,180.850000
2020-03-20,184.610000,184.610000
2020-03-23,180.830000,180.830000
2020-03-24,197.650000,197.650000
2020-03-25,203.650000,203.650000
2020-03-26,217.150000,217.150000
2020-03-27,215.910000,215.910000
2020-03-30,217.040000,217.040000
2020-03-31,211.150000,211.150000
2020-04-01,204.270000,204.270000
2020-04-02,206.390000,206.390000
2020-04-03,200.970000,200.970000
2020-04-06,220.390000,220.390000
2020-04-07,219.900000,219.900000
2020-04-08,225.530000,225.530000
2020-04-09,230.040000,230.040000
2020-04-13,221.690000,221.690000
2020-04-14,238.340000,238.340000
2020-04-15,232.140000,232.140000
2020-04-16,236.430000,236.430000
2020-04-17,243.610000,243.610000
2020-04-20,238.580000,238.580000
2020-04-21,230.400000,230.400000
2020-04-22,237.290000,237.290000
2020-04-23,239.900000,239.900000
2020-04-24,243.390000,243.390000
2020-04-27,252.880000,252.880000
2020-04-28,249.160000,249.160000
2020-04-29,255.200000,255.200000
2020-04-30,250.140000,250.140000
2020-05-01,251.410000,251.410000
2020-05-04,254.320000,254.320000
2020-05-05,251.710000,251.710000
2020-05-06,247.160000,247.160000
2020-05-07,250.010000,250.010000
2020-05-08,247.230000,247.230000
2020-05-11,247.110000,247.110000
2020-05-12,237.770000,237.770000
2020-05-13,229.660000,229.660000
2020-05-14,232.930000,232.930000
2020-05-15,233.550000,233.550000
2020-05-18,239.140000,239.140000
2020-05-19,236.110000,236.110000
2020-05-20,238.160000,238.160000
2020-05-21,240.340000,240.340000
2020-05-22,242.140000,242.140000
2020-05-26,246.660000,246.660000
2020-05-27,251.700000,251.700000
2020-05-28,250.820000,250.820000
2020-05-29,250.780000,250.780000
2020-06-01,251.320000,251.320000
2020-06-02,256.150000,256.150000
2020-06-03,260.300000,260.300000
2020-06-04,261.800000,261.800000
2020-06-05,254.000000,254.000000
2020-06-08,257.290000,257.290000
2020-06-09,256.860000,256.860000
2020-06-10,253.210000,253.210000
2020-06-11,238.660000,238.660000
2020-06-12,241.330000,241.330000
2020-06-15,238.930000,238.930000
2020-06-16,244.890000,244.890000
2020-06-17,246.580000,246.580000
2020-06-18,242.570000,242.570000
2020-06-19,237.040000,237.040000
2020-06-22,235.490000,235.490000
2020-06-23,233.590000,233.590000
2020-06-24,224.580000,224.580000
2020-06-25,219.110000,219.110000
2020-06-26,215.100000,215.100000
2020-06-29,219.090000,219.090000
2020-06-30,216.880000,216.880000
2020-07-01,218.480000,218.480000
2020-07-02,219.430000,219.430000
2020-07-06,210.840000,210.840000
2020-07-07,204.960000,204.960000
2020-07-08,202.950000,202.950000
2020-07-09,195.540000,195.540000
2020-07-10,199.560000,199.560000
2020-07-13,196.230000,196.230000
2020-07-14,194.410000,194.410000
2020-07-15,199.350000,199.350000
2020-07-16,195.390000,195.390000
2020-07-17,197.290000,197.290000
2020-07-20,202.280000,202.280000
2020-07-21,203.300000,203.300000
2020-07-22,208.140000,208.140000
2020-07-23,206.090000,206.090000
2020-07-24,204.550000,204.550000
2020-07-27,201.500000,201.500000
2020-07-28,198.960000,198.960000
2020-07-29,203.330000,203.330000
2020-07-30,204.670000,204.670000
2020-07-31,207.820000,207.820000
2020-08-03,211.680000,211.680000
2020-08-04,206.580000,206.580000
2020-08-05,205.480000,205.480000
2020-08-06,206.380000,206.380000
2020-08-07,210.880000,210.880000
2020-08-10,211.080000,211.080000
2020-08-11,212.510000,212.510000
2020-08-12,212.980000,212.980000
2020-08-13,224.940000,224.940000
2020-08-14,229.550000,229.550000
2020-08-17,229.570000,229.570000
2020-08-18,225.870000,225.870000
2020-08-19,228.420000,228.420000
2020-08-20,228.880000,228.880000
2020-08-21,232.130000,232.130000
2020-08-24,235.410000,235.410000
2020-08-25,233.820000,233.820000
2020-08-26,232.430000,232.430000
2020-08-27,235.230000,235.230000
2020-08-28,235.480000,235.480000
2020-08-31,234.190000,234.190000
2020-09-01,237.000000,237.000000
2020-09-02,240.340000,240.340000
2020-09-03,231.020000,231.020000
2020-09-04,226.830000,226.830000
2020-09-08,223.260000,223.260000
2020-09-09,225.080000,225.080000
2020-09-10,223.420000,223.420000
2020-09-11,222.090000,222.090000
2020-09-14,222.370000,222.370000
2020-09-15,225.290000,225.290000
2020-09-16,223.720000,223.720000
2020-09-17,221.330000,221.330000
2020-09-18,218.150000,218.150000
2020-09-21,215.440000,215.440000
2020-09-22,225.230000,225.230000
2020-09-23,217.190000,217.190000
2020-09-24,212.870000,212.870000
2020-09-25,215.900000,215.900000
2020-09-28,217.680000,217.680000
2020-09-29,214.800000,214.800000
2020-09-30,213.160000,213.160000
2020-10-01,215.230000,215.230000
2020-10-02,215.580000,215.580000
2020-10-05,215.090000,215.090000
2020-10-06,212.500000,212.500000
2020-10-07,211.590000,211.590000
2020-10-08,211.080000,211.080000
2020-10-09,213.440000,213.440000
2020-10-12,216.740000,216.740000
2020-10-13,217.980000,217.980000
2020-10-14,217.190000,217.190000
2020-10-15,215.780000,215.780000
2020-10-16,215.480000,215.480000
2020-10-19,209.980000,209.980000
2020-10-20,212.000000,212.000000
2020-10-21,211.000000,211.000000
2020-10-22,212.200000,212.200000
2020-10-23,212.710000,212.710000
2020-10-26,205.810000,205.810000
2020-10-27,202.330000,202.330000
2020-10-28,198.970000,198.970000
2020-10-29,203.550000,203.550000
2020-10-30,208.530000,208.530000
2020-11-02,216.250000,216.250000
2020-11-03,219.790000,219.790000
2020-11-04,232.000000,232.000000
2020-11-05,229.960000,229.960000
2020-11-06,226.450000,226.450000
2020-11-09,234.240000,234.240000
2020-11-10,235.120000,235.120000
2020-11-11,232.960000,232.960000
2020-11-12,232.130000,232.130000
2020-11-13,236.820000,236.820000
2020-11-16,239.820000,239.820000
2020-11-17,239.460000,239.460000
2020-11-18,238.260000,238.260000
2020-11-19,238.010000,238.010000
2020-11-20,237.090000,237.090000
2020-11-23,239.490000,239.490000
2020-11-24,241.140000,241.140000
2020-11-25,241.420000,241.420000
2020-11-27,242.260000,242.260000
2020-11-30,237.290000,237.290000
2020-12-01,239.410000,239.410000
2020-12-02,240.810000,240.810000
2020-12-03,242.500000,242.500000
2020-12-04,246.890000,246.890000
2020-12-07,246.650000,246.650000
2020-12-08,247.720000,247.720000
2020-12-09,244.090000,244.090000
2020-12-10,242.610000,242.610000
2020-12-11,242.880000,242.880000
2020-12-14,241.950000,241.950000
2020-12-15,244.680000,244.680000
2020-12-16,244.940000,244.940000
2020-12-17,243.360000,243.360000
2020-12-18,247.770000,247.770000
2020-12-21,244.850000,244.850000
2020-12-22,245.950000,245.950000
2020-12-23,248.510000,248.510000
2020-12-24,246.500000,246.500000
2020-12-28,249.520000,249.520000
2020-12-29,249.050000,249.050000
2020-12-30,248.110000,248.110000
2020-12-31,249.330000,249.330000
2021-01-04,241.160000,241.160000
2021-01-05,239.160000,239.160000
2021-01-06,238.650000,238.650000
2021-01-07,239.870000,239.870000
2021-01-08,238.460000,238.460000
2021-01-11,239.850000,239.850000
2021-01-12,241.810000,241.810000
2021-01-13,239.100000,239.100000
2021-01-14,242.690000,242.690000
2021-01-15,245.250000,245.250000
2021-01-19,247.830000,247.830000
2021-01-20,249.800000,249.800000
2021-01-21,249.100000,249.100000
2021-01-22,253.660000,253.660000
2021-01-25,253.090000,253.090000
2021-01-26,252.590000,252.590000
2021-01-27,259.210000,259.210000
2021-01-28,246.600000,246.600000
2021-01-29,241.220000,241.220000
2021-02-01,239.310000,239.310000
2021-02-02,240.380000,240.380000
2021-02-03,238.930000,238.930000
2021-02-04,239.820000,239.820000
2021-02-05,237.540000,237.540000
2021-02-08,240.130000,240.130000
2021-02-09,242.710000,242.710000
2021-02-10,239.080000,239.080000
2021-02-11,241.000000,241.000000
2021-02-12,236.730000,236.730000
2021-02-16,237.300000,237.300000
2021-02-17,242.440000,242.440000
2021-02-18,237.160000,237.160000
2021-02-19,235.100000,235.100000
2021-02-22,234.280000,234.280000
2021-02-23,232.280000,232.280000
2021-02-24,228.500000,228.500000
2021-02-25,225.200000,225.200000
2021-02-26,221.340000,221.340000
2021-03-01,226.920000,226.920000
2021-03-02,218.720000,218.720000
2021-03-03,216.370000,216.370000
2021-03-04,216.480000,216.480000
2021-03-05,218.270000,218.270000
2021-03-08,218.560000,218.560000
2021-03-09,223.210000,223.210000
2021-03-10,224.990000,224.990000
2021-03-11,236.710000,236.710000
2021-03-12,241.530000,241.530000
2021-03-15,248.500000,248.500000
2021-03-16,246.250000,246.250000
2021-03-17,246.710000,246.710000
2021-03-18,248.630000,248.630000
2021-03-19,247.450000,247.450000
2021-03-22,250.110000,250.110000
2021-03-23,246.050000,246.050000
2021-03-24,244.810000,244.810000
2021-03-25,245.530000,245.530000
2021-03-26,241.600000,241.600000
2021-03-29,247.950000,247.950000
2021-03-30,246.250000,246.250000
2021-03-31,246.660000,246.660000
2021-04-01,248.600000,248.600000
2021-04-05,256.240000,256.240000
2021-04-06,255.590000,255.590000
2021-04-07,251.290000,251.290000
2021-04-08,249.200000,249.200000
2021-04-09,251.350000,251.350000
2021-04-12,253.520000,253.520000
2021-04-13,250.000000,250.000000
2021-04-14,252.430000,252.430000
2021-04-15,257.250000,257.250000
2021-04-16,260.450000,260.450000
2021-04-19,262.460000,262.460000
2021-04-20,261.860000,261.860000
2021-04-21,255.490000,255.490000
2021-04-22,258.400000,258.400000
2021-04-23,254.470000,254.470000
2021-04-26,253.560000,253.560000
2021-04-27,253.780000,253.780000
2021-04-28,251.160000,251.160000
2021-04-29,254.050000,254.050000
2021-04-30,254.860000,254.860000
2021-05-03,262.090000,262.090000
2021-05-04,263.440000,263.440000
2021-05-05,262.650000,262.650000
2021-05-06,261.710000,261.710000
2021-05-07,264.310000,264.310000
2021-05-10,263.800000,263.800000
2021-05-11,259.620000,259.620000
2021-05-12,253.990000,253.990000
2021-05-13,258.860000,258.860000
2021-05-14,259.970000,259.970000
2021-05-17,259.660000,259.660000
2021-05-18,260.250000,260.250000
2021-05-19,257.720000,257.720000
2021-05-20,256.470000,256.470000
2021-05-21,257.040000,257.040000
2021-05-24,258.160000,258.160000
2021-05-25,255.350000,255.350000
2021-05-26,254.360000,254.360000
2021-05-27,254.650000,254.650000
2021-05-28,254.960000,254.960000
2021-06-01,256.130000,256.130000
2021-06-02,257.570000,257.570000
2021-06-03,256.860000,256.860000
2021-06-04,259.090000,259.090000
2021-06-07,257.710000,257.710000
2021-06-08,260.010000,260.010000
2021-06-09,260.630000,260.630000
2021-06-10,264.710000,264.710000
2021-06-11,266.570000,266.570000
2021-06-14,263.850000,263.850000
2021-06-15,265.940000,265.940000
2021-06-16,264.080000,264.080000
2021-06-17,263.830000,263.830000
2021-06-18,260.780000,260.780000
2021-06-21,263.090000,263.090000
2021-06-22,261.820000,261.820000
2021-06-23,258.720000,258.720000
2021-06-24,257.650000,257.650000
2021-06-25,260.420000,260.420000
2021-06-28,257.990000,257.990000
2021-06-29,255.240000,255.240000
2021-06-30,255.120000,255.120000
2021-07-01,256.860000,256.860000
2021-07-02,257.440000,257.440000
2021-07-06,256.330000,256.330000
2021-07-07,258.520000,258.520000
2021-07-08,258.660000,258.660000
2021-07-09,261.150000,261.150000
2021-07-12,260.690000,260.690000
2021-07-13,260.300000,260.300000
2021-07-14,261.010000,261.010000
2021-07-15,262.220000,262.220000
2021-07-16,264.170000,264.170000
2021-07-19,261.020000,261.020000
2021-07-20,264.690000,264.690000
2021-07-21,266.300000,266.300000
2021-07-22,266.580000,266.580000
2021-07-23,268.630000,268.630000
2021-07-26,267.890000,267.890000
2021-07-27,268.460000,268.460000
2021-07-28,268.720000,268.720000
2021-07-29,268.870000,268.870000
2021-07-30,266.960000,266.960000
2021-08-02,268.270000,268.270000
2021-08-03,256.440000,256.440000
2021-08-04,252.750000,252.750000
2021-08-05,251.600000,251.600000
2021-08-06,252.310000,252.310000
2021-08-09,251.180000,251.180000
2021-08-10,253.290000,253.290000
2021-08-11,253.640000,253.640000
2021-08-12,253.600000,253.600000
2021-08-13,251.960000,251.960000
2021-08-16,255.220000,255.220000
2021-08-17,260.020000,260.020000
2021-08-18,257.530000,257.530000
2021-08-19,257.790000,257.790000
2021-08-20,259.650000,259.650000
2021-08-23,257.540000,257.540000
2021-08-24,256.500000,256.500000
2021-08-25,257.310000,257.310000
2021-08-26,256.610000,256.610000
2021-08-27,257.740000,257.740000
2021-08-30,256.740000,256.740000
2021-08-31,257.540000,257.540000
2021-09-01,256.470000,256.470000
2021-09-02,258.920000,258.920000
2021-09-03,256.320000,256.320000
2021-09-07,252.240000,252.240000
2021-09-08,257.220000,257.220000
2021-09-09,258.440000,258.440000
2021-09-10,255.870000,255.870000
2021-09-13,257.830000,257.830000
2021-09-14,252.000000,252.000000
2021-09-15,252.900000,252.900000
2021-09-16,251.410000,251.410000
2021-09-17,252.750000,252.750000
2021-09-20,251.570000,251.570000
2021-09-21,249.310000,249.310000
2021-09-22,250.120000,250.120000
2021-09-23,251.390000,251.390000
2021-09-24,255.460000,255.460000
2021-09-27,257.640000,257.640000
2021-09-28,260.020000,260.020000
2021-09-29,264.960000,264.960000
2021-09-30,262.100000,262.100000
2021-10-01,265.120000,265.120000
2021-10-04,267.910000,267.910000
2021-10-05,264.890000,264.890000
2021-10-06,266.010000,266.010000
2021-10-07,270.010000,270.010000
2021-10-08,274.800000,274.800000
2021-10-11,273.230000,273.230000
2021-10-12,276.270000,276.270000
2021-10-13,277.600000,277.600000
2021-10-14,280.140000,280.140000
2021-10-15,281.900000,281.900000
2021-10-18,281.920000,281.920000
2021-10-19,281.360000,281.360000
2021-10-20,282.370000,282.370000
2021-10-21,283.540000,283.540000
2021-10-22,285.070000,285.070000
2021-10-25,284.310000,284.310000
2021-10-26,281.730000,281.730000
2021-10-27,272.160000,272.160000
2021-10-28,277.740000,277.740000
2021-10-29,287.640000,287.640000
2021-11-01,289.000000,289.000000
2021-11-02,287.360000,287.360000
2021-11-03,285.740000,285.740000
2021-11-04,287.670000,287.670000
2021-11-05,286.880000,286.880000
2021-11-08,288.890000,288.890000
2021-11-09,285.230000,285.230000
2021-11-10,284.480000,284.480000
2021-11-11,282.590000,282.590000
2021-11-12,282.610000,282.610000
2021-11-15,281.930000,281.930000
2021-11-16,278.510000,278.510000
2021-11-17,278.700000,278.700000
2021-11-18,273.720000,273.720000
2021-11-19,272.470000,272.470000
2021-11-22,274.960000,274.960000
2021-11-23,276.950000,276.950000
2021-11-24,276.240000,276.240000
2021-11-26,268.050000,268.050000
2021-11-29,267.090000,267.090000
2021-11-30,259.430000,259.430000
2021-12-01,255.240000,255.240000
2021-12-02,265.660000,265.660000
2021-12-03,263.760000,263.760000
2021-12-06,267.240000,267.240000
2021-12-07,268.430000,268.430000
2021-12-08,272.010000,272.010000
2021-12-09,268.460000,268.460000
2021-12-10,264.980000,264.980000
2021-12-13,267.690000,267.690000
2021-12-14,266.960000,266.960000
2021-12-15,266.180000,266.180000
2021-12-16,265.860000,265.860000
2021-12-17,259.790000,259.790000
2021-12-20,256.130000,256.130000
2021-12-21,260.630000,260.630000
2021-12-22,264.990000,264.990000
2021-12-23,266.670000,266.670000
2021-12-27,266.520000,266.520000
2021-12-28,269.500000,269.500000
2021-12-29,269.660000,269.660000
2021-12-30,269.220000,269.220000
2021-12-31,269.210000,269.210000
2022-01-03,273.070000,273.070000
2022-01-04,278.450000,278.450000
2022-01-05,275.680000,275.680000
2022-01-06,271.990000,271.990000
2022-01-07,273.180000,273.180000
2022-01-10,273.350000,273.350000
2022-01-11,276.270000,276.270000
2022-01-12,275.020000,275.020000
2022-01-13,275.560000,275.560000
2022-01-14,278.230000,278.230000
2022-01-18,279.120000,279.120000
2022-01-19,275.800000,275.800000
2022-01-20,272.940000,272.940000
2022-01-21,271.140000,271.140000
2022-01-24,272.310000,272.310000
2022-01-25,267.320000,267.320000
2022-01-26,265.900000,265.900000
2022-01-27,243.640000,243.640000
2022-01-28,245.210000,245.210000
2022-01-31,247.460000,247.460000
2022-02-01,246.680000,246.680000
2022-02-02,257.030000,257.030000
2022-02-03,253.890000,253.890000
2022-02-04,253.610000,253.610000
2022-02-07,253.300000,253.300000
2022-02-08,253.170000,253.170000
2022-02-09,257.070000,257.070000
2022-02-10,254.200000,254.200000
2022-02-11,256.200000,256.200000
2022-02-14,249.810000,249.810000
2022-02-15,252.470000,252.470000
2022-02-16,255.750000,255.750000
2022-02-17,257.960000,257.960000
2022-02-18,254.540000,254.540000
2022-02-22,249.890000,249.890000
2022-02-23,246.280000,246.280000
2022-02-24,257.260000,257.260000
2022-02-25,266.080000,266.080000
2022-02-28,279.790000,279.790000
2022-03-01,284.990000,284.990000
2022-03-02,291.540000,291.540000
2022-03-03,292.190000,292.190000
2022-03-04,304.240000,304.240000
2022-03-07,302.240000,302.240000
2022-03-08,290.800000,290.800000
2022-03-09,294.080000,294.080000
2022-03-10,296.490000,296.490000
2022-03-11,301.520000,301.520000
2022-03-14,296.240000,296.240000
2022-03-15,299.690000,299.690000
2022-03-16,293.870000,293.870000
2022-03-17,298.120000,298.120000
2022-03-18,295.260000,295.260000
2022-03-21,297.840000,297.840000
2022-03-22,299.780000,299.780000
2022-03-23,300.490000,300.490000
2022-03-24,305.520000,305.520000
2022-03-25,308.810000,308.810000
2022-03-28,308.860000,308.860000
2022-03-29,299.900000,299.900000
2022-03-30,304.400000,304.400000
2022-03-31,301.260000,301.260000
2022-04-01,304.420000,304.420000
2022-04-04,300.710000,300.710000
2022-04-05,296.510000,296.510000
2022-04-06,301.930000,301.930000
2022-04-07,304.990000,304.990000
2022-04-08,301.920000,301.920000
2022-04-11,305.290000,305.290000
2022-04-12,301.420000,301.420000
2022-04-13,298.120000,298.120000
2022-04-14,294.320000,294.320000
2022-04-18,291.070000,291.070000
2022-04-19,295.950000,295.950000
2022-04-20,294.760000,294.760000
2022-04-21,293.970000,293.970000
2022-04-22,285.990000,285.990000
2022-04-25,285.220000,285.220000
2022-04-26,282.070000,282.070000
2022-04-27,278.480000,278.480000
2022-04-28,268.370000,268.370000
2022-04-29,265.300000,265.300000
2022-05-02,266.180000,266.180000
2022-05-03,265.030000,265.030000
2022-05-04,272.750000,272.750000
2022-05-05,271.040000,271.040000
2022-05-06,262.700000,262.700000
2022-05-09,261.240000,261.240000
2022-05-10,260.070000,260.070000
2022-05-11,255.450000,255.450000
2022-05-12,256.480000,256.480000
2022-05-13,256.670000,256.670000
2022-05-16,266.260000,266.260000
2022-05-17,271.160000,271.160000
2022-05-18,263.140000,263.140000
2022-05-19,264.090000,264.090000
2022-05-20,262.750000,262.750000
2022-05-23,268.570000,268.570000
2022-05-24,273.930000,273.930000
2022-05-25,273.360000,273.360000
2022-05-26,278.560000,278.560000
2022-05-27,284.870000,284.870000
2022-05-31,280.370000,280.370000
2022-06-01,280.620000,280.620000
2022-06-02,286.390000,286.390000
2022-06-03,286.320000,286.320000
2022-06-06,289.590000,289.590000
2022-06-07,290.920000,290.920000
2022-06-08,282.720000,282.720000
2022-06-09,280.800000,280.800000
2022-06-10,274.370000,274.370000
2022-06-13,269.650000,269.650000
2022-06-14,267.990000,267.990000
2022-06-15,269.170000,269.170000
2022-06-16,262.150000,262.150000
2022-06-17,259.870000,259.870000
2022-06-21,263.500000,263.500000
2022-06-22,264.330000,264.330000
2022-06-23,264.450000,264.450000
2022-06-24,277.170000,277.170000
2022-06-27,278.200000,278.200000
2022-06-28,274.570000,274.570000
2022-06-29,276.800000,276.800000
2022-06-30,281.780000,281.780000
2022-07-01,287.190000,287.190000
2022-07-05,279.180000,279.180000
2022-07-06,285.220000,285.220000
2022-07-07,286.880000,286.880000
2022-07-08,288.190000,288.190000
2022-07-11,287.390000,287.390000
2022-07-12,284.300000,284.300000
2022-07-13,280.310000,280.310000
2022-07-14,280.510000,280.510000
2022-07-15,283.810000,283.810000
2022-07-18,281.000000,281.000000
2022-07-19,284.700000,284.700000
2022-07-20,284.310000,284.310000
2022-07-21,287.170000,287.170000
2022-07-22,286.210000,286.210000
2022-07-25,291.230000,291.230000
2022-07-26,293.170000,293.170000
2022-07-27,292.140000,292.140000
2022-07-28,300.020000,300.020000
2022-07-29,302.290000,302.290000
2022-08-01,300.970000,300.970000
2022-08-02,292.150000,292.150000
2022-08-03,290.590000,290.590000
2022-08-04,288.460000,288.460000
2022-08-05,287.400000,287.400000
2022-08-08,282.870000,282.870000
2022-08-09,283.510000,283.510000
2022-08-10,282.030000,282.030000
2022-08-11,276.000000,276.000000
2022-08-12,281.050000,281.050000
2022-08-15,287.570000,287.570000
2022-08-16,282.230000,282.230000
2022-08-17,283.740000,283.740000
2022-08-18,284.400000,284.400000
2022-08-19,286.420000,286.420000
2022-08-22,282.700000,282.700000
2022-08-23,281.930000,281.930000
2022-08-24,281.670000,281.670000
2022-08-25,281.040000,281.040000
2022-08-26,275.780000,275.780000
2022-08-29,275.900000,275.900000
2022-08-30,273.220000,273.220000
2022-08-31,280.870000,280.870000
2022-09-01,276.850000,276.850000
2022-09-02,275.080000,275.080000
2022-09-06,274.840000,274.840000
2022-09-07,277.880000,277.880000
2022-09-08,276.550000,276.550000
2022-09-09,280.640000,280.640000
2022-09-12,281.170000,281.170000
2022-09-13,275.780000,275.780000
2022-09-14,276.590000,276.590000
2022-09-15,275.890000,275.890000
2022-09-16,279.920000,279.920000
2022-09-19,280.140000,280.140000
2022-09-20,281.410000,281.410000
2022-09-21,278.110000,278.110000
2022-09-22,276.110000,276.110000
2022-09-23,271.360000,271.360000
2022-09-26,268.950000,268.950000
2022-09-27,263.700000,263.700000
2022-09-28,267.570000,267.570000
2022-09-29,264.240000,264.240000
2022-09-30,261.060000,261.060000
2022-10-03,269.510000,269.510000
2022-10-04,272.490000,272.490000
2022-10-05,270.380000,270.380000
2022-10-06,263.010000,263.010000
2022-10-07,260.760000,260.760000
2022-10-10,261.230000,261.230000
2022-10-11,256.950000,256.950000
2022-10-12,250.320000,250.320000
2022-10-13,256.920000,256.920000
2022-10-14,248.660000,248.660000
2022-10-17,257.060000,257.060000
2022-10-18,264.280000,264.280000
2022-10-19,261.930000,261.930000
2022-10-20,264.760000,264.760000
2022-10-21,273.090000,273.090000
2022-10-24,271.180000,271.180000
2022-10-25,278.370000,278.370000
2022-10-26,279.620000,279.620000
2022-10-27,294.900000,294.900000
2022-10-28,303.120000,303.120000
2022-10-31,304.030000,304.030000
2022-11-01,302.930000,302.930000
2022-11-02,303.030000,303.030000
2022-11-03,301.870000,301.870000
2022-11-04,295.760000,295.760000
2022-11-07,302.140000,302.140000
2022-11-08,302.450000,302.450000
2022-11-09,298.380000,298.380000
2022-11-10,301.200000,301.200000
2022-11-11,289.120000,289.120000
2022-11-14,289.230000,289.230000
2022-11-15,289.730000,289.730000
2022-11-16,299.680000,299.680000
2022-11-17,305.160000,305.160000
2022-11-18,303.760000,303.760000
2022-11-21,306.870000,306.870000
2022-11-22,307.380000,307.380000
2022-11-23,305.630000,305.630000
2022-11-25,311.080000,311.080000
2022-11-28,308.430000,308.430000
2022-11-29,307.110000,307.110000
2022-11-30,312.300000,312.300000
2022-12-01,313.710000,313.710000
2022-12-02,315.570000,315.570000
2022-12-05,312.950000,312.950000
2022-12-06,311.020000,311.020000
2022-12-07,304.820000,304.820000
2022-12-08,304.840000,304.840000
2022-12-09,300.530000,300.530000
2022-12-12,298.630000,298.630000
2022-12-13,298.720000,298.720000
2022-12-14,304.700000,304.700000
2022-12-15,300.450000,300.450000
2022-12-16,301.980000,301.980000
2022-12-19,297.100000,297.100000
2022-12-20,298.150000,298.150000
2022-12-21,303.640000,303.640000
2022-12-22,299.590000,299.590000
2022-12-23,299.280000,299.280000
2022-12-27,302.920000,302.920000
2022-12-28,297.970000,297.970000
2022-12-29,300.590000,300.590000
2022-12-30,300.590000,300.590000
2023-01-03,307.990000,307.990000
2023-01-04,308.000000,308.000000
2023-01-05,308.340000,308.340000
2023-01-06,314.610000,314.610000
2023-01-09,297.160000,297.160000
2023-01-10,295.250000,295.250000
2023-01-11,295.780000,295.780000
2023-01-12,293.090000,293.090000
2023-01-13,293.560000,293.560000
2023-01-17,291.370000,291.370000
2023-01-18,287.130000,287.130000
2023-01-19,284.800000,284.800000
2023-01-20,285.990000,285.990000
2023-01-23,285.980000,285.980000
2023-01-24,288.910000,288.910000
2023-01-25,291.500000,291.500000
2023-01-26,303.810000,303.810000
2023-01-27,295.090000,295.090000
2023-01-30,301.950000,301.950000
2023-01-31,308.090000,308.090000
2023-02-01,305.390000,305.390000
2023-02-02,303.720000,303.720000
2023-02-03,304.720000,304.720000
2023-02-06,302.930000,302.930000
2023-02-07,303.550000,303.550000
2023-02-08,299.850000,299.850000
2023-02-09,296.570000,296.570000
2023-02-10,301.580000,301.580000
2023-02-13,301.850000,301.850000
2023-02-14,296.640000,296.640000
2023-02-15,298.430000,298.430000
2023-02-16,303.960000,303.960000
2023-02-17,304.000000,304.000000
2023-02-21,300.940000,300.940000
2023-02-22,300.100000,300.100000
2023-02-23,297.100000,297.100000
2023-02-24,297.330000,297.330000
2023-02-27,295.230000,295.230000
2023-02-28,293.000000,293.000000
2023-03-01,293.940000,293.940000
2023-03-02,295.100000,295.100000
2023-03-03,295.660000,295.660000
2023-03-06,292.340000,292.340000
2023-03-07,299.190000,299.190000
2023-03-08,288.690000,288.690000
2023-03-09,284.660000,284.660000
2023-03-10,281.110000,281.110000
2023-03-13,278.980000,278.980000
2023-03-14,284.350000,284.350000
2023-03-15,282.860000,282.860000
2023-03-16,284.300000,284.300000
2023-03-17,279.590000,279.590000
2023-03-20,281.240000,281.240000
2023-03-21,286.710000,286.710000
2023-03-22,281.750000,281.750000
2023-03-23,282.470000,282.470000
2023-03-24,287.630000,287.630000
2023-03-27,289.010000,289.010000
2023-03-28,292.680000,292.680000
2023-03-29,293.420000,293.420000
2023-03-30,294.850000,294.850000
2023-03-31,296.280000,296.280000
2023-04-03,301.350000,301.350000
2023-04-04,297.630000,297.630000
2023-04-05,297.840000,297.840000
2023-04-06,298.760000,298.760000
2023-04-10,302.610000,302.610000
2023-04-11,303.050000,303.050000
2023-04-12,305.290000,305.290000
2023-04-13,309.430000,309.430000
2023-04-14,308.600000,308.600000
2023-04-17,309.890000,309.890000
2023-04-18,310.340000,310.340000
2023-04-19,309.310000,309.310000
2023-04-20,307.330000,307.330000
2023-04-21,308.120000,308.120000
2023-04-24,306.060000,306.060000
2023-04-25,304.060000,304.060000
2023-04-26,300.730000,300.730000
2023-04-27,312.430000,312.430000
2023-04-28,313.320000,313.320000
2023-05-01,316.220000,316.220000
2023-05-02,308.700000,308.700000
2023-05-03,308.680000,308.680000
2023-05-04,303.550000,303.550000
2023-05-05,305.690000,305.690000
2023-05-08,303.950000,303.950000
2023-05-09,304.520000,304.520000
2023-05-10,307.530000,307.530000
2023-05-11,305.080000,305.080000
2023-05-12,306.730000,306.730000
2023-05-15,306.220000,306.220000
2023-05-16,302.280000,302.280000
2023-05-17,303.960000,303.960000
2023-05-18,303.360000,303.360000
2023-05-19,301.540000,301.540000
2023-05-22,302.270000,302.270000
2023-05-23,299.520000,299.520000
2023-05-24,298.020000,298.020000
2023-05-25,294.100000,294.100000
2023-05-26,296.780000,296.780000
2023-05-30,300.330000,300.330000
2023-05-31,299.220000,299.220000
2023-06-01,300.960000,300.960000
2023-06-02,308.090000,308.090000
2023-06-05,303.920000,303.920000
2023-06-06,306.810000,306.810000
2023-06-07,310.380000,310.380000
2023-06-08,315.370000,315.370000
2023-06-09,317.230000,317.230000
2023-06-12,319.440000,319.440000
2023-06-13,323.160000,323.160000
2023-06-14,319.830000,319.830000
2023-06-15,322.910000,322.910000
2023-06-16,325.690000,325.690000
2023-06-20,327.920000,327.920000
2023-06-21,329.900000,329.900000
2023-06-22,332.830000,332.830000
2023-06-23,328.290000,328.290000
2023-06-26,330.980000,330.980000
2023-06-27,334.690000,334.690000
2023-06-28,336.430000,336.430000
2023-06-29,338.400000,338.400000
2023-06-30,340.840000,340.840000
2023-07-03,340.690000,340.690000
2023-07-05,341.660000,341.660000
2023-07-06,339.780000,339.780000
2023-07-07,342.480000,342.480000
2023-07-10,341.960000,341.960000
2023-07-11,347.870000,347.870000
2023-07-12,346.690000,346.690000
2023-07-13,348.830000,348.830000
2023-07-14,347.250000,347.250000
2023-07-17,346.790000,346.790000
2023-07-18,347.620000,347.620000
2023-07-19,344.340000,344.340000
2023-07-20,347.240000,347.240000
2023-07-21,346.350000,346.350000
2023-07-24,348.240000,348.240000
2023-07-25,352.280000,352.280000
2023-07-26,353.050000,353.050000
2023-07-27,345.370000,345.370000
2023-07-28,350.140000,350.140000
2023-07-31,350.440000,350.440000
2023-08-01,354.300000,354.300000
2023-08-02,354.750000,354.750000
2023-08-03,354.820000,354.820000
2023-08-04,354.550000,354.550000
2023-08-07,357.920000,357.920000
2023-08-08,354.360000,354.360000
2023-08-09,356.330000,356.330000
2023-08-10,343.110000,343.110000
2023-08-11,343.870000,343.870000
2023-08-14,341.300000,341.300000
2023-08-15,338.220000,338.220000
2023-08-16,333.060000,333.060000
2023-08-17,327.860000,327.860000
2023-08-18,327.400000,327.400000
2023-08-21,326.250000,326.250000
2023-08-22,327.430000,327.430000
2023-08-23,331.000000,331.000000
2023-08-24,327.720000,327.720000
2023-08-25,325.300000,325.300000
2023-08-28,327.000000,327.000000
2023-08-29,327.150000,327.150000
2023-08-30,328.670000,328.670000
2023-08-31,328.010000,328.010000
2023-09-01,331.180000,331.180000
2023-09-05,325.300000,325.300000
2023-09-06,321.590000,321.590000
2023-09-07,314.000000,314.000000
2023-09-08,317.580000,317.580000
2023-09-11,318.820000,318.820000
2023-09-12,318.060000,318.060000
2023-09-13,315.760000,315.760000
2023-09-14,321.580000,321.580000
2023-09-15,317.900000,317.900000
2023-09-18,318.660000,318.660000
2023-09-19,320.300000,320.300000
2023-09-20,321.450000,321.450000
2023-09-21,312.720000,312.720000
2023-09-22,310.220000,310.220000
2023-09-25,311.850000,311.850000
2023-09-26,309.310000,309.310000
2023-09-27,313.550000,313.550000
2023-09-28,315.930000,315.930000
2023-09-29,313.930000,313.930000
2023-10-02,313.490000,313.490000
2023-10-03,309.890000,309.890000
2023-10-04,312.660000,312.660000
2023-10-05,310.370000,310.370000
2023-10-06,315.200000,315.200000
2023-10-09,333.350000,333.350000
2023-10-10,335.720000,335.720000
2023-10-11,338.980000,338.980000
2023-10-12,336.490000,336.490000
2023-10-13,338.110000,338.110000
2023-10-16,340.040000,340.040000
2023-10-17,341.780000,341.780000
2023-10-18,335.590000,335.590000
2023-10-19,331.440000,331.440000
2023-10-20,327.060000,327.060000
2023-10-23,323.190000,323.190000
2023-10-24,322.690000,322.690000
2023-10-25,322.090000,322.090000
2023-10-26,327.070000,327.070000
2023-10-27,318.550000,318.550000
2023-10-30,317.480000,317.480000
2023-10-31,324.760000,324.760000
2023-11-01,324.170000,324.170000
2023-11-02,326.120000,326.120000
2023-11-03,327.060000,327.060000
2023-11-06,324.830000,324.830000
2023-11-07,325.440000,325.440000
2023-11-08,322.660000,322.660000
2023-11-09,325.490000,325.490000
2023-11-10,325.950000,325.950000
2023-11-13,326.720000,326.720000
2023-11-14,329.470000,329.470000
2023-11-15,324.360000,324.360000
2023-11-16,322.000000,322.000000
2023-11-17,320.490000,320.490000
2023-11-20,324.120000,324.120000
2023-11-21,322.570000,322.570000
2023-11-22,323.420000,323.420000
2023-11-24,324.870000,324.870000
2023-11-27,325.770000,325.770000
2023-11-28,321.160000,321.160000
2023-11-29,317.010000,317.010000
2023-11-30,320.950000,320.950000
2023-12-01,324.520000,324.520000
2023-12-04,336.330000,336.330000
2023-12-05,327.930000,327.930000
2023-12-06,325.930000,325.930000
2023-12-07,323.460000,323.460000
2023-12-08,322.620000,322.620000
2023-12-11,325.120000,325.120000
2023-12-12,326.150000,326.150000
2023-12-13,328.690000,328.690000
2023-12-14,322.010000,322.010000
2023-12-15,318.100000,318.100000
2023-12-18,319.700000,319.700000
2023-12-19,318.240000,318.240000
2023-12-20,315.810000,315.810000
2023-12-21,317.390000,317.390000
2023-12-22,320.940000,320.940000
2023-12-26,320.840000,320.840000
2023-12-27,321.630000,321.630000
2023-12-28,322.040000,322.040000
2023-12-29,323.860000,323.860000
2024-01-02,326.290000,326.290000
2024-01-03,315.550000,315.550000
2024-01-04,314.310000,314.310000
2024-01-05,323.360000,323.360000
2024-01-08,325.340000,325.340000
2024-01-09,324.130000,324.130000
2024-01-10,329.050000,329.050000
2024-01-11,329.540000,329.540000
2024-01-12,332.450000,332.450000
2024-01-16,330.240000,330.240000
2024-01-17,330.030000,330.030000
2024-01-18,331.660000,331.660000
2024-01-19,335.830000,335.830000
2024-01-22,344.690000,344.690000
2024-01-23,339.720000,339.720000
2024-01-24,339.990000,339.990000
2024-01-25,334.140000,334.140000
2024-01-26,342.330000,342.330000
2024-01-29,344.110000,344.110000
2024-01-30,342.870000,342.870000
2024-01-31,343.730000,343.730000
2024-02-01,346.040000,346.040000
2024-02-02,348.160000,348.160000
2024-02-05,346.560000,346.560000
2024-02-06,349.380000,349.380000
2024-02-07,351.150000,351.150000
2024-02-08,355.360000,355.360000
2024-02-09,360.840000,360.840000
2024-02-12,361.900000,361.900000
2024-02-13,357.200000,357.200000
2024-02-14,359.790000,359.790000
2024-02-15,362.560000,362.560000
2024-02-16,366.210000,366.210000
2024-02-20,364.020000,364.020000
2024-02-21,366.440000,366.440000
2024-02-22,367.570000,367.570000
2024-02-23,369.360000,369.360000
2024-02-26,368.710000,368.710000
2024-02-27,371.260000,371.260000
2024-02-28,372.080000,372.080000
2024-02-29,374.850000,374.850000
2024-03-01,369.720000,369.720000
2024-03-04,378.730000,378.730000
2024-03-05,377.010000,377.010000
2024-03-06,376.820000,376.820000
2024-03-07,379.520000,379.520000
2024-03-08,374.160000,374.160000
2024-03-11,372.060000,372.060000
2024-03-12,373.520000,373.520000
2024-03-13,373.990000,373.990000
2024-03-14,372.050000,372.050000
2024-03-15,372.680000,372.680000
2024-03-18,368.220000,368.220000
2024-03-19,370.330000,370.330000
2024-03-20,368.700000,368.700000
2024-03-21,372.580000,372.580000
2024-03-22,370.200000,370.200000
2024-03-25,373.740000,373.740000
2024-03-26,374.590000,374.590000
2024-03-27,378.890000,378.890000
2024-03-28,378.830000,378.830000
2024-04-01,374.980000,374.980000
2024-04-02,369.250000,369.250000
2024-04-03,369.800000,369.800000
2024-04-04,369.080000,369.080000
2024-04-05,374.580000,374.580000
2024-04-08,378.640000,378.640000
2024-04-09,372.800000,372.800000
2024-04-10,367.310000,367.310000
2024-04-11,367.780000,367.780000
2024-04-12,367.740000,367.740000
2024-04-15,364.840000,364.840000
2024-04-16,365.910000,365.910000
2024-04-17,362.510000,362.510000
2024-04-18,364.060000,364.060000
2024-04-19,369.380000,369.380000
2024-04-22,376.080000,376.080000
2024-04-23,382.430000,382.430000
2024-04-24,379.380000,379.380000
2024-04-25,401.870000,401.870000
2024-04-26,404.870000,404.870000
2024-04-29,405.010000,405.010000
2024-04-30,402.230000,402.230000
2024-05-01,407.700000,407.700000
2024-05-02,410.960000,410.960000
2024-05-03,414.950000,414.950000
2024-05-06,423.750000,423.750000
2024-05-07,421.010000,421.010000
2024-05-08,422.690000,422.690000
2024-05-09,428.590000,428.590000
2024-05-10,428.330000,428.330000
2024-05-13,425.250000,425.250000
2024-05-14,424.000000,424.000000
2024-05-15,424.430000,424.430000
2024-05-16,426.360000,426.360000
2024-05-17,426.890000,426.890000
2024-05-20,427.250000,427.250000
2024-05-21,426.890000,426.890000
2024-05-22,427.720000,427.720000
2024-05-23,425.720000,425.720000
2024-05-24,429.020000,429.020000
2024-05-28,423.110000,423.110000
2024-05-29,418.870000,418.870000
2024-05-30,423.330000,423.330000
2024-05-31,424.480000,424.480000
2024-06-03,419.890000,419.890000
2024-06-04,422.230000,422.230000
2024-06-05,423.950000,423.950000
2024-06-06,420.790000,420.790000
2024-06-07,417.520000,417.520000
2024-06-10,419.960000,419.960000
2024-06-11,422.570000,422.570000
2024-06-12,427.350000,427.350000
2024-06-13,425.480000,425.480000
2024-06-14,423.870000,423.870000
2024-06-17,430.310000,430.310000
2024-06-18,431.870000,431.870000
2024-06-20,430.680000,430.680000
2024-06-21,433.770000,433.770000
2024-06-24,433.880000,433.880000
2024-06-25,435.360000,435.360000
2024-06-26,437.130000,437.130000
2024-06-27,434.560000,434.560000
2024-06-28,430.130000,430.130000
2024-07-01,427.760000,427.760000
2024-07-02,428.270000,428.270000
2024-07-03,426.950000,426.950000
2024-07-05,422.970000,422.970000
2024-07-08,427.310000,427.310000
2024-07-09,425.080000,425.080000
2024-07-10,429.040000,429.040000
2024-07-11,434.110000,434.110000
2024-07-12,439.230000,439.230000
2024-07-15,439.830000,439.830000
2024-07-16,443.150000,443.150000
2024-07-17,446.530000,446.530000
2024-07-18,446.370000,446.370000
2024-07-19,445.500000,445.500000
2024-07-22,452.240000,452.240000
2024-07-23,459.320000,459.320000
2024-07-24,447.510000,447.510000
2024-07-25,453.580000,453.580000
2024-07-26,449.030000,449.030000
2024-07-29,451.620000,451.620000
2024-07-30,452.630000,452.630000
2024-07-31,461.480000,461.480000
2024-08-01,463.910000,463.910000
2024-08-02,461.120000,461.120000
2024-08-05,443.430000,443.430000
2024-08-06,446.730000,446.730000
2024-08-07,447.020000,447.020000
2024-08-08,460.660000,460.660000
2024-08-09,462.380000,462.380000
2024-08-12,463.480000,463.480000
2024-08-13,461.280000,461.280000
2024-08-14,461.860000,461.860000
2024-08-15,464.000000,464.000000
2024-08-16,465.290000,465.290000
2024-08-19,466.620000,466.620000
2024-08-20,466.430000,466.430000
2024-08-21,471.730000,471.730000
2024-08-22,468.570000,468.570000
2024-08-23,475.000000,475.000000
2024-08-26,471.020000,471.020000
2024-08-27,476.610000,476.610000
2024-08-28,478.670000,478.670000
2024-08-29,480.660000,480.660000
2024-08-30,488.120000,488.120000
2024-09-03,478.350000,478.350000
2024-09-04,478.300000,478.300000
2024-09-05,479.170000,479.170000
2024-09-06,466.730000,466.730000
2024-09-09,470.080000,470.080000
2024-09-10,470.310000,470.310000
2024-09-11,469.280000,469.280000
2024-09-12,471.580000,471.580000
2024-09-13,476.240000,476.240000
2024-09-16,490.370000,490.370000
2024-09-17,485.000000,485.000000
2024-09-18,483.390000,483.390000
2024-09-19,489.610000,489.610000
2024-09-20,491.180000,491.180000
2024-09-23,491.450000,491.450000
2024-09-24,493.050000,493.050000
2024-09-25,493.370000,493.370000
2024-09-26,498.320000,498.320000
2024-09-27,499.960000,499.960000
2024-09-30,504.560000,504.560000
2024-10-01,505.620000,505.620000
2024-10-02,505.750000,505.750000
2024-10-03,512.300000,512.300000
2024-10-04,511.800000,511.800000
2024-10-07,506.360000,506.360000
2024-10-08,512.360000,512.360000
2024-10-09,516.880000,516.880000
2024-10-10,512.890000,512.890000
2024-10-11,520.970000,520.970000
2024-10-14,528.050000,528.050000
2024-10-15,527.130000,527.130000
2024-10-16,526.300000,526.300000
2024-10-17,529.640000,529.640000
2024-10-18,531.290000,531.290000
2024-10-21,532.160000,532.160000
2024-10-22,523.410000,523.410000
2024-10-23,524.100000,524.100000
2024-10-24,552.550000,552.550000
2024-10-25,547.360000,547.360000
2024-10-28,547.780000,547.780000
2024-10-29,563.360000,563.360000
2024-10-30,562.520000,562.520000
2024-10-31,552.560000,552.560000
2024-11-01,553.280000,553.280000
2024-11-04,553.270000,553.270000
2024-11-05,564.940000,564.940000
2024-11-06,564.250000,564.250000
2024-11-07,559.670000,559.670000
2024-11-08,568.290000,568.290000
2024-11-11,572.440000,572.440000
2024-11-12,567.200000,567.200000
2024-11-13,542.360000,542.360000
2024-11-14,491.320000,491.320000
2024-11-15,470.790000,470.790000
2024-11-18,448.000000,448.000000
2024-11-19,444.620000,444.620000
2024-11-20,454.900000,454.900000
2024-11-21,475.480000,475.480000
2024-11-22,468.780000,468.780000
2024-11-25,464.350000,464.350000
2024-11-26,472.470000,472.470000
2024-11-27,460.290000,460.290000
2024-11-29,459.880000,459.880000
2024-12-02,459.690000,459.690000
2024-12-03,453.900000,453.900000
2024-12-04,454.000000,454.000000
2024-12-05,456.150000,456.150000
2024-12-06,454.520000,454.520000
2024-12-09,437.190000,437.190000
2024-12-10,444.490000,444.490000
2024-12-11,430.000000,430.000000
2024-12-12,414.000000,414.000000
2024-12-13,409.910000,409.910000
2024-12-16,416.950000,416.950000
2024-12-17,415.140000,415.140000
2024-12-18,403.330000,403.330000
2024-12-19,399.930000,399.930000
2024-12-20,402.720000,402.720000
2024-12-23,405.020000,405.020000
2024-12-24,404.880000,404.880000
2024-12-26,408.030000,408.030000
2024-12-27,406.170000,406.170000
2024-12-30,402.230000,402.230000
2024-12-31,404.060000,404.060000
2025-01-02,410.960000,410.960000
2025-01-03,420.140000,420.140000
2025-01-06,415.110000,415.110000
2025-01-07,413.950000,413.950000
2025-01-08,415.910000,415.910000
2025-01-10,431.240000,431.240000
2025-01-13,446.060000,446.060000
2025-01-14,441.220000,441.220000
2025-01-15,446.780000,446.780000
2025-01-16,454.280000,454.280000
2025-01-17,452.390000,452.390000
2025-01-21,465.180000,465.180000
2025-01-22,465.110000,465.110000
2025-01-23,421.640000,421.640000
2025-01-24,406.420000,406.420000
2025-01-27,420.810000,420.810000
2025-01-28,392.100000,392.100000
2025-01-29,385.710000,385.710000
2025-01-30,386.680000,386.680000
2025-01-31,386.260000,386.260000
2025-02-03,384.730000,384.730000
2025-02-04,386.360000,386.360000
2025-02-05,380.120000,380.120000
2025-02-06,375.250000,375.250000
2025-02-07,376.180000,376.180000
2025-02-10,382.100000,382.100000
2025-02-11,364.920000,364.920000
2025-02-12,355.750000,355.750000
2025-02-13,343.010000,343.010000
2025-02-14,338.510000,338.510000
2025-02-18,339.140000,339.140000
2025-02-19,344.510000,344.510000
2025-02-20,341.680000,341.680000
2025-02-21,327.000000,327.000000
2025-02-24,327.170000,327.170000
2025-02-25,332.260000,332.260000
2025-02-26,331.060000,331.060000
2025-02-27,335.630000,335.630000
2025-02-28,334.850000,334.850000
2025-03-03,329.540000,329.540000
2025-03-04,353.020000,353.020000
2025-03-05,362.870000,362.870000
2025-03-06,358.960000,358.960000
2025-03-07,387.170000,387.170000
2025-03-10,378.770000,378.770000
2025-03-11,366.940000,366.940000
2025-03-12,370.020000,370.020000
2025-03-13,367.590000,367.590000
2025-03-14,373.330000,373.330000
2025-03-17,387.830000,387.830000
2025-03-18,390.000000,390.000000
2025-03-19,386.890000,386.890000
2025-03-20,369.660000,369.660000
2025-03-21,366.120000,366.120000
2025-03-24,371.480000,371.480000
2025-03-25,372.700000,372.700000
2025-03-26,372.970000,372.970000
2025-03-27,375.990000,375.990000
2025-03-28,373.370000,373.370000
2025-03-31,366.920000,366.920000
2025-04-01,369.900000,369.900000
2025-04-02,391.260000,391.260000
2025-04-03,392.060000,392.060000
2025-04-04,386.110000,386.110000
2025-04-07,387.220000,387.220000
2025-04-08,386.700000,386.700000
2025-04-09,404.000000,404.000000
2025-04-10,403.420000,403.420000
2025-04-11,412.690000,412.690000
2025-04-14,424.050000,424.050000
2025-04-15,417.220000,417.220000
2025-04-16,414.930000,414.930000
2025-04-17,420.000000,420.000000
2025-04-21,418.770000,418.770000
2025-04-22,422.710000,422.710000
2025-04-23,423.370000,423.370000
2025-04-24,456.670000,456.670000
2025-04-25,449.490000,449.490000
2025-04-28,448.820000,448.820000
2025-04-29,449.150000,449.150000
2025-04-30,457.870000,457.870000
2025-05-01,458.870000,458.870000
2025-05-02,463.170000,463.170000
2025-05-05,461.600000,461.600000
2025-05-06,471.520000,471.520000
2025-05-07,474.160000,474.160000
2025-05-08,476.270000,476.270000
2025-05-09,477.820000,477.820000
2025-05-12,475.790000,475.790000
2025-05-13,462.040000,462.040000
2025-05-14,466.690000,466.690000
2025-05-15,476.980000,476.980000
2025-05-16,479.150000,479.150000
2025-05-19,477.920000,477.920000
2025-05-20,477.290000,477.290000
2025-05-21,472.630000,472.630000
2025-05-22,474.750000,474.750000
2025-05-23,461.620000,461.620000
2025-05-27,467.270000,467.270000
2025-05-28,446.720000,446.720000
2025-05-29,429.180000,429.180000
2025-05-30,428.000000,428.000000
2025-06-02,416.260000,416.260000
2025-06-03,427.260000,427.260000
2025-06-04,425.210000,425.210000
2025-06-05,432.270000,432.270000
2025-06-06,445.450000,445.450000
2025-06-09,441.050000,441.050000
2025-06-10,436.610000,436.610000
2025-06-11,441.220000,441.220000
2025-06-12,445.760000,445.760000
2025-06-13,450.680000,450.680000
2025-06-16,446.240000,446.240000
2025-06-17,458.730000,458.730000
2025-06-18,454.540000,454.540000
2025-06-20,453.570000,453.570000
2025-06-23,457.610000,457.610000
2025-06-24,452.170000,452.170000
2025-06-25,460.910000,460.910000
2025-06-26,465.370000,465.370000
2025-06-27,463.370000,463.370000
2025-06-30,476.700000,476.700000
2025-07-01,483.410000,483.410000
2025-07-02,487.810000,487.810000
2025-07-03,489.020000,489.020000
2025-07-07,505.000000,505.000000
2025-07-08,488.870000,488.870000
2025-07-09,485.400000,485.400000
2025-07-10,479.970000,479.970000
2025-07-11,481.180000,481.180000
2025-07-14,487.230000,487.230000
2025-07-15,474.950000,474.950000
2025-07-16,473.650000,473.650000
2025-07-17,479.590000,479.590000
2025-07-18,482.920000,482.920000
2025-07-21,478.670000,478.670000
2025-07-22,477.460000,477.460000
2025-07-23,480.670000,480.670000
2025-07-24,478.000000,478.000000
2025-07-25,479.850000,479.850000
2025-07-28,463.360000,463.360000
2025-07-29,468.620000,468.620000
2025-07-30,468.770000,468.770000
2025-07-31,460.570000,460.570000
2025-08-01,460.930000,460.930000
2025-08-04,466.680000,466.680000
2025-08-05,471.530000,471.530000
2025-08-06,475.290000,475.290000
2025-08-07,499.940000,499.940000
2025-08-08,494.890000,494.890000
2025-08-11,478.640000,478.640000
2025-08-12,477.230000,477.230000
2025-08-13,503.900000,503.900000
2025-08-14,490.680000,490.680000
2025-08-15,488.710000,488.710000
2025-08-18,486.220000,486.220000
2025-08-19,486.850000,486.850000
2025-08-20,486.630000,486.630000
2025-08-21,486.020000,486.020000
2025-08-22,481.420000,481.420000
2025-08-25,484.810000,484.810000
2025-08-26,483.130000,483.130000
2025-08-27,487.070000,487.070000
2025-08-28,479.710000,479.710000
2025-08-29,479.720000,479.720000
2025-09-02,482.940000,482.940000
2025-09-03,469.450000,469.450000
2025-09-04,460.100000,460.100000
2025-09-05,474.450000,474.450000
2025-09-08,474.040000,474.040000
2025-09-09,479.620000,479.620000
2025-09-10,486.240000,486.240000
2025-09-11,493.120000,493.120000
2025-09-12,495.960000,495.960000
2025-09-15,495.060000,495.060000
2025-09-16,491.370000,491.370000
2025-09-17,495.630000,495.630000
2025-09-18,496.500000,496.500000
2025-09-19,498.810000,498.810000
2025-09-22,501.770000,501.770000
2025-09-23,492.950000,492.950000
2025-09-24,497.230000,497.230000
2025-09-25,476.240000,476.240000
2025-09-26,485.590000,485.590000
2025-09-29,488.060000,488.060000
2025-09-30,498.780000,498.780000
2025-10-01,515.160000,515.160000
2025-10-02,519.070000,519.070000
2025-10-03,530.230000,530.230000
2025-10-06,529.000000,529.000000
2025-10-07,525.960000,525.960000
2025-10-08,526.700000,526.700000
2025-10-09,511.300000,511.300000
2025-10-10,510.350000,510.350000
2025-10-13,508.060000,508.060000
2025-10-14,514.310000,514.310000
2025-10-15,517.100000,517.100000
2025-10-16,518.230000,518.230000
2025-10-17,515.820000,515.820000
2025-10-20,526.840000,526.840000
2025-10-21,533.690000,533.690000
2025-10-22,520.160000,520.160000
2025-10-23,584.570000,584.570000
2025-10-24,585.550000,585.550000
2025-10-27,578.730000,578.730000
2025-10-28,572.490000,572.490000
2025-10-29,562.180000,562.180000
2025-10-30,563.250000,563.250000
2025-10-31,562.250000,562.250000
2025-11-03,564.140000,564.140000
2025-11-04,584.740000,584.740000
2025-11-05,588.570000,588.570000
2025-11-06,584.400000,584.400000
2025-11-07,589.250000,589.250000
2025-11-10,591.850000,591.850000
2025-11-11,587.870000,587.870000
2025-11-12,586.650000,586.650000
2025-11-13,587.290000,587.290000
2025-11-14,590.830000,590.830000
2025-11-17,586.310000,586.310000
2025-11-18,597.250000,597.250000
2025-11-19,602.850000,602.850000
2025-11-20,595.000000,595.000000
2025-11-21,599.940000,599.940000
2025-11-24,610.230000,610.230000
2025-11-25,617.970000,617.970000
2025-11-26,615.350000,615.350000
2025-11-28,617.100000,617.100000
2025-12-01,612.250000,612.250000
2025-12-02,606.360000,606.360000
2025-12-03,592.880000,592.880000
2025-12-04,605.600000,605.600000
2025-12-05,595.650000,595.650000
2025-12-08,593.430000,593.430000
2025-12-09,589.190000,589.190000
2025-12-10,596.450000,596.450000
2025-12-11,586.510000,586.510000
2025-12-12,572.450000,572.450000
2025-12-15,567.410000,567.410000
2025-12-16,560.200000,560.200000
2025-12-17,560.750000,560.750000
2025-12-18,548.960000,548.960000
2025-12-19,556.610000,556.610000
2025-12-22,550.000000,550.000000
2025-12-23,544.550000,544.550000
2025-12-24,544.410000,544.410000
2025-12-26,541.970000,541.970000
2025-12-29,539.480000,539.480000
2025-12-30,539.010000,539.010000
2025-12-31,532.810000,532.810000
2026-01-02,537.410000,537.410000
2026-01-05,568.630000,568.630000
2026-01-06,559.440000,559.440000
2026-01-07,562.790000,562.790000
2026-01-08,584.090000,584.090000
2026-01-09,598.940000,598.940000
2026-01-12,604.820000,604.820000
2026-01-13,604.570000,604.570000
2026-01-14,611.330000,611.330000
2026-01-15,627.500000,627.500000
2026-01-16,635.400000,635.400000
2026-01-20,629.140000,629.140000
2026-01-21,632.560000,632.560000
2026-01-22,655.460000,655.460000
2026-01-23,662.190000,662.190000
2026-01-26,642.780000,642.780000
2026-01-27,643.210000,643.210000
2026-01-28,638.240000,638.240000
2026-01-29,623.130000,623.130000
2026-01-30,620.580000,620.580000
2026-02-02,612.370000,612.370000
2026-02-03,618.840000,618.840000
2026-02-04,605.080000,605.080000
2026-02-05,598.320000,598.320000
2026-02-06,618.500000,618.500000
2026-02-09,637.270000,637.270000
2026-02-10,625.800000,625.800000
2026-02-11,572.830000,572.830000
2026-02-12,561.390000,561.390000
2026-02-13,573.300000,573.300000
2026-02-17,564.530000,564.530000
2026-02-18,566.990000,566.990000
2026-02-19,591.200000,591.200000
2026-02-20,586.030000,586.030000
2026-02-23,570.990000,570.990000
2026-02-24,586.020000,586.020000
2026-02-25,590.030000,590.030000
2026-02-26,597.160000,597.160000
2026-02-27,610.170000,610.170000
2026-03-02,624.960000,624.960000
2026-03-03,629.750000,629.750000
2026-03-04,624.550000,624.550000
2026-03-05,612.520000,612.520000
2026-03-06,616.000000,616.000000
2026-03-09,633.210000,633.210000
2026-03-10,591.710000,591.710000
2026-03-11,604.380000,604.380000
2026-03-12,612.630000,612.630000
2026-03-13,606.720000,606.720000
2026-03-16,605.350000,605.350000
2026-03-17,612.930000,612.930000
2026-03-18,608.730000,608.730000
2026-03-19,612.930000,612.930000
2026-03-20,606.380000,606.380000
2026-03-23,589.280000,589.280000
2026-03-24,576.710000,576.710000
2026-03-25,578.940000,578.940000
2026-03-26,579.840000,579.840000
2026-03-27,563.670000,563.670000
2026-03-30,558.480000,558.480000
2026-03-31,543.870000,543.870000
2026-04-01,561.150000,561.150000
2026-04-02,575.630000,575.630000
2026-04-06,571.930000,571.930000
2026-04-07,569.110000,569.110000
2026-04-08,578.450000,578.450000
2026-04-09,563.210000,563.210000
2026-04-10,534.490000,534.490000
2026-04-13,539.840000,539.840000
2026-04-14,533.580000,533.580000
2026-04-15,531.680000,531.680000
2026-04-16,530.100000,530.100000
2026-04-17,527.160000,527.160000
2026-04-20,522.070000,522.070000
2026-04-21,518.380000,518.380000
2026-04-22,512.250000,512.250000
2026-04-23,526.490000,526.490000
2026-04-24,516.540000,516.540000
2026-04-27,501.900000,501.900000
2026-04-28,508.720000,508.720000
2026-04-29,503.030000,503.030000
2026-04-30,519.540000,519.540000
2026-05-01,513.290000,513.290000
2026-05-04,513.580000,513.580000
2026-05-05,494.040000,494.040000
2026-05-06,499.420000,499.420000
2026-05-07,489.880000,489.880000
2026-05-08,480.990000,480.990000
2026-05-11,482.570000,482.570000
2026-05-12,499.180000,499.180000
2026-05-13,503.870000,503.870000
2026-05-14,504.180000,504.180000
2026-05-15,486.960000,486.960000
2026-05-18,494.920000,494.920000
2026-05-19,493.320000,493.320000
2026-05-20,492.910000,492.910000
2026-05-21,490.070000,490.070000
2026-05-22,501.350000,501.350000
2026-05-26,501.130000,501.130000
2026-05-27,510.840000,510.840000
2026-05-28,522.850000,522.850000
2026-05-29,513.510000,513.510000
2026-06-01,524.920000,524.920000
2026-06-02,524.800000,524.800000
2026-06-03,528.070000,528.070000
2026-06-04,532.130000,532.130000
2026-06-05,531.410000,531.410000
2026-06-08,519.140000,519.140000
2026-06-09,525.040000,525.040000
2026-06-10,521.140000,521.140000
2026-06-11,525.420000,525.420000
2026-06-12,519.400000,519.400000
2026-06-15,507.560000,507.560000
2026-06-16,504.420000,504.420000
2026-06-17,494.940000,494.940000
2026-06-18,466.420000,466.420000
2026-06-22,449.720000,449.720000
2026-06-23,467.680000,467.680000
2026-06-24,462.040000,462.040000
2026-06-25,443.260000,443.260000
2026-06-26,453.920000,453.920000
2026-06-29,457.040000,457.040000
2026-06-30,463.260000,463.260000
2026-07-01,466.880000,466.880000
2026-07-02,502.830000,502.830000
2026-07-06,505.240000,505.240000
2026-07-07,497.360000,497.360000
2026-07-08,493.780000,493.780000
2026-07-09,483.290000,483.290000
2026-07-10,486.450000,486.450000
2026-07-13,477.970000,477.970000
2026-07-14,468.550000,468.550000
2026-07-15,471.830000,471.830000
2026-07-16,462.850000,462.850000
2026-07-17,461.560000,461.560000
2026-07-20,451.330000,451.330000
2026-07-21,440.760000,440.760000
2026-07-22,467.430000,467.430000
2026-07-23,480.610000,480.610000
