date,close,adj_close
2014-01-10,901.000000,901.000000
2014-01-13,881.000000,881.000000
2014-01-14,898.000000,898.000000
2014-01-15,963.000000,963.000000
2014-01-16,1140.000000,1140.000000
2014-01-17,1085.000000,1085.000000
2014-01-21,1100.000000,1100.000000
2014-01-22,1015.500000,1015.500000
2014-01-23,970.000000,970.000000
2014-01-24,946.000000,946.000000
2014-01-27,908.500000,908.500000
2014-01-28,932.000000,932.000000
2014-01-29,934.000000,934.000000
2014-01-30,962.000000,962.000000
2014-01-31,995.000000,995.000000
2014-02-03,1001.000000,1001.000000
2014-02-04,992.000000,992.000000
2014-02-05,939.000000,939.000000
2014-02-06,917.000000,917.000000
2014-02-07,924.000000,924.000000
2014-02-10,927.000000,927.000000
2014-02-11,984.000000,984.000000
2014-02-12,1035.000000,1035.000000
2014-02-13,1039.000000,1039.000000
2014-02-14,1039.000000,1039.000000
2014-02-18,1051.000000,1051.000000
2014-02-19,1011.000000,1011.000000
2014-02-20,1020.000000,1020.000000
2014-02-21,1045.000000,1045.000000
2014-02-24,1051.000000,1051.000000
2014-02-25,1268.000000,1268.000000
2014-02-26,1251.000000,1251.000000
2014-02-27,1277.000000,1277.000000
2014-02-28,1219.000000,1219.000000
2014-03-03,1306.000000,1306.000000
2014-03-04,1438.000000,1438.000000
2014-03-05,1490.000000,1490.000000
2014-03-06,1445.000000,1445.000000
2014-03-07,1574.000000,1574.000000
2014-03-10,1621.000000,1621.000000
2014-03-11,1688.000000,1688.000000
2014-03-12,1700.000000,1700.000000
2014-03-13,1667.000000,1667.000000
2014-03-14,1524.000000,1524.000000
2014-03-17,1577.000000,1577.000000
2014-03-18,1540.000000,1540.000000
2014-03-19,1508.000000,1508.000000
2014-03-20,1417.000000,1417.000000
2014-03-21,1402.000000,1402.000000
2014-03-24,1447.000000,1447.000000
2014-03-25,1456.000000,1456.000000
2014-03-26,1463.000000,1463.000000
2014-03-27,1538.000000,1538.000000
2014-03-28,1510.000000,1510.000000
2014-03-31,1633.000000,1633.000000
2014-04-01,1676.000000,1676.000000
2014-04-02,1639.000000,1639.000000
2014-04-03,1594.000000,1594.000000
2014-04-04,1577.000000,1577.000000
2014-04-07,1520.000000,1520.000000
2014-04-08,1512.000000,1512.000000
2014-04-09,1539.000000,1539.000000
2014-04-10,1435.000000,1435.000000
2014-04-11,1363.000000,1363.000000
2014-04-14,1413.000000,1413.000000
2014-04-15,1379.000000,1379.000000
2014-04-16,1433.000000,1433.000000
2014-04-17,1392.000000,1392.000000
2014-04-21,1414.000000,1414.000000
2014-04-22,1410.000000,1410.000000
2014-04-23,1357.000000,1357.000000
2014-04-24,1384.000000,1384.000000
2014-04-25,1326.000000,1326.000000
2014-04-28,1308.000000,1308.000000
2014-04-29,1305.000000,1305.000000
2014-04-30,1327.000000,1327.000000
2014-05-01,1267.000000,1267.000000
2014-05-02,1207.000000,1207.000000
2014-05-05,1180.000000,1180.000000
2014-05-06,1094.000000,1094.000000
2014-05-07,1054.000000,1054.000000
2014-05-08,978.000000,978.000000
2014-05-09,913.000000,913.000000
2014-05-12,806.000000,806.000000
2014-05-13,760.000000,760.000000
2014-05-14,741.000000,741.000000
2014-05-15,695.000000,695.000000
2014-05-16,648.000000,648.000000
2014-05-19,671.000000,671.000000
2014-05-20,630.000000,630.000000
2014-05-21,639.000000,639.000000
2014-05-22,650.000000,650.000000
2014-05-23,696.000000,696.000000
2014-05-27,838.000000,838.000000
2014-05-28,792.000000,792.000000
2014-05-29,760.000000,760.000000
2014-05-30,716.000000,716.000000
2014-06-02,765.000000,765.000000
2014-06-03,726.000000,726.000000
2014-06-04,699.000000,699.000000
2014-06-05,675.000000,675.000000
2014-06-06,669.000000,669.000000
2014-06-09,677.000000,677.000000
2014-06-10,667.000000,667.000000
2014-06-11,666.000000,666.000000
2014-06-12,645.000000,645.000000
2014-06-13,612.000000,612.000000
2014-06-16,656.000000,656.000000
2014-06-17,627.000000,627.000000
2014-06-18,685.000000,685.000000
2014-06-19,726.000000,726.000000
2014-06-20,783.000000,783.000000
2014-06-23,705.000000,705.000000
2014-06-24,673.000000,673.000000
2014-06-25,676.000000,676.000000
2014-06-26,731.000000,731.000000
2014-06-27,769.000000,769.000000
2014-06-30,843.000000,843.000000
2014-07-01,918.000000,918.000000
2014-07-02,947.000000,947.000000
2014-07-03,921.000000,921.000000
2014-07-07,908.000000,908.000000
2014-07-08,886.000000,886.000000
2014-07-09,907.000000,907.000000
2014-07-10,905.000000,905.000000
2014-07-11,870.000000,870.000000
2014-07-14,900.000000,900.000000
2014-07-15,850.000000,850.000000
2014-07-16,823.000000,823.000000
2014-07-17,754.000000,754.000000
2014-07-18,841.000000,841.000000
2014-07-21,817.000000,817.000000
2014-07-22,822.000000,822.000000
2014-07-23,858.000000,858.000000
2014-07-24,895.000000,895.000000
2014-07-25,869.000000,869.000000
2014-07-28,830.000000,830.000000
2014-07-29,825.000000,825.000000
2014-07-30,846.000000,846.000000
2014-07-31,819.000000,819.000000
2014-08-01,803.000000,803.000000
2014-08-04,790.000000,790.000000
2014-08-05,775.000000,775.000000
2014-08-06,766.000000,766.000000
2014-08-07,756.000000,756.000000
2014-08-08,757.000000,757.000000
2014-08-11,753.000000,753.000000
2014-08-12,748.000000,748.000000
2014-08-13,756.000000,756.000000
2014-08-14,775.000000,775.000000
2014-08-15,786.000000,786.000000
2014-08-18,790.000000,790.000000
2014-08-19,830.000000,830.000000
2014-08-20,813.000000,813.000000
2014-08-21,798.000000,798.000000
2014-08-22,793.000000,793.000000
2014-08-25,785.000000,785.000000
2014-08-26,788.000000,788.000000
2014-08-27,788.000000,788.000000
2014-08-28,802.000000,802.000000
2014-08-29,815.000000,815.000000
2014-09-02,829.000000,829.000000
2014-09-03,802.000000,802.000000
2014-09-04,798.000000,798.000000
2014-09-05,788.000000,788.000000
2014-09-08,790.000000,790.000000
2014-09-09,788.000000,788.000000
2014-09-10,783.000000,783.000000
2014-09-11,779.000000,779.000000
2014-09-12,771.000000,771.000000
2014-09-15,762.000000,762.000000
2014-09-16,727.000000,727.000000
2014-09-17,767.000000,767.000000
2014-09-18,744.000000,744.000000
2014-09-19,750.000000,750.000000
2014-09-22,780.000000,780.000000
2014-09-23,835.000000,835.000000
2014-09-24,854.000000,854.000000
2014-09-25,823.000000,823.000000
2014-09-26,719.000000,719.000000
2014-09-29,713.000000,713.000000
2014-09-30,694.000000,694.000000
2014-10-01,740.000000,740.000000
2014-10-02,734.000000,734.000000
2014-10-03,725.000000,725.000000
2014-10-06,693.000000,693.000000
2014-10-07,681.000000,681.000000
2014-10-08,691.000000,691.000000
2014-10-09,685.000000,685.000000
2014-10-10,647.000000,647.000000
2014-10-13,624.000000,624.000000
2014-10-14,645.000000,645.000000
2014-10-15,633.400000,633.400000
2014-10-16,714.000000,714.000000
2014-10-17,696.000000,696.000000
2014-10-20,710.000000,710.000000
2014-10-21,697.000000,697.000000
2014-10-22,689.000000,689.000000
2014-10-23,703.000000,703.000000
2014-10-24,694.000000,694.000000
2014-10-27,686.000000,686.000000
2014-10-28,688.000000,688.000000
2014-10-29,681.000000,681.000000
2014-10-30,700.000000,700.000000
2014-10-31,713.000000,713.000000
2014-11-03,733.000000,733.000000
2014-11-04,746.000000,746.000000
2014-11-05,762.000000,762.000000
2014-11-06,792.000000,792.000000
2014-11-07,791.000000,791.000000
2014-11-10,799.000000,799.000000
2014-11-11,789.000000,789.000000
2014-11-12,791.000000,791.000000
2014-11-13,763.000000,763.000000
2014-11-14,788.000000,788.000000
2014-11-17,737.000000,737.000000
2014-11-18,794.000000,794.000000
2014-11-19,778.000000,778.000000
2014-11-20,888.000000,888.000000
2014-11-21,921.000000,921.000000
2014-11-24,910.000000,910.000000
2014-11-25,915.000000,915.000000
2014-11-26,940.000000,940.000000
2014-11-28,968.000000,968.000000
2014-12-01,839.000000,839.000000
2014-12-02,894.000000,894.000000
2014-12-03,905.000000,905.000000
2014-12-04,885.000000,885.000000
2014-12-05,889.000000,889.000000
2014-12-08,881.000000,881.000000
2014-12-09,879.000000,879.000000
2014-12-10,879.000000,879.000000
2014-12-11,851.000000,851.000000
2014-12-12,900.000000,900.000000
2014-12-15,898.000000,898.000000
2014-12-16,863.000000,863.000000
2014-12-17,907.000000,907.000000
2014-12-18,906.000000,906.000000
2014-12-19,864.000000,864.000000
2014-12-22,818.000000,818.000000
2014-12-23,823.000000,823.000000
2014-12-24,781.000000,781.000000
2014-12-26,759.000000,759.000000
2014-12-29,741.000000,741.000000
2014-12-30,730.000000,730.000000
2014-12-31,720.000000,720.000000
2015-01-02,744.000000,744.000000
2015-01-05,723.000000,723.000000
2015-01-06,718.000000,718.000000
2015-01-07,722.000000,722.000000
2015-01-08,715.000000,715.000000
2015-01-09,719.000000,719.000000
2015-01-12,714.000000,714.000000
2015-01-13,704.000000,704.000000
2015-01-14,703.000000,703.000000
2015-01-15,692.000000,692.000000
2015-01-16,705.000000,705.000000
2015-01-20,705.000000,705.000000
2015-01-21,709.000000,709.000000
2015-01-22,700.000000,700.000000
2015-01-23,690.000000,690.000000
2015-01-26,688.000000,688.000000
2015-01-27,709.000000,709.000000
2015-01-28,715.000000,715.000000
2015-01-29,724.000000,724.000000
2015-01-30,736.000000,736.000000
2015-02-02,745.000000,745.000000
2015-02-03,740.000000,740.000000
2015-02-04,726.000000,726.000000
2015-02-05,726.000000,726.000000
2015-02-06,735.000000,735.000000
2015-02-09,732.000000,732.000000
2015-02-10,739.000000,739.000000
2015-02-11,759.000000,759.000000
2015-02-12,765.000000,765.000000
2015-02-13,777.000000,777.000000
2015-02-17,818.000000,818.000000
2015-02-18,834.000000,834.000000
2015-02-19,811.000000,811.000000
2015-02-20,812.000000,812.000000
2015-02-23,814.000000,814.000000
2015-02-24,808.000000,808.000000
2015-02-25,817.000000,817.000000
2015-02-26,823.000000,823.000000
2015-02-27,832.000000,832.000000
2015-03-02,851.000000,851.000000
2015-03-03,841.000000,841.000000
2015-03-04,834.000000,834.000000
2015-03-05,818.000000,818.000000
2015-03-06,839.000000,839.000000
2015-03-09,822.000000,822.000000
2015-03-10,838.000000,838.000000
2015-03-11,833.000000,833.000000
2015-03-12,821.000000,821.000000
2015-03-13,822.000000,822.000000
2015-03-16,821.000000,821.000000
2015-03-17,850.000000,850.000000
2015-03-18,843.000000,843.000000
2015-03-19,853.000000,853.000000
2015-03-20,860.000000,860.000000
2015-03-23,845.000000,845.000000
2015-03-24,820.000000,820.000000
2015-03-25,802.000000,802.000000
2015-03-26,797.000000,797.000000
2015-03-27,831.000000,831.000000
2015-03-30,836.000000,836.000000
2015-03-31,832.000000,832.000000
2015-04-01,814.000000,814.000000
2015-04-02,830.000000,830.000000
2015-04-06,826.000000,826.000000
2015-04-07,825.500000,825.500000
2015-04-08,850.000000,850.000000
2015-04-09,849.000000,849.000000
2015-04-10,879.000000,879.000000
2015-04-13,867.000000,867.000000
2015-04-14,867.000000,867.000000
2015-04-15,865.000000,865.000000
2015-04-16,872.000000,872.000000
2015-04-17,858.000000,858.000000
2015-04-20,865.000000,865.000000
2015-04-21,888.000000,888.000000
2015-04-22,884.000000,884.000000
2015-04-23,896.000000,896.000000
2015-04-24,882.000000,882.000000
2015-04-27,850.000000,850.000000
2015-04-28,842.000000,842.000000
2015-04-29,832.000000,832.000000
2015-04-30,829.000000,829.000000
2015-05-01,831.000000,831.000000
2015-05-04,844.000000,844.000000
2015-05-05,849.000000,849.000000
2015-05-06,827.000000,827.000000
2015-05-07,823.000000,823.000000
2015-05-08,839.500000,839.500000
2015-05-11,836.000000,836.000000
2015-05-12,856.000000,856.000000
2015-05-13,819.000000,819.000000
2015-05-14,852.000000,852.000000
2015-05-15,844.000000,844.000000
2015-05-18,862.000000,862.000000
2015-05-19,859.000000,859.000000
2015-05-20,874.000000,874.000000
2015-05-21,875.000000,875.000000
2015-05-22,867.000000,867.000000
2015-05-26,854.000000,854.000000
2015-05-27,827.000000,827.000000
2015-05-28,796.000000,796.000000
2015-05-29,797.000000,797.000000
2015-06-01,782.000000,782.000000
2015-06-02,778.000000,778.000000
2015-06-03,820.000000,820.000000
2015-06-04,787.000000,787.000000
2015-06-05,789.000000,789.000000
2015-06-08,767.000000,767.000000
2015-06-09,761.000000,761.000000
2015-06-10,780.000000,780.000000
2015-06-11,775.000000,775.000000
2015-06-12,777.000000,777.000000
2015-06-15,786.000000,786.000000
2015-06-16,762.000000,762.000000
2015-06-17,766.000000,766.000000
2015-06-18,774.000000,774.000000
2015-06-19,775.000000,775.000000
2015-06-22,784.000000,784.000000
2015-06-23,879.000000,879.000000
2015-06-24,826.000000,826.000000
2015-06-25,770.000000,770.000000
2015-06-26,800.000000,800.000000
2015-06-29,776.000000,776.000000
2015-06-30,795.000000,795.000000
2015-07-01,750.000000,750.000000
2015-07-02,741.000000,741.000000
2015-07-06,733.000000,733.000000
2015-07-07,718.000000,718.000000
2015-07-08,721.000000,721.000000
2015-07-09,732.000000,732.000000
2015-07-10,762.000000,762.000000
2015-07-13,764.000000,764.000000
2015-07-14,756.000000,756.000000
2015-07-15,750.000000,750.000000
2015-07-16,765.000000,765.000000
2015-07-17,767.000000,767.000000
2015-07-20,742.000000,742.000000
2015-07-21,752.000000,752.000000
2015-07-22,747.000000,747.000000
2015-07-23,752.000000,752.000000
2015-07-24,750.000000,750.000000
2015-07-27,738.000000,738.000000
2015-07-28,749.000000,749.000000
2015-07-29,773.000000,773.000000
2015-07-30,783.500000,783.500000
2015-07-31,766.000000,766.000000
2015-08-03,742.000000,742.000000
2015-08-04,754.000000,754.000000
2015-08-05,763.000000,763.000000
2015-08-06,747.000000,747.000000
2015-08-07,773.000000,773.000000
2015-08-10,752.000000,752.000000
2015-08-11,759.000000,759.000000
2015-08-12,760.000000,760.000000
2015-08-13,759.500000,759.500000
2015-08-14,755.000000,755.000000
2015-08-17,740.000000,740.000000
2015-08-18,741.000000,741.000000
2015-08-19,724.000000,724.000000
2015-08-20,726.000000,726.000000
2015-08-21,726.000000,726.000000
2015-08-24,685.000000,685.000000
2015-08-25,701.000000,701.000000
2015-08-26,674.000000,674.000000
2015-08-27,708.000000,708.000000
2015-08-28,705.000000,705.000000
2015-08-31,701.000000,701.000000
2015-09-01,700.000000,700.000000
2015-09-02,696.000000,696.000000
2015-09-03,699.000000,699.000000
2015-09-04,701.000000,701.000000
2015-09-08,700.000000,700.000000
2015-09-09,699.000000,699.000000
2015-09-10,701.000000,701.000000
2015-09-11,710.000000,710.000000
2015-09-14,709.000000,709.000000
2015-09-15,700.000000,700.000000
2015-09-16,700.000000,700.000000
2015-09-17,702.000000,702.000000
2015-09-18,694.000000,694.000000
2015-09-21,696.000000,696.000000
2015-09-22,685.000000,685.000000
2015-09-23,673.000000,673.000000
2015-09-24,672.000000,672.000000
2015-09-25,666.000000,666.000000
2015-09-28,642.000000,642.000000
2015-09-29,601.000000,601.000000
2015-09-30,560.000000,560.000000
2015-10-01,498.000000,498.000000
2015-10-02,564.990000,564.990000
2015-10-05,630.000000,630.000000
2015-10-06,648.000000,648.000000
2015-10-07,664.000000,664.000000
2015-10-08,662.000000,662.000000
2015-10-09,670.000000,670.000000
2015-10-12,699.000000,699.000000
2015-10-13,680.000000,680.000000
2015-10-14,655.000000,655.000000
2015-10-15,711.000000,711.000000
2015-10-16,689.000000,689.000000
2015-10-19,660.000000,660.000000
2015-10-20,677.500000,677.500000
2015-10-21,660.000000,660.000000
2015-10-22,673.000000,673.000000
2015-10-23,669.000000,669.000000
2015-10-26,677.000000,677.000000
2015-10-27,669.000000,669.000000
2015-10-28,684.000000,684.000000
2015-10-29,670.000000,670.000000
2015-10-30,659.000000,659.000000
2015-11-02,670.000000,670.000000
2015-11-03,682.000000,682.000000
2015-11-04,672.000000,672.000000
2015-11-05,684.000000,684.000000
2015-11-06,690.000000,690.000000
2015-11-09,678.000000,678.000000
2015-11-10,676.000000,676.000000
2015-11-11,688.000000,688.000000
2015-11-12,687.000000,687.000000
2015-11-13,680.000000,680.000000
2015-11-16,691.410000,691.410000
2015-11-17,692.000000,692.000000
2015-11-18,663.000000,663.000000
2015-11-19,692.000000,692.000000
2015-11-20,699.000000,699.000000
2015-11-23,679.000000,679.000000
2015-11-24,679.000000,679.000000
2015-11-25,682.000000,682.000000
2015-11-27,680.000000,680.000000
2015-11-30,698.000000,698.000000
2015-12-01,685.000000,685.000000
2015-12-02,690.000000,690.000000
2015-12-03,688.000000,688.000000
2015-12-04,683.000000,683.000000
2015-12-07,693.000000,693.000000
2015-12-08,688.000000,688.000000
2015-12-09,675.000000,675.000000
2015-12-10,688.000000,688.000000
2015-12-11,654.000000,654.000000
2015-12-14,654.000000,654.000000
2015-12-15,660.000000,660.000000
2015-12-16,643.000000,643.000000
2015-12-17,640.000000,640.000000
2015-12-18,621.000000,621.000000
2015-12-21,634.000000,634.000000
2015-12-22,645.000000,645.000000
2015-12-23,643.000000,643.000000
2015-12-24,632.000000,632.000000
2015-12-28,608.000000,608.000000
2015-12-29,598.000000,598.000000
2015-12-30,593.000000,593.000000
2015-12-31,572.000000,572.000000
2016-01-04,587.000000,587.000000
2016-01-05,581.000000,581.000000
2016-01-06,548.000000,548.000000
2016-01-07,522.000000,522.000000
2016-01-08,519.000000,519.000000
2016-01-11,501.000000,501.000000
2016-01-12,496.000000,496.000000
2016-01-13,453.010000,453.010000
2016-01-14,477.000000,477.000000
2016-01-15,427.000000,427.000000
2016-01-19,461.000000,461.000000
2016-01-20,482.000000,482.000000
2016-01-21,514.000000,514.000000
2016-01-22,505.000000,505.000000
2016-01-25,517.000000,517.000000
2016-01-26,481.000000,481.000000
2016-01-27,501.000000,501.000000
2016-01-28,504.000000,504.000000
2016-01-29,471.000000,471.000000
2016-02-01,466.000000,466.000000
2016-02-02,459.000000,459.000000
2016-02-03,435.000000,435.000000
2016-02-04,442.000000,442.000000
2016-02-05,428.000000,428.000000
2016-02-08,409.000000,409.000000
2016-02-09,407.000000,407.000000
2016-02-10,398.000000,398.000000
2016-02-11,381.000000,381.000000
2016-02-12,391.000000,391.000000
2016-02-16,490.000000,490.000000
2016-02-17,515.000000,515.000000
2016-02-18,536.010000,536.010000
2016-02-19,522.000000,522.000000
2016-02-22,497.000000,497.000000
2016-02-23,495.000000,495.000000
2016-02-24,498.000000,498.000000
2016-02-25,475.000000,475.000000
2016-02-26,474.000000,474.000000
2016-02-29,454.000000,454.000000
2016-03-01,450.000000,450.000000
2016-03-02,439.000000,439.000000
2016-03-03,437.000000,437.000000
2016-03-04,518.000000,518.000000
2016-03-07,610.000000,610.000000
2016-03-08,617.000000,617.000000
2016-03-09,594.990000,594.990000
2016-03-10,564.000000,564.000000
2016-03-11,567.000000,567.000000
2016-03-14,571.000000,571.000000
2016-03-15,563.000000,563.000000
2016-03-16,591.000000,591.000000
2016-03-17,599.000000,599.000000
2016-03-18,606.000000,606.000000
2016-03-21,618.000000,618.000000
2016-03-22,625.000000,625.000000
2016-03-23,601.000000,601.000000
2016-03-24,604.000000,604.000000
2016-03-28,589.000000,589.000000
2016-03-29,610.000000,610.000000
2016-03-30,585.000000,585.000000
2016-03-31,596.000000,596.000000
2016-04-01,631.000000,631.000000
2016-04-04,627.000000,627.000000
2016-04-05,612.000000,612.000000
2016-04-06,630.000000,630.000000
2016-04-07,651.000000,651.000000
2016-04-08,608.000000,608.000000
2016-04-11,628.000000,628.000000
2016-04-12,611.000000,611.000000
2016-04-13,614.000000,614.000000
2016-04-14,623.000000,623.000000
2016-04-15,627.000000,627.000000
2016-04-18,628.000000,628.000000
2016-04-19,623.000000,623.000000
2016-04-20,625.000000,625.000000
2016-04-21,618.000000,618.000000
2016-04-22,613.000000,613.000000
2016-04-25,610.000000,610.000000
2016-04-26,625.000000,625.000000
2016-04-27,636.000000,636.000000
2016-04-28,624.000000,624.000000
2016-04-29,630.000000,630.000000
2016-05-02,649.000000,649.000000
2016-05-03,625.000000,625.000000
2016-05-04,605.000000,605.000000
2016-05-05,616.000000,616.000000
2016-05-06,640.000000,640.000000
2016-05-09,615.000000,615.000000
2016-05-10,630.000000,630.000000
2016-05-11,622.000000,622.000000
2016-05-12,619.000000,619.000000
2016-05-13,630.000000,630.000000
2016-05-16,634.000000,634.000000
2016-05-17,635.000000,635.000000
2016-05-18,650.000000,650.000000
2016-05-19,704.000000,704.000000
2016-05-20,738.000000,738.000000
2016-05-23,784.000000,784.000000
2016-05-24,834.000000,834.000000
2016-05-25,825.000000,825.000000
2016-05-26,824.000000,824.000000
2016-05-27,847.000000,847.000000
2016-05-31,824.000000,824.000000
2016-06-01,832.000000,832.000000
2016-06-02,868.000000,868.000000
2016-06-03,897.000000,897.000000
2016-06-06,803.000000,803.000000
2016-06-07,847.000000,847.000000
2016-06-08,839.000000,839.000000
2016-06-09,837.000000,837.000000
2016-06-10,850.000000,850.000000
2016-06-13,787.000000,787.000000
2016-06-14,719.000000,719.000000
2016-06-15,733.000000,733.000000
2016-06-16,737.000000,737.000000
2016-06-17,614.000000,614.000000
2016-06-20,648.000000,648.000000
2016-06-21,632.000000,632.000000
2016-06-22,624.000000,624.000000
2016-06-23,706.000000,706.000000
2016-06-24,690.000000,690.000000
2016-06-27,656.000000,656.000000
2016-06-28,688.000000,688.000000
2016-06-29,716.000000,716.000000
2016-06-30,727.000000,727.000000
2016-07-01,751.000000,751.000000
2016-07-05,684.000000,684.000000
2016-07-06,669.000000,669.000000
2016-07-07,683.000000,683.000000
2016-07-08,715.000000,715.000000
2016-07-11,741.000000,741.000000
2016-07-12,754.000000,754.000000
2016-07-13,716.000000,716.000000
2016-07-14,725.000000,725.000000
2016-07-15,787.000000,787.000000
2016-07-18,789.000000,789.000000
2016-07-19,790.000000,790.000000
2016-07-20,810.000000,810.000000
2016-07-21,808.000000,808.000000
2016-07-22,812.000000,812.000000
2016-07-25,860.000000,860.000000
2016-07-26,856.000000,856.000000
2016-07-27,850.000000,850.000000
2016-07-28,847.000000,847.000000
2016-07-29,835.000000,835.000000
2016-08-01,884.000000,884.000000
2016-08-02,850.000000,850.000000
2016-08-03,853.000000,853.000000
2016-08-04,849.000000,849.000000
2016-08-05,841.000000,841.000000
2016-08-08,785.000000,785.000000
2016-08-09,785.000000,785.000000
2016-08-10,780.000000,780.000000
2016-08-11,794.000000,794.000000
2016-08-12,802.000000,802.000000
2016-08-15,801.000000,801.000000
2016-08-16,797.000000,797.000000
2016-08-17,798.000000,798.000000
2016-08-18,802.000000,802.000000
2016-08-19,789.000000,789.000000
2016-08-22,793.000000,793.000000
2016-08-23,806.000000,806.000000
2016-08-24,809.000000,809.000000
2016-08-25,796.000000,796.000000
2016-08-26,790.000000,790.000000
2016-08-29,775.000000,775.000000
2016-08-30,773.000000,773.000000
2016-08-31,741.000000,741.000000
2016-09-01,743.000000,743.000000
2016-09-02,725.000000,725.000000
2016-09-06,733.000000,733.000000
2016-09-07,717.000000,717.000000
2016-09-08,728.000000,728.000000
2016-09-09,681.000000,681.000000
2016-09-12,703.000000,703.000000
2016-09-13,681.000000,681.000000
2016-09-14,695.000000,695.000000
2016-09-15,701.000000,701.000000
2016-09-16,701.000000,701.000000
2016-09-19,724.000000,724.000000
2016-09-20,746.000000,746.000000
2016-09-21,740.000000,740.000000
2016-09-22,729.000000,729.000000
2016-09-23,720.000000,720.000000
2016-09-26,710.000000,710.000000
2016-09-27,716.000000,716.000000
2016-09-28,715.000000,715.000000
2016-09-29,672.000000,672.000000
2016-09-30,715.000000,715.000000
2016-10-03,679.000000,679.000000
2016-10-04,663.000000,663.000000
2016-10-05,659.000000,659.000000
2016-10-06,652.000000,652.000000
2016-10-07,632.000000,632.000000
2016-10-10,630.000000,630.000000
2016-10-11,609.000000,609.000000
2016-10-12,615.000000,615.000000
2016-10-13,615.000000,615.000000
2016-10-14,598.000000,598.000000
2016-10-17,607.000000,607.000000
2016-10-18,623.000000,623.000000
2016-10-19,636.000000,636.000000
2016-10-20,664.000000,664.000000
2016-10-21,643.000000,643.000000
2016-10-24,634.000000,634.000000
2016-10-25,648.000000,648.000000
2016-10-26,624.000000,624.000000
2016-10-27,608.000000,608.000000
2016-10-28,605.000000,605.000000
2016-10-31,603.000000,603.000000
2016-11-01,606.000000,606.000000
2016-11-02,594.000000,594.000000
2016-11-03,580.000000,580.000000
2016-11-04,579.000000,579.000000
2016-11-07,602.000000,602.000000
2016-11-08,588.000000,588.000000
2016-11-09,633.000000,633.000000
2016-11-10,640.000000,640.000000
2016-11-11,666.000000,666.000000
2016-11-14,645.000000,645.000000
2016-11-15,652.000000,652.000000
2016-11-16,643.000000,643.000000
2016-11-17,653.000000,653.000000
2016-11-18,673.000000,673.000000
2016-11-21,667.000000,667.000000
2016-11-22,675.000000,675.000000
2016-11-23,645.000000,645.000000
2016-11-25,660.000000,660.000000
2016-11-28,643.000000,643.000000
2016-11-29,661.000000,661.000000
2016-11-30,635.000000,635.000000
2016-12-01,616.000000,616.000000
2016-12-02,603.000000,603.000000
2016-12-05,603.000000,603.000000
2016-12-06,616.000000,616.000000
2016-12-07,623.000000,623.000000
2016-12-08,619.000000,619.000000
2016-12-09,594.000000,594.000000
2016-12-12,605.000000,605.000000
2016-12-13,604.000000,604.000000
2016-12-14,608.000000,608.000000
2016-12-15,607.000000,607.000000
2016-12-16,599.000000,599.000000
2016-12-19,576.000000,576.000000
2016-12-20,609.000000,609.000000
2016-12-21,602.000000,602.000000
2016-12-22,608.000000,608.000000
2016-12-23,610.000000,610.000000
2016-12-27,596.000000,596.000000
2016-12-28,609.000000,609.000000
2016-12-29,607.000000,607.000000
2016-12-30,610.000000,610.000000
2017-01-03,627.000000,627.000000
2017-01-04,633.000000,633.000000
2017-01-05,625.000000,625.000000
2017-01-06,642.000000,642.000000
2017-01-09,645.000000,645.000000
2017-01-10,649.000000,649.000000
2017-01-11,622.000000,622.000000
2017-01-12,600.000000,600.000000
2017-01-13,613.000000,613.000000
2017-01-17,600.000000,600.000000
2017-01-18,592.000000,592.000000
2017-01-19,578.000000,578.000000
2017-01-20,573.000000,573.000000
2017-01-23,571.000000,571.000000
2017-01-24,569.000000,569.000000
2017-01-25,565.000000,565.000000
2017-01-26,557.000000,557.000000
2017-01-27,561.000000,561.000000
2017-01-30,553.000000,553.000000
2017-01-31,569.000000,569.000000
2017-02-01,573.000000,573.000000
2017-02-02,618.000000,618.000000
2017-02-03,652.000000,652.000000
2017-02-06,630.000000,630.000000
2017-02-07,626.000000,626.000000
2017-02-08,610.000000,610.000000
2017-02-09,614.000000,614.000000
2017-02-10,641.000000,641.000000
2017-02-13,649.000000,649.000000
2017-02-14,659.000000,659.000000
2017-02-15,654.000000,654.000000
2017-02-16,639.000000,639.000000
2017-02-17,649.000000,649.000000
2017-02-21,636.000000,636.000000
2017-02-22,635.000000,635.000000
2017-02-23,629.000000,629.000000
2017-02-24,636.000000,636.000000
2017-02-27,638.000000,638.000000
2017-02-28,611.000000,611.000000
2017-03-01,633.000000,633.000000
2017-03-02,640.000000,640.000000
2017-03-03,646.000000,646.000000
2017-03-06,640.000000,640.000000
2017-03-07,646.000000,646.000000
2017-03-08,646.000000,646.000000
2017-03-09,659.000000,659.000000
2017-03-10,648.000000,648.000000
2017-03-13,649.000000,649.000000
2017-03-14,641.000000,641.000000
2017-03-15,650.000000,650.000000
2017-03-16,640.000000,640.000000
2017-03-17,651.000000,651.000000
2017-03-20,641.000000,641.000000
2017-03-21,589.000000,589.000000
2017-03-22,577.000000,577.000000
2017-03-23,568.000000,568.000000
2017-03-24,556.000000,556.000000
2017-03-27,566.000000,566.000000
2017-03-28,560.000000,560.000000
2017-03-29,567.000000,567.000000
2017-03-30,552.000000,552.000000
2017-03-31,543.000000,543.000000
2017-04-03,511.000000,511.000000
2017-04-04,500.000000,500.000000
2017-04-05,482.000000,482.000000
2017-04-06,471.000000,471.000000
2017-04-07,450.000000,450.000000
2017-04-10,445.000000,445.000000
2017-04-11,431.000000,431.000000
2017-04-12,421.000000,421.000000
2017-04-13,424.000000,424.000000
2017-04-17,424.000000,424.000000
2017-04-18,440.000000,440.000000
2017-04-19,456.000000,456.000000
2017-04-20,468.000000,468.000000
2017-04-21,451.000000,451.000000
2017-04-24,446.000000,446.000000
2017-04-25,449.000000,449.000000
2017-04-26,458.000000,458.000000
2017-04-27,451.000000,451.000000
2017-04-28,430.000000,430.000000
2017-05-01,432.000000,432.000000
2017-05-02,416.000000,416.000000
2017-05-03,407.000000,407.000000
2017-05-04,412.000000,412.000000
2017-05-05,393.000000,393.000000
2017-05-08,389.000000,389.000000
2017-05-09,393.000000,393.000000
2017-05-10,392.000000,392.000000
2017-05-11,407.000000,407.000000
2017-05-12,500.000000,500.000000
2017-05-15,513.000000,513.000000
2017-05-16,537.000000,537.000000
2017-05-17,537.000000,537.000000
2017-05-18,1067.000000,1067.000000
2017-05-19,1276.000000,1276.000000
2017-05-22,1101.000000,1101.000000
2017-05-23,1325.000000,1325.000000
2017-05-24,1400.000000,1400.000000
2017-05-25,1389.000000,1389.000000
2017-05-26,1300.000000,1300.000000
2017-05-30,1342.000000,1342.000000
2017-05-31,1269.000000,1269.000000
2017-06-01,1276.000000,1276.000000
2017-06-02,1292.000000,1292.000000
2017-06-05,1105.000000,1105.000000
2017-06-06,1230.000000,1230.000000
2017-06-07,1154.000000,1154.000000
2017-06-08,1189.000000,1189.000000
2017-06-09,1163.000000,1163.000000
2017-06-12,1153.000000,1153.000000
2017-06-13,1191.000000,1191.000000
2017-06-14,1139.000000,1139.000000
2017-06-15,1132.000000,1132.000000
2017-06-16,1212.000000,1212.000000
2017-06-19,1203.000000,1203.000000
2017-06-20,1225.000000,1225.000000
2017-06-21,1213.000000,1213.000000
2017-06-22,1210.000000,1210.000000
2017-06-23,1341.000000,1341.000000
2017-06-26,1261.000000,1261.000000
2017-06-27,1155.000000,1155.000000
2017-06-28,1172.000000,1172.000000
2017-06-29,1108.000000,1108.000000
2017-06-30,1116.000000,1116.000000
2017-07-03,1109.000000,1109.000000
2017-07-05,1126.000000,1126.000000
2017-07-06,1112.000000,1112.000000
2017-07-07,1118.000000,1118.000000
2017-07-10,1081.000000,1081.000000
2017-07-11,1080.000000,1080.000000
2017-07-12,1095.000000,1095.000000
2017-07-13,1108.000000,1108.000000
2017-07-14,1098.000000,1098.000000
2017-07-17,1092.000000,1092.000000
2017-07-18,1114.000000,1114.000000
2017-07-19,1131.000000,1131.000000
2017-07-20,1183.000000,1183.000000
2017-07-21,1150.000000,1150.000000
2017-07-24,1210.000000,1210.000000
2017-07-25,1166.000000,1166.000000
2017-07-26,1197.000000,1197.000000
2017-07-27,1151.000000,1151.000000
2017-07-28,1179.000000,1179.000000
2017-07-31,1142.000000,1142.000000
2017-08-01,1157.000000,1157.000000
2017-08-02,1117.000000,1117.000000
2017-08-03,1128.000000,1128.000000
2017-08-04,1162.000000,1162.000000
2017-08-07,1168.000000,1168.000000
2017-08-08,1193.000000,1193.000000
2017-08-09,1174.000000,1174.000000
2017-08-10,1099.000000,1099.000000
2017-08-11,1074.000000,1074.000000
2017-08-14,1084.000000,1084.000000
2017-08-15,1066.000000,1066.000000
2017-08-16,1056.000000,1056.000000
2017-08-17,1044.000000,1044.000000
2017-08-18,1048.000000,1048.000000
2017-08-21,1014.000000,1014.000000
2017-08-22,1021.000000,1021.000000
2017-08-23,1053.000000,1053.000000
2017-08-24,1149.000000,1149.000000
2017-08-25,1111.000000,1111.000000
2017-08-28,1177.000000,1177.000000
2017-08-29,1141.000000,1141.000000
2017-08-30,1146.000000,1146.000000
2017-08-31,1220.000000,1220.000000
2017-09-01,1202.000000,1202.000000
2017-09-05,1192.000000,1192.000000
2017-09-06,1158.000000,1158.000000
2017-09-07,1142.000000,1142.000000
2017-09-08,1114.000000,1114.000000
2017-09-11,1155.000000,1155.000000
2017-09-12,1125.000000,1125.000000
2017-09-13,1135.000000,1135.000000
2017-09-14,1145.000000,1145.000000
2017-09-15,1182.000000,1182.000000
2017-09-18,1397.000000,1397.000000
2017-09-19,1466.000000,1466.000000
2017-09-20,1411.000000,1411.000000
2017-09-21,1407.000000,1407.000000
2017-09-22,1360.000000,1360.000000
2017-09-25,1485.000000,1485.000000
2017-09-26,1389.000000,1389.000000
2017-09-27,1417.000000,1417.000000
2017-09-28,1434.000000,1434.000000
2017-09-29,1399.000000,1399.000000
2017-10-02,1348.000000,1348.000000
2017-10-03,1356.000000,1356.000000
2017-10-04,1333.000000,1333.000000
2017-10-05,1316.000000,1316.000000
2017-10-06,1302.000000,1302.000000
2017-10-09,1228.000000,1228.000000
2017-10-10,1256.000000,1256.000000
2017-10-11,1309.000000,1309.000000
2017-10-12,1253.000000,1253.000000
2017-10-13,1126.000000,1126.000000
2017-10-16,1131.000000,1131.000000
2017-10-17,1149.000000,1149.000000
2017-10-18,1115.000000,1115.000000
2017-10-19,1087.000000,1087.000000
2017-10-20,1052.000000,1052.000000
2017-10-23,1076.000000,1076.000000
2017-10-24,1051.000000,1051.000000
2017-10-25,1051.000000,1051.000000
2017-10-26,1067.000000,1067.000000
2017-10-27,1086.000000,1086.000000
2017-10-30,1115.000000,1115.000000
2017-10-31,1150.000000,1150.000000
2017-11-01,1120.000000,1120.000000
2017-11-02,1209.000000,1209.000000
2017-11-03,1203.000000,1203.000000
2017-11-06,1108.000000,1108.000000
2017-11-07,1082.000000,1082.000000
2017-11-08,1175.000000,1175.000000
2017-11-09,1133.000000,1133.000000
2017-11-10,1171.000000,1171.000000
2017-11-13,1159.000000,1159.000000
2017-11-14,1229.000000,1229.000000
2017-11-15,1220.000000,1220.000000
2017-11-16,1218.000000,1218.000000
2017-11-17,1227.000000,1227.000000
2017-11-20,1247.000000,1247.000000
2017-11-21,1250.000000,1250.000000
2017-11-22,1255.000000,1255.000000
2017-11-24,1267.000000,1267.000000
2017-11-27,1418.000000,1418.000000
2017-11-28,1371.000000,1371.000000
2017-11-29,1342.000000,1342.000000
2017-11-30,1411.000000,1411.000000
2017-12-01,1408.000000,1408.000000
2017-12-04,1430.000000,1430.000000
2017-12-05,1420.000000,1420.000000
2017-12-06,1413.000000,1413.000000
2017-12-07,1421.000000,1421.000000
2017-12-08,1497.000000,1497.000000
2017-12-11,1432.000000,1432.000000
2017-12-12,1645.000000,1645.000000
2017-12-13,1647.000000,1647.000000
2017-12-14,1601.000000,1601.000000
2017-12-15,1651.000000,1651.000000
2017-12-18,1635.000000,1635.000000
2017-12-19,1619.000000,1619.000000
2017-12-20,1568.000000,1568.000000
2017-12-21,1614.000000,1614.000000
2017-12-22,1713.000000,1713.000000
2017-12-26,1722.000000,1722.000000
2017-12-27,1719.000000,1719.000000
2017-12-28,1702.000000,1702.000000
2017-12-29,1679.000000,1679.000000
2018-01-02,1708.000000,1708.000000
2018-01-03,1784.000000,1784.000000
2018-01-04,1768.000000,1768.000000
2018-01-05,1882.000000,1882.000000
2018-01-08,1847.000000,1847.000000
2018-01-09,1892.000000,1892.000000
2018-01-10,2003.000000,2003.000000
2018-01-11,2081.000000,2081.000000
2018-01-12,2025.000000,2025.000000
2018-01-16,1879.000000,1879.000000
2018-01-17,1965.000000,1965.000000
2018-01-18,2175.000000,2175.000000
2018-01-19,2359.000000,2359.000000
2018-01-22,2321.000000,2321.000000
2018-01-23,2394.000000,2394.000000
2018-01-24,2385.000000,2385.000000
2018-01-25,2323.000000,2323.000000
2018-01-26,2247.000000,2247.000000
2018-01-29,2281.000000,2281.000000
2018-01-30,2254.000000,2254.000000
2018-01-31,2249.000000,2249.000000
2018-02-01,2197.000000,2197.000000
2018-02-02,2233.000000,2233.000000
2018-02-05,2169.000000,2169.000000
2018-02-06,2193.000000,2193.000000
2018-02-07,2381.000000,2381.000000
2018-02-08,2203.000000,2203.000000
2018-02-09,2232.000000,2232.000000
2018-02-12,2337.000000,2337.000000
2018-02-13,2397.000000,2397.000000
2018-02-14,2464.000000,2464.000000
2018-02-15,2535.000000,2535.000000
2018-02-16,2501.000000,2501.000000
2018-02-20,2404.000000,2404.000000
2018-02-21,2438.000000,2438.000000
2018-02-22,2335.000000,2335.000000
2018-02-23,2419.000000,2419.000000
2018-02-26,2399.000000,2399.000000
2018-02-27,2316.000000,2316.000000
2018-02-28,2301.000000,2301.000000
2018-03-01,2351.000000,2351.000000
2018-03-02,2425.000000,2425.000000
2018-03-05,2282.000000,2282.000000
2018-03-06,1875.000000,1875.000000
2018-03-07,1814.000000,1814.000000
2018-03-08,1795.000000,1795.000000
2018-03-09,1783.000000,1783.000000
2018-03-12,1887.000000,1887.000000
2018-03-13,1848.000000,1848.000000
2018-03-14,1866.000000,1866.000000
2018-03-15,1838.000000,1838.000000
2018-03-16,1779.000000,1779.000000
2018-03-19,1677.000000,1677.000000
2018-03-20,1757.000000,1757.000000
2018-03-21,1763.000000,1763.000000
2018-03-22,1641.000000,1641.000000
2018-03-23,1614.000000,1614.000000
2018-03-26,1724.000000,1724.000000
2018-03-27,1637.000000,1637.000000
2018-03-28,1606.000000,1606.000000
2018-03-29,1623.000000,1623.000000
2018-04-02,1593.000000,1593.000000
2018-04-03,1589.000000,1589.000000
2018-04-04,1716.000000,1716.000000
2018-04-05,1622.000000,1622.000000
2018-04-06,1549.000000,1549.000000
2018-04-09,1583.000000,1583.000000
2018-04-10,1700.000000,1700.000000
2018-04-11,1679.000000,1679.000000
2018-04-12,1779.000000,1779.000000
2018-04-13,1758.000000,1758.000000
2018-04-16,1721.000000,1721.000000
2018-04-17,1776.000000,1776.000000
2018-04-18,1803.000000,1803.000000
2018-04-19,1731.000000,1731.000000
2018-04-20,1765.000000,1765.000000
2018-04-23,1772.000000,1772.000000
2018-04-24,1678.000000,1678.000000
2018-04-25,1666.000000,1666.000000
2018-04-26,1691.000000,1691.000000
2018-04-27,1702.000000,1702.000000
2018-04-30,1689.000000,1689.000000
2018-05-01,1783.000000,1783.000000
2018-05-02,1787.000000,1787.000000
2018-05-03,1671.000000,1671.000000
2018-05-04,1779.000000,1779.000000
2018-05-07,1794.000000,1794.000000
2018-05-08,1796.000000,1796.000000
2018-05-09,1825.000000,1825.000000
2018-05-10,1781.000000,1781.000000
2018-05-11,1849.000000,1849.000000
2018-05-14,1919.000000,1919.000000
2018-05-15,1892.000000,1892.000000
2018-05-16,1880.000000,1880.000000
2018-05-17,1830.000000,1830.000000
2018-05-18,1841.000000,1841.000000
2018-05-21,1769.000000,1769.000000
2018-05-22,1772.000000,1772.000000
2018-05-23,1777.000000,1777.000000
2018-05-24,1796.000000,1796.000000
2018-05-25,1776.000000,1776.000000
2018-05-29,1772.000000,1772.000000
2018-05-30,1810.000000,1810.000000
2018-05-31,1787.000000,1787.000000
2018-06-01,1788.000000,1788.000000
2018-06-04,1761.000000,1761.000000
2018-06-05,1831.000000,1831.000000
2018-06-06,1860.000000,1860.000000
2018-06-07,1818.000000,1818.000000
2018-06-08,1837.000000,1837.000000
2018-06-11,1802.000000,1802.000000
2018-06-12,1794.000000,1794.000000
2018-06-13,1749.000000,1749.000000
2018-06-14,1643.000000,1643.000000
2018-06-15,1586.000000,1586.000000
2018-06-18,1549.000000,1549.000000
2018-06-19,1559.000000,1559.000000
2018-06-20,1582.000000,1582.000000
2018-06-21,1489.000000,1489.000000
2018-06-22,1476.000000,1476.000000
2018-06-25,1533.000000,1533.000000
2018-06-26,1463.000000,1463.000000
2018-06-27,1491.000000,1491.000000
2018-06-28,1577.000000,1577.000000
2018-06-29,1613.000000,1613.000000
2018-07-02,1577.000000,1577.000000
2018-07-03,1562.000000,1562.000000
2018-07-05,1601.000000,1601.000000
2018-07-06,1689.000000,1689.000000
2018-07-09,1690.000000,1690.000000
2018-07-10,1691.000000,1691.000000
2018-07-11,1675.000000,1675.000000
2018-07-12,1682.000000,1682.000000
2018-07-13,1712.000000,1712.000000
2018-07-16,1589.000000,1589.000000
2018-07-17,1599.000000,1599.000000
2018-07-18,1591.000000,1591.000000
2018-07-19,1648.000000,1648.000000
2018-07-20,1644.000000,1644.000000
2018-07-23,1690.000000,1690.000000
2018-07-24,1669.000000,1669.000000
2018-07-25,1501.000000,1501.000000
2018-07-26,1430.500000,1430.500000
2018-07-27,1385.000000,1385.000000
2018-07-30,1370.000000,1370.000000
2018-07-31,1469.000000,1469.000000
2018-08-01,1470.000000,1470.000000
2018-08-02,1469.000000,1469.000000
2018-08-03,1454.000000,1454.000000
2018-08-06,1475.000000,1475.000000
2018-08-07,1505.000000,1505.000000
2018-08-08,1500.000000,1500.000000
2018-08-09,1493.000000,1493.000000
2018-08-10,1445.000000,1445.000000
2018-08-13,1462.000000,1462.000000
2018-08-14,1495.000000,1495.000000
2018-08-15,1472.000000,1472.000000
2018-08-16,1434.000000,1434.000000
2018-08-17,1451.000000,1451.000000
2018-08-20,1538.000000,1538.000000
2018-08-21,1582.000000,1582.000000
2018-08-22,1574.000000,1574.000000
2018-08-23,1532.000000,1532.000000
2018-08-24,1508.000000,1508.000000
2018-08-27,1537.000000,1537.000000
2018-08-28,1531.000000,1531.000000
2018-08-29,1504.000000,1504.000000
2018-08-30,1494.000000,1494.000000
2018-08-31,1472.000000,1472.000000
2018-09-04,1511.000000,1511.000000
2018-09-05,1518.000000,1518.000000
2018-09-06,1477.000000,1477.000000
2018-09-07,1432.000000,1432.000000
2018-09-10,1412.000000,1412.000000
2018-09-11,1479.000000,1479.000000
2018-09-12,1414.000000,1414.000000
2018-09-13,1423.000000,1423.000000
2018-09-14,1386.000000,1386.000000
2018-09-17,1391.000000,1391.000000
2018-09-18,1458.000000,1458.000000
2018-09-19,1455.000000,1455.000000
2018-09-20,1446.000000,1446.000000
2018-09-21,1418.000000,1418.000000
2018-09-24,1443.000000,1443.000000
2018-09-25,1450.000000,1450.000000
2018-09-26,1417.000000,1417.000000
2018-09-27,1451.000000,1451.000000
2018-09-28,1440.000000,1440.000000
2018-10-01,1429.000000,1429.000000
2018-10-02,1441.000000,1441.000000
2018-10-03,1471.000000,1471.000000
2018-10-04,1408.000000,1408.000000
2018-10-05,1394.000000,1394.000000
2018-10-08,1361.000000,1361.000000
2018-10-09,1334.000000,1334.000000
2018-10-10,1306.000000,1306.000000
2018-10-11,1329.000000,1329.000000
2018-10-12,1369.000000,1369.000000
2018-10-15,1351.000000,1351.000000
2018-10-16,1402.000000,1402.000000
2018-10-17,1396.000000,1396.000000
2018-10-18,1425.000000,1425.000000
2018-10-19,1415.000000,1415.000000
2018-10-22,1333.000000,1333.000000
2018-10-23,1321.000000,1321.000000
2018-10-24,1143.000000,1143.000000
2018-10-25,1193.000000,1193.000000
2018-10-26,1204.000000,1204.000000
2018-10-29,1209.000000,1209.000000
2018-10-30,1263.000000,1263.000000
2018-10-31,1258.000000,1258.000000
2018-11-01,1275.000000,1275.000000
2018-11-02,1325.000000,1325.000000
2018-11-05,1383.000000,1383.000000
2018-11-06,1336.000000,1336.000000
2018-11-07,1375.000000,1375.000000
2018-11-08,1419.000000,1419.000000
2018-11-09,1328.000000,1328.000000
2018-11-12,1225.000000,1225.000000
2018-11-13,1192.000000,1192.000000
2018-11-14,1117.000000,1117.000000
2018-11-15,1164.000000,1164.000000
2018-11-16,1195.000000,1195.000000
2018-11-19,1154.000000,1154.000000
2018-11-20,1182.000000,1182.000000
2018-11-21,1193.000000,1193.000000
2018-11-23,1200.000000,1200.000000
2018-11-26,1265.000000,1265.000000
2018-11-27,1152.000000,1152.000000
2018-11-28,1212.000000,1212.000000
2018-11-29,1144.000000,1144.000000
2018-11-30,1149.000000,1149.000000
2018-12-03,1190.000000,1190.000000
2018-12-04,1124.000000,1124.000000
2018-12-06,1087.000000,1087.000000
2018-12-07,1055.000000,1055.000000
2018-12-10,1073.000000,1073.000000
2018-12-11,1061.000000,1061.000000
2018-12-12,1079.000000,1079.000000
2018-12-13,1011.000000,1011.000000
2018-12-14,1033.000000,1033.000000
2018-12-17,1029.000000,1029.000000
2018-12-18,1024.000000,1024.000000
2018-12-19,977.000000,977.000000
2018-12-20,956.000000,956.000000
2018-12-21,908.000000,908.000000
2018-12-24,847.000000,847.000000
2018-12-26,891.000000,891.000000
2018-12-27,868.000000,868.000000
2018-12-28,912.000000,912.000000
2018-12-31,947.000000,947.000000
2019-01-02,1002.000000,1002.000000
2019-01-03,996.000000,996.000000
2019-01-04,1057.000000,1057.000000
2019-01-07,1069.000000,1069.000000
2019-01-08,1088.000000,1088.000000
2019-01-09,1080.000000,1080.000000
2019-01-10,1098.000000,1098.000000
2019-01-11,1068.000000,1068.000000
2019-01-14,1018.000000,1018.000000
2019-01-15,1048.000000,1048.000000
2019-01-16,1069.000000,1069.000000
2019-01-17,1059.000000,1059.000000
2019-01-18,1081.000000,1081.000000
2019-01-22,1029.000000,1029.000000
2019-01-23,1018.000000,1018.000000
2019-01-24,1046.000000,1046.000000
2019-01-25,1081.000000,1081.000000
2019-01-28,1019.000000,1019.000000
2019-01-29,1052.000000,1052.000000
2019-01-30,1121.000000,1121.000000
2019-01-31,1120.000000,1120.000000
2019-02-01,1120.000000,1120.000000
2019-02-04,1120.000000,1120.000000
2019-02-05,1128.000000,1128.000000
2019-02-06,1115.000000,1115.000000
2019-02-07,1078.000000,1078.000000
2019-02-08,1108.000000,1108.000000
2019-02-11,1108.000000,1108.000000
2019-02-12,1132.000000,1132.000000
2019-02-13,1147.000000,1147.000000
2019-02-14,1145.000000,1145.000000
2019-02-15,1189.000000,1189.000000
2019-02-19,1163.000000,1163.000000
2019-02-20,1185.000000,1185.000000
2019-02-21,1147.000000,1147.000000
2019-02-22,1172.000000,1172.000000
2019-02-25,1218.000000,1218.000000
2019-02-26,1210.000000,1210.000000
2019-02-27,1221.000000,1221.000000
2019-02-28,1229.000000,1229.000000
2019-03-01,1267.000000,1267.000000
2019-03-04,1192.000000,1192.000000
2019-03-05,1170.000000,1170.000000
2019-03-06,1130.000000,1130.000000
2019-03-07,1101.000000,1101.000000
2019-03-08,1124.000000,1124.000000
2019-03-11,1168.000000,1168.000000
2019-03-12,1166.000000,1166.000000
2019-03-13,1175.000000,1175.000000
2019-03-14,1142.000000,1142.000000
2019-03-15,1210.000000,1210.000000
2019-03-18,1254.000000,1254.000000
2019-03-19,1264.000000,1264.000000
2019-03-20,1287.000000,1287.000000
2019-03-21,1310.000000,1310.000000
2019-03-22,1297.000000,1297.000000
2019-03-25,1332.000000,1332.000000
2019-03-26,1344.000000,1344.000000
2019-03-27,1235.000000,1235.000000
2019-03-28,1275.000000,1275.000000
2019-03-29,1246.000000,1246.000000
2019-04-01,1218.000000,1218.000000
2019-04-02,1195.000000,1195.000000
2019-04-03,1200.000000,1200.000000
2019-04-04,1212.000000,1212.000000
2019-04-05,1264.000000,1264.000000
2019-04-08,1245.000000,1245.000000
2019-04-09,1183.000000,1183.000000
2019-04-10,1211.000000,1211.000000
2019-04-11,1220.000000,1220.000000
2019-04-12,1202.000000,1202.000000
2019-04-15,1204.000000,1204.000000
2019-04-16,1233.000000,1233.000000
2019-04-17,1197.000000,1197.000000
2019-04-18,1211.000000,1211.000000
2019-04-22,1246.000000,1246.000000
2019-04-23,1301.000000,1301.000000
2019-04-24,1275.000000,1275.000000
2019-04-25,1291.000000,1291.000000
2019-04-26,1300.000000,1300.000000
2019-04-29,1248.000000,1248.000000
2019-04-30,1217.000000,1217.000000
2019-05-01,1176.000000,1176.000000
2019-05-02,1194.000000,1194.000000
2019-05-03,1247.000000,1247.000000
2019-05-06,1312.000000,1312.000000
2019-05-07,1231.000000,1231.000000
2019-05-08,1226.000000,1226.000000
2019-05-09,1237.000000,1237.000000
2019-05-10,1219.000000,1219.000000
2019-05-13,1166.000000,1166.000000
2019-05-14,1219.000000,1219.000000
2019-05-15,1254.000000,1254.000000
2019-05-16,1287.000000,1287.000000
2019-05-17,1239.000000,1239.000000
2019-05-20,1181.000000,1181.000000
2019-05-21,1210.000000,1210.000000
2019-05-22,1187.000000,1187.000000
2019-05-23,1157.000000,1157.000000
2019-05-24,1172.000000,1172.000000
2019-05-28,1198.000000,1198.000000
2019-05-29,1202.000000,1202.000000
2019-05-30,1178.000000,1178.000000
2019-05-31,1184.000000,1184.000000
2019-06-03,1200.000000,1200.000000
2019-06-04,1199.000000,1199.000000
2019-06-05,1201.000000,1201.000000
2019-06-06,1160.000000,1160.000000
2019-06-07,1169.000000,1169.000000
2019-06-10,1060.000000,1060.000000
2019-06-11,1073.000000,1073.000000
2019-06-12,1085.000000,1085.000000
2019-06-13,1135.000000,1135.000000
2019-06-14,1119.000000,1119.000000
2019-06-17,1121.000000,1121.000000
2019-06-18,1165.000000,1165.000000
2019-06-19,1148.000000,1148.000000
2019-06-20,1123.000000,1123.000000
2019-06-21,1112.000000,1112.000000
2019-06-24,1123.000000,1123.000000
2019-06-25,1139.000000,1139.000000
2019-06-26,1112.000000,1112.000000
2019-06-27,1150.000000,1150.000000
2019-06-28,1192.000000,1192.000000
2019-07-01,1199.000000,1199.000000
2019-07-02,1167.000000,1167.000000
2019-07-03,1181.000000,1181.000000
2019-07-05,1197.000000,1197.000000
2019-07-08,1205.000000,1205.000000
2019-07-09,1212.000000,1212.000000
2019-07-10,1270.000000,1270.000000
2019-07-11,1232.000000,1232.000000
2019-07-12,1266.000000,1266.000000
2019-07-15,1285.000000,1285.000000
2019-07-16,1272.000000,1272.000000
2019-07-17,1239.000000,1239.000000
2019-07-18,1188.000000,1188.000000
2019-07-19,1117.000000,1117.000000
2019-07-22,978.000000,978.000000
2019-07-23,959.000000,959.000000
2019-07-24,901.000000,901.000000
2019-07-25,916.000000,916.000000
2019-07-26,918.000000,918.000000
2019-07-29,902.000000,902.000000
2019-07-30,919.000000,919.000000
2019-07-31,923.000000,923.000000
2019-08-01,925.000000,925.000000
2019-08-02,913.000000,913.000000
2019-08-05,280.000000,280.000000
2019-08-06,308.000000,308.000000
2019-08-07,319.000000,319.000000
2019-08-08,324.000000,324.000000
2019-08-09,317.000000,317.000000
2019-08-12,318.000000,318.000000
2019-08-13,318.000000,318.000000
2019-08-14,291.000000,291.000000
2019-08-15,305.000000,305.000000
2019-08-16,340.000000,340.000000
2019-08-19,350.000000,350.000000
2019-08-20,337.000000,337.000000
2019-08-21,349.000000,349.000000
2019-08-22,337.000000,337.000000
2019-08-23,320.000000,320.000000
2019-08-26,340.000000,340.000000
2019-08-27,334.000000,334.000000
2019-08-28,329.000000,329.000000
2019-08-29,342.000000,342.000000
2019-08-30,333.000000,333.000000
2019-09-03,324.000000,324.000000
2019-09-04,313.000000,313.000000
2019-09-05,332.000000,332.000000
2019-09-06,348.000000,348.000000
2019-09-09,368.000000,368.000000
2019-09-10,420.000000,420.000000
2019-09-11,460.000000,460.000000
2019-09-12,448.000000,448.000000
2019-09-13,462.000000,462.000000
2019-09-16,467.000000,467.000000
2019-09-17,469.000000,469.000000
2019-09-18,453.000000,453.000000
2019-09-19,453.000000,453.000000
2019-09-20,441.000000,441.000000
2019-09-23,447.500000,447.500000
2019-09-24,426.000000,426.000000
2019-09-25,450.000000,450.000000
2019-09-26,433.000000,433.000000
2019-09-27,440.000000,440.000000
2019-09-30,431.000000,431.000000
2019-10-01,403.000000,403.000000
2019-10-02,430.000000,430.000000
2019-10-03,436.000000,436.000000
2019-10-04,438.000000,438.000000
2019-10-07,439.000000,439.000000
2019-10-08,433.000000,433.000000
2019-10-09,427.000000,427.000000
2019-10-10,437.000000,437.000000
2019-10-11,458.000000,458.000000
2019-10-14,446.000000,446.000000
2019-10-15,461.000000,461.000000
2019-10-16,445.000000,445.000000
2019-10-17,473.000000,473.000000
2019-10-18,467.000000,467.000000
2019-10-21,512.000000,512.000000
2019-10-22,514.000000,514.000000
2019-10-23,496.000000,496.000000
2019-10-24,486.000000,486.000000
2019-10-25,514.000000,514.000000
2019-10-28,506.000000,506.000000
2019-10-29,517.000000,517.000000
2019-10-30,557.000000,557.000000
2019-10-31,528.000000,528.000000
2019-11-01,556.000000,556.000000
2019-11-04,595.000000,595.000000
2019-11-05,584.000000,584.000000
2019-11-06,562.000000,562.000000
2019-11-07,596.000000,596.000000
2019-11-08,624.000000,624.000000
2019-11-11,590.000000,590.000000
2019-11-12,596.000000,596.000000
2019-11-13,626.000000,626.000000
2019-11-14,650.000000,650.000000
2019-11-15,622.000000,622.000000
2019-11-18,572.000000,572.000000
2019-11-19,609.000000,609.000000
2019-11-20,640.000000,640.000000
2019-11-21,532.000000,532.000000
2019-11-22,494.000000,494.000000
2019-11-25,552.000000,552.000000
2019-11-26,554.500000,554.500000
2019-11-27,576.000000,576.000000
2019-11-29,588.000000,588.000000
2019-12-02,586.000000,586.000000
2019-12-03,571.000000,571.000000
2019-12-04,608.000000,608.000000
2019-12-05,588.000000,588.000000
2019-12-06,599.000000,599.000000
2019-12-09,602.000000,602.000000
2019-12-10,576.000000,576.000000
2019-12-11,557.000000,557.000000
2019-12-12,616.000000,616.000000
2019-12-13,596.000000,596.000000
2019-12-16,596.000000,596.000000
2019-12-17,569.000000,569.000000
2019-12-18,565.000000,565.000000
2019-12-19,570.000000,570.000000
2019-12-20,550.000000,550.000000
2019-12-23,552.000000,552.000000
2019-12-24,561.000000,561.000000
2019-12-26,599.000000,599.000000
2019-12-27,570.000000,570.000000
2019-12-30,542.000000,542.000000
2019-12-31,529.000000,529.000000
2020-01-02,518.000000,518.000000
2020-01-03,509.000000,509.000000
2020-01-06,507.500000,507.500000
2020-01-07,541.000000,541.000000
2020-01-08,510.000000,510.000000
2020-01-09,499.000000,499.000000
2020-01-10,485.500000,485.500000
2020-01-13,472.000000,472.000000
2020-01-14,477.000000,477.000000
2020-01-15,487.000000,487.000000
2020-01-16,486.000000,486.000000
2020-01-17,489.000000,489.000000
2020-01-21,469.000000,469.000000
2020-01-22,472.000000,472.000000
2020-01-23,469.000000,469.000000
2020-01-24,456.000000,456.000000
2020-01-27,428.000000,428.000000
2020-01-28,448.000000,448.000000
2020-01-29,435.000000,435.000000
2020-01-30,430.000000,430.000000
2020-01-31,428.000000,428.000000
2020-02-03,432.000000,432.000000
2020-02-04,446.000000,446.000000
2020-02-05,444.000000,444.000000
2020-02-06,433.000000,433.000000
2020-02-07,437.000000,437.000000
2020-02-10,430.000000,430.000000
2020-02-11,436.000000,436.000000
2020-02-12,436.500000,436.500000
2020-02-13,425.000000,425.000000
2020-02-14,424.000000,424.000000
2020-02-18,432.000000,432.000000
2020-02-19,423.000000,423.000000
2020-02-20,421.000000,421.000000
2020-02-21,410.000000,410.000000
2020-02-24,397.000000,397.000000
2020-02-25,377.000000,377.000000
2020-02-26,366.000000,366.000000
2020-02-27,349.000000,349.000000
2020-02-28,362.000000,362.000000
2020-03-02,351.000000,351.000000
2020-03-03,347.000000,347.000000
2020-03-04,350.000000,350.000000
2020-03-05,349.000000,349.000000
2020-03-06,347.000000,347.000000
2020-03-09,322.000000,322.000000
2020-03-10,310.000000,310.000000
2020-03-11,294.000000,294.000000
2020-03-12,264.500000,264.500000
2020-03-13,254.000000,254.000000
2020-03-16,192.000000,192.000000
2020-03-17,221.000000,221.000000
2020-03-18,183.000000,183.000000
2020-03-19,200.000000,200.000000
2020-03-20,208.000000,208.000000
2020-03-23,215.000000,215.000000
2020-03-24,223.000000,223.000000
2020-03-25,237.000000,237.000000
2020-03-26,240.000000,240.000000
2020-03-27,232.000000,232.000000
2020-03-30,233.000000,233.000000
2020-03-31,228.000000,228.000000
2020-04-01,206.000000,206.000000
2020-04-02,208.000000,208.000000
2020-04-03,211.000000,211.000000
2020-04-06,219.000000,219.000000
2020-04-07,222.000000,222.000000
2020-04-08,235.000000,235.000000
2020-04-09,266.000000,266.000000
2020-04-13,262.000000,262.000000
2020-04-14,260.000000,260.000000
2020-04-15,258.000000,258.000000
2020-04-16,252.000000,252.000000
2020-04-17,257.000000,257.000000
2020-04-20,256.000000,256.000000
2020-04-21,241.000000,241.000000
2020-04-22,250.000000,250.000000
2020-04-23,246.000000,246.000000
2020-04-24,250.000000,250.000000
2020-04-27,281.000000,281.000000
2020-04-28,258.000000,258.000000
2020-04-29,291.000000,291.000000
2020-04-30,279.000000,279.000000
2020-05-01,267.000000,267.000000
2020-05-04,277.000000,277.000000
2020-05-05,262.000000,262.000000
2020-05-06,271.000000,271.000000
2020-05-07,279.000000,279.000000
2020-05-08,298.000000,298.000000
2020-05-11,313.000000,313.000000
2020-05-12,293.000000,293.000000
2020-05-13,308.000000,308.000000
2020-05-14,289.000000,289.000000
2020-05-15,311.000000,311.000000
2020-05-18,317.000000,317.000000
2020-05-19,300.000000,300.000000
2020-05-20,318.000000,318.000000
2020-05-21,306.000000,306.000000
2020-05-22,300.000000,300.000000
2020-05-26,299.000000,299.000000
2020-05-27,295.500000,295.500000
2020-05-28,295.000000,295.000000
2020-05-29,283.000000,283.000000
2020-06-01,285.000000,285.000000
2020-06-02,284.000000,284.000000
2020-06-03,283.000000,283.000000
2020-06-04,287.000000,287.000000
2020-06-05,295.000000,295.000000
2020-06-08,320.000000,320.000000
2020-06-09,308.000000,308.000000
2020-06-10,294.000000,294.000000
2020-06-11,267.000000,267.000000
2020-06-12,300.000000,300.000000
2020-06-15,303.000000,303.000000
2020-06-16,312.000000,312.000000
2020-06-17,299.000000,299.000000
2020-06-18,302.000000,302.000000
2020-06-19,298.000000,298.000000
2020-06-22,308.000000,308.000000
2020-06-23,306.000000,306.000000
2020-06-24,300.000000,300.000000
2020-06-25,301.000000,301.000000
2020-06-26,346.000000,346.000000
2020-06-29,374.000000,374.000000
2020-06-30,376.000000,376.000000
2020-07-01,383.000000,383.000000
2020-07-02,376.000000,376.000000
2020-07-06,380.000000,380.000000
2020-07-07,375.000000,375.000000
2020-07-08,394.000000,394.000000
2020-07-09,402.000000,402.000000
2020-07-10,401.000000,401.000000
2020-07-13,388.000000,388.000000
2020-07-14,401.000000,401.000000
2020-07-15,436.500000,436.500000
2020-07-16,434.000000,434.000000
2020-07-17,465.000000,465.000000
2020-07-20,500.000000,500.000000
2020-07-21,482.000000,482.000000
2020-07-22,483.000000,483.000000
2020-07-23,470.000000,470.000000
2020-07-24,447.000000,447.000000
2020-07-27,461.000000,461.000000
2020-07-28,440.000000,440.000000
2020-07-29,429.000000,429.000000
2020-07-30,415.000000,415.000000
2020-07-31,394.000000,394.000000
2020-08-03,400.000000,400.000000
2020-08-04,393.000000,393.000000
2020-08-05,386.000000,386.000000
2020-08-06,388.000000,388.000000
2020-08-07,391.000000,391.000000
2020-08-10,400.000000,400.000000
2020-08-11,375.000000,375.000000
2020-08-12,375.000000,375.000000
2020-08-13,378.000000,378.000000
2020-08-14,370.000000,370.000000
2020-08-17,385.000000,385.000000
2020-08-18,374.000000,374.000000
2020-08-19,372.000000,372.000000
2020-08-20,374.000000,374.000000
2020-08-21,357.000000,357.000000
2020-08-24,346.000000,346.000000
2020-08-25,358.000000,358.000000
2020-08-26,361.000000,361.000000
2020-08-27,361.000000,361.000000
2020-08-28,377.000000,377.000000
2020-08-31,369.000000,369.000000
2020-09-01,378.000000,378.000000
2020-09-02,372.000000,372.000000
2020-09-03,339.000000,339.000000
2020-09-04,332.000000,332.000000
2020-09-08,342.000000,342.000000
2020-09-09,344.000000,344.000000
2020-09-10,340.000000,340.000000
2020-09-11,337.000000,337.000000
2020-09-14,356.000000,356.000000
2020-09-15,356.000000,356.000000
2020-09-16,372.000000,372.000000
2020-09-17,370.500000,370.500000
2020-09-18,361.000000,361.000000
2020-09-21,352.000000,352.000000
2020-09-22,341.000000,341.000000
2020-09-23,331.500000,331.500000
2020-09-24,323.000000,323.000000
2020-09-25,323.000000,323.000000
2020-09-28,326.000000,326.000000
2020-09-29,312.000000,312.000000
2020-09-30,307.000000,307.000000
2020-10-01,318.000000,318.000000
2020-10-02,313.000000,313.000000
2020-10-05,327.000000,327.000000
2020-10-06,341.000000,341.000000
2020-10-07,350.000000,350.000000
2020-10-08,353.000000,353.000000
2020-10-09,355.000000,355.000000
2020-10-12,358.000000,358.000000
2020-10-13,356.000000,356.000000
2020-10-14,343.000000,343.000000
2020-10-15,328.000000,328.000000
2020-10-16,335.000000,335.000000
2020-10-19,328.000000,328.000000
2020-10-20,334.000000,334.000000
2020-10-21,319.000000,319.000000
2020-10-22,322.000000,322.000000
2020-10-23,323.000000,323.000000
2020-10-26,332.000000,332.000000
2020-10-27,326.000000,326.000000
2020-10-28,298.000000,298.000000
2020-10-29,288.000000,288.000000
2020-10-30,280.000000,280.000000
2020-11-02,271.000000,271.000000
2020-11-03,269.000000,269.000000
2020-11-04,296.000000,296.000000
2020-11-05,305.000000,305.000000
2020-11-06,298.000000,298.000000
2020-11-09,312.000000,312.000000
2020-11-10,335.000000,335.000000
2020-11-11,365.000000,365.000000
2020-11-12,360.000000,360.000000
2020-11-13,349.000000,349.000000
2020-11-16,377.000000,377.000000
2020-11-17,402.000000,402.000000
2020-11-18,403.000000,403.000000
2020-11-19,382.000000,382.000000
2020-11-20,366.000000,366.000000
2020-11-23,365.000000,365.000000
2020-11-24,360.000000,360.000000
2020-11-25,361.000000,361.000000
2020-11-27,366.000000,366.000000
2020-11-30,376.000000,376.000000
2020-12-01,375.000000,375.000000
2020-12-02,388.000000,388.000000
2020-12-03,364.000000,364.000000
2020-12-04,373.000000,373.000000
2020-12-07,380.000000,380.000000
2020-12-08,369.000000,369.000000
2020-12-09,350.000000,350.000000
2020-12-10,356.000000,356.000000
2020-12-11,370.000000,370.000000
2020-12-14,364.000000,364.000000
2020-12-15,356.000000,356.000000
2020-12-16,354.000000,354.000000
2020-12-17,359.000000,359.000000
2020-12-18,364.000000,364.000000
2020-12-21,397.000000,397.000000
2020-12-22,410.000000,410.000000
2020-12-23,424.000000,424.000000
2020-12-24,412.000000,412.000000
2020-12-28,385.000000,385.000000
2020-12-29,376.000000,376.000000
2020-12-30,379.000000,379.000000
2020-12-31,376.000000,376.000000
2021-01-04,373.000000,373.000000
2021-01-05,364.000000,364.000000
2021-01-06,370.000000,370.000000
2021-01-07,386.000000,386.000000
2021-01-08,378.000000,378.000000
2021-01-11,375.000000,375.000000
2021-01-12,375.000000,375.000000
2021-01-13,372.000000,372.000000
2021-01-14,376.000000,376.000000
2021-01-15,385.000000,385.000000
2021-01-19,379.000000,379.000000
2021-01-20,381.000000,381.000000
2021-01-21,384.000000,384.000000
2021-01-22,389.000000,389.000000
2021-01-25,410.000000,410.000000
2021-01-26,403.000000,403.000000
2021-01-27,379.000000,379.000000
2021-01-28,366.000000,366.000000
2021-01-29,363.000000,363.000000
2021-02-01,364.000000,364.000000
2021-02-02,375.000000,375.000000
2021-02-03,395.000000,395.000000
2021-02-04,402.000000,402.000000
2021-02-05,408.000000,408.000000
2021-02-08,420.000000,420.000000
2021-02-09,422.000000,422.000000
2021-02-10,406.000000,406.000000
2021-02-11,407.000000,407.000000
2021-02-12,403.000000,403.000000
2021-02-16,403.000000,403.000000
2021-02-17,383.000000,383.000000
2021-02-18,390.000000,390.000000
2021-02-19,384.500000,384.500000
2021-02-22,379.000000,379.000000
2021-02-23,350.000000,350.000000
2021-02-24,348.000000,348.000000
2021-02-25,342.000000,342.000000
2021-02-26,332.000000,332.000000
2021-03-01,359.000000,359.000000
2021-03-02,324.000000,324.000000
2021-03-03,306.000000,306.000000
2021-03-04,297.000000,297.000000
2021-03-05,308.000000,308.000000
2021-03-08,295.000000,295.000000
2021-03-09,307.000000,307.000000
2021-03-10,315.000000,315.000000
2021-03-11,334.000000,334.000000
2021-03-12,331.000000,331.000000
2021-03-15,340.000000,340.000000
2021-03-16,341.000000,341.000000
2021-03-17,346.000000,346.000000
2021-03-18,333.000000,333.000000
2021-03-19,345.000000,345.000000
2021-03-22,346.000000,346.000000
2021-03-23,313.000000,313.000000
2021-03-24,291.000000,291.000000
2021-03-25,311.000000,311.000000
2021-03-26,304.000000,304.000000
2021-03-29,289.000000,289.000000
2021-03-30,290.000000,290.000000
2021-03-31,301.000000,301.000000
2021-04-01,317.000000,317.000000
2021-04-05,317.000000,317.000000
2021-04-06,311.000000,311.000000
2021-04-07,318.000000,318.000000
2021-04-08,310.000000,310.000000
2021-04-09,289.000000,289.000000
2021-04-12,259.000000,259.000000
2021-04-13,253.000000,253.000000
2021-04-14,263.000000,263.000000
2021-04-15,255.000000,255.000000
2021-04-16,261.000000,261.000000
2021-04-19,247.000000,247.000000
2021-04-20,250.000000,250.000000
2021-04-21,261.000000,261.000000
2021-04-22,253.000000,253.000000
2021-04-23,252.000000,252.000000
2021-04-26,263.000000,263.000000
2021-04-27,259.000000,259.000000
2021-04-28,258.000000,258.000000
2021-04-29,250.000000,250.000000
2021-04-30,240.000000,240.000000
2021-05-03,240.000000,240.000000
2021-05-04,232.000000,232.000000
2021-05-05,237.000000,237.000000
2021-05-06,230.000000,230.000000
2021-05-07,228.000000,228.000000
2021-05-10,216.000000,216.000000
2021-05-11,223.000000,223.000000
2021-05-12,225.000000,225.000000
2021-05-13,252.000000,252.000000
2021-05-14,241.000000,241.000000
2021-05-17,243.000000,243.000000
2021-05-18,255.000000,255.000000
2021-05-19,253.000000,253.000000
2021-05-20,245.000000,245.000000
2021-05-21,252.000000,252.000000
2021-05-24,241.000000,241.000000
2021-05-25,227.000000,227.000000
2021-05-26,238.000000,238.000000
2021-05-27,246.000000,246.000000
2021-05-28,255.000000,255.000000
2021-06-01,256.000000,256.000000
2021-06-02,254.000000,254.000000
2021-06-03,269.000000,269.000000
2021-06-04,260.000000,260.000000
2021-06-07,261.000000,261.000000
2021-06-08,268.000000,268.000000
2021-06-09,271.000000,271.000000
2021-06-10,279.000000,279.000000
2021-06-11,275.000000,275.000000
2021-06-14,273.000000,273.000000
2021-06-15,258.000000,258.000000
2021-06-16,254.000000,254.000000
2021-06-17,244.000000,244.000000
2021-06-18,233.000000,233.000000
2021-06-21,238.000000,238.000000
2021-06-22,234.000000,234.000000
2021-06-23,235.000000,235.000000
2021-06-24,248.000000,248.000000
2021-06-25,251.000000,251.000000
2021-06-28,239.000000,239.000000
2021-06-29,236.000000,236.000000
2021-06-30,232.000000,232.000000
2021-07-01,231.000000,231.000000
2021-07-02,228.000000,228.000000
2021-07-06,223.000000,223.000000
2021-07-07,212.000000,212.000000
2021-07-08,216.000000,216.000000
2021-07-09,224.000000,224.000000
2021-07-12,216.000000,216.000000
2021-07-13,216.000000,216.000000
2021-07-14,210.000000,210.000000
2021-07-15,203.000000,203.000000
2021-07-16,203.000000,203.000000
2021-07-19,208.000000,208.000000
2021-07-20,208.000000,208.000000
2021-07-21,217.000000,217.000000
2021-07-22,212.000000,212.000000
2021-07-23,211.000000,211.000000
2021-07-26,204.000000,204.000000
2021-07-27,202.000000,202.000000
2021-07-28,205.000000,205.000000
2021-07-29,206.000000,206.000000
2021-07-30,202.000000,202.000000
2021-08-02,201.000000,201.000000
2021-08-03,203.000000,203.000000
2021-08-04,197.000000,197.000000
2021-08-05,215.000000,215.000000
2021-08-06,206.000000,206.000000
2021-08-09,206.000000,206.000000
2021-08-10,202.000000,202.000000
2021-08-11,202.000000,202.000000
2021-08-12,203.000000,203.000000
2021-08-13,198.000000,198.000000
2021-08-16,189.000000,189.000000
2021-08-17,187.000000,187.000000
2021-08-18,188.000000,188.000000
2021-08-19,180.000000,180.000000
2021-08-20,185.000000,185.000000
2021-08-23,195.000000,195.000000
2021-08-24,192.000000,192.000000
2021-08-25,199.000000,199.000000
2021-08-26,201.000000,201.000000
2021-08-27,201.000000,201.000000
2021-08-30,207.000000,207.000000
2021-08-31,222.000000,222.000000
2021-09-01,222.000000,222.000000
2021-09-02,227.000000,227.000000
2021-09-03,234.000000,234.000000
2021-09-07,225.000000,225.000000
2021-09-08,231.000000,231.000000
2021-09-09,228.000000,228.000000
2021-09-10,225.000000,225.000000
2021-09-13,229.000000,229.000000
2021-09-14,216.000000,216.000000
2021-09-15,214.000000,214.000000
2021-09-16,209.000000,209.000000
2021-09-17,226.000000,226.000000
2021-09-20,211.000000,211.000000
2021-09-21,222.000000,222.000000
2021-09-22,222.000000,222.000000
2021-09-23,229.000000,229.000000
2021-09-24,229.000000,229.000000
2021-09-27,239.000000,239.000000
2021-09-28,233.000000,233.000000
2021-09-29,227.000000,227.000000
2021-09-30,219.000000,219.000000
2021-10-01,209.000000,209.000000
2021-10-04,195.000000,195.000000
2021-10-05,197.000000,197.000000
2021-10-06,202.000000,202.000000
2021-10-07,200.000000,200.000000
2021-10-08,191.000000,191.000000
2021-10-11,193.000000,193.000000
2021-10-12,199.000000,199.000000
2021-10-13,198.000000,198.000000
2021-10-14,203.000000,203.000000
2021-10-15,198.000000,198.000000
2021-10-18,193.000000,193.000000
2021-10-19,193.000000,193.000000
2021-10-20,193.000000,193.000000
2021-10-21,192.000000,192.000000
2021-10-22,196.000000,196.000000
2021-10-25,191.000000,191.000000
2021-10-26,192.000000,192.000000
2021-10-27,187.000000,187.000000
2021-10-28,189.000000,189.000000
2021-10-29,191.000000,191.000000
2021-11-01,200.000000,200.000000
2021-11-02,205.000000,205.000000
2021-11-03,204.000000,204.000000
2021-11-04,197.000000,197.000000
2021-11-05,198.000000,198.000000
2021-11-08,201.000000,201.000000
2021-11-09,211.000000,211.000000
2021-11-10,202.000000,202.000000
2021-11-11,203.000000,203.000000
2021-11-12,213.000000,213.000000
2021-11-15,214.000000,214.000000
2021-11-16,200.000000,200.000000
2021-11-17,194.000000,194.000000
2021-11-18,184.000000,184.000000
2021-11-19,188.000000,188.000000
2021-11-22,184.000000,184.000000
2021-11-23,180.000000,180.000000
2021-11-24,181.000000,181.000000
2021-11-26,179.000000,179.000000
2021-11-29,172.000000,172.000000
2021-11-30,169.000000,169.000000
2021-12-01,163.000000,163.000000
2021-12-02,163.000000,163.000000
2021-12-03,153.000000,153.000000
2021-12-06,155.000000,155.000000
2021-12-07,166.000000,166.000000
2021-12-08,166.000000,166.000000
2021-12-09,164.000000,164.000000
2021-12-10,161.000000,161.000000
2021-12-13,159.000000,159.000000
2021-12-14,151.000000,151.000000
2021-12-15,152.000000,152.000000
2021-12-16,156.000000,156.000000
2021-12-17,161.000000,161.000000
2021-12-20,159.000000,159.000000
2021-12-21,157.000000,157.000000
2021-12-22,155.000000,155.000000
2021-12-23,160.000000,160.000000
2021-12-27,151.000000,151.000000
2021-12-28,146.000000,146.000000
2021-12-29,145.000000,145.000000
2021-12-30,146.000000,146.000000
2021-12-31,144.000000,144.000000
2022-01-03,158.000000,158.000000
2022-01-04,150.000000,150.000000
2022-01-05,141.000000,141.000000
2022-01-06,142.000000,142.000000
2022-01-07,139.000000,139.000000
2022-01-10,133.000000,133.000000
2022-01-11,136.000000,136.000000
2022-01-12,128.000000,128.000000
2022-01-13,125.000000,125.000000
2022-01-14,124.000000,124.000000
2022-01-18,124.000000,124.000000
2022-01-19,120.000000,120.000000
2022-01-20,118.000000,118.000000
2022-01-21,111.000000,111.000000
2022-01-24,108.000000,108.000000
2022-01-25,113.000000,113.000000
2022-01-26,113.000000,113.000000
2022-01-27,107.000000,107.000000
2022-01-28,114.500000,114.500000
2022-01-31,119.000000,119.000000
2022-02-01,119.000000,119.000000
2022-02-02,109.000000,109.000000
2022-02-03,106.000000,106.000000
2022-02-04,108.000000,108.000000
2022-02-07,107.000000,107.000000
2022-02-08,105.000000,105.000000
2022-02-09,110.000000,110.000000
2022-02-10,107.000000,107.000000
2022-02-11,109.000000,109.000000
2022-02-14,104.000000,104.000000
2022-02-15,106.000000,106.000000
2022-02-16,107.000000,107.000000
2022-02-17,112.000000,112.000000
2022-02-18,111.000000,111.000000
2022-02-22,111.000000,111.000000
2022-02-23,111.000000,111.000000
2022-02-24,112.000000,112.000000
2022-02-25,119.000000,119.000000
2022-02-28,123.000000,123.000000
2022-03-01,127.000000,127.000000
2022-03-02,136.000000,136.000000
2022-03-03,109.000000,109.000000
2022-03-04,107.000000,107.000000
2022-03-07,105.000000,105.000000
2022-03-08,105.000000,105.000000
2022-03-09,110.000000,110.000000
2022-03-10,116.000000,116.000000
2022-03-11,110.000000,110.000000
2022-03-14,100.000000,100.000000
2022-03-15,103.000000,103.000000
2022-03-16,108.000000,108.000000
2022-03-17,116.000000,116.000000
2022-03-18,120.000000,120.000000
2022-03-21,120.000000,120.000000
2022-03-22,126.000000,126.000000
2022-03-23,124.000000,124.000000
2022-03-24,128.000000,128.000000
2022-03-25,123.000000,123.000000
2022-03-28,117.000000,117.000000
2022-03-29,116.000000,116.000000
2022-03-30,115.000000,115.000000
2022-03-31,114.000000,114.000000
2022-04-01,115.000000,115.000000
2022-04-04,112.500000,112.500000
2022-04-05,110.000000,110.000000
2022-04-06,107.000000,107.000000
2022-04-07,108.000000,108.000000
2022-04-08,106.000000,106.000000
2022-04-11,104.000000,104.000000
2022-04-12,103.000000,103.000000
2022-04-13,105.000000,105.000000
2022-04-14,100.000000,100.000000
2022-04-18,92.430000,92.430000
2022-04-19,95.010000,95.010000
2022-04-20,95.930000,95.930000
2022-04-21,93.140000,93.140000
2022-04-22,90.990000,90.990000
2022-04-25,89.550000,89.550000
2022-04-26,87.930000,87.930000
2022-04-27,84.010000,84.010000
2022-04-28,77.310000,77.310000
2022-04-29,71.860000,71.860000
2022-05-02,75.740000,75.740000
2022-05-03,72.900000,72.900000
2022-05-04,75.460000,75.460000
2022-05-05,68.240000,68.240000
2022-05-06,66.290000,66.290000
2022-05-09,62.210000,62.210000
2022-05-10,63.600000,63.600000
2022-05-11,56.960000,56.960000
2022-05-12,54.050000,54.050000
2022-05-13,56.390000,56.390000
2022-05-16,60.120000,60.120000
2022-05-17,62.800000,62.800000
2022-05-18,60.100000,60.100000
2022-05-19,61.540000,61.540000
2022-05-20,61.300000,61.300000
2022-05-23,61.550000,61.550000
2022-05-24,58.000000,58.000000
2022-05-25,60.920000,60.920000
2022-05-26,60.010000,60.010000
2022-05-27,63.160000,63.160000
2022-05-31,66.580000,66.580000
2022-06-01,65.000000,65.000000
2022-06-02,63.200000,63.200000
2022-06-03,70.640000,70.640000
2022-06-06,64.500000,64.500000
2022-06-07,62.000000,62.000000
2022-06-08,64.550000,64.550000
2022-06-09,67.450000,67.450000
2022-06-10,66.580000,66.580000
2022-06-13,60.020000,60.020000
2022-06-14,60.010000,60.010000
2022-06-15,56.110000,56.110000
2022-06-16,54.000000,54.000000
2022-06-17,61.740000,61.740000
2022-06-21,63.410000,63.410000
2022-06-22,62.510000,62.510000
2022-06-23,66.120000,66.120000
2022-06-24,61.560000,61.560000
2022-06-27,62.000000,62.000000
2022-06-28,60.800000,60.800000
2022-06-29,61.550000,61.550000
2022-06-30,59.790000,59.790000
2022-07-01,56.340000,56.340000
2022-07-05,55.500000,55.500000
2022-07-06,60.430000,60.430000
2022-07-07,63.000000,63.000000
2022-07-08,65.220000,65.220000
2022-07-11,65.200000,65.200000
2022-07-12,65.270000,65.270000
2022-07-13,64.930000,64.930000
2022-07-14,64.170000,64.170000
2022-07-15,63.210000,63.210000
2022-07-18,70.000000,70.000000
2022-07-19,77.000000,77.000000
2022-07-20,73.000000,73.000000
2022-07-21,74.240000,74.240000
2022-07-22,71.630000,71.630000
2022-07-25,68.000000,68.000000
2022-07-26,69.000000,69.000000
2022-07-27,71.310000,71.310000
2022-07-28,67.600000,67.600000
2022-07-29,66.300000,66.300000
2022-08-01,66.750000,66.750000
2022-08-02,67.200000,67.200000
2022-08-03,70.070000,70.070000
2022-08-04,73.910000,73.910000
2022-08-05,89.770000,89.770000
2022-08-08,88.000000,88.000000
2022-08-09,80.050000,80.050000
2022-08-10,89.050000,89.050000
2022-08-11,84.870000,84.870000
2022-08-12,87.970000,87.970000
2022-08-15,84.000000,84.000000
2022-08-16,86.000000,86.000000
2022-08-17,85.000000,85.000000
2022-08-18,83.400000,83.400000
2022-08-19,84.770000,84.770000
2022-08-22,82.980000,82.980000
2022-08-23,82.660000,82.660000
2022-08-24,84.500000,84.500000
2022-08-25,89.500000,89.500000
2022-08-26,85.560000,85.560000
2022-08-29,79.790000,79.790000
2022-08-30,75.570000,75.570000
2022-08-31,76.000000,76.000000
2022-09-01,75.030000,75.030000
2022-09-02,73.540000,73.540000
2022-09-06,73.500000,73.500000
2022-09-07,74.180000,74.180000
2022-09-08,73.500000,73.500000
2022-09-09,73.000000,73.000000
2022-09-12,73.000000,73.000000
2022-09-13,73.870000,73.870000
2022-09-14,73.030000,73.030000
2022-09-15,68.590000,68.590000
2022-09-16,63.400000,63.400000
2022-09-19,67.310000,67.310000
2022-09-20,64.990000,64.990000
2022-09-21,64.250000,64.250000
2022-09-22,61.630000,61.630000
2022-09-23,55.980000,55.980000
2022-09-26,58.400000,58.400000
2022-09-27,56.660000,56.660000
2022-09-28,56.000000,56.000000
2022-09-29,55.730000,55.730000
2022-09-30,55.170000,55.170000
2022-10-03,57.490000,57.490000
2022-10-04,63.990000,63.990000
2022-10-05,63.800000,63.800000
2022-10-06,63.240000,63.240000
2022-10-07,64.120000,64.120000
2022-10-10,62.000000,62.000000
2022-10-11,59.900000,59.900000
2022-10-12,61.230000,61.230000
2022-10-13,62.330000,62.330000
2022-10-14,62.150000,62.150000
2022-10-17,61.790000,61.790000
2022-10-18,61.900000,61.900000
2022-10-19,61.000000,61.000000
2022-10-20,58.000000,58.000000
2022-10-21,61.100000,61.100000
2022-10-24,61.700000,61.700000
2022-10-25,62.400000,62.400000
2022-10-26,63.010000,63.010000
2022-10-27,71.480000,71.480000
2022-10-28,70.820000,70.820000
2022-10-31,67.830000,67.830000
2022-11-01,72.000000,72.000000
2022-11-02,70.760000,70.760000
2022-11-03,69.220000,69.220000
2022-11-04,67.000000,67.000000
2022-11-07,68.110000,68.110000
2022-11-08,68.740000,68.740000
2022-11-09,82.020000,82.020000
2022-11-10,98.000000,98.000000
2022-11-11,124.000000,124.000000
2022-11-14,145.000000,145.000000
2022-11-15,170.000000,170.000000
2022-11-16,186.000000,186.000000
2022-11-17,208.000000,208.000000
2022-11-18,225.000000,225.000000
2022-11-21,203.000000,203.000000
2022-11-22,204.000000,204.000000
2022-11-23,209.000000,209.000000
2022-11-25,205.000000,205.000000
2022-11-28,215.000000,215.000000
2022-11-29,204.000000,204.000000
2022-11-30,216.000000,216.000000
2022-12-01,214.000000,214.000000
2022-12-02,229.000000,229.000000
2022-12-05,225.000000,225.000000
2022-12-06,222.000000,222.000000
2022-12-07,243.000000,243.000000
2022-12-08,235.000000,235.000000
2022-12-09,207.000000,207.000000
2022-12-12,215.000000,215.000000
2022-12-13,217.000000,217.000000
2022-12-14,221.000000,221.000000
2022-12-15,204.000000,204.000000
2022-12-16,214.000000,214.000000
2022-12-19,220.000000,220.000000
2022-12-20,222.000000,222.000000
2022-12-21,220.000000,220.000000
2022-12-22,226.000000,226.000000
2022-12-23,227.000000,227.000000
2022-12-27,224.000000,224.000000
2022-12-28,267.000000,267.000000
2022-12-29,301.000000,301.000000
2022-12-30,303.000000,303.000000
2023-01-03,291.000000,291.000000
2023-01-04,292.000000,292.000000
2023-01-05,260.000000,260.000000
2023-01-06,283.000000,283.000000
2023-01-09,278.000000,278.000000
2023-01-10,290.000000,290.000000
2023-01-11,278.000000,278.000000
2023-01-12,288.000000,288.000000
2023-01-13,302.000000,302.000000
2023-01-17,288.000000,288.000000
2023-01-18,269.000000,269.000000
2023-01-19,255.000000,255.000000
2023-01-20,256.000000,256.000000
2023-01-23,287.000000,287.000000
2023-01-24,317.000000,317.000000
2023-01-25,310.000000,310.000000
2023-01-26,335.000000,335.000000
2023-01-27,339.000000,339.000000
2023-01-30,290.000000,290.000000
2023-01-31,291.000000,291.000000
2023-02-01,309.000000,309.000000
2023-02-02,303.000000,303.000000
2023-02-03,309.000000,309.000000
2023-02-06,305.000000,305.000000
2023-02-07,334.000000,334.000000
2023-02-08,318.000000,318.000000
2023-02-09,326.000000,326.000000
2023-02-10,348.000000,348.000000
2023-02-13,378.000000,378.000000
2023-02-14,405.000000,405.000000
2023-02-15,152.000000,152.000000
2023-02-16,181.500000,181.500000
2023-02-17,188.000000,188.000000
2023-02-21,192.000000,192.000000
2023-02-22,178.000000,178.000000
2023-02-23,171.000000,171.000000
2023-02-24,169.000000,169.000000
2023-02-27,162.000000,162.000000
2023-02-28,154.000000,154.000000
2023-03-01,156.000000,156.000000
2023-03-02,151.000000,151.000000
2023-03-03,156.000000,156.000000
2023-03-06,148.000000,148.000000
2023-03-07,146.000000,146.000000
2023-03-08,147.000000,147.000000
2023-03-09,133.000000,133.000000
2023-03-10,131.000000,131.000000
2023-03-13,145.000000,145.000000
2023-03-14,155.000000,155.000000
2023-03-15,149.000000,149.000000
2023-03-16,148.000000,148.000000
2023-03-17,140.000000,140.000000
2023-03-20,144.000000,144.000000
2023-03-21,146.000000,146.000000
2023-03-22,138.000000,138.000000
2023-03-23,140.000000,140.000000
2023-03-24,139.000000,139.000000
2023-03-27,141.000000,141.000000
2023-03-28,140.000000,140.000000
2023-03-29,127.000000,127.000000
2023-03-30,125.000000,125.000000
2023-03-31,126.000000,126.000000
2023-04-03,125.000000,125.000000
2023-04-04,121.000000,121.000000
2023-04-05,122.000000,122.000000
2023-04-06,127.000000,127.000000
2023-04-10,133.000000,133.000000
2023-04-11,136.000000,136.000000
2023-04-12,143.000000,143.000000
2023-04-13,151.000000,151.000000
2023-04-14,147.000000,147.000000
2023-04-17,156.000000,156.000000
2023-04-18,150.000000,150.000000
2023-04-19,151.000000,151.000000
2023-04-20,147.000000,147.000000
2023-04-21,144.000000,144.000000
2023-04-24,140.000000,140.000000
2023-04-25,137.000000,137.000000
2023-04-26,137.000000,137.000000
2023-04-27,137.000000,137.000000
2023-04-28,140.000000,140.000000
2023-05-01,143.000000,143.000000
2023-05-02,141.000000,141.000000
2023-05-03,136.000000,136.000000
2023-05-04,146.000000,146.000000
2023-05-05,153.000000,153.000000
2023-05-08,148.000000,148.000000
2023-05-09,152.000000,152.000000
2023-05-10,176.000000,176.000000
2023-05-11,174.000000,174.000000
2023-05-12,192.000000,192.000000
2023-05-15,208.000000,208.000000
2023-05-16,194.000000,194.000000
2023-05-17,204.000000,204.000000
2023-05-18,195.500000,195.500000
2023-05-19,198.000000,198.000000
2023-05-22,208.000000,208.000000
2023-05-23,191.000000,191.000000
2023-05-24,180.000000,180.000000
2023-05-25,174.000000,174.000000
2023-05-26,185.000000,185.000000
2023-05-30,180.000000,180.000000
2023-05-31,186.000000,186.000000
2023-06-01,192.000000,192.000000
2023-06-02,190.000000,190.000000
2023-06-05,201.000000,201.000000
2023-06-06,205.000000,205.000000
2023-06-07,189.000000,189.000000
2023-06-08,180.000000,180.000000
2023-06-09,182.000000,182.000000
2023-06-12,184.000000,184.000000
2023-06-13,178.000000,178.000000
2023-06-14,176.000000,176.000000
2023-06-15,191.000000,191.000000
2023-06-16,188.000000,188.000000
2023-06-20,188.000000,188.000000
2023-06-21,179.000000,179.000000
2023-06-22,189.000000,189.000000
2023-06-23,187.000000,187.000000
2023-06-26,183.000000,183.000000
2023-06-27,181.000000,181.000000
2023-06-28,178.000000,178.000000
2023-06-29,171.000000,171.000000
2023-06-30,174.000000,174.000000
2023-07-03,173.000000,173.000000
2023-07-05,170.000000,170.000000
2023-07-06,165.000000,165.000000
2023-07-07,167.000000,167.000000
2023-07-10,172.000000,172.000000
2023-07-11,172.000000,172.000000
2023-07-12,169.000000,169.000000
2023-07-13,164.000000,164.000000
2023-07-14,165.000000,165.000000
2023-07-17,169.000000,169.000000
2023-07-18,171.000000,171.000000
2023-07-19,160.000000,160.000000
2023-07-20,163.500000,163.500000
2023-07-21,166.000000,166.000000
2023-07-24,164.000000,164.000000
2023-07-25,162.000000,162.000000
2023-07-26,160.000000,160.000000
2023-07-27,161.000000,161.000000
2023-07-28,164.000000,164.000000
2023-07-31,164.000000,164.000000
2023-08-01,165.000000,165.000000
2023-08-02,159.000000,159.000000
2023-08-03,162.000000,162.000000
2023-08-04,160.000000,160.000000
2023-08-07,163.000000,163.000000
2023-08-08,162.000000,162.000000
2023-08-09,159.000000,159.000000
2023-08-10,163.000000,163.000000
2023-08-11,164.000000,164.000000
2023-08-14,165.000000,165.000000
2023-08-15,160.000000,160.000000
2023-08-16,153.000000,153.000000
2023-08-17,155.000000,155.000000
2023-08-18,157.000000,157.000000
2023-08-21,162.000000,162.000000
2023-08-22,162.000000,162.000000
2023-08-23,164.000000,164.000000
2023-08-24,161.000000,161.000000
2023-08-25,165.000000,165.000000
2023-08-28,162.000000,162.000000
2023-08-29,163.000000,163.000000
2023-08-30,160.000000,160.000000
2023-08-31,160.000000,160.000000
2023-09-01,157.000000,157.000000
2023-09-05,149.000000,149.000000
2023-09-06,151.000000,151.000000
2023-09-07,149.000000,149.000000
2023-09-08,148.000000,148.000000
2023-09-11,146.000000,146.000000
2023-09-12,146.000000,146.000000
2023-09-13,146.000000,146.000000
2023-09-14,147.000000,147.000000
2023-09-15,141.000000,141.000000
2023-09-18,143.000000,143.000000
2023-09-19,144.000000,144.000000
2023-09-20,139.000000,139.000000
2023-09-21,138.000000,138.000000
2023-09-22,141.000000,141.000000
2023-09-25,129.000000,129.000000
2023-09-26,143.000000,143.000000
2023-09-27,148.000000,148.000000
2023-09-28,157.000000,157.000000
2023-09-29,150.000000,150.000000
2023-10-02,142.000000,142.000000
2023-10-03,142.000000,142.000000
2023-10-04,139.000000,139.000000
2023-10-05,143.000000,143.000000
2023-10-06,139.000000,139.000000
2023-10-09,135.000000,135.000000
2023-10-10,132.000000,132.000000
2023-10-11,128.000000,128.000000
2023-10-12,125.000000,125.000000
2023-10-13,142.000000,142.000000
2023-10-16,143.000000,143.000000
2023-10-17,141.000000,141.000000
2023-10-18,131.000000,131.000000
2023-10-19,130.000000,130.000000
2023-10-20,126.000000,126.000000
2023-10-23,117.000000,117.000000
2023-10-24,115.000000,115.000000
2023-10-25,113.000000,113.000000
2023-10-26,125.000000,125.000000
2023-10-27,115.000000,115.000000
2023-10-30,130.000000,130.000000
2023-10-31,125.000000,125.000000
2023-11-01,126.000000,126.000000
2023-11-02,129.000000,129.000000
2023-11-03,135.000000,135.000000
2023-11-06,133.000000,133.000000
2023-11-07,134.000000,134.000000
2023-11-08,134.000000,134.000000
2023-11-09,120.000000,120.000000
2023-11-10,120.000000,120.000000
2023-11-13,133.000000,133.000000
2023-11-14,134.000000,134.000000
2023-11-15,139.000000,139.000000
2023-11-16,134.000000,134.000000
2023-11-17,145.000000,145.000000
2023-11-20,153.000000,153.000000
2023-11-21,150.000000,150.000000
2023-11-22,152.000000,152.000000
2023-11-24,159.000000,159.000000
2023-11-27,151.000000,151.000000
2023-11-28,153.000000,153.000000
2023-11-29,150.000000,150.000000
2023-11-30,164.000000,164.000000
2023-12-01,172.000000,172.000000
2023-12-04,161.000000,161.000000
2023-12-05,164.000000,164.000000
2023-12-06,157.000000,157.000000
2023-12-07,160.000000,160.000000
2023-12-08,161.000000,161.000000
2023-12-11,162.000000,162.000000
2023-12-12,176.000000,176.000000
2023-12-13,187.000000,187.000000
2023-12-14,200.000000,200.000000
2023-12-15,198.000000,198.000000
2023-12-18,197.000000,197.000000
2023-12-19,213.000000,213.000000
2023-12-20,205.000000,205.000000
2023-12-21,213.000000,213.000000
2023-12-22,254.000000,254.000000
2023-12-26,252.000000,252.000000
2023-12-27,249.000000,249.000000
2023-12-28,251.000000,251.000000
2023-12-29,236.000000,236.000000
2024-01-02,272.000000,272.000000
2024-01-03,303.000000,303.000000
2024-01-04,300.000000,300.000000
2024-01-05,280.000000,280.000000
2024-01-08,290.000000,290.000000
2024-01-09,302.000000,302.000000
2024-01-10,297.000000,297.000000
2024-01-11,303.000000,303.000000
2024-01-12,311.000000,311.000000
2024-01-16,291.000000,291.000000
2024-01-17,287.000000,287.000000
2024-01-18,306.000000,306.000000
2024-01-19,298.000000,298.000000
2024-01-22,312.000000,312.000000
2024-01-23,349.000000,349.000000
2024-01-24,307.000000,307.000000
2024-01-25,316.000000,316.000000
2024-01-26,318.000000,318.000000
2024-01-29,320.000000,320.000000
2024-01-30,340.000000,340.000000
2024-01-31,300.000000,300.000000
2024-02-01,293.000000,293.000000
2024-02-02,295.000000,295.000000
2024-02-05,313.000000,313.000000
2024-02-06,320.000000,320.000000
2024-02-07,318.000000,318.000000
2024-02-08,320.000000,320.000000
2024-02-09,329.000000,329.000000
2024-02-12,311.000000,311.000000
2024-02-13,309.000000,309.000000
2024-02-14,308.000000,308.000000
2024-02-15,309.000000,309.000000
2024-02-16,322.000000,322.000000
2024-02-20,333.000000,333.000000
2024-02-21,299.000000,299.000000
2024-02-22,293.000000,293.000000
2024-02-23,290.000000,290.000000
2024-02-26,306.000000,306.000000
2024-02-27,302.000000,302.000000
2024-02-28,287.000000,287.000000
2024-02-29,289.000000,289.000000
2024-03-01,301.000000,301.000000
2024-03-04,304.000000,304.000000
2024-03-05,290.000000,290.000000
2024-03-06,290.000000,290.000000
2024-03-07,280.000000,280.000000
2024-03-08,273.000000,273.000000
2024-03-11,256.000000,256.000000
2024-03-12,262.000000,262.000000
2024-03-13,255.000000,255.000000
2024-03-14,261.000000,261.000000
2024-03-15,256.000000,256.000000
2024-03-18,280.000000,280.000000
2024-03-19,293.000000,293.000000
2024-03-20,305.000000,305.000000
2024-03-21,288.000000,288.000000
2024-03-22,293.000000,293.000000
2024-03-25,282.000000,282.000000
2024-03-26,285.000000,285.000000
2024-03-27,318.000000,318.000000
2024-03-28,300.000000,300.000000
2024-04-01,304.000000,304.000000
2024-04-02,296.000000,296.000000
2024-04-03,276.500000,276.500000
2024-04-04,271.000000,271.000000
2024-04-05,275.000000,275.000000
2024-04-08,259.000000,259.000000
2024-04-09,268.000000,268.000000
2024-04-10,245.000000,245.000000
2024-04-11,250.500000,250.500000
2024-04-12,240.000000,240.000000
2024-04-15,225.500000,225.500000
2024-04-16,215.000000,215.000000
2024-04-17,228.000000,228.000000
2024-04-18,216.000000,216.000000
2024-04-19,192.500000,192.500000
2024-04-22,180.000000,180.000000
2024-04-23,183.500000,183.500000
2024-04-24,185.500000,185.500000
2024-04-25,171.000000,171.000000
2024-04-26,164.000000,164.000000
2024-04-29,155.000000,155.000000
2024-04-30,180.000000,180.000000
2024-05-01,162.000000,162.000000
2024-05-02,172.000000,172.000000
2024-05-03,183.000000,183.000000
2024-05-06,31.550000,31.550000
2024-05-07,30.540000,30.540000
2024-05-08,29.840000,29.840000
2024-05-09,29.800000,29.800000
2024-05-10,26.660000,26.660000
2024-05-13,26.240000,26.240000
2024-05-14,27.600000,27.600000
2024-05-15,27.000000,27.000000
2024-05-16,28.110000,28.110000
2024-05-17,29.940000,29.940000
2024-05-20,28.890000,28.890000
2024-05-21,27.540000,27.540000
2024-05-22,28.230000,28.230000
2024-05-23,27.320000,27.320000
2024-05-24,27.000000,27.000000
2024-05-28,26.700000,26.700000
2024-05-29,25.650000,25.650000
2024-05-30,27.400000,27.400000
2024-05-31,27.100000,27.100000
2024-06-03,27.370000,27.370000
2024-06-04,29.390000,29.390000
2024-06-05,27.100000,27.100000
2024-06-06,26.030000,26.030000
2024-06-07,25.740000,25.740000
2024-06-10,25.890000,25.890000
2024-06-11,26.660000,26.660000
2024-06-12,26.300000,26.300000
2024-06-13,27.050000,27.050000
2024-06-14,26.300000,26.300000
2024-06-17,23.750000,23.750000
2024-06-18,24.200000,24.200000
2024-06-20,25.000000,25.000000
2024-06-21,25.730000,25.730000
2024-06-24,26.660000,26.660000
2024-06-25,33.400000,33.400000
2024-06-26,29.190000,29.190000
2024-06-27,31.720000,31.720000
2024-06-28,28.160000,28.160000
2024-07-01,29.610000,29.610000
2024-07-02,26.880000,26.880000
2024-07-03,27.310000,27.310000
2024-07-05,26.600000,26.600000
2024-07-08,27.910000,27.910000
2024-07-09,27.300000,27.300000
2024-07-10,28.220000,28.220000
2024-07-11,29.430000,29.430000
2024-07-12,28.820000,28.820000
2024-07-15,31.000000,31.000000
2024-07-16,31.610000,31.610000
2024-07-17,30.460000,30.460000
2024-07-18,29.620000,29.620000
2024-07-19,28.440000,28.440000
2024-07-22,32.390000,32.390000
2024-07-23,30.790000,30.790000
2024-07-24,31.030000,31.030000
2024-07-25,23.520000,23.520000
2024-07-26,24.120000,24.120000
2024-07-29,23.320000,23.320000
2024-07-30,21.800000,21.800000
2024-07-31,21.700000,21.700000
2024-08-01,21.600000,21.600000
2024-08-02,20.300000,20.300000
2024-08-05,18.410000,18.410000
2024-08-06,17.920000,17.920000
2024-08-07,17.440000,17.440000
2024-08-08,18.760000,18.760000
2024-08-09,18.000000,18.000000
2024-08-12,17.590000,17.590000
2024-08-13,18.000000,18.000000
2024-08-14,17.470000,17.470000
2024-08-15,17.920000,17.920000
2024-08-16,17.820000,17.820000
2024-08-19,17.020000,17.020000
2024-08-20,18.500000,18.500000
2024-08-21,18.500000,18.500000
2024-08-22,18.500000,18.500000
2024-08-23,19.000000,19.000000
2024-08-26,18.900000,18.900000
2024-08-27,18.000000,18.000000
2024-08-28,17.000000,17.000000
2024-08-29,17.320000,17.320000
2024-08-30,17.630000,17.630000
2024-09-03,17.010000,17.010000
2024-09-04,16.080000,16.080000
2024-09-05,16.460000,16.460000
2024-09-06,15.710000,15.710000
2024-09-09,16.330000,16.330000
2024-09-10,15.870000,15.870000
2024-09-11,16.240000,16.240000
2024-09-12,16.400000,16.400000
2024-09-13,17.000000,17.000000
2024-09-16,16.220000,16.220000
2024-09-17,16.500000,16.500000
2024-09-18,16.400000,16.400000
2024-09-19,17.000000,17.000000
2024-09-20,16.480000,16.480000
2024-09-23,16.450000,16.450000
2024-09-24,16.450000,16.450000
2024-09-25,15.950000,15.950000
2024-09-26,17.050000,17.050000
2024-09-27,16.700000,16.700000
2024-09-30,16.900000,16.900000
2024-10-01,16.580000,16.580000
2024-10-02,15.400000,15.400000
2024-10-03,16.020000,16.020000
2024-10-04,15.980000,15.980000
2024-10-07,15.600000,15.600000
2024-10-08,15.280000,15.280000
2024-10-09,14.350000,14.350000
2024-10-10,14.430000,14.430000
2024-10-11,15.010000,15.010000
2024-10-14,14.860000,14.860000
2024-10-15,15.240000,15.240000
2024-10-16,15.690000,15.690000
2024-10-17,15.850000,15.850000
2024-10-18,15.840000,15.840000
2024-10-21,16.000000,16.000000
2024-10-22,16.500000,16.500000
2024-10-23,17.750000,17.750000
2024-10-24,17.380000,17.380000
2024-10-25,17.300000,17.300000
2024-10-28,16.820000,16.820000
2024-10-29,49.000000,49.000000
2024-10-30,45.650000,45.650000
2024-10-31,40.690000,40.690000
2024-11-01,38.260000,38.260000
2024-11-04,41.000000,41.000000
2024-11-05,39.000000,39.000000
2024-11-06,37.650000,37.650000
2024-11-07,42.010000,42.010000
2024-11-08,41.240000,41.240000
2024-11-11,41.760000,41.760000
2024-11-12,39.550000,39.550000
2024-11-13,40.200000,40.200000
2024-11-14,39.940000,39.940000
2024-11-15,41.600000,41.600000
2024-11-18,41.520000,41.520000
2024-11-19,37.910000,37.910000
2024-11-20,33.000000,33.000000
2024-11-21,32.000000,32.000000
2024-11-22,31.680000,31.680000
2024-11-25,28.720000,28.720000
2024-11-26,32.100000,32.100000
2024-11-27,31.310000,31.310000
2024-11-29,34.690000,34.690000
2024-12-02,32.940000,32.940000
2024-12-03,30.990000,30.990000
2024-12-04,30.100000,30.100000
2024-12-05,28.550000,28.550000
2024-12-06,29.450000,29.450000
2024-12-09,30.200000,30.200000
2024-12-10,29.290000,29.290000
2024-12-11,28.040000,28.040000
2024-12-12,24.670000,24.670000
2024-12-13,23.880000,23.880000
2024-12-16,23.990000,23.990000
2024-12-17,23.310000,23.310000
2024-12-18,22.190000,22.190000
2024-12-19,20.550000,20.550000
2024-12-20,23.390000,23.390000
2024-12-23,21.650000,21.650000
2024-12-24,24.200000,24.200000
2024-12-26,25.540000,25.540000
2024-12-27,23.640000,23.640000
2024-12-30,24.870000,24.870000
2024-12-31,24.900000,24.900000
2025-01-02,25.530000,25.530000
2025-01-03,27.700000,27.700000
2025-01-06,28.400000,28.400000
2025-01-07,28.410000,28.410000
2025-01-08,27.680000,27.680000
2025-01-10,26.500000,26.500000
2025-01-13,25.090000,25.090000
2025-01-14,25.110000,25.110000
2025-01-15,25.360000,25.360000
2025-01-16,25.220000,25.220000
2025-01-17,26.000000,26.000000
2025-01-21,26.290000,26.290000
2025-01-22,25.700000,25.700000
2025-01-23,26.980000,26.980000
2025-01-24,27.230000,27.230000
2025-01-27,25.850000,25.850000
2025-01-28,25.220000,25.220000
2025-01-29,25.260000,25.260000
2025-01-30,28.760000,28.760000
2025-01-31,26.820000,26.820000
2025-02-03,26.200000,26.200000
2025-02-04,27.100000,27.100000
2025-02-05,27.900000,27.900000
2025-02-06,27.190000,27.190000
2025-02-07,26.510000,26.510000
2025-02-10,26.070000,26.070000
2025-02-11,27.600000,27.600000
2025-02-12,25.980000,25.980000
2025-02-13,28.380000,28.380000
2025-02-14,29.000000,29.000000
2025-02-18,35.900000,35.900000
2025-02-19,31.090000,31.090000
2025-02-20,30.150000,30.150000
2025-02-21,29.490000,29.490000
2025-02-24,28.060000,28.060000
2025-02-25,27.120000,27.120000
2025-02-26,28.160000,28.160000
2025-02-27,26.090000,26.090000
2025-02-28,27.180000,27.180000
2025-03-03,25.870000,25.870000
2025-03-04,24.630000,24.630000
2025-03-05,26.720000,26.720000
2025-03-06,26.540000,26.540000
2025-03-07,27.250000,27.250000
2025-03-10,26.100000,26.100000
2025-03-11,26.350000,26.350000
2025-03-12,25.900000,25.900000
2025-03-13,25.960000,25.960000
2025-03-14,26.370000,26.370000
2025-03-17,26.930000,26.930000
2025-03-18,27.090000,27.090000
2025-03-19,27.700000,27.700000
2025-03-20,27.140000,27.140000
2025-03-21,27.000000,27.000000
2025-03-24,26.370000,26.370000
2025-03-25,25.760000,25.760000
2025-03-26,24.410000,24.410000
2025-03-27,24.430000,24.430000
2025-03-28,21.820000,21.820000
2025-03-31,21.000000,21.000000
2025-04-01,20.110000,20.110000
2025-04-02,20.970000,20.970000
2025-04-03,18.510000,18.510000
2025-04-04,18.000000,18.000000
2025-04-07,17.630000,17.630000
2025-04-08,18.380000,18.380000
2025-04-09,19.220000,19.220000
2025-04-10,19.460000,19.460000
2025-04-11,20.190000,20.190000
2025-04-14,22.200000,22.200000
2025-04-15,22.780000,22.780000
2025-04-16,22.200000,22.200000
2025-04-17,22.300000,22.300000
2025-04-21,22.000000,22.000000
2025-04-22,22.650000,22.650000
2025-04-23,23.870000,23.870000
2025-04-24,25.070000,25.070000
2025-04-25,26.100000,26.100000
2025-04-28,26.050000,26.050000
2025-04-29,23.620000,23.620000
2025-04-30,25.150000,25.150000
2025-05-01,26.280000,26.280000
2025-05-02,26.160000,26.160000
2025-05-05,27.470000,27.470000
2025-05-06,24.110000,24.110000
2025-05-07,24.160000,24.160000
2025-05-08,24.250000,24.250000
2025-05-09,24.020000,24.020000
2025-05-12,25.680000,25.680000
2025-05-13,25.290000,25.290000
2025-05-14,23.900000,23.900000
2025-05-15,24.980000,24.980000
2025-05-16,24.700000,24.700000
2025-05-19,25.980000,25.980000
2025-05-20,26.170000,26.170000
2025-05-21,24.820000,24.820000
2025-05-22,24.800000,24.800000
2025-05-23,24.420000,24.420000
2025-05-27,22.880000,22.880000
2025-05-28,21.820000,21.820000
2025-05-29,21.320000,21.320000
2025-05-30,20.990000,20.990000
2025-06-02,20.200000,20.200000
2025-06-03,20.900000,20.900000
2025-06-04,21.000000,21.000000
2025-06-05,19.860000,19.860000
2025-06-06,19.380000,19.380000
2025-06-09,17.660000,17.660000
2025-06-10,17.040000,17.040000
2025-06-11,16.600000,16.600000
2025-06-12,16.600000,16.600000
2025-06-13,15.700000,15.700000
2025-06-16,15.800000,15.800000
2025-06-17,13.270000,13.270000
2025-06-18,14.620000,14.620000
2025-06-20,15.000000,15.000000
2025-06-23,15.300000,15.300000
2025-06-24,15.070000,15.070000
2025-06-25,18.000000,18.000000
2025-06-26,16.900000,16.900000
2025-06-27,15.900000,15.900000
2025-06-30,16.140000,16.140000
2025-07-01,16.150000,16.150000
2025-07-02,15.550000,15.550000
2025-07-03,15.890000,15.890000
2025-07-07,15.290000,15.290000
2025-07-08,15.090000,15.090000
2025-07-09,14.790000,14.790000
2025-07-10,13.500000,13.500000
2025-07-11,12.960000,12.960000
2025-07-14,12.800000,12.800000
2025-07-15,11.750000,11.750000
2025-07-16,13.140000,13.140000
2025-07-17,13.020000,13.020000
2025-07-18,13.340000,13.340000
2025-07-21,13.200000,13.200000
2025-07-22,13.040000,13.040000
2025-07-23,13.180000,13.180000
2025-07-24,13.020000,13.020000
2025-07-25,13.290000,13.290000
2025-07-28,13.250000,13.250000
2025-07-29,12.300000,12.300000
2025-07-30,12.600000,12.600000
2025-07-31,12.420000,12.420000
2025-08-01,12.000000,12.000000
2025-08-04,11.840000,11.840000
2025-08-05,11.600000,11.600000
2025-08-06,11.000000,11.000000
2025-08-07,11.000000,11.000000
2025-08-08,12.850000,12.850000
2025-08-11,12.900000,12.900000
2025-08-12,12.980000,12.980000
2025-08-13,13.900000,13.900000
2025-08-14,13.930000,13.930000
2025-08-15,13.790000,13.790000
2025-08-18,13.790000,13.790000
2025-08-19,13.600000,13.600000
2025-08-20,13.800000,13.800000
2025-08-21,14.400000,14.400000
2025-08-22,15.060000,15.060000
2025-08-25,14.700000,14.700000
2025-08-26,14.470000,14.470000
2025-08-27,14.250000,14.250000
2025-08-28,14.150000,14.150000
2025-08-29,14.400000,14.400000
2025-09-02,13.680000,13.680000
2025-09-03,13.230000,13.230000
2025-09-04,13.690000,13.690000
2025-09-05,14.240000,14.240000
2025-09-08,12.950000,12.950000
2025-09-09,12.550000,12.550000
2025-09-10,12.230000,12.230000
2025-09-11,12.550000,12.550000
2025-09-12,12.490000,12.490000
2025-09-15,12.220000,12.220000
2025-09-16,12.500000,12.500000
2025-09-17,12.800000,12.800000
2025-09-18,12.940000,12.940000
2025-09-19,12.920000,12.920000
2025-09-22,13.110000,13.110000
2025-09-23,12.950000,12.950000
2025-09-24,12.980000,12.980000
2025-09-25,12.410000,12.410000
2025-09-26,12.430000,12.430000
2025-09-29,12.290000,12.290000
2025-09-30,11.890000,11.890000
2025-10-01,11.900000,11.900000
2025-10-02,12.030000,12.030000
2025-10-03,11.720000,11.720000
2025-10-06,11.600000,11.600000
2025-10-07,11.290000,11.290000
2025-10-08,12.060000,12.060000
2025-10-09,12.270000,12.270000
2025-10-10,11.350000,11.350000
2025-10-13,10.250000,10.250000
2025-10-14,10.390000,10.390000
2025-10-15,11.290000,11.290000
2025-10-16,12.350000,12.350000
2025-10-17,12.540000,12.540000
2025-10-20,12.530000,12.530000
2025-10-21,12.650000,12.650000
2025-10-22,12.730000,12.730000
2025-10-23,12.790000,12.790000
2025-10-24,12.690000,12.690000
2025-10-27,13.000000,13.000000
2025-10-28,12.500000,12.500000
2025-10-29,12.500000,12.500000
2025-10-30,12.510000,12.510000
2025-10-31,12.750000,12.750000
2025-11-03,12.350000,12.350000
2025-11-04,12.440000,12.440000
2025-11-05,12.430000,12.430000
2025-11-06,13.100000,13.100000
2025-11-07,13.130000,13.130000
2025-11-10,13.110000,13.110000
2025-11-11,13.250000,13.250000
2025-11-12,13.050000,13.050000
2025-11-13,12.980000,12.980000
2025-11-14,13.020000,13.020000
2025-11-17,13.070000,13.070000
2025-11-18,13.000000,13.000000
2025-11-19,13.030000,13.030000
2025-11-20,13.080000,13.080000
2025-11-21,13.060000,13.060000
2025-11-24,14.050000,14.050000
2025-11-25,14.000000,14.000000
2025-11-26,15.080000,15.080000
2025-11-28,15.050000,15.050000
2025-12-01,14.270000,14.270000
2025-12-02,13.090000,13.090000
2025-12-03,13.410000,13.410000
2025-12-04,12.990000,12.990000
2025-12-05,13.070000,13.070000
2025-12-08,13.170000,13.170000
2025-12-09,13.970000,13.970000
2025-12-10,14.490000,14.490000
2025-12-11,15.310000,15.310000
2025-12-12,14.090000,14.090000
2025-12-15,13.210000,13.210000
2025-12-16,12.920000,12.920000
2025-12-17,12.490000,12.490000
2025-12-18,12.220000,12.220000
2025-12-19,11.850000,11.850000
2025-12-22,12.450000,12.450000
2025-12-23,12.120000,12.120000
2025-12-24,12.370000,12.370000
2025-12-26,12.350000,12.350000
2025-12-29,12.080000,12.080000
2025-12-30,11.600000,11.600000
2025-12-31,11.860000,11.860000
2026-01-02,11.080000,11.080000
2026-01-05,11.110000,11.110000
2026-01-06,11.070000,11.070000
2026-01-07,10.940000,10.940000
2026-01-08,10.970000,10.970000
2026-01-09,10.790000,10.790000
2026-01-12,10.980000,10.980000
2026-01-13,11.050000,11.050000
2026-01-14,12.630000,12.630000
2026-01-15,12.500000,12.500000
2026-01-16,13.510000,13.510000
2026-01-20,13.980000,13.980000
2026-01-21,13.720000,13.720000
2026-01-22,13.630000,13.630000
2026-01-23,12.800000,12.800000
2026-01-26,11.750000,11.750000
2026-01-27,11.270000,11.270000
2026-01-28,10.730000,10.730000
2026-01-29,10.150000,10.150000
2026-01-30,9.590000,9.590000
2026-02-02,9.820000,9.820000
2026-02-03,9.540000,9.540000
2026-02-04,9.710000,9.710000
2026-02-05,9.410000,9.410000
2026-02-06,9.510000,9.510000
2026-02-09,9.450000,9.450000
2026-02-10,9.450000,9.450000
2026-02-11,9.450000,9.450000
2026-02-12,9.230000,9.230000
2026-02-13,8.940000,8.940000
2026-02-17,9.330000,9.330000
2026-02-18,9.720000,9.720000
2026-02-19,11.740000,11.740000
2026-02-20,11.650000,11.650000
2026-02-23,11.470000,11.470000
2026-02-24,12.650000,12.650000
2026-02-25,12.490000,12.490000
2026-02-26,12.350000,12.350000
2026-02-27,12.090000,12.090000
2026-03-02,11.200000,11.200000
2026-03-03,11.190000,11.190000
2026-03-04,11.490000,11.490000
2026-03-05,11.330000,11.330000
2026-03-06,12.070000,12.070000
2026-03-09,12.020000,12.020000
2026-03-10,12.550000,12.550000
2026-03-11,11.880000,11.880000
2026-03-12,11.560000,11.560000
2026-03-13,11.180000,11.180000
2026-03-16,11.580000,11.580000
2026-03-17,11.100000,11.100000
2026-03-18,10.350000,10.350000
2026-03-19,10.620000,10.620000
2026-03-20,10.900000,10.900000
2026-03-23,11.040000,11.040000
2026-03-24,10.440000,10.440000
2026-03-25,11.780000,11.780000
2026-03-26,13.500000,13.500000
2026-03-27,15.160000,15.160000
2026-03-30,16.620000,16.620000
2026-03-31,18.370000,18.370000
2026-04-01,19.320000,19.320000
2026-04-02,19.400000,19.400000
2026-04-06,19.380000,19.380000
2026-04-07,19.210000,19.210000
2026-04-08,18.320000,18.320000
2026-04-09,19.100000,19.100000
2026-04-10,18.170000,18.170000
2026-04-13,17.990000,17.990000
2026-04-14,19.520000,19.520000
2026-04-15,19.950000,19.950000
2026-04-16,19.450000,19.450000
2026-04-17,21.280000,21.280000
2026-04-20,21.690000,21.690000
2026-04-21,24.570000,24.570000
2026-04-22,26.980000,26.980000
2026-04-23,25.700000,25.700000
2026-04-24,24.800000,24.800000
2026-04-27,25.150000,25.150000
2026-04-28,23.960000,23.960000
2026-04-29,20.940000,20.940000
2026-04-30,22.370000,22.370000
2026-05-01,18.070000,18.070000
2026-05-04,17.920000,17.920000
2026-05-05,18.080000,18.080000
2026-05-06,18.060000,18.060000
2026-05-07,18.000000,18.000000
2026-05-08,18.760000,18.760000
2026-05-11,18.520000,18.520000
2026-05-12,18.460000,18.460000
2026-05-13,19.610000,19.610000
2026-05-14,21.230000,21.230000
2026-05-15,19.970000,19.970000
2026-05-18,18.550000,18.550000
2026-05-19,18.480000,18.480000
2026-05-20,18.910000,18.910000
2026-05-21,20.230000,20.230000
2026-05-22,20.740000,20.740000
2026-05-26,20.350000,20.350000
2026-05-27,20.790000,20.790000
2026-05-28,21.470000,21.470000
2026-05-29,20.650000,20.650000
2026-06-01,19.720000,19.720000
2026-06-02,17.010000,17.010000
2026-06-03,17.980000,17.980000
2026-06-04,18.450000,18.450000
2026-06-05,18.000000,18.000000
2026-06-08,17.280000,17.280000
2026-06-09,18.000000,18.000000
2026-06-10,17.570000,17.570000
2026-06-11,18.340000,18.340000
2026-06-12,17.920000,17.920000
2026-06-15,18.190000,18.190000
2026-06-16,17.950000,17.950000
2026-06-17,18.210000,18.210000
2026-06-18,17.690000,17.690000
2026-06-22,17.570000,17.570000
2026-06-23,17.500000,17.500000
2026-06-24,17.360000,17.360000
2026-06-25,16.990000,16.990000
2026-06-26,18.560000,18.560000
2026-06-29,18.000000,18.000000
2026-06-30,18.000000,18.000000
2026-07-01,17.080000,17.080000
2026-07-02,17.090000,17.090000
2026-07-06,16.960000,16.960000
2026-07-07,17.030000,17.030000
2026-07-08,16.810000,16.810000
2026-07-09,16.760000,16.760000
2026-07-10,17.340000,17.340000
2026-07-13,15.690000,15.690000
2026-07-14,15.310000,15.310000
2026-07-15,15.670000,15.670000
2026-07-16,15.110000,15.110000
2026-07-17,14.750000,14.750000
2026-07-20,15.050000,15.050000
2026-07-21,16.640000,16.640000
2026-07-22,15.830000,15.830000
2026-07-23,17.030000,17.030000
2026-07-24,16.300000,16.300000
2026-07-27,16.930000,16.930000
2026-07-28,16.440000,16.440000
2026-07-29,14.770000,14.770000
2026-07-30,15.020000,15.020000
2026-07-31,14.470000,14.470000
2026-08-03,14.870000,14.870000
2026-08-04,16.380000,16.380000
2026-08-05,15.770000,15.770000
2026-08-06,16.430000,16.430000
2026-08-07,16.840000,16.840000
2026-08-10,17.330000,17.330000
2026-08-11,16.690000,16.690000
2026-08-12,16.430000,16.430000
2026-08-13,16.630000,16.630000
2026-08-14,17.140000,17.140000
2026-08-17,17.390000,17.390000
