date,close,adj_close
2004-03-12,4.150000,4.150000
2004-03-15,4.520000,4.520000
2004-03-16,4.250000,4.250000
2004-03-17,4.230000,4.230000
2004-03-18,4.090000,4.090000
2004-03-19,4.350000,4.350000
2004-03-22,4.350000,4.350000
2004-03-23,4.350000,4.350000
2004-03-24,4.400000,4.400000
2004-03-25,4.400000,4.400000
2004-03-26,4.400000,4.400000
2004-03-29,4.400000,4.400000
2004-03-30,4.450000,4.450000
2004-03-31,4.350000,4.350000
2004-04-01,4.350000,4.350000
2004-04-02,4.250000,4.250000
2004-04-05,4.200000,4.200000
2004-04-06,4.250000,4.250000
2004-04-07,4.240000,4.240000
2004-04-08,4.250000,4.250000
2004-04-12,4.250000,4.250000
2004-04-13,4.250000,4.250000
2004-04-14,4.200000,4.200000
2004-04-15,4.230000,4.230000
2004-04-16,4.250000,4.250000
2004-04-19,4.200000,4.200000
2004-04-20,4.180000,4.180000
2004-04-21,4.200000,4.200000
2004-04-22,4.160000,4.160000
2004-04-23,4.230000,4.230000
2004-04-26,4.500000,4.500000
2004-04-27,4.630000,4.630000
2004-04-28,4.590000,4.590000
2004-04-29,4.480000,4.480000
2004-04-30,4.450000,4.450000
2004-05-03,4.200000,4.200000
2004-05-04,4.240000,4.240000
2004-05-05,4.250000,4.250000
2004-05-06,4.240000,4.240000
2004-05-07,4.000000,4.000000
2004-05-10,4.000000,4.000000
2004-05-11,4.100000,4.100000
2004-05-12,4.100000,4.100000
2004-05-13,4.220000,4.220000
2004-05-14,4.260000,4.260000
2004-05-17,4.150000,4.150000
2004-05-18,4.200000,4.200000
2004-05-19,4.100000,4.100000
2004-05-20,4.100000,4.100000
2004-05-24,4.100000,4.100000
2004-05-25,4.100000,4.100000
2004-05-26,4.000000,4.000000
2004-05-27,4.000000,4.000000
2004-05-28,4.120000,4.120000
2004-06-01,4.100000,4.100000
2004-06-02,4.300000,4.300000
2004-06-03,4.400000,4.400000
2004-06-04,4.350000,4.350000
2004-06-07,4.300000,4.300000
2004-06-08,4.200000,4.200000
2004-06-09,4.200000,4.200000
2004-06-10,3.800000,3.800000
2004-06-14,2.800000,2.800000
2004-06-15,2.750000,2.750000
2004-06-16,2.700000,2.700000
2004-06-17,2.950000,2.950000
2004-06-18,2.970000,2.970000
2004-06-21,3.000000,3.000000
2004-06-22,2.990000,2.990000
2004-06-24,3.100000,3.100000
2004-06-25,3.000000,3.000000
2004-06-28,2.900000,2.900000
2004-06-29,3.000000,3.000000
2004-06-30,3.200000,3.200000
2004-07-01,3.000000,3.000000
2004-07-06,3.000000,3.000000
2004-07-07,3.250000,3.250000
2004-07-08,3.300000,3.300000
2004-07-09,3.350000,3.350000
2004-07-12,3.050000,3.050000
2004-07-13,3.050000,3.050000
2004-07-14,2.900000,2.900000
2004-07-15,2.950000,2.950000
2004-07-16,3.020000,3.020000
2004-07-19,3.050000,3.050000
2004-07-20,3.000000,3.000000
2004-07-21,2.850000,2.850000
2004-07-22,2.850000,2.850000
2004-07-23,3.000000,3.000000
2004-07-26,2.850000,2.850000
2004-07-29,2.850000,2.850000
2004-07-30,2.700000,2.700000
2004-08-02,2.700000,2.700000
2004-08-03,2.650000,2.650000
2004-08-04,2.600000,2.600000
2004-08-05,2.500000,2.500000
2004-08-06,2.150000,2.150000
2004-08-09,1.900000,1.900000
2004-08-10,2.000000,2.000000
2004-08-11,2.000000,2.000000
2004-08-12,2.060000,2.060000
2004-08-13,2.100000,2.100000
2004-08-16,1.900000,1.900000
2004-08-17,1.430000,1.430000
2004-08-18,1.610000,1.610000
2004-08-19,1.650000,1.650000
2004-08-20,1.870000,1.870000
2004-08-23,1.830000,1.830000
2004-08-24,1.950000,1.950000
2004-08-25,2.000000,2.000000
2004-08-26,2.010000,2.010000
2004-08-27,2.050000,2.050000
2004-08-30,2.000000,2.000000
2004-08-31,2.020000,2.020000
2004-09-01,1.990000,1.990000
2004-09-02,1.950000,1.950000
2004-09-03,1.990000,1.990000
2004-09-07,1.950000,1.950000
2004-09-08,1.900000,1.900000
2004-09-09,1.760000,1.760000
2004-09-10,1.770000,1.770000
2004-09-13,1.800000,1.800000
2004-09-14,1.890000,1.890000
2004-09-15,1.950000,1.950000
2004-09-16,1.930000,1.930000
2004-09-17,1.900000,1.900000
2004-09-20,1.830000,1.830000
2004-09-21,1.770000,1.770000
2004-09-22,1.900000,1.900000
2004-09-23,1.940000,1.940000
2004-09-24,2.100000,2.100000
2004-09-27,2.330000,2.330000
2004-09-28,2.510000,2.510000
2004-09-29,2.350000,2.350000
2004-09-30,2.250000,2.250000
2004-10-01,2.200000,2.200000
2004-10-04,2.150000,2.150000
2004-10-05,2.200000,2.200000
2004-10-06,2.150000,2.150000
2004-10-07,2.090000,2.090000
2004-10-08,2.050000,2.050000
2004-10-11,2.060000,2.060000
2004-10-12,1.940000,1.940000
2004-10-13,2.050000,2.050000
2004-10-14,2.100000,2.100000
2004-10-15,2.120000,2.120000
2004-10-18,2.100000,2.100000
2004-10-19,2.150000,2.150000
2004-10-20,2.200000,2.200000
2004-10-21,2.140000,2.140000
2004-10-22,2.400000,2.400000
2004-10-25,2.310000,2.310000
2004-10-26,2.500000,2.500000
2004-10-27,2.470000,2.470000
2004-10-28,2.440000,2.440000
2004-10-29,2.630000,2.630000
2004-11-01,2.800000,2.800000
2004-11-02,2.810000,2.810000
2004-11-03,2.740000,2.740000
2004-11-04,2.480000,2.480000
2004-11-05,2.450000,2.450000
2004-11-08,2.250000,2.250000
2004-11-09,2.360000,2.360000
2004-11-10,2.100000,2.100000
2004-11-11,2.190000,2.190000
2004-11-12,2.450000,2.450000
2004-11-15,2.310000,2.310000
2004-11-16,2.250000,2.250000
2004-11-17,2.270000,2.270000
2004-11-18,2.290000,2.290000
2004-11-19,2.250000,2.250000
2004-11-22,2.300000,2.300000
2004-11-23,2.250000,2.250000
2004-11-24,2.480000,2.480000
2004-11-26,2.300000,2.300000
2004-11-29,2.250000,2.250000
2004-11-30,2.240000,2.240000
2004-12-01,2.200000,2.200000
2004-12-02,2.190000,2.190000
2004-12-03,2.100000,2.100000
2004-12-06,2.020000,2.020000
2004-12-07,1.960000,1.960000
2004-12-08,2.020000,2.020000
2004-12-09,1.980000,1.980000
2004-12-10,1.980000,1.980000
2004-12-13,1.910000,1.910000
2004-12-14,1.880000,1.880000
2004-12-15,1.950000,1.950000
2004-12-16,1.950000,1.950000
2004-12-17,2.150000,2.150000
2004-12-20,2.000000,2.000000
2004-12-21,2.200000,2.200000
2004-12-22,2.100000,2.100000
2004-12-23,2.090000,2.090000
2004-12-27,2.050000,2.050000
2004-12-28,2.200000,2.200000
2004-12-29,2.250000,2.250000
2004-12-30,2.200000,2.200000
2004-12-31,2.200000,2.200000
2005-01-03,2.070000,2.070000
2005-01-04,2.020000,2.020000
2005-01-05,1.990000,1.990000
2005-01-06,1.950000,1.950000
2005-01-07,1.940000,1.940000
2005-01-10,1.900000,1.900000
2005-01-11,1.970000,1.970000
2005-01-12,1.840000,1.840000
2005-01-13,1.830000,1.830000
2005-01-14,1.890000,1.890000
2005-01-18,1.790000,1.790000
2005-01-19,1.780000,1.780000
2005-01-20,1.850000,1.850000
2005-01-21,1.850000,1.850000
2005-01-24,1.900000,1.900000
2005-01-25,1.890000,1.890000
2005-01-26,1.950000,1.950000
2005-01-27,2.050000,2.050000
2005-01-28,2.050000,2.050000
2005-01-31,1.960000,1.960000
2005-02-01,2.000000,2.000000
2005-02-02,2.100000,2.100000
2005-02-03,2.150000,2.150000
2005-02-04,2.160000,2.160000
2005-02-07,2.110000,2.110000
2005-02-08,2.100000,2.100000
2005-02-09,2.120000,2.120000
2005-02-10,2.150000,2.150000
2005-02-11,2.090000,2.090000
2005-02-14,1.950000,1.950000
2005-02-15,2.000000,2.000000
2005-02-16,1.900000,1.900000
2005-02-17,1.990000,1.990000
2005-02-18,1.900000,1.900000
2005-02-22,1.850000,1.850000
2005-02-23,1.820000,1.820000
2005-02-24,1.780000,1.780000
2005-02-25,1.740000,1.740000
2005-02-28,1.670000,1.670000
2005-03-01,1.800000,1.800000
2005-03-02,1.920000,1.920000
2005-03-03,1.820000,1.820000
2005-03-04,1.850000,1.850000
2005-03-07,1.940000,1.940000
2005-03-08,1.920000,1.920000
2005-03-09,1.840000,1.840000
2005-03-10,1.850000,1.850000
2005-03-11,1.770000,1.770000
2005-03-14,1.810000,1.810000
2005-03-15,1.850000,1.850000
2005-03-16,1.900000,1.900000
2005-03-17,1.800000,1.800000
2005-03-18,1.830000,1.830000
2005-03-21,1.690000,1.690000
2005-03-22,1.690000,1.690000
2005-03-23,1.660000,1.660000
2005-03-24,1.600000,1.600000
2005-03-28,1.700000,1.700000
2005-03-29,1.690000,1.690000
2005-03-30,1.750000,1.750000
2005-03-31,1.640000,1.640000
2005-04-01,1.730000,1.730000
2005-04-04,1.670000,1.670000
2005-04-05,1.740000,1.740000
2005-04-06,1.800000,1.800000
2005-04-07,1.770000,1.770000
2005-04-08,1.750000,1.750000
2005-04-11,1.750000,1.750000
2005-04-12,1.750000,1.750000
2005-04-13,1.660000,1.660000
2005-04-14,1.650000,1.650000
2005-04-15,1.630000,1.630000
2005-04-18,1.600000,1.600000
2005-04-19,1.760000,1.760000
2005-04-20,1.710000,1.710000
2005-04-21,1.720000,1.720000
2005-04-22,1.740000,1.740000
2005-04-25,1.760000,1.760000
2005-04-26,1.630000,1.630000
2005-04-27,1.700000,1.700000
2005-04-28,1.700000,1.700000
2005-04-29,1.750000,1.750000
2005-05-02,1.700000,1.700000
2005-05-03,1.700000,1.700000
2005-05-04,1.650000,1.650000
2005-05-05,1.660000,1.660000
2005-05-06,1.650000,1.650000
2005-05-09,1.920000,1.920000
2005-05-10,1.950000,1.950000
2005-05-11,1.950000,1.950000
2005-05-12,1.870000,1.870000
2005-05-13,1.840000,1.840000
2005-05-16,1.800000,1.800000
2005-05-17,1.760000,1.760000
2005-05-18,1.800000,1.800000
2005-05-19,1.810000,1.810000
2005-05-20,1.860000,1.860000
2005-05-23,1.960000,1.960000
2005-05-24,1.960000,1.960000
2005-05-25,1.950000,1.950000
2005-05-26,1.990000,1.990000
2005-05-27,2.040000,2.040000
2005-05-31,2.010000,2.010000
2005-06-01,2.020000,2.020000
2005-06-02,2.000000,2.000000
2005-06-03,2.010000,2.010000
2005-06-06,2.000000,2.000000
2005-06-07,1.990000,1.990000
2005-06-08,2.000000,2.000000
2005-06-09,1.900000,1.900000
2005-06-10,1.840000,1.840000
2005-06-13,1.700000,1.700000
2005-06-14,1.770000,1.770000
2005-06-15,1.850000,1.850000
2005-06-16,1.790000,1.790000
2005-06-17,1.780000,1.780000
2005-06-20,1.790000,1.790000
2005-06-21,1.810000,1.810000
2005-06-22,1.790000,1.790000
2005-06-23,1.770000,1.770000
2005-06-24,1.770000,1.770000
2005-06-27,1.720000,1.720000
2005-06-28,1.790000,1.790000
2005-06-29,1.750000,1.750000
2005-06-30,1.840000,1.840000
2005-07-01,1.710000,1.710000
2005-07-05,1.790000,1.790000
2005-07-06,1.720000,1.720000
2005-07-07,1.750000,1.750000
2005-07-08,1.740000,1.740000
2005-07-11,1.800000,1.800000
2005-07-12,1.800000,1.800000
2005-07-13,1.800000,1.800000
2005-07-14,1.700000,1.700000
2005-07-15,1.750000,1.750000
2005-07-18,1.750000,1.750000
2005-07-19,1.710000,1.710000
2005-07-20,1.720000,1.720000
2005-07-21,1.740000,1.740000
2005-07-22,1.750000,1.750000
2005-07-25,1.720000,1.720000
2005-07-26,1.700000,1.700000
2005-07-27,1.700000,1.700000
2005-07-28,1.700000,1.700000
2005-07-29,1.700000,1.700000
2005-08-01,1.700000,1.700000
2005-08-02,1.700000,1.700000
2005-08-03,1.690000,1.690000
2005-08-04,1.650000,1.650000
2005-08-05,1.670000,1.670000
2005-08-08,1.670000,1.670000
2005-08-09,1.670000,1.670000
2005-08-10,1.680000,1.680000
2005-08-11,1.750000,1.750000
2005-08-12,1.750000,1.750000
2005-08-15,1.690000,1.690000
2005-08-16,1.740000,1.740000
2005-08-17,1.740000,1.740000
2005-08-18,1.690000,1.690000
2005-08-19,1.700000,1.700000
2005-08-22,1.680000,1.680000
2005-08-23,1.730000,1.730000
2005-08-24,1.780000,1.780000
2005-08-25,1.910000,1.910000
2005-08-26,1.980000,1.980000
2005-08-29,2.000000,2.000000
2005-08-30,1.900000,1.900000
2005-08-31,2.000000,2.000000
2005-09-01,1.920000,1.920000
2005-09-02,1.900000,1.900000
2005-09-06,1.880000,1.880000
2005-09-07,1.950000,1.950000
2005-09-08,1.930000,1.930000
2005-09-09,1.830000,1.830000
2005-09-12,1.860000,1.860000
2005-09-13,1.930000,1.930000
2005-09-14,1.940000,1.940000
2005-09-15,1.990000,1.990000
2005-09-16,1.940000,1.940000
2005-09-19,1.980000,1.980000
2005-09-20,1.990000,1.990000
2005-09-21,1.990000,1.990000
2005-09-22,2.000000,2.000000
2005-09-23,2.200000,2.200000
2005-09-26,1.940000,1.940000
2005-09-27,2.020000,2.020000
2005-09-28,2.020000,2.020000
2005-09-29,2.040000,2.040000
2005-09-30,2.120000,2.120000
2005-10-03,2.190000,2.190000
2005-10-04,2.160000,2.160000
2005-10-05,2.190000,2.190000
2005-10-06,2.000000,2.000000
2005-10-07,2.060000,2.060000
2005-10-10,2.040000,2.040000
2005-10-11,1.990000,1.990000
2005-10-12,1.910000,1.910000
2005-10-13,1.930000,1.930000
2005-10-14,1.940000,1.940000
2005-10-17,1.930000,1.930000
2005-10-18,1.890000,1.890000
2005-10-19,1.880000,1.880000
2005-10-20,1.800000,1.800000
2005-10-21,1.760000,1.760000
2005-10-24,1.780000,1.780000
2005-10-25,1.720000,1.720000
2005-10-26,1.710000,1.710000
2005-10-27,1.750000,1.750000
2005-10-28,1.770000,1.770000
2005-10-31,1.790000,1.790000
2005-11-01,1.780000,1.780000
2005-11-02,1.750000,1.750000
2005-11-03,1.770000,1.770000
2005-11-04,1.790000,1.790000
2005-11-07,1.840000,1.840000
2005-11-08,1.830000,1.830000
2005-11-09,1.820000,1.820000
2005-11-10,1.810000,1.810000
2005-11-11,1.820000,1.820000
2005-11-14,1.830000,1.830000
2005-11-15,1.830000,1.830000
2005-11-16,1.840000,1.840000
2005-11-17,1.810000,1.810000
2005-11-18,1.800000,1.800000
2005-11-21,1.750000,1.750000
2005-11-22,1.810000,1.810000
2005-11-23,1.850000,1.850000
2005-11-25,1.850000,1.850000
2005-11-28,1.840000,1.840000
2005-11-29,1.830000,1.830000
2005-11-30,1.810000,1.810000
2005-12-01,1.800000,1.800000
2005-12-02,1.770000,1.770000
2005-12-05,2.050000,2.050000
2005-12-06,1.960000,1.960000
2005-12-07,2.000000,2.000000
2005-12-08,2.020000,2.020000
2005-12-09,2.160000,2.160000
2005-12-12,2.180000,2.180000
2005-12-13,1.900000,1.900000
2005-12-14,1.830000,1.830000
2005-12-15,1.830000,1.830000
2005-12-16,1.820000,1.820000
2005-12-19,1.810000,1.810000
2005-12-20,1.780000,1.780000
2005-12-21,1.810000,1.810000
2005-12-22,1.820000,1.820000
2005-12-23,1.770000,1.770000
2005-12-27,1.770000,1.770000
2005-12-28,1.750000,1.750000
2005-12-29,1.790000,1.790000
2005-12-30,1.820000,1.820000
2006-01-03,1.880000,1.880000
2006-01-04,1.920000,1.920000
2006-01-05,1.910000,1.910000
2006-01-06,1.910000,1.910000
2006-01-09,1.940000,1.940000
2006-01-10,1.950000,1.950000
2006-01-11,1.950000,1.950000
2006-01-12,1.940000,1.940000
2006-01-13,1.950000,1.950000
2006-01-17,1.960000,1.960000
2006-01-18,1.930000,1.930000
2006-01-19,1.880000,1.880000
2006-01-20,1.890000,1.890000
2006-01-23,1.870000,1.870000
2006-01-24,1.860000,1.860000
2006-01-25,1.860000,1.860000
2006-01-26,1.830000,1.830000
2006-01-27,1.810000,1.810000
2006-01-30,1.840000,1.840000
2006-01-31,1.870000,1.870000
2006-02-01,1.880000,1.880000
2006-02-02,1.960000,1.960000
2006-02-03,2.000000,2.000000
2006-02-06,2.040000,2.040000
2006-02-07,1.960000,1.960000
2006-02-08,2.060000,2.060000
2006-02-09,2.080000,2.080000
2006-02-10,2.120000,2.120000
2006-02-13,2.180000,2.180000
2006-02-14,2.120000,2.120000
2006-02-15,2.190000,2.190000
2006-02-16,2.080000,2.080000
2006-02-17,2.130000,2.130000
2006-02-21,2.200000,2.200000
2006-02-22,2.450000,2.450000
2006-02-23,2.600000,2.600000
2006-02-24,2.800000,2.800000
2006-02-27,3.000000,3.000000
2006-02-28,3.000000,3.000000
2006-03-01,3.020000,3.020000
2006-03-02,3.500000,3.500000
2006-03-03,3.110000,3.110000
2006-03-06,3.290000,3.290000
2006-03-07,3.290000,3.290000
2006-03-08,3.300000,3.300000
2006-03-09,3.140000,3.140000
2006-03-10,3.170000,3.170000
2006-03-13,3.180000,3.180000
2006-03-14,3.130000,3.130000
2006-03-15,3.340000,3.340000
2006-03-16,3.390000,3.390000
2006-03-17,3.110000,3.110000
2006-03-20,3.170000,3.170000
2006-03-21,3.250000,3.250000
2006-03-22,3.480000,3.480000
2006-03-23,3.490000,3.490000
2006-03-24,3.420000,3.420000
2006-03-27,3.390000,3.390000
2006-03-28,3.400000,3.400000
2006-03-29,3.350000,3.350000
2006-03-30,3.400000,3.400000
2006-03-31,3.450000,3.450000
2006-04-03,3.450000,3.450000
2006-04-04,3.430000,3.430000
2006-04-05,3.340000,3.340000
2006-04-06,3.330000,3.330000
2006-04-07,3.250000,3.250000
2006-04-10,3.000000,3.000000
2006-04-11,2.820000,2.820000
2006-04-12,2.760000,2.760000
2006-04-13,2.820000,2.820000
2006-04-17,2.850000,2.850000
2006-04-18,2.890000,2.890000
2006-04-19,2.930000,2.930000
2006-04-20,2.890000,2.890000
2006-04-21,3.010000,3.010000
2006-04-24,2.890000,2.890000
2006-04-25,3.000000,3.000000
2006-04-26,3.000000,3.000000
2006-04-27,3.020000,3.020000
2006-04-28,2.950000,2.950000
2006-05-01,2.950000,2.950000
2006-05-02,2.970000,2.970000
2006-05-03,2.800000,2.800000
2006-05-04,2.800000,2.800000
2006-05-05,2.780000,2.780000
2006-05-08,2.830000,2.830000
2006-05-09,2.820000,2.820000
2006-05-10,2.800000,2.800000
2006-05-11,2.810000,2.810000
2006-05-12,2.790000,2.790000
2006-05-15,2.850000,2.850000
2006-05-16,2.760000,2.760000
2006-05-17,2.740000,2.740000
2006-05-18,2.750000,2.750000
2006-05-19,2.550000,2.550000
2006-05-22,2.380000,2.380000
2006-05-23,2.480000,2.480000
2006-05-24,2.500000,2.500000
2006-05-25,2.500000,2.500000
2006-05-26,2.500000,2.500000
2006-05-30,2.460000,2.460000
2006-05-31,2.460000,2.460000
2006-06-01,2.470000,2.470000
2006-06-02,2.500000,2.500000
2006-06-05,2.460000,2.460000
2006-06-06,2.450000,2.450000
2006-06-07,2.520000,2.520000
2006-06-08,2.380000,2.380000
2006-06-09,2.440000,2.440000
2006-06-12,2.320000,2.320000
2006-06-13,2.280000,2.280000
2006-06-14,2.430000,2.430000
2006-06-15,2.460000,2.460000
2006-06-16,2.430000,2.430000
2006-06-19,2.300000,2.300000
2006-06-20,2.450000,2.450000
2006-06-21,2.300000,2.300000
2006-06-22,2.320000,2.320000
2006-06-23,2.370000,2.370000
2006-06-26,2.320000,2.320000
2006-06-27,2.310000,2.310000
2006-06-28,2.500000,2.500000
2006-06-29,2.570000,2.570000
2006-06-30,2.700000,2.700000
2006-07-03,2.650000,2.650000
2006-07-05,2.690000,2.690000
2006-07-06,2.650000,2.650000
2006-07-07,2.680000,2.680000
2006-07-10,2.670000,2.670000
2006-07-11,2.550000,2.550000
2006-07-12,2.560000,2.560000
2006-07-13,2.510000,2.510000
2006-07-14,2.500000,2.500000
2006-07-17,2.600000,2.600000
2006-07-18,2.640000,2.640000
2006-07-19,2.630000,2.630000
2006-07-20,2.550000,2.550000
2006-07-21,2.450000,2.450000
2006-07-24,2.300000,2.300000
2006-07-25,2.350000,2.350000
2006-07-26,2.300000,2.300000
2006-07-27,2.330000,2.330000
2006-07-28,2.320000,2.320000
2006-07-31,2.340000,2.340000
2006-08-01,2.300000,2.300000
2006-08-02,2.300000,2.300000
2006-08-03,2.420000,2.420000
2006-08-04,2.350000,2.350000
2006-08-07,2.400000,2.400000
2006-08-08,2.400000,2.400000
2006-08-09,2.180000,2.180000
2006-08-10,2.280000,2.280000
2006-08-11,2.300000,2.300000
2006-08-14,2.300000,2.300000
2006-08-15,2.390000,2.390000
2006-08-16,2.380000,2.380000
2006-08-17,2.450000,2.450000
2006-08-18,2.470000,2.470000
2006-08-21,2.470000,2.470000
2006-08-22,2.520000,2.520000
2006-08-23,2.540000,2.540000
2006-08-24,2.500000,2.500000
2006-08-25,2.540000,2.540000
2006-08-28,2.570000,2.570000
2006-08-29,2.680000,2.680000
2006-08-30,2.660000,2.660000
2006-08-31,2.700000,2.700000
2006-09-01,2.680000,2.680000
2006-09-05,2.660000,2.660000
2006-09-06,2.550000,2.550000
2006-09-07,2.540000,2.540000
2006-09-08,2.530000,2.530000
2006-09-11,2.590000,2.590000
2006-09-12,2.510000,2.510000
2006-09-13,2.500000,2.500000
2006-09-14,2.500000,2.500000
2006-09-15,2.540000,2.540000
2006-09-18,2.530000,2.530000
2006-09-19,2.600000,2.600000
2006-09-20,2.650000,2.650000
2006-09-21,2.570000,2.570000
2006-09-22,2.600000,2.600000
2006-09-25,2.500000,2.500000
2006-09-26,2.550000,2.550000
2006-09-27,2.500000,2.500000
2006-09-28,2.500000,2.500000
2006-09-29,2.650000,2.650000
2006-10-02,2.510000,2.510000
2006-10-03,2.590000,2.590000
2006-10-04,2.690000,2.690000
2006-10-05,2.700000,2.700000
2006-10-06,2.800000,2.800000
2006-10-09,2.660000,2.660000
2006-10-10,2.640000,2.640000
2006-10-11,2.700000,2.700000
2006-10-12,2.710000,2.710000
2006-10-13,2.750000,2.750000
2006-10-16,2.700000,2.700000
2006-10-17,2.720000,2.720000
2006-10-18,2.750000,2.750000
2006-10-19,2.770000,2.770000
2006-10-20,2.800000,2.800000
2006-10-23,2.750000,2.750000
2006-10-24,2.780000,2.780000
2006-10-25,2.890000,2.890000
2006-10-26,2.880000,2.880000
2006-10-27,2.870000,2.870000
2006-10-30,2.790000,2.790000
2006-10-31,2.830000,2.830000
2006-11-01,2.770000,2.770000
2006-11-02,2.700000,2.700000
2006-11-03,2.720000,2.720000
2006-11-06,2.720000,2.720000
2006-11-07,2.720000,2.720000
2006-11-08,2.720000,2.720000
2006-11-09,2.670000,2.670000
2006-11-10,2.600000,2.600000
2006-11-13,2.580000,2.580000
2006-11-14,2.600000,2.600000
2006-11-15,2.660000,2.660000
2006-11-16,2.570000,2.570000
2006-11-17,2.680000,2.680000
2006-11-20,2.650000,2.650000
2006-11-21,2.660000,2.660000
2006-11-22,2.760000,2.760000
2006-11-24,2.820000,2.820000
2006-11-27,2.840000,2.840000
2006-11-28,2.930000,2.930000
2006-11-29,2.950000,2.950000
2006-11-30,2.890000,2.890000
2006-12-01,2.850000,2.850000
2006-12-04,2.820000,2.820000
2006-12-05,2.850000,2.850000
2006-12-06,4.550000,4.550000
2006-12-07,5.730000,5.730000
2006-12-08,6.420000,6.420000
2006-12-11,6.200000,6.200000
2006-12-12,6.990000,6.990000
2006-12-13,7.070000,7.070000
2006-12-14,6.780000,6.780000
2006-12-15,7.050000,7.050000
2006-12-18,7.150000,7.150000
2006-12-19,7.100000,7.100000
2006-12-20,7.350000,7.350000
2006-12-21,8.160000,8.160000
2006-12-22,7.900000,7.900000
2006-12-26,7.850000,7.850000
2006-12-27,8.250000,8.250000
2006-12-28,8.250000,8.250000
2006-12-29,8.050000,8.050000
2007-01-03,8.100000,8.100000
2007-01-04,8.000000,8.000000
2007-01-05,7.650000,7.650000
2007-01-08,7.500000,7.500000
2007-01-09,7.620000,7.620000
2007-01-10,7.560000,7.560000
2007-01-11,7.850000,7.850000
2007-01-12,7.700000,7.700000
2007-01-16,7.760000,7.760000
2007-01-17,7.620000,7.620000
2007-01-18,7.090000,7.090000
2007-01-19,6.990000,6.990000
2007-01-22,7.680000,7.680000
2007-01-23,7.550000,7.550000
2007-01-24,7.600000,7.600000
2007-01-25,7.510000,7.510000
2007-01-26,7.710000,7.710000
2007-01-29,7.600000,7.600000
2007-01-30,7.600000,7.600000
2007-01-31,7.550000,7.550000
2007-02-01,7.550000,7.550000
2007-02-02,7.750000,7.750000
2007-02-05,7.510000,7.510000
2007-02-06,7.800000,7.800000
2007-02-07,8.240000,8.240000
2007-02-08,8.410000,8.410000
2007-02-09,8.160000,8.160000
2007-02-12,7.900000,7.900000
2007-02-13,7.850000,7.850000
2007-02-14,8.760000,8.760000
2007-02-15,9.050000,9.050000
2007-02-16,9.000000,9.000000
2007-02-20,9.360000,9.360000
2007-02-21,9.360000,9.360000
2007-02-22,9.450000,9.450000
2007-02-23,9.250000,9.250000
2007-02-26,8.880000,8.880000
2007-02-27,8.360000,8.360000
2007-02-28,8.290000,8.290000
2007-03-01,8.200000,8.200000
2007-03-02,8.080000,8.080000
2007-03-05,8.000000,8.000000
2007-03-06,8.200000,8.200000
2007-03-07,8.390000,8.390000
2007-03-08,8.600000,8.600000
2007-03-09,8.390000,8.390000
2007-03-12,7.980000,7.980000
2007-03-13,7.990000,7.990000
2007-03-14,7.980000,7.980000
2007-03-15,8.300000,8.300000
2007-03-16,8.720000,8.720000
2007-03-19,8.590000,8.590000
2007-03-20,8.720000,8.720000
2007-03-21,8.630000,8.630000
2007-03-22,8.510000,8.510000
2007-03-23,8.550000,8.550000
2007-03-26,8.400000,8.400000
2007-03-27,8.430000,8.430000
2007-03-28,8.400000,8.400000
2007-03-29,8.250000,8.250000
2007-03-30,8.060000,8.060000
2007-04-02,8.180000,8.180000
2007-04-03,8.350000,8.350000
2007-04-04,8.400000,8.400000
2007-04-05,8.440000,8.440000
2007-04-09,8.360000,8.360000
2007-04-10,8.660000,8.660000
2007-04-11,8.700000,8.700000
2007-04-12,8.950000,8.950000
2007-04-13,9.060000,9.060000
2007-04-16,9.030000,9.030000
2007-04-17,8.970000,8.970000
2007-04-18,9.100000,9.100000
2007-04-19,9.140000,9.140000
2007-04-20,9.170000,9.170000
2007-04-23,8.950000,8.950000
2007-04-24,9.970000,9.970000
2007-04-25,9.980000,9.980000
2007-04-26,10.360000,10.360000
2007-04-27,10.380000,10.380000
2007-04-30,10.150000,10.150000
2007-05-01,10.090000,10.090000
2007-05-02,10.250000,10.250000
2007-05-03,10.400000,10.400000
2007-05-04,10.320000,10.320000
2007-05-07,10.180000,10.180000
2007-05-08,10.500000,10.500000
2007-05-09,10.600000,10.600000
2007-05-10,10.440000,10.440000
2007-05-11,10.560000,10.560000
2007-05-14,10.330000,10.330000
2007-05-15,10.370000,10.370000
2007-05-16,10.750000,10.750000
2007-05-17,10.750000,10.750000
2007-05-18,10.540000,10.540000
2007-05-21,10.500000,10.500000
2007-05-22,10.520000,10.520000
2007-05-23,10.500000,10.500000
2007-05-24,10.300000,10.300000
2007-05-25,10.270000,10.270000
2007-05-29,10.260000,10.260000
2007-05-30,10.390000,10.390000
2007-05-31,10.210000,10.210000
2007-06-01,10.440000,10.440000
2007-06-04,10.540000,10.540000
2007-06-05,10.760000,10.760000
2007-06-06,10.550000,10.550000
2007-06-07,10.510000,10.510000
2007-06-08,10.300000,10.300000
2007-06-11,10.260000,10.260000
2007-06-12,10.020000,10.020000
2007-06-13,10.230000,10.230000
2007-06-14,10.110000,10.110000
2007-06-15,10.640000,10.640000
2007-06-18,10.400000,10.400000
2007-06-19,10.140000,10.140000
2007-06-20,10.000000,10.000000
2007-06-21,9.800000,9.800000
2007-06-22,9.660000,9.660000
2007-06-25,8.980000,8.980000
2007-06-26,9.040000,9.040000
2007-06-27,9.200000,9.200000
2007-06-28,9.600000,9.600000
2007-06-29,9.230000,9.230000
2007-07-02,9.690000,9.690000
2007-07-03,9.740000,9.740000
2007-07-05,9.730000,9.730000
2007-07-06,9.960000,9.960000
2007-07-09,9.920000,9.920000
2007-07-10,9.710000,9.710000
2007-07-11,9.920000,9.920000
2007-07-12,10.060000,10.060000
2007-07-13,10.070000,10.070000
2007-07-16,9.810000,9.810000
2007-07-17,9.780000,9.780000
2007-07-18,9.870000,9.870000
2007-07-19,9.830000,9.830000
2007-07-20,9.420000,9.420000
2007-07-23,9.310000,9.310000
2007-07-24,9.270000,9.270000
2007-07-25,9.130000,9.130000
2007-07-26,8.920000,8.920000
2007-07-27,8.410000,8.410000
2007-07-30,8.080000,8.080000
2007-07-31,8.040000,8.040000
2007-08-01,8.010000,8.010000
2007-08-02,8.330000,8.330000
2007-08-03,7.800000,7.800000
2007-08-06,8.200000,8.200000
2007-08-07,8.330000,8.330000
2007-08-08,9.100000,9.100000
2007-08-09,8.950000,8.950000
2007-08-10,8.330000,8.330000
2007-08-13,8.440000,8.440000
2007-08-14,8.520000,8.520000
2007-08-15,8.580000,8.580000
2007-08-16,8.480000,8.480000
2007-08-17,8.620000,8.620000
2007-08-20,8.480000,8.480000
2007-08-21,8.440000,8.440000
2007-08-22,8.390000,8.390000
2007-08-23,8.240000,8.240000
2007-08-24,8.520000,8.520000
2007-08-27,8.520000,8.520000
2007-08-28,8.280000,8.280000
2007-08-29,8.480000,8.480000
2007-08-30,8.340000,8.340000
2007-08-31,8.810000,8.810000
2007-09-04,9.950000,9.950000
2007-09-05,10.100000,10.100000
2007-09-06,9.730000,9.730000
2007-09-07,9.070000,9.070000
2007-09-10,9.410000,9.410000
2007-09-11,9.000000,9.000000
2007-09-12,8.770000,8.770000
2007-09-13,8.700000,8.700000
2007-09-14,8.740000,8.740000
2007-09-17,8.630000,8.630000
2007-09-18,9.000000,9.000000
2007-09-19,9.070000,9.070000
2007-09-20,9.220000,9.220000
2007-09-21,9.120000,9.120000
2007-09-24,9.050000,9.050000
2007-09-25,9.020000,9.020000
2007-09-26,9.070000,9.070000
2007-09-27,8.950000,8.950000
2007-09-28,8.690000,8.690000
2007-10-01,8.970000,8.970000
2007-10-02,8.900000,8.900000
2007-10-03,8.580000,8.580000
2007-10-04,8.530000,8.530000
2007-10-05,8.780000,8.780000
2007-10-08,8.700000,8.700000
2007-10-09,8.640000,8.640000
2007-10-10,8.910000,8.910000
2007-10-11,8.750000,8.750000
2007-10-12,9.210000,9.210000
2007-10-15,8.990000,8.990000
2007-10-16,9.120000,9.120000
2007-10-17,9.070000,9.070000
2007-10-18,9.080000,9.080000
2007-10-19,8.880000,8.880000
2007-10-22,9.070000,9.070000
2007-10-23,9.260000,9.260000
2007-10-24,9.060000,9.060000
2007-10-25,8.980000,8.980000
2007-10-26,9.410000,9.410000
2007-10-29,9.340000,9.340000
2007-10-30,9.180000,9.180000
2007-10-31,9.180000,9.180000
2007-11-01,8.850000,8.850000
2007-11-02,9.040000,9.040000
2007-11-05,9.150000,9.150000
2007-11-06,9.240000,9.240000
2007-11-07,8.850000,8.850000
2007-11-08,8.950000,8.950000
2007-11-09,7.780000,7.780000
2007-11-12,7.680000,7.680000
2007-11-13,7.840000,7.840000
2007-11-14,8.240000,8.240000
2007-11-15,8.500000,8.500000
2007-11-16,8.170000,8.170000
2007-11-19,8.010000,8.010000
2007-11-20,7.890000,7.890000
2007-11-21,7.560000,7.560000
2007-11-23,7.840000,7.840000
2007-11-26,7.390000,7.390000
2007-11-27,7.470000,7.470000
2007-11-28,8.080000,8.080000
2007-11-29,8.150000,8.150000
2007-11-30,8.480000,8.480000
2007-12-03,7.540000,7.540000
2007-12-04,7.140000,7.140000
2007-12-05,7.460000,7.460000
2007-12-06,7.310000,7.310000
2007-12-07,7.170000,7.170000
2007-12-10,6.970000,6.970000
2007-12-11,6.660000,6.660000
2007-12-12,6.470000,6.470000
2007-12-13,6.570000,6.570000
2007-12-14,6.620000,6.620000
2007-12-17,6.100000,6.100000
2007-12-18,6.490000,6.490000
2007-12-19,6.480000,6.480000
2007-12-20,6.980000,6.980000
2007-12-21,7.060000,7.060000
2007-12-24,7.230000,7.230000
2007-12-26,7.300000,7.300000
2007-12-27,7.080000,7.080000
2007-12-28,7.150000,7.150000
2007-12-31,7.110000,7.110000
2008-01-02,6.780000,6.780000
2008-01-03,6.450000,6.450000
2008-01-04,6.350000,6.350000
2008-01-07,6.530000,6.530000
2008-01-08,6.460000,6.460000
2008-01-09,6.590000,6.590000
2008-01-10,6.830000,6.830000
2008-01-11,6.630000,6.630000
2008-01-14,6.630000,6.630000
2008-01-15,6.590000,6.590000
2008-01-16,6.760000,6.760000
2008-01-17,6.630000,6.630000
2008-01-18,6.420000,6.420000
2008-01-22,5.940000,5.940000
2008-01-23,6.030000,6.030000
2008-01-24,5.790000,5.790000
2008-01-25,5.690000,5.690000
2008-01-28,5.530000,5.530000
2008-01-29,5.510000,5.510000
2008-01-30,5.400000,5.400000
2008-01-31,5.510000,5.510000
2008-02-01,6.070000,6.070000
2008-02-04,6.270000,6.270000
2008-02-05,5.810000,5.810000
2008-02-06,5.600000,5.600000
2008-02-07,5.490000,5.490000
2008-02-08,5.610000,5.610000
2008-02-11,5.420000,5.420000
2008-02-12,5.480000,5.480000
2008-02-13,5.850000,5.850000
2008-02-14,5.700000,5.700000
2008-02-15,5.420000,5.420000
2008-02-19,5.380000,5.380000
2008-02-20,5.290000,5.290000
2008-02-21,5.360000,5.360000
2008-02-22,5.240000,5.240000
2008-02-25,5.650000,5.650000
2008-02-26,5.950000,5.950000
2008-02-27,5.520000,5.520000
2008-02-28,5.510000,5.510000
2008-02-29,5.500000,5.500000
2008-03-03,5.310000,5.310000
2008-03-04,5.390000,5.390000
2008-03-05,5.330000,5.330000
2008-03-06,5.030000,5.030000
2008-03-07,5.270000,5.270000
2008-03-10,5.000000,5.000000
2008-03-11,5.310000,5.310000
2008-03-12,5.480000,5.480000
2008-03-13,5.400000,5.400000
2008-03-14,4.950000,4.950000
2008-03-17,4.270000,4.270000
2008-03-18,4.920000,4.920000
2008-03-19,6.060000,6.060000
2008-03-20,6.520000,6.520000
2008-03-24,6.720000,6.720000
2008-03-25,6.750000,6.750000
2008-03-26,6.520000,6.520000
2008-03-27,6.480000,6.480000
2008-03-28,6.310000,6.310000
2008-03-31,6.360000,6.360000
2008-04-01,6.300000,6.300000
2008-04-02,6.190000,6.190000
2008-04-03,6.290000,6.290000
2008-04-04,6.160000,6.160000
2008-04-07,6.150000,6.150000
2008-04-08,6.050000,6.050000
2008-04-09,5.820000,5.820000
2008-04-10,6.010000,6.010000
2008-04-11,5.690000,5.690000
2008-04-14,5.770000,5.770000
2008-04-15,5.440000,5.440000
2008-04-16,5.970000,5.970000
2008-04-17,5.680000,5.680000
2008-04-18,5.910000,5.910000
2008-04-21,5.840000,5.840000
2008-04-22,5.500000,5.500000
2008-04-23,5.590000,5.590000
2008-04-24,5.880000,5.880000
2008-04-25,5.850000,5.850000
2008-04-28,5.640000,5.640000
2008-04-29,5.200000,5.200000
2008-04-30,4.940000,4.940000
2008-05-01,5.510000,5.510000
2008-05-02,5.230000,5.230000
2008-05-05,5.160000,5.160000
2008-05-06,5.330000,5.330000
2008-05-07,5.050000,5.050000
2008-05-08,4.940000,4.940000
2008-05-09,5.580000,5.580000
2008-05-12,5.330000,5.330000
2008-05-13,5.300000,5.300000
2008-05-14,5.080000,5.080000
2008-05-15,5.280000,5.280000
2008-05-16,5.090000,5.090000
2008-05-19,5.060000,5.060000
2008-05-20,5.100000,5.100000
2008-05-21,4.960000,4.960000
2008-05-22,5.330000,5.330000
2008-05-23,5.050000,5.050000
2008-05-27,5.070000,5.070000
2008-05-28,5.000000,5.000000
2008-05-29,5.220000,5.220000
2008-05-30,5.180000,5.180000
2008-06-02,5.170000,5.170000
2008-06-03,5.400000,5.400000
2008-06-04,5.370000,5.370000
2008-06-05,5.630000,5.630000
2008-06-06,5.250000,5.250000
2008-06-09,5.470000,5.470000
2008-06-10,5.460000,5.460000
2008-06-11,5.270000,5.270000
2008-06-12,5.420000,5.420000
2008-06-13,5.630000,5.630000
2008-06-16,5.860000,5.860000
2008-06-17,5.940000,5.940000
2008-06-18,5.720000,5.720000
2008-06-19,6.140000,6.140000
2008-06-20,5.840000,5.840000
2008-06-23,5.640000,5.640000
2008-06-24,5.430000,5.430000
2008-06-25,5.610000,5.610000
2008-06-26,5.590000,5.590000
2008-06-27,5.670000,5.670000
2008-06-30,5.380000,5.380000
2008-07-01,5.830000,5.830000
2008-07-02,6.290000,6.290000
2008-07-03,6.330000,6.330000
2008-07-07,6.350000,6.350000
2008-07-08,6.850000,6.850000
2008-07-09,6.700000,6.700000
2008-07-10,7.450000,7.450000
2008-07-11,7.670000,7.670000
2008-07-14,7.450000,7.450000
2008-07-15,7.570000,7.570000
2008-07-16,7.860000,7.860000
2008-07-17,7.820000,7.820000
2008-07-18,7.680000,7.680000
2008-07-21,7.920000,7.920000
2008-07-22,7.990000,7.990000
2008-07-23,8.080000,8.080000
2008-07-24,7.960000,7.960000
2008-07-25,7.800000,7.800000
2008-07-28,7.630000,7.630000
2008-07-29,7.880000,7.880000
2008-07-30,7.900000,7.900000
2008-07-31,8.010000,8.010000
2008-08-01,8.160000,8.160000
2008-08-04,8.170000,8.170000
2008-08-05,8.240000,8.240000
2008-08-06,8.150000,8.150000
2008-08-07,7.100000,7.100000
2008-08-08,7.530000,7.530000
2008-08-11,7.620000,7.620000
2008-08-12,7.630000,7.630000
2008-08-13,7.600000,7.600000
2008-08-14,7.680000,7.680000
2008-08-15,7.590000,7.590000
2008-08-18,7.290000,7.290000
2008-08-19,7.140000,7.140000
2008-08-20,7.300000,7.300000
2008-08-21,7.080000,7.080000
2008-08-22,7.380000,7.380000
2008-08-25,7.040000,7.040000
2008-08-26,7.160000,7.160000
2008-08-27,7.150000,7.150000
2008-08-28,7.580000,7.580000
2008-08-29,7.800000,7.800000
2008-09-02,7.820000,7.820000
2008-09-03,7.860000,7.860000
2008-09-04,7.320000,7.320000
2008-09-05,7.520000,7.520000
2008-09-08,7.580000,7.580000
2008-09-09,7.390000,7.390000
2008-09-10,7.620000,7.620000
2008-09-11,7.500000,7.500000
2008-09-12,7.410000,7.410000
2008-09-15,7.120000,7.120000
2008-09-16,7.480000,7.480000
2008-09-17,7.100000,7.100000
2008-09-18,7.610000,7.610000
2008-09-19,7.610000,7.610000
2008-09-22,7.030000,7.030000
2008-09-23,6.710000,6.710000
2008-09-24,6.730000,6.730000
2008-09-25,6.620000,6.620000
2008-09-26,6.940000,6.940000
2008-09-29,6.700000,6.700000
2008-09-30,7.340000,7.340000
2008-10-01,7.120000,7.120000
2008-10-02,6.910000,6.910000
2008-10-03,6.520000,6.520000
2008-10-06,6.160000,6.160000
2008-10-07,5.710000,5.710000
2008-10-08,5.370000,5.370000
2008-10-09,4.990000,4.990000
2008-10-10,4.610000,4.610000
2008-10-13,5.300000,5.300000
2008-10-14,5.150000,5.150000
2008-10-15,4.660000,4.660000
2008-10-16,5.000000,5.000000
2008-10-17,4.760000,4.760000
2008-10-20,5.070000,5.070000
2008-10-21,4.980000,4.980000
2008-10-22,4.820000,4.820000
2008-10-23,4.570000,4.570000
2008-10-24,4.500000,4.500000
2008-10-27,4.150000,4.150000
2008-10-28,4.140000,4.140000
2008-10-29,4.110000,4.110000
2008-10-30,4.350000,4.350000
2008-10-31,4.790000,4.790000
2008-11-03,4.770000,4.770000
2008-11-04,4.950000,4.950000
2008-11-05,4.560000,4.560000
2008-11-06,4.410000,4.410000
2008-11-07,4.350000,4.350000
2008-11-10,4.350000,4.350000
2008-11-11,4.340000,4.340000
2008-11-12,4.000000,4.000000
2008-11-13,4.500000,4.500000
2008-11-14,4.140000,4.140000
2008-11-17,4.020000,4.020000
2008-11-18,3.950000,3.950000
2008-11-19,3.640000,3.640000
2008-11-20,3.350000,3.350000
2008-11-21,3.290000,3.290000
2008-11-24,3.450000,3.450000
2008-11-25,3.590000,3.590000
2008-11-26,3.620000,3.620000
2008-11-28,3.710000,3.710000
2008-12-01,2.960000,2.960000
2008-12-02,3.020000,3.020000
2008-12-03,2.840000,2.840000
2008-12-04,2.770000,2.770000
2008-12-05,3.000000,3.000000
2008-12-08,3.570000,3.570000
2008-12-09,4.000000,4.000000
2008-12-10,4.110000,4.110000
2008-12-11,4.000000,4.000000
2008-12-12,4.550000,4.550000
2008-12-15,4.240000,4.240000
2008-12-16,4.770000,4.770000
2008-12-17,4.860000,4.860000
2008-12-18,5.100000,5.100000
2008-12-19,5.140000,5.140000
2008-12-22,5.200000,5.200000
2008-12-23,5.100000,5.100000
2008-12-24,5.330000,5.330000
2008-12-26,5.620000,5.620000
2008-12-29,5.380000,5.380000
2008-12-30,5.500000,5.500000
2008-12-31,5.600000,5.600000
2009-01-02,5.850000,5.850000
2009-01-05,6.250000,6.250000
2009-01-06,6.290000,6.290000
2009-01-07,5.820000,5.820000
2009-01-08,6.200000,6.200000
2009-01-09,5.720000,5.720000
2009-01-12,5.600000,5.600000
2009-01-13,5.850000,5.850000
2009-01-14,5.500000,5.500000
2009-01-15,5.720000,5.720000
2009-01-16,5.730000,5.730000
2009-01-20,5.400000,5.400000
2009-01-21,5.710000,5.710000
2009-01-22,5.500000,5.500000
2009-01-23,5.510000,5.510000
2009-01-26,5.770000,5.770000
2009-01-27,5.990000,5.990000
2009-01-28,6.250000,6.250000
2009-01-29,5.790000,5.790000
2009-01-30,5.770000,5.770000
2009-02-02,6.080000,6.080000
2009-02-03,6.250000,6.250000
2009-02-04,6.020000,6.020000
2009-02-05,6.100000,6.100000
2009-02-06,6.050000,6.050000
2009-02-09,5.940000,5.940000
2009-02-10,5.660000,5.660000
2009-02-11,5.820000,5.820000
2009-02-12,5.970000,5.970000
2009-02-13,5.960000,5.960000
2009-02-17,5.740000,5.740000
2009-02-18,5.500000,5.500000
2009-02-19,5.420000,5.420000
2009-02-20,5.100000,5.100000
2009-02-23,4.700000,4.700000
2009-02-24,5.080000,5.080000
2009-02-25,5.000000,5.000000
2009-02-26,4.700000,4.700000
2009-02-27,4.430000,4.430000
2009-03-02,4.100000,4.100000
2009-03-03,4.220000,4.220000
2009-03-04,4.580000,4.580000
2009-03-05,4.340000,4.340000
2009-03-06,4.660000,4.660000
2009-03-09,4.570000,4.570000
2009-03-10,4.750000,4.750000
2009-03-11,4.400000,4.400000
2009-03-12,4.970000,4.970000
2009-03-13,4.930000,4.930000
2009-03-16,4.810000,4.810000
2009-03-17,5.340000,5.340000
2009-03-18,5.100000,5.100000
2009-03-19,5.000000,5.000000
2009-03-20,4.550000,4.550000
2009-03-23,4.990000,4.990000
2009-03-24,5.000000,5.000000
2009-03-25,5.660000,5.660000
2009-03-26,5.830000,5.830000
2009-03-27,5.680000,5.680000
2009-03-30,5.520000,5.520000
2009-03-31,5.460000,5.460000
2009-04-01,5.940000,5.940000
2009-04-02,6.210000,6.210000
2009-04-03,5.980000,5.980000
2009-04-06,5.760000,5.760000
2009-04-07,5.350000,5.350000
2009-04-08,5.390000,5.390000
2009-04-09,5.840000,5.840000
2009-04-13,5.660000,5.660000
2009-04-14,5.190000,5.190000
2009-04-15,5.320000,5.320000
2009-04-16,5.680000,5.680000
2009-04-17,5.690000,5.690000
2009-04-20,5.130000,5.130000
2009-04-21,5.600000,5.600000
2009-04-22,5.840000,5.840000
2009-04-23,5.860000,5.860000
2009-04-24,6.200000,6.200000
2009-04-27,6.070000,6.070000
2009-04-28,6.100000,6.100000
2009-04-29,6.550000,6.550000
2009-04-30,6.320000,6.320000
2009-05-01,6.330000,6.330000
2009-05-04,6.500000,6.500000
2009-05-05,6.360000,6.360000
2009-05-06,5.940000,5.940000
2009-05-07,5.810000,5.810000
2009-05-08,6.430000,6.430000
2009-05-11,6.120000,6.120000
2009-05-12,5.940000,5.940000
2009-05-13,5.950000,5.950000
2009-05-14,6.110000,6.110000
2009-05-15,6.140000,6.140000
2009-05-18,6.720000,6.720000
2009-05-19,6.590000,6.590000
2009-05-20,6.490000,6.490000
2009-05-21,6.470000,6.470000
2009-05-22,6.440000,6.440000
2009-05-26,6.700000,6.700000
2009-05-27,6.670000,6.670000
2009-05-28,6.690000,6.690000
2009-05-29,6.990000,6.990000
2009-06-01,7.230000,7.230000
2009-06-02,7.530000,7.530000
2009-06-03,7.750000,7.750000
2009-06-04,7.890000,7.890000
2009-06-05,7.850000,7.850000
2009-06-08,7.770000,7.770000
2009-06-09,7.850000,7.850000
2009-06-10,7.830000,7.830000
2009-06-11,7.770000,7.770000
2009-06-12,7.860000,7.860000
2009-06-15,7.400000,7.400000
2009-06-16,7.240000,7.240000
2009-06-17,7.210000,7.210000
2009-06-18,7.270000,7.270000
2009-06-19,7.520000,7.520000
2009-06-22,7.530000,7.530000
2009-06-23,6.480000,6.480000
2009-06-24,6.660000,6.660000
2009-06-25,6.980000,6.980000
2009-06-26,7.140000,7.140000
2009-06-29,7.130000,7.130000
2009-06-30,6.980000,6.980000
2009-07-01,6.710000,6.710000
2009-07-02,6.490000,6.490000
2009-07-06,6.490000,6.490000
2009-07-07,6.330000,6.330000
2009-07-08,6.220000,6.220000
2009-07-09,6.360000,6.360000
2009-07-10,6.270000,6.270000
2009-07-13,6.430000,6.430000
2009-07-14,6.450000,6.450000
2009-07-15,6.450000,6.450000
2009-07-16,6.490000,6.490000
2009-07-17,6.450000,6.450000
2009-07-20,6.450000,6.450000
2009-07-21,6.580000,6.580000
2009-07-22,6.530000,6.530000
2009-07-23,6.830000,6.830000
2009-07-24,7.110000,7.110000
2009-07-27,7.090000,7.090000
2009-07-28,7.120000,7.120000
2009-07-29,7.240000,7.240000
2009-07-30,7.250000,7.250000
2009-07-31,7.060000,7.060000
2009-08-03,7.320000,7.320000
2009-08-04,7.630000,7.630000
2009-08-05,7.830000,7.830000
2009-08-06,7.480000,7.480000
2009-08-07,7.410000,7.410000
2009-08-10,7.490000,7.490000
2009-08-11,7.260000,7.260000
2009-08-12,7.510000,7.510000
2009-08-13,7.420000,7.420000
2009-08-14,7.250000,7.250000
2009-08-17,7.150000,7.150000
2009-08-18,7.230000,7.230000
2009-08-19,7.460000,7.460000
2009-08-20,7.660000,7.660000
2009-08-21,7.770000,7.770000
2009-08-24,7.630000,7.630000
2009-08-25,7.570000,7.570000
2009-08-26,7.680000,7.680000
2009-08-27,7.670000,7.670000
2009-08-28,7.470000,7.470000
2009-08-31,7.440000,7.440000
2009-09-01,7.190000,7.190000
2009-09-02,7.100000,7.100000
2009-09-03,7.130000,7.130000
2009-09-04,7.400000,7.400000
2009-09-08,7.540000,7.540000
2009-09-09,7.480000,7.480000
2009-09-10,7.500000,7.500000
2009-09-11,7.240000,7.240000
2009-09-14,7.340000,7.340000
2009-09-15,7.380000,7.380000
2009-09-16,7.400000,7.400000
2009-09-17,7.290000,7.290000
2009-09-18,7.330000,7.330000
2009-09-21,7.490000,7.490000
2009-09-22,7.460000,7.460000
2009-09-23,7.530000,7.530000
2009-09-24,7.190000,7.190000
2009-09-25,7.260000,7.260000
2009-09-28,7.420000,7.420000
2009-09-29,7.090000,7.090000
2009-09-30,7.110000,7.110000
2009-10-01,6.950000,6.950000
2009-10-02,6.900000,6.900000
2009-10-05,6.860000,6.860000
2009-10-06,7.120000,7.120000
2009-10-07,7.180000,7.180000
2009-10-08,7.220000,7.220000
2009-10-09,7.290000,7.290000
2009-10-12,7.360000,7.360000
2009-10-13,7.500000,7.500000
2009-10-14,7.480000,7.480000
2009-10-15,7.780000,7.780000
2009-10-16,7.710000,7.710000
2009-10-19,7.760000,7.760000
2009-10-20,7.200000,7.200000
2009-10-21,7.010000,7.010000
2009-10-22,7.110000,7.110000
2009-10-23,7.000000,7.000000
2009-10-26,6.750000,6.750000
2009-10-27,6.780000,6.780000
2009-10-28,6.250000,6.250000
2009-10-29,6.300000,6.300000
2009-10-30,6.060000,6.060000
2009-11-02,6.110000,6.110000
2009-11-03,6.190000,6.190000
2009-11-04,6.110000,6.110000
2009-11-05,6.230000,6.230000
2009-11-06,6.110000,6.110000
2009-11-09,6.250000,6.250000
2009-11-10,6.130000,6.130000
2009-11-11,6.200000,6.200000
2009-11-12,6.360000,6.360000
2009-11-13,6.690000,6.690000
2009-11-16,6.840000,6.840000
2009-11-17,6.650000,6.650000
2009-11-18,6.500000,6.500000
2009-11-19,6.380000,6.380000
2009-11-20,6.370000,6.370000
2009-11-23,6.250000,6.250000
2009-11-24,6.120000,6.120000
2009-11-25,5.980000,5.980000
2009-11-27,5.750000,5.750000
2009-11-30,5.460000,5.460000
2009-12-01,5.730000,5.730000
2009-12-02,5.930000,5.930000
2009-12-03,6.040000,6.040000
2009-12-04,5.950000,5.950000
2009-12-07,5.900000,5.900000
2009-12-08,5.860000,5.860000
2009-12-09,5.980000,5.980000
2009-12-10,5.950000,5.950000
2009-12-11,6.050000,6.050000
2009-12-14,6.110000,6.110000
2009-12-15,6.180000,6.180000
2009-12-16,6.200000,6.200000
2009-12-17,6.170000,6.170000
2009-12-18,6.130000,6.130000
2009-12-21,5.860000,5.860000
2009-12-22,6.100000,6.100000
2009-12-23,6.150000,6.150000
2009-12-24,6.250000,6.250000
2009-12-28,5.890000,5.890000
2009-12-29,6.120000,6.120000
2009-12-30,6.170000,6.170000
2009-12-31,5.870000,5.870000
2010-01-04,6.110000,6.110000
2010-01-05,6.060000,6.060000
2010-01-06,6.280000,6.280000
2010-01-07,6.350000,6.350000
2010-01-08,6.040000,6.040000
2010-01-11,5.990000,5.990000
2010-01-12,5.850000,5.850000
2010-01-13,6.000000,6.000000
2010-01-14,5.920000,5.920000
2010-01-15,5.820000,5.820000
2010-01-19,5.800000,5.800000
2010-01-20,6.300000,6.300000
2010-01-21,6.270000,6.270000
2010-01-22,6.120000,6.120000
2010-01-25,5.850000,5.850000
2010-01-26,5.750000,5.750000
2010-01-27,5.840000,5.840000
2010-01-28,5.630000,5.630000
2010-01-29,5.420000,5.420000
2010-02-01,5.430000,5.430000
2010-02-02,5.550000,5.550000
2010-02-03,5.720000,5.720000
2010-02-04,5.550000,5.550000
2010-02-05,5.640000,5.640000
2010-02-08,5.400000,5.400000
2010-02-09,5.490000,5.490000
2010-02-10,5.860000,5.860000
2010-02-11,5.960000,5.960000
2010-02-12,6.020000,6.020000
2010-02-16,5.800000,5.800000
2010-02-17,5.770000,5.770000
2010-02-18,5.730000,5.730000
2010-02-19,5.680000,5.680000
2010-02-22,5.560000,5.560000
2010-02-23,5.730000,5.730000
2010-02-24,5.560000,5.560000
2010-02-25,5.540000,5.540000
2010-02-26,5.470000,5.470000
2010-03-01,6.630000,6.630000
2010-03-02,6.960000,6.960000
2010-03-03,6.770000,6.770000
2010-03-04,6.770000,6.770000
2010-03-05,6.700000,6.700000
2010-03-08,6.860000,6.860000
2010-03-09,7.110000,7.110000
2010-03-10,7.270000,7.270000
2010-03-11,7.190000,7.190000
2010-03-12,7.310000,7.310000
2010-03-15,7.450000,7.450000
2010-03-16,7.430000,7.430000
2010-03-17,7.440000,7.440000
2010-03-18,7.600000,7.600000
2010-03-19,8.050000,8.050000
2010-03-22,8.460000,8.460000
2010-03-23,8.480000,8.480000
2010-03-24,8.310000,8.310000
2010-03-25,8.210000,8.210000
2010-03-26,8.110000,8.110000
2010-03-29,8.040000,8.040000
2010-03-30,7.970000,7.970000
2010-03-31,7.990000,7.990000
2010-04-01,8.020000,8.020000
2010-04-05,8.060000,8.060000
2010-04-06,8.220000,8.220000
2010-04-07,8.120000,8.120000
2010-04-08,8.420000,8.420000
2010-04-09,8.620000,8.620000
2010-04-12,8.620000,8.620000
2010-04-13,8.820000,8.820000
2010-04-14,8.740000,8.740000
2010-04-15,8.750000,8.750000
2010-04-16,8.490000,8.490000
2010-04-19,8.260000,8.260000
2010-04-20,8.500000,8.500000
2010-04-21,8.500000,8.500000
2010-04-22,8.360000,8.360000
2010-04-23,8.340000,8.340000
2010-04-26,8.700000,8.700000
2010-04-27,8.520000,8.520000
2010-04-28,8.760000,8.760000
2010-04-29,9.000000,9.000000
2010-04-30,8.520000,8.520000
2010-05-03,9.020000,9.020000
2010-05-04,8.450000,8.450000
2010-05-05,8.230000,8.230000
2010-05-06,7.670000,7.670000
2010-05-07,7.090000,7.090000
2010-05-10,7.450000,7.450000
2010-05-11,7.640000,7.640000
2010-05-12,7.800000,7.800000
2010-05-13,7.730000,7.730000
2010-05-14,7.470000,7.470000
2010-05-17,7.500000,7.500000
2010-05-18,7.140000,7.140000
2010-05-19,7.070000,7.070000
2010-05-20,6.460000,6.460000
2010-05-21,6.620000,6.620000
2010-05-24,6.800000,6.800000
2010-05-25,6.760000,6.760000
2010-05-26,6.750000,6.750000
2010-05-27,7.310000,7.310000
2010-05-28,7.330000,7.330000
2010-06-01,7.090000,7.090000
2010-06-02,7.150000,7.150000
2010-06-03,7.240000,7.240000
2010-06-04,6.600000,6.600000
2010-06-07,6.320000,6.320000
2010-06-08,6.340000,6.340000
2010-06-09,6.360000,6.360000
2010-06-10,6.730000,6.730000
2010-06-11,7.010000,7.010000
2010-06-14,7.010000,7.010000
2010-06-15,7.200000,7.200000
2010-06-16,7.070000,7.070000
2010-06-17,7.130000,7.130000
2010-06-18,7.210000,7.210000
2010-06-21,7.280000,7.280000
2010-06-22,6.980000,6.980000
2010-06-23,6.870000,6.870000
2010-06-24,6.890000,6.890000
2010-06-25,7.360000,7.360000
2010-06-28,7.580000,7.580000
2010-06-29,7.180000,7.180000
2010-06-30,7.040000,7.040000
2010-07-01,6.700000,6.700000
2010-07-02,6.660000,6.660000
2010-07-06,6.600000,6.600000
2010-07-07,6.990000,6.990000
2010-07-08,7.000000,7.000000
2010-07-09,7.080000,7.080000
2010-07-12,6.900000,6.900000
2010-07-13,7.320000,7.320000
2010-07-14,7.190000,7.190000
2010-07-15,6.960000,6.960000
2010-07-16,6.580000,6.580000
2010-07-19,6.820000,6.820000
2010-07-20,6.930000,6.930000
2010-07-21,6.750000,6.750000
2010-07-22,7.050000,7.050000
2010-07-23,7.020000,7.020000
2010-07-26,7.350000,7.350000
2010-07-27,7.270000,7.270000
2010-07-28,7.080000,7.080000
2010-07-29,7.010000,7.010000
2010-07-30,7.170000,7.170000
2010-08-02,7.450000,7.450000
2010-08-03,7.470000,7.470000
2010-08-04,7.650000,7.650000
2010-08-05,7.360000,7.360000
2010-08-06,7.310000,7.310000
2010-08-09,7.450000,7.450000
2010-08-10,7.300000,7.300000
2010-08-11,6.820000,6.820000
2010-08-12,6.850000,6.850000
2010-08-13,6.770000,6.770000
2010-08-16,6.790000,6.790000
2010-08-17,7.070000,7.070000
2010-08-18,7.020000,7.020000
2010-08-19,6.620000,6.620000
2010-08-20,6.770000,6.770000
2010-08-23,6.600000,6.600000
2010-08-24,6.580000,6.580000
2010-08-25,6.770000,6.770000
2010-08-26,6.520000,6.520000
2010-08-27,6.810000,6.810000
2010-08-30,7.190000,7.190000
2010-08-31,7.640000,7.640000
2010-09-01,7.880000,7.880000
2010-09-02,7.910000,7.910000
2010-09-03,7.990000,7.990000
2010-09-07,7.780000,7.780000
2010-09-08,7.990000,7.990000
2010-09-09,7.590000,7.590000
2010-09-10,7.640000,7.640000
2010-09-13,7.770000,7.770000
2010-09-14,7.710000,7.710000
2010-09-15,7.760000,7.760000
2010-09-16,7.750000,7.750000
2010-09-17,7.740000,7.740000
2010-09-20,7.960000,7.960000
2010-09-21,7.840000,7.840000
2010-09-22,7.670000,7.670000
2010-09-23,7.500000,7.500000
2010-09-24,7.700000,7.700000
2010-09-27,7.510000,7.510000
2010-09-28,7.690000,7.690000
2010-09-29,7.790000,7.790000
2010-09-30,7.710000,7.710000
2010-10-01,7.710000,7.710000
2010-10-04,7.590000,7.590000
2010-10-05,7.920000,7.920000
2010-10-06,8.000000,8.000000
2010-10-07,7.910000,7.910000
2010-10-08,8.030000,8.030000
2010-10-11,7.980000,7.980000
2010-10-12,8.080000,8.080000
2010-10-13,8.270000,8.270000
2010-10-14,8.060000,8.060000
2010-10-15,7.930000,7.930000
2010-10-18,8.010000,8.010000
2010-10-19,7.540000,7.540000
2010-10-20,7.530000,7.530000
2010-10-21,7.590000,7.590000
2010-10-22,7.650000,7.650000
2010-10-25,7.600000,7.600000
2010-10-26,7.300000,7.300000
2010-10-27,7.340000,7.340000
2010-10-28,7.320000,7.320000
2010-10-29,7.330000,7.330000
2010-11-01,7.130000,7.130000
2010-11-02,7.390000,7.390000
2010-11-03,7.340000,7.340000
2010-11-04,7.660000,7.660000
2010-11-05,7.490000,7.490000
2010-11-08,7.350000,7.350000
2010-11-09,7.170000,7.170000
2010-11-10,7.290000,7.290000
2010-11-11,7.190000,7.190000
2010-11-12,7.180000,7.180000
2010-11-15,7.370000,7.370000
2010-11-16,7.120000,7.120000
2010-11-17,7.240000,7.240000
2010-11-18,7.270000,7.270000
2010-11-19,7.130000,7.130000
2010-11-22,7.120000,7.120000
2010-11-23,7.110000,7.110000
2010-11-24,7.120000,7.120000
2010-11-26,7.090000,7.090000
2010-11-29,6.890000,6.890000
2010-11-30,6.940000,6.940000
2010-12-01,7.090000,7.090000
2010-12-02,7.200000,7.200000
2010-12-03,7.290000,7.290000
2010-12-06,7.450000,7.450000
2010-12-07,7.600000,7.600000
2010-12-08,7.460000,7.460000
2010-12-09,7.550000,7.550000
2010-12-10,7.640000,7.640000
2010-12-13,7.580000,7.580000
2010-12-14,7.560000,7.560000
2010-12-15,7.640000,7.640000
2010-12-16,7.650000,7.650000
2010-12-17,7.620000,7.620000
2010-12-20,7.650000,7.650000
2010-12-21,7.730000,7.730000
2010-12-22,7.710000,7.710000
2010-12-23,7.750000,7.750000
2010-12-27,7.830000,7.830000
2010-12-28,7.890000,7.890000
2010-12-29,7.910000,7.910000
2010-12-30,7.890000,7.890000
2010-12-31,7.920000,7.920000
2011-01-03,7.900000,7.900000
2011-01-04,7.800000,7.800000
2011-01-05,7.950000,7.950000
2011-01-06,7.860000,7.860000
2011-01-07,7.910000,7.910000
2011-01-10,7.690000,7.690000
2011-01-11,7.660000,7.660000
2011-01-12,7.790000,7.790000
2011-01-13,7.640000,7.640000
2011-01-14,7.530000,7.530000
2011-01-18,7.490000,7.490000
2011-01-19,7.230000,7.230000
2011-01-20,7.140000,7.140000
2011-01-21,7.100000,7.100000
2011-01-24,7.040000,7.040000
2011-01-25,6.990000,6.990000
2011-01-26,7.080000,7.080000
2011-01-27,7.170000,7.170000
2011-01-28,6.680000,6.680000
2011-01-31,6.670000,6.670000
2011-02-01,6.920000,6.920000
2011-02-02,7.040000,7.040000
2011-02-03,7.140000,7.140000
2011-02-04,7.080000,7.080000
2011-02-07,7.020000,7.020000
2011-02-08,7.140000,7.140000
2011-02-09,6.990000,6.990000
2011-02-10,7.060000,7.060000
2011-02-11,6.990000,6.990000
2011-02-14,6.990000,6.990000
2011-02-15,6.940000,6.940000
2011-02-16,7.000000,7.000000
2011-02-17,6.980000,6.980000
2011-02-18,6.840000,6.840000
2011-02-22,6.820000,6.820000
2011-02-23,6.600000,6.600000
2011-02-24,6.610000,6.610000
2011-02-25,6.900000,6.900000
2011-02-28,6.910000,6.910000
2011-03-01,6.810000,6.810000
2011-03-02,6.750000,6.750000
2011-03-03,6.780000,6.780000
2011-03-04,6.740000,6.740000
2011-03-07,6.670000,6.670000
2011-03-08,6.970000,6.970000
2011-03-09,6.890000,6.890000
2011-03-10,6.480000,6.480000
2011-03-11,6.640000,6.640000
2011-03-14,6.410000,6.410000
2011-03-15,6.300000,6.300000
2011-03-16,6.260000,6.260000
2011-03-17,6.310000,6.310000
2011-03-18,6.330000,6.330000
2011-03-21,6.200000,6.200000
2011-03-22,6.060000,6.060000
2011-03-23,6.430000,6.430000
2011-03-24,6.810000,6.810000
2011-03-25,6.680000,6.680000
2011-03-28,6.530000,6.530000
2011-03-29,6.680000,6.680000
2011-03-30,6.680000,6.680000
2011-03-31,6.710000,6.710000
2011-04-01,6.990000,6.990000
2011-04-04,6.820000,6.820000
2011-04-05,7.030000,7.030000
2011-04-06,7.070000,7.070000
2011-04-07,6.920000,6.920000
2011-04-08,6.850000,6.850000
2011-04-11,6.770000,6.770000
2011-04-12,6.630000,6.630000
2011-04-13,6.550000,6.550000
2011-04-14,6.450000,6.450000
2011-04-15,6.430000,6.430000
2011-04-18,6.340000,6.340000
2011-04-19,6.230000,6.230000
2011-04-20,6.480000,6.480000
2011-04-21,6.450000,6.450000
2011-04-25,6.420000,6.420000
2011-04-26,6.520000,6.520000
2011-04-27,6.630000,6.630000
2011-04-28,6.740000,6.740000
2011-04-29,6.630000,6.630000
2011-05-02,6.500000,6.500000
2011-05-03,6.390000,6.390000
2011-05-04,6.110000,6.110000
2011-05-05,6.210000,6.210000
2011-05-06,6.340000,6.340000
2011-05-09,6.530000,6.530000
2011-05-10,6.670000,6.670000
2011-05-11,6.770000,6.770000
2011-05-12,6.880000,6.880000
2011-05-13,6.830000,6.830000
2011-05-16,6.570000,6.570000
2011-05-17,6.570000,6.570000
2011-05-18,6.480000,6.480000
2011-05-19,6.460000,6.460000
2011-05-20,6.350000,6.350000
2011-05-23,6.340000,6.340000
2011-05-24,6.300000,6.300000
2011-05-25,6.530000,6.530000
2011-05-26,6.650000,6.650000
2011-05-27,6.720000,6.720000
2011-05-31,6.740000,6.740000
2011-06-01,6.310000,6.310000
2011-06-02,6.320000,6.320000
2011-06-03,6.150000,6.150000
2011-06-06,6.090000,6.090000
2011-06-07,6.230000,6.230000
2011-06-08,6.150000,6.150000
2011-06-09,6.210000,6.210000
2011-06-10,6.210000,6.210000
2011-06-13,6.300000,6.300000
2011-06-14,6.460000,6.460000
2011-06-15,6.310000,6.310000
2011-06-16,6.570000,6.570000
2011-06-17,6.490000,6.490000
2011-06-20,6.590000,6.590000
2011-06-21,6.660000,6.660000
2011-06-22,6.600000,6.600000
2011-06-23,6.670000,6.670000
2011-06-24,6.550000,6.550000
2011-06-27,6.650000,6.650000
2011-06-28,6.980000,6.980000
2011-06-29,6.870000,6.870000
2011-06-30,6.910000,6.910000
2011-07-01,7.020000,7.020000
2011-07-05,7.120000,7.120000
2011-07-06,7.080000,7.080000
2011-07-07,7.150000,7.150000
2011-07-08,7.140000,7.140000
2011-07-11,7.000000,7.000000
2011-07-12,6.970000,6.970000
2011-07-13,7.170000,7.170000
2011-07-14,7.060000,7.060000
2011-07-15,7.130000,7.130000
2011-07-18,7.060000,7.060000
2011-07-19,7.290000,7.290000
2011-07-20,7.130000,7.130000
2011-07-21,7.260000,7.260000
2011-07-22,7.120000,7.120000
2011-07-25,7.020000,7.020000
2011-07-26,7.000000,7.000000
2011-07-27,6.800000,6.800000
2011-07-28,6.870000,6.870000
2011-07-29,6.940000,6.940000
2011-08-01,6.950000,6.950000
2011-08-02,6.670000,6.670000
2011-08-03,6.580000,6.580000
2011-08-04,5.810000,5.810000
2011-08-05,6.150000,6.150000
2011-08-08,5.620000,5.620000
2011-08-09,6.080000,6.080000
2011-08-10,6.020000,6.020000
2011-08-11,6.260000,6.260000
2011-08-12,6.380000,6.380000
2011-08-15,6.680000,6.680000
2011-08-16,6.550000,6.550000
2011-08-17,6.590000,6.590000
2011-08-18,6.300000,6.300000
2011-08-19,6.270000,6.270000
2011-08-22,6.240000,6.240000
2011-08-23,6.710000,6.710000
2011-08-24,6.820000,6.820000
2011-08-25,6.630000,6.630000
2011-08-26,6.750000,6.750000
2011-08-29,6.910000,6.910000
2011-08-30,6.970000,6.970000
2011-08-31,6.800000,6.800000
2011-09-01,6.560000,6.560000
2011-09-02,6.260000,6.260000
2011-09-06,6.350000,6.350000
2011-09-07,6.550000,6.550000
2011-09-08,6.360000,6.360000
2011-09-09,6.110000,6.110000
2011-09-12,6.040000,6.040000
2011-09-13,6.300000,6.300000
2011-09-14,6.570000,6.570000
2011-09-15,6.600000,6.600000
2011-09-16,6.480000,6.480000
2011-09-19,6.230000,6.230000
2011-09-20,6.210000,6.210000
2011-09-21,6.110000,6.110000
2011-09-22,6.010000,6.010000
2011-09-23,6.150000,6.150000
2011-09-26,6.200000,6.200000
2011-09-27,6.220000,6.220000
2011-09-28,6.070000,6.070000
2011-09-29,6.140000,6.140000
2011-09-30,6.140000,6.140000
2011-10-03,5.720000,5.720000
2011-10-04,6.040000,6.040000
2011-10-05,6.160000,6.160000
2011-10-06,6.320000,6.320000
2011-10-07,6.120000,6.120000
2011-10-10,6.400000,6.400000
2011-10-11,6.260000,6.260000
2011-10-12,6.270000,6.270000
2011-10-13,6.100000,6.100000
2011-10-14,6.090000,6.090000
2011-10-17,6.200000,6.200000
2011-10-18,7.350000,7.350000
2011-10-19,7.190000,7.190000
2011-10-20,7.720000,7.720000
2011-10-21,8.220000,8.220000
2011-10-24,8.420000,8.420000
2011-10-25,8.230000,8.230000
2011-10-26,8.470000,8.470000
2011-10-27,8.970000,8.970000
2011-10-28,8.550000,8.550000
2011-10-31,8.430000,8.430000
2011-11-01,8.210000,8.210000
2011-11-02,8.310000,8.310000
2011-11-03,8.500000,8.500000
2011-11-04,8.480000,8.480000
2011-11-07,8.420000,8.420000
2011-11-08,8.800000,8.800000
2011-11-09,8.300000,8.300000
2011-11-10,7.880000,7.880000
2011-11-11,8.190000,8.190000
2011-11-14,8.120000,8.120000
2011-11-15,8.180000,8.180000
2011-11-16,8.160000,8.160000
2011-11-17,8.450000,8.450000
2011-11-18,8.270000,8.270000
2011-11-21,8.010000,8.010000
2011-11-22,8.160000,8.160000
2011-11-23,8.010000,8.010000
2011-11-25,8.100000,8.100000
2011-11-28,8.750000,8.750000
2011-11-29,9.050000,9.050000
2011-11-30,9.480000,9.480000
2011-12-01,9.350000,9.350000
2011-12-02,9.310000,9.310000
2011-12-05,9.400000,9.400000
2011-12-06,9.450000,9.450000
2011-12-07,9.290000,9.290000
2011-12-08,9.120000,9.120000
2011-12-09,9.730000,9.730000
2011-12-12,9.440000,9.440000
2011-12-13,9.580000,9.580000
2011-12-14,9.070000,9.070000
2011-12-15,9.190000,9.190000
2011-12-16,9.230000,9.230000
2011-12-19,9.230000,9.230000
2011-12-20,9.480000,9.480000
2011-12-21,9.600000,9.600000
2011-12-22,9.730000,9.730000
2011-12-23,9.580000,9.580000
2011-12-27,9.610000,9.610000
2011-12-28,9.430000,9.430000
2011-12-29,9.590000,9.590000
2011-12-30,9.510000,9.510000
2012-01-03,9.540000,9.540000
2012-01-04,9.250000,9.250000
2012-01-05,9.300000,9.300000
2012-01-06,9.220000,9.220000
2012-01-09,9.330000,9.330000
2012-01-10,9.560000,9.560000
2012-01-11,9.970000,9.970000
2012-01-12,9.860000,9.860000
2012-01-13,9.800000,9.800000
2012-01-17,10.310000,10.310000
2012-01-18,10.450000,10.450000
2012-01-19,10.720000,10.720000
2012-01-20,10.720000,10.720000
2012-01-23,10.310000,10.310000
2012-01-24,10.250000,10.250000
2012-01-25,10.460000,10.460000
2012-01-26,10.320000,10.320000
2012-01-27,10.460000,10.460000
2012-01-30,10.630000,10.630000
2012-01-31,10.560000,10.560000
2012-02-01,11.260000,11.260000
2012-02-02,11.290000,11.290000
2012-02-03,11.500000,11.500000
2012-02-06,11.350000,11.350000
2012-02-07,11.370000,11.370000
2012-02-08,11.280000,11.280000
2012-02-09,11.110000,11.110000
2012-02-10,11.140000,11.140000
2012-02-13,11.240000,11.240000
2012-02-14,11.560000,11.560000
2012-02-15,11.270000,11.270000
2012-02-16,11.740000,11.740000
2012-02-17,11.730000,11.730000
2012-02-21,11.520000,11.520000
2012-02-22,10.970000,10.970000
2012-02-23,11.650000,11.650000
2012-02-24,11.660000,11.660000
2012-02-27,11.760000,11.760000
2012-02-28,11.770000,11.770000
2012-02-29,11.510000,11.510000
2012-03-01,11.390000,11.390000
2012-03-02,11.290000,11.290000
2012-03-05,11.290000,11.290000
2012-03-06,10.970000,10.970000
2012-03-07,11.190000,11.190000
2012-03-08,11.510000,11.510000
2012-03-09,11.390000,11.390000
2012-03-12,11.380000,11.380000
2012-03-13,11.760000,11.760000
2012-03-14,12.040000,12.040000
2012-03-15,12.210000,12.210000
2012-03-16,11.960000,11.960000
2012-03-19,12.330000,12.330000
2012-03-20,11.990000,11.990000
2012-03-21,12.180000,12.180000
2012-03-22,11.940000,11.940000
2012-03-23,12.000000,12.000000
2012-03-26,12.810000,12.810000
2012-03-27,13.350000,13.350000
2012-03-28,13.090000,13.090000
2012-03-29,12.840000,12.840000
2012-03-30,12.760000,12.760000
2012-04-02,13.000000,13.000000
2012-04-03,12.810000,12.810000
2012-04-04,12.580000,12.580000
2012-04-05,12.570000,12.570000
2012-04-09,12.150000,12.150000
2012-04-10,10.630000,10.630000
2012-04-11,10.900000,10.900000
2012-04-12,11.360000,11.360000
2012-04-13,11.270000,11.270000
2012-04-16,8.560000,8.560000
2012-04-17,8.290000,8.290000
2012-04-18,8.110000,8.110000
2012-04-19,8.090000,8.090000
2012-04-20,8.070000,8.070000
2012-04-23,8.000000,8.000000
2012-04-24,8.000000,8.000000
2012-04-25,8.140000,8.140000
2012-04-26,8.090000,8.090000
2012-04-27,8.200000,8.200000
2012-04-30,8.080000,8.080000
2012-05-01,7.940000,7.940000
2012-05-02,8.300000,8.300000
2012-05-03,8.040000,8.040000
2012-05-04,7.820000,7.820000
2012-05-07,7.860000,7.860000
2012-05-08,7.660000,7.660000
2012-05-09,7.450000,7.450000
2012-05-10,7.370000,7.370000
2012-05-11,7.460000,7.460000
2012-05-14,7.250000,7.250000
2012-05-15,7.400000,7.400000
2012-05-16,7.450000,7.450000
2012-05-17,7.560000,7.560000
2012-05-18,7.900000,7.900000
2012-05-21,8.350000,8.350000
2012-05-22,8.100000,8.100000
2012-05-23,8.090000,8.090000
2012-05-24,8.200000,8.200000
2012-05-25,8.310000,8.310000
2012-05-29,8.170000,8.170000
2012-05-30,7.660000,7.660000
2012-05-31,7.640000,7.640000
2012-06-01,7.400000,7.400000
2012-06-04,7.520000,7.520000
2012-06-05,7.670000,7.670000
2012-06-06,8.300000,8.300000
2012-06-07,8.100000,8.100000
2012-06-08,8.390000,8.390000
2012-06-11,8.120000,8.120000
2012-06-12,8.580000,8.580000
2012-06-13,8.400000,8.400000
2012-06-14,8.720000,8.720000
2012-06-15,8.910000,8.910000
2012-06-18,8.820000,8.820000
2012-06-19,8.950000,8.950000
2012-06-20,8.980000,8.980000
2012-06-21,8.930000,8.930000
2012-06-22,9.010000,9.010000
2012-06-25,8.700000,8.700000
2012-06-26,8.690000,8.690000
2012-06-27,8.950000,8.950000
2012-06-28,8.530000,8.530000
2012-06-29,8.860000,8.860000
2012-07-02,9.510000,9.510000
2012-07-03,9.690000,9.690000
2012-07-05,9.630000,9.630000
2012-07-06,9.300000,9.300000
2012-07-09,9.170000,9.170000
2012-07-10,9.060000,9.060000
2012-07-11,8.840000,8.840000
2012-07-12,9.160000,9.160000
2012-07-13,8.680000,8.680000
2012-07-16,8.710000,8.710000
2012-07-17,8.950000,8.950000
2012-07-18,9.320000,9.320000
2012-07-19,9.200000,9.200000
2012-07-20,8.960000,8.960000
2012-07-23,8.570000,8.570000
2012-07-24,8.500000,8.500000
2012-07-25,8.630000,8.630000
2012-07-26,9.330000,9.330000
2012-07-27,9.780000,9.780000
2012-07-30,9.380000,9.380000
2012-07-31,9.020000,9.020000
2012-08-01,8.560000,8.560000
2012-08-02,4.300000,4.300000
2012-08-03,4.610000,4.610000
2012-08-06,4.820000,4.820000
2012-08-07,6.060000,6.060000
2012-08-08,5.980000,5.980000
2012-08-09,5.890000,5.890000
2012-08-10,5.400000,5.400000
2012-08-13,5.630000,5.630000
2012-08-14,5.560000,5.560000
2012-08-15,5.990000,5.990000
2012-08-16,5.990000,5.990000
2012-08-17,6.000000,6.000000
2012-08-20,5.910000,5.910000
2012-08-21,5.780000,5.780000
2012-08-22,5.750000,5.750000
2012-08-23,5.740000,5.740000
2012-08-24,5.730000,5.730000
2012-08-27,5.700000,5.700000
2012-08-28,5.680000,5.680000
2012-08-29,5.650000,5.650000
2012-08-30,5.710000,5.710000
2012-08-31,5.800000,5.800000
2012-09-04,5.900000,5.900000
2012-09-05,5.910000,5.910000
2012-09-06,6.050000,6.050000
2012-09-07,5.930000,5.930000
2012-09-10,5.890000,5.890000
2012-09-11,5.800000,5.800000
2012-09-12,5.950000,5.950000
2012-09-13,6.180000,6.180000
2012-09-14,6.340000,6.340000
2012-09-17,6.330000,6.330000
2012-09-18,6.420000,6.420000
2012-09-19,6.380000,6.380000
2012-09-20,6.410000,6.410000
2012-09-21,7.950000,7.950000
2012-09-24,8.010000,8.010000
2012-09-25,7.780000,7.780000
2012-09-26,7.780000,7.780000
2012-09-27,7.860000,7.860000
2012-09-28,7.540000,7.540000
2012-10-01,7.410000,7.410000
2012-10-02,7.070000,7.070000
2012-10-03,6.940000,6.940000
2012-10-04,6.790000,6.790000
2012-10-05,6.790000,6.790000
2012-10-08,6.590000,6.590000
2012-10-09,6.280000,6.280000
2012-10-10,6.290000,6.290000
2012-10-11,6.270000,6.270000
2012-10-12,6.150000,6.150000
2012-10-15,6.100000,6.100000
2012-10-16,6.140000,6.140000
2012-10-17,6.230000,6.230000
2012-10-18,6.040000,6.040000
2012-10-19,5.790000,5.790000
2012-10-22,5.650000,5.650000
2012-10-23,5.590000,5.590000
2012-10-24,5.410000,5.410000
2012-10-25,5.500000,5.500000
2012-10-26,5.230000,5.230000
2012-10-31,5.290000,5.290000
2012-11-01,5.370000,5.370000
2012-11-02,5.270000,5.270000
2012-11-05,5.490000,5.490000
2012-11-06,5.440000,5.440000
2012-11-07,5.160000,5.160000
2012-11-08,5.130000,5.130000
2012-11-09,4.820000,4.820000
2012-11-12,5.090000,5.090000
2012-11-13,5.150000,5.150000
2012-11-14,5.070000,5.070000
2012-11-15,5.320000,5.320000
2012-11-16,5.310000,5.310000
2012-11-19,5.440000,5.440000
2012-11-20,5.670000,5.670000
2012-11-21,5.690000,5.690000
2012-11-23,5.720000,5.720000
2012-11-26,5.730000,5.730000
2012-11-27,5.560000,5.560000
2012-11-28,5.500000,5.500000
2012-11-29,5.710000,5.710000
2012-11-30,6.230000,6.230000
2012-12-03,5.910000,5.910000
2012-12-04,6.010000,6.010000
2012-12-05,5.880000,5.880000
2012-12-06,5.730000,5.730000
2012-12-07,5.740000,5.740000
2012-12-10,5.940000,5.940000
2012-12-11,5.970000,5.970000
2012-12-12,5.670000,5.670000
2012-12-13,5.400000,5.400000
2012-12-14,5.520000,5.520000
2012-12-17,5.480000,5.480000
2012-12-18,5.590000,5.590000
2012-12-19,5.670000,5.670000
2012-12-20,5.520000,5.520000
2012-12-21,7.010000,7.010000
2012-12-24,6.700000,6.700000
2012-12-26,6.760000,6.760000
2012-12-27,6.620000,6.620000
2012-12-28,6.650000,6.650000
2012-12-31,6.710000,6.710000
2013-01-02,6.790000,6.790000
2013-01-03,6.570000,6.570000
2013-01-04,6.930000,6.930000
2013-01-07,7.080000,7.080000
2013-01-08,6.940000,6.940000
2013-01-09,7.430000,7.430000
2013-01-10,7.260000,7.260000
2013-01-11,7.210000,7.210000
2013-01-14,8.340000,8.340000
2013-01-15,8.240000,8.240000
2013-01-16,8.040000,8.040000
2013-01-17,8.160000,8.160000
2013-01-18,8.130000,8.130000
2013-01-22,8.210000,8.210000
2013-01-23,8.350000,8.350000
2013-01-24,8.300000,8.300000
2013-01-25,8.310000,8.310000
2013-01-28,8.160000,8.160000
2013-01-29,8.030000,8.030000
2013-01-30,7.090000,7.090000
2013-01-31,6.690000,6.690000
2013-02-01,6.530000,6.530000
2013-02-04,6.550000,6.550000
2013-02-05,6.450000,6.450000
2013-02-06,6.580000,6.580000
2013-02-07,6.500000,6.500000
2013-02-08,6.440000,6.440000
2013-02-11,6.210000,6.210000
2013-02-12,6.180000,6.180000
2013-02-13,6.090000,6.090000
2013-02-14,5.820000,5.820000
2013-02-15,5.960000,5.960000
2013-02-19,6.000000,6.000000
2013-02-20,5.850000,5.850000
2013-02-21,5.810000,5.810000
2013-02-22,5.910000,5.910000
2013-02-25,5.720000,5.720000
2013-02-26,5.170000,5.170000
2013-02-27,5.280000,5.280000
2013-02-28,5.450000,5.450000
2013-03-01,5.510000,5.510000
2013-03-04,5.330000,5.330000
2013-03-05,5.540000,5.540000
2013-03-06,5.460000,5.460000
2013-03-07,5.770000,5.770000
2013-03-08,5.850000,5.850000
2013-03-11,6.050000,6.050000
2013-03-12,5.700000,5.700000
2013-03-13,5.700000,5.700000
2013-03-14,5.740000,5.740000
2013-03-15,5.540000,5.540000
2013-03-18,5.540000,5.540000
2013-03-19,5.360000,5.360000
2013-03-20,5.340000,5.340000
2013-03-21,5.270000,5.270000
2013-03-22,6.900000,6.900000
2013-03-25,6.060000,6.060000
2013-03-26,6.020000,6.020000
2013-03-27,5.860000,5.860000
2013-03-28,5.770000,5.770000
2013-04-01,5.370000,5.370000
2013-04-02,5.490000,5.490000
2013-04-03,5.230000,5.230000
2013-04-04,5.190000,5.190000
2013-04-05,5.160000,5.160000
2013-04-08,5.110000,5.110000
2013-04-09,5.400000,5.400000
2013-04-10,5.610000,5.610000
2013-04-11,5.920000,5.920000
2013-04-12,5.970000,5.970000
2013-04-15,5.940000,5.940000
2013-04-16,5.740000,5.740000
2013-04-17,5.740000,5.740000
2013-04-18,5.560000,5.560000
2013-04-19,6.080000,6.080000
2013-04-22,6.030000,6.030000
2013-04-23,6.540000,6.540000
2013-04-24,6.250000,6.250000
2013-04-25,6.330000,6.330000
2013-04-26,6.280000,6.280000
2013-04-29,6.290000,6.290000
2013-04-30,6.040000,6.040000
2013-05-01,5.770000,5.770000
2013-05-02,5.930000,5.930000
2013-05-03,6.040000,6.040000
2013-05-06,6.140000,6.140000
2013-05-07,6.010000,6.010000
2013-05-08,6.010000,6.010000
2013-05-09,6.010000,6.010000
2013-05-10,6.430000,6.430000
2013-05-13,6.440000,6.440000
2013-05-14,6.710000,6.710000
2013-05-15,6.740000,6.740000
2013-05-16,7.980000,7.980000
2013-05-17,7.960000,7.960000
2013-05-20,7.570000,7.570000
2013-05-21,7.590000,7.590000
2013-05-22,7.170000,7.170000
2013-05-23,7.450000,7.450000
2013-05-24,7.420000,7.420000
2013-05-28,7.430000,7.430000
2013-05-29,7.250000,7.250000
2013-05-30,7.180000,7.180000
2013-05-31,7.060000,7.060000
2013-06-03,6.820000,6.820000
2013-06-04,6.470000,6.470000
2013-06-05,6.270000,6.270000
2013-06-06,6.360000,6.360000
2013-06-07,6.560000,6.560000
2013-06-10,6.600000,6.600000
2013-06-11,6.640000,6.640000
2013-06-12,6.400000,6.400000
2013-06-13,6.540000,6.540000
2013-06-14,6.430000,6.430000
2013-06-17,6.220000,6.220000
2013-06-18,6.410000,6.410000
2013-06-19,6.320000,6.320000
2013-06-20,5.970000,5.970000
2013-06-21,6.150000,6.150000
2013-06-24,6.690000,6.690000
2013-06-25,6.400000,6.400000
2013-06-26,6.480000,6.480000
2013-06-27,6.370000,6.370000
2013-06-28,7.950000,7.950000
2013-07-01,7.690000,7.690000
2013-07-02,7.880000,7.880000
2013-07-03,7.690000,7.690000
2013-07-05,8.040000,8.040000
2013-07-08,8.260000,8.260000
2013-07-09,7.970000,7.970000
2013-07-10,8.050000,8.050000
2013-07-11,8.370000,8.370000
2013-07-12,8.440000,8.440000
2013-07-15,8.680000,8.680000
2013-07-16,8.420000,8.420000
2013-07-17,8.340000,8.340000
2013-07-18,8.440000,8.440000
2013-07-19,8.140000,8.140000
2013-07-22,8.490000,8.490000
2013-07-23,8.370000,8.370000
2013-07-24,8.180000,8.180000
2013-07-25,8.420000,8.420000
2013-07-26,8.400000,8.400000
2013-07-29,8.270000,8.270000
2013-07-30,8.250000,8.250000
2013-07-31,8.510000,8.510000
2013-08-01,7.320000,7.320000
2013-08-02,7.050000,7.050000
2013-08-05,7.240000,7.240000
2013-08-06,7.100000,7.100000
2013-08-07,7.010000,7.010000
2013-08-08,6.750000,6.750000
2013-08-09,6.720000,6.720000
2013-08-12,6.850000,6.850000
2013-08-13,6.730000,6.730000
2013-08-14,6.860000,6.860000
2013-08-15,6.920000,6.920000
2013-08-16,6.800000,6.800000
2013-08-19,7.200000,7.200000
2013-08-20,7.100000,7.100000
2013-08-21,7.260000,7.260000
2013-08-22,7.460000,7.460000
2013-08-23,7.490000,7.490000
2013-08-26,7.840000,7.840000
2013-08-27,7.360000,7.360000
2013-08-28,8.140000,8.140000
2013-08-29,8.250000,8.250000
2013-08-30,8.310000,8.310000
2013-09-03,8.550000,8.550000
2013-09-04,8.690000,8.690000
2013-09-05,8.830000,8.830000
2013-09-06,8.980000,8.980000
2013-09-09,9.300000,9.300000
2013-09-10,9.240000,9.240000
2013-09-11,9.130000,9.130000
2013-09-12,9.090000,9.090000
2013-09-13,9.150000,9.150000
2013-09-16,9.100000,9.100000
2013-09-17,9.860000,9.860000
2013-09-18,10.100000,10.100000
2013-09-19,10.100000,10.100000
2013-09-20,9.830000,9.830000
2013-09-23,9.670000,9.670000
2013-09-24,9.870000,9.870000
2013-09-25,9.750000,9.750000
2013-09-26,10.570000,10.570000
2013-09-27,11.300000,11.300000
2013-09-30,11.040000,11.040000
2013-10-01,11.030000,11.030000
2013-10-02,11.020000,11.020000
2013-10-03,10.690000,10.690000
2013-10-04,10.930000,10.930000
2013-10-07,10.580000,10.580000
2013-10-08,9.870000,9.870000
2013-10-09,9.660000,9.660000
2013-10-10,10.260000,10.260000
2013-10-11,10.100000,10.100000
2013-10-14,10.520000,10.520000
2013-10-15,10.710000,10.710000
2013-10-16,11.740000,11.740000
2013-10-17,12.050000,12.050000
2013-10-18,12.050000,12.050000
2013-10-21,11.590000,11.590000
2013-10-22,12.180000,12.180000
2013-10-23,12.230000,12.230000
2013-10-24,12.220000,12.220000
2013-10-25,11.800000,11.800000
2013-10-28,11.610000,11.610000
2013-10-29,11.540000,11.540000
2013-10-30,11.400000,11.400000
2013-10-31,11.650000,11.650000
2013-11-01,11.580000,11.580000
2013-11-04,11.910000,11.910000
2013-11-05,11.880000,11.880000
2013-11-06,11.500000,11.500000
2013-11-07,10.870000,10.870000
2013-11-08,12.900000,12.900000
2013-11-11,13.210000,13.210000
2013-11-12,12.990000,12.990000
2013-11-13,13.420000,13.420000
2013-11-14,13.280000,13.280000
2013-11-15,13.530000,13.530000
2013-11-18,12.980000,12.980000
2013-11-19,13.170000,13.170000
2013-11-20,13.100000,13.100000
2013-11-21,13.960000,13.960000
2013-11-22,14.090000,14.090000
2013-11-25,14.280000,14.280000
2013-11-26,14.610000,14.610000
2013-11-27,14.930000,14.930000
2013-11-29,14.760000,14.760000
2013-12-02,15.110000,15.110000
2013-12-03,14.820000,14.820000
2013-12-04,14.740000,14.740000
2013-12-05,14.390000,14.390000
2013-12-06,14.460000,14.460000
2013-12-09,13.700000,13.700000
2013-12-10,14.010000,14.010000
2013-12-11,12.790000,12.790000
2013-12-12,13.350000,13.350000
2013-12-13,13.100000,13.100000
2013-12-16,13.080000,13.080000
2013-12-17,12.650000,12.650000
2013-12-18,14.750000,14.750000
2013-12-19,14.860000,14.860000
2013-12-20,14.850000,14.850000
2013-12-23,15.380000,15.380000
2013-12-24,15.570000,15.570000
2013-12-26,15.700000,15.700000
2013-12-27,15.250000,15.250000
2013-12-30,15.220000,15.220000
2013-12-31,14.990000,14.990000
2014-01-02,15.010000,15.010000
2014-01-03,15.030000,15.030000
2014-01-06,14.660000,14.660000
2014-01-07,14.970000,14.970000
2014-01-08,15.760000,15.760000
2014-01-09,16.150000,16.150000
2014-01-10,16.440000,16.440000
2014-01-13,15.550000,15.550000
2014-01-14,16.060000,16.060000
2014-01-15,16.090000,16.090000
2014-01-16,17.220000,17.220000
2014-01-17,17.030000,17.030000
2014-01-21,17.220000,17.220000
2014-01-22,17.470000,17.470000
2014-01-23,17.570000,17.570000
2014-01-24,16.550000,16.550000
2014-01-27,15.870000,15.870000
2014-01-28,16.490000,16.490000
2014-01-29,15.920000,15.920000
2014-01-30,15.960000,15.960000
2014-01-31,15.660000,15.660000
2014-02-03,14.740000,14.740000
2014-02-04,13.780000,13.780000
2014-02-05,13.140000,13.140000
2014-02-06,13.100000,13.100000
2014-02-07,14.080000,14.080000
2014-02-10,14.700000,14.700000
2014-02-11,14.820000,14.820000
2014-02-12,15.060000,15.060000
2014-02-13,15.140000,15.140000
2014-02-14,15.120000,15.120000
2014-02-18,15.460000,15.460000
2014-02-19,14.690000,14.690000
2014-02-20,15.100000,15.100000
2014-02-21,15.650000,15.650000
2014-02-24,16.050000,16.050000
2014-02-25,16.220000,16.220000
2014-02-26,16.040000,16.040000
2014-02-27,16.020000,16.020000
2014-02-28,14.090000,14.090000
2014-03-03,13.840000,13.840000
2014-03-04,14.970000,14.970000
2014-03-05,15.220000,15.220000
2014-03-06,14.220000,14.220000
2014-03-07,13.830000,13.830000
2014-03-10,13.850000,13.850000
2014-03-11,13.700000,13.700000
2014-03-12,13.790000,13.790000
2014-03-13,13.450000,13.450000
2014-03-14,13.450000,13.450000
2014-03-17,13.500000,13.500000
2014-03-18,14.020000,14.020000
2014-03-19,14.000000,14.000000
2014-03-20,14.010000,14.010000
2014-03-21,13.540000,13.540000
2014-03-24,12.460000,12.460000
2014-03-25,12.610000,12.610000
2014-03-26,12.180000,12.180000
2014-03-27,12.300000,12.300000
2014-03-28,12.110000,12.110000
2014-03-31,12.710000,12.710000
2014-04-01,12.310000,12.310000
2014-04-02,12.140000,12.140000
2014-04-03,11.590000,11.590000
2014-04-04,8.430000,8.430000
2014-04-07,8.260000,8.260000
2014-04-08,8.290000,8.290000
2014-04-09,8.120000,8.120000
2014-04-10,7.490000,7.490000
2014-04-11,7.420000,7.420000
2014-04-14,7.190000,7.190000
2014-04-15,7.390000,7.390000
2014-04-16,7.550000,7.550000
2014-04-17,7.570000,7.570000
2014-04-21,7.690000,7.690000
2014-04-22,7.830000,7.830000
2014-04-23,7.590000,7.590000
2014-04-24,7.500000,7.500000
2014-04-25,7.210000,7.210000
2014-04-28,7.220000,7.220000
2014-04-29,7.410000,7.410000
2014-04-30,7.450000,7.450000
2014-05-01,7.320000,7.320000
2014-05-02,7.250000,7.250000
2014-05-05,7.330000,7.330000
2014-05-06,7.230000,7.230000
2014-05-07,7.170000,7.170000
2014-05-08,7.090000,7.090000
2014-05-09,7.370000,7.370000
2014-05-12,7.520000,7.520000
2014-05-13,8.040000,8.040000
2014-05-14,7.950000,7.950000
2014-05-15,7.660000,7.660000
2014-05-16,7.670000,7.670000
2014-05-19,7.770000,7.770000
2014-05-20,7.500000,7.500000
2014-05-21,7.270000,7.270000
2014-05-22,7.630000,7.630000
2014-05-23,7.960000,7.960000
2014-05-27,8.070000,8.070000
2014-05-28,8.010000,8.010000
2014-05-29,8.090000,8.090000
2014-05-30,7.900000,7.900000
2014-06-02,7.960000,7.960000
2014-06-03,7.890000,7.890000
2014-06-04,8.080000,8.080000
2014-06-05,9.050000,9.050000
2014-06-06,8.890000,8.890000
2014-06-09,9.170000,9.170000
2014-06-10,9.480000,9.480000
2014-06-11,9.390000,9.390000
2014-06-12,10.100000,10.100000
2014-06-13,10.070000,10.070000
2014-06-16,10.150000,10.150000
2014-06-17,10.190000,10.190000
2014-06-18,10.190000,10.190000
2014-06-19,10.150000,10.150000
2014-06-20,10.170000,10.170000
2014-06-23,10.210000,10.210000
2014-06-24,10.000000,10.000000
2014-06-25,10.140000,10.140000
2014-06-26,9.940000,9.940000
2014-06-27,9.930000,9.930000
2014-06-30,9.880000,9.880000
2014-07-01,10.130000,10.130000
2014-07-02,10.070000,10.070000
2014-07-03,10.200000,10.200000
2014-07-07,9.730000,9.730000
2014-07-08,9.290000,9.290000
2014-07-09,9.560000,9.560000
2014-07-10,9.290000,9.290000
2014-07-11,9.770000,9.770000
2014-07-14,9.610000,9.610000
2014-07-15,9.220000,9.220000
2014-07-16,9.190000,9.190000
2014-07-17,8.670000,8.670000
2014-07-18,9.180000,9.180000
2014-07-21,9.080000,9.080000
2014-07-22,9.070000,9.070000
2014-07-23,9.290000,9.290000
2014-07-24,9.200000,9.200000
2014-07-25,9.100000,9.100000
2014-07-28,8.910000,8.910000
2014-07-29,9.510000,9.510000
2014-07-30,9.230000,9.230000
2014-07-31,9.740000,9.740000
2014-08-01,9.280000,9.280000
2014-08-04,9.180000,9.180000
2014-08-05,9.290000,9.290000
2014-08-06,9.720000,9.720000
2014-08-07,9.570000,9.570000
2014-08-08,9.730000,9.730000
2014-08-11,10.060000,10.060000
2014-08-12,9.900000,9.900000
2014-08-13,9.890000,9.890000
2014-08-14,9.970000,9.970000
2014-08-15,9.870000,9.870000
2014-08-18,10.080000,10.080000
2014-08-19,10.020000,10.020000
2014-08-20,9.750000,9.750000
2014-08-21,9.430000,9.430000
2014-08-22,9.480000,9.480000
2014-08-25,9.710000,9.710000
2014-08-26,9.890000,9.890000
2014-08-27,9.740000,9.740000
2014-08-28,9.460000,9.460000
2014-08-29,9.500000,9.500000
2014-09-02,9.450000,9.450000
2014-09-03,9.760000,9.760000
2014-09-04,9.280000,9.280000
2014-09-05,9.200000,9.200000
2014-09-08,9.300000,9.300000
2014-09-09,9.050000,9.050000
2014-09-10,9.310000,9.310000
2014-09-11,9.450000,9.450000
2014-09-12,9.400000,9.400000
2014-09-15,8.990000,8.990000
2014-09-16,9.040000,9.040000
2014-09-17,9.880000,9.880000
2014-09-18,9.880000,9.880000
2014-09-19,9.800000,9.800000
2014-09-22,9.630000,9.630000
2014-09-23,9.770000,9.770000
2014-09-24,9.980000,9.980000
2014-09-25,9.630000,9.630000
2014-09-26,9.630000,9.630000
2014-09-29,9.450000,9.450000
2014-09-30,9.100000,9.100000
2014-10-01,8.910000,8.910000
2014-10-02,9.010000,9.010000
2014-10-03,9.080000,9.080000
2014-10-06,9.020000,9.020000
2014-10-07,8.800000,8.800000
2014-10-08,9.100000,9.100000
2014-10-09,8.620000,8.620000
2014-10-10,8.410000,8.410000
2014-10-13,8.300000,8.300000
2014-10-14,8.500000,8.500000
2014-10-15,8.990000,8.990000
2014-10-16,9.200000,9.200000
2014-10-17,8.930000,8.930000
2014-10-20,9.150000,9.150000
2014-10-21,9.120000,9.120000
2014-10-22,8.940000,8.940000
2014-10-23,9.260000,9.260000
2014-10-24,9.150000,9.150000
2014-10-27,9.240000,9.240000
2014-10-28,9.360000,9.360000
2014-10-29,9.310000,9.310000
2014-10-30,9.610000,9.610000
2014-10-31,9.620000,9.620000
2014-11-03,9.500000,9.500000
2014-11-04,9.320000,9.320000
2014-11-05,9.030000,9.030000
2014-11-06,9.150000,9.150000
2014-11-07,9.120000,9.120000
2014-11-10,9.320000,9.320000
2014-11-11,8.820000,8.820000
2014-11-12,8.980000,8.980000
2014-11-13,8.740000,8.740000
2014-11-14,8.540000,8.540000
2014-11-17,8.560000,8.560000
2014-11-18,8.580000,8.580000
2014-11-19,8.440000,8.440000
2014-11-20,8.420000,8.420000
2014-11-21,8.520000,8.520000
2014-11-24,8.770000,8.770000
2014-11-25,8.770000,8.770000
2014-11-26,8.870000,8.870000
2014-11-28,8.780000,8.780000
2014-12-01,8.620000,8.620000
2014-12-02,8.840000,8.840000
2014-12-03,8.650000,8.650000
2014-12-04,8.510000,8.510000
2014-12-05,8.640000,8.640000
2014-12-08,8.350000,8.350000
2014-12-09,8.480000,8.480000
2014-12-10,8.150000,8.150000
2014-12-11,8.150000,8.150000
2014-12-12,7.990000,7.990000
2014-12-15,7.670000,7.670000
2014-12-16,7.640000,7.640000
2014-12-17,8.650000,8.650000
2014-12-18,9.020000,9.020000
2014-12-19,9.460000,9.460000
2014-12-22,9.330000,9.330000
2014-12-23,9.030000,9.030000
2014-12-24,9.340000,9.340000
2014-12-26,9.620000,9.620000
2014-12-29,9.590000,9.590000
2014-12-30,9.400000,9.400000
2014-12-31,9.650000,9.650000
2015-01-02,9.820000,9.820000
2015-01-05,9.990000,9.990000
2015-01-06,10.060000,10.060000
2015-01-07,12.520000,12.520000
2015-01-08,13.970000,13.970000
2015-01-09,14.030000,14.030000
2015-01-12,14.570000,14.570000
2015-01-13,14.700000,14.700000
2015-01-14,15.080000,15.080000
2015-01-15,14.220000,14.220000
2015-01-16,14.820000,14.820000
2015-01-20,14.560000,14.560000
2015-01-21,14.040000,14.040000
2015-01-22,14.010000,14.010000
2015-01-23,13.870000,13.870000
2015-01-26,14.440000,14.440000
2015-01-27,14.480000,14.480000
2015-01-28,14.150000,14.150000
2015-01-29,14.590000,14.590000
2015-01-30,14.280000,14.280000
2015-02-02,14.410000,14.410000
2015-02-03,14.000000,14.000000
2015-02-04,13.810000,13.810000
2015-02-05,14.060000,14.060000
2015-02-06,13.870000,13.870000
2015-02-09,13.390000,13.390000
2015-02-10,13.840000,13.840000
2015-02-11,13.780000,13.780000
2015-02-12,14.500000,14.500000
2015-02-13,14.730000,14.730000
2015-02-17,14.910000,14.910000
2015-02-18,15.020000,15.020000
2015-02-19,15.400000,15.400000
2015-02-20,15.370000,15.370000
2015-02-23,15.520000,15.520000
2015-02-24,15.000000,15.000000
2015-02-25,15.170000,15.170000
2015-02-26,15.280000,15.280000
2015-02-27,15.070000,15.070000
2015-03-02,15.220000,15.220000
2015-03-03,15.230000,15.230000
2015-03-04,15.700000,15.700000
2015-03-05,15.390000,15.390000
2015-03-06,15.200000,15.200000
2015-03-09,15.380000,15.380000
2015-03-10,15.330000,15.330000
2015-03-11,15.410000,15.410000
2015-03-12,15.630000,15.630000
2015-03-13,15.930000,15.930000
2015-03-16,16.120000,16.120000
2015-03-17,16.200000,16.200000
2015-03-18,16.100000,16.100000
2015-03-19,16.060000,16.060000
2015-03-20,14.630000,14.630000
2015-03-23,14.050000,14.050000
2015-03-24,13.890000,13.890000
2015-03-25,13.290000,13.290000
2015-03-26,13.310000,13.310000
2015-03-27,13.930000,13.930000
2015-03-30,14.000000,14.000000
2015-03-31,14.280000,14.280000
2015-04-01,14.670000,14.670000
2015-04-02,14.690000,14.690000
2015-04-06,14.710000,14.710000
2015-04-07,14.620000,14.620000
2015-04-08,15.280000,15.280000
2015-04-09,15.260000,15.260000
2015-04-10,15.430000,15.430000
2015-04-13,15.630000,15.630000
2015-04-14,15.550000,15.550000
2015-04-15,15.450000,15.450000
2015-04-16,15.520000,15.520000
2015-04-17,15.300000,15.300000
2015-04-20,15.890000,15.890000
2015-04-21,15.880000,15.880000
2015-04-22,16.030000,16.030000
2015-04-23,16.950000,16.950000
2015-04-24,16.860000,16.860000
2015-04-27,15.780000,15.780000
2015-04-28,15.800000,15.800000
2015-04-29,15.450000,15.450000
2015-04-30,14.870000,14.870000
2015-05-01,15.790000,15.790000
2015-05-04,15.690000,15.690000
2015-05-05,15.120000,15.120000
2015-05-06,15.180000,15.180000
2015-05-07,15.160000,15.160000
2015-05-08,15.590000,15.590000
2015-05-11,15.370000,15.370000
2015-05-12,16.020000,16.020000
2015-05-13,16.260000,16.260000
2015-05-14,16.310000,16.310000
2015-05-15,16.420000,16.420000
2015-05-18,17.030000,17.030000
2015-05-19,17.260000,17.260000
2015-05-20,16.850000,16.850000
2015-05-21,17.250000,17.250000
2015-05-22,17.450000,17.450000
2015-05-26,17.740000,17.740000
2015-05-27,17.820000,17.820000
2015-05-28,17.680000,17.680000
2015-05-29,17.350000,17.350000
2015-06-01,17.880000,17.880000
2015-06-02,17.990000,17.990000
2015-06-03,19.570000,19.570000
2015-06-04,19.740000,19.740000
2015-06-05,19.970000,19.970000
2015-06-08,20.090000,20.090000
2015-06-09,20.650000,20.650000
2015-06-10,20.710000,20.710000
2015-06-11,20.740000,20.740000
2015-06-12,20.340000,20.340000
2015-06-15,20.430000,20.430000
2015-06-16,20.730000,20.730000
2015-06-17,20.590000,20.590000
2015-06-18,21.370000,21.370000
2015-06-19,21.310000,21.310000
2015-06-22,22.060000,22.060000
2015-06-23,21.820000,21.820000
2015-06-24,20.700000,20.700000
2015-06-25,20.680000,20.680000
2015-06-26,21.140000,21.140000
2015-06-29,21.240000,21.240000
2015-06-30,22.580000,22.580000
2015-07-01,22.500000,22.500000
2015-07-02,22.100000,22.100000
2015-07-06,22.780000,22.780000
2015-07-07,21.940000,21.940000
2015-07-08,21.350000,21.350000
2015-07-09,22.400000,22.400000
2015-07-10,22.780000,22.780000
2015-07-13,23.440000,23.440000
2015-07-14,23.970000,23.970000
2015-07-15,23.550000,23.550000
2015-07-16,24.530000,24.530000
2015-07-17,24.660000,24.660000
2015-07-20,24.540000,24.540000
2015-07-21,23.770000,23.770000
2015-07-22,24.750000,24.750000
2015-07-23,24.010000,24.010000
2015-07-24,23.240000,23.240000
2015-07-27,22.800000,22.800000
2015-07-28,23.710000,23.710000
2015-07-29,23.430000,23.430000
2015-07-30,23.130000,23.130000
2015-07-31,23.340000,23.340000
2015-08-03,23.030000,23.030000
2015-08-04,23.310000,23.310000
2015-08-05,23.420000,23.420000
2015-08-06,22.430000,22.430000
2015-08-07,21.120000,21.120000
2015-08-10,21.110000,21.110000
2015-08-11,20.830000,20.830000
2015-08-12,19.900000,19.900000
2015-08-13,20.730000,20.730000
2015-08-14,19.250000,19.250000
2015-08-17,19.770000,19.770000
2015-08-18,19.030000,19.030000
2015-08-19,18.710000,18.710000
2015-08-20,17.180000,17.180000
2015-08-21,17.330000,17.330000
2015-08-24,16.790000,16.790000
2015-08-25,16.880000,16.880000
2015-08-26,17.460000,17.460000
2015-08-27,18.040000,18.040000
2015-08-28,18.410000,18.410000
2015-08-31,17.460000,17.460000
2015-09-01,16.620000,16.620000
2015-09-02,17.540000,17.540000
2015-09-03,16.850000,16.850000
2015-09-04,16.890000,16.890000
2015-09-08,17.580000,17.580000
2015-09-09,17.420000,17.420000
2015-09-10,17.730000,17.730000
2015-09-11,18.080000,18.080000
2015-09-14,17.880000,17.880000
2015-09-15,18.260000,18.260000
2015-09-16,18.410000,18.410000
2015-09-17,19.310000,19.310000
2015-09-18,19.170000,19.170000
2015-09-21,18.220000,18.220000
2015-09-22,17.380000,17.380000
2015-09-23,18.020000,18.020000
2015-09-24,17.560000,17.560000
2015-09-25,16.020000,16.020000
2015-09-28,14.500000,14.500000
2015-09-29,13.250000,13.250000
2015-09-30,13.430000,13.430000
2015-10-01,13.620000,13.620000
2015-10-02,14.910000,14.910000
2015-10-05,15.030000,15.030000
2015-10-06,14.260000,14.260000
2015-10-07,14.320000,14.320000
2015-10-08,14.290000,14.290000
2015-10-09,14.370000,14.370000
2015-10-12,13.950000,13.950000
2015-10-13,12.930000,12.930000
2015-10-14,13.360000,13.360000
2015-10-15,14.600000,14.600000
2015-10-16,14.630000,14.630000
2015-10-19,14.500000,14.500000
2015-10-20,13.690000,13.690000
2015-10-21,13.310000,13.310000
2015-10-22,13.420000,13.420000
2015-10-23,14.290000,14.290000
2015-10-26,14.480000,14.480000
2015-10-27,14.260000,14.260000
2015-10-28,14.920000,14.920000
2015-10-29,14.150000,14.150000
2015-10-30,15.650000,15.650000
2015-11-02,16.680000,16.680000
2015-11-03,16.560000,16.560000
2015-11-04,17.230000,17.230000
2015-11-05,17.770000,17.770000
2015-11-06,18.590000,18.590000
2015-11-09,17.880000,17.880000
2015-11-10,16.210000,16.210000
2015-11-11,16.180000,16.180000
2015-11-12,15.310000,15.310000
2015-11-13,15.410000,15.410000
2015-11-16,15.580000,15.580000
2015-11-17,15.640000,15.640000
2015-11-18,17.510000,17.510000
2015-11-19,16.930000,16.930000
2015-11-20,17.430000,17.430000
2015-11-23,17.630000,17.630000
2015-11-24,17.480000,17.480000
2015-11-25,17.650000,17.650000
2015-11-27,17.940000,17.940000
2015-11-30,17.800000,17.800000
2015-12-01,17.590000,17.590000
2015-12-02,17.620000,17.620000
2015-12-03,16.800000,16.800000
2015-12-04,17.590000,17.590000
2015-12-07,16.760000,16.760000
2015-12-08,17.040000,17.040000
2015-12-09,16.290000,16.290000
2015-12-10,16.420000,16.420000
2015-12-11,15.410000,15.410000
2015-12-14,15.250000,15.250000
2015-12-15,15.900000,15.900000
2015-12-16,16.440000,16.440000
2015-12-17,16.160000,16.160000
2015-12-18,16.010000,16.010000
2015-12-21,16.770000,16.770000
2015-12-22,16.780000,16.780000
2015-12-23,16.990000,16.990000
2015-12-24,17.080000,17.080000
2015-12-28,17.040000,17.040000
2015-12-29,17.120000,17.120000
2015-12-30,17.420000,17.420000
2015-12-31,17.330000,17.330000
2016-01-04,16.640000,16.640000
2016-01-05,16.390000,16.390000
2016-01-06,15.770000,15.770000
2016-01-07,15.000000,15.000000
2016-01-08,14.850000,14.850000
2016-01-11,12.370000,12.370000
2016-01-12,12.220000,12.220000
2016-01-13,10.060000,10.060000
2016-01-14,10.210000,10.210000
2016-01-15,10.100000,10.100000
2016-01-19,9.140000,9.140000
2016-01-20,9.750000,9.750000
2016-01-21,9.800000,9.800000
2016-01-22,10.380000,10.380000
2016-01-25,9.830000,9.830000
2016-01-26,9.590000,9.590000
2016-01-27,8.880000,8.880000
2016-01-28,8.560000,8.560000
2016-01-29,8.800000,8.800000
2016-02-01,8.710000,8.710000
2016-02-02,8.110000,8.110000
2016-02-03,8.110000,8.110000
2016-02-04,8.270000,8.270000
2016-02-05,7.900000,7.900000
2016-02-08,7.320000,7.320000
2016-02-09,7.280000,7.280000
2016-02-10,7.170000,7.170000
2016-02-11,7.430000,7.430000
2016-02-12,7.540000,7.540000
2016-02-16,7.860000,7.860000
2016-02-17,8.590000,8.590000
2016-02-18,8.060000,8.060000
2016-02-19,8.300000,8.300000
2016-02-22,8.190000,8.190000
2016-02-23,7.760000,7.760000
2016-02-24,7.910000,7.910000
2016-02-25,7.810000,7.810000
2016-02-26,8.250000,8.250000
2016-02-29,8.130000,8.130000
2016-03-01,8.740000,8.740000
2016-03-02,9.440000,9.440000
2016-03-03,9.470000,9.470000
2016-03-04,9.590000,9.590000
2016-03-07,9.570000,9.570000
2016-03-08,8.830000,8.830000
2016-03-09,8.960000,8.960000
2016-03-10,8.530000,8.530000
2016-03-11,9.030000,9.030000
2016-03-14,9.320000,9.320000
2016-03-15,8.420000,8.420000
2016-03-16,8.060000,8.060000
2016-03-17,8.100000,8.100000
2016-03-18,8.390000,8.390000
2016-03-21,9.080000,9.080000
2016-03-22,9.310000,9.310000
2016-03-23,8.930000,8.930000
2016-03-24,8.870000,8.870000
2016-03-28,8.660000,8.660000
2016-03-29,8.930000,8.930000
2016-03-30,9.260000,9.260000
2016-03-31,9.470000,9.470000
2016-04-01,9.750000,9.750000
2016-04-04,10.130000,10.130000
2016-04-05,10.030000,10.030000
2016-04-06,11.040000,11.040000
2016-04-07,11.030000,11.030000
2016-04-08,11.000000,11.000000
2016-04-11,10.840000,10.840000
2016-04-12,11.020000,11.020000
2016-04-13,11.760000,11.760000
2016-04-14,11.820000,11.820000
2016-04-15,11.970000,11.970000
2016-04-18,12.000000,12.000000
2016-04-19,11.720000,11.720000
2016-04-20,11.900000,11.900000
2016-04-21,12.050000,12.050000
2016-04-22,11.990000,11.990000
2016-04-25,11.920000,11.920000
2016-04-26,11.220000,11.220000
2016-04-27,10.950000,10.950000
2016-04-28,10.840000,10.840000
2016-04-29,10.550000,10.550000
2016-05-02,10.850000,10.850000
2016-05-03,10.220000,10.220000
2016-05-04,9.900000,9.900000
2016-05-05,9.630000,9.630000
2016-05-06,9.500000,9.500000
2016-05-09,9.720000,9.720000
2016-05-10,9.850000,9.850000
2016-05-11,8.630000,8.630000
2016-05-12,8.570000,8.570000
2016-05-13,8.740000,8.740000
2016-05-16,9.080000,9.080000
2016-05-17,8.830000,8.830000
2016-05-18,9.070000,9.070000
2016-05-19,8.910000,8.910000
2016-05-20,9.150000,9.150000
2016-05-23,9.320000,9.320000
2016-05-24,9.700000,9.700000
2016-05-25,10.070000,10.070000
2016-05-26,9.890000,9.890000
2016-05-27,10.000000,10.000000
2016-05-31,10.060000,10.060000
2016-06-01,9.960000,9.960000
2016-06-02,10.390000,10.390000
2016-06-03,9.630000,9.630000
2016-06-06,9.500000,9.500000
2016-06-07,9.170000,9.170000
2016-06-08,9.210000,9.210000
2016-06-09,8.970000,8.970000
2016-06-10,8.750000,8.750000
2016-06-13,8.670000,8.670000
2016-06-14,8.880000,8.880000
2016-06-15,9.050000,9.050000
2016-06-16,9.070000,9.070000
2016-06-17,8.520000,8.520000
2016-06-20,8.700000,8.700000
2016-06-21,8.600000,8.600000
2016-06-22,8.630000,8.630000
2016-06-23,9.190000,9.190000
2016-06-24,8.440000,8.440000
2016-06-27,7.780000,7.780000
2016-06-28,8.170000,8.170000
2016-06-29,8.430000,8.430000
2016-06-30,8.630000,8.630000
2016-07-01,9.130000,9.130000
2016-07-05,8.560000,8.560000
2016-07-06,8.880000,8.880000
2016-07-07,9.110000,9.110000
2016-07-08,9.110000,9.110000
2016-07-11,9.080000,9.080000
2016-07-12,9.110000,9.110000
2016-07-13,8.550000,8.550000
2016-07-14,8.640000,8.640000
2016-07-15,8.870000,8.870000
2016-07-18,8.990000,8.990000
2016-07-19,8.710000,8.710000
2016-07-20,9.290000,9.290000
2016-07-21,9.350000,9.350000
2016-07-22,9.240000,9.240000
2016-07-25,9.290000,9.290000
2016-07-26,9.520000,9.520000
2016-07-27,9.930000,9.930000
2016-07-28,9.770000,9.770000
2016-07-29,9.940000,9.940000
2016-08-01,10.300000,10.300000
2016-08-02,10.030000,10.030000
2016-08-03,10.390000,10.390000
2016-08-04,10.190000,10.190000
2016-08-05,10.490000,10.490000
2016-08-08,10.090000,10.090000
2016-08-09,10.400000,10.400000
2016-08-10,10.050000,10.050000
2016-08-11,10.160000,10.160000
2016-08-12,10.250000,10.250000
2016-08-15,10.410000,10.410000
2016-08-16,9.960000,9.960000
2016-08-17,9.850000,9.850000
2016-08-18,10.000000,10.000000
2016-08-19,9.980000,9.980000
2016-08-22,10.300000,10.300000
2016-08-23,10.100000,10.100000
2016-08-24,9.420000,9.420000
2016-08-25,9.550000,9.550000
2016-08-26,9.820000,9.820000
2016-08-29,9.800000,9.800000
2016-08-30,9.880000,9.880000
2016-08-31,9.800000,9.800000
2016-09-01,9.970000,9.970000
2016-09-02,9.850000,9.850000
2016-09-06,10.300000,10.300000
2016-09-07,10.580000,10.580000
2016-09-08,10.720000,10.720000
2016-09-09,10.060000,10.060000
2016-09-12,10.980000,10.980000
2016-09-13,10.760000,10.760000
2016-09-14,11.050000,11.050000
2016-09-15,11.100000,11.100000
2016-09-16,11.980000,11.980000
2016-09-19,12.080000,12.080000
2016-09-20,12.500000,12.500000
2016-09-21,12.430000,12.430000
2016-09-22,12.400000,12.400000
2016-09-23,12.090000,12.090000
2016-09-26,11.980000,11.980000
2016-09-27,12.510000,12.510000
2016-09-28,12.410000,12.410000
2016-09-29,11.900000,11.900000
2016-09-30,12.080000,12.080000
2016-10-03,12.240000,12.240000
2016-10-04,11.860000,11.860000
2016-10-05,12.310000,12.310000
2016-10-06,12.120000,12.120000
2016-10-07,11.920000,11.920000
2016-10-10,12.170000,12.170000
2016-10-11,11.580000,11.580000
2016-10-12,10.880000,10.880000
2016-10-13,10.510000,10.510000
2016-10-14,10.060000,10.060000
2016-10-17,9.710000,9.710000
2016-10-18,9.700000,9.700000
2016-10-19,9.310000,9.310000
2016-10-20,9.600000,9.600000
2016-10-21,9.400000,9.400000
2016-10-24,9.190000,9.190000
2016-10-25,9.060000,9.060000
2016-10-26,9.020000,9.020000
2016-10-27,8.900000,8.900000
2016-10-28,8.760000,8.760000
2016-10-31,8.630000,8.630000
2016-11-01,8.460000,8.460000
2016-11-02,8.320000,8.320000
2016-11-03,8.460000,8.460000
2016-11-04,8.460000,8.460000
2016-11-07,8.870000,8.870000
2016-11-08,9.660000,9.660000
2016-11-09,11.420000,11.420000
2016-11-10,12.150000,12.150000
2016-11-11,12.580000,12.580000
2016-11-14,13.830000,13.830000
2016-11-15,14.230000,14.230000
2016-11-16,12.990000,12.990000
2016-11-17,12.980000,12.980000
2016-11-18,12.830000,12.830000
2016-11-21,12.640000,12.640000
2016-11-22,12.660000,12.660000
2016-11-23,12.650000,12.650000
2016-11-25,12.990000,12.990000
2016-11-28,11.860000,11.860000
2016-11-29,12.070000,12.070000
2016-11-30,11.810000,11.810000
2016-12-01,11.230000,11.230000
2016-12-02,11.370000,11.370000
2016-12-05,11.820000,11.820000
2016-12-06,11.880000,11.880000
2016-12-07,11.310000,11.310000
2016-12-08,11.630000,11.630000
2016-12-09,11.530000,11.530000
2016-12-12,11.260000,11.260000
2016-12-13,11.010000,11.010000
2016-12-14,10.980000,10.980000
2016-12-15,11.250000,11.250000
2016-12-16,11.660000,11.660000
2016-12-19,11.340000,11.340000
2016-12-20,11.310000,11.310000
2016-12-21,10.780000,10.780000
2016-12-22,10.220000,10.220000
2016-12-23,10.560000,10.560000
2016-12-27,10.310000,10.310000
2016-12-28,9.910000,9.910000
2016-12-29,9.940000,9.940000
2016-12-30,9.880000,9.880000
2017-01-03,9.990000,9.990000
2017-01-04,10.690000,10.690000
2017-01-05,12.610000,12.610000
2017-01-06,13.380000,13.380000
2017-01-09,14.240000,14.240000
2017-01-10,12.890000,12.890000
2017-01-11,11.910000,11.910000
2017-01-12,11.860000,11.860000
2017-01-13,11.390000,11.390000
2017-01-17,10.890000,10.890000
2017-01-18,11.270000,11.270000
2017-01-19,11.080000,11.080000
2017-01-20,11.500000,11.500000
2017-01-23,11.590000,11.590000
2017-01-24,11.680000,11.680000
2017-01-25,11.780000,11.780000
2017-01-26,11.620000,11.620000
2017-01-27,11.510000,11.510000
2017-01-30,11.230000,11.230000
2017-01-31,11.550000,11.550000
2017-02-01,11.990000,11.990000
2017-02-02,11.980000,11.980000
2017-02-03,12.260000,12.260000
2017-02-06,12.290000,12.290000
2017-02-07,12.230000,12.230000
2017-02-08,12.100000,12.100000
2017-02-09,12.770000,12.770000
2017-02-10,12.470000,12.470000
2017-02-13,12.310000,12.310000
2017-02-14,12.600000,12.600000
2017-02-15,12.660000,12.660000
2017-02-16,12.560000,12.560000
2017-02-17,12.610000,12.610000
2017-02-21,12.510000,12.510000
2017-02-22,12.070000,12.070000
2017-02-23,12.040000,12.040000
2017-02-24,12.270000,12.270000
2017-02-27,12.870000,12.870000
2017-02-28,12.820000,12.820000
2017-03-01,12.900000,12.900000
2017-03-02,13.360000,13.360000
2017-03-03,13.590000,13.590000
2017-03-06,13.460000,13.460000
2017-03-07,12.840000,12.840000
2017-03-08,13.210000,13.210000
2017-03-09,13.650000,13.650000
2017-03-10,13.770000,13.770000
2017-03-13,13.510000,13.510000
2017-03-14,13.310000,13.310000
2017-03-15,13.860000,13.860000
2017-03-16,14.680000,14.680000
2017-03-17,14.540000,14.540000
2017-03-20,14.410000,14.410000
2017-03-21,13.290000,13.290000
2017-03-22,13.490000,13.490000
2017-03-23,13.460000,13.460000
2017-03-24,13.530000,13.530000
2017-03-27,14.270000,14.270000
2017-03-28,14.210000,14.210000
2017-03-29,14.290000,14.290000
2017-03-30,13.030000,13.030000
2017-03-31,12.960000,12.960000
2017-04-03,12.990000,12.990000
2017-04-04,13.080000,13.080000
2017-04-05,12.900000,12.900000
2017-04-06,12.530000,12.530000
2017-04-07,12.640000,12.640000
2017-04-10,12.670000,12.670000
2017-04-11,12.600000,12.600000
2017-04-12,12.490000,12.490000
2017-04-13,12.810000,12.810000
2017-04-17,12.900000,12.900000
2017-04-18,12.730000,12.730000
2017-04-19,12.820000,12.820000
2017-04-20,13.240000,13.240000
2017-04-21,13.290000,13.290000
2017-04-24,13.390000,13.390000
2017-04-25,13.960000,13.960000
2017-04-26,13.880000,13.880000
2017-04-27,13.990000,13.990000
2017-04-28,13.940000,13.940000
2017-05-01,14.140000,14.140000
2017-05-02,14.220000,14.220000
2017-05-03,14.220000,14.220000
2017-05-04,14.150000,14.150000
2017-05-05,13.990000,13.990000
2017-05-08,13.850000,13.850000
2017-05-09,13.840000,13.840000
2017-05-10,13.630000,13.630000
2017-05-11,13.900000,13.900000
2017-05-12,14.280000,14.280000
2017-05-15,14.290000,14.290000
2017-05-16,14.580000,14.580000
2017-05-17,13.760000,13.760000
2017-05-18,14.160000,14.160000
2017-05-19,12.910000,12.910000
2017-05-22,12.790000,12.790000
2017-05-23,12.750000,12.750000
2017-05-24,12.840000,12.840000
2017-05-25,12.600000,12.600000
2017-05-26,12.410000,12.410000
2017-05-30,12.160000,12.160000
2017-05-31,11.800000,11.800000
2017-06-01,12.240000,12.240000
2017-06-02,12.680000,12.680000
2017-06-05,12.670000,12.670000
2017-06-06,12.780000,12.780000
2017-06-07,12.710000,12.710000
2017-06-08,12.840000,12.840000
2017-06-09,12.900000,12.900000
2017-06-12,12.850000,12.850000
2017-06-13,13.200000,13.200000
2017-06-14,13.210000,13.210000
2017-06-15,13.050000,13.050000
2017-06-16,13.440000,13.440000
2017-06-19,14.170000,14.170000
2017-06-20,14.320000,14.320000
2017-06-21,14.590000,14.590000
2017-06-22,14.830000,14.830000
2017-06-23,14.890000,14.890000
2017-06-26,14.590000,14.590000
2017-06-27,13.990000,13.990000
2017-06-28,13.550000,13.550000
2017-06-29,12.980000,12.980000
2017-06-30,12.820000,12.820000
2017-07-03,12.940000,12.940000
2017-07-05,13.170000,13.170000
2017-07-06,12.860000,12.860000
2017-07-07,13.030000,13.030000
2017-07-10,12.920000,12.920000
2017-07-11,13.000000,13.000000
2017-07-12,13.020000,13.020000
2017-07-13,13.210000,13.210000
2017-07-14,13.210000,13.210000
2017-07-17,13.260000,13.260000
2017-07-18,12.970000,12.970000
2017-07-19,13.100000,13.100000
2017-07-20,13.260000,13.260000
2017-07-21,13.530000,13.530000
2017-07-24,13.630000,13.630000
2017-07-25,13.460000,13.460000
2017-07-26,13.530000,13.530000
2017-07-27,12.950000,12.950000
2017-07-28,12.910000,12.910000
2017-07-31,12.680000,12.680000
2017-08-01,12.490000,12.490000
2017-08-02,12.530000,12.530000
2017-08-03,12.820000,12.820000
2017-08-04,13.060000,13.060000
2017-08-07,13.180000,13.180000
2017-08-08,13.040000,13.040000
2017-08-09,12.650000,12.650000
2017-08-10,12.130000,12.130000
2017-08-11,11.900000,11.900000
2017-08-14,12.050000,12.050000
2017-08-15,11.900000,11.900000
2017-08-16,11.920000,11.920000
2017-08-17,11.760000,11.760000
2017-08-18,11.880000,11.880000
2017-08-21,11.900000,11.900000
2017-08-22,12.100000,12.100000
2017-08-23,12.160000,12.160000
2017-08-24,12.600000,12.600000
2017-08-25,12.290000,12.290000
2017-08-28,12.600000,12.600000
2017-08-29,12.730000,12.730000
2017-08-30,12.740000,12.740000
2017-08-31,13.010000,13.010000
2017-09-01,12.980000,12.980000
2017-09-05,12.910000,12.910000
2017-09-06,12.970000,12.970000
2017-09-07,13.090000,13.090000
2017-09-08,13.110000,13.110000
2017-09-11,13.100000,13.100000
2017-09-12,13.060000,13.060000
2017-09-13,13.180000,13.180000
2017-09-14,15.980000,15.980000
2017-09-15,16.250000,16.250000
2017-09-18,16.720000,16.720000
2017-09-19,16.420000,16.420000
2017-09-20,16.680000,16.680000
2017-09-21,16.600000,16.600000
2017-09-22,16.780000,16.780000
2017-09-25,16.840000,16.840000
2017-09-26,16.570000,16.570000
2017-09-27,17.230000,17.230000
2017-09-28,17.400000,17.400000
2017-09-29,17.370000,17.370000
2017-10-02,17.740000,17.740000
2017-10-03,17.490000,17.490000
2017-10-04,17.460000,17.460000
2017-10-05,17.390000,17.390000
2017-10-06,17.160000,17.160000
2017-10-09,16.750000,16.750000
2017-10-10,16.910000,16.910000
2017-10-11,17.090000,17.090000
2017-10-12,17.780000,17.780000
2017-10-13,17.470000,17.470000
2017-10-16,17.860000,17.860000
2017-10-17,17.740000,17.740000
2017-10-18,17.720000,17.720000
2017-10-19,17.770000,17.770000
2017-10-20,17.820000,17.820000
2017-10-23,17.550000,17.550000
2017-10-24,17.480000,17.480000
2017-10-25,16.820000,16.820000
2017-10-26,17.010000,17.010000
2017-10-27,17.190000,17.190000
2017-10-30,17.590000,17.590000
2017-10-31,17.730000,17.730000
2017-11-01,16.930000,16.930000
2017-11-02,16.790000,16.790000
2017-11-03,16.750000,16.750000
2017-11-06,17.010000,17.010000
2017-11-07,16.840000,16.840000
2017-11-08,19.090000,19.090000
2017-11-09,18.610000,18.610000
2017-11-10,18.180000,18.180000
2017-11-13,18.390000,18.390000
2017-11-14,18.560000,18.560000
2017-11-15,18.250000,18.250000
2017-11-16,18.490000,18.490000
2017-11-17,18.280000,18.280000
2017-11-20,18.700000,18.700000
2017-11-21,19.200000,19.200000
2017-11-22,18.240000,18.240000
2017-11-24,18.860000,18.860000
2017-11-27,18.740000,18.740000
2017-11-28,18.800000,18.800000
2017-11-29,18.580000,18.580000
2017-11-30,18.670000,18.670000
2017-12-01,18.450000,18.450000
2017-12-04,18.050000,18.050000
2017-12-05,18.160000,18.160000
2017-12-06,18.140000,18.140000
2017-12-07,18.970000,18.970000
2017-12-08,19.610000,19.610000
2017-12-11,19.490000,19.490000
2017-12-12,19.570000,19.570000
2017-12-13,20.800000,20.800000
2017-12-14,20.540000,20.540000
2017-12-15,19.690000,19.690000
2017-12-18,19.680000,19.680000
2017-12-19,19.660000,19.660000
2017-12-20,19.810000,19.810000
2017-12-21,20.070000,20.070000
2017-12-22,20.080000,20.080000
2017-12-26,20.260000,20.260000
2017-12-27,20.730000,20.730000
2017-12-28,20.710000,20.710000
2017-12-29,20.260000,20.260000
2018-01-02,20.200000,20.200000
2018-01-03,20.510000,20.510000
2018-01-04,20.100000,20.100000
2018-01-05,19.460000,19.460000
2018-01-08,18.720000,18.720000
2018-01-09,18.660000,18.660000
2018-01-10,19.740000,19.740000
2018-01-11,20.060000,20.060000
2018-01-12,20.360000,20.360000
2018-01-16,19.740000,19.740000
2018-01-17,17.980000,17.980000
2018-01-18,17.850000,17.850000
2018-01-19,17.980000,17.980000
2018-01-22,18.950000,18.950000
2018-01-23,19.680000,19.680000
2018-01-24,18.800000,18.800000
2018-01-25,18.920000,18.920000
2018-01-26,18.940000,18.940000
2018-01-29,19.350000,19.350000
2018-01-30,19.220000,19.220000
2018-01-31,18.680000,18.680000
2018-02-01,18.840000,18.840000
2018-02-02,18.370000,18.370000
2018-02-05,17.760000,17.760000
2018-02-06,18.250000,18.250000
2018-02-07,18.240000,18.240000
2018-02-08,17.060000,17.060000
2018-02-09,17.170000,17.170000
2018-02-12,17.840000,17.840000
2018-02-13,17.840000,17.840000
2018-02-14,18.410000,18.410000
2018-02-15,18.660000,18.660000
2018-02-16,18.540000,18.540000
2018-02-20,18.480000,18.480000
2018-02-21,19.240000,19.240000
2018-02-22,19.280000,19.280000
2018-02-23,19.870000,19.870000
2018-02-26,20.020000,20.020000
2018-02-27,19.900000,19.900000
2018-02-28,19.660000,19.660000
2018-03-01,19.810000,19.810000
2018-03-02,19.900000,19.900000
2018-03-05,19.800000,19.800000
2018-03-06,20.110000,20.110000
2018-03-07,20.070000,20.070000
2018-03-08,20.530000,20.530000
2018-03-09,20.620000,20.620000
2018-03-12,20.880000,20.880000
2018-03-13,20.940000,20.940000
2018-03-14,21.050000,21.050000
2018-03-15,20.910000,20.910000
2018-03-16,20.620000,20.620000
2018-03-19,20.820000,20.820000
2018-03-20,21.200000,21.200000
2018-03-21,20.940000,20.940000
2018-03-22,20.380000,20.380000
2018-03-23,18.590000,18.590000
2018-03-26,19.430000,19.430000
2018-03-27,18.850000,18.850000
2018-03-28,18.940000,18.940000
2018-03-29,19.590000,19.590000
2018-04-02,18.810000,18.810000
2018-04-03,19.110000,19.110000
2018-04-04,19.810000,19.810000
2018-04-05,19.490000,19.490000
2018-04-06,18.940000,18.940000
2018-04-09,19.100000,19.100000
2018-04-10,19.610000,19.610000
2018-04-11,19.520000,19.520000
2018-04-12,19.600000,19.600000
2018-04-13,19.370000,19.370000
2018-04-16,19.270000,19.270000
2018-04-17,19.820000,19.820000
2018-04-18,19.570000,19.570000
2018-04-19,19.160000,19.160000
2018-04-20,18.860000,18.860000
2018-04-23,18.860000,18.860000
2018-04-24,18.600000,18.600000
2018-04-25,18.660000,18.660000
2018-04-26,19.080000,19.080000
2018-04-27,19.470000,19.470000
2018-04-30,18.930000,18.930000
2018-05-01,19.590000,19.590000
2018-05-02,19.300000,19.300000
2018-05-03,19.400000,19.400000
2018-05-04,19.280000,19.280000
2018-05-07,19.840000,19.840000
2018-05-08,19.960000,19.960000
2018-05-09,20.300000,20.300000
2018-05-10,19.970000,19.970000
2018-05-11,18.830000,18.830000
2018-05-14,19.870000,19.870000
2018-05-15,19.690000,19.690000
2018-05-16,18.620000,18.620000
2018-05-17,18.290000,18.290000
2018-05-18,18.600000,18.600000
2018-05-21,18.260000,18.260000
2018-05-22,18.240000,18.240000
2018-05-23,18.760000,18.760000
2018-05-24,18.360000,18.360000
2018-05-25,18.400000,18.400000
2018-05-29,18.130000,18.130000
2018-05-30,18.640000,18.640000
2018-05-31,18.400000,18.400000
2018-06-01,18.590000,18.590000
2018-06-04,18.290000,18.290000
2018-06-05,18.690000,18.690000
2018-06-06,18.890000,18.890000
2018-06-07,18.630000,18.630000
2018-06-08,18.830000,18.830000
2018-06-11,18.930000,18.930000
2018-06-12,19.000000,19.000000
2018-06-13,19.110000,19.110000
2018-06-14,19.000000,19.000000
2018-06-15,19.020000,19.020000
2018-06-18,18.910000,18.910000
2018-06-19,19.170000,19.170000
2018-06-20,19.470000,19.470000
2018-06-21,18.590000,18.590000
2018-06-22,18.090000,18.090000
2018-06-25,17.610000,17.610000
2018-06-26,17.990000,17.990000
2018-06-27,16.990000,16.990000
2018-06-28,17.030000,17.030000
2018-06-29,16.870000,16.870000
2018-07-02,16.780000,16.780000
2018-07-03,17.090000,17.090000
2018-07-05,17.120000,17.120000
2018-07-06,17.250000,17.250000
2018-07-09,17.210000,17.210000
2018-07-10,17.200000,17.200000
2018-07-11,17.200000,17.200000
2018-07-12,17.560000,17.560000
2018-07-13,17.270000,17.270000
2018-07-16,17.200000,17.200000
2018-07-17,17.370000,17.370000
2018-07-18,17.510000,17.510000
2018-07-19,18.000000,18.000000
2018-07-20,18.140000,18.140000
2018-07-23,18.280000,18.280000
2018-07-24,17.950000,17.950000
2018-07-25,17.280000,17.280000
2018-07-26,17.250000,17.250000
2018-07-27,16.940000,16.940000
2018-07-30,17.220000,17.220000
2018-07-31,18.100000,18.100000
2018-08-01,17.570000,17.570000
2018-08-02,17.170000,17.170000
2018-08-03,17.120000,17.120000
2018-08-06,17.440000,17.440000
2018-08-07,17.620000,17.620000
2018-08-08,17.490000,17.490000
2018-08-09,17.350000,17.350000
2018-08-10,16.990000,16.990000
2018-08-13,17.250000,17.250000
2018-08-14,17.440000,17.440000
2018-08-15,17.180000,17.180000
2018-08-16,17.100000,17.100000
2018-08-17,17.170000,17.170000
2018-08-20,17.050000,17.050000
2018-08-21,17.220000,17.220000
2018-08-22,17.650000,17.650000
2018-08-23,18.300000,18.300000
2018-08-24,17.970000,17.970000
2018-08-27,18.150000,18.150000
2018-08-28,18.060000,18.060000
2018-08-29,18.330000,18.330000
2018-08-30,18.270000,18.270000
2018-08-31,18.410000,18.410000
2018-09-04,18.160000,18.160000
2018-09-05,18.260000,18.260000
2018-09-06,17.880000,17.880000
2018-09-07,17.300000,17.300000
2018-09-10,17.350000,17.350000
2018-09-11,17.270000,17.270000
2018-09-12,17.270000,17.270000
2018-09-13,17.210000,17.210000
2018-09-14,17.140000,17.140000
2018-09-17,16.680000,16.680000
2018-09-18,17.180000,17.180000
2018-09-19,17.050000,17.050000
2018-09-20,17.260000,17.260000
2018-09-21,17.530000,17.530000
2018-09-24,17.900000,17.900000
2018-09-25,17.850000,17.850000
2018-09-26,17.920000,17.920000
2018-09-27,17.980000,17.980000
2018-09-28,18.170000,18.170000
2018-10-01,18.550000,18.550000
2018-10-02,18.260000,18.260000
2018-10-03,18.660000,18.660000
2018-10-04,18.350000,18.350000
2018-10-05,18.320000,18.320000
2018-10-08,17.540000,17.540000
2018-10-09,17.730000,17.730000
2018-10-10,17.100000,17.100000
2018-10-11,16.810000,16.810000
2018-10-12,17.100000,17.100000
2018-10-15,17.210000,17.210000
2018-10-16,18.050000,18.050000
2018-10-17,17.930000,17.930000
2018-10-18,17.590000,17.590000
2018-10-19,16.360000,16.360000
2018-10-22,15.680000,15.680000
2018-10-23,15.780000,15.780000
2018-10-24,14.330000,14.330000
2018-10-25,15.200000,15.200000
2018-10-26,15.730000,15.730000
2018-10-29,15.200000,15.200000
2018-10-30,15.400000,15.400000
2018-10-31,15.530000,15.530000
2018-11-01,16.320000,16.320000
2018-11-02,16.030000,16.030000
2018-11-05,15.800000,15.800000
2018-11-06,15.800000,15.800000
2018-11-07,15.910000,15.910000
2018-11-08,16.250000,16.250000
2018-11-09,15.890000,15.890000
2018-11-12,15.100000,15.100000
2018-11-13,15.480000,15.480000
2018-11-14,15.320000,15.320000
2018-11-15,16.200000,16.200000
2018-11-16,16.130000,16.130000
2018-11-19,15.580000,15.580000
2018-11-20,15.620000,15.620000
2018-11-21,16.260000,16.260000
2018-11-23,16.070000,16.070000
2018-11-26,16.710000,16.710000
2018-11-27,15.470000,15.470000
2018-11-28,15.930000,15.930000
2018-11-29,15.860000,15.860000
2018-11-30,16.510000,16.510000
2018-12-03,16.580000,16.580000
2018-12-04,15.400000,15.400000
2018-12-06,15.540000,15.540000
2018-12-07,15.120000,15.120000
2018-12-10,15.520000,15.520000
2018-12-11,15.460000,15.460000
2018-12-12,15.700000,15.700000
2018-12-13,15.250000,15.250000
2018-12-14,15.170000,15.170000
2018-12-17,15.000000,15.000000
2018-12-18,14.460000,14.460000
2018-12-19,14.240000,14.240000
2018-12-20,14.130000,14.130000
2018-12-21,13.890000,13.890000
2018-12-24,13.330000,13.330000
2018-12-26,14.330000,14.330000
2018-12-27,14.360000,14.360000
2018-12-28,14.280000,14.280000
2018-12-31,14.630000,14.630000
2019-01-02,14.800000,14.800000
2019-01-03,13.940000,13.940000
2019-01-04,14.720000,14.720000
2019-01-07,15.030000,15.030000
2019-01-08,15.330000,15.330000
2019-01-09,15.140000,15.140000
2019-01-10,15.930000,15.930000
2019-01-11,16.250000,16.250000
2019-01-14,15.620000,15.620000
2019-01-15,16.000000,16.000000
2019-01-16,15.840000,15.840000
2019-01-17,16.300000,16.300000
2019-01-18,16.430000,16.430000
2019-01-22,15.910000,15.910000
2019-01-23,15.730000,15.730000
2019-01-24,16.130000,16.130000
2019-01-25,16.570000,16.570000
2019-01-28,15.680000,15.680000
2019-01-29,15.960000,15.960000
2019-01-30,16.000000,16.000000
2019-01-31,16.180000,16.180000
2019-02-01,16.120000,16.120000
2019-02-04,16.620000,16.620000
2019-02-05,16.950000,16.950000
2019-02-06,16.730000,16.730000
2019-02-07,16.250000,16.250000
2019-02-08,16.340000,16.340000
2019-02-11,16.380000,16.380000
2019-02-12,16.650000,16.650000
2019-02-13,16.600000,16.600000
2019-02-14,16.540000,16.540000
2019-02-15,17.040000,17.040000
2019-02-19,16.820000,16.820000
2019-02-20,16.870000,16.870000
2019-02-21,16.610000,16.610000
2019-02-22,16.810000,16.810000
2019-02-25,17.470000,17.470000
2019-02-26,17.180000,17.180000
2019-02-27,17.460000,17.460000
2019-02-28,17.250000,17.250000
2019-03-01,17.580000,17.580000
2019-03-04,17.220000,17.220000
2019-03-05,17.040000,17.040000
2019-03-06,16.060000,16.060000
2019-03-07,15.630000,15.630000
2019-03-08,15.760000,15.760000
2019-03-11,15.900000,15.900000
2019-03-12,15.920000,15.920000
2019-03-13,16.190000,16.190000
2019-03-14,15.870000,15.870000
2019-03-15,16.080000,16.080000
2019-03-18,16.520000,16.520000
2019-03-19,16.740000,16.740000
2019-03-20,16.540000,16.540000
2019-03-21,16.500000,16.500000
2019-03-22,15.490000,15.490000
2019-03-25,15.700000,15.700000
2019-03-26,15.840000,15.840000
2019-03-27,15.550000,15.550000
2019-03-28,15.990000,15.990000
2019-03-29,16.100000,16.100000
2019-04-01,16.180000,16.180000
2019-04-02,16.740000,16.740000
2019-04-03,17.260000,17.260000
2019-04-04,16.910000,16.910000
2019-04-05,17.200000,17.200000
2019-04-08,17.210000,17.210000
2019-04-09,16.850000,16.850000
2019-04-10,17.160000,17.160000
2019-04-11,16.730000,16.730000
2019-04-12,16.540000,16.540000
2019-04-15,16.660000,16.660000
2019-04-16,16.620000,16.620000
2019-04-17,16.360000,16.360000
2019-04-18,15.970000,15.970000
2019-04-22,16.090000,16.090000
2019-04-23,16.400000,16.400000
2019-04-24,16.170000,16.170000
2019-04-25,16.210000,16.210000
2019-04-26,16.220000,16.220000
2019-04-29,16.380000,16.380000
2019-04-30,16.130000,16.130000
2019-05-01,16.170000,16.170000
2019-05-02,16.430000,16.430000
2019-05-03,17.080000,17.080000
2019-05-06,17.230000,17.230000
2019-05-07,17.040000,17.040000
2019-05-08,16.700000,16.700000
2019-05-09,16.330000,16.330000
2019-05-10,16.220000,16.220000
2019-05-13,15.540000,15.540000
2019-05-14,15.830000,15.830000
2019-05-15,15.790000,15.790000
2019-05-16,15.920000,15.920000
2019-05-17,15.610000,15.610000
2019-05-20,15.230000,15.230000
2019-05-21,15.610000,15.610000
2019-05-22,15.420000,15.420000
2019-05-23,15.390000,15.390000
2019-05-24,15.410000,15.410000
2019-05-28,15.040000,15.040000
2019-05-29,14.890000,14.890000
2019-05-30,15.060000,15.060000
2019-05-31,14.750000,14.750000
2019-06-03,15.170000,15.170000
2019-06-04,15.620000,15.620000
2019-06-05,15.390000,15.390000
2019-06-06,15.350000,15.350000
2019-06-07,15.510000,15.510000
2019-06-10,15.470000,15.470000
2019-06-11,15.420000,15.420000
2019-06-12,15.460000,15.460000
2019-06-13,15.840000,15.840000
2019-06-14,15.730000,15.730000
2019-06-17,16.160000,16.160000
2019-06-18,16.460000,16.460000
2019-06-19,16.630000,16.630000
2019-06-20,16.510000,16.510000
2019-06-21,16.430000,16.430000
2019-06-24,16.110000,16.110000
2019-06-25,16.280000,16.280000
2019-06-26,16.320000,16.320000
2019-06-27,16.850000,16.850000
2019-06-28,17.180000,17.180000
2019-07-01,17.570000,17.570000
2019-07-02,17.380000,17.380000
2019-07-03,17.690000,17.690000
2019-07-05,17.330000,17.330000
2019-07-08,17.070000,17.070000
2019-07-09,17.270000,17.270000
2019-07-10,17.180000,17.180000
2019-07-11,16.750000,16.750000
2019-07-12,16.580000,16.580000
2019-07-15,16.910000,16.910000
2019-07-16,16.960000,16.960000
2019-07-17,16.760000,16.760000
2019-07-18,16.790000,16.790000
2019-07-19,16.290000,16.290000
2019-07-22,16.460000,16.460000
2019-07-23,16.570000,16.570000
2019-07-24,16.670000,16.670000
2019-07-25,16.530000,16.530000
2019-07-26,16.790000,16.790000
2019-07-29,16.960000,16.960000
2019-07-30,17.040000,17.040000
2019-07-31,16.990000,16.990000
2019-08-01,17.100000,17.100000
2019-08-02,17.080000,17.080000
2019-08-05,16.900000,16.900000
2019-08-06,17.150000,17.150000
2019-08-07,16.750000,16.750000
2019-08-08,16.100000,16.100000
2019-08-09,16.030000,16.030000
2019-08-12,15.830000,15.830000
2019-08-13,16.220000,16.220000
2019-08-14,15.820000,15.820000
2019-08-15,15.850000,15.850000
2019-08-16,16.280000,16.280000
2019-08-19,16.680000,16.680000
2019-08-20,16.470000,16.470000
2019-08-21,16.770000,16.770000
2019-08-22,16.480000,16.480000
2019-08-23,16.010000,16.010000
2019-08-26,15.920000,15.920000
2019-08-27,15.810000,15.810000
2019-08-28,16.090000,16.090000
2019-08-29,16.450000,16.450000
2019-08-30,16.520000,16.520000
2019-09-03,16.170000,16.170000
2019-09-04,15.620000,15.620000
2019-09-05,16.000000,16.000000
2019-09-06,15.930000,15.930000
2019-09-09,15.870000,15.870000
2019-09-10,16.490000,16.490000
2019-09-11,16.520000,16.520000
2019-09-12,16.490000,16.490000
2019-09-13,16.280000,16.280000
2019-09-16,16.350000,16.350000
2019-09-17,16.510000,16.510000
2019-09-18,16.420000,16.420000
2019-09-19,16.290000,16.290000
2019-09-20,16.370000,16.370000
2019-09-23,16.350000,16.350000
2019-09-24,15.820000,15.820000
2019-09-25,15.860000,15.860000
2019-09-26,15.260000,15.260000
2019-09-27,15.200000,15.200000
2019-09-30,15.510000,15.510000
2019-10-01,15.460000,15.460000
2019-10-02,15.410000,15.410000
2019-10-03,15.780000,15.780000
2019-10-04,15.710000,15.710000
2019-10-07,15.570000,15.570000
2019-10-08,15.510000,15.510000
2019-10-09,15.570000,15.570000
2019-10-10,15.640000,15.640000
2019-10-11,16.050000,16.050000
2019-10-14,15.700000,15.700000
2019-10-15,15.890000,15.890000
2019-10-16,15.740000,15.740000
2019-10-17,15.800000,15.800000
2019-10-18,15.260000,15.260000
2019-10-21,15.340000,15.340000
2019-10-22,15.360000,15.360000
2019-10-23,15.170000,15.170000
2019-10-24,14.930000,14.930000
2019-10-25,15.110000,15.110000
2019-10-28,15.450000,15.450000
2019-10-29,15.340000,15.340000
2019-10-30,15.390000,15.390000
2019-10-31,15.320000,15.320000
2019-11-01,15.550000,15.550000
2019-11-04,15.450000,15.450000
2019-11-05,17.060000,17.060000
2019-11-06,17.020000,17.020000
2019-11-07,16.750000,16.750000
2019-11-08,16.870000,16.870000
2019-11-11,16.600000,16.600000
2019-11-12,16.770000,16.770000
2019-11-13,17.670000,17.670000
2019-11-14,18.490000,18.490000
2019-11-15,18.910000,18.910000
2019-11-18,18.890000,18.890000
2019-11-19,19.150000,19.150000
2019-11-20,19.090000,19.090000
2019-11-21,18.970000,18.970000
2019-11-22,19.170000,19.170000
2019-11-25,19.480000,19.480000
2019-11-26,19.530000,19.530000
2019-11-27,19.430000,19.430000
2019-11-29,19.390000,19.390000
2019-12-02,18.790000,18.790000
2019-12-03,18.690000,18.690000
2019-12-04,19.470000,19.470000
2019-12-05,19.060000,19.060000
2019-12-06,19.160000,19.160000
2019-12-09,19.030000,19.030000
2019-12-10,19.210000,19.210000
2019-12-11,18.740000,18.740000
2019-12-12,18.720000,18.720000
2019-12-13,18.980000,18.980000
2019-12-16,19.080000,19.080000
2019-12-17,18.940000,18.940000
2019-12-18,18.540000,18.540000
2019-12-19,18.350000,18.350000
2019-12-20,18.180000,18.180000
2019-12-23,18.480000,18.480000
2019-12-24,18.400000,18.400000
2019-12-26,18.290000,18.290000
2019-12-27,17.980000,17.980000
2019-12-30,17.830000,17.830000
2019-12-31,17.730000,17.730000
2020-01-02,18.100000,18.100000
2020-01-03,17.730000,17.730000
2020-01-06,18.050000,18.050000
2020-01-07,17.820000,17.820000
2020-01-08,18.450000,18.450000
2020-01-09,19.250000,19.250000
2020-01-10,18.990000,18.990000
2020-01-13,18.770000,18.770000
2020-01-14,19.880000,19.880000
2020-01-15,20.230000,20.230000
2020-01-16,20.130000,20.130000
2020-01-17,19.970000,19.970000
2020-01-21,19.610000,19.610000
2020-01-22,19.550000,19.550000
2020-01-23,19.670000,19.670000
2020-01-24,19.070000,19.070000
2020-01-27,19.170000,19.170000
2020-01-28,19.420000,19.420000
2020-01-29,19.500000,19.500000
2020-01-30,19.430000,19.430000
2020-01-31,18.980000,18.980000
2020-02-03,19.210000,19.210000
2020-02-04,19.300000,19.300000
2020-02-05,19.970000,19.970000
2020-02-06,19.840000,19.840000
2020-02-07,19.700000,19.700000
2020-02-10,19.980000,19.980000
2020-02-11,19.830000,19.830000
2020-02-12,20.000000,20.000000
2020-02-13,20.270000,20.270000
2020-02-14,21.100000,21.100000
2020-02-18,21.120000,21.120000
2020-02-19,21.170000,21.170000
2020-02-20,21.490000,21.490000
2020-02-21,21.830000,21.830000
2020-02-24,21.430000,21.430000
2020-02-25,20.800000,20.800000
2020-02-26,21.170000,21.170000
2020-02-27,20.270000,20.270000
2020-02-28,19.570000,19.570000
2020-03-02,20.550000,20.550000
2020-03-03,19.990000,19.990000
2020-03-04,20.350000,20.350000
2020-03-05,20.030000,20.030000
2020-03-06,19.490000,19.490000
2020-03-09,18.510000,18.510000
2020-03-10,19.430000,19.430000
2020-03-11,18.220000,18.220000
2020-03-12,16.450000,16.450000
2020-03-13,17.260000,17.260000
2020-03-16,15.360000,15.360000
2020-03-17,15.020000,15.020000
2020-03-18,13.900000,13.900000
2020-03-19,14.900000,14.900000
2020-03-20,15.570000,15.570000
2020-03-23,16.820000,16.820000
2020-03-24,16.610000,16.610000
2020-03-25,16.950000,16.950000
2020-03-26,17.910000,17.910000
2020-03-27,17.500000,17.500000
2020-03-30,18.180000,18.180000
2020-03-31,17.990000,17.990000
2020-04-01,16.320000,16.320000
2020-04-02,16.870000,16.870000
2020-04-03,16.250000,16.250000
2020-04-06,17.260000,17.260000
2020-04-07,16.670000,16.670000
2020-04-08,17.690000,17.690000
2020-04-09,17.980000,17.980000
2020-04-13,18.020000,18.020000
2020-04-14,18.510000,18.510000
2020-04-15,17.760000,17.760000
2020-04-16,18.590000,18.590000
2020-04-17,19.030000,19.030000
2020-04-20,19.800000,19.800000
2020-04-21,19.640000,19.640000
2020-04-22,21.190000,21.190000
2020-04-23,22.090000,22.090000
2020-04-24,23.420000,23.420000
2020-04-27,23.320000,23.320000
2020-04-28,23.240000,23.240000
2020-04-29,23.240000,23.240000
2020-04-30,22.660000,22.660000
2020-05-01,23.170000,23.170000
2020-05-04,23.850000,23.850000
2020-05-05,23.870000,23.870000
2020-05-06,23.670000,23.670000
2020-05-07,23.360000,23.360000
2020-05-08,23.610000,23.610000
2020-05-11,24.820000,24.820000
2020-05-12,23.650000,23.650000
2020-05-13,24.140000,24.140000
2020-05-14,23.780000,23.780000
2020-05-15,24.250000,24.250000
2020-05-18,24.050000,24.050000
2020-05-19,23.490000,23.490000
2020-05-20,24.000000,24.000000
2020-05-21,24.440000,24.440000
2020-05-22,24.600000,24.600000
2020-05-26,24.310000,24.310000
2020-05-27,23.970000,23.970000
2020-05-28,23.460000,23.460000
2020-05-29,24.270000,24.270000
2020-06-01,24.190000,24.190000
2020-06-02,24.270000,24.270000
2020-06-03,23.600000,23.600000
2020-06-04,23.260000,23.260000
2020-06-05,23.600000,23.600000
2020-06-08,23.930000,23.930000
2020-06-09,23.890000,23.890000
2020-06-10,23.280000,23.280000
2020-06-11,23.020000,23.020000
2020-06-12,22.820000,22.820000
2020-06-15,23.150000,23.150000
2020-06-16,23.510000,23.510000
2020-06-17,23.490000,23.490000
2020-06-18,23.540000,23.540000
2020-06-19,24.440000,24.440000
2020-06-22,25.640000,25.640000
2020-06-23,25.620000,25.620000
2020-06-24,24.730000,24.730000
2020-06-25,25.540000,25.540000
2020-06-26,24.780000,24.780000
2020-06-29,25.820000,25.820000
2020-06-30,26.810000,26.810000
2020-07-01,27.400000,27.400000
2020-07-02,28.510000,28.510000
2020-07-06,27.990000,27.990000
2020-07-07,27.790000,27.790000
2020-07-08,28.510000,28.510000
2020-07-09,28.000000,28.000000
2020-07-10,27.900000,27.900000
2020-07-13,27.120000,27.120000
2020-07-14,28.370000,28.370000
2020-07-15,29.040000,29.040000
2020-07-16,28.370000,28.370000
2020-07-17,28.610000,28.610000
2020-07-20,28.920000,28.920000
2020-07-21,28.240000,28.240000
2020-07-22,27.800000,27.800000
2020-07-23,27.220000,27.220000
2020-07-24,27.170000,27.170000
2020-07-27,28.010000,28.010000
2020-07-28,27.170000,27.170000
2020-07-29,26.660000,26.660000
2020-07-30,27.500000,27.500000
2020-07-31,27.190000,27.190000
2020-08-03,28.350000,28.350000
2020-08-04,28.610000,28.610000
2020-08-05,29.020000,29.020000
2020-08-06,29.270000,29.270000
2020-08-07,28.970000,28.970000
2020-08-10,28.640000,28.640000
2020-08-11,28.200000,28.200000
2020-08-12,28.560000,28.560000
2020-08-13,29.630000,29.630000
2020-08-14,27.890000,27.890000
2020-08-17,28.070000,28.070000
2020-08-18,28.190000,28.190000
2020-08-19,28.340000,28.340000
2020-08-20,28.500000,28.500000
2020-08-21,28.150000,28.150000
2020-08-24,27.930000,27.930000
2020-08-25,28.280000,28.280000
2020-08-26,28.040000,28.040000
2020-08-27,27.800000,27.800000
2020-08-28,28.440000,28.440000
2020-08-31,29.000000,29.000000
2020-09-01,28.770000,28.770000
2020-09-02,28.510000,28.510000
2020-09-03,27.540000,27.540000
2020-09-04,27.700000,27.700000
2020-09-08,27.750000,27.750000
2020-09-09,28.040000,28.040000
2020-09-10,26.950000,26.950000
2020-09-11,27.050000,27.050000
2020-09-14,27.690000,27.690000
2020-09-15,27.530000,27.530000
2020-09-16,27.960000,27.960000
2020-09-17,28.030000,28.030000
2020-09-18,27.740000,27.740000
2020-09-21,26.590000,26.590000
2020-09-22,26.610000,26.610000
2020-09-23,25.880000,25.880000
2020-09-24,25.740000,25.740000
2020-09-25,26.060000,26.060000
2020-09-28,25.930000,25.930000
2020-09-29,26.510000,26.510000
2020-09-30,26.280000,26.280000
2020-10-01,26.550000,26.550000
2020-10-02,25.810000,25.810000
2020-10-05,26.640000,26.640000
2020-10-06,26.500000,26.500000
2020-10-07,27.560000,27.560000
2020-10-08,27.860000,27.860000
2020-10-09,28.550000,28.550000
2020-10-12,28.510000,28.510000
2020-10-13,28.270000,28.270000
2020-10-14,28.590000,28.590000
2020-10-15,28.620000,28.620000
2020-10-16,28.760000,28.760000
2020-10-19,29.460000,29.460000
2020-10-20,30.220000,30.220000
2020-10-21,30.060000,30.060000
2020-10-22,31.090000,31.090000
2020-10-23,31.100000,31.100000
2020-10-26,30.830000,30.830000
2020-10-27,29.790000,29.790000
2020-10-28,28.930000,28.930000
2020-10-29,28.890000,28.890000
2020-10-30,28.000000,28.000000
2020-11-02,28.400000,28.400000
2020-11-03,31.620000,31.620000
2020-11-04,32.920000,32.920000
2020-11-05,32.920000,32.920000
2020-11-06,37.690000,37.690000
2020-11-09,37.370000,37.370000
2020-11-10,38.300000,38.300000
2020-11-11,37.750000,37.750000
2020-11-12,38.730000,38.730000
2020-11-13,38.850000,38.850000
2020-11-16,38.840000,38.840000
2020-11-17,40.780000,40.780000
2020-11-18,39.010000,39.010000
2020-11-19,38.570000,38.570000
2020-11-20,39.450000,39.450000
2020-11-23,40.020000,40.020000
2020-11-24,40.690000,40.690000
2020-11-25,41.140000,41.140000
2020-11-27,40.230000,40.230000
2020-11-30,39.100000,39.100000
2020-12-01,40.610000,40.610000
2020-12-02,40.660000,40.660000
2020-12-03,39.230000,39.230000
2020-12-04,40.120000,40.120000
2020-12-07,40.440000,40.440000
2020-12-08,42.580000,42.580000
2020-12-09,39.510000,39.510000
2020-12-10,40.750000,40.750000
2020-12-11,41.050000,41.050000
2020-12-14,41.850000,41.850000
2020-12-15,42.200000,42.200000
2020-12-16,41.110000,41.110000
2020-12-17,42.530000,42.530000
2020-12-18,42.910000,42.910000
2020-12-21,43.620000,43.620000
2020-12-22,43.210000,43.210000
2020-12-23,42.650000,42.650000
2020-12-24,42.910000,42.910000
2020-12-28,42.100000,42.100000
2020-12-29,42.190000,42.190000
2020-12-30,42.590000,42.590000
2020-12-31,42.710000,42.710000
2021-01-04,42.410000,42.410000
2021-01-05,41.910000,41.910000
2021-01-06,43.500000,43.500000
2021-01-07,44.860000,44.860000
2021-01-08,43.570000,43.570000
2021-01-11,42.750000,42.750000
2021-01-12,43.330000,43.330000
2021-01-13,45.130000,45.130000
2021-01-14,47.050000,47.050000
2021-01-15,47.430000,47.430000
2021-01-19,48.270000,48.270000
2021-01-20,47.670000,47.670000
2021-01-21,47.500000,47.500000
2021-01-22,49.500000,49.500000
2021-01-25,48.800000,48.800000
2021-01-26,48.650000,48.650000
2021-01-27,47.040000,47.040000
2021-01-28,47.910000,47.910000
2021-01-29,47.590000,47.590000
2021-02-01,47.660000,47.660000
2021-02-02,49.440000,49.440000
2021-02-03,47.670000,47.670000
2021-02-04,48.230000,48.230000
2021-02-05,48.920000,48.920000
2021-02-08,50.400000,50.400000
2021-02-09,50.140000,50.140000
2021-02-10,50.600000,50.600000
2021-02-11,49.740000,49.740000
2021-02-12,49.840000,49.840000
2021-02-16,49.090000,49.090000
2021-02-17,49.250000,49.250000
2021-02-18,48.090000,48.090000
2021-02-19,49.680000,49.680000
2021-02-22,48.690000,48.690000
2021-02-23,47.210000,47.210000
2021-02-24,51.450000,51.450000
2021-02-25,47.310000,47.310000
2021-02-26,45.250000,45.250000
2021-03-01,46.470000,46.470000
2021-03-02,45.010000,45.010000
2021-03-03,41.930000,41.930000
2021-03-04,40.410000,40.410000
2021-03-05,40.910000,40.910000
2021-03-08,39.510000,39.510000
2021-03-09,41.860000,41.860000
2021-03-10,42.820000,42.820000
2021-03-11,44.040000,44.040000
2021-03-12,44.370000,44.370000
2021-03-15,43.570000,43.570000
2021-03-16,44.350000,44.350000
2021-03-17,44.410000,44.410000
2021-03-18,42.810000,42.810000
2021-03-19,44.130000,44.130000
2021-03-22,44.150000,44.150000
2021-03-23,43.090000,43.090000
2021-03-24,41.510000,41.510000
2021-03-25,41.300000,41.300000
2021-03-26,41.410000,41.410000
2021-03-29,40.450000,40.450000
2021-03-30,41.090000,41.090000
2021-03-31,41.690000,41.690000
2021-04-01,42.430000,42.430000
2021-04-05,42.930000,42.930000
2021-04-06,42.560000,42.560000
2021-04-07,42.350000,42.350000
2021-04-08,42.200000,42.200000
2021-04-09,42.770000,42.770000
2021-04-12,42.950000,42.950000
2021-04-13,44.480000,44.480000
2021-04-14,45.950000,45.950000
2021-04-15,46.200000,46.200000
2021-04-16,46.410000,46.410000
2021-04-19,47.560000,47.560000
2021-04-20,46.830000,46.830000
2021-04-21,48.840000,48.840000
2021-04-22,49.300000,49.300000
2021-04-23,50.460000,50.460000
2021-04-26,50.480000,50.480000
2021-04-27,51.110000,51.110000
2021-04-28,51.020000,51.020000
2021-04-29,51.310000,51.310000
2021-04-30,49.950000,49.950000
2021-05-03,49.280000,49.280000
2021-05-04,48.470000,48.470000
2021-05-05,47.810000,47.810000
2021-05-06,47.690000,47.690000
2021-05-07,47.570000,47.570000
2021-05-10,46.100000,46.100000
2021-05-11,42.680000,42.680000
2021-05-12,42.480000,42.480000
2021-05-13,41.770000,41.770000
2021-05-14,43.030000,43.030000
2021-05-17,42.420000,42.420000
2021-05-18,42.360000,42.360000
2021-05-19,42.070000,42.070000
2021-05-20,42.690000,42.690000
2021-05-21,42.210000,42.210000
2021-05-24,41.940000,41.940000
2021-05-25,42.230000,42.230000
2021-05-26,42.000000,42.000000
2021-05-27,41.750000,41.750000
2021-05-28,41.410000,41.410000
2021-06-01,41.380000,41.380000
2021-06-02,39.200000,39.200000
2021-06-03,38.840000,38.840000
2021-06-04,39.470000,39.470000
2021-06-07,40.260000,40.260000
2021-06-08,39.460000,39.460000
2021-06-09,39.380000,39.380000
2021-06-10,41.720000,41.720000
2021-06-11,42.790000,42.790000
2021-06-14,43.360000,43.360000
2021-06-15,42.950000,42.950000
2021-06-16,43.100000,43.100000
2021-06-17,42.940000,42.940000
2021-06-18,41.410000,41.410000
2021-06-21,42.170000,42.170000
2021-06-22,43.050000,43.050000
2021-06-23,43.130000,43.130000
2021-06-24,45.550000,45.550000
2021-06-25,45.140000,45.140000
2021-06-28,45.960000,45.960000
2021-06-29,45.760000,45.760000
2021-06-30,45.410000,45.410000
2021-07-01,46.360000,46.360000
2021-07-02,46.420000,46.420000
2021-07-06,46.190000,46.190000
2021-07-07,45.620000,45.620000
2021-07-08,44.860000,44.860000
2021-07-09,45.500000,45.500000
2021-07-12,45.490000,45.490000
2021-07-13,44.900000,44.900000
2021-07-14,44.470000,44.470000
2021-07-15,42.900000,42.900000
2021-07-16,42.050000,42.050000
2021-07-19,41.390000,41.390000
2021-07-20,42.070000,42.070000
2021-07-21,42.090000,42.090000
2021-07-22,42.470000,42.470000
2021-07-23,42.890000,42.890000
2021-07-26,42.170000,42.170000
2021-07-27,41.140000,41.140000
2021-07-28,41.610000,41.610000
2021-07-29,41.070000,41.070000
2021-07-30,41.330000,41.330000
2021-08-02,40.550000,40.550000
2021-08-03,40.300000,40.300000
2021-08-04,40.140000,40.140000
2021-08-05,40.420000,40.420000
2021-08-06,40.500000,40.500000
2021-08-09,40.440000,40.440000
2021-08-10,41.240000,41.240000
2021-08-11,40.750000,40.750000
2021-08-12,41.590000,41.590000
2021-08-13,41.470000,41.470000
2021-08-16,41.270000,41.270000
2021-08-17,40.720000,40.720000
2021-08-18,39.520000,39.520000
2021-08-19,38.470000,38.470000
2021-08-20,39.550000,39.550000
2021-08-23,40.700000,40.700000
2021-08-24,40.450000,40.450000
2021-08-25,41.020000,41.020000
2021-08-26,40.290000,40.290000
2021-08-27,42.010000,42.010000
2021-08-30,41.960000,41.960000
2021-08-31,41.990000,41.990000
2021-09-01,42.010000,42.010000
2021-09-02,42.810000,42.810000
2021-09-03,42.220000,42.220000
2021-09-07,42.950000,42.950000
2021-09-08,42.050000,42.050000
2021-09-09,41.290000,41.290000
2021-09-10,41.240000,41.240000
2021-09-13,40.980000,40.980000
2021-09-14,41.400000,41.400000
2021-09-15,41.250000,41.250000
2021-09-16,42.050000,42.050000
2021-09-17,42.040000,42.040000
2021-09-20,41.230000,41.230000
2021-09-21,41.170000,41.170000
2021-09-22,41.430000,41.430000
2021-09-23,41.970000,41.970000
2021-09-24,40.290000,40.290000
2021-09-27,40.150000,40.150000
2021-09-28,38.530000,38.530000
2021-09-29,39.650000,39.650000
2021-09-30,40.680000,40.680000
2021-10-01,40.750000,40.750000
2021-10-04,40.000000,40.000000
2021-10-05,39.790000,39.790000
2021-10-06,38.980000,38.980000
2021-10-07,38.590000,38.590000
2021-10-08,37.460000,37.460000
2021-10-11,37.220000,37.220000
2021-10-12,36.570000,36.570000
2021-10-13,36.900000,36.900000
2021-10-14,38.420000,38.420000
2021-10-15,37.760000,37.760000
2021-10-18,37.110000,37.110000
2021-10-19,38.760000,38.760000
2021-10-20,38.170000,38.170000
2021-10-21,38.830000,38.830000
2021-10-22,38.870000,38.870000
2021-10-25,38.440000,38.440000
2021-10-26,38.480000,38.480000
2021-10-27,37.420000,37.420000
2021-10-28,38.190000,38.190000
2021-10-29,38.070000,38.070000
2021-11-01,39.030000,39.030000
2021-11-02,39.490000,39.490000
2021-11-03,40.050000,40.050000
2021-11-04,40.240000,40.240000
2021-11-05,40.710000,40.710000
2021-11-08,39.430000,39.430000
2021-11-09,38.610000,38.610000
2021-11-10,38.180000,38.180000
2021-11-11,38.570000,38.570000
2021-11-12,38.960000,38.960000
2021-11-15,38.190000,38.190000
2021-11-16,38.240000,38.240000
2021-11-17,36.820000,36.820000
2021-11-18,35.400000,35.400000
2021-11-19,35.530000,35.530000
2021-11-22,35.490000,35.490000
2021-11-23,35.010000,35.010000
2021-11-24,35.270000,35.270000
2021-11-26,33.850000,33.850000
2021-11-29,33.280000,33.280000
2021-11-30,32.880000,32.880000
2021-12-01,32.170000,32.170000
2021-12-02,33.180000,33.180000
2021-12-03,32.400000,32.400000
2021-12-06,32.830000,32.830000
2021-12-07,32.350000,32.350000
2021-12-08,33.240000,33.240000
2021-12-09,31.820000,31.820000
2021-12-10,34.500000,34.500000
2021-12-13,34.660000,34.660000
2021-12-14,34.640000,34.640000
2021-12-15,36.930000,36.930000
2021-12-16,35.640000,35.640000
2021-12-17,38.530000,38.530000
2021-12-20,38.170000,38.170000
2021-12-21,39.180000,39.180000
2021-12-22,39.530000,39.530000
2021-12-23,40.240000,40.240000
2021-12-27,40.370000,40.370000
2021-12-28,39.970000,39.970000
2021-12-29,40.290000,40.290000
2021-12-30,40.320000,40.320000
2021-12-31,40.210000,40.210000
2022-01-03,41.060000,41.060000
2022-01-04,40.050000,40.050000
2022-01-05,38.250000,38.250000
2022-01-06,38.590000,38.590000
2022-01-07,37.290000,37.290000
2022-01-10,35.990000,35.990000
2022-01-11,36.590000,36.590000
2022-01-12,35.480000,35.480000
2022-01-13,35.510000,35.510000
2022-01-14,35.560000,35.560000
2022-01-18,34.130000,34.130000
2022-01-19,33.750000,33.750000
2022-01-20,33.560000,33.560000
2022-01-21,33.890000,33.890000
2022-01-24,34.700000,34.700000
2022-01-25,33.530000,33.530000
2022-01-26,32.350000,32.350000
2022-01-27,31.970000,31.970000
2022-01-28,32.560000,32.560000
2022-01-31,34.610000,34.610000
2022-02-01,35.140000,35.140000
2022-02-02,35.010000,35.010000
2022-02-03,34.300000,34.300000
2022-02-04,33.700000,33.700000
2022-02-07,34.270000,34.270000
2022-02-08,34.520000,34.520000
2022-02-09,35.400000,35.400000
2022-02-10,34.940000,34.940000
2022-02-11,34.200000,34.200000
2022-02-14,33.640000,33.640000
2022-02-15,34.430000,34.430000
2022-02-16,34.360000,34.360000
2022-02-17,33.020000,33.020000
2022-02-18,32.720000,32.720000
2022-02-22,32.790000,32.790000
2022-02-23,33.740000,33.740000
2022-02-24,35.280000,35.280000
2022-02-25,35.530000,35.530000
2022-02-28,35.470000,35.470000
2022-03-01,35.630000,35.630000
2022-03-02,36.000000,36.000000
2022-03-03,35.620000,35.620000
2022-03-04,35.110000,35.110000
2022-03-07,34.750000,34.750000
2022-03-08,34.270000,34.270000
2022-03-09,35.720000,35.720000
2022-03-10,35.870000,35.870000
2022-03-11,34.720000,34.720000
2022-03-14,34.570000,34.570000
2022-03-15,35.360000,35.360000
2022-03-16,36.070000,36.070000
2022-03-17,36.780000,36.780000
2022-03-18,37.310000,37.310000
2022-03-21,37.200000,37.200000
2022-03-22,37.630000,37.630000
2022-03-23,37.580000,37.580000
2022-03-24,38.720000,38.720000
2022-03-25,38.080000,38.080000
2022-03-28,39.170000,39.170000
2022-03-29,40.320000,40.320000
2022-03-30,40.220000,40.220000
2022-03-31,39.880000,39.880000
2022-04-01,41.610000,41.610000
2022-04-04,41.830000,41.830000
2022-04-05,41.460000,41.460000
2022-04-06,42.310000,42.310000
2022-04-07,41.870000,41.870000
2022-04-08,41.930000,41.930000
2022-04-11,41.380000,41.380000
2022-04-12,41.620000,41.620000
2022-04-13,41.460000,41.460000
2022-04-14,42.270000,42.270000
2022-04-18,41.740000,41.740000
2022-04-19,42.510000,42.510000
2022-04-20,43.310000,43.310000
2022-04-21,43.570000,43.570000
2022-04-22,43.530000,43.530000
2022-04-25,44.610000,44.610000
2022-04-26,42.980000,42.980000
2022-04-27,41.990000,41.990000
2022-04-28,41.500000,41.500000
2022-04-29,39.900000,39.900000
2022-05-02,40.850000,40.850000
2022-05-03,40.940000,40.940000
2022-05-04,41.410000,41.410000
2022-05-05,40.290000,40.290000
2022-05-06,39.240000,39.240000
2022-05-09,37.350000,37.350000
2022-05-10,38.200000,38.200000
2022-05-11,38.580000,38.580000
2022-05-12,39.040000,39.040000
2022-05-13,40.420000,40.420000
2022-05-16,41.690000,41.690000
2022-05-17,44.460000,44.460000
2022-05-18,43.000000,43.000000
2022-05-19,43.840000,43.840000
2022-05-20,44.320000,44.320000
2022-05-23,44.330000,44.330000
2022-05-24,44.820000,44.820000
2022-05-25,46.290000,46.290000
2022-05-26,46.600000,46.600000
2022-05-27,48.300000,48.300000
2022-05-31,45.980000,45.980000
2022-06-01,45.400000,45.400000
2022-06-02,45.670000,45.670000
2022-06-03,45.620000,45.620000
2022-06-06,44.450000,44.450000
2022-06-07,46.010000,46.010000
2022-06-08,46.200000,46.200000
2022-06-09,44.980000,44.980000
2022-06-10,43.790000,43.790000
2022-06-13,43.100000,43.100000
2022-06-14,43.590000,43.590000
2022-06-15,44.630000,44.630000
2022-06-16,43.110000,43.110000
2022-06-17,44.140000,44.140000
2022-06-21,45.760000,45.760000
2022-06-22,45.900000,45.900000
2022-06-23,46.800000,46.800000
2022-06-24,46.900000,46.900000
2022-06-27,47.040000,47.040000
2022-06-28,45.780000,45.780000
2022-06-29,45.280000,45.280000
2022-06-30,44.000000,44.000000
2022-07-01,44.480000,44.480000
2022-07-05,46.330000,46.330000
2022-07-06,46.750000,46.750000
2022-07-07,50.170000,50.170000
2022-07-08,51.780000,51.780000
2022-07-11,50.000000,50.000000
2022-07-12,49.450000,49.450000
2022-07-13,48.390000,48.390000
2022-07-14,47.160000,47.160000
2022-07-15,49.160000,49.160000
2022-07-18,48.200000,48.200000
2022-07-19,50.060000,50.060000
2022-07-20,50.530000,50.530000
2022-07-21,50.190000,50.190000
2022-07-22,49.500000,49.500000
2022-07-25,50.470000,50.470000
2022-07-26,50.920000,50.920000
2022-07-27,51.700000,51.700000
2022-07-28,50.520000,50.520000
2022-07-29,48.900000,48.900000
2022-08-01,48.530000,48.530000
2022-08-02,47.930000,47.930000
2022-08-03,47.480000,47.480000
2022-08-04,45.390000,45.390000
2022-08-05,45.130000,45.130000
2022-08-08,45.040000,45.040000
2022-08-09,43.330000,43.330000
2022-08-10,44.100000,44.100000
2022-08-11,43.360000,43.360000
2022-08-12,43.140000,43.140000
2022-08-15,43.090000,43.090000
2022-08-16,44.480000,44.480000
2022-08-17,43.410000,43.410000
2022-08-18,43.110000,43.110000
2022-08-19,42.260000,42.260000
2022-08-22,41.900000,41.900000
2022-08-23,42.440000,42.440000
2022-08-24,42.390000,42.390000
2022-08-25,42.310000,42.310000
2022-08-26,40.290000,40.290000
2022-08-29,40.530000,40.530000
2022-08-30,40.730000,40.730000
2022-08-31,40.730000,40.730000
2022-09-01,40.580000,40.580000
2022-09-02,38.920000,38.920000
2022-09-06,38.530000,38.530000
2022-09-07,39.410000,39.410000
2022-09-08,39.670000,39.670000
2022-09-09,41.400000,41.400000
2022-09-12,42.000000,42.000000
2022-09-13,41.300000,41.300000
2022-09-14,42.510000,42.510000
2022-09-15,42.330000,42.330000
2022-09-16,41.970000,41.970000
2022-09-19,40.910000,40.910000
2022-09-20,40.280000,40.280000
2022-09-21,39.210000,39.210000
2022-09-22,38.740000,38.740000
2022-09-23,38.820000,38.820000
2022-09-26,38.580000,38.580000
2022-09-27,38.640000,38.640000
2022-09-28,40.250000,40.250000
2022-09-29,39.520000,39.520000
2022-09-30,39.540000,39.540000
2022-10-03,40.060000,40.060000
2022-10-04,41.550000,41.550000
2022-10-05,41.660000,41.660000
2022-10-06,41.820000,41.820000
2022-10-07,41.500000,41.500000
2022-10-10,41.260000,41.260000
2022-10-11,42.200000,42.200000
2022-10-12,42.600000,42.600000
2022-10-13,43.220000,43.220000
2022-10-14,44.170000,44.170000
2022-10-17,44.690000,44.690000
2022-10-18,46.010000,46.010000
2022-10-19,43.950000,43.950000
2022-10-20,43.900000,43.900000
2022-10-21,46.060000,46.060000
2022-10-24,46.560000,46.560000
2022-10-25,46.920000,46.920000
2022-10-26,46.910000,46.910000
2022-10-27,47.000000,47.000000
2022-10-28,48.240000,48.240000
2022-10-31,47.810000,47.810000
2022-11-01,48.280000,48.280000
2022-11-02,47.380000,47.380000
2022-11-03,47.040000,47.040000
2022-11-04,46.590000,46.590000
2022-11-07,46.280000,46.280000
2022-11-08,45.830000,45.830000
2022-11-09,49.710000,49.710000
2022-11-10,53.330000,53.330000
2022-11-11,53.970000,53.970000
2022-11-14,53.910000,53.910000
2022-11-15,54.020000,54.020000
2022-11-16,53.270000,53.270000
2022-11-17,52.760000,52.760000
2022-11-18,52.940000,52.940000
2022-11-21,53.290000,53.290000
2022-11-22,53.630000,53.630000
2022-11-23,54.350000,54.350000
2022-11-25,54.670000,54.670000
2022-11-28,56.470000,56.470000
2022-11-29,57.050000,57.050000
2022-11-30,57.260000,57.260000
2022-12-01,57.400000,57.400000
2022-12-02,59.440000,59.440000
2022-12-05,55.940000,55.940000
2022-12-06,56.380000,56.380000
2022-12-07,57.740000,57.740000
2022-12-08,57.850000,57.850000
2022-12-09,56.930000,56.930000
2022-12-12,58.050000,58.050000
2022-12-13,58.940000,58.940000
2022-12-14,58.520000,58.520000
2022-12-15,57.030000,57.030000
2022-12-16,56.860000,56.860000
2022-12-19,56.200000,56.200000
2022-12-20,56.690000,56.690000
2022-12-21,58.350000,58.350000
2022-12-22,57.830000,57.830000
2022-12-23,57.490000,57.490000
2022-12-27,57.120000,57.120000
2022-12-28,56.740000,56.740000
2022-12-29,56.980000,56.980000
2022-12-30,56.900000,56.900000
2023-01-03,55.130000,55.130000
2023-01-04,53.900000,53.900000
2023-01-05,54.230000,54.230000
2023-01-06,55.480000,55.480000
2023-01-09,55.040000,55.040000
2023-01-10,55.700000,55.700000
2023-01-11,50.560000,50.560000
2023-01-12,50.680000,50.680000
2023-01-13,50.340000,50.340000
2023-01-17,51.020000,51.020000
2023-01-18,52.670000,52.670000
2023-01-19,51.320000,51.320000
2023-01-20,51.460000,51.460000
2023-01-23,51.420000,51.420000
2023-01-24,51.230000,51.230000
2023-01-25,52.490000,52.490000
2023-01-26,53.280000,53.280000
2023-01-27,50.710000,50.710000
2023-01-30,51.120000,51.120000
2023-01-31,51.770000,51.770000
2023-02-01,52.170000,52.170000
2023-02-02,52.870000,52.870000
2023-02-03,52.650000,52.650000
2023-02-06,51.840000,51.840000
2023-02-07,51.670000,51.670000
2023-02-08,50.320000,50.320000
2023-02-09,49.380000,49.380000
2023-02-10,48.920000,48.920000
2023-02-13,49.100000,49.100000
2023-02-14,48.810000,48.810000
2023-02-15,49.200000,49.200000
2023-02-16,49.260000,49.260000
2023-02-17,50.030000,50.030000
2023-02-21,49.660000,49.660000
2023-02-22,50.080000,50.080000
2023-02-23,50.350000,50.350000
2023-02-24,49.540000,49.540000
2023-02-27,48.550000,48.550000
2023-02-28,47.990000,47.990000
2023-03-01,47.620000,47.620000
2023-03-02,46.030000,46.030000
2023-03-03,46.370000,46.370000
2023-03-06,45.480000,45.480000
2023-03-07,43.400000,43.400000
2023-03-08,42.510000,42.510000
2023-03-09,42.740000,42.740000
2023-03-10,41.630000,41.630000
2023-03-13,42.910000,42.910000
2023-03-14,42.000000,42.000000
2023-03-15,40.050000,40.050000
2023-03-16,36.070000,36.070000
2023-03-17,33.080000,33.080000
2023-03-20,34.820000,34.820000
2023-03-21,34.590000,34.590000
2023-03-22,32.860000,32.860000
2023-03-23,33.680000,33.680000
2023-03-24,34.490000,34.490000
2023-03-27,35.700000,35.700000
2023-03-28,36.510000,36.510000
2023-03-29,38.190000,38.190000
2023-03-30,37.310000,37.310000
2023-03-31,38.190000,38.190000
2023-04-03,38.740000,38.740000
2023-04-04,37.470000,37.470000
2023-04-05,37.430000,37.430000
2023-04-06,38.330000,38.330000
2023-04-10,37.000000,37.000000
2023-04-11,36.740000,36.740000
2023-04-12,36.340000,36.340000
2023-04-13,36.500000,36.500000
2023-04-14,35.650000,35.650000
2023-04-17,36.000000,36.000000
2023-04-18,35.710000,35.710000
2023-04-19,35.170000,35.170000
2023-04-20,33.900000,33.900000
2023-04-21,34.270000,34.270000
2023-04-24,33.540000,33.540000
2023-04-25,33.570000,33.570000
2023-04-26,32.860000,32.860000
2023-04-27,32.240000,32.240000
2023-04-28,32.130000,32.130000
2023-05-01,32.630000,32.630000
2023-05-02,31.820000,31.820000
2023-05-03,32.400000,32.400000
2023-05-04,30.870000,30.870000
2023-05-05,31.000000,31.000000
2023-05-08,30.280000,30.280000
2023-05-09,30.580000,30.580000
2023-05-10,34.490000,34.490000
2023-05-11,32.990000,32.990000
2023-05-12,32.980000,32.980000
2023-05-15,33.900000,33.900000
2023-05-16,33.300000,33.300000
2023-05-17,33.460000,33.460000
2023-05-18,33.300000,33.300000
2023-05-19,33.870000,33.870000
2023-05-22,35.000000,35.000000
2023-05-23,34.010000,34.010000
2023-05-24,33.450000,33.450000
2023-05-25,33.140000,33.140000
2023-05-26,33.200000,33.200000
2023-05-30,32.850000,32.850000
2023-05-31,32.430000,32.430000
2023-06-01,32.490000,32.490000
2023-06-02,33.570000,33.570000
2023-06-05,33.060000,33.060000
2023-06-06,33.980000,33.980000
2023-06-07,34.720000,34.720000
2023-06-08,34.160000,34.160000
2023-06-09,33.960000,33.960000
2023-06-12,33.680000,33.680000
2023-06-13,33.850000,33.850000
2023-06-14,32.970000,32.970000
2023-06-15,34.160000,34.160000
2023-06-16,34.980000,34.980000
2023-06-20,34.570000,34.570000
2023-06-21,36.120000,36.120000
2023-06-22,35.430000,35.430000
2023-06-23,34.140000,34.140000
2023-06-26,34.840000,34.840000
2023-06-27,34.200000,34.200000
2023-06-28,34.220000,34.220000
2023-06-29,34.670000,34.670000
2023-06-30,36.070000,36.070000
2023-07-03,36.880000,36.880000
2023-07-05,36.460000,36.460000
2023-07-06,36.610000,36.610000
2023-07-07,36.620000,36.620000
2023-07-10,37.320000,37.320000
2023-07-11,37.100000,37.100000
2023-07-12,37.190000,37.190000
2023-07-13,39.210000,39.210000
2023-07-14,38.220000,38.220000
2023-07-17,40.270000,40.270000
2023-07-18,41.700000,41.700000
2023-07-19,41.990000,41.990000
2023-07-20,42.570000,42.570000
2023-07-21,42.890000,42.890000
2023-07-24,42.760000,42.760000
2023-07-25,42.810000,42.810000
2023-07-26,43.750000,43.750000
2023-07-27,43.510000,43.510000
2023-07-28,43.660000,43.660000
2023-07-31,42.960000,42.960000
2023-08-01,42.280000,42.280000
2023-08-02,42.850000,42.850000
2023-08-03,42.100000,42.100000
2023-08-04,42.410000,42.410000
2023-08-07,42.010000,42.010000
2023-08-08,43.310000,43.310000
2023-08-09,42.630000,42.630000
2023-08-10,44.030000,44.030000
2023-08-11,43.750000,43.750000
2023-08-14,43.860000,43.860000
2023-08-15,44.020000,44.020000
2023-08-16,43.290000,43.290000
2023-08-17,42.480000,42.480000
2023-08-18,43.260000,43.260000
2023-08-21,42.620000,42.620000
2023-08-22,42.700000,42.700000
2023-08-23,41.960000,41.960000
2023-08-24,42.240000,42.240000
2023-08-25,42.690000,42.690000
2023-08-28,42.440000,42.440000
2023-08-29,43.100000,43.100000
2023-08-30,42.980000,42.980000
2023-08-31,42.560000,42.560000
2023-09-01,42.820000,42.820000
2023-09-05,40.900000,40.900000
2023-09-06,41.020000,41.020000
2023-09-07,39.140000,39.140000
2023-09-08,38.510000,38.510000
2023-09-11,37.500000,37.500000
2023-09-12,38.920000,38.920000
2023-09-13,41.030000,41.030000
2023-09-14,40.520000,40.520000
2023-09-15,39.220000,39.220000
2023-09-18,39.110000,39.110000
2023-09-19,39.770000,39.770000
2023-09-20,39.600000,39.600000
2023-09-21,39.910000,39.910000
2023-09-22,39.570000,39.570000
2023-09-25,38.890000,38.890000
2023-09-26,38.470000,38.470000
2023-09-27,38.450000,38.450000
2023-09-28,39.150000,39.150000
2023-09-29,38.200000,38.200000
2023-10-02,37.690000,37.690000
2023-10-03,37.650000,37.650000
2023-10-04,37.240000,37.240000
2023-10-05,37.650000,37.650000
2023-10-06,37.270000,37.270000
2023-10-09,37.040000,37.040000
2023-10-10,37.890000,37.890000
2023-10-11,37.310000,37.310000
2023-10-12,36.540000,36.540000
2023-10-13,36.550000,36.550000
2023-10-16,37.010000,37.010000
2023-10-17,37.560000,37.560000
2023-10-18,35.920000,35.920000
2023-10-19,35.800000,35.800000
2023-10-20,35.160000,35.160000
2023-10-23,34.770000,34.770000
2023-10-24,34.850000,34.850000
2023-10-25,33.320000,33.320000
2023-10-26,34.590000,34.590000
2023-10-27,33.380000,33.380000
2023-10-30,34.000000,34.000000
2023-10-31,33.870000,33.870000
2023-11-01,33.510000,33.510000
2023-11-02,34.250000,34.250000
2023-11-03,35.580000,35.580000
2023-11-06,35.260000,35.260000
2023-11-07,38.800000,38.800000
2023-11-08,36.750000,36.750000
2023-11-09,36.680000,36.680000
2023-11-10,37.250000,37.250000
2023-11-13,37.500000,37.500000
2023-11-14,40.290000,40.290000
2023-11-15,39.340000,39.340000
2023-11-16,39.520000,39.520000
2023-11-17,39.930000,39.930000
2023-11-20,40.010000,40.010000
2023-11-21,38.880000,38.880000
2023-11-22,40.110000,40.110000
2023-11-24,40.380000,40.380000
2023-11-27,40.860000,40.860000
2023-11-28,39.680000,39.680000
2023-11-29,38.500000,38.500000
2023-11-30,38.610000,38.610000
2023-12-01,39.690000,39.690000
2023-12-04,40.110000,40.110000
2023-12-05,39.900000,39.900000
2023-12-06,39.970000,39.970000
2023-12-07,40.150000,40.150000
2023-12-08,39.950000,39.950000
2023-12-11,40.500000,40.500000
2023-12-12,40.240000,40.240000
2023-12-13,42.100000,42.100000
2023-12-14,39.450000,39.450000
2023-12-15,39.020000,39.020000
2023-12-18,38.800000,38.800000
2023-12-19,39.380000,39.380000
2023-12-20,36.380000,36.380000
2023-12-21,36.880000,36.880000
2023-12-22,37.150000,37.150000
2023-12-26,37.370000,37.370000
2023-12-27,36.900000,36.900000
2023-12-28,37.150000,37.150000
2023-12-29,36.960000,36.960000
2024-01-02,37.390000,37.390000
2024-01-03,35.780000,35.780000
2024-01-04,36.550000,36.550000
2024-01-05,35.120000,35.120000
2024-01-08,35.510000,35.510000
2024-01-09,34.990000,34.990000
2024-01-10,34.630000,34.630000
2024-01-11,34.030000,34.030000
2024-01-12,34.430000,34.430000
2024-01-16,36.360000,36.360000
2024-01-17,36.040000,36.040000
2024-01-18,34.930000,34.930000
2024-01-19,34.150000,34.150000
2024-01-22,34.010000,34.010000
2024-01-23,34.750000,34.750000
2024-01-24,35.050000,35.050000
2024-01-25,34.510000,34.510000
2024-01-26,34.210000,34.210000
2024-01-29,34.410000,34.410000
2024-01-30,33.770000,33.770000
2024-01-31,33.850000,33.850000
2024-02-01,34.260000,34.260000
2024-02-02,33.680000,33.680000
2024-02-05,33.680000,33.680000
2024-02-06,35.020000,35.020000
2024-02-07,35.310000,35.310000
2024-02-08,35.240000,35.240000
2024-02-09,35.490000,35.490000
2024-02-12,35.690000,35.690000
2024-02-13,34.640000,34.640000
2024-02-14,35.060000,35.060000
2024-02-15,35.910000,35.910000
2024-02-16,36.100000,36.100000
2024-02-20,36.000000,36.000000
2024-02-21,38.360000,38.360000
2024-02-22,39.720000,39.720000
2024-02-23,40.560000,40.560000
2024-02-26,39.670000,39.670000
2024-02-27,39.840000,39.840000
2024-02-28,39.690000,39.690000
2024-02-29,39.810000,39.810000
2024-03-01,41.110000,41.110000
2024-03-04,40.930000,40.930000
2024-03-05,41.410000,41.410000
2024-03-06,41.690000,41.690000
2024-03-07,41.710000,41.710000
2024-03-08,41.730000,41.730000
2024-03-11,41.200000,41.200000
2024-03-12,41.950000,41.950000
2024-03-13,41.350000,41.350000
2024-03-14,40.790000,40.790000
2024-03-15,40.860000,40.860000
2024-03-18,40.370000,40.370000
2024-03-19,40.810000,40.810000
2024-03-20,40.380000,40.380000
2024-03-21,40.220000,40.220000
2024-03-22,40.080000,40.080000
2024-03-25,40.420000,40.420000
2024-03-26,40.080000,40.080000
2024-03-27,40.730000,40.730000
2024-03-28,40.680000,40.680000
2024-04-01,41.320000,41.320000
2024-04-02,40.430000,40.430000
2024-04-03,40.230000,40.230000
2024-04-04,39.730000,39.730000
2024-04-05,41.070000,41.070000
2024-04-08,39.910000,39.910000
2024-04-09,40.130000,40.130000
2024-04-10,39.280000,39.280000
2024-04-11,39.320000,39.320000
2024-04-12,38.610000,38.610000
2024-04-15,38.720000,38.720000
2024-04-16,38.380000,38.380000
2024-04-17,38.020000,38.020000
2024-04-18,37.810000,37.810000
2024-04-19,38.640000,38.640000
2024-04-22,38.710000,38.710000
2024-04-23,38.970000,38.970000
2024-04-24,39.120000,39.120000
2024-04-25,38.460000,38.460000
2024-04-26,38.570000,38.570000
2024-04-29,38.770000,38.770000
2024-04-30,38.100000,38.100000
2024-05-01,39.300000,39.300000
2024-05-02,39.820000,39.820000
2024-05-03,39.910000,39.910000
2024-05-06,40.860000,40.860000
2024-05-07,41.210000,41.210000
2024-05-08,42.010000,42.010000
2024-05-09,43.840000,43.840000
2024-05-10,43.150000,43.150000
2024-05-13,43.610000,43.610000
2024-05-14,43.820000,43.820000
2024-05-15,45.820000,45.820000
2024-05-16,45.390000,45.390000
2024-05-17,44.710000,44.710000
2024-05-20,44.970000,44.970000
2024-05-21,45.540000,45.540000
2024-05-22,45.480000,45.480000
2024-05-23,43.920000,43.920000
2024-05-24,43.820000,43.820000
2024-05-28,43.080000,43.080000
2024-05-29,42.760000,42.760000
2024-05-30,43.350000,43.350000
2024-05-31,44.290000,44.290000
2024-06-03,45.050000,45.050000
2024-06-04,44.300000,44.300000
2024-06-05,45.650000,45.650000
2024-06-06,51.440000,51.440000
2024-06-07,50.850000,50.850000
2024-06-10,51.160000,51.160000
2024-06-11,49.920000,49.920000
2024-06-12,49.660000,49.660000
2024-06-13,49.620000,49.620000
2024-06-14,49.500000,49.500000
2024-06-17,49.660000,49.660000
2024-06-18,50.270000,50.270000
2024-06-20,50.860000,50.860000
2024-06-21,51.550000,51.550000
2024-06-24,52.060000,52.060000
2024-06-25,52.400000,52.400000
2024-06-26,52.000000,52.000000
2024-06-27,51.630000,51.630000
2024-06-28,52.360000,52.360000
2024-07-01,52.020000,52.020000
2024-07-02,51.300000,51.300000
2024-07-03,52.010000,52.010000
2024-07-05,51.560000,51.560000
2024-07-08,52.550000,52.550000
2024-07-09,52.880000,52.880000
2024-07-10,52.960000,52.960000
2024-07-11,52.820000,52.820000
2024-07-12,53.180000,53.180000
2024-07-15,52.550000,52.550000
2024-07-16,55.100000,55.100000
2024-07-17,54.750000,54.750000
2024-07-18,54.300000,54.300000
2024-07-19,54.040000,54.040000
2024-07-22,54.340000,54.340000
2024-07-23,55.400000,55.400000
2024-07-24,55.150000,55.150000
2024-07-25,55.970000,55.970000
2024-07-26,56.230000,56.230000
2024-07-29,55.470000,55.470000
2024-07-30,55.690000,55.690000
2024-07-31,55.260000,55.260000
2024-08-01,55.050000,55.050000
2024-08-02,54.090000,54.090000
2024-08-05,52.110000,52.110000
2024-08-06,51.940000,51.940000
2024-08-07,54.120000,54.120000
2024-08-08,54.460000,54.460000
2024-08-09,55.200000,55.200000
2024-08-12,56.070000,56.070000
2024-08-13,55.990000,55.990000
2024-08-14,57.410000,57.410000
2024-08-15,59.100000,59.100000
2024-08-16,59.420000,59.420000
2024-08-19,61.740000,61.740000
2024-08-20,60.930000,60.930000
2024-08-21,62.170000,62.170000
2024-08-22,61.640000,61.640000
2024-08-23,62.720000,62.720000
2024-08-26,62.160000,62.160000
2024-08-27,63.200000,63.200000
2024-08-28,64.420000,64.420000
2024-08-29,63.740000,63.740000
2024-08-30,63.850000,63.850000
2024-09-03,61.220000,61.220000
2024-09-04,62.130000,62.130000
2024-09-05,61.050000,61.050000
2024-09-06,59.210000,59.210000
2024-09-09,59.240000,59.240000
2024-09-10,59.260000,59.260000
2024-09-11,59.390000,59.390000
2024-09-12,60.540000,60.540000
2024-09-13,62.300000,62.300000
2024-09-16,62.910000,62.910000
2024-09-17,61.930000,61.930000
2024-09-18,62.310000,62.310000
2024-09-19,59.500000,59.500000
2024-09-20,59.240000,59.240000
2024-09-23,58.530000,58.530000
2024-09-24,56.200000,56.200000
2024-09-25,55.870000,55.870000
2024-09-26,56.950000,56.950000
2024-09-27,56.970000,56.970000
2024-09-30,57.240000,57.240000
2024-10-01,56.640000,56.640000
2024-10-02,58.160000,58.160000
2024-10-03,60.430000,60.430000
2024-10-04,59.180000,59.180000
2024-10-07,53.850000,53.850000
2024-10-08,54.130000,54.130000
2024-10-09,50.660000,50.660000
2024-10-10,52.130000,52.130000
2024-10-11,53.000000,53.000000
2024-10-14,53.950000,53.950000
2024-10-15,53.820000,53.820000
2024-10-16,53.460000,53.460000
2024-10-17,52.280000,52.280000
2024-10-18,52.610000,52.610000
2024-10-21,51.770000,51.770000
2024-10-22,51.550000,51.550000
2024-10-23,50.800000,50.800000
2024-10-24,49.300000,49.300000
2024-10-25,49.250000,49.250000
2024-10-28,50.460000,50.460000
2024-10-29,50.640000,50.640000
2024-10-30,50.590000,50.590000
2024-10-31,50.570000,50.570000
2024-11-01,57.150000,57.150000
2024-11-04,58.470000,58.470000
2024-11-05,58.720000,58.720000
2024-11-06,60.630000,60.630000
2024-11-07,59.650000,59.650000
2024-11-08,60.980000,60.980000
2024-11-11,61.090000,61.090000
2024-11-12,59.610000,59.610000
2024-11-13,58.610000,58.610000
2024-11-14,53.960000,53.960000
2024-11-15,45.650000,45.650000
2024-11-18,42.570000,42.570000
2024-11-19,44.810000,44.810000
2024-11-20,45.760000,45.760000
2024-11-21,45.700000,45.700000
2024-11-22,49.000000,49.000000
2024-11-25,47.790000,47.790000
2024-11-26,47.790000,47.790000
2024-11-27,48.470000,48.470000
2024-11-29,48.200000,48.200000
2024-12-02,48.590000,48.590000
2024-12-03,48.480000,48.480000
2024-12-04,48.610000,48.610000
2024-12-05,48.060000,48.060000
2024-12-06,48.400000,48.400000
2024-12-09,49.060000,49.060000
2024-12-10,49.060000,49.060000
2024-12-11,47.390000,47.390000
2024-12-12,47.830000,47.830000
2024-12-13,48.000000,48.000000
2024-12-16,48.030000,48.030000
2024-12-17,48.600000,48.600000
2024-12-18,46.840000,46.840000
2024-12-19,47.320000,47.320000
2024-12-20,46.960000,46.960000
2024-12-23,47.160000,47.160000
2024-12-24,47.540000,47.540000
2024-12-26,48.030000,48.030000
2024-12-27,48.130000,48.130000
2024-12-30,47.990000,47.990000
2024-12-31,47.810000,47.810000
2025-01-02,48.010000,48.010000
2025-01-03,47.740000,47.740000
2025-01-06,50.510000,50.510000
2025-01-07,51.190000,51.190000
2025-01-08,53.760000,53.760000
2025-01-10,52.800000,52.800000
2025-01-13,54.140000,54.140000
2025-01-14,53.830000,53.830000
2025-01-15,54.510000,54.510000
2025-01-16,55.370000,55.370000
2025-01-17,54.800000,54.800000
2025-01-21,55.940000,55.940000
2025-01-22,55.280000,55.280000
2025-01-23,55.630000,55.630000
2025-01-24,55.770000,55.770000
2025-01-27,55.860000,55.860000
2025-01-28,56.000000,56.000000
2025-01-29,55.830000,55.830000
2025-01-30,56.420000,56.420000
2025-01-31,56.640000,56.640000
2025-02-03,56.280000,56.280000
2025-02-04,56.770000,56.770000
2025-02-05,57.630000,57.630000
2025-02-06,57.940000,57.940000
2025-02-07,57.100000,57.100000
2025-02-10,57.340000,57.340000
2025-02-11,57.330000,57.330000
2025-02-12,58.110000,58.110000
2025-02-13,58.610000,58.610000
2025-02-14,58.290000,58.290000
2025-02-18,57.900000,57.900000
2025-02-19,57.770000,57.770000
2025-02-20,57.440000,57.440000
2025-02-21,57.750000,57.750000
2025-02-24,58.500000,58.500000
2025-02-25,57.990000,57.990000
2025-02-26,57.920000,57.920000
2025-02-27,57.700000,57.700000
2025-02-28,59.150000,59.150000
2025-03-03,57.960000,57.960000
2025-03-04,58.140000,58.140000
2025-03-05,59.530000,59.530000
2025-03-06,60.150000,60.150000
2025-03-07,60.980000,60.980000
2025-03-10,61.440000,61.440000
2025-03-11,61.450000,61.450000
2025-03-12,60.890000,60.890000
2025-03-13,61.060000,61.060000
2025-03-14,62.270000,62.270000
2025-03-17,62.950000,62.950000
2025-03-18,62.540000,62.540000
2025-03-19,64.300000,64.300000
2025-03-20,64.320000,64.320000
2025-03-21,65.160000,65.160000
2025-03-24,64.020000,64.020000
2025-03-25,64.840000,64.840000
2025-03-26,63.820000,63.820000
2025-03-27,64.480000,64.480000
2025-03-28,63.840000,63.840000
2025-03-31,63.810000,63.810000
2025-04-01,61.870000,61.870000
2025-04-02,63.020000,63.020000
2025-04-03,61.920000,61.920000
2025-04-04,59.770000,59.770000
2025-04-07,59.350000,59.350000
2025-04-08,57.540000,57.540000
2025-04-09,60.650000,60.650000
2025-04-10,57.700000,57.700000
2025-04-11,60.220000,60.220000
2025-04-14,61.390000,61.390000
2025-04-15,61.280000,61.280000
2025-04-16,58.820000,58.820000
2025-04-17,58.790000,58.790000
2025-04-21,57.290000,57.290000
2025-04-22,58.210000,58.210000
2025-04-23,58.410000,58.410000
2025-04-24,59.250000,59.250000
2025-04-25,60.490000,60.490000
2025-04-28,60.570000,60.570000
2025-04-29,60.820000,60.820000
2025-04-30,61.420000,61.420000
2025-05-01,60.030000,60.030000
2025-05-02,61.190000,61.190000
2025-05-05,60.620000,60.620000
2025-05-06,59.380000,59.380000
2025-05-07,70.140000,70.140000
2025-05-08,67.730000,67.730000
2025-05-09,65.870000,65.870000
2025-05-12,66.580000,66.580000
2025-05-13,50.230000,50.230000
2025-05-14,47.910000,47.910000
2025-05-15,48.950000,48.950000
2025-05-16,52.020000,52.020000
2025-05-19,53.300000,53.300000
2025-05-20,53.450000,53.450000
2025-05-21,53.930000,53.930000
2025-05-22,53.750000,53.750000
2025-05-23,54.540000,54.540000
2025-05-27,54.420000,54.420000
2025-05-28,54.430000,54.430000
2025-05-29,54.730000,54.730000
2025-05-30,56.070000,56.070000
2025-06-02,55.640000,55.640000
2025-06-03,53.310000,53.310000
2025-06-04,53.850000,53.850000
2025-06-05,53.550000,53.550000
2025-06-06,54.250000,54.250000
2025-06-09,54.380000,54.380000
2025-06-10,53.770000,53.770000
2025-06-11,53.850000,53.850000
2025-06-12,54.540000,54.540000
2025-06-13,53.980000,53.980000
2025-06-16,53.920000,53.920000
2025-06-17,53.110000,53.110000
2025-06-18,53.150000,53.150000
2025-06-20,52.810000,52.810000
2025-06-23,52.800000,52.800000
2025-06-24,53.900000,53.900000
2025-06-25,52.320000,52.320000
2025-06-26,52.530000,52.530000
2025-06-27,52.210000,52.210000
2025-06-30,52.020000,52.020000
2025-07-01,52.920000,52.920000
2025-07-02,53.840000,53.840000
2025-07-03,54.000000,54.000000
2025-07-07,54.220000,54.220000
2025-07-08,55.800000,55.800000
2025-07-09,56.580000,56.580000
2025-07-10,57.630000,57.630000
2025-07-11,57.150000,57.150000
2025-07-14,57.650000,57.650000
2025-07-15,56.600000,56.600000
2025-07-16,58.010000,58.010000
2025-07-17,57.810000,57.810000
2025-07-18,56.450000,56.450000
2025-07-21,55.920000,55.920000
2025-07-22,57.540000,57.540000
2025-07-23,58.560000,58.560000
2025-07-24,58.770000,58.770000
2025-07-25,58.240000,58.240000
2025-07-28,57.730000,57.730000
2025-07-29,59.050000,59.050000
2025-07-30,60.080000,60.080000
2025-07-31,59.970000,59.970000
2025-08-01,59.020000,59.020000
2025-08-04,59.990000,59.990000
2025-08-05,60.810000,60.810000
2025-08-06,62.320000,62.320000
2025-08-07,62.100000,62.100000
2025-08-08,62.900000,62.900000
2025-08-11,62.890000,62.890000
2025-08-12,64.040000,64.040000
2025-08-13,65.130000,65.130000
2025-08-14,65.540000,65.540000
2025-08-15,67.270000,67.270000
2025-08-18,68.960000,68.960000
2025-08-19,69.980000,69.980000
2025-08-20,71.130000,71.130000
2025-08-21,71.610000,71.610000
2025-08-22,71.820000,71.820000
2025-08-25,72.210000,72.210000
2025-08-26,72.930000,72.930000
2025-08-27,73.180000,73.180000
2025-08-28,72.810000,72.810000
2025-08-29,73.150000,73.150000
2025-09-02,73.340000,73.340000
2025-09-03,74.820000,74.820000
2025-09-04,73.400000,73.400000
2025-09-05,74.930000,74.930000
2025-09-08,75.850000,75.850000
2025-09-09,76.070000,76.070000
2025-09-10,75.800000,75.800000
2025-09-11,77.530000,77.530000
2025-09-12,76.900000,76.900000
2025-09-15,76.330000,76.330000
2025-09-16,75.850000,75.850000
2025-09-17,75.810000,75.810000
2025-09-18,76.680000,76.680000
2025-09-19,77.810000,77.810000
2025-09-22,78.280000,78.280000
2025-09-23,77.570000,77.570000
2025-09-24,75.640000,75.640000
2025-09-25,73.970000,73.970000
2025-09-26,73.750000,73.750000
2025-09-29,73.290000,73.290000
2025-09-30,73.340000,73.340000
2025-10-01,74.940000,74.940000
2025-10-02,71.690000,71.690000
2025-10-03,68.980000,68.980000
2025-10-06,66.970000,66.970000
2025-10-07,66.020000,66.020000
2025-10-08,65.200000,65.200000
2025-10-09,65.110000,65.110000
2025-10-10,64.100000,64.100000
2025-10-13,65.330000,65.330000
2025-10-14,66.650000,66.650000
2025-10-15,66.360000,66.360000
2025-10-16,66.880000,66.880000
2025-10-17,67.030000,67.030000
2025-10-20,66.470000,66.470000
2025-10-21,66.880000,66.880000
2025-10-22,65.770000,65.770000
2025-10-23,66.890000,66.890000
2025-10-24,66.150000,66.150000
2025-10-27,65.850000,65.850000
2025-10-28,65.400000,65.400000
2025-10-29,65.260000,65.260000
2025-10-30,64.630000,64.630000
2025-10-31,65.190000,65.190000
2025-11-03,66.200000,66.200000
2025-11-04,68.050000,68.050000
2025-11-05,68.300000,68.300000
2025-11-06,68.390000,68.390000
2025-11-07,68.240000,68.240000
2025-11-10,68.010000,68.010000
2025-11-11,70.130000,70.130000
2025-11-12,70.630000,70.630000
2025-11-13,71.190000,71.190000
2025-11-14,70.030000,70.030000
2025-11-17,70.560000,70.560000
2025-11-18,70.100000,70.100000
2025-11-19,70.250000,70.250000
2025-11-20,68.970000,68.970000
2025-11-21,70.340000,70.340000
2025-11-24,74.000000,74.000000
2025-11-25,72.820000,72.820000
2025-11-26,72.660000,72.660000
2025-11-28,71.400000,71.400000
2025-12-01,68.100000,68.100000
2025-12-02,66.540000,66.540000
2025-12-03,64.660000,64.660000
2025-12-04,62.950000,62.950000
2025-12-05,63.330000,63.330000
2025-12-08,62.880000,62.880000
2025-12-09,61.870000,61.870000
2025-12-10,62.650000,62.650000
2025-12-11,61.900000,61.900000
2025-12-12,62.210000,62.210000
2025-12-15,63.450000,63.450000
2025-12-16,64.470000,64.470000
2025-12-17,65.770000,65.770000
2025-12-18,65.110000,65.110000
2025-12-19,67.350000,67.350000
2025-12-22,68.160000,68.160000
2025-12-23,68.360000,68.360000
2025-12-24,68.410000,68.410000
2025-12-26,68.870000,68.870000
2025-12-29,68.950000,68.950000
2025-12-30,67.700000,67.700000
2025-12-31,67.300000,67.300000
2026-01-02,70.310000,70.310000
2026-01-05,71.200000,71.200000
2026-01-06,73.130000,73.130000
2026-01-07,75.110000,75.110000
2026-01-08,72.130000,72.130000
2026-01-09,72.470000,72.470000
2026-01-12,72.420000,72.420000
2026-01-13,71.670000,71.670000
2026-01-14,72.960000,72.960000
2026-01-15,71.820000,71.820000
2026-01-16,71.210000,71.210000
2026-01-20,70.430000,70.430000
2026-01-21,71.710000,71.710000
2026-01-22,71.290000,71.290000
2026-01-23,69.220000,69.220000
2026-01-26,69.870000,69.870000
2026-01-27,70.220000,70.220000
2026-01-28,72.830000,72.830000
2026-01-29,73.340000,73.340000
2026-01-30,71.710000,71.710000
2026-02-02,74.450000,74.450000
2026-02-03,76.480000,76.480000
2026-02-04,77.930000,77.930000
2026-02-05,78.420000,78.420000
2026-02-06,81.230000,81.230000
2026-02-09,80.480000,80.480000
2026-02-10,80.220000,80.220000
2026-02-11,79.510000,79.510000
2026-02-12,76.920000,76.920000
2026-02-13,79.440000,79.440000
2026-02-17,80.480000,80.480000
2026-02-18,73.230000,73.230000
2026-02-19,72.040000,72.040000
2026-02-20,70.980000,70.980000
2026-02-23,70.640000,70.640000
2026-02-24,70.360000,70.360000
2026-02-25,70.350000,70.350000
2026-02-26,69.220000,69.220000
2026-02-27,69.530000,69.530000
2026-03-02,69.850000,69.850000
2026-03-03,69.400000,69.400000
2026-03-04,70.020000,70.020000
2026-03-05,67.360000,67.360000
2026-03-06,67.370000,67.370000
2026-03-09,68.140000,68.140000
2026-03-10,67.810000,67.810000
2026-03-11,66.480000,66.480000
2026-03-12,63.560000,63.560000
2026-03-13,63.660000,63.660000
2026-03-16,64.290000,64.290000
2026-03-17,65.130000,65.130000
2026-03-18,63.650000,63.650000
2026-03-19,63.270000,63.270000
2026-03-20,63.430000,63.430000
2026-03-23,62.860000,62.860000
2026-03-24,62.040000,62.040000
2026-03-25,63.240000,63.240000
2026-03-26,63.290000,63.290000
2026-03-27,61.630000,61.630000
2026-03-30,62.130000,62.130000
2026-03-31,64.630000,64.630000
2026-04-01,65.400000,65.400000
2026-04-02,64.490000,64.490000
2026-04-06,63.080000,63.080000
2026-04-07,63.600000,63.600000
2026-04-08,65.430000,65.430000
2026-04-09,67.080000,67.080000
2026-04-10,67.820000,67.820000
2026-04-13,66.980000,66.980000
2026-04-14,67.310000,67.310000
2026-04-15,68.050000,68.050000
2026-04-16,66.640000,66.640000
2026-04-17,69.290000,69.290000
2026-04-20,69.570000,69.570000
2026-04-21,68.410000,68.410000
2026-04-22,68.400000,68.400000
2026-04-23,66.590000,66.590000
2026-04-24,65.360000,65.360000
2026-04-27,64.490000,64.490000
2026-04-28,63.860000,63.860000
2026-04-29,63.060000,63.060000
2026-04-30,63.660000,63.660000
2026-05-01,63.960000,63.960000
2026-05-04,64.570000,64.570000
2026-05-05,65.870000,65.870000
2026-05-06,66.350000,66.350000
2026-05-07,65.190000,65.190000
2026-05-08,64.120000,64.120000
2026-05-11,66.410000,66.410000
2026-05-12,70.930000,70.930000
2026-05-13,70.030000,70.030000
2026-05-14,69.210000,69.210000
2026-05-15,67.120000,67.120000
2026-05-18,67.440000,67.440000
2026-05-19,68.730000,68.730000
2026-05-20,68.980000,68.980000
2026-05-21,68.520000,68.520000
2026-05-22,68.320000,68.320000
2026-05-26,68.720000,68.720000
2026-05-27,68.650000,68.650000
2026-05-28,68.180000,68.180000
2026-05-29,66.540000,66.540000
2026-06-01,68.140000,68.140000
2026-06-02,66.280000,66.280000
2026-06-03,69.820000,69.820000
2026-06-04,71.600000,71.600000
2026-06-05,71.530000,71.530000
2026-06-08,70.730000,70.730000
2026-06-09,71.480000,71.480000
2026-06-10,70.500000,70.500000
2026-06-11,70.730000,70.730000
2026-06-12,69.500000,69.500000
2026-06-15,71.280000,71.280000
2026-06-16,69.640000,69.640000
2026-06-17,68.570000,68.570000
2026-06-18,68.550000,68.550000
2026-06-22,68.990000,68.990000
2026-06-23,69.620000,69.620000
2026-06-24,71.150000,71.150000
2026-06-25,72.640000,72.640000
2026-06-26,74.960000,74.960000
2026-06-29,77.180000,77.180000
2026-06-30,78.270000,78.270000
2026-07-01,77.010000,77.010000
2026-07-02,79.450000,79.450000
2026-07-06,80.780000,80.780000
2026-07-07,81.570000,81.570000
2026-07-08,80.370000,80.370000
2026-07-09,78.620000,78.620000
2026-07-10,76.200000,76.200000
2026-07-13,76.110000,76.110000
2026-07-14,75.050000,75.050000
2026-07-15,75.820000,75.820000
2026-07-16,77.540000,77.540000
2026-07-17,77.810000,77.810000
2026-07-20,77.090000,77.090000
2026-07-21,78.600000,78.600000
2026-07-22,77.820000,77.820000
2026-07-23,80.840000,80.840000
2026-07-24,81.930000,81.930000
2026-07-27,81.480000,81.480000
2026-07-28,83.450000,83.450000
2026-07-29,83.280000,83.280000
2026-07-30,83.300000,83.300000
2026-07-31,82.540000,82.540000
2026-08-03,82.270000,82.270000
2026-08-04,83.230000,83.230000
2026-08-05,83.590000,83.590000
2026-08-06,85.760000,85.760000
2026-08-07,103.120000,103.120000
2026-08-10,102.620000,102.620000
2026-08-11,102.620000,102.620000
2026-08-12,101.790000,101.790000
2026-08-13,100.670000,100.670000
2026-08-14,98.660000,98.660000
2026-08-17,102.700000,102.700000
