date,close,adj_close
1998-01-02,30.812500,16.345428
1998-01-05,30.656250,16.262541
1998-01-06,30.968750,16.428316
1998-01-07,31.000000,16.444893
1998-01-08,31.000000,16.444893
1998-01-09,30.218750,16.030455
1998-01-12,30.906250,16.395161
1998-01-13,31.187500,16.544358
1998-01-14,31.031250,16.461471
1998-01-15,30.750000,16.312273
1998-01-16,30.750000,16.312273
1998-01-20,31.000000,16.444893
1998-01-21,30.906250,16.395161
1998-01-22,30.531250,16.196231
1998-01-23,30.062500,15.947568
1998-01-26,29.906250,15.864680
1998-01-27,30.218750,16.030455
1998-01-28,32.125000,17.041684
1998-01-29,32.500000,17.240614
1998-01-30,31.843750,16.892486
1998-02-02,31.375000,16.643823
1998-02-03,31.906250,16.925641
1998-02-04,31.843750,16.892486
1998-02-05,31.468750,16.693556
1998-02-06,32.000000,16.975374
1998-02-09,32.093750,17.025106
1998-02-10,31.812500,16.875909
1998-02-11,31.906250,16.925641
1998-02-12,32.281250,17.124571
1998-02-13,31.625000,16.776444
1998-02-17,32.281250,17.124571
1998-02-18,32.968750,17.489277
1998-02-19,32.406250,17.190881
1998-02-20,32.718750,17.356657
1998-02-23,33.343750,17.688207
1998-02-24,33.500000,17.771094
1998-02-25,33.468750,17.754517
1998-02-26,33.562500,17.804249
1998-02-27,33.343750,17.688207
1998-03-02,33.062500,17.539009
1998-03-03,33.156250,17.588742
1998-03-04,34.125000,18.102645
1998-03-05,34.375000,18.235265
1998-03-06,35.375000,18.765745
1998-03-09,35.843750,19.014408
1998-03-10,35.843750,19.014408
1998-03-11,35.500000,18.832055
1998-03-12,35.437500,18.798900
1998-03-13,35.468750,18.815478
1998-03-16,35.656250,18.914943
1998-03-17,35.531250,18.848633
1998-03-18,35.593750,18.881788
1998-03-19,35.750000,18.964675
1998-03-20,36.437500,19.329381
1998-03-23,35.968750,19.080718
1998-03-24,36.312500,19.263071
1998-03-25,36.406250,19.312803
1998-03-26,36.281250,19.246493
1998-03-27,35.718750,18.948098
1998-03-30,35.531250,18.848633
1998-03-31,35.812500,18.997830
1998-04-01,36.406250,19.312803
1998-04-02,37.187500,19.727241
1998-04-03,37.437500,19.859861
1998-04-06,37.718750,20.009059
1998-04-07,37.656250,19.975904
1998-04-08,37.093750,19.677508
1998-04-09,38.031250,20.174834
1998-04-13,37.656250,19.975904
1998-04-14,37.468750,19.876439
1998-04-15,37.375000,19.826706
1998-04-16,37.062500,19.660931
1998-04-17,37.468750,19.876439
1998-04-20,37.468750,19.876439
1998-04-21,36.500000,19.362536
1998-04-22,35.968750,19.080718
1998-04-23,35.343750,18.749168
1998-04-24,34.468750,18.284997
1998-04-27,35.000000,18.566815
1998-04-28,35.031250,18.583393
1998-04-29,35.437500,18.798900
1998-04-30,36.625000,19.428846
1998-05-01,36.531250,19.379113
1998-05-04,36.406250,19.312803
1998-05-05,36.218750,19.213338
1998-05-06,35.875000,19.030985
1998-05-07,35.093750,18.616548
1998-05-08,35.562500,18.865210
1998-05-11,35.500000,18.832055
1998-05-12,35.406250,18.782323
1998-05-13,35.187500,18.666280
1998-05-14,35.062500,18.599970
1998-05-15,34.906250,18.517082
1998-05-18,34.593750,18.351307
1998-05-19,34.656250,18.384462
1998-05-20,35.468750,18.815478
1998-05-21,35.156250,18.649703
1998-05-22,35.156250,18.649703
1998-05-26,34.781250,18.450772
1998-05-27,34.531250,18.318152
1998-05-28,34.656250,18.384462
1998-05-29,34.562500,18.334730
1998-06-01,35.500000,18.832055
1998-06-02,35.500000,18.832055
1998-06-03,35.375000,18.765745
1998-06-04,35.281250,18.716013
1998-06-05,36.187500,19.196761
1998-06-08,36.187500,19.196761
1998-06-09,36.156250,19.180183
1998-06-10,36.062500,19.130450
1998-06-11,35.343750,18.749168
1998-06-12,34.531250,18.318152
1998-06-15,34.875000,18.500505
1998-06-16,35.375000,18.765745
1998-06-17,35.937500,19.064140
1998-06-18,35.875000,19.030985
1998-06-19,35.843750,19.014408
1998-06-22,35.687500,18.931520
1998-06-23,35.906250,19.047563
1998-06-24,35.906250,19.047563
1998-06-25,35.187500,18.666280
1998-06-26,35.750000,18.964675
1998-06-29,35.718750,18.948098
1998-06-30,34.500000,18.301575
1998-07-01,35.187500,18.666280
1998-07-02,35.218750,18.682858
1998-07-06,35.937500,19.064140
1998-07-07,35.250000,18.699435
1998-07-08,33.375000,17.704784
1998-07-09,33.000000,17.505854
1998-07-10,32.500000,17.240614
1998-07-13,32.250000,17.107994
1998-07-14,32.468750,17.224036
1998-07-15,31.781250,16.859331
1998-07-16,32.531250,17.257191
1998-07-17,32.875000,17.439544
1998-07-20,32.343750,17.157726
1998-07-21,32.500000,17.240614
1998-07-22,32.125000,17.041684
1998-07-23,31.125000,16.511203
1998-07-24,32.437500,17.207459
1998-07-27,32.562500,17.273769
1998-07-28,31.875000,16.909064
1998-07-29,32.312500,17.141149
1998-07-30,32.468750,17.224036
1998-07-31,31.562500,16.743289
1998-08-03,32.062500,17.008529
1998-08-04,30.250000,16.047033
1998-08-05,30.750000,16.312273
1998-08-06,31.031250,16.461471
1998-08-07,31.062500,16.478048
1998-08-10,31.062500,16.478048
1998-08-11,31.093750,16.494626
1998-08-12,31.968750,16.958796
1998-08-13,31.531250,16.726711
1998-08-14,30.781250,16.328851
1998-08-17,31.312500,16.610668
1998-08-18,32.187500,17.074839
1998-08-19,31.687500,16.809599
1998-08-20,32.062500,17.008529
1998-08-21,32.093750,17.025106
1998-08-24,32.500000,17.240614
1998-08-25,33.406250,17.721362
1998-08-26,33.406250,17.721362
1998-08-27,33.218750,17.621897
1998-08-28,34.718750,18.417617
1998-08-31,35.000000,18.566815
1998-09-01,34.656250,18.384462
1998-09-02,33.125000,17.572164
1998-09-03,32.187500,17.074839
1998-09-04,32.906250,17.456122
1998-09-08,34.218750,18.152377
1998-09-09,33.531250,17.787672
1998-09-10,32.656250,17.323502
1998-09-11,33.187500,17.605319
1998-09-14,33.656250,17.853982
1998-09-15,34.156250,18.119222
1998-09-16,33.687500,17.870559
1998-09-17,32.781250,17.389812
1998-09-18,32.500000,17.240614
1998-09-21,32.437500,17.207459
1998-09-22,33.031250,17.522432
1998-09-23,34.312500,18.202110
1998-09-24,33.718750,17.887137
1998-09-25,33.562500,17.804249
1998-09-28,34.937500,18.533660
1998-09-29,34.781250,18.450772
1998-09-30,34.218750,18.152377
1998-10-01,33.906250,17.986602
1998-10-02,35.093750,18.616548
1998-10-05,35.718750,18.948098
1998-10-06,36.062500,19.130450
1998-10-07,36.343750,19.279648
1998-10-08,37.375000,19.826706
1998-10-09,36.875000,19.561466
1998-10-12,36.281250,19.246493
1998-10-13,35.843750,19.014408
1998-10-14,36.062500,19.130450
1998-10-15,36.937500,19.594621
1998-10-16,36.062500,19.130450
1998-10-19,36.562500,19.395691
1998-10-20,36.593750,19.412268
1998-10-21,37.468750,19.876439
1998-10-22,37.781250,20.042214
1998-10-23,36.812500,19.528311
1998-10-26,36.093750,19.147028
1998-10-27,35.687500,18.931520
1998-10-28,33.562500,17.804249
1998-10-29,33.156250,17.588742
1998-10-30,33.906250,17.986602
1998-11-02,34.656250,18.384462
1998-11-03,34.250000,18.168955
1998-11-04,33.843750,17.953447
1998-11-05,34.250000,18.168955
1998-11-06,33.500000,17.771094
1998-11-09,33.500000,17.771094
1998-11-10,33.000000,17.505854
1998-11-11,32.906250,17.456122
1998-11-12,32.562500,17.273769
1998-11-13,32.906250,17.456122
1998-11-16,33.750000,17.903714
1998-11-17,33.437500,17.737939
1998-11-18,33.718750,17.887137
1998-11-19,33.593750,17.820827
1998-11-20,34.093750,18.086067
1998-11-23,34.687500,18.401040
1998-11-24,34.468750,18.284997
1998-11-25,34.375000,18.235265
1998-11-27,34.375000,18.235265
1998-11-30,33.625000,17.837404
1998-12-01,33.812500,17.936870
1998-12-02,33.437500,17.737939
1998-12-03,33.000000,17.505854
1998-12-04,33.500000,17.771094
1998-12-07,33.812500,17.936870
1998-12-08,33.218750,17.621897
1998-12-09,32.812500,17.406389
1998-12-10,32.500000,17.240614
1998-12-11,31.812500,16.875909
1998-12-14,31.562500,16.743289
1998-12-15,31.531250,16.726711
1998-12-16,31.468750,16.693556
1998-12-17,30.906250,16.395161
1998-12-18,30.687500,16.279118
1998-12-21,30.812500,16.345428
1998-12-22,31.750000,16.842754
1998-12-23,32.875000,17.439544
1998-12-24,32.125000,17.041684
1998-12-28,32.031250,16.991951
1998-12-29,31.750000,16.842754
1998-12-30,31.156250,16.527781
1998-12-31,31.093750,16.494626
1999-01-04,31.156250,16.527781
1999-01-05,31.218750,16.560936
1999-01-06,32.000000,16.975374
1999-01-07,31.406250,16.660401
1999-01-08,31.500000,16.710134
1999-01-11,30.593750,16.229386
1999-01-12,30.125000,15.980723
1999-01-13,29.718750,15.765215
1999-01-14,29.906250,15.864680
1999-01-15,30.625000,16.245963
1999-01-19,30.437500,16.146498
1999-01-20,29.875000,15.848103
1999-01-21,29.000000,15.383932
1999-01-22,29.500000,15.649173
1999-01-25,30.750000,16.312273
1999-01-26,30.750000,16.312273
1999-01-27,30.968750,16.428316
1999-01-28,31.968750,16.958796
1999-01-29,28.125000,14.919762
1999-02-01,27.781250,14.737409
1999-02-02,28.187500,14.952917
1999-02-03,28.500000,15.118692
1999-02-04,28.531250,15.135270
1999-02-05,28.468750,15.102115
1999-02-08,27.781250,14.737409
1999-02-09,28.718750,15.234735
1999-02-10,29.593750,15.698905
1999-02-11,29.843750,15.831525
1999-02-12,29.750000,15.781793
1999-02-16,30.531250,16.196231
1999-02-17,30.343750,16.096766
1999-02-18,30.906250,16.395161
1999-02-19,31.500000,16.710134
1999-02-22,31.875000,16.973726
1999-02-23,31.281250,16.657548
1999-02-24,31.625000,16.840598
1999-02-25,31.531250,16.790676
1999-02-26,31.125000,16.574344
1999-03-01,30.937500,16.474498
1999-03-02,30.500000,16.241526
1999-03-03,30.125000,16.041835
1999-03-04,29.687500,15.808862
1999-03-05,30.000000,15.975271
1999-03-08,30.062500,16.008553
1999-03-09,30.500000,16.241526
1999-03-10,30.250000,16.108398
1999-03-11,30.531250,16.258166
1999-03-12,30.750000,16.374653
1999-03-15,30.906250,16.457857
1999-03-16,30.937500,16.474498
1999-03-17,29.781250,15.858785
1999-03-18,28.750000,15.309635
1999-03-19,28.156250,14.993458
1999-03-22,28.375000,15.109944
1999-03-23,28.062500,14.943535
1999-03-24,27.843750,14.827048
1999-03-25,28.437500,15.143226
1999-03-26,28.406250,15.126585
1999-03-29,29.437500,15.675735
1999-03-30,29.031250,15.459403
1999-03-31,28.031250,14.926894
1999-04-01,27.875000,14.843689
1999-04-05,27.593750,14.693921
1999-04-06,26.406250,14.061567
1999-04-07,26.406250,14.061567
1999-04-08,26.250000,13.978362
1999-04-09,25.875000,13.778671
1999-04-12,26.312500,14.011644
1999-04-13,26.718750,14.227976
1999-04-14,25.718750,13.695467
1999-04-15,25.500000,13.578980
1999-04-16,27.156250,14.460948
1999-04-19,27.218750,14.494230
1999-04-20,27.156250,14.460948
1999-04-21,27.343750,14.560794
1999-04-22,27.468750,14.627358
1999-04-23,27.312500,14.544153
1999-04-26,26.156250,13.928439
1999-04-27,26.093750,13.895158
1999-04-28,26.218750,13.961721
1999-04-29,26.343750,14.028285
1999-04-30,26.312500,14.011644
1999-05-03,27.406250,14.594076
1999-05-04,26.250000,13.978362
1999-05-05,26.906250,14.327821
1999-05-06,27.437500,14.610717
1999-05-07,27.718750,14.760485
1999-05-10,27.875000,14.843689
1999-05-11,27.875000,14.843689
1999-05-12,27.593750,14.693921
1999-05-13,28.750000,15.309635
1999-05-14,28.437500,15.143226
1999-05-17,27.750000,14.777126
1999-05-18,28.187500,15.010098
1999-05-19,28.125000,14.976817
1999-05-20,28.062500,15.007567
1999-05-21,28.343750,15.157977
1999-05-24,27.937500,14.940718
1999-05-25,28.250000,15.107840
1999-05-26,28.250000,15.107840
1999-05-27,27.218750,14.556337
1999-05-28,27.125000,14.506201
1999-06-01,27.125000,14.506201
1999-06-02,27.187500,14.539625
1999-06-03,26.906250,14.389215
1999-06-04,27.625000,14.773596
1999-06-07,27.468750,14.690035
1999-06-08,27.437500,14.673323
1999-06-09,26.906250,14.389215
1999-06-10,26.875000,14.372503
1999-06-11,26.937500,14.405927
1999-06-14,27.562500,14.740172
1999-06-15,27.468750,14.690035
1999-06-16,27.781250,14.857157
1999-06-17,27.937500,14.940718
1999-06-18,28.156250,15.057704
1999-06-21,28.562500,15.274962
1999-06-22,28.562500,15.274962
1999-06-23,28.312500,15.141265
1999-06-24,28.375000,15.174689
1999-06-25,27.937500,14.940718
1999-06-28,28.406250,15.191401
1999-06-29,29.500000,15.776329
1999-06-30,29.687500,15.876602
1999-07-01,29.437500,15.742904
1999-07-02,29.343750,15.692768
1999-07-06,29.312500,15.676056
1999-07-07,29.250000,15.642631
1999-07-08,29.000000,15.508933
1999-07-09,29.406250,15.726192
1999-07-12,29.187500,15.609207
1999-07-13,28.875000,15.442085
1999-07-14,28.906250,15.458797
1999-07-15,28.968750,15.492221
1999-07-16,29.250000,15.642631
1999-07-19,28.875000,15.442085
1999-07-20,28.968750,15.492221
1999-07-21,29.437500,15.742904
1999-07-22,29.218750,15.625919
1999-07-23,29.031250,15.525646
1999-07-26,29.718750,15.893314
1999-07-27,30.281250,16.194134
1999-07-28,29.781250,15.926739
1999-07-29,28.875000,15.442085
1999-07-30,29.000000,15.508933
1999-08-02,29.281250,15.659343
1999-08-03,29.250000,15.642631
1999-08-04,28.937500,15.475509
1999-08-05,28.781250,15.391948
1999-08-06,28.593750,15.291675
1999-08-09,28.843750,15.425372
1999-08-10,28.687500,15.341811
1999-08-11,28.500000,15.241538
1999-08-12,27.750000,14.840445
1999-08-13,28.343750,15.157977
1999-08-16,28.156250,15.057704
1999-08-17,28.312500,15.141265
1999-08-18,27.562500,14.740172
1999-08-19,27.437500,14.673323
1999-08-20,27.500000,14.706747
1999-08-23,27.656250,14.860558
1999-08-24,27.656250,14.860558
1999-08-25,27.531250,14.793392
1999-08-26,27.218750,14.625476
1999-08-27,27.062500,14.541518
1999-08-30,26.843750,14.423977
1999-08-31,26.781250,14.390394
1999-09-01,26.781250,14.390394
1999-09-02,26.406250,14.188895
1999-09-03,26.500000,14.239269
1999-09-07,26.031250,13.987395
1999-09-08,25.875000,13.903438
1999-09-09,25.125000,13.500439
1999-09-10,25.906250,13.920229
1999-09-13,25.937500,13.937021
1999-09-14,25.718750,13.819480
1999-09-15,26.000000,13.970604
1999-09-16,25.718750,13.819480
1999-09-17,26.312500,14.138520
1999-09-20,26.375000,14.172103
1999-09-21,25.937500,13.937021
1999-09-22,25.687500,13.802688
1999-09-23,25.625000,13.769105
1999-09-24,25.750000,13.836271
1999-09-27,25.718750,13.819480
1999-09-28,25.437500,13.668355
1999-09-29,25.000000,13.433273
1999-09-30,24.343750,13.080650
1999-10-01,24.125000,12.963108
1999-10-04,24.375000,13.097441
1999-10-05,24.718750,13.282149
1999-10-06,25.000000,13.433273
1999-10-07,24.593750,13.214982
1999-10-08,25.500000,13.701938
1999-10-11,24.937500,13.399690
1999-10-12,24.593750,13.214982
1999-10-13,24.250000,13.030275
1999-10-14,24.812500,13.332523
1999-10-15,23.812500,12.795193
1999-10-18,24.468750,13.147816
1999-10-19,24.875000,13.366107
1999-10-20,25.531250,13.718730
1999-10-21,25.562500,13.735522
1999-10-22,24.843750,13.349315
1999-10-25,25.093750,13.483648
1999-10-26,24.468750,13.147816
1999-10-27,25.187500,13.534023
1999-10-28,25.125000,13.500439
1999-10-29,25.250000,13.567606
1999-11-01,26.062500,14.004187
1999-11-02,26.312500,14.138520
1999-11-03,25.625000,13.769105
1999-11-04,25.125000,13.500439
1999-11-05,25.125000,13.500439
1999-11-08,25.281250,13.584397
1999-11-09,24.781250,13.315732
1999-11-10,24.625000,13.231774
1999-11-11,24.375000,13.097441
1999-11-12,24.468750,13.147816
1999-11-15,24.406250,13.114233
1999-11-16,24.968750,13.416481
1999-11-17,25.812500,13.869854
1999-11-18,25.218750,13.619406
1999-11-19,25.000000,13.501270
1999-11-22,24.781250,13.383134
1999-11-23,24.437500,13.197491
1999-11-24,25.093750,13.551899
1999-11-26,24.906250,13.450640
1999-11-29,24.531250,13.248121
1999-11-30,24.562500,13.264997
1999-12-01,24.812500,13.400010
1999-12-02,25.250000,13.636282
1999-12-03,26.656250,14.395729
1999-12-06,25.968750,14.024444
1999-12-07,25.531250,13.788172
1999-12-08,25.562500,13.805048
1999-12-09,25.625000,13.838801
1999-12-10,25.500000,13.771295
1999-12-13,25.125000,13.568776
1999-12-14,24.531250,13.248121
1999-12-15,24.125000,13.028725
1999-12-16,24.000000,12.961219
1999-12-17,24.156250,13.045602
1999-12-20,25.031250,13.518146
1999-12-21,25.187500,13.602529
1999-12-22,24.718750,13.349380
1999-12-23,24.718750,13.349380
1999-12-27,25.062500,13.535023
1999-12-28,23.906250,12.910589
1999-12-29,23.156250,12.505551
1999-12-30,23.843750,12.876836
1999-12-31,23.718750,12.809330
2000-01-03,23.187500,12.522428
2000-01-04,22.312500,12.049883
2000-01-05,22.406250,12.100513
2000-01-06,23.000000,12.421168
2000-01-07,23.062500,12.454921
2000-01-10,23.125000,12.488674
2000-01-11,22.656250,12.235526
2000-01-12,22.500000,12.151143
2000-01-13,22.343750,12.066760
2000-01-14,21.281250,11.492956
2000-01-18,21.500000,11.611092
2000-01-19,21.562500,11.644845
2000-01-20,21.093750,11.391696
2000-01-21,20.625000,11.138547
2000-01-24,20.062500,10.834769
2000-01-25,19.906250,10.750386
2000-01-26,20.093750,10.851646
2000-01-27,19.718750,10.649126
2000-01-28,18.875000,10.193459
2000-01-31,21.250000,11.476079
2000-02-01,20.281250,10.952905
2000-02-02,20.343750,10.986658
2000-02-03,20.687500,11.172301
2000-02-04,20.750000,11.206054
2000-02-07,20.500000,11.071041
2000-02-08,21.093750,11.391696
2000-02-09,20.875000,11.273560
2000-02-10,21.000000,11.341067
2000-02-11,21.375000,11.543586
2000-02-14,21.218750,11.459203
2000-02-15,21.906250,11.830488
2000-02-16,22.093750,11.931747
2000-02-17,22.281250,12.033007
2000-02-18,22.562500,12.184896
2000-02-22,23.343750,12.606811
2000-02-23,23.062500,12.524670
2000-02-24,22.375000,12.151306
2000-02-25,22.562500,12.253133
2000-02-28,22.062500,11.981595
2000-02-29,21.968750,11.930682
2000-03-01,22.406250,12.168277
2000-03-02,21.843750,11.862798
2000-03-03,21.562500,11.710058
2000-03-06,21.093750,11.455491
2000-03-07,20.000000,10.861503
2000-03-08,20.906250,11.353665
2000-03-09,20.562500,11.166983
2000-03-10,20.000000,10.861503
2000-03-13,20.000000,10.861503
2000-03-14,20.468750,11.116069
2000-03-15,21.875000,11.879769
2000-03-16,23.843750,12.948948
2000-03-17,23.062500,12.524670
2000-03-20,23.500000,12.762266
2000-03-21,23.468750,12.745295
2000-03-22,22.531250,12.236162
2000-03-23,22.656250,12.304046
2000-03-24,22.000000,11.947653
2000-03-27,21.593750,11.727029
2000-03-28,21.000000,11.404578
2000-03-29,23.406250,12.711353
2000-03-30,24.500000,13.305341
2000-03-31,24.375000,13.237457
2000-04-03,23.500000,12.762266
2000-04-04,24.343750,13.220485
2000-04-05,24.000000,13.033803
2000-04-06,23.781250,12.915006
2000-04-07,23.093750,12.541642
2000-04-10,23.218750,12.609526
2000-04-11,23.968750,13.016832
2000-04-12,24.562500,13.339283
2000-04-13,24.156250,13.118659
2000-04-14,23.531250,12.779237
2000-04-17,23.406250,12.711353
2000-04-18,23.281250,12.643468
2000-04-19,23.781250,12.915006
2000-04-20,23.843750,12.948948
2000-04-24,24.562500,13.339283
2000-04-25,24.562500,13.339283
2000-04-26,23.812500,12.931977
2000-04-27,23.531250,12.779237
2000-04-28,22.750000,12.354959
2000-05-01,22.656250,12.304046
2000-05-02,22.937500,12.456786
2000-05-03,23.531250,12.779237
2000-05-04,23.625000,12.830150
2000-05-05,23.187500,12.592555
2000-05-08,24.125000,13.101688
2000-05-09,24.343750,13.220485
2000-05-10,25.000000,13.576879
2000-05-11,25.000000,13.576879
2000-05-12,24.687500,13.407168
2000-05-15,25.781250,14.001156
2000-05-16,25.687500,13.950243
2000-05-17,25.125000,13.644763
2000-05-18,25.343750,13.763561
2000-05-19,24.906250,13.525965
2000-05-22,25.468750,13.831445
2000-05-23,25.937500,14.158280
2000-05-24,26.531250,14.482385
2000-05-25,26.625000,14.533559
2000-05-26,27.500000,15.011188
2000-05-30,26.906250,14.687083
2000-05-31,25.937500,14.158280
2000-06-01,25.687500,14.021814
2000-06-02,25.031250,13.663593
2000-06-05,24.593750,13.424778
2000-06-06,25.406250,13.868291
2000-06-07,26.062500,14.226512
2000-06-08,26.187500,14.294745
2000-06-09,25.906250,14.141221
2000-06-12,25.781250,14.072989
2000-06-13,26.281250,14.345919
2000-06-14,26.625000,14.533559
2000-06-15,26.656250,14.550617
2000-06-16,25.843750,14.107105
2000-06-19,26.031250,14.209454
2000-06-20,25.281250,13.800058
2000-06-21,24.812500,13.544185
2000-06-22,24.406250,13.322429
2000-06-23,24.843750,13.561244
2000-06-26,25.000000,13.646534
2000-06-27,25.437500,13.885349
2000-06-28,25.117188,13.710503
2000-06-29,24.343750,13.288313
2000-06-30,24.250000,13.237138
2000-07-03,24.062500,13.134789
2000-07-05,24.093750,13.151848
2000-07-06,22.937500,12.520695
2000-07-07,23.156250,12.640103
2000-07-10,22.656250,12.367172
2000-07-11,22.687500,12.384230
2000-07-12,22.250000,12.145416
2000-07-13,22.531250,12.298939
2000-07-14,22.375000,12.213648
2000-07-17,21.906250,11.957776
2000-07-18,22.375000,12.213648
2000-07-19,22.593750,12.333056
2000-07-20,22.250000,12.145416
2000-07-21,21.562500,11.770136
2000-07-24,21.593750,11.787194
2000-07-25,22.093750,12.060125
2000-07-26,23.250000,12.691277
2000-07-27,22.875000,12.486579
2000-07-28,23.281250,12.708335
2000-07-31,23.125000,12.623044
2000-08-01,23.125000,12.623044
2000-08-02,23.125000,12.623044
2000-08-03,23.187500,12.657161
2000-08-04,23.437500,12.793626
2000-08-07,23.375000,12.759510
2000-08-08,23.218750,12.674219
2000-08-09,23.062500,12.588928
2000-08-10,23.500000,12.827742
2000-08-11,23.343750,12.742452
2000-08-14,23.156250,12.640103
2000-08-15,23.093750,12.605986
2000-08-16,22.718750,12.401288
2000-08-17,22.718750,12.401288
2000-08-18,22.250000,12.145416
2000-08-21,22.500000,12.281881
2000-08-22,22.281250,12.162474
2000-08-23,22.437500,12.325208
2000-08-24,22.218750,12.205046
2000-08-25,21.875000,12.016219
2000-08-28,22.062500,12.119215
2000-08-29,22.000000,12.084883
2000-08-30,21.562500,11.844559
2000-08-31,21.343750,11.724397
2000-09-01,21.218750,11.655733
2000-09-05,21.062500,11.569903
2000-09-06,22.218750,12.205046
2000-09-07,22.375000,12.290876
2000-09-08,22.406250,12.308042
2000-09-11,22.093750,12.136381
2000-09-12,22.562500,12.393872
2000-09-13,22.625000,12.428204
2000-09-14,22.812500,12.531200
2000-09-15,23.406250,12.857355
2000-09-18,24.062500,13.217841
2000-09-19,24.281250,13.338003
2000-09-20,24.562500,13.492498
2000-09-21,24.875000,13.664158
2000-09-22,25.468750,13.990312
2000-09-25,24.718750,13.578328
2000-09-26,25.062500,13.767154
2000-09-27,26.093750,14.333633
2000-09-28,26.750000,14.694120
2000-09-29,27.062500,14.865780
2000-10-02,26.250000,14.419463
2000-10-03,25.437500,13.973146
2000-10-04,25.812500,14.179139
2000-10-05,26.187500,14.385131
2000-10-06,26.375000,14.488127
2000-10-09,26.812500,14.728452
2000-10-10,26.312500,14.453795
2000-10-11,26.406250,14.505293
2000-10-12,26.093750,14.333633
2000-10-13,25.343750,13.921648
2000-10-16,25.562500,14.041811
2000-10-17,25.093750,13.784320
2000-10-18,25.156250,13.818652
2000-10-19,24.656250,13.543996
2000-10-20,24.375000,13.389502
2000-10-23,24.875000,13.664158
2000-10-24,25.781250,14.161973
2000-10-25,26.343750,14.470961
2000-10-26,25.937500,14.247803
2000-10-27,26.281250,14.436629
2000-10-30,26.937500,14.797116
2000-10-31,27.156250,14.917278
2000-11-01,27.281250,14.985942
2000-11-02,26.875000,14.762784
2000-11-03,27.156250,14.917278
2000-11-06,28.187500,15.483757
2000-11-07,28.656250,15.741247
2000-11-08,29.000000,15.930074
2000-11-09,29.312500,16.101734
2000-11-10,30.187500,16.582383
2000-11-13,29.906250,16.427888
2000-11-14,29.500000,16.204730
2000-11-15,29.937500,16.445054
2000-11-16,30.343750,16.668213
2000-11-17,30.000000,16.479386
2000-11-20,29.531250,16.297953
2000-11-21,29.781250,16.435925
2000-11-22,29.843750,16.470418
2000-11-24,29.656250,16.366939
2000-11-27,30.250000,16.694623
2000-11-28,30.968750,17.091293
2000-11-29,32.187500,17.763907
2000-11-30,31.625000,17.453469
2000-12-01,31.500000,17.384483
2000-12-04,31.312500,17.281004
2000-12-05,30.156250,16.642883
2000-12-06,30.343750,16.746362
2000-12-07,30.656250,16.918828
2000-12-08,30.375000,16.763609
2000-12-11,29.000000,16.004762
2000-12-12,29.000000,16.004762
2000-12-13,29.562500,16.315200
2000-12-14,29.625000,16.349693
2000-12-15,29.343750,16.194474
2000-12-18,30.406250,16.780855
2000-12-19,30.625000,16.901581
2000-12-20,30.812500,17.005060
2000-12-21,30.750000,16.970567
2000-12-22,30.843750,17.022307
2000-12-26,32.187500,17.763907
2000-12-27,32.812500,18.108837
2000-12-28,32.718750,18.057097
2000-12-29,32.187500,17.763907
2001-01-02,32.562500,17.970865
2001-01-03,30.687500,16.936074
2001-01-04,28.500000,15.728818
2001-01-05,28.875000,15.935776
2001-01-08,29.593750,16.332446
2001-01-09,29.625000,16.349693
2001-01-10,29.250000,16.142735
2001-01-11,28.656250,15.815051
2001-01-12,28.593750,15.780558
2001-01-16,29.437500,16.246214
2001-01-17,28.937500,15.970269
2001-01-18,29.125000,16.073749
2001-01-19,28.625000,15.797804
2001-01-22,28.500000,15.728818
2001-01-23,28.656250,15.815051
2001-01-24,29.218750,16.125488
2001-01-25,29.187500,16.108242
2001-01-26,29.250000,16.142735
2001-01-29,29.655001,16.366250
2001-01-30,29.504999,16.283466
2001-01-31,29.750000,16.418679
2001-02-01,29.900000,16.501462
2001-02-02,29.905001,16.504222
2001-02-05,30.350000,16.749812
2001-02-06,30.525000,16.846392
2001-02-07,31.000000,17.108539
2001-02-08,31.820000,17.561088
2001-02-09,32.020000,17.671465
2001-02-12,32.334999,17.845310
2001-02-13,32.459999,17.914296
2001-02-14,31.760000,17.527974
2001-02-15,31.615000,17.447951
2001-02-16,32.195000,17.768046
2001-02-20,32.500000,17.936372
2001-02-21,31.975000,17.722975
2001-02-22,31.504999,17.462465
2001-02-23,31.410000,17.409810
2001-02-26,31.959999,17.714661
2001-02-27,31.950001,17.709119
2001-02-28,32.044998,17.761774
2001-03-01,32.450001,17.986257
2001-03-02,31.750000,17.598263
2001-03-05,32.000000,17.736832
2001-03-06,31.770000,17.609349
2001-03-07,31.860001,17.659234
2001-03-08,32.250000,17.875401
2001-03-09,32.325001,17.916973
2001-03-12,32.605000,18.072169
2001-03-13,32.375000,17.944686
2001-03-14,32.259998,17.880943
2001-03-15,32.599998,18.069397
2001-03-16,33.049999,18.318822
2001-03-19,33.205002,18.404736
2001-03-20,33.224998,18.415819
2001-03-21,32.910000,18.241224
2001-03-22,32.480000,18.002885
2001-03-23,32.355000,17.933600
2001-03-26,32.320000,17.914201
2001-03-27,33.275002,18.443535
2001-03-28,33.950001,18.817671
2001-03-29,34.485001,19.114209
2001-03-30,34.660000,19.211207
2001-04-02,34.389999,19.061551
2001-04-03,33.740002,18.701274
2001-04-04,33.665001,18.659702
2001-04-05,33.400002,18.512820
2001-04-06,33.165001,18.382564
2001-04-09,33.525002,18.582104
2001-04-10,33.500000,18.568246
2001-04-11,33.224998,18.415819
2001-04-12,32.945000,18.260623
2001-04-16,32.750000,18.152539
2001-04-17,32.450001,17.986257
2001-04-18,31.475000,17.445837
2001-04-19,31.764999,17.606577
2001-04-20,30.995001,17.179786
2001-04-23,30.389999,16.844447
2001-04-24,30.420000,16.861076
2001-04-25,31.174999,17.279554
2001-04-26,31.105000,17.240755
2001-04-27,31.325001,17.362697
2001-04-30,30.205000,16.741907
2001-05-01,29.885000,16.564539
2001-05-02,30.100000,16.683708
2001-05-03,29.945000,16.597795
2001-05-04,30.125000,16.697565
2001-05-07,30.650000,16.988560
2001-05-08,30.764999,17.052301
2001-05-09,30.440001,16.872162
2001-05-10,30.000000,16.628280
2001-05-11,29.905001,16.575625
2001-05-14,30.000000,16.628280
2001-05-15,29.750000,16.489711
2001-05-16,30.000000,16.628280
2001-05-17,29.850000,16.545139
2001-05-18,29.514999,16.359456
2001-05-21,29.605000,16.409341
2001-05-22,29.400000,16.295715
2001-05-23,29.764999,16.576963
2001-05-24,30.125000,16.777458
2001-05-25,29.879999,16.641010
2001-05-29,30.240000,16.841504
2001-05-30,30.455000,16.961244
2001-05-31,30.320000,16.886058
2001-06-01,30.450001,16.958460
2001-06-04,30.615000,17.050352
2001-06-05,30.510000,16.991875
2001-06-06,30.415001,16.938967
2001-06-07,30.490000,16.980736
2001-06-08,30.480000,16.975167
2001-06-11,30.530001,17.003014
2001-06-12,30.475000,16.972382
2001-06-13,30.420000,16.941751
2001-06-14,29.975000,16.693918
2001-06-15,30.025000,16.721765
2001-06-18,29.905001,16.654934
2001-06-19,30.055000,16.738473
2001-06-20,30.250000,16.847074
2001-06-21,30.754999,17.128322
2001-06-22,30.504999,16.989090
2001-06-25,30.480000,16.975167
2001-06-26,30.775000,17.139461
2001-06-27,30.575001,17.028076
2001-06-28,30.590000,17.036429
2001-06-29,30.855000,17.184015
2001-07-02,30.815001,17.161738
2001-07-03,30.889999,17.203507
2001-07-05,30.865000,17.189584
2001-07-06,30.665001,17.078199
2001-07-09,30.635000,17.061491
2001-07-10,30.895000,17.206292
2001-07-11,31.120001,17.331601
2001-07-12,31.150000,17.348309
2001-07-13,31.200001,17.376156
2001-07-16,31.469999,17.526525
2001-07-17,32.049999,17.849543
2001-07-18,32.160000,17.910806
2001-07-19,32.305000,17.991561
2001-07-20,31.309999,17.437417
2001-07-23,30.590000,17.036429
2001-07-24,30.105000,16.766319
2001-07-25,30.350000,16.902766
2001-07-26,30.370001,16.913905
2001-07-27,30.160000,16.796950
2001-07-30,29.760000,16.574179
2001-07-31,30.180000,16.808089
2001-08-01,29.950001,16.679996
2001-08-02,30.184999,16.810873
2001-08-03,29.850000,16.624302
2001-08-06,29.605000,16.487855
2001-08-07,29.580000,16.473932
2001-08-08,29.450001,16.401532
2001-08-09,29.504999,16.432162
2001-08-10,29.735001,16.560256
2001-08-13,29.825001,16.610380
2001-08-14,29.915001,16.660503
2001-08-15,30.150000,16.791381
2001-08-16,30.129999,16.780242
2001-08-17,30.139999,16.785811
2001-08-20,30.344999,16.899981
2001-08-21,31.395000,17.484756
2001-08-22,31.674999,17.726093
2001-08-23,31.750000,17.768066
2001-08-24,32.025002,17.921964
2001-08-27,32.595001,18.240949
2001-08-28,32.134998,17.983520
2001-08-29,32.000000,17.907972
2001-08-30,32.250000,18.047878
2001-08-31,32.240002,18.042283
2001-09-04,32.525002,18.201776
2001-09-05,33.000000,18.467596
2001-09-06,32.875000,18.397643
2001-09-07,32.560001,18.221362
2001-09-10,33.049999,18.495577
2001-09-17,31.980000,17.896779
2001-09-18,31.750000,17.768066
2001-09-19,31.370001,17.555409
2001-09-20,31.000000,17.348348
2001-09-21,30.125000,16.858677
2001-09-24,31.000000,17.348348
2001-09-25,31.600000,17.684122
2001-09-26,31.850000,17.824028
2001-09-27,32.470001,18.170996
2001-09-28,32.685001,18.291315
2001-10-01,32.209999,18.025492
2001-10-02,32.365002,18.112236
2001-10-03,32.099998,17.963933
2001-10-04,31.745001,17.765268
2001-10-05,32.150002,17.991917
2001-10-08,31.799999,17.796046
2001-10-09,31.584999,17.675727
2001-10-10,32.055000,17.938751
2001-10-11,31.545000,17.653343
2001-10-12,30.514999,17.076929
2001-10-15,30.450001,17.040555
2001-10-16,30.450001,17.040555
2001-10-17,30.625000,17.138489
2001-10-18,31.030001,17.365137
2001-10-19,32.275002,18.061870
2001-10-22,32.375000,18.117831
2001-10-23,32.005001,17.910771
2001-10-24,32.000000,17.907972
2001-10-25,32.270000,18.059070
2001-10-26,32.445000,18.157005
2001-10-29,32.070000,17.947146
2001-10-30,31.879999,17.840816
2001-10-31,31.865000,17.832423
2001-11-01,32.419998,18.143013
2001-11-02,32.875000,18.397643
2001-11-05,33.389999,18.685849
2001-11-06,33.735001,18.878920
2001-11-07,33.654999,18.834149
2001-11-08,33.134998,18.543144
2001-11-09,33.084999,18.515163
2001-11-12,33.215000,18.587915
2001-11-13,33.220001,18.590714
2001-11-14,33.380001,18.680254
2001-11-15,33.160000,18.557136
2001-11-16,33.349998,18.663463
2001-11-19,33.299999,18.635483
2001-11-20,32.985001,18.543427
2001-11-21,33.029999,18.568724
2001-11-23,33.180000,18.653051
2001-11-26,33.240002,18.686783
2001-11-27,32.924999,18.509695
2001-11-28,32.599998,18.326987
2001-11-29,32.750000,18.411315
2001-11-30,32.730000,18.400071
2001-12-03,32.950001,18.523751
2001-12-04,32.810001,18.445046
2001-12-05,32.950001,18.523751
2001-12-06,32.480000,18.259527
2001-12-07,32.615002,18.335422
2001-12-10,32.590000,18.321367
2001-12-11,32.480000,18.259527
2001-12-12,32.474998,18.256715
2001-12-13,32.625000,18.341043
2001-12-14,33.070000,18.591212
2001-12-17,33.080002,18.596835
2001-12-18,33.264999,18.700836
2001-12-19,33.529999,18.849813
2001-12-20,33.845001,19.026900
2001-12-21,34.145000,19.195553
2001-12-24,33.959999,19.091549
2001-12-26,33.875000,19.043765
2001-12-27,34.029999,19.130902
2001-12-28,33.994999,19.111225
2001-12-31,33.849998,19.029709
2002-01-02,33.825001,19.015656
2002-01-03,33.625000,18.903220
2002-01-04,33.375000,18.762676
2002-01-07,33.419998,18.787973
2002-01-08,33.680000,18.934140
2002-01-09,33.580002,18.877923
2002-01-10,33.590000,18.883544
2002-01-11,33.750000,18.973492
2002-01-14,34.009998,19.119658
2002-01-15,34.375000,19.324853
2002-01-16,34.314999,19.291122
2002-01-17,34.384998,19.330474
2002-01-18,34.654999,19.482263
2002-01-22,34.945000,19.645295
2002-01-23,35.000000,19.676214
2002-01-24,34.525002,19.409181
2002-01-25,34.215000,19.234905
2002-01-28,34.599998,19.451342
2002-01-29,34.680000,19.496318
2002-01-30,34.860001,19.597510
2002-01-31,35.185001,19.780218
2002-02-01,34.884998,19.611563
2002-02-04,35.049999,19.704323
2002-02-05,34.965000,19.656538
2002-02-06,35.014999,19.684647
2002-02-07,35.299999,19.844867
2002-02-08,35.189999,19.783028
2002-02-11,34.750000,19.535670
2002-02-12,34.845001,19.589077
2002-02-13,34.974998,19.662159
2002-02-14,35.084999,19.723999
2002-02-15,35.470001,19.940438
2002-02-19,35.185001,19.780218
2002-02-20,35.580002,20.002279
2002-02-21,35.384998,19.977576
2002-02-22,35.825001,20.225992
2002-02-25,36.035000,20.344553
2002-02-26,35.860001,20.245752
2002-02-27,35.494999,20.039680
2002-02-28,35.325001,19.943703
2002-03-01,35.529999,20.059440
2002-03-04,34.994999,19.757391
2002-03-05,34.645000,19.559790
2002-03-06,34.720001,19.602134
2002-03-07,34.535000,19.497686
2002-03-08,34.490002,19.472281
2002-03-11,34.285000,19.356542
2002-03-12,34.380001,19.410177
2002-03-13,34.340000,19.387594
2002-03-14,34.439999,19.444051
2002-03-15,34.384998,19.412998
2002-03-18,33.735001,19.046025
2002-03-19,33.700001,19.026265
2002-03-20,33.505001,18.916172
2002-03-21,33.825001,19.096837
2002-03-22,33.830002,19.099660
2002-03-25,33.724998,19.040377
2002-03-26,34.525002,19.492042
2002-03-27,34.494999,19.475103
2002-03-28,34.270000,19.348073
2002-04-01,34.314999,19.373479
2002-04-02,34.669998,19.573903
2002-04-03,34.365002,19.401709
2002-04-04,34.750000,19.619070
2002-04-05,34.785000,19.638831
2002-04-08,34.895000,19.700934
2002-04-09,34.915001,19.712226
2002-04-10,35.660000,20.132836
2002-04-11,35.805000,20.214700
2002-04-12,35.849998,20.240105
2002-04-15,35.485001,20.034035
2002-04-16,34.950001,19.731986
2002-04-17,34.040001,19.218221
2002-04-18,34.099998,19.252094
2002-04-19,34.105000,19.254918
2002-04-22,34.154999,19.283146
2002-04-23,34.049999,19.223866
2002-04-24,34.005001,19.198461
2002-04-25,34.055000,19.226689
2002-04-26,33.770000,19.065784
2002-04-29,34.000000,19.195637
2002-04-30,34.000000,19.195637
2002-05-01,34.000000,19.195637
2002-05-02,34.450001,19.449698
2002-05-03,34.220001,19.319845
2002-05-06,34.209999,19.314198
2002-05-07,34.145000,19.277501
2002-05-08,34.029999,19.212574
2002-05-09,34.060001,19.229512
2002-05-10,33.904999,19.142002
2002-05-13,34.154999,19.283146
2002-05-14,34.285000,19.356542
2002-05-15,34.200001,19.308553
2002-05-16,34.500000,19.477926
2002-05-17,34.200001,19.308553
2002-05-20,33.820000,19.094013
2002-05-21,33.915001,19.147649
2002-05-22,34.029999,19.298640
2002-05-23,33.924999,19.239094
2002-05-24,33.474998,18.983895
2002-05-28,33.240002,18.850627
2002-05-29,33.520000,19.009416
2002-05-30,33.000000,18.714520
2002-05-31,33.365002,18.921515
2002-06-03,32.889999,18.652138
2002-06-04,32.200001,18.260836
2002-06-05,32.799999,18.601098
2002-06-06,32.340000,18.340230
2002-06-07,32.994999,18.711684
2002-06-10,32.985001,18.706014
2002-06-11,33.044998,18.740039
2002-06-12,32.825001,18.615277
2002-06-13,32.369999,18.357243
2002-06-14,32.224998,18.275012
2002-06-17,32.785000,18.592592
2002-06-18,32.685001,18.535882
2002-06-19,32.654999,18.518868
2002-06-20,32.849998,18.629453
2002-06-21,32.474998,18.416788
2002-06-24,32.380001,18.362915
2002-06-25,31.805000,18.036828
2002-06-26,31.600000,17.920571
2002-06-27,31.985001,18.138908
2002-06-28,31.250000,17.722084
2002-07-01,31.594999,17.917735
2002-07-02,31.290001,17.744769
2002-07-03,30.945000,17.549116
2002-07-05,31.334999,17.770287
2002-07-08,31.084999,17.628511
2002-07-09,31.450001,17.835506
2002-07-10,30.900000,17.523596
2002-07-11,31.730000,17.994295
2002-07-12,31.070000,17.620005
2002-07-15,31.250000,17.722084
2002-07-16,30.629999,17.370477
2002-07-17,31.025000,17.594485
2002-07-18,30.120001,17.081254
2002-07-19,28.680000,16.264620
2002-07-22,28.799999,16.332672
2002-07-23,29.915001,16.964997
2002-07-24,31.250000,17.722084
2002-07-25,39.150002,22.202228
2002-07-26,39.360001,22.321319
2002-07-29,39.744999,22.539654
2002-07-30,38.950001,22.088806
2002-07-31,39.230000,22.247595
2002-08-01,38.000000,21.550054
2002-08-02,36.955002,20.957428
2002-08-05,36.185001,20.520756
2002-08-06,36.500000,20.699394
2002-08-07,35.945000,20.384650
2002-08-08,37.044998,21.008466
2002-08-09,36.880001,20.914895
2002-08-12,37.279999,21.141736
2002-08-13,37.250000,21.124724
2002-08-14,37.715000,21.388428
2002-08-15,37.849998,21.464987
2002-08-16,37.500000,21.266500
2002-08-19,37.355000,21.184270
2002-08-20,37.250000,21.124724
2002-08-21,37.340000,21.269262
2002-08-22,37.395000,21.300591
2002-08-23,37.514999,21.368944
2002-08-26,38.400002,21.873051
2002-08-27,38.275002,21.801850
2002-08-28,38.130001,21.719255
2002-08-29,38.099998,21.702165
2002-08-30,37.875000,21.574004
2002-09-03,37.799999,21.531283
2002-09-04,36.255001,20.651235
2002-09-05,37.150002,21.161038
2002-09-06,36.924999,21.032873
2002-09-09,36.764999,20.941736
2002-09-10,37.049999,21.104075
2002-09-11,36.775002,20.947434
2002-09-12,36.400002,20.733830
2002-09-13,36.910000,21.024330
2002-09-16,37.404999,21.306287
2002-09-17,36.904999,21.021481
2002-09-18,32.500000,18.512347
2002-09-19,31.855000,18.144948
2002-09-20,32.070000,18.267414
2002-09-23,31.865000,18.150644
2002-09-24,31.139999,17.737676
2002-09-25,31.245001,17.797486
2002-09-26,31.875000,18.156340
2002-09-27,31.410000,17.891471
2002-09-30,31.025000,17.672171
2002-10-01,31.490000,17.937040
2002-10-02,31.500000,17.942736
2002-10-03,31.500000,17.942736
2002-10-04,30.865000,17.581033
2002-10-07,31.225000,17.786093
2002-10-08,31.559999,17.976912
2002-10-09,31.825001,18.127860
2002-10-10,31.389999,17.880078
2002-10-11,31.165001,17.751917
2002-10-14,31.355000,17.860143
2002-10-15,31.684999,18.048114
2002-10-16,32.125000,18.298743
2002-10-17,31.049999,17.686411
2002-10-18,31.934999,18.190516
2002-10-21,31.809999,18.119315
2002-10-22,31.855000,18.144948
2002-10-23,32.150002,18.312984
2002-10-24,32.325001,18.412666
2002-10-25,32.700001,18.626270
2002-10-28,32.250000,18.369944
2002-10-29,32.695000,18.623421
2002-10-30,32.724998,18.640508
2002-10-31,32.535000,18.532283
2002-11-01,32.400002,18.455387
2002-11-04,32.259998,18.375639
2002-11-05,32.375000,18.441145
2002-11-06,32.130001,18.301591
2002-11-07,32.169998,18.324374
2002-11-08,32.215000,18.350008
2002-11-11,32.270000,18.381336
2002-11-12,32.080002,18.273111
2002-11-13,32.625000,18.583548
2002-11-14,32.474998,18.498105
2002-11-15,32.509998,18.518042
2002-11-18,32.584999,18.560763
2002-11-19,32.715000,18.634813
2002-11-20,32.825001,18.791529
2002-11-21,32.500000,18.605474
2002-11-22,32.560001,18.639823
2002-11-25,32.345001,18.516741
2002-11-26,31.610001,18.095971
2002-11-27,32.080002,18.365035
2002-11-29,32.195000,18.430869
2002-12-02,31.725000,18.161805
2002-12-03,31.785000,18.196153
2002-12-04,31.875000,18.247676
2002-12-05,31.584999,18.081658
2002-12-06,31.950001,18.290612
2002-12-09,32.150002,18.405108
2002-12-10,32.384998,18.539638
2002-12-11,33.075001,18.934648
2002-12-12,33.119999,18.960408
2002-12-13,32.775002,18.762906
2002-12-16,32.945000,18.860226
2002-12-17,32.980000,18.880262
2002-12-18,33.575001,19.220886
2002-12-19,33.505001,19.180813
2002-12-20,33.880001,19.395491
2002-12-23,33.709999,19.298169
2002-12-24,33.840000,19.372592
2002-12-26,33.500000,19.177950
2002-12-27,33.575001,19.220886
2002-12-30,33.599998,19.235196
2002-12-31,33.720001,19.303895
2003-01-02,33.825001,19.364005
2003-01-03,33.750000,19.321069
2003-01-06,33.869999,19.389765
2003-01-07,33.500000,19.177950
2003-01-08,33.215000,19.014794
2003-01-09,33.619999,19.246646
2003-01-10,33.549999,19.206573
2003-01-13,33.900002,19.406941
2003-01-14,33.799999,19.349692
2003-01-15,33.700001,19.292446
2003-01-16,34.090000,19.515711
2003-01-17,34.165001,19.558647
2003-01-21,33.500000,19.177950
2003-01-22,33.560001,19.212299
2003-01-23,33.525002,19.192263
2003-01-24,33.009998,18.897435
2003-01-27,32.930000,18.851638
2003-01-28,33.325001,19.077767
2003-01-29,32.349998,18.519601
2003-01-30,32.139999,18.399382
2003-01-31,32.250000,18.462355
2003-02-03,32.430000,18.565400
2003-02-04,32.044998,18.344996
2003-02-05,32.189999,18.428006
2003-02-06,32.200001,18.433731
2003-02-07,32.230000,18.450905
2003-02-10,32.450001,18.576850
2003-02-11,31.969999,18.302061
2003-02-12,31.760000,18.181841
2003-02-13,32.134998,18.396519
2003-02-14,32.549999,18.634097
2003-02-18,32.674999,18.705656
2003-02-19,32.490002,18.599750
2003-02-20,32.174999,18.419418
2003-02-21,32.430000,18.660370
2003-02-24,32.029999,18.430207
2003-02-25,32.525002,18.715034
2003-02-26,32.240002,18.551044
2003-02-27,32.525002,18.715034
2003-02-28,32.305000,18.588444
2003-03-03,32.349998,18.614336
2003-03-04,31.450001,18.096474
2003-03-05,31.725000,18.254709
2003-03-06,31.555000,18.156891
2003-03-07,31.535000,18.145383
2003-03-10,30.660000,17.641904
2003-03-11,30.844999,17.748353
2003-03-12,30.650000,17.636150
2003-03-13,31.195000,17.949745
2003-03-14,31.309999,18.015916
2003-03-17,32.325001,18.599953
2003-03-18,32.165001,18.507888
2003-03-19,32.445000,18.669001
2003-03-20,32.625000,18.772574
2003-03-21,33.029999,19.005612
2003-03-24,32.270000,18.568305
2003-03-25,32.750000,18.844499
2003-03-26,32.474998,18.686262
2003-03-27,31.684999,18.231693
2003-03-28,31.469999,18.107981
2003-03-31,31.330000,18.027425
2003-04-01,31.410000,18.073457
2003-04-02,32.040001,18.435962
2003-04-03,31.715000,18.248955
2003-04-04,31.850000,18.326635
2003-04-07,31.750000,18.269095
2003-04-08,31.809999,18.303618
2003-04-09,31.805000,18.300742
2003-04-10,31.750000,18.269095
2003-04-11,31.629999,18.200045
2003-04-14,32.215000,18.536658
2003-04-15,32.360001,18.620092
2003-04-16,31.440001,18.090720
2003-04-17,32.025002,18.427332
2003-04-21,31.745001,18.266218
2003-04-22,32.130001,18.487749
2003-04-23,32.070000,18.453224
2003-04-24,32.275002,18.571183
2003-04-25,32.230000,18.545289
2003-04-28,32.630001,18.775451
2003-04-29,32.764999,18.853130
2003-04-30,32.625000,18.772574
2003-05-01,32.650002,18.786960
2003-05-02,32.814999,18.881900
2003-05-05,32.750000,18.844499
2003-05-06,33.064999,19.025751
2003-05-07,33.250000,19.132201
2003-05-08,33.174999,19.089045
2003-05-09,33.814999,19.457304
2003-05-12,34.029999,19.581016
2003-05-13,34.169998,19.661572
2003-05-14,34.060001,19.598280
2003-05-15,33.915001,19.514846
2003-05-16,33.775002,19.434290
2003-05-19,33.570000,19.316331
2003-05-20,33.785000,19.440043
2003-05-21,33.775002,19.528943
2003-05-22,34.174999,19.760224
2003-05-23,34.325001,19.846957
2003-05-27,34.575001,19.991508
2003-05-28,34.695000,20.060893
2003-05-29,34.470001,19.930797
2003-05-30,35.549999,20.555259
2003-06-02,35.525002,20.540806
2003-06-03,35.750000,20.670901
2003-06-04,35.715000,20.650664
2003-06-05,35.525002,20.540806
2003-06-06,35.400002,20.468530
2003-06-09,35.415001,20.477202
2003-06-10,35.235001,20.373125
2003-06-11,35.709999,20.647772
2003-06-12,35.830002,20.717159
2003-06-13,36.250000,20.960005
2003-06-16,36.410000,21.052518
2003-06-17,35.980000,20.803889
2003-06-18,36.090000,20.867491
2003-06-19,35.615002,20.592844
2003-06-20,35.584999,20.575496
2003-06-23,35.130001,20.312413
2003-06-24,35.285000,20.402035
2003-06-25,34.900002,20.179426
2003-06-26,34.869999,20.162078
2003-06-27,34.910000,20.185207
2003-06-30,34.830002,20.138952
2003-07-01,35.279999,20.399143
2003-07-02,35.465000,20.506112
2003-07-03,35.450001,20.497439
2003-07-07,35.400002,20.468530
2003-07-08,35.660000,20.618862
2003-07-09,35.375000,20.454073
2003-07-10,35.570000,20.566824
2003-07-11,35.584999,20.575496
2003-07-14,35.450001,20.497439
2003-07-15,35.630001,20.601517
2003-07-16,35.900002,20.757633
2003-07-17,36.555000,21.136358
2003-07-18,36.805000,21.280909
2003-07-21,36.325001,21.003371
2003-07-22,36.904999,21.338730
2003-07-23,36.750000,21.249108
2003-07-24,36.685001,21.211525
2003-07-25,37.049999,21.422570
2003-07-28,36.709999,21.225979
2003-07-29,36.695000,21.217307
2003-07-30,36.674999,21.205742
2003-07-31,36.404999,21.049626
2003-08-01,36.025002,20.829909
2003-08-04,35.805000,20.702702
2003-08-05,35.669998,20.624643
2003-08-06,35.665001,20.621754
2003-08-07,35.855000,20.731613
2003-08-08,35.980000,20.803889
2003-08-11,36.540001,21.127685
2003-08-12,36.715000,21.228871
2003-08-13,36.435001,21.066973
2003-08-14,36.360001,21.023608
2003-08-15,36.480000,21.092992
2003-08-18,36.384998,21.038061
2003-08-19,36.200001,20.931095
2003-08-20,35.910000,20.763414
2003-08-21,35.424999,20.596260
2003-08-22,34.820000,20.244510
2003-08-25,35.404999,20.584632
2003-08-26,35.410000,20.587539
2003-08-27,35.099998,20.407303
2003-08-28,35.134998,20.427652
2003-08-29,34.950001,20.320094
2003-09-02,35.380001,20.570098
2003-09-03,35.549999,20.668935
2003-09-04,35.680000,20.744518
2003-09-05,35.465000,20.619516
2003-09-08,35.395000,20.578818
2003-09-09,35.509998,20.645679
2003-09-10,36.029999,20.948010
2003-09-11,36.075001,20.974174
2003-09-12,36.230000,21.064291
2003-09-15,36.285000,21.096268
2003-09-16,36.275002,21.090455
2003-09-17,36.299999,21.104989
2003-09-18,36.540001,21.244527
2003-09-19,36.525002,21.235807
2003-09-22,36.595001,21.276504
2003-09-23,36.740002,21.360809
2003-09-24,36.779999,21.384063
2003-09-25,36.915001,21.462554
2003-09-26,36.709999,21.343365
2003-09-29,36.450001,21.192201
2003-09-30,36.340000,21.128246
2003-10-01,36.985001,21.503252
2003-10-02,36.994999,21.509065
2003-10-03,37.174999,21.613718
2003-10-06,37.459999,21.779418
2003-10-07,37.570000,21.843373
2003-10-08,37.290001,21.680581
2003-10-09,37.099998,21.570112
2003-10-10,37.029999,21.529414
2003-10-13,37.634998,21.881163
2003-10-14,37.785000,21.968375
2003-10-15,37.634998,21.881163
2003-10-16,37.875000,22.020702
2003-10-17,37.580002,21.849189
2003-10-20,37.919998,22.046864
2003-10-21,37.799999,21.977096
2003-10-22,37.660000,21.895700
2003-10-23,37.840000,22.000353
2003-10-24,38.189999,22.203844
2003-10-27,38.189999,22.203844
2003-10-28,38.275002,22.253265
2003-10-29,38.044998,22.119539
2003-10-30,37.689999,21.913141
2003-10-31,38.549999,22.413149
2003-11-03,38.740002,22.523618
2003-11-04,38.799999,22.558500
2003-11-05,38.615002,22.450942
2003-11-06,38.639999,22.465476
2003-11-07,38.470001,22.366638
2003-11-10,38.404999,22.328846
2003-11-11,38.599998,22.442219
2003-11-12,38.950001,22.645712
2003-11-13,39.000000,22.674782
2003-11-14,38.595001,22.439314
2003-11-17,38.700001,22.500361
2003-11-18,38.625000,22.456755
2003-11-19,38.695000,22.497454
2003-11-20,38.500000,22.384080
2003-11-21,38.584999,22.549173
2003-11-24,39.029999,22.809232
2003-11-25,38.965000,22.771246
2003-11-26,38.825001,22.689431
2003-11-28,38.849998,22.704039
2003-12-01,38.750000,22.645600
2003-12-02,39.064999,22.829686
2003-12-03,39.255001,22.940724
2003-12-04,38.924999,22.747870
2003-12-05,38.860001,22.709885
2003-12-08,38.915001,22.742027
2003-12-09,38.535000,22.519953
2003-12-10,38.130001,22.283271
2003-12-11,38.439999,22.464434
2003-12-12,38.410000,22.446903
2003-12-15,38.709999,22.622223
2003-12-16,38.599998,22.557938
2003-12-17,38.490002,22.493656
2003-12-18,38.400002,22.441060
2003-12-19,38.025002,22.221909
2003-12-22,38.209999,22.330022
2003-12-23,38.540001,22.522876
2003-12-24,38.325001,22.397229
2003-12-26,38.355000,22.414761
2003-12-29,38.575001,22.543330
2003-12-30,38.540001,22.522876
2003-12-31,38.494999,22.496577
2004-01-02,38.270000,22.365087
2004-01-05,38.450001,22.470280
2004-01-06,38.584999,22.549173
2004-01-07,38.445000,22.467357
2004-01-08,38.044998,22.233595
2004-01-09,37.424999,21.871266
2004-01-12,37.755001,22.064120
2004-01-13,38.174999,22.309568
2004-01-14,38.290001,22.376775
2004-01-15,37.935001,22.169312
2004-01-16,37.700001,22.031978
2004-01-20,37.500000,21.915097
2004-01-21,37.575001,21.958927
2004-01-22,37.490002,21.909254
2004-01-23,37.485001,21.906331
2004-01-26,37.669998,22.014444
2004-01-27,37.674999,22.017366
2004-01-28,37.480000,21.903409
2004-01-29,37.700001,22.031978
2004-01-30,37.755001,22.064120
2004-02-02,38.264999,22.362164
2004-02-03,38.869999,22.715728
2004-02-04,38.744999,22.642677
2004-02-05,39.115002,22.858908
2004-02-06,39.070000,22.832609
2004-02-09,39.049999,22.820920
2004-02-10,39.189999,22.902736
2004-02-11,39.915001,23.326429
2004-02-12,39.720001,23.212471
2004-02-13,39.445000,23.051760
2004-02-17,39.825001,23.273833
2004-02-18,39.990002,23.370260
2004-02-19,40.080002,23.422856
2004-02-20,41.860001,24.463092
2004-02-23,41.849998,24.573186
2004-02-24,41.700001,24.485111
2004-02-25,41.669998,24.467494
2004-02-26,41.529999,24.385291
2004-02-27,41.450001,24.338318
2004-03-01,41.974998,24.646582
2004-03-02,41.419998,24.320701
2004-03-03,41.465000,24.347125
2004-03-04,40.945000,24.041795
2004-03-05,42.154999,24.752274
2004-03-08,41.724998,24.499789
2004-03-09,42.000000,24.661263
2004-03-10,42.724998,25.086962
2004-03-11,42.035000,24.681814
2004-03-12,42.494999,24.951913
2004-03-15,42.110001,24.725852
2004-03-16,41.255001,24.223819
2004-03-17,41.860001,24.579059
2004-03-18,42.000000,24.661263
2004-03-19,41.750000,24.514469
2004-03-22,41.240002,24.215012
2004-03-23,41.215000,24.200332
2004-03-24,41.049999,24.103448
2004-03-25,41.049999,24.103448
2004-03-26,40.915001,24.024181
2004-03-29,41.375000,24.294280
2004-03-30,41.400002,24.308960
2004-03-31,41.424999,24.323638
2004-04-01,41.255001,24.223819
2004-04-02,41.169998,24.173908
2004-04-05,41.395000,24.306023
2004-04-06,42.009998,24.667133
2004-04-07,41.695000,24.482175
2004-04-08,41.705002,24.488048
2004-04-12,41.494999,24.364740
2004-04-13,40.895000,24.012437
2004-04-14,41.645000,24.452816
2004-04-15,42.189999,24.772825
2004-04-16,43.105000,25.310089
2004-04-19,42.540001,24.978337
2004-04-20,42.275002,24.822736
2004-04-21,42.325001,24.852094
2004-04-22,43.505001,25.544958
2004-04-23,43.779999,25.706430
2004-04-26,45.044998,26.449203
2004-04-27,44.650002,26.217272
2004-04-28,44.345001,26.038184
2004-04-29,44.450001,26.099837
2004-04-30,44.445000,26.096900
2004-05-03,44.959999,26.399294
2004-05-04,44.895000,26.361128
2004-05-05,45.044998,26.449203
2004-05-06,44.935001,26.384616
2004-05-07,44.610001,26.193785
2004-05-10,44.625000,26.202592
2004-05-11,44.415001,26.079286
2004-05-12,44.320000,26.023504
2004-05-13,44.549999,26.158553
2004-05-14,44.259998,25.988272
2004-05-17,44.435001,26.091029
2004-05-18,44.689999,26.240757
2004-05-19,44.299999,26.011760
2004-05-20,44.205002,25.955980
2004-05-21,44.195000,26.066568
2004-05-24,43.950001,25.922066
2004-05-25,44.014999,25.960402
2004-05-26,44.235001,26.090161
2004-05-27,44.334999,26.149141
2004-05-28,44.365002,26.166837
2004-06-01,44.154999,26.042975
2004-06-02,44.810001,26.429301
2004-06-03,44.744999,26.390962
2004-06-04,44.619999,26.317236
2004-06-07,44.900002,26.482384
2004-06-08,46.110001,27.196051
2004-06-09,45.935001,27.092835
2004-06-10,45.750000,26.983720
2004-06-14,45.875000,27.057446
2004-06-15,46.014999,27.140018
2004-06-16,45.740002,26.977823
2004-06-17,45.450001,26.806778
2004-06-18,45.189999,26.653426
2004-06-21,45.150002,26.629836
2004-06-22,45.419998,26.789082
2004-06-23,45.950001,27.101682
2004-06-24,45.430000,26.794981
2004-06-25,45.000000,26.541363
2004-06-28,45.230000,26.677019
2004-06-29,45.930000,27.089885
2004-06-30,46.270000,27.290420
2004-07-01,46.340000,27.331706
2004-07-02,45.509998,26.842164
2004-07-06,46.090000,27.184254
2004-07-07,46.060001,27.166561
2004-07-08,46.080002,27.178357
2004-07-09,46.279999,27.296317
2004-07-12,46.570000,27.467362
2004-07-13,46.240002,27.272727
2004-07-14,46.689999,27.538139
2004-07-15,46.549999,27.455565
2004-07-16,46.439999,27.390687
2004-07-19,46.900002,27.662000
2004-07-20,46.470001,27.408382
2004-07-21,46.250000,27.278624
2004-07-22,46.500000,27.426076
2004-07-23,46.040001,27.154764
2004-07-26,45.099998,26.600343
2004-07-27,45.750000,26.983720
2004-07-28,47.419998,27.968698
2004-07-29,47.750000,28.163336
2004-07-30,48.439999,28.570303
2004-08-02,48.139999,28.393360
2004-08-03,47.680000,28.122049
2004-08-04,47.430000,27.974597
2004-08-05,46.630001,27.502751
2004-08-06,46.660000,27.520445
2004-08-09,46.400002,27.367096
2004-08-10,47.240002,27.862535
2004-08-11,47.630001,28.092559
2004-08-12,47.330002,27.915617
2004-08-13,47.709999,28.139743
2004-08-16,48.200001,28.428750
2004-08-17,47.990002,28.304891
2004-08-18,47.919998,28.263602
2004-08-19,47.650002,28.104356
2004-08-20,47.820000,28.204622
2004-08-23,47.669998,28.246098
2004-08-24,47.980000,28.429785
2004-08-25,48.549999,28.767529
2004-08-26,48.560001,28.773456
2004-08-27,48.400002,28.678651
2004-08-30,47.900002,28.382384
2004-08-31,48.279999,28.607545
2004-09-01,48.880001,28.963066
2004-09-02,49.400002,29.271185
2004-09-03,49.759998,29.484495
2004-09-07,49.389999,29.265258
2004-09-08,48.259998,28.595694
2004-09-09,48.490002,28.731979
2004-09-10,47.950001,28.412010
2004-09-13,48.250000,28.589769
2004-09-14,48.310001,28.625322
2004-09-15,48.169998,28.542365
2004-09-16,47.279999,28.015011
2004-09-17,48.180000,28.548292
2004-09-20,47.759998,28.299427
2004-09-21,47.230000,27.985385
2004-09-22,46.450001,27.523209
2004-09-23,46.299999,27.434327
2004-09-24,46.160000,27.351373
2004-09-27,46.580002,27.600239
2004-09-28,46.279999,27.422477
2004-09-29,46.580002,27.600239
2004-09-30,46.709999,27.677266
2004-10-01,47.310001,28.032788
2004-10-04,47.540001,28.169071
2004-10-05,47.130001,27.926132
2004-10-06,47.419998,28.097965
2004-10-07,46.900002,27.789850
2004-10-08,46.450001,27.523209
2004-10-11,46.360001,27.469881
2004-10-12,46.270000,27.416552
2004-10-13,46.180000,27.363224
2004-10-14,46.209999,27.380999
2004-10-15,46.599998,27.612087
2004-10-18,46.610001,27.618014
2004-10-19,46.810001,27.736521
2004-10-20,47.360001,28.062415
2004-10-21,49.130001,29.111200
2004-10-22,48.470001,28.720127
2004-10-25,48.820000,28.927514
2004-10-26,49.380001,29.259334
2004-10-27,49.619999,29.401540
2004-10-28,50.450001,29.893345
2004-10-29,50.689999,30.035552
2004-11-01,50.529999,29.940747
2004-11-02,50.700001,30.041478
2004-11-03,51.560001,30.551058
2004-11-04,52.119999,30.882876
2004-11-05,52.200001,30.930280
2004-11-08,51.680000,30.622161
2004-11-09,51.119999,30.290342
2004-11-10,51.189999,30.331819
2004-11-11,51.490002,30.509581
2004-11-12,51.930000,30.770295
2004-11-15,51.950001,30.782146
2004-11-16,52.040001,30.835474
2004-11-17,51.900002,30.752520
2004-11-18,51.849998,30.722891
2004-11-19,51.689999,30.628086
2004-11-22,52.270000,31.104140
2004-11-23,52.560001,31.276710
2004-11-24,52.189999,31.056534
2004-11-26,51.939999,30.907767
2004-11-29,52.410000,31.187449
2004-11-30,51.799999,30.824458
2004-12-01,53.340000,31.740861
2004-12-02,53.590000,31.889628
2004-12-03,54.619999,32.502546
2004-12-06,54.549999,32.460892
2004-12-07,54.380001,32.359732
2004-12-08,54.650002,32.520400
2004-12-09,54.939999,32.692968
2004-12-10,55.419998,32.978599
2004-12-13,55.930000,33.282084
2004-12-14,56.500000,33.621272
2004-12-15,56.580002,33.668879
2004-12-16,56.209999,33.448703
2004-12-17,54.849998,32.639411
2004-12-20,55.080002,32.776279
2004-12-21,54.919998,32.681066
2004-12-22,54.950001,32.698920
2004-12-23,54.630001,32.508498
2004-12-27,54.740002,32.573956
2004-12-28,55.669998,33.127366
2004-12-29,55.590000,33.079762
2004-12-30,55.290001,32.901242
2004-12-31,55.540001,33.050009
2005-01-03,54.360001,32.347830
2005-01-04,54.939999,32.692968
2005-01-05,53.610001,31.901530
2005-01-06,53.509998,31.842022
2005-01-07,54.009998,32.139555
2005-01-10,54.180000,32.240718
2005-01-11,54.650002,32.520400
2005-01-12,54.709999,32.556102
2005-01-13,54.230000,32.270471
2005-01-14,54.840000,32.633462
2005-01-18,55.810001,33.210677
2005-01-19,55.980000,33.311838
2005-01-20,56.200001,33.442753
2005-01-21,55.900002,33.264234
2005-01-24,55.299999,32.907192
2005-01-25,56.220001,33.454654
2005-01-26,56.860001,33.835497
2005-01-27,58.189999,34.626935
2005-01-28,57.959999,34.490069
2005-01-31,58.490002,34.805457
2005-02-01,59.240002,35.251757
2005-02-02,59.669998,35.507633
2005-02-03,59.860001,35.620697
2005-02-04,60.250000,35.852773
2005-02-07,60.509998,36.007489
2005-02-08,60.840000,36.203862
2005-02-09,60.299999,35.882526
2005-02-10,61.000000,36.299073
2005-02-11,61.240002,36.441890
2005-02-14,61.700001,36.715620
2005-02-15,62.320000,37.084561
2005-02-16,61.910000,36.840584
2005-02-17,61.529999,36.614458
2005-02-18,61.610001,36.662064
2005-02-22,61.860001,36.810831
2005-02-23,61.380001,36.655561
2005-02-24,62.139999,37.109425
2005-02-25,62.619999,37.396077
2005-02-28,63.000000,37.623010
2005-03-01,63.820000,38.112706
2005-03-02,63.529999,37.939520
2005-03-03,64.019997,38.232142
2005-03-04,64.419998,38.471019
2005-03-07,64.250000,38.369498
2005-03-08,63.730000,38.058959
2005-03-09,63.590000,37.975352
2005-03-10,63.599998,37.981323
2005-03-11,62.480000,37.312471
2005-03-14,62.369999,37.246779
2005-03-15,62.189999,37.139285
2005-03-16,61.900002,36.966101
2005-03-17,62.419998,37.276638
2005-03-18,61.779999,36.894436
2005-03-21,61.259998,36.583897
2005-03-22,61.310001,36.613758
2005-03-23,60.419998,36.082257
2005-03-24,60.110001,35.897129
2005-03-28,60.160000,35.926988
2005-03-29,59.639999,35.616449
2005-03-30,60.860001,36.345022
2005-03-31,60.459999,36.106145
2005-04-01,60.099998,35.891156
2005-04-04,59.860001,35.747832
2005-04-05,60.180000,35.938932
2005-04-06,60.070000,35.873241
2005-04-07,60.720001,36.261416
2005-04-08,60.389999,36.064341
2005-04-11,60.549999,36.159892
2005-04-12,61.180000,36.536123
2005-04-13,61.549999,36.757083
2005-04-14,62.299999,37.204976
2005-04-15,61.270000,36.589870
2005-04-18,61.000000,36.428628
2005-04-19,61.889999,36.960127
2005-04-20,59.900002,35.771720
2005-04-21,60.820000,36.321134
2005-04-22,63.189999,37.736475
2005-04-25,63.750000,38.070903
2005-04-26,63.340000,37.826054
2005-04-27,63.610001,37.987297
2005-04-28,63.560001,37.957437
2005-04-29,63.900002,38.160482
2005-05-02,63.709999,38.047014
2005-05-03,64.080002,38.267977
2005-05-04,64.459999,38.494907
2005-05-05,64.650002,38.608375
2005-05-06,64.650002,38.608375
2005-05-09,65.449997,39.086125
2005-05-10,65.400002,39.056268
2005-05-11,65.900002,39.354864
2005-05-12,66.370003,39.635544
2005-05-13,66.250000,39.563879
2005-05-16,66.650002,39.802757
2005-05-17,64.879997,38.745726
2005-05-18,65.099998,38.877109
2005-05-19,65.160004,38.912944
2005-05-20,64.970001,38.799476
2005-05-23,64.860001,38.865390
2005-05-24,64.500000,38.649670
2005-05-25,64.339996,38.553793
2005-05-26,64.690002,38.763523
2005-05-27,64.559998,38.685622
2005-05-31,64.209999,38.475896
2005-06-01,64.800003,38.829438
2005-06-02,64.839996,38.853403
2005-06-03,64.559998,38.685622
2005-06-06,64.839996,38.853403
2005-06-07,64.690002,38.763523
2005-06-08,64.480003,38.637688
2005-06-09,63.990002,38.344069
2005-06-10,64.010002,38.356054
2005-06-13,63.990002,38.344069
2005-06-14,64.320000,38.541811
2005-06-15,64.550003,38.679633
2005-06-16,64.699997,38.769512
2005-06-17,64.980003,38.937297
2005-06-20,65.190002,39.063133
2005-06-21,64.589996,38.703598
2005-06-22,63.590000,38.104380
2005-06-23,62.410000,37.397301
2005-06-24,61.580002,36.899950
2005-06-27,62.160000,37.247496
2005-06-28,62.910000,37.696911
2005-06-29,62.029999,37.169597
2005-06-30,62.099998,37.211542
2005-07-01,62.230000,37.289442
2005-07-05,61.910000,37.097691
2005-07-06,61.250000,36.702206
2005-07-07,60.520000,36.264776
2005-07-08,61.430000,36.810066
2005-07-11,61.180000,36.660261
2005-07-12,61.090000,36.606331
2005-07-13,60.770000,36.414581
2005-07-14,60.939999,36.516448
2005-07-15,60.740002,36.396605
2005-07-18,60.689999,36.366643
2005-07-19,61.330002,36.750145
2005-07-20,61.099998,36.612322
2005-07-21,62.560001,37.487185
2005-07-22,62.980000,37.738856
2005-07-25,62.750000,37.601036
2005-07-26,63.790001,38.224225
2005-07-27,63.830002,38.248194
2005-07-28,64.500000,38.649670
2005-07-29,63.869999,38.272161
2005-08-01,62.720001,37.583060
2005-08-02,63.270000,37.912630
2005-08-03,62.889999,37.684926
2005-08-04,62.459999,37.427261
2005-08-05,61.730000,36.989832
2005-08-08,61.759998,37.007807
2005-08-09,62.220001,37.283450
2005-08-10,61.770000,37.013800
2005-08-11,61.750000,37.001816
2005-08-12,61.540001,36.875981
2005-08-15,61.500000,36.852011
2005-08-16,60.599998,36.312712
2005-08-17,60.360001,36.168901
2005-08-18,60.590000,36.306721
2005-08-19,60.759998,36.408587
2005-08-22,60.820000,36.444542
2005-08-23,60.000000,36.098597
2005-08-24,58.669998,35.298410
2005-08-25,58.220001,35.027672
2005-08-26,58.230000,35.033688
2005-08-29,58.330002,35.093854
2005-08-30,58.099998,34.955473
2005-08-31,59.090000,35.551101
2005-09-01,58.419998,35.147999
2005-09-02,58.540001,35.220198
2005-09-06,59.160000,35.593217
2005-09-07,58.900002,35.436790
2005-09-08,58.380001,35.123935
2005-09-09,59.270000,35.659397
2005-09-12,59.250000,35.647364
2005-09-13,58.209999,35.021655
2005-09-14,57.599998,34.654652
2005-09-15,57.869999,34.817096
2005-09-16,57.959999,34.871244
2005-09-19,57.650002,34.684736
2005-09-20,57.080002,34.341800
2005-09-21,55.480000,33.379169
2005-09-22,55.500000,33.391202
2005-09-23,55.500000,33.391202
2005-09-26,56.060001,33.728123
2005-09-27,56.320000,33.884550
2005-09-28,56.259998,33.848450
2005-09-29,56.470001,33.974797
2005-09-30,56.310001,33.878534
2005-10-03,57.910000,34.841162
2005-10-04,57.360001,34.510259
2005-10-05,56.330002,33.890567
2005-10-06,56.730000,34.131223
2005-10-07,56.299999,33.872516
2005-10-10,55.849998,33.601776
2005-10-11,55.580002,33.439335
2005-10-12,55.860001,33.607794
2005-10-13,55.740002,33.535598
2005-10-14,55.919998,33.643891
2005-10-17,58.560001,35.232231
2005-10-18,58.099998,34.955473
2005-10-19,59.490002,35.791760
2005-10-20,58.599998,35.256295
2005-10-21,58.799999,35.376624
2005-10-24,58.650002,35.286380
2005-10-25,57.410000,34.540341
2005-10-26,56.709999,34.119190
2005-10-27,55.919998,33.643891
2005-10-28,56.970001,34.275618
2005-10-31,56.830002,34.191389
2005-11-01,56.619999,34.065042
2005-11-02,56.959999,34.269601
2005-11-03,56.400002,33.932682
2005-11-04,55.689999,33.505514
2005-11-07,55.660000,33.487465
2005-11-08,55.020000,33.102413
2005-11-09,55.110001,33.156562
2005-11-10,55.139999,33.174610
2005-11-11,55.049999,33.120462
2005-11-14,54.240002,32.633133
2005-11-15,54.410000,32.735411
2005-11-16,54.090000,32.542885
2005-11-17,53.139999,31.971323
2005-11-18,54.000000,32.488737
2005-11-21,54.349998,32.699311
2005-11-22,54.740002,33.083087
2005-11-23,55.200001,33.361096
2005-11-25,54.680000,33.046824
2005-11-28,55.360001,33.457794
2005-11-29,55.099998,33.300657
2005-11-30,54.220001,32.768815
2005-12-01,54.970001,33.222091
2005-12-02,55.279999,33.409444
2005-12-05,55.410000,33.488012
2005-12-06,55.639999,33.627016
2005-12-07,55.119999,33.312745
2005-12-08,55.250000,33.391313
2005-12-09,55.669998,33.645147
2005-12-12,56.119999,33.917113
2005-12-13,58.779999,35.524731
2005-12-14,57.810001,34.938495
2005-12-15,57.790001,34.926408
2005-12-16,57.860001,34.968714
2005-12-19,57.700001,34.872015
2005-12-20,56.709999,34.273690
2005-12-21,56.730000,34.285777
2005-12-22,56.529999,34.164903
2005-12-23,56.090000,33.898982
2005-12-27,56.049999,33.874807
2005-12-28,56.009998,33.850632
2005-12-29,55.480000,33.530318
2005-12-30,55.250000,33.391313
2006-01-03,54.849998,33.149565
2006-01-04,54.799999,33.119347
2006-01-05,54.820000,33.131435
2006-01-06,54.400002,32.877602
2006-01-09,54.450001,32.907820
2006-01-10,54.160000,32.732553
2006-01-11,53.990002,32.629811
2006-01-12,54.189999,32.750683
2006-01-13,54.450001,32.907820
2006-01-17,55.070000,33.282527
2006-01-18,55.099998,33.300657
2006-01-19,55.160000,33.336920
2006-01-20,54.419998,32.889687
2006-01-23,53.540001,32.357845
2006-01-24,54.099998,32.696289
2006-01-25,52.299999,31.608428
2006-01-26,51.680000,31.233721
2006-01-27,51.680000,31.233721
2006-01-30,51.660000,31.221633
2006-01-31,51.200001,30.943625
2006-02-01,52.009998,31.433161
2006-02-02,51.509998,31.130977
2006-02-03,51.529999,31.143065
2006-02-06,51.060001,30.859013
2006-02-07,51.090000,30.877144
2006-02-08,50.849998,30.732094
2006-02-09,50.759998,30.677701
2006-02-10,51.660000,31.221633
2006-02-13,51.570000,31.167240
2006-02-14,52.110001,31.493599
2006-02-15,52.299999,31.608428
2006-02-16,53.000000,32.031486
2006-02-17,53.650002,32.424326
2006-02-21,52.910000,31.977093
2006-02-22,53.049999,32.210856
2006-02-23,52.310001,31.761545
2006-02-24,52.450001,31.846550
2006-02-27,51.970001,31.555104
2006-02-28,51.150002,31.057218
2006-03-01,51.410000,31.215083
2006-03-02,51.209999,31.093647
2006-03-03,51.230000,31.105791
2006-03-06,51.410000,31.215083
2006-03-07,51.750000,31.421524
2006-03-08,52.630001,31.955842
2006-03-09,52.150002,31.664397
2006-03-10,52.419998,31.828333
2006-03-13,52.250000,31.725114
2006-03-14,53.200001,32.301934
2006-03-15,52.709999,32.004415
2006-03-16,52.509998,31.882979
2006-03-17,53.860001,32.702673
2006-03-20,54.360001,33.006262
2006-03-21,53.730000,32.623739
2006-03-22,54.009998,32.793748
2006-03-23,53.660000,32.581236
2006-03-24,53.400002,32.423371
2006-03-27,53.009998,32.186569
2006-03-28,52.529999,31.895123
2006-03-29,52.880001,32.107637
2006-03-30,52.650002,31.967987
2006-03-31,52.230000,31.712970
2006-04-03,52.000000,31.573319
2006-04-04,52.049999,31.603677
2006-04-05,52.000000,31.573319
2006-04-06,51.930000,31.530816
2006-04-07,50.520000,30.674694
2006-04-10,50.259998,30.516826
2006-04-11,50.150002,30.450038
2006-04-12,51.419998,31.221154
2006-04-13,50.680000,30.771842
2006-04-17,50.040001,30.383248
2006-04-18,50.560001,30.698981
2006-04-19,50.689999,30.777913
2006-04-20,49.759998,30.213236
2006-04-21,51.209999,31.093647
2006-04-24,52.450001,31.846550
2006-04-25,52.290001,31.749401
2006-04-26,53.520000,32.496231
2006-04-27,53.560001,32.520519
2006-04-28,53.340000,32.386939
2006-05-01,53.049999,32.210856
2006-05-02,53.200001,32.301934
2006-05-03,52.939999,32.144067
2006-05-04,53.080002,32.229074
2006-05-05,53.740002,32.629812
2006-05-08,53.689999,32.599451
2006-05-09,54.070000,32.830180
2006-05-10,54.450001,33.060908
2006-05-11,54.040001,32.811965
2006-05-12,53.919998,32.739102
2006-05-15,54.549999,33.121625
2006-05-16,54.689999,33.206630
2006-05-17,54.980000,33.382713
2006-05-18,55.200001,33.516293
2006-05-19,55.889999,33.935245
2006-05-22,56.189999,34.117399
2006-05-23,56.000000,34.150941
2006-05-24,56.349998,34.364383
2006-05-25,56.709999,34.583925
2006-05-26,56.820000,34.651008
2006-05-30,56.459999,34.431466
2006-05-31,56.910000,34.705894
2006-06-01,57.000000,34.760779
2006-06-02,56.330002,34.352189
2006-06-05,55.910000,34.096055
2006-06-06,56.099998,34.211923
2006-06-07,55.560001,33.882613
2006-06-08,55.400002,33.785039
2006-06-09,55.459999,33.821628
2006-06-12,54.980000,33.528906
2006-06-13,54.090000,32.986150
2006-06-14,54.020000,32.943461
2006-06-15,54.549999,33.266675
2006-06-16,54.770000,33.400840
2006-06-19,54.119999,33.004444
2006-06-20,54.900002,33.480120
2006-06-21,55.020000,33.553299
2006-06-22,54.860001,33.455726
2006-06-23,54.610001,33.303266
2006-06-26,54.840000,33.443528
2006-06-27,55.240002,33.687465
2006-06-28,55.410000,33.791136
2006-06-29,55.810001,34.035072
2006-06-30,55.070000,33.583791
2006-07-03,55.230000,33.681365
2006-07-05,55.270000,33.705759
2006-07-06,55.880001,34.077761
2006-07-07,55.480000,33.833825
2006-07-10,56.060001,34.187532
2006-07-11,56.340000,34.358286
2006-07-12,56.759998,34.614417
2006-07-13,56.439999,34.419269
2006-07-14,55.560001,33.882613
2006-07-17,55.549999,33.876513
2006-07-18,56.119999,34.224121
2006-07-19,56.200001,34.272909
2006-07-20,56.110001,34.218024
2006-07-21,56.070000,34.193629
2006-07-24,55.770000,34.010678
2006-07-25,56.340000,34.358286
2006-07-26,56.150002,34.242418
2006-07-27,55.290001,33.717956
2006-07-28,55.990002,34.144844
2006-07-31,54.970001,33.522808
2006-08-01,55.009998,33.547200
2006-08-02,53.520000,32.638542
2006-08-03,53.180000,32.431197
2006-08-04,53.110001,32.388509
2006-08-07,52.279999,31.882342
2006-08-08,52.430000,31.973818
2006-08-09,52.540001,32.040901
2006-08-10,52.830002,32.217755
2006-08-11,52.529999,32.034802
2006-08-14,52.869999,32.242147
2006-08-15,52.570000,32.059196
2006-08-16,52.360001,31.931130
2006-08-17,53.029999,32.339721
2006-08-18,53.820000,32.821493
2006-08-21,53.889999,32.864182
2006-08-22,53.660000,32.723919
2006-08-23,53.529999,32.809728
2006-08-24,53.610001,32.858763
2006-08-25,53.910000,33.042639
2006-08-28,53.610001,32.858763
2006-08-29,53.549999,32.821986
2006-08-30,53.439999,32.754565
2006-08-31,53.959999,33.073284
2006-09-01,54.270000,33.263291
2006-09-05,51.919998,31.822922
2006-09-06,51.880001,31.798407
2006-09-07,51.529999,31.583883
2006-09-08,51.340000,31.467429
2006-09-11,50.639999,31.038383
2006-09-12,51.099998,31.320326
2006-09-13,50.810001,31.142581
2006-09-14,51.160000,31.357103
2006-09-15,51.939999,31.835181
2006-09-18,50.610001,31.019996
2006-09-19,51.450001,31.534851
2006-09-20,51.880001,31.798407
2006-09-21,51.680000,31.675822
2006-09-22,51.630001,31.645177
2006-09-25,51.980000,31.859699
2006-09-26,52.709999,32.307132
2006-09-27,52.910000,32.429717
2006-09-28,53.259998,32.644238
2006-09-29,53.450001,32.760695
2006-10-02,53.090000,32.540043
2006-10-03,52.419998,32.129384
2006-10-04,52.759998,32.337777
2006-10-05,53.119999,32.558430
2006-10-06,53.139999,32.570688
2006-10-09,53.599998,32.852632
2006-10-10,52.799999,32.362295
2006-10-11,53.160000,32.582947
2006-10-12,53.279999,32.656497
2006-10-13,53.250000,32.638110
2006-10-16,52.799999,32.362295
2006-10-17,52.549999,32.209064
2006-10-18,52.700001,32.301004
2006-10-19,50.380001,30.879024
2006-10-20,51.049999,31.289681
2006-10-23,51.049999,31.289681
2006-10-24,51.549999,31.596142
2006-10-25,51.610001,31.632918
2006-10-26,52.470001,32.160031
2006-10-27,52.410000,32.123256
2006-10-30,52.209999,32.000670
2006-10-31,52.910000,32.429717
2006-11-01,52.500000,32.178419
2006-11-02,53.020000,32.497138
2006-11-03,53.119999,32.558430
2006-11-06,53.090000,32.540043
2006-11-07,53.430000,32.748436
2006-11-08,53.189999,32.601334
2006-11-09,52.759998,32.337777
2006-11-10,52.919998,32.435845
2006-11-13,52.759998,32.337777
2006-11-14,52.680000,32.288745
2006-11-15,52.799999,32.362295
2006-11-16,52.939999,32.448104
2006-11-17,52.740002,32.325521
2006-11-20,52.119999,32.109893
2006-11-21,52.209999,32.165339
2006-11-22,53.070000,32.695166
2006-11-24,53.110001,32.719809
2006-11-27,52.799999,32.528824
2006-11-28,52.919998,32.602753
2006-11-29,53.000000,32.652040
2006-11-30,52.970001,32.633559
2006-12-01,50.889999,31.352119
2006-12-04,51.770000,31.894267
2006-12-05,51.360001,31.641676
2006-12-06,51.060001,31.456853
2006-12-07,49.340000,30.397201
2006-12-08,49.650002,30.588186
2006-12-11,49.980000,30.791490
2006-12-12,50.099998,30.865418
2006-12-13,49.799999,30.680596
2006-12-14,50.619999,31.185778
2006-12-15,51.020000,31.432209
2006-12-18,50.630001,31.191940
2006-12-19,50.520000,31.124171
2006-12-20,50.250000,30.957831
2006-12-21,50.000000,30.803812
2006-12-22,49.900002,30.742205
2006-12-26,50.349998,31.019437
2006-12-27,50.340000,31.013278
2006-12-28,50.110001,30.871581
2006-12-29,49.799999,30.680596
2007-01-03,49.799999,30.680596
2007-01-04,50.410000,31.056403
2007-01-05,50.070000,30.846937
2007-01-08,50.540001,31.136493
2007-01-09,50.419998,31.062562
2007-01-10,50.270000,30.970152
2007-01-11,50.490002,31.105690
2007-01-12,50.580002,31.161137
2007-01-16,50.610001,31.179619
2007-01-17,50.770000,31.278190
2007-01-18,52.150002,32.128377
2007-01-19,52.369999,32.263912
2007-01-22,52.299999,32.220786
2007-01-23,52.369999,32.263912
2007-01-24,50.779999,31.284350
2007-01-25,50.180000,30.914705
2007-01-26,50.400002,31.050243
2007-01-29,51.279999,31.592389
2007-01-30,51.040001,31.444531
2007-01-31,51.040001,31.444531
2007-02-01,51.650002,31.820339
2007-02-02,51.880001,31.962036
2007-02-05,51.450001,31.697123
2007-02-06,51.160000,31.518460
2007-02-07,51.200001,31.543104
2007-02-08,50.810001,31.302834
2007-02-09,50.730000,31.253547
2007-02-12,50.590000,31.167297
2007-02-13,50.830002,31.315156
2007-02-14,51.299999,31.604710
2007-02-15,52.099998,32.097570
2007-02-16,52.380001,32.270074
2007-02-20,53.570000,33.003204
2007-02-21,53.610001,33.195155
2007-02-22,53.209999,32.947475
2007-02-23,53.090000,32.873172
2007-02-26,53.560001,33.164196
2007-02-27,52.349998,32.414965
2007-02-28,52.900002,32.755526
2007-03-01,52.990002,32.811254
2007-03-02,53.049999,32.848404
2007-03-05,53.509998,33.133234
2007-03-06,54.529999,33.764816
2007-03-07,54.090000,33.492369
2007-03-08,54.450001,33.715281
2007-03-09,54.630001,33.826736
2007-03-12,54.509998,33.752431
2007-03-13,53.410000,33.071315
2007-03-14,53.450001,33.096084
2007-03-15,53.750000,33.281842
2007-03-16,53.480000,33.114659
2007-03-19,53.570000,33.170387
2007-03-20,53.549999,33.158002
2007-03-21,53.740002,33.275652
2007-03-22,54.220001,33.572866
2007-03-23,54.310001,33.628593
2007-03-26,54.650002,33.839121
2007-03-27,54.419998,33.696703
2007-03-28,55.200001,34.179679
2007-03-29,54.639999,33.832927
2007-03-30,54.660000,33.845312
2007-04-02,55.560001,34.402590
2007-04-03,55.740002,34.514046
2007-04-04,55.680000,34.476893
2007-04-05,56.220001,34.811260
2007-04-09,55.340000,34.266366
2007-04-10,55.400002,34.303519
2007-04-11,55.270000,34.223022
2007-04-12,54.939999,34.018686
2007-04-13,55.380001,34.291134
2007-04-16,54.500000,33.746240
2007-04-17,54.529999,33.764816
2007-04-18,54.520000,33.758624
2007-04-19,53.970001,33.418066
2007-04-20,54.500000,33.746240
2007-04-23,54.680000,33.857696
2007-04-24,54.660000,33.845312
2007-04-25,55.110001,34.123951
2007-04-26,54.799999,33.931999
2007-04-27,54.529999,33.764816
2007-04-30,54.959999,34.031070
2007-05-01,55.000000,34.055839
2007-05-02,55.240002,34.204447
2007-05-03,55.270000,34.223022
2007-05-04,55.549999,34.396397
2007-05-07,55.869999,34.594540
2007-05-08,55.320000,34.253982
2007-05-09,54.990002,34.049648
2007-05-10,52.930000,32.774101
2007-05-11,52.540001,32.532615
2007-05-14,52.349998,32.414965
2007-05-15,52.080002,32.247785
2007-05-16,52.540001,32.532615
2007-05-17,51.779999,32.062024
2007-05-18,51.770000,32.055832
2007-05-21,52.009998,32.204438
2007-05-22,52.290001,32.377815
2007-05-23,52.020000,32.377815
2007-05-24,51.910000,32.309349
2007-05-25,52.290001,32.545866
2007-05-29,52.090000,32.421383
2007-05-30,52.759998,32.838398
2007-05-31,52.709999,32.807278
2007-06-01,53.040001,33.012674
2007-06-04,52.259998,32.527192
2007-06-05,51.709999,32.184867
2007-06-06,50.869999,31.662042
2007-06-07,50.509998,31.437973
2007-06-08,51.209999,31.873661
2007-06-11,51.299999,31.929678
2007-06-12,50.610001,31.500216
2007-06-13,51.189999,31.861213
2007-06-14,50.939999,31.705610
2007-06-15,51.070000,31.786524
2007-06-18,51.169998,31.848764
2007-06-19,50.959999,31.718059
2007-06-20,50.509998,31.437973
2007-06-21,50.540001,31.456647
2007-06-22,50.119999,31.195233
2007-06-25,50.150002,31.213908
2007-06-26,49.910000,31.064528
2007-06-27,51.189999,31.861213
2007-06-28,50.950001,31.711836
2007-06-29,50.619999,31.506439
2007-07-02,50.880001,31.668267
2007-07-03,50.630001,31.512664
2007-07-05,50.430000,31.388181
2007-07-06,50.820000,31.630922
2007-07-09,50.730000,31.574905
2007-07-10,50.080002,31.170339
2007-07-11,50.570000,31.475319
2007-07-12,50.810001,31.624698
2007-07-13,51.099998,31.805195
2007-07-16,50.549999,31.462870
2007-07-17,50.160000,31.220130
2007-07-18,49.939999,31.083199
2007-07-19,48.450001,30.155808
2007-07-20,47.840000,29.776137
2007-07-23,47.290001,29.433812
2007-07-24,47.450001,29.533398
2007-07-25,47.500000,29.564517
2007-07-26,46.250000,28.786504
2007-07-27,45.900002,28.568661
2007-07-30,46.200001,28.755384
2007-07-31,46.099998,28.693141
2007-08-01,46.380001,28.867418
2007-08-02,46.680000,29.054141
2007-08-03,45.150002,28.101853
2007-08-06,46.639999,29.029243
2007-08-07,47.020000,29.265760
2007-08-08,48.490002,30.180705
2007-08-09,47.560001,29.601863
2007-08-10,47.099998,29.315552
2007-08-13,46.580002,28.991901
2007-08-14,46.400002,28.879867
2007-08-15,46.669998,29.047915
2007-08-16,44.139999,27.473216
2007-08-17,46.279999,28.805176
2007-08-20,45.669998,28.425504
2007-08-21,45.500000,28.319696
2007-08-22,46.540001,29.157650
2007-08-23,46.599998,29.195238
2007-08-24,46.720001,29.270421
2007-08-27,46.590000,29.188975
2007-08-28,45.490002,28.499818
2007-08-29,46.259998,28.982226
2007-08-30,46.139999,28.907046
2007-08-31,46.500000,29.132589
2007-09-04,46.480000,29.120059
2007-09-05,45.799999,28.694033
2007-09-06,45.860001,28.731625
2007-09-07,45.189999,28.311864
2007-09-10,45.150002,28.286805
2007-09-11,45.540001,28.531142
2007-09-12,45.669998,28.612587
2007-09-13,45.520000,28.518612
2007-09-14,45.340000,28.405840
2007-09-17,45.290001,28.374516
2007-09-18,45.950001,28.788010
2007-09-19,46.360001,29.044878
2007-09-20,45.910000,28.762950
2007-09-21,46.450001,29.101264
2007-09-24,46.169998,28.925840
2007-09-25,46.150002,28.913313
2007-09-26,46.000000,28.819335
2007-09-27,46.299999,29.007287
2007-09-28,46.410000,29.076203
2007-10-01,47.410000,29.702710
2007-10-02,45.779999,28.681503
2007-10-03,44.500000,27.879574
2007-10-04,44.580002,27.929696
2007-10-05,45.410000,28.449696
2007-10-08,44.570000,27.923430
2007-10-09,46.049999,28.850660
2007-10-10,45.410000,28.449696
2007-10-11,45.000000,28.192828
2007-10-12,45.259998,28.355719
2007-10-15,45.270000,28.361985
2007-10-16,44.480000,27.867044
2007-10-17,44.290001,27.748008
2007-10-18,43.049999,26.971138
2007-10-19,41.720001,26.137885
2007-10-22,42.160000,26.413547
2007-10-23,42.290001,26.494994
2007-10-24,42.029999,26.332101
2007-10-25,42.000000,26.313306
2007-10-26,41.700001,26.125355
2007-10-29,41.700001,26.125355
2007-10-30,42.500000,26.626560
2007-10-31,43.110001,27.008730
2007-11-01,42.029999,26.332101
2007-11-02,41.730000,26.144149
2007-11-05,41.470001,25.981258
2007-11-06,41.500000,26.000052
2007-11-07,40.740002,25.523908
2007-11-08,41.040001,25.711860
2007-11-09,41.040001,25.711860
2007-11-12,41.290001,25.868487
2007-11-13,42.070000,26.357162
2007-11-14,40.209999,25.191857
2007-11-15,39.590000,24.803424
2007-11-16,39.919998,25.010170
2007-11-19,38.880001,24.541497
2007-11-20,38.980000,24.604618
2007-11-21,38.299999,24.175393
2007-11-23,38.889999,24.547808
2007-11-26,38.419998,24.251138
2007-11-27,39.099998,24.680362
2007-11-28,40.209999,25.381007
2007-11-29,39.919998,25.197955
2007-11-30,39.910000,25.191644
2007-12-03,39.430000,24.888663
2007-12-04,39.799999,25.122210
2007-12-05,40.380001,25.488314
2007-12-06,40.549999,25.595619
2007-12-07,40.299999,25.437816
2007-12-10,40.270000,25.418880
2007-12-11,39.160000,24.718236
2007-12-12,38.599998,24.364756
2007-12-13,38.660000,24.402630
2007-12-14,38.450001,24.270076
2007-12-17,38.250000,24.143833
2007-12-18,38.900002,24.554122
2007-12-19,38.849998,24.522559
2007-12-20,39.090000,24.674051
2007-12-21,39.430000,24.888663
2007-12-24,39.669998,25.040152
2007-12-26,39.650002,25.027530
2007-12-27,39.259998,24.781356
2007-12-28,39.470001,24.913912
2007-12-31,39.400002,24.869728
2008-01-02,38.770000,24.472063
2008-01-03,38.889999,24.547808
2008-01-04,38.549999,24.333196
2008-01-07,38.660000,24.402630
2008-01-08,37.860001,23.897662
2008-01-09,37.840000,23.885037
2008-01-10,37.919998,23.935532
2008-01-11,37.459999,23.645176
2008-01-14,37.369999,23.588367
2008-01-15,36.299999,22.912971
2008-01-16,37.099998,23.417939
2008-01-17,37.259998,23.518933
2008-01-18,36.740002,23.190706
2008-01-22,35.869999,22.641550
2008-01-23,36.389999,22.969780
2008-01-24,35.680000,22.521620
2008-01-25,34.040001,21.486434
2008-01-28,35.799999,22.597365
2008-01-29,36.680000,23.152832
2008-01-30,36.169998,22.830913
2008-01-31,36.169998,22.830913
2008-02-01,36.000000,22.723608
2008-02-04,35.599998,22.471122
2008-02-05,35.189999,22.212326
2008-02-06,35.020000,22.105021
2008-02-07,34.930000,22.048212
2008-02-08,34.419998,21.726293
2008-02-11,34.730000,21.921969
2008-02-12,36.070000,22.767793
2008-02-13,35.869999,22.641550
2008-02-14,35.630001,22.490060
2008-02-15,35.990002,22.717297
2008-02-19,37.049999,23.386379
2008-02-20,37.099998,23.417939
2008-02-21,36.619999,23.301812
2008-02-22,36.840000,23.441802
2008-02-25,37.910000,24.122658
2008-02-26,37.590000,23.919038
2008-02-27,37.279999,23.721780
2008-02-28,37.029999,23.562701
2008-02-29,37.080002,23.594519
2008-03-03,37.040001,23.569066
2008-03-04,36.939999,23.505433
2008-03-05,37.209999,23.677238
2008-03-06,35.619999,22.665499
2008-03-07,35.049999,22.302800
2008-03-10,35.290001,22.455516
2008-03-11,36.380001,23.149098
2008-03-12,36.900002,23.479982
2008-03-13,36.810001,23.422713
2008-03-14,36.459999,23.200002
2008-03-17,35.889999,22.837303
2008-03-18,36.400002,23.161825
2008-03-19,36.910000,23.486344
2008-03-20,37.980000,24.167200
2008-03-24,38.400002,24.434453
2008-03-25,38.639999,24.587166
2008-03-26,38.119999,24.256283
2008-03-27,38.139999,24.269009
2008-03-28,37.790001,24.046301
2008-03-31,37.669998,23.969941
2008-04-01,39.240002,24.968957
2008-04-02,39.029999,24.835329
2008-04-03,38.950001,24.784425
2008-04-04,39.029999,24.835329
2008-04-07,39.139999,24.905323
2008-04-08,38.930000,24.771698
2008-04-09,38.500000,24.498083
2008-04-10,38.349998,24.402635
2008-04-11,35.889999,22.837303
2008-04-14,36.180000,23.021835
2008-04-15,36.029999,22.926387
2008-04-16,35.990002,22.900937
2008-04-17,35.689999,22.710041
2008-04-18,35.529999,22.608230
2008-04-21,35.759998,22.754582
2008-04-22,35.410000,22.531873
2008-04-23,35.230000,22.417337
2008-04-24,34.750000,22.111906
2008-04-25,34.740002,22.105544
2008-04-28,36.349998,23.130007
2008-04-29,37.360001,23.772686
2008-04-30,37.380001,23.785412
2008-05-01,38.320000,24.383547
2008-05-02,38.169998,24.288098
2008-05-05,38.220001,24.319916
2008-05-06,38.310001,24.377184
2008-05-07,38.009998,24.186288
2008-05-08,37.540001,23.887222
2008-05-09,36.990002,23.537250
2008-05-12,37.200001,23.670876
2008-05-13,37.240002,23.696329
2008-05-14,37.259998,23.709053
2008-05-15,37.330002,23.753597
2008-05-16,37.470001,23.842680
2008-05-19,37.650002,23.957218
2008-05-20,37.220001,23.683602
2008-05-21,36.369999,23.329205
2008-05-22,36.830002,23.624269
2008-05-23,36.509998,23.419006
2008-05-27,39.930000,25.612735
2008-05-28,38.840000,24.913564
2008-05-29,40.230000,25.805167
2008-05-30,39.189999,25.138068
2008-06-02,38.919998,24.964878
2008-06-03,38.349998,24.599257
2008-06-04,38.599998,24.759617
2008-06-05,38.590000,24.753204
2008-06-06,37.459999,24.028375
2008-06-09,37.310001,23.932160
2008-06-10,37.619999,24.131006
2008-06-11,37.009998,23.739726
2008-06-12,37.150002,23.829530
2008-06-13,38.330002,24.586431
2008-06-16,35.869999,23.008484
2008-06-17,35.150002,22.546649
2008-06-18,34.470001,22.110468
2008-06-19,34.400002,22.065568
2008-06-20,33.750000,21.648630
2008-06-23,33.439999,21.449783
2008-06-24,33.310001,21.366397
2008-06-25,33.529999,21.507513
2008-06-26,32.889999,21.096990
2008-06-27,32.480000,20.834000
2008-06-30,32.779999,21.026432
2008-07-01,32.660000,20.949460
2008-07-02,32.680000,20.962288
2008-07-03,32.869999,21.084162
2008-07-07,33.400002,21.424127
2008-07-08,33.759998,21.655043
2008-07-09,33.610001,21.558829
2008-07-10,33.660000,21.590900
2008-07-11,33.509998,21.494683
2008-07-14,33.959999,21.783332
2008-07-15,33.439999,21.449783
2008-07-16,34.020000,21.821819
2008-07-17,34.830002,22.341388
2008-07-18,35.000000,22.450431
2008-07-21,34.419998,22.078394
2008-07-22,34.950001,22.418360
2008-07-23,36.849998,23.637096
2008-07-24,36.230000,23.239404
2008-07-25,36.330002,23.303549
2008-07-28,36.020000,23.104701
2008-07-29,36.759998,23.579366
2008-07-30,36.959999,23.707655
2008-07-31,36.770000,23.585782
2008-08-01,36.450001,23.380521
2008-08-04,36.880001,23.656341
2008-08-05,37.599998,24.118176
2008-08-06,40.230000,25.805167
2008-08-07,40.480000,25.965527
2008-08-08,40.580002,26.029673
2008-08-11,41.340000,26.517167
2008-08-12,40.849998,26.202859
2008-08-13,40.779999,26.157959
2008-08-14,41.189999,26.420950
2008-08-15,41.619999,26.696769
2008-08-18,37.709999,24.188735
2008-08-19,37.790001,24.240052
2008-08-20,37.889999,24.304195
2008-08-21,37.299999,24.115089
2008-08-22,37.439999,24.205601
2008-08-25,36.599998,23.662526
2008-08-26,36.230000,23.423316
2008-08-27,36.500000,23.597875
2008-08-28,36.549999,23.630201
2008-08-29,36.090000,23.332803
2008-09-02,36.759998,23.765969
2008-09-03,36.830002,23.811227
2008-09-04,36.419998,23.546153
2008-09-05,37.720001,24.386627
2008-09-08,38.930000,25.168912
2008-09-09,38.570000,24.936166
2008-09-10,38.619999,24.968491
2008-09-11,40.529999,26.203339
2008-09-12,41.090000,26.565389
2008-09-15,39.500000,25.537427
2008-09-16,40.189999,25.983523
2008-09-17,39.840000,25.757243
2008-09-18,42.730000,27.625677
2008-09-19,40.700001,26.313248
2008-09-22,42.500000,27.476978
2008-09-23,41.650002,26.927440
2008-09-24,40.500000,26.183944
2008-09-25,41.150002,26.604181
2008-09-26,41.060001,26.545994
2008-09-29,39.009998,25.220632
2008-09-30,39.540001,25.563288
2008-10-01,40.000000,25.860685
2008-10-02,38.959999,25.188307
2008-10-03,38.959999,25.188307
2008-10-06,37.200001,24.050438
2008-10-07,37.509998,24.250856
2008-10-08,37.209999,24.056902
2008-10-09,34.849998,22.531121
2008-10-10,34.500000,22.304841
2008-10-13,35.849998,23.177638
2008-10-14,34.680000,22.421214
2008-10-15,32.970001,21.315671
2008-10-16,35.240002,22.783265
2008-10-17,35.200001,22.757404
2008-10-20,35.650002,23.048337
2008-10-21,35.889999,23.203499
2008-10-22,34.830002,22.518193
2008-10-23,35.480000,22.938428
2008-10-24,33.590000,21.716511
2008-10-27,33.060001,21.373857
2008-10-28,35.959999,23.248756
2008-10-29,35.430000,22.906102
2008-10-30,36.750000,23.759505
2008-10-31,37.240002,24.076299
2008-11-03,37.770000,24.418952
2008-11-04,38.230000,24.716350
2008-11-05,36.650002,23.694854
2008-11-06,35.279999,22.809124
2008-11-07,36.509998,23.604339
2008-11-10,36.310001,23.475038
2008-11-11,35.680000,23.067731
2008-11-12,34.880001,22.550518
2008-11-13,36.740002,23.753041
2008-11-14,35.959999,23.248756
2008-11-17,34.310001,22.182004
2008-11-18,34.700001,22.434145
2008-11-19,33.779999,21.839348
2008-11-20,32.810001,21.212228
2008-11-21,34.689999,22.632899
2008-11-24,36.150002,23.585454
2008-11-25,34.919998,22.782958
2008-11-26,34.820000,22.717716
2008-11-28,36.000000,23.487587
2008-12-01,34.230000,22.332781
2008-12-02,35.230000,22.985214
2008-12-03,35.360001,23.070031
2008-12-04,34.430000,22.463267
2008-12-05,34.630001,22.593755
2008-12-08,35.400002,23.096129
2008-12-09,34.950001,22.802533
2008-12-10,35.599998,23.226613
2008-12-11,35.240002,22.991739
2008-12-12,35.660000,23.265760
2008-12-15,35.380001,23.083079
2008-12-16,36.680000,23.931242
2008-12-17,36.139999,23.578927
2008-12-18,35.480000,23.148322
2008-12-19,35.060001,22.874301
2008-12-22,35.070000,22.880825
2008-12-23,34.910000,22.776435
2008-12-24,35.049999,22.867775
2008-12-26,34.889999,22.763386
2008-12-29,34.400002,22.443696
2008-12-30,35.340000,23.056981
2008-12-31,34.740002,22.665523
2009-01-02,35.810001,23.363626
2009-01-05,35.490002,23.154848
2009-01-06,35.970001,23.468015
2009-01-07,35.419998,23.109175
2009-01-08,35.139999,22.926494
2009-01-09,34.419998,22.456742
2009-01-12,34.869999,22.750337
2009-01-13,34.869999,22.750337
2009-01-14,34.110001,22.254490
2009-01-15,34.450001,22.476317
2009-01-16,35.029999,22.854727
2009-01-20,33.880001,22.104430
2009-01-21,33.880001,22.104430
2009-01-22,35.049999,22.867775
2009-01-23,34.939999,22.796008
2009-01-26,35.099998,22.900396
2009-01-27,37.480000,24.453188
2009-01-28,37.349998,24.368370
2009-01-29,37.840000,24.688064
2009-01-30,37.279999,24.322701
2009-02-02,36.490002,23.807281
2009-02-03,37.000000,24.140020
2009-02-04,36.459999,23.787706
2009-02-05,36.470001,23.794231
2009-02-06,37.480000,24.453188
2009-02-09,36.700001,23.944291
2009-02-10,35.799999,23.357100
2009-02-11,35.959999,23.461489
2009-02-12,36.540001,23.839902
2009-02-13,36.869999,24.055203
2009-02-17,34.889999,22.763386
2009-02-18,34.790001,22.698144
2009-02-19,35.029999,22.854727
2009-02-20,34.639999,22.600278
2009-02-23,33.720001,22.190621
2009-02-24,34.130001,22.460436
2009-02-25,34.139999,22.467016
2009-02-26,33.400002,21.980035
2009-02-27,33.689999,22.170877
2009-03-02,33.520000,22.059004
2009-03-03,33.090000,21.776027
2009-03-04,33.419998,21.993194
2009-03-05,31.490000,20.723091
2009-03-06,31.990000,21.052134
2009-03-09,30.900000,20.334821
2009-03-10,30.750000,20.236109
2009-03-11,30.940001,20.361145
2009-03-12,32.200001,21.190332
2009-03-13,33.209999,21.854997
2009-03-16,33.290001,21.907645
2009-03-17,35.040001,23.059293
2009-03-18,35.200001,23.164587
2009-03-19,34.939999,22.993483
2009-03-20,34.930000,22.986903
2009-03-23,36.220001,23.835833
2009-03-24,35.410000,23.302784
2009-03-25,34.970001,23.013227
2009-03-26,35.099998,23.098776
2009-03-27,34.950001,23.000066
2009-03-30,34.740002,22.861868
2009-03-31,34.750000,22.868448
2009-04-01,35.330002,23.250138
2009-04-02,35.619999,23.440981
2009-04-03,36.139999,23.783185
2009-04-06,35.950001,23.658150
2009-04-07,35.259998,23.204070
2009-04-08,36.169998,23.802927
2009-04-09,36.580002,24.072745
2009-04-13,36.090000,23.750282
2009-04-14,35.560001,23.401497
2009-04-15,35.889999,23.618664
2009-04-16,35.990002,23.684474
2009-04-17,35.840000,23.585760
2009-04-20,35.840000,23.585760
2009-04-21,35.599998,23.427819
2009-04-22,36.060001,23.730540
2009-04-23,37.450001,24.645278
2009-04-24,36.180000,23.809509
2009-04-27,35.860001,23.598923
2009-04-28,35.959999,23.664730
2009-04-29,36.220001,23.835833
2009-04-30,36.139999,23.783185
2009-05-01,35.709999,23.500209
2009-05-04,36.230000,23.842414
2009-05-05,35.830002,23.579181
2009-05-06,35.360001,23.269880
2009-05-07,35.130001,23.118521
2009-05-08,35.220001,23.177749
2009-05-11,35.380001,23.283042
2009-05-12,35.709999,23.500209
2009-05-13,35.220001,23.177749
2009-05-14,35.200001,23.164587
2009-05-15,35.279999,23.217232
2009-05-18,35.490002,23.355432
2009-05-19,35.740002,23.519953
2009-05-20,35.110001,23.299303
2009-05-21,34.869999,23.140035
2009-05-22,34.880001,23.146673
2009-05-26,35.290001,23.418752
2009-05-27,34.750000,23.060403
2009-05-28,34.950001,23.193125
2009-05-29,35.220001,23.372300
2009-06-01,35.439999,23.518292
2009-06-02,35.750000,23.724012
2009-06-03,35.639999,23.651014
2009-06-04,35.139999,23.319210
2009-06-05,34.869999,23.140035
2009-06-08,35.230000,23.378935
2009-06-09,35.330002,23.445297
2009-06-10,35.029999,23.246213
2009-06-11,35.209999,23.365662
2009-06-12,35.389999,23.485112
2009-06-15,34.480000,22.881229
2009-06-16,33.860001,22.469792
2009-06-17,34.110001,22.635694
2009-06-18,34.599998,22.960860
2009-06-19,34.770000,23.073675
2009-06-22,34.700001,23.027223
2009-06-23,34.840000,23.120128
2009-06-24,35.419998,23.505019
2009-06-25,36.250000,24.055816
2009-06-26,35.990002,23.883279
2009-06-29,36.029999,23.909821
2009-06-30,36.000000,23.889914
2009-07-01,36.840000,24.447345
2009-07-02,36.480000,24.208446
2009-07-06,37.160000,24.659700
2009-07-07,36.619999,24.301351
2009-07-08,37.009998,24.560157
2009-07-09,36.880001,24.473890
2009-07-10,36.680000,24.341168
2009-07-13,36.869999,24.467253
2009-07-14,37.549999,24.918507
2009-07-15,37.930000,25.170679
2009-07-16,38.230000,25.369761
2009-07-17,38.169998,25.329943
2009-07-20,38.310001,25.422851
2009-07-21,38.599998,25.615295
2009-07-22,38.950001,25.847560
2009-07-23,41.799999,27.738844
2009-07-24,40.970001,27.188050
2009-07-27,40.889999,27.134960
2009-07-28,41.130001,27.294227
2009-07-29,40.500000,26.876153
2009-07-30,40.189999,26.670434
2009-07-31,39.950001,26.511169
2009-08-03,39.849998,26.444806
2009-08-04,39.529999,26.232452
2009-08-05,38.980000,25.867468
2009-08-06,38.889999,25.807742
2009-08-07,39.139999,25.973645
2009-08-10,38.900002,25.814380
2009-08-11,38.840000,25.774563
2009-08-12,38.380001,25.469303
2009-08-13,38.790001,25.741383
2009-08-14,38.939999,25.840923
2009-08-17,38.480000,25.535663
2009-08-18,39.009998,25.887375
2009-08-19,39.270000,26.059914
2009-08-20,39.369999,26.126275
2009-08-21,39.660000,26.519114
2009-08-24,39.369999,26.325201
2009-08-25,39.209999,26.218215
2009-08-26,39.209999,26.218215
2009-08-27,38.959999,26.051050
2009-08-28,38.950001,26.044365
2009-08-31,39.230000,26.231589
2009-09-01,38.410000,25.683287
2009-09-02,38.470001,25.723407
2009-09-03,38.599998,25.810331
2009-09-04,38.630001,25.830393
2009-09-08,39.130001,26.164724
2009-09-09,40.490002,27.074104
2009-09-10,40.480000,27.067416
2009-09-11,40.240002,26.906939
2009-09-14,39.759998,26.585979
2009-09-15,39.549999,26.445560
2009-09-16,39.389999,26.338575
2009-09-17,38.900002,26.010932
2009-09-18,39.610001,26.485681
2009-09-21,39.380001,26.331889
2009-09-22,39.250000,26.244963
2009-09-23,39.209999,26.218215
2009-09-24,39.049999,26.111230
2009-09-25,39.000000,26.077797
2009-09-28,39.220001,26.224903
2009-09-29,39.049999,26.111230
2009-09-30,38.860001,25.984185
2009-10-01,39.840000,26.639473
2009-10-02,39.540001,26.438875
2009-10-05,39.310001,26.285083
2009-10-06,39.480000,26.398755
2009-10-07,39.380001,26.331889
2009-10-08,39.669998,26.525799
2009-10-09,39.900002,26.679594
2009-10-12,39.720001,26.559234
2009-10-13,39.400002,26.345263
2009-10-14,39.570000,26.458934
2009-10-15,39.740002,26.572608
2009-10-16,39.630001,26.499055
2009-10-19,39.610001,26.485681
2009-10-20,40.880001,27.334881
2009-10-21,40.669998,27.194461
2009-10-22,39.330002,26.298457
2009-10-23,38.060001,25.449256
2009-10-26,37.980000,25.395763
2009-10-27,38.259998,25.582986
2009-10-28,38.060001,25.449256
2009-10-29,38.450001,25.710034
2009-10-30,37.790001,25.268718
2009-11-02,37.910000,25.348956
2009-11-03,37.369999,24.987878
2009-11-04,37.279999,24.927699
2009-11-05,37.279999,24.927699
2009-11-06,37.619999,25.155044
2009-11-09,37.849998,25.308835
2009-11-10,38.070000,25.455942
2009-11-11,38.099998,25.476001
2009-11-12,37.779999,25.262030
2009-11-13,38.220001,25.556242
2009-11-16,38.709999,25.883885
2009-11-17,38.410000,25.683287
2009-11-18,37.630001,25.161732
2009-11-19,37.139999,24.834086
2009-11-20,37.180000,24.860833
2009-11-23,36.389999,24.528861
2009-11-24,36.660000,24.710856
2009-11-25,35.939999,24.225536
2009-11-27,35.599998,23.996356
2009-11-30,35.369999,23.841325
2009-12-01,35.880001,24.185094
2009-12-02,36.049999,24.299682
2009-12-03,35.900002,24.198576
2009-12-04,35.990002,24.259241
2009-12-07,35.919998,24.212054
2009-12-08,35.580002,23.982878
2009-12-09,35.330002,23.814364
2009-12-10,35.580002,23.982878
2009-12-11,36.020000,24.279461
2009-12-14,36.130001,24.353608
2009-12-15,36.080002,24.319906
2009-12-16,36.090000,24.326645
2009-12-17,35.669998,24.043540
2009-12-18,35.290001,23.787401
2009-12-21,35.549999,23.962654
2009-12-22,36.189999,24.394050
2009-12-23,36.360001,24.508640
2009-12-24,36.480000,24.589526
2009-12-28,36.570000,24.650191
2009-12-29,36.380001,24.522121
2009-12-30,36.490002,24.596268
2009-12-31,35.790001,24.124429
2010-01-04,36.220001,24.414273
2010-01-05,37.169998,25.054623
2010-01-06,36.849998,24.838925
2010-01-07,36.490002,24.596268
2010-01-08,36.380001,24.522121
2010-01-11,36.180000,24.387310
2010-01-12,37.750000,25.445576
2010-01-13,36.610001,24.677154
2010-01-14,36.959999,24.913072
2010-01-15,36.250000,24.434494
2010-01-19,37.349998,25.175953
2010-01-20,37.080002,24.993961
2010-01-21,36.189999,24.394050
2010-01-22,36.279999,24.454715
2010-01-25,36.450001,24.569305
2010-01-26,36.500000,24.603007
2010-01-27,37.290001,25.135511
2010-01-28,37.130001,25.027663
2010-01-29,36.430000,24.555823
2010-02-01,36.810001,24.811965
2010-02-02,37.200001,25.074847
2010-02-03,37.150002,25.041144
2010-02-04,36.900002,24.872631
2010-02-05,37.349998,25.175953
2010-02-08,36.950001,24.906333
2010-02-09,37.200001,25.074847
2010-02-10,37.220001,25.088328
2010-02-11,37.400002,25.209658
2010-02-12,37.599998,25.344466
2010-02-16,38.380001,25.870231
2010-02-17,38.389999,25.876971
2010-02-18,38.830002,26.173557
2010-02-19,39.970001,26.941979
2010-02-22,39.740002,26.786947
2010-02-23,39.259998,26.678220
2010-02-24,39.639999,26.936441
2010-02-25,39.730000,26.997599
2010-02-26,39.759998,27.017983
2010-03-01,39.910000,27.119914
2010-03-02,40.169998,27.296589
2010-03-03,40.759998,27.697510
2010-03-04,41.099998,27.928549
2010-03-05,41.450001,28.166386
2010-03-08,41.200001,27.996504
2010-03-09,41.570000,28.247928
2010-03-10,41.500000,28.200361
2010-03-11,41.680000,28.322676
2010-03-12,42.650002,28.981818
2010-03-15,42.980000,29.206061
2010-03-16,43.520000,29.573005
2010-03-17,43.150002,29.321582
2010-03-18,42.980000,29.206061
2010-03-19,42.439999,28.839116
2010-03-22,42.880001,29.138109
2010-03-23,43.150002,29.321582
2010-03-24,42.689999,29.008997
2010-03-25,42.639999,28.975021
2010-03-26,42.490002,28.873094
2010-03-29,42.869999,29.131312
2010-03-30,43.049999,29.253627
2010-03-31,42.810001,29.090542
2010-04-01,43.060001,29.260424
2010-04-05,43.240002,29.382739
2010-04-06,43.349998,29.457484
2010-04-07,43.330002,29.443897
2010-04-08,43.480000,29.545824
2010-04-09,44.119999,29.980721
2010-04-12,44.270000,30.082650
2010-04-13,43.930000,29.851611
2010-04-14,44.139999,29.994311
2010-04-15,44.259998,30.075854
2010-04-16,43.869999,29.810839
2010-04-19,44.310001,30.109832
2010-04-20,44.910000,30.517548
2010-04-21,44.840000,30.469981
2010-04-22,48.080002,32.671649
2010-04-23,48.720001,33.106545
2010-04-26,47.840000,32.508561
2010-04-27,47.080002,31.992122
2010-04-28,46.880001,31.856216
2010-04-29,47.220001,32.087255
2010-04-30,47.009998,31.944552
2010-05-03,47.560001,32.318294
2010-05-04,47.020000,31.951349
2010-05-05,47.020000,31.951349
2010-05-06,46.330002,31.482477
2010-05-07,46.419998,31.543632
2010-05-10,47.919998,32.562922
2010-05-11,47.880001,32.535743
2010-05-12,47.959999,32.590103
2010-05-13,47.560001,32.318294
2010-05-14,47.220001,32.087255
2010-05-17,48.049999,32.651261
2010-05-18,47.849998,32.515355
2010-05-19,47.790001,32.474585
2010-05-20,46.630001,31.686334
2010-05-21,46.560001,31.857390
2010-05-24,46.669998,31.932652
2010-05-25,46.070000,31.522120
2010-05-26,45.900002,31.405804
2010-05-27,47.290001,32.356872
2010-05-28,46.799999,32.021602
2010-06-01,48.000000,32.842669
2010-06-02,48.700001,33.321625
2010-06-03,49.410000,33.807423
2010-06-04,48.290001,33.041094
2010-06-07,48.639999,33.280571
2010-06-08,50.470001,34.532699
2010-06-09,51.150002,34.997971
2010-06-10,51.759998,35.415344
2010-06-11,50.770000,34.737965
2010-06-14,50.880001,34.813230
2010-06-15,50.049999,34.245324
2010-06-16,49.889999,34.135849
2010-06-17,50.439999,34.512171
2010-06-18,50.220001,34.361643
2010-06-21,49.320000,33.745843
2010-06-22,49.160000,33.636367
2010-06-23,49.340000,33.759527
2010-06-24,49.400002,33.800582
2010-06-25,48.380001,33.102674
2010-06-28,49.009998,33.533732
2010-06-29,48.230000,33.000040
2010-06-30,47.930000,32.794774
2010-07-01,47.680000,32.623718
2010-07-02,48.209999,32.986355
2010-07-06,49.400002,33.800582
2010-07-07,49.980000,34.197429
2010-07-08,50.439999,34.512171
2010-07-09,50.720001,34.703754
2010-07-12,50.689999,34.683226
2010-07-13,51.230000,35.052707
2010-07-14,51.380001,35.155341
2010-07-15,51.610001,35.312712
2010-07-16,50.810001,34.765334
2010-07-19,50.549999,34.587435
2010-07-20,49.950001,34.176903
2010-07-21,49.820000,34.087954
2010-07-22,47.750000,32.671614
2010-07-23,47.209999,32.302133
2010-07-26,47.580002,32.555297
2010-07-27,47.029999,32.178973
2010-07-28,46.410000,31.754756
2010-07-29,46.320000,31.693176
2010-07-30,47.000000,32.158447
2010-08-02,46.529999,31.836862
2010-08-03,46.240002,31.638439
2010-08-04,46.169998,31.590541
2010-08-05,46.139999,31.570015
2010-08-06,46.180000,31.597385
2010-08-09,46.270000,31.658965
2010-08-10,46.340000,31.706860
2010-08-11,46.099998,31.542646
2010-08-12,46.040001,31.501594
2010-08-13,46.349998,31.713701
2010-08-16,46.349998,31.713701
2010-08-17,46.849998,32.055812
2010-08-18,47.650002,32.603193
2010-08-19,47.150002,32.261082
2010-08-20,47.740002,32.664773
2010-08-23,47.509998,32.726766
2010-08-24,46.799999,32.237690
2010-08-25,46.410000,31.969043
2010-08-26,46.490002,32.024152
2010-08-27,47.090000,32.437454
2010-08-30,45.779999,31.535074
2010-08-31,46.470001,32.010375
2010-09-01,47.169998,32.492560
2010-09-02,46.990002,32.368572
2010-09-03,47.139999,32.471896
2010-09-07,46.430000,31.982820
2010-09-08,46.430000,31.982820
2010-09-09,46.330002,31.913938
2010-09-10,45.939999,31.645288
2010-09-13,45.750000,31.514409
2010-09-14,45.490002,31.335312
2010-09-15,45.689999,31.473078
2010-09-16,47.259998,32.554556
2010-09-17,47.369999,32.630329
2010-09-20,48.130001,33.153848
2010-09-21,47.959999,33.036744
2010-09-22,47.810001,32.933420
2010-09-23,47.560001,32.761210
2010-09-24,48.119999,33.146958
2010-09-27,47.410000,32.657883
2010-09-28,47.639999,32.816315
2010-09-29,47.790001,32.919643
2010-09-30,47.590000,32.781874
2010-10-01,47.790001,32.919643
2010-10-04,47.630001,32.809428
2010-10-05,48.099998,33.133181
2010-10-06,48.169998,33.181400
2010-10-07,47.880001,32.981638
2010-10-08,48.750000,33.580928
2010-10-11,49.259998,33.932235
2010-10-12,49.910000,34.379982
2010-10-13,50.759998,34.965494
2010-10-14,50.860001,35.034380
2010-10-15,51.619999,35.557897
2010-10-18,51.330002,35.358135
2010-10-19,50.980000,35.117040
2010-10-20,51.099998,35.199700
2010-10-21,49.320000,33.973567
2010-10-22,49.910000,34.379982
2010-10-25,49.599998,34.166440
2010-10-26,49.410000,34.035562
2010-10-27,48.910000,33.691142
2010-10-28,49.360001,34.001121
2010-10-29,49.490002,34.090671
2010-11-01,49.130001,33.842688
2010-11-02,48.919998,33.698029
2010-11-03,49.189999,33.884017
2010-11-04,48.860001,33.656701
2010-11-05,48.490002,33.401831
2010-11-08,48.459999,33.381164
2010-11-09,48.160000,33.174513
2010-11-10,47.919998,33.009190
2010-11-11,47.980000,33.050522
2010-11-12,47.549999,32.754320
2010-11-15,47.000000,32.375459
2010-11-16,46.400002,31.962156
2010-11-17,46.240002,31.851942
2010-11-18,46.549999,32.065480
2010-11-19,46.520000,32.044816
2010-11-22,46.619999,32.336132
2010-11-23,46.700001,32.391622
2010-11-24,47.130001,32.689874
2010-11-26,47.220001,32.752299
2010-11-29,46.689999,32.384684
2010-11-30,46.799999,32.460982
2010-12-01,47.230000,32.759235
2010-12-02,47.310001,32.814724
2010-12-03,46.750000,32.426302
2010-12-06,46.430000,32.204346
2010-12-07,45.970001,31.885286
2010-12-08,45.889999,31.829796
2010-12-09,47.080002,32.655195
2010-12-10,47.400002,32.877150
2010-12-13,47.099998,32.669064
2010-12-14,47.650002,33.050553
2010-12-15,47.689999,33.078295
2010-12-16,48.060001,33.334932
2010-12-17,48.299999,33.501398
2010-12-20,47.560001,32.988127
2010-12-21,47.570000,32.995063
2010-12-22,47.990002,33.286380
2010-12-23,47.970001,33.272507
2010-12-27,47.720001,33.099105
2010-12-28,47.380001,32.863277
2010-12-29,47.380001,32.863277
2010-12-30,47.270000,32.786979
2010-12-31,47.150002,32.703747
2011-01-03,46.810001,32.467919
2011-01-04,46.369999,32.162729
2011-01-05,46.619999,32.336132
2011-01-06,47.930000,33.244762
2011-01-07,48.139999,33.390420
2011-01-10,48.310001,33.508335
2011-01-11,48.360001,33.543016
2011-01-12,48.790001,33.841268
2011-01-13,49.810001,34.548751
2011-01-14,49.549999,34.368411
2011-01-18,49.700001,34.472454
2011-01-19,49.200001,34.125649
2011-01-20,49.189999,34.118711
2011-01-21,49.389999,34.257433
2011-01-24,48.790001,33.841268
2011-01-25,49.599998,34.403091
2011-01-26,48.520000,33.653993
2011-01-27,47.830002,33.175403
2011-01-28,47.040001,32.627450
2011-01-31,46.689999,32.384684
2011-02-01,47.139999,32.696809
2011-02-02,48.610001,33.716418
2011-02-03,50.490002,35.020407
2011-02-04,50.490002,35.020407
2011-02-07,49.799999,34.541814
2011-02-08,50.250000,34.853939
2011-02-09,50.439999,34.985725
2011-02-10,49.709999,34.479389
2011-02-11,50.009998,34.687471
2011-02-14,49.770000,34.521006
2011-02-15,49.709999,34.479389
2011-02-16,49.650002,34.437774
2011-02-17,50.080002,34.736027
2011-02-18,50.330002,34.909430
2011-02-22,51.419998,35.665462
2011-02-23,50.480000,35.249978
2011-02-24,52.279999,36.506910
2011-02-25,51.950001,36.276473
2011-02-28,52.320000,36.534842
2011-03-01,52.200001,36.451047
2011-03-02,52.660000,36.772263
2011-03-03,53.029999,37.030632
2011-03-04,52.939999,36.967785
2011-03-07,53.389999,37.282018
2011-03-08,53.689999,37.491507
2011-03-09,53.910000,37.645133
2011-03-10,53.630001,37.449611
2011-03-11,53.730000,37.519439
2011-03-14,53.110001,37.086497
2011-03-15,53.540001,37.386764
2011-03-16,52.900002,36.939855
2011-03-17,53.020000,37.023649
2011-03-18,53.869999,37.617200
2011-03-21,54.560001,38.099026
2011-03-22,54.220001,37.861605
2011-03-23,54.060001,37.749878
2011-03-24,54.360001,37.959367
2011-03-25,54.360001,37.959367
2011-03-28,54.209999,37.854621
2011-03-29,54.790001,38.259634
2011-03-30,54.689999,38.189803
2011-03-31,54.349998,37.952382
2011-04-01,54.299999,37.917467
2011-04-04,54.700001,38.196787
2011-04-05,55.320000,38.629730
2011-04-06,55.669998,38.874132
2011-04-07,55.630001,38.846202
2011-04-08,55.709999,38.902065
2011-04-11,56.099998,39.174399
2011-04-12,56.299999,39.314059
2011-04-13,56.520000,39.467685
2011-04-14,56.750000,39.628293
2011-04-15,57.299999,40.012355
2011-04-18,56.540001,39.481652
2011-04-19,56.509998,39.460701
2011-04-20,56.580002,39.509584
2011-04-21,56.750000,39.628293
2011-04-25,56.630001,39.544498
2011-04-26,57.270000,39.991407
2011-04-27,57.650002,40.256761
2011-04-28,57.540001,40.179948
2011-04-29,57.709999,40.298657
2011-05-02,57.590000,40.214862
2011-05-03,57.189999,39.935543
2011-05-04,56.709999,39.600361
2011-05-05,56.270000,39.293111
2011-05-06,56.060001,39.146470
2011-05-09,55.849998,38.999825
2011-05-10,56.639999,39.551480
2011-05-11,56.230000,39.265179
2011-05-12,57.570000,40.200896
2011-05-13,57.340000,40.040288
2011-05-16,57.060001,39.844766
2011-05-17,57.080002,39.858732
2011-05-18,55.480000,38.741457
2011-05-19,55.090000,38.469122
2011-05-20,56.139999,39.202332
2011-05-23,55.139999,38.742120
2011-05-24,54.849998,38.538361
2011-05-25,54.090000,38.004376
2011-05-26,54.549999,38.327578
2011-05-27,55.020000,38.657807
2011-05-31,55.730000,39.156663
2011-06-01,55.250000,38.819408
2011-06-02,54.900002,38.573495
2011-06-03,54.509998,38.299473
2011-06-06,54.180000,38.067611
2011-06-07,54.160000,38.053559
2011-06-08,54.610001,38.369736
2011-06-09,54.500000,38.292448
2011-06-10,53.919998,37.884931
2011-06-13,54.700001,38.432971
2011-06-14,55.119999,38.728068
2011-06-15,54.720001,38.447024
2011-06-16,55.880001,39.262056
2011-06-17,55.660000,39.107480
2011-06-20,56.220001,39.500944
2011-06-21,56.230000,39.507970
2011-06-22,55.950001,39.311238
2011-06-23,55.720001,39.149637
2011-06-24,55.939999,39.304211
2011-06-27,56.209999,39.493917
2011-06-28,56.520000,39.711728
2011-06-29,57.000000,40.048982
2011-06-30,56.849998,39.943589
2011-07-01,57.410000,40.337054
2011-07-05,57.419998,40.344079
2011-07-06,57.740002,40.568918
2011-07-07,58.099998,40.821856
2011-07-08,57.779999,40.597020
2011-07-11,57.009998,40.056007
2011-07-12,57.119999,40.133295
2011-07-13,57.419998,40.344079
2011-07-14,57.020000,40.063034
2011-07-15,56.799999,39.908459
2011-07-18,56.369999,39.606335
2011-07-19,56.959999,40.020877
2011-07-20,56.599998,39.767935
2011-07-21,57.500000,40.400289
2011-07-22,58.930000,41.405027
2011-07-25,58.320000,40.976432
2011-07-26,58.490002,41.095878
2011-07-27,57.439999,40.358132
2011-07-28,56.849998,39.943589
2011-07-29,56.439999,39.655518
2011-08-01,56.480000,39.683623
2011-08-02,55.990002,39.339344
2011-08-03,57.070000,40.098165
2011-08-04,55.029999,38.664832
2011-08-05,56.150002,39.451762
2011-08-08,54.590000,38.355683
2011-08-09,56.240002,39.514997
2011-08-10,54.740002,38.461077
2011-08-11,55.790001,39.198820
2011-08-12,55.849998,39.240975
2011-08-15,56.730000,39.859276
2011-08-16,56.630001,39.789016
2011-08-17,56.790001,39.901434
2011-08-18,55.490002,38.988037
2011-08-19,55.119999,38.728068
2011-08-22,56.250000,39.522022
2011-08-23,57.560001,40.692024
2011-08-24,57.240002,40.465801
2011-08-25,56.369999,39.850753
2011-08-26,57.290001,40.501148
2011-08-29,57.919998,40.946524
2011-08-30,58.150002,41.109125
2011-08-31,58.650002,41.462600
2011-09-01,58.110001,41.080847
2011-09-02,57.209999,40.444591
2011-09-06,56.860001,40.197160
2011-09-07,57.689999,40.783926
2011-09-08,57.880001,40.918248
2011-09-09,56.560001,39.985075
2011-09-12,56.750000,40.119394
2011-09-13,57.400002,40.578913
2011-09-14,57.910000,40.939456
2011-09-15,59.020000,41.724170
2011-09-16,59.419998,42.006949
2011-09-19,59.070000,41.759518
2011-09-20,59.290001,41.915047
2011-09-21,58.209999,41.151540
2011-09-22,57.700001,40.790997
2011-09-23,59.080002,41.766589
2011-09-26,60.000000,42.416981
2011-09-27,59.970001,42.395773
2011-09-28,58.740002,41.526226
2011-09-29,58.950001,41.674684
2011-09-30,59.240002,41.879700
2011-10-03,58.320000,41.229305
2011-10-04,58.009998,41.010150
2011-10-05,58.639999,41.455529
2011-10-06,58.939999,41.667613
2011-10-07,58.990002,41.702963
2011-10-10,59.910000,42.353355
2011-10-11,59.450001,42.028159
2011-10-12,59.340000,41.950394
2011-10-13,59.619999,42.148339
2011-10-14,60.040001,42.445260
2011-10-17,59.730000,42.226104
2011-10-18,60.549999,42.805802
2011-10-19,59.689999,42.197826
2011-10-20,59.570000,42.112992
2011-10-21,60.259998,42.600786
2011-10-24,60.500000,42.770456
2011-10-25,59.930000,42.367494
2011-10-26,59.880001,42.332148
2011-10-27,57.459999,40.621328
2011-10-28,57.450001,40.614260
2011-10-31,57.230000,40.458730
2011-11-01,57.279999,40.494077
2011-11-02,57.650002,40.755650
2011-11-03,58.439999,41.314139
2011-11-04,57.610001,40.727372
2011-11-07,57.580002,40.706164
2011-11-08,57.380001,40.564773
2011-11-09,56.549999,39.978004
2011-11-10,56.959999,40.267853
2011-11-11,56.990002,40.289064
2011-11-14,56.080002,39.645739
2011-11-15,56.750000,40.119394
2011-11-16,56.189999,39.723502
2011-11-17,56.240002,39.758851
2011-11-18,56.380001,39.857824
2011-11-21,56.270000,39.780059
2011-11-22,56.360001,40.089479
2011-11-23,55.389999,39.399507
2011-11-25,55.360001,39.378169
2011-11-28,55.619999,39.563108
2011-11-29,56.240002,40.004123
2011-11-30,57.680000,41.028409
2011-12-01,57.790001,41.106654
2011-12-02,57.840000,41.142219
2011-12-05,58.480000,41.597458
2011-12-06,58.549999,41.647249
2011-12-07,58.200001,41.398291
2011-12-08,58.689999,41.746832
2011-12-09,59.299999,42.180732
2011-12-12,59.049999,42.002904
2011-12-13,58.770000,41.803738
2011-12-14,58.840000,41.853530
2011-12-15,59.310001,42.187846
2011-12-16,59.400002,42.251865
2011-12-19,59.599998,42.394124
2011-12-20,59.570000,42.372787
2011-12-21,60.619999,43.119662
2011-12-22,61.060001,43.432640
2011-12-23,61.000000,43.389961
2011-12-27,61.529999,43.766955
2011-12-28,61.630001,43.838088
2011-12-29,62.000000,44.101272
2011-12-30,61.779999,43.944783
2012-01-03,60.790001,43.240586
2012-01-04,60.919998,43.333055
2012-01-05,60.830002,43.269040
2012-01-06,60.689999,43.169454
2012-01-09,60.959999,43.361508
2012-01-10,61.000000,43.389961
2012-01-11,61.090000,43.453979
2012-01-12,61.630001,43.838088
2012-01-13,61.480000,43.731390
2012-01-17,61.430000,43.695825
2012-01-18,61.939999,44.058592
2012-01-19,61.650002,43.852314
2012-01-20,61.540001,43.774070
2012-01-23,61.770000,43.937670
2012-01-24,61.389999,43.667372
2012-01-25,61.599998,43.816746
2012-01-26,61.529999,43.766955
2012-01-27,61.240002,43.560677
2012-01-30,61.700001,43.887879
2012-01-31,61.080002,43.446867
2012-02-01,61.299999,43.603354
2012-02-02,61.549999,43.781181
2012-02-03,61.160000,43.503771
2012-02-06,61.009998,43.397073
2012-02-07,60.439999,42.991626
2012-02-08,60.299999,42.892043
2012-02-09,59.790001,42.529276
2012-02-10,59.549999,42.358560
2012-02-13,59.830002,42.557729
2012-02-14,60.619999,43.119662
2012-02-15,60.500000,43.034306
2012-02-16,60.480000,43.020079
2012-02-17,60.860001,43.290378
2012-02-21,60.680000,43.162342
2012-02-22,60.240002,43.119395
2012-02-23,60.720001,43.462975
2012-02-24,61.110001,43.742135
2012-02-27,60.349998,43.198130
2012-02-28,59.580002,42.646972
2012-02-29,60.700001,43.448660
2012-03-01,61.119999,43.749291
2012-03-02,61.330002,43.899610
2012-03-05,60.930000,43.613291
2012-03-06,59.799999,42.804444
2012-03-07,59.650002,42.697077
2012-03-08,59.560001,42.632655
2012-03-09,59.490002,42.582550
2012-03-12,60.560001,43.348449
2012-03-13,60.840000,43.548870
2012-03-14,60.320000,43.176657
2012-03-15,60.299999,43.162341
2012-03-16,60.139999,43.047814
2012-03-19,60.320000,43.176657
2012-03-20,60.150002,43.054974
2012-03-21,60.130001,43.040657
2012-03-22,60.400002,43.233922
2012-03-23,60.520000,43.319816
2012-03-26,61.240002,43.835189
2012-03-27,61.330002,43.899610
2012-03-28,60.910000,43.598976
2012-03-29,61.180000,43.792240
2012-03-30,61.330002,43.899610
2012-04-02,61.880001,44.293296
2012-04-03,61.470001,43.999821
2012-04-04,61.250000,43.842345
2012-04-05,60.660000,43.420027
2012-04-09,59.810001,42.811604
2012-04-10,60.029999,42.969077
2012-04-11,60.849998,43.556026
2012-04-12,61.650002,44.128664
2012-04-13,61.689999,44.157294
2012-04-16,61.689999,44.157294
2012-04-17,62.450001,44.701298
2012-04-18,62.349998,44.629717
2012-04-19,62.900002,45.023406
2012-04-20,63.150002,45.202354
2012-04-23,62.290001,44.586771
2012-04-24,66.000000,47.242364
2012-04-25,66.599998,47.671838
2012-04-26,66.570000,47.650366
2012-04-27,66.750000,47.779209
2012-04-30,67.010002,47.965317
2012-05-01,66.660004,47.714790
2012-05-02,67.000000,47.958157
2012-05-03,67.330002,48.194371
2012-05-04,66.889999,47.879419
2012-05-07,67.040001,47.986790
2012-05-08,67.739998,48.487843
2012-05-09,67.940002,48.631004
2012-05-10,68.669998,49.153531
2012-05-11,68.459999,49.003215
2012-05-14,69.000000,49.389744
2012-05-15,68.500000,49.031847
2012-05-16,68.449997,48.996056
2012-05-17,68.349998,48.924477
2012-05-18,67.410004,48.251635
2012-05-21,67.650002,48.423424
2012-05-22,67.900002,48.602373
2012-05-23,67.220001,48.386425
2012-05-24,68.000000,48.947886
2012-05-25,67.720001,48.746336
2012-05-29,67.760002,48.775130
2012-05-30,67.610001,48.667156
2012-05-31,66.860001,48.127290
2012-06-01,65.900002,47.436261
2012-06-04,66.010002,47.515442
2012-06-05,65.930000,47.457855
2012-06-06,66.800003,48.084102
2012-06-07,66.669998,47.990521
2012-06-08,67.570000,48.638362
2012-06-11,67.290001,48.436813
2012-06-12,67.570000,48.638362
2012-06-13,68.849998,49.559733
2012-06-14,68.919998,49.610120
2012-06-15,69.489998,50.020419
2012-06-18,69.720001,50.185980
2012-06-19,70.250000,50.567485
2012-06-20,70.629997,50.841015
2012-06-21,69.559998,50.070806
2012-06-22,69.500000,50.027619
2012-06-25,68.410004,49.243016
2012-06-26,70.000000,50.387530
2012-06-27,69.379997,49.941238
2012-06-28,69.769997,50.221968
2012-06-29,72.029999,51.848767
2012-07-02,72.089996,51.891954
2012-07-03,72.580002,52.244671
2012-07-05,72.230003,51.992734
2012-07-06,72.239998,51.999929
2012-07-09,72.440002,52.143896
2012-07-10,72.239998,51.999929
2012-07-11,71.980003,51.812779
2012-07-12,71.959999,51.798380
2012-07-13,72.540001,52.215878
2012-07-16,71.809998,51.690406
2012-07-17,71.599998,51.539243
2012-07-18,71.779999,51.668812
2012-07-19,71.599998,51.539243
2012-07-20,71.260002,51.294506
2012-07-23,70.820000,50.977783
2012-07-24,70.389999,50.668259
2012-07-25,70.330002,50.625072
2012-07-26,71.430000,51.416875
2012-07-27,72.169998,51.949541
2012-07-30,72.169998,51.949541
2012-07-31,71.739998,51.640018
2012-08-01,71.360001,51.366488
2012-08-02,71.629997,51.560837
2012-08-03,72.169998,51.949541
2012-08-06,71.650002,51.575237
2012-08-07,71.620003,51.553643
2012-08-08,71.769997,51.661612
2012-08-09,71.739998,51.640018
2012-08-10,72.230003,51.992734
2012-08-13,72.370003,52.093509
2012-08-14,72.809998,52.410227
2012-08-15,72.620003,52.273465
2012-08-16,72.250000,52.007129
2012-08-17,71.919998,51.769586
2012-08-20,72.339996,52.071910
2012-08-21,72.470001,52.165490
2012-08-22,72.529999,52.483880
2012-08-23,72.610001,52.541771
2012-08-24,72.610001,52.541771
2012-08-27,72.820000,52.693729
2012-08-28,72.489998,52.454934
2012-08-29,72.269997,52.295738
2012-08-30,71.559998,51.781971
2012-08-31,71.820000,51.970113
2012-09-04,72.519997,52.476642
2012-09-05,72.209999,52.252323
2012-09-06,73.160004,52.939762
2012-09-07,72.320000,52.331921
2012-09-10,71.889999,52.020766
2012-09-11,71.139999,51.478053
2012-09-12,70.930000,51.326095
2012-09-13,72.029999,52.122072
2012-09-14,70.089996,50.718254
2012-09-17,70.330002,50.891926
2012-09-18,71.019997,51.391218
2012-09-19,71.290001,51.586597
2012-09-20,71.940002,52.056948
2012-09-21,71.680000,51.868807
2012-09-24,71.790001,51.948405
2012-09-25,70.940002,51.333332
2012-09-26,70.669998,51.137953
2012-09-27,70.839996,51.260966
2012-09-28,70.889999,51.297149
2012-10-01,71.379997,51.651720
2012-10-02,71.379997,51.651720
2012-10-03,71.620003,51.825392
2012-10-04,71.309998,51.601067
2012-10-05,71.489998,51.731318
2012-10-08,71.680000,51.868807
2012-10-09,71.349998,51.630012
2012-10-10,70.709999,51.166898
2012-10-11,70.389999,50.935341
2012-10-12,69.529999,50.313031
2012-10-15,70.309998,50.877451
2012-10-16,70.669998,51.137953
2012-10-17,70.919998,51.318857
2012-10-18,71.300003,51.593835
2012-10-19,70.330002,50.891926
2012-10-22,70.550003,51.051123
2012-10-23,70.169998,50.776145
2012-10-24,70.120003,50.739968
2012-10-25,69.849998,50.544588
2012-10-26,69.330002,50.168310
2012-10-31,68.849998,49.820972
2012-11-01,69.720001,50.450520
2012-11-02,69.489998,50.284086
2012-11-05,69.110001,50.009114
2012-11-06,69.510002,50.298561
2012-11-07,69.589996,50.356446
2012-11-08,69.900002,50.580772
2012-11-09,70.349998,50.906396
2012-11-12,71.129997,51.470816
2012-11-13,71.809998,51.962876
2012-11-14,71.559998,51.781971
2012-11-15,71.559998,51.781971
2012-11-16,71.739998,51.912222
2012-11-19,72.599998,52.534532
2012-11-20,72.360001,52.665543
2012-11-21,71.940002,52.359857
2012-11-23,72.400002,52.694657
2012-11-26,72.660004,52.883893
2012-11-27,72.269997,52.600036
2012-11-28,72.519997,52.781993
2012-11-29,72.550003,52.803832
2012-11-30,73.269997,53.327863
2012-12-03,72.690002,52.905727
2012-12-04,72.400002,52.694657
2012-12-05,72.320000,52.636429
2012-12-06,72.040001,52.432639
2012-12-07,72.269997,52.600036
2012-12-10,72.800003,52.985788
2012-12-11,73.309998,53.356976
2012-12-12,73.400002,53.422484
2012-12-13,73.790001,53.706336
2012-12-14,74.019997,53.873733
2012-12-17,74.639999,54.324987
2012-12-18,74.099998,53.931960
2012-12-19,73.660004,53.611720
2012-12-20,73.970001,53.837344
2012-12-21,73.370003,53.400650
2012-12-24,73.010002,53.138631
2012-12-26,72.150002,52.512700
2012-12-27,72.059998,52.447193
2012-12-28,71.440002,51.995943
2012-12-31,72.220001,52.563648
2013-01-02,74.330002,54.099363
2013-01-03,73.510002,53.502545
2013-01-04,74.540001,54.252206
2013-01-07,74.459999,54.193978
2013-01-08,73.660004,53.611720
2013-01-09,74.459999,54.193978
2013-01-10,75.930000,55.263884
2013-01-11,76.120003,55.402173
2013-01-14,76.550003,55.715139
2013-01-15,76.190002,55.453120
2013-01-16,76.540001,55.707859
2013-01-17,78.019997,56.785040
2013-01-18,78.279999,56.974276
2013-01-22,78.790001,57.345469
2013-01-23,78.800003,57.352749
2013-01-24,78.089996,56.835987
2013-01-25,77.849998,56.661310
2013-01-28,77.209999,56.195501
2013-01-29,77.790001,56.617642
2013-01-30,78.279999,56.974276
2013-01-31,79.449997,57.825832
2013-02-01,80.139999,58.328034
2013-02-04,79.690002,58.000514
2013-02-05,80.019997,58.240693
2013-02-06,80.349998,58.480877
2013-02-07,80.330002,58.466323
2013-02-08,80.209999,58.378982
2013-02-11,80.379997,58.502711
2013-02-12,80.769997,58.786563
2013-02-13,81.349998,59.208703
2013-02-14,80.889999,58.873904
2013-02-15,80.930000,58.903018
2013-02-19,81.730003,59.485281
2013-02-20,80.849998,58.844790
2013-02-21,80.300003,58.749682
2013-02-22,81.230003,59.430096
2013-02-25,80.610001,58.976485
2013-02-26,81.620003,59.715430
2013-02-27,82.599998,60.432422
2013-02-28,83.339996,60.973824
2013-03-01,83.449997,61.054304
2013-03-04,84.580002,61.881047
2013-03-05,85.199997,62.334652
2013-03-06,84.480003,61.807885
2013-03-07,84.519997,61.837145
2013-03-08,84.320000,61.690822
2013-03-11,84.220001,61.617660
2013-03-12,84.290001,61.668874
2013-03-13,84.360001,61.720088
2013-03-14,84.500000,61.822515
2013-03-15,83.900002,61.383540
2013-03-18,84.220001,61.617660
2013-03-19,85.449997,62.517559
2013-03-20,85.919998,62.861424
2013-03-21,85.230003,62.356605
2013-03-22,85.910004,62.854113
2013-03-25,85.489998,62.546825
2013-03-26,86.940002,63.607687
2013-03-27,86.900002,63.578422
2013-03-28,87.529999,64.039345
2013-04-01,87.029999,63.673532
2013-04-02,86.430000,63.234556
2013-04-03,85.849998,62.810211
2013-04-04,85.779999,62.758997
2013-04-05,85.440002,62.510246
2013-04-08,85.250000,62.371236
2013-04-09,85.699997,62.700466
2013-04-10,86.750000,63.468677
2013-04-11,86.610001,63.366250
2013-04-12,86.519997,63.300400
2013-04-15,86.410004,63.219926
2013-04-16,89.180000,65.246531
2013-04-17,88.949997,65.078255
2013-04-18,89.470001,65.458704
2013-04-19,90.379997,66.124482
2013-04-22,90.339996,66.095216
2013-04-23,91.250000,66.761000
2013-04-24,89.339996,65.363589
2013-04-25,88.889999,65.034359
2013-04-26,87.570000,64.068611
2013-04-29,88.120003,64.471008
2013-04-30,89.160004,65.231902
2013-05-01,88.000000,64.383211
2013-05-02,89.279999,65.319693
2013-05-03,89.559998,65.524548
2013-05-06,88.660004,64.866088
2013-05-07,89.260002,65.305063
2013-05-08,88.919998,65.056307
2013-05-09,87.750000,64.200304
2013-05-10,87.900002,64.310050
2013-05-13,88.610001,64.829504
2013-05-14,89.830002,65.722091
2013-05-15,90.320000,66.080586
2013-05-16,89.940002,65.802570
2013-05-17,90.099998,65.919627
2013-05-20,88.800003,64.968515
2013-05-21,88.449997,64.712441
2013-05-22,89.169998,65.550476
2013-05-23,89.230003,65.594587
2013-05-24,89.250000,65.609287
2013-05-28,90.120003,66.248842
2013-05-29,89.580002,65.851878
2013-05-30,90.449997,66.491427
2013-05-31,89.110001,65.506372
2013-06-03,88.449997,65.021191
2013-06-04,88.900002,65.351997
2013-06-05,87.889999,64.609526
2013-06-06,87.779999,64.528663
2013-06-07,89.480003,65.778367
2013-06-10,88.050003,64.727148
2013-06-11,87.910004,64.624232
2013-06-12,87.669998,64.447799
2013-06-13,87.889999,64.609526
2013-06-14,89.150002,65.535777
2013-06-17,89.720001,65.954794
2013-06-18,89.610001,65.873931
2013-06-19,88.080002,64.749201
2013-06-20,85.279999,62.690868
2013-06-21,86.660004,63.705334
2013-06-24,86.330002,63.462744
2013-06-25,86.400002,63.514202
2013-06-26,87.970001,64.668337
2013-06-27,88.800003,65.278486
2013-06-28,89.279999,65.631340
2013-07-01,90.000000,66.160626
2013-07-02,89.809998,66.020952
2013-07-03,89.169998,65.550476
2013-07-05,90.019997,66.175326
2013-07-08,90.580002,66.586996
2013-07-09,90.809998,66.756070
2013-07-10,90.709999,66.682559
2013-07-11,91.930000,67.579404
2013-07-12,91.690002,67.402977
2013-07-15,92.120003,67.719078
2013-07-16,91.919998,67.572051
2013-07-17,91.459999,67.233897
2013-07-18,92.250000,67.814641
2013-07-19,92.669998,68.123390
2013-07-22,92.809998,68.226306
2013-07-23,93.589996,68.799697
2013-07-24,92.870003,68.270417
2013-07-25,93.900002,69.027588
2013-07-26,94.459999,69.439252
2013-07-29,94.970001,69.814163
2013-07-30,94.489998,69.461304
2013-07-31,94.870003,69.740653
2013-08-01,96.949997,71.269694
2013-08-02,97.230003,71.475532
2013-08-05,97.430000,71.622553
2013-08-06,97.690002,71.813685
2013-08-07,96.989998,71.299100
2013-08-08,97.400002,71.600501
2013-08-09,97.550003,71.710769
2013-08-12,96.870003,71.210889
2013-08-13,97.330002,71.549043
2013-08-14,96.089996,70.637492
2013-08-15,95.410004,70.137618
2013-08-16,95.169998,69.961185
2013-08-19,94.580002,69.527468
2013-08-20,95.250000,70.019996
2013-08-21,93.680000,69.218311
2013-08-22,93.940002,69.410421
2013-08-23,95.470001,70.540907
2013-08-26,93.360001,68.981870
2013-08-27,92.150002,68.087825
2013-08-28,91.080002,67.297223
2013-08-29,91.430000,67.555830
2013-08-30,91.949997,67.940045
2013-09-03,91.040001,67.267667
2013-09-04,90.989998,67.230721
2013-09-05,90.190002,66.639620
2013-09-06,90.739998,67.046001
2013-09-09,91.199997,67.385885
2013-09-10,91.489998,67.600161
2013-09-11,91.620003,67.696219
2013-09-12,91.209999,67.393275
2013-09-13,91.580002,67.666663
2013-09-16,92.709999,68.501596
2013-09-17,93.580002,69.144424
2013-09-18,94.220001,69.617307
2013-09-19,93.790001,69.299588
2013-09-20,93.599998,69.159199
2013-09-23,93.160004,68.834096
2013-09-24,92.830002,68.590264
2013-09-25,92.180000,68.109990
2013-09-26,93.110001,68.797149
2013-09-27,93.000000,68.715872
2013-09-30,92.500000,68.346432
2013-10-01,92.580002,68.405544
2013-10-02,92.019997,67.991767
2013-10-03,91.040001,67.267667
2013-10-04,91.769997,67.807047
2013-10-07,91.570000,67.659273
2013-10-08,92.019997,67.991767
2013-10-09,91.650002,67.718385
2013-10-10,93.760002,69.277422
2013-10-11,93.949997,69.417806
2013-10-14,93.519997,69.100087
2013-10-15,93.230003,68.885817
2013-10-16,94.769997,70.023688
2013-10-17,95.230003,70.363577
2013-10-18,96.029999,70.954679
2013-10-21,95.510002,70.570463
2013-10-22,97.019997,71.686169
2013-10-23,96.849998,71.560560
2013-10-24,96.410004,71.235457
2013-10-25,97.110001,71.752671
2013-10-28,100.139999,73.991477
2013-10-29,100.900002,74.553028
2013-10-30,99.940002,73.843703
2013-10-31,99.239998,73.326484
2013-11-01,99.209999,73.304318
2013-11-04,98.849998,73.038320
2013-11-05,99.510002,73.525984
2013-11-06,99.430000,73.466872
2013-11-07,96.699997,71.449727
2013-11-08,97.550003,72.077780
2013-11-11,96.809998,71.531005
2013-11-12,96.879997,71.582725
2013-11-13,97.820000,72.277275
2013-11-14,98.650002,72.890547
2013-11-15,98.559998,72.824045
2013-11-18,97.500000,72.040833
2013-11-19,96.430000,71.250231
2013-11-20,94.970001,70.171467
2013-11-21,95.760002,71.118376
2013-11-22,96.290001,71.511992
2013-11-25,95.989998,71.289188
2013-11-26,96.919998,71.979874
2013-11-27,97.720001,72.574014
2013-11-29,96.889999,71.957594
2013-12-02,96.489998,71.660524
2013-12-03,97.050003,72.076425
2013-12-04,96.739998,71.846192
2013-12-05,95.790001,71.140655
2013-12-06,97.160004,72.158120
2013-12-09,96.970001,72.017010
2013-12-10,95.559998,70.969838
2013-12-11,95.769997,71.125799
2013-12-12,94.959999,70.524235
2013-12-13,94.839996,70.435112
2013-12-16,94.809998,70.412833
2013-12-17,94.110001,69.892964
2013-12-18,95.800003,71.148083
2013-12-19,96.260002,71.489712
2013-12-20,96.300003,71.519420
2013-12-23,95.559998,70.969838
2013-12-24,95.949997,71.259480
2013-12-26,96.459999,71.638245
2013-12-27,96.279999,71.504564
2013-12-30,97.559998,72.455184
2013-12-31,97.230003,72.210106
2014-01-02,95.930000,71.244629
2014-01-03,95.809998,71.155507
2014-01-06,95.540001,70.954987
2014-01-07,97.000000,72.039289
2014-01-08,97.739998,72.588866
2014-01-09,97.639999,72.514599
2014-01-10,97.860001,72.677989
2014-01-13,97.849998,72.670560
2014-01-14,98.669998,73.279552
2014-01-15,98.199997,72.930494
2014-01-16,99.500000,73.895972
2014-01-17,98.580002,73.212714
2014-01-21,98.750000,73.338967
2014-01-22,99.830002,74.141055
2014-01-23,99.330002,73.769719
2014-01-24,98.120003,72.871085
2014-01-27,97.459999,72.380918
2014-01-28,98.779999,73.361246
2014-01-29,96.720001,71.831341
2014-01-30,99.250000,73.710303
2014-01-31,99.400002,73.821706
2014-02-03,97.949997,72.744826
2014-02-04,100.000000,74.267308
2014-02-05,100.709999,74.794605
2014-02-06,100.599998,74.712911
2014-02-07,100.379997,74.549522
2014-02-10,101.970001,75.730375
2014-02-11,103.750000,77.052332
2014-02-12,102.930000,76.443340
2014-02-13,104.010002,77.245429
2014-02-14,105.279999,78.188621
2014-02-18,105.959999,78.693639
2014-02-19,106.349998,78.983281
2014-02-20,107.709999,79.993317
2014-02-21,107.699997,80.347681
2014-02-24,108.070000,80.623715
2014-02-25,106.769997,79.653871
2014-02-26,105.639999,78.810856
2014-02-27,105.769997,78.907838
2014-02-28,105.820000,78.945142
2014-03-03,105.580002,78.766096
2014-03-04,107.139999,79.929904
2014-03-05,106.650002,79.564351
2014-03-06,106.029999,79.101808
2014-03-07,105.639999,78.810856
2014-03-10,105.400002,78.631810
2014-03-11,105.449997,78.669108
2014-03-12,105.940002,79.034668
2014-03-13,105.580002,78.766096
2014-03-14,106.199997,79.228632
2014-03-17,105.320000,78.572126
2014-03-18,106.209999,79.236094
2014-03-19,104.230003,77.758953
2014-03-20,104.430000,77.908157
2014-03-21,104.839996,78.214028
2014-03-24,103.510002,77.221809
2014-03-25,103.239998,77.020377
2014-03-26,102.779999,76.677203
2014-03-27,102.769997,76.669741
2014-03-28,103.239998,77.020377
2014-03-31,104.400002,77.885778
2014-04-01,104.110001,77.669428
2014-04-02,103.209999,76.997997
2014-04-03,102.860001,76.736887
2014-04-04,102.970001,76.818951
2014-04-07,103.000000,76.841331
2014-04-08,101.720001,75.886410
2014-04-09,98.910004,73.790062
2014-04-10,98.610001,73.566250
2014-04-11,98.320000,73.349900
2014-04-14,99.129997,73.954184
2014-04-15,99.510002,74.237680
2014-04-16,100.470001,74.953870
2014-04-17,100.610001,75.058314
2014-04-21,100.389999,74.894186
2014-04-22,99.769997,74.431644
2014-04-23,100.150002,74.715140
2014-04-24,96.019997,71.634023
2014-04-25,96.360001,71.887677
2014-04-28,96.360001,71.887677
2014-04-29,96.139999,71.723548
2014-04-30,96.239998,71.798151
2014-05-01,96.040001,71.648947
2014-05-02,96.980003,72.350219
2014-05-05,97.730003,72.909743
2014-05-06,96.059998,71.663865
2014-05-07,96.900002,72.290535
2014-05-08,96.230003,71.790694
2014-05-09,96.029999,71.641485
2014-05-12,96.239998,71.798151
2014-05-13,96.889999,72.283073
2014-05-14,96.040001,71.648947
2014-05-15,96.480003,71.977202
2014-05-16,96.620003,72.081647
2014-05-19,96.389999,71.910057
2014-05-20,97.449997,72.700849
2014-05-21,97.070000,72.779577
2014-05-22,97.370003,73.004508
2014-05-23,97.040001,72.757085
2014-05-27,97.110001,72.809568
2014-05-28,96.750000,72.539652
2014-05-29,96.930000,72.674610
2014-05-30,97.339996,72.982010
2014-06-02,97.059998,72.772078
2014-06-03,96.290001,72.194762
2014-06-04,97.480003,73.086982
2014-06-05,97.059998,72.772078
2014-06-06,98.120003,73.566831
2014-06-09,97.269997,72.929527
2014-06-10,97.029999,72.749585
2014-06-11,96.940002,72.682109
2014-06-12,96.940002,72.682109
2014-06-13,97.639999,73.206941
2014-06-16,98.050003,73.514348
2014-06-17,98.339996,73.731774
2014-06-18,99.250000,74.414062
2014-06-19,99.739998,74.781445
2014-06-20,100.129997,75.073852
2014-06-23,98.790001,74.069171
2014-06-24,97.949997,73.439367
2014-06-25,97.190002,72.869550
2014-06-26,96.559998,72.397196
2014-06-27,96.919998,72.667111
2014-06-30,97.370003,73.004508
2014-07-01,96.910004,72.659618
2014-07-02,96.769997,72.554645
2014-07-03,96.629997,72.449678
2014-07-07,96.809998,72.584637
2014-07-08,96.930000,72.674610
2014-07-09,96.639999,72.457178
2014-07-10,96.279999,72.187263
2014-07-11,96.449997,72.314721
2014-07-14,94.989998,71.220066
2014-07-15,94.660004,70.972649
2014-07-16,92.339996,69.233191
2014-07-17,92.169998,69.105732
2014-07-18,93.849998,70.365336
2014-07-21,93.279999,69.937971
2014-07-22,93.510002,70.110419
2014-07-23,94.000000,70.477802
2014-07-24,92.339996,69.233191
2014-07-25,92.529999,69.375648
2014-07-28,91.830002,68.850816
2014-07-29,91.290001,68.445942
2014-07-30,90.360001,67.748662
2014-07-31,88.150002,66.091685
2014-08-01,89.099998,66.803957
2014-08-04,89.419998,67.043882
2014-08-05,88.519997,66.369094
2014-08-06,89.760002,67.298805
2014-08-07,89.529999,67.126357
2014-08-08,90.400002,67.778653
2014-08-11,90.459999,67.823637
2014-08-12,90.510002,67.861127
2014-08-13,90.970001,68.206018
2014-08-14,92.320000,69.218198
2014-08-15,91.419998,68.543410
2014-08-18,91.550003,68.640883
2014-08-19,91.919998,68.918291
2014-08-20,91.959999,68.948283
2014-08-21,91.900002,69.306507
2014-08-22,91.989998,69.374377
2014-08-25,92.010002,69.389464
2014-08-26,91.900002,69.306507
2014-08-27,91.389999,68.921887
2014-08-28,91.940002,69.336673
2014-08-29,91.419998,68.944511
2014-09-02,91.709999,69.163216
2014-09-03,90.900002,68.552356
2014-09-04,89.750000,67.685080
2014-09-05,90.580002,68.311027
2014-09-08,91.940002,69.336673
2014-09-09,90.750000,68.439231
2014-09-10,91.800003,69.231093
2014-09-11,92.370003,69.660959
2014-09-12,92.669998,69.887200
2014-09-15,92.620003,69.849497
2014-09-16,93.989998,70.882680
2014-09-17,93.760002,70.709228
2014-09-18,94.169998,71.018427
2014-09-19,93.860001,70.784643
2014-09-22,93.339996,70.392480
2014-09-23,92.459999,69.728829
2014-09-24,94.209999,71.048594
2014-09-25,92.930000,70.083281
2014-09-26,93.209999,70.294443
2014-09-29,94.500000,71.267299
2014-09-30,95.430000,71.968659
2014-10-01,94.330002,71.139095
2014-10-02,93.910004,70.822353
2014-10-03,93.690002,70.656438
2014-10-06,93.500000,70.513147
2014-10-07,92.610001,69.841954
2014-10-08,94.099998,70.965637
2014-10-09,93.430000,70.460357
2014-10-10,93.220001,70.301986
2014-10-13,92.239998,69.562915
2014-10-14,92.629997,69.857034
2014-10-15,92.570000,69.811787
2014-10-16,91.089996,68.695640
2014-10-17,92.010002,69.389464
2014-10-20,93.220001,70.301986
2014-10-21,94.260002,71.086304
2014-10-22,94.190002,71.033513
2014-10-23,93.849998,70.777099
2014-10-24,94.129997,70.988261
2014-10-27,94.839996,71.523707
2014-10-28,95.529999,72.044074
2014-10-29,94.059998,70.935471
2014-10-30,94.820000,71.508627
2014-10-31,95.910004,72.330655
2014-11-03,96.330002,72.647397
2014-11-04,95.239998,71.825369
2014-11-05,95.550003,72.059160
2014-11-06,96.820000,73.016930
2014-11-07,96.430000,72.722811
2014-11-10,96.580002,72.835935
2014-11-11,96.470001,72.752978
2014-11-12,96.599998,72.851015
2014-11-13,96.639999,72.881182
2014-11-14,96.059998,72.443773
2014-11-17,96.699997,72.926429
2014-11-18,96.510002,72.783144
2014-11-19,96.040001,72.428693
2014-11-20,95.290001,71.863079
2014-11-21,96.290001,73.027237
2014-11-24,96.510002,73.194088
2014-11-25,96.930000,73.512619
2014-11-26,98.580002,74.763996
2014-11-28,100.279999,76.053289
2014-12-01,100.199997,75.992615
2014-12-02,100.470001,76.197389
2014-12-03,99.889999,75.757510
2014-12-04,99.620003,75.552742
2014-12-05,99.800003,75.689256
2014-12-08,99.620003,75.552742
2014-12-09,99.000000,75.082526
2014-12-10,98.580002,74.763996
2014-12-11,99.580002,75.522405
2014-12-12,98.519997,74.718487
2014-12-15,98.529999,74.726073
2014-12-16,97.940002,74.278614
2014-12-17,100.330002,76.091212
2014-12-18,103.779999,78.707722
2014-12-19,105.269997,79.837750
2014-12-22,105.010002,79.640568
2014-12-23,106.639999,80.876773
2014-12-24,106.279999,80.603745
2014-12-26,106.410004,80.702342
2014-12-29,106.320000,80.634082
2014-12-30,105.650002,80.125950
2014-12-31,103.930000,78.821484
2015-01-02,103.709999,78.654633
2015-01-05,102.980003,78.100998
2015-01-06,103.320000,78.358854
2015-01-07,105.139999,79.739159
2015-01-08,107.169998,81.278729
2015-01-09,106.410004,80.702342
2015-01-12,105.430000,79.959098
2015-01-13,106.669998,80.899524
2015-01-14,107.019997,81.164967
2015-01-15,108.459999,82.257078
2015-01-16,110.660004,83.925582
2015-01-20,110.379997,83.713222
2015-01-21,110.199997,83.576709
2015-01-22,110.779999,84.016587
2015-01-23,108.620003,82.378426
2015-01-26,109.330002,82.916896
2015-01-27,109.180000,82.803133
2015-01-28,107.680000,81.665519
2015-01-29,103.290001,78.336103
2015-01-30,102.209999,77.517019
2015-02-02,104.059998,78.920076
2015-02-03,104.699997,79.405457
2015-02-04,105.699997,80.163866
2015-02-05,105.809998,80.247292
2015-02-06,105.529999,80.034938
2015-02-09,104.949997,79.595059
2015-02-10,105.879997,80.300380
2015-02-11,106.169998,80.520320
2015-02-12,106.660004,80.891945
2015-02-13,106.019997,80.406557
2015-02-17,105.910004,80.323138
2015-02-18,106.949997,81.111878
2015-02-19,105.949997,80.353469
2015-02-20,107.239998,81.331818
2015-02-23,105.970001,80.771594
2015-02-24,105.739998,80.596283
2015-02-25,104.330002,79.521567
2015-02-26,103.629997,78.988015
2015-02-27,103.779999,79.102349
2015-03-02,102.660004,78.248675
2015-03-03,102.550003,78.164831
2015-03-04,101.529999,77.387372
2015-03-05,102.349998,78.012385
2015-03-06,99.650002,75.954416
2015-03-09,100.010002,76.228812
2015-03-10,98.519997,75.093113
2015-03-11,99.120003,75.550444
2015-03-12,100.599998,76.678514
2015-03-13,99.879997,76.129721
2015-03-16,100.860001,76.876691
2015-03-17,100.070000,76.274543
2015-03-18,101.110001,77.067244
2015-03-19,100.550003,76.640407
2015-03-20,102.089996,77.814208
2015-03-23,101.790001,77.585548
2015-03-24,100.610001,76.686138
2015-03-25,101.690002,77.509328
2015-03-26,101.010002,76.991024
2015-03-27,101.889999,77.661768
2015-03-30,102.430000,78.073363
2015-03-31,100.910004,76.914804
2015-04-01,100.889999,76.899556
2015-04-02,100.750000,76.792847
2015-04-06,101.500000,77.364506
2015-04-07,101.739998,77.547436
2015-04-08,100.559998,76.648026
2015-04-09,100.739998,76.785224
2015-04-10,100.089996,76.289784
2015-04-13,99.459999,75.809593
2015-04-14,101.000000,76.983400
2015-04-15,100.650002,76.716628
2015-04-16,101.419998,77.303528
2015-04-17,100.269997,76.426983
2015-04-20,98.209999,74.856828
2015-04-21,98.019997,74.712007
2015-04-22,98.330002,74.948296
2015-04-23,94.930000,72.356774
2015-04-24,94.629997,72.128108
2015-04-27,93.709999,71.426875
2015-04-28,93.360001,71.160102
2015-04-29,91.370003,69.643302
2015-04-30,91.919998,70.062515
2015-05-01,93.599998,71.343031
2015-05-04,94.239998,71.830846
2015-05-05,93.889999,71.564073
2015-05-06,94.199997,71.800357
2015-05-07,94.370003,71.929938
2015-05-08,94.440002,71.983292
2015-05-11,93.930000,71.594562
2015-05-12,94.370003,71.929938
2015-05-13,94.300003,71.876583
2015-05-14,96.120003,73.263809
2015-05-15,96.180000,73.309539
2015-05-18,95.260002,72.608306
2015-05-19,95.250000,72.600682
2015-05-20,95.080002,72.471107
2015-05-21,94.059998,72.099340
2015-05-22,93.529999,71.693082
2015-05-26,93.000000,71.286825
2015-05-27,93.470001,71.647092
2015-05-28,93.389999,71.585769
2015-05-29,92.860001,71.179512
2015-06-01,92.730003,71.079865
2015-06-02,92.529999,70.926557
2015-06-03,91.699997,70.290340
2015-06-04,91.269997,69.960734
2015-06-05,90.870003,69.654129
2015-06-08,91.570000,70.190694
2015-06-09,91.070000,69.807432
2015-06-10,91.110001,69.838093
2015-06-11,90.760002,69.569810
2015-06-12,91.040001,69.784437
2015-06-15,90.860001,69.646462
2015-06-16,92.099998,70.596951
2015-06-17,92.470001,70.880567
2015-06-18,92.260002,70.719598
2015-06-19,89.040001,68.251387
2015-06-22,89.239998,68.404689
2015-06-23,89.120003,68.312710
2015-06-24,88.239998,67.638164
2015-06-25,87.860001,67.346887
2015-06-26,88.550003,67.875791
2015-06-29,87.910004,67.385216
2015-06-30,88.830002,68.090417
2015-07-01,89.559998,68.649977
2015-07-02,90.040001,69.017912
2015-07-06,88.919998,68.159401
2015-07-07,91.290001,69.976068
2015-07-08,90.370003,69.270866
2015-07-09,90.809998,69.608134
2015-07-10,91.870003,70.420654
2015-07-13,92.129997,70.619946
2015-07-14,92.430000,70.849906
2015-07-15,91.680000,70.275012
2015-07-16,92.320000,70.765588
2015-07-17,91.510002,70.144704
2015-07-20,91.330002,70.006730
2015-07-21,90.720001,69.539149
2015-07-22,91.089996,69.822759
2015-07-23,90.650002,69.485493
2015-07-24,90.199997,69.140553
2015-07-27,90.669998,69.500820
2015-07-28,92.019997,70.535628
2015-07-29,92.500000,70.903562
2015-07-30,92.860001,71.179512
2015-07-31,92.889999,71.202506
2015-08-03,92.519997,70.918891
2015-08-04,92.800003,71.133522
2015-08-05,92.660004,71.026209
2015-08-06,92.199997,70.673603
2015-08-07,89.730003,68.780290
2015-08-10,91.809998,70.374659
2015-08-11,91.440002,70.091047
2015-08-12,92.260002,70.719598
2015-08-13,90.480003,69.355184
2015-08-14,91.349998,70.022057
2015-08-17,92.309998,70.757921
2015-08-18,93.440002,71.624097
2015-08-19,92.080002,70.581623
2015-08-20,91.589996,70.206022
2015-08-21,89.519997,69.058898
2015-08-24,86.470001,66.706023
2015-08-25,85.129997,65.672296
2015-08-26,88.190002,68.032893
2015-08-27,90.239998,69.614332
2015-08-28,90.199997,69.583474
2015-08-31,89.519997,69.058898
2015-09-01,87.080002,67.176599
2015-09-02,88.620003,68.364611
2015-09-03,90.239998,69.614332
2015-09-04,89.720001,69.213188
2015-09-08,92.110001,71.056919
2015-09-09,90.379997,69.722332
2015-09-10,90.709999,69.976907
2015-09-11,91.209999,70.362625
2015-09-14,90.220001,69.598906
2015-09-15,90.750000,70.007766
2015-09-16,93.739998,72.314356
2015-09-17,93.300003,71.974928
2015-09-18,92.459999,71.326920
2015-09-21,92.779999,71.573779
2015-09-22,91.709999,70.748343
2015-09-23,91.849998,70.856343
2015-09-24,92.089996,71.041486
2015-09-25,92.559998,71.404062
2015-09-28,91.279999,70.416626
2015-09-29,92.389999,71.272919
2015-09-30,91.879997,70.879485
2015-10-01,92.050003,71.010634
2015-10-02,94.309998,72.754074
2015-10-05,95.489998,73.664368
2015-10-06,94.169998,72.646073
2015-10-07,95.669998,73.803226
2015-10-08,97.000000,74.829237
2015-10-09,96.559998,74.489804
2015-10-12,97.070000,74.883238
2015-10-13,95.739998,73.857227
2015-10-14,94.300003,72.746364
2015-10-15,94.730003,73.078081
2015-10-16,95.279999,73.502367
2015-10-19,95.250000,73.479225
2015-10-20,94.209999,72.676932
2015-10-21,94.050003,72.553505
2015-10-22,95.930000,74.003801
2015-10-23,95.669998,73.803226
2015-10-26,94.959999,73.255508
2015-10-27,94.330002,72.769506
2015-10-28,88.239998,68.071461
2015-10-29,88.959999,68.626895
2015-10-30,88.690002,68.418610
2015-11-02,87.959999,67.855460
2015-11-03,88.059998,67.932603
2015-11-04,87.709999,67.662601
2015-11-05,87.709999,67.662601
2015-11-06,86.160004,66.466880
2015-11-09,85.120003,65.664586
2015-11-10,85.800003,66.189163
2015-11-11,86.589996,66.798591
2015-11-12,85.160004,65.695445
2015-11-13,83.820000,64.661718
2015-11-16,84.760002,65.386869
2015-11-17,83.580002,64.476575
2015-11-18,85.320000,65.818871
2015-11-19,85.089996,65.641438
2015-11-20,84.589996,65.255720
2015-11-23,85.650002,66.531990
2015-11-24,86.519997,67.207792
2015-11-25,86.910004,67.510745
2015-11-27,87.000000,67.580653
2015-11-30,86.309998,67.044667
2015-12-01,85.620003,66.508687
2015-12-02,85.209999,66.190200
2015-12-03,84.559998,65.685286
2015-12-04,86.500000,67.192259
2015-12-07,87.139999,67.689403
2015-12-08,87.860001,68.248693
2015-12-09,86.610001,67.277706
2015-12-10,86.769997,67.401989
2015-12-11,87.430000,67.914673
2015-12-14,89.910004,69.841113
2015-12-15,89.349998,69.406106
2015-12-16,91.419998,71.014060
2015-12-17,89.830002,69.778968
2015-12-18,88.760002,68.947804
2015-12-21,89.180000,69.274054
2015-12-22,89.730003,69.701290
2015-12-23,90.339996,70.175126
2015-12-24,90.320000,70.159593
2015-12-28,90.389999,70.213968
2015-12-29,90.980003,70.672276
2015-12-30,90.599998,70.377093
2015-12-31,89.269997,69.343962
2016-01-04,87.989998,68.349673
2016-01-05,87.669998,68.101100
2016-01-06,87.730003,68.147712
2016-01-07,85.699997,66.570825
2016-01-08,84.919998,65.964930
2016-01-11,84.250000,65.444483
2016-01-12,85.010002,66.034844
2016-01-13,83.599998,64.939569
2016-01-14,84.570000,65.693056
2016-01-15,83.320000,64.722069
2016-01-19,84.610001,65.724128
2016-01-20,84.989998,66.019306
2016-01-21,84.660004,65.762970
2016-01-22,85.250000,66.221272
2016-01-25,83.769997,65.071622
2016-01-26,85.080002,66.089220
2016-01-27,84.430000,65.584305
2016-01-28,87.000000,67.580653
2016-01-29,88.110001,68.442890
2016-02-01,89.360001,69.413876
2016-02-02,89.500000,69.522626
2016-02-03,88.779999,68.963337
2016-02-04,88.639999,68.854587
2016-02-05,87.699997,68.124403
2016-02-08,90.010002,69.918790
2016-02-09,89.820000,69.771199
2016-02-10,89.750000,69.716823
2016-02-11,88.489998,68.738067
2016-02-12,89.699997,69.677982
2016-02-16,90.389999,70.213968
2016-02-17,91.610001,71.161652
2016-02-18,90.489998,70.291646
2016-02-19,91.029999,70.711113
2016-02-22,90.349998,70.182895
2016-02-23,89.910004,70.294702
2016-02-24,90.669998,70.888891
2016-02-25,91.940002,71.881824
2016-02-26,90.620003,70.849804
2016-02-29,90.889999,71.060896
2016-03-01,91.860001,71.819276
2016-03-02,92.269997,72.139825
2016-03-03,93.360001,72.992027
2016-03-04,93.180000,72.851296
2016-03-07,92.440002,72.272741
2016-03-08,92.040001,71.960006
2016-03-09,92.570000,72.374378
2016-03-10,91.949997,71.889638
2016-03-11,92.720001,72.491654
2016-03-14,92.320000,72.178919
2016-03-15,92.540001,72.350923
2016-03-16,92.790001,72.546382
2016-03-17,92.639999,72.429105
2016-03-18,90.980003,71.131264
2016-03-21,90.879997,71.053076
2016-03-22,89.349998,69.856870
2016-03-23,89.919998,70.302516
2016-03-24,90.070000,70.419793
2016-03-28,90.320000,70.615251
2016-03-29,91.860001,71.819276
2016-03-30,91.849998,71.811456
2016-03-31,92.089996,71.999094
2016-04-01,93.709999,73.265668
2016-04-04,92.500000,72.319649
2016-04-05,91.339996,71.412719
2016-04-06,91.860001,71.819276
2016-04-07,91.040001,71.178172
2016-04-08,91.809998,71.780182
2016-04-11,91.599998,71.615997
2016-04-12,92.139999,72.038188
2016-04-13,92.099998,72.006914
2016-04-14,92.190002,72.077282
2016-04-15,93.510002,73.109303
2016-04-18,94.040001,73.523674
2016-04-19,94.559998,73.930226
2016-04-20,91.589996,71.608177
2016-04-21,89.779999,70.193060
2016-04-22,90.550003,70.795075
2016-04-25,91.370003,71.436179
2016-04-26,89.599998,70.052329
2016-04-27,90.870003,71.045262
2016-04-28,91.660004,71.662912
2016-04-29,93.110001,72.796569
2016-05-02,93.720001,73.273488
2016-05-03,92.860001,72.601110
2016-05-04,92.139999,72.038188
2016-05-05,91.900002,71.850550
2016-05-06,91.610001,71.623818
2016-05-09,92.470001,72.296195
2016-05-10,93.160004,72.835663
2016-05-11,92.239998,72.116371
2016-05-12,93.160004,72.835663
2016-05-13,92.440002,72.272741
2016-05-16,92.690002,72.468199
2016-05-17,90.699997,70.912346
2016-05-18,89.879997,70.271242
2016-05-19,90.639999,70.865437
2016-05-20,90.769997,70.967074
2016-05-23,90.620003,71.307801
2016-05-24,91.339996,71.874355
2016-05-25,91.360001,71.890097
2016-05-26,92.150002,72.511739
2016-05-27,92.599998,72.865836
2016-05-31,92.849998,73.062558
2016-06-01,93.000000,73.180593
2016-06-02,92.760002,72.991741
2016-06-03,93.500000,73.574037
2016-06-06,93.290001,73.408791
2016-06-07,93.209999,73.345838
2016-06-08,93.720001,73.747153
2016-06-09,96.419998,75.871748
2016-06-10,96.400002,75.856014
2016-06-13,95.629997,75.250106
2016-06-14,96.580002,75.997654
2016-06-15,96.050003,75.580604
2016-06-16,96.779999,76.155029
2016-06-17,97.110001,76.414703
2016-06-20,96.639999,76.044864
2016-06-21,97.459999,76.690113
2016-06-22,97.349998,76.603554
2016-06-23,97.120003,76.422574
2016-06-24,97.970001,77.091427
2016-06-27,97.209999,76.493391
2016-06-28,96.230003,75.722243
2016-06-29,97.139999,76.438308
2016-06-30,113.489998,89.303928
2016-07-01,111.949997,88.092120
2016-07-05,110.550003,86.990481
2016-07-06,109.290001,85.999000
2016-07-07,110.040001,86.589166
2016-07-08,110.699997,87.108509
2016-07-11,110.139999,86.667854
2016-07-12,108.739998,85.566210
2016-07-13,108.330002,85.243589
2016-07-14,108.089996,85.054731
2016-07-15,110.660004,87.077039
2016-07-18,109.370003,86.061953
2016-07-19,109.339996,86.038341
2016-07-20,109.120003,85.865231
2016-07-21,109.589996,86.235063
2016-07-22,109.949997,86.518343
2016-07-25,110.980003,87.328843
2016-07-26,109.540001,86.195722
2016-07-27,108.190002,85.133424
2016-07-28,111.349998,87.619987
2016-07-29,110.760002,87.155727
2016-08-01,110.889999,87.258020
2016-08-02,112.169998,88.265236
2016-08-03,110.480003,86.935399
2016-08-04,110.720001,87.124250
2016-08-05,111.650002,87.856057
2016-08-08,110.690002,87.100645
2016-08-09,110.269997,86.770148
2016-08-10,111.760002,87.942615
2016-08-11,112.040001,88.162943
2016-08-12,111.470001,87.714416
2016-08-15,111.820000,87.989826
2016-08-16,111.500000,87.738022
2016-08-17,113.430000,89.256716
2016-08-18,113.070000,88.973437
2016-08-19,113.620003,89.406227
2016-08-22,113.889999,89.618684
2016-08-23,113.059998,89.450953
2016-08-24,110.889999,87.734090
2016-08-25,111.000000,87.821121
2016-08-26,110.879997,87.726177
2016-08-29,111.669998,88.351211
2016-08-30,99.650002,78.841215
2016-08-31,99.889999,79.031096
2016-09-01,99.540001,78.754184
2016-09-02,99.300003,78.564302
2016-09-06,99.790001,78.951980
2016-09-07,99.129997,78.429797
2016-09-08,98.089996,77.606968
2016-09-09,96.180000,76.095815
2016-09-12,97.480003,77.124353
2016-09-13,96.010002,75.961315
2016-09-14,95.980003,75.937581
2016-09-15,96.010002,75.961315
2016-09-16,95.480003,75.541990
2016-09-19,95.449997,75.518250
2016-09-20,95.519997,75.573633
2016-09-21,96.360001,76.238228
2016-09-22,96.160004,76.079994
2016-09-23,95.849998,75.834723
2016-09-26,95.330002,75.423312
2016-09-27,94.699997,74.924864
2016-09-28,95.129997,75.265072
2016-09-29,94.639999,74.877395
2016-09-30,95.599998,75.636928
2016-10-03,95.410004,75.486608
2016-10-04,95.029999,75.185955
2016-10-05,94.709999,74.932777
2016-10-06,95.110001,75.249251
2016-10-07,95.209999,75.328368
2016-10-10,95.589996,75.629014
2016-10-11,94.629997,74.869481
2016-10-12,94.949997,75.122659
2016-10-13,95.650002,75.676490
2016-10-14,96.430000,76.293610
2016-10-17,96.739998,76.538874
2016-10-18,96.309998,76.198667
2016-10-19,95.629997,75.660662
2016-10-20,95.120003,75.257165
2016-10-21,95.360001,75.447047
2016-10-24,95.290001,75.391664
2016-10-25,95.809998,75.803076
2016-10-26,96.150002,76.072081
2016-10-27,95.510002,75.565725
2016-10-28,102.400002,81.016964
2016-10-31,102.459999,81.064432
2016-11-01,101.989998,80.692576
2016-11-02,101.839996,80.573897
2016-11-03,100.680000,79.656130
2016-11-04,100.000000,79.118127
2016-11-07,101.599998,80.384015
2016-11-08,101.190002,80.059634
2016-11-09,100.459999,79.482070
2016-11-10,97.269997,76.958200
2016-11-11,97.250000,76.942379
2016-11-14,98.919998,78.263650
2016-11-15,99.129997,78.429797
2016-11-16,99.300003,78.564302
2016-11-17,99.160004,78.453538
2016-11-18,98.559998,77.978824
2016-11-21,97.790001,77.857808
2016-11-22,97.720001,77.802076
2016-11-23,97.160004,77.356221
2016-11-25,97.730003,77.810040
2016-11-28,97.839996,77.897613
2016-11-29,98.129997,78.128504
2016-11-30,96.639999,76.942207
2016-12-01,96.279999,76.655585
2016-12-02,97.080002,77.292526
2016-12-05,97.889999,77.937424
2016-12-06,98.489998,78.415127
2016-12-07,99.160004,78.948569
2016-12-08,98.440002,78.375322
2016-12-09,100.300003,79.856206
2016-12-12,101.099998,80.493140
2016-12-13,100.889999,80.325945
2016-12-14,99.989998,79.609388
2016-12-15,100.709999,80.182633
2016-12-16,101.160004,80.540916
2016-12-19,101.459999,80.779764
2016-12-20,102.610001,81.695365
2016-12-21,103.169998,82.141220
2016-12-22,104.440002,83.152363
2016-12-23,103.620003,82.499502
2016-12-27,103.800003,82.642813
2016-12-28,103.150002,82.125299
2016-12-29,103.989998,82.794082
2016-12-30,103.430000,82.348226
2017-01-03,103.919998,82.738350
2017-01-04,104.120003,82.897588
2017-01-05,103.449997,82.364147
2017-01-06,104.510002,83.208095
2017-01-09,103.889999,82.714465
2017-01-10,104.830002,83.462871
2017-01-11,104.949997,83.558408
2017-01-12,104.680000,83.343443
2017-01-13,104.849998,83.478791
2017-01-17,105.169998,83.733567
2017-01-18,105.650002,84.115733
2017-01-19,105.220001,83.773378
2017-01-20,105.570000,84.052038
2017-01-23,105.300003,83.837073
2017-01-24,106.519997,84.808400
2017-01-25,106.300003,84.633247
2017-01-26,105.669998,84.131653
2017-01-27,105.510002,84.004269
2017-01-30,105.070000,83.653951
2017-01-31,105.470001,83.972421
2017-02-01,105.120003,83.693762
2017-02-02,105.589996,84.067958
2017-02-03,106.980003,85.174645
2017-02-06,107.410004,85.517000
2017-02-07,107.190002,85.341840
2017-02-08,106.980003,85.174645
2017-02-09,108.110001,86.074319
2017-02-10,107.620003,85.684196
2017-02-13,108.209999,86.153935
2017-02-14,108.339996,86.257435
2017-02-15,108.800003,86.623680
2017-02-16,107.650002,85.708080
2017-02-17,107.250000,85.389609
2017-02-21,108.480003,86.368905
2017-02-22,107.949997,86.439365
2017-02-23,108.650002,86.999883
2017-02-24,108.900002,87.200067
2017-02-27,107.800003,86.319259
2017-02-28,108.349998,86.759660
2017-03-01,109.400002,87.600435
2017-03-02,109.129997,87.384232
2017-03-03,108.660004,87.007892
2017-03-06,108.599998,86.959843
2017-03-07,108.150002,86.599516
2017-03-08,108.570000,86.935823
2017-03-09,109.360001,87.568405
2017-03-10,108.930000,87.224088
2017-03-13,108.699997,87.039916
2017-03-14,108.519997,86.895784
2017-03-15,109.290001,87.512353
2017-03-16,109.470001,87.656485
2017-03-17,109.010002,87.288148
2017-03-20,108.849998,87.160027
2017-03-21,108.110001,86.567486
2017-03-22,107.940002,86.431361
2017-03-23,108.099998,86.559476
2017-03-24,107.980003,86.463392
2017-03-27,108.260002,86.687597
2017-03-28,109.150002,87.400251
2017-03-29,109.610001,87.768588
2017-03-30,108.900002,87.200067
2017-03-31,109.250000,87.480323
2017-04-03,108.919998,87.216079
2017-04-04,108.389999,86.791690
2017-04-05,109.070000,87.336191
2017-04-06,108.879997,87.184048
2017-04-07,109.519997,87.696519
2017-04-10,108.320000,86.735639
2017-04-11,108.410004,86.807709
2017-04-12,109.050003,87.320178
2017-04-13,108.199997,86.639549
2017-04-17,108.699997,87.039916
2017-04-18,109.470001,87.656485
2017-04-19,108.629997,86.983865
2017-04-20,108.800003,87.119994
2017-04-21,107.400002,85.998964
2017-04-24,108.440002,86.831729
2017-04-25,108.459999,86.847741
2017-04-26,107.500000,86.079036
2017-04-27,107.379997,85.982946
2017-04-28,108.199997,86.639549
2017-05-01,107.050003,85.718708
2017-05-02,107.059998,85.726711
2017-05-03,106.739998,85.470476
2017-05-04,107.279999,85.902874
2017-05-05,107.550003,86.119075
2017-05-08,107.000000,85.678669
2017-05-09,106.410004,85.206238
2017-05-10,106.629997,85.382394
2017-05-11,106.550003,85.318340
2017-05-12,107.070000,85.734720
2017-05-15,107.849998,86.359292
2017-05-16,107.209999,85.846822
2017-05-17,108.769997,87.095968
2017-05-18,110.760002,88.689435
2017-05-19,111.980003,89.666332
2017-05-22,112.769997,90.298908
2017-05-23,113.139999,91.094396
2017-05-24,114.360001,92.076678
2017-05-25,115.309998,92.841565
2017-05-26,115.959999,93.364912
2017-05-30,115.519997,93.010646
2017-05-31,115.269997,92.809359
2017-06-01,115.820000,93.252192
2017-06-02,115.879997,93.300499
2017-06-05,115.430000,92.938185
2017-06-06,115.480003,92.978444
2017-06-07,115.480003,92.978444
2017-06-08,113.809998,91.633844
2017-06-09,114.019997,91.802924
2017-06-12,113.599998,91.464763
2017-06-13,114.209999,91.955904
2017-06-14,114.389999,92.100830
2017-06-15,114.879997,92.495351
2017-06-16,111.830002,90.039655
2017-06-19,112.300003,90.418075
2017-06-20,111.589996,89.846415
2017-06-21,111.570000,89.830315
2017-06-22,110.519997,88.984908
2017-06-23,109.809998,88.413254
2017-06-26,110.279999,88.791674
2017-06-27,108.180000,87.100865
2017-06-28,107.669998,86.690238
2017-06-29,106.620003,85.844837
2017-06-30,107.370003,86.448698
2017-07-03,106.639999,85.860937
2017-07-05,106.309998,85.595237
2017-07-06,106.430000,85.691856
2017-07-07,105.910004,85.273183
2017-07-10,104.970001,84.516342
2017-07-11,104.059998,83.783655
2017-07-12,104.830002,84.403622
2017-07-13,104.800003,84.379468
2017-07-14,105.470001,84.918916
2017-07-17,106.290001,85.579137
2017-07-18,105.889999,85.257076
2017-07-19,106.089996,85.418103
2017-07-20,106.279999,85.571084
2017-07-21,106.389999,85.659650
2017-07-24,105.300003,84.782042
2017-07-25,107.440002,86.505057
2017-07-26,106.000000,85.345643
2017-07-27,106.449997,85.707957
2017-07-28,106.070000,85.402003
2017-07-31,105.309998,84.790090
2017-08-01,105.650002,85.063843
2017-08-02,105.589996,85.015529
2017-08-03,105.540001,84.975276
2017-08-04,104.860001,84.427776
2017-08-07,105.650002,85.063843
2017-08-08,105.099998,84.621009
2017-08-09,105.250000,84.741782
2017-08-10,105.300003,84.782042
2017-08-11,105.199997,84.701523
2017-08-14,105.940002,85.297336
2017-08-15,105.900002,85.265130
2017-08-16,106.040001,85.377850
2017-08-17,107.849998,86.835164
2017-08-18,107.339996,86.424538
2017-08-21,107.610001,86.641931
2017-08-22,107.760002,86.762704
2017-08-23,107.440002,87.034891
2017-08-24,105.519997,85.479535
2017-08-25,105.160004,85.187912
2017-08-28,104.470001,84.628955
2017-08-29,104.940002,85.009693
2017-08-30,104.400002,84.572251
2017-08-31,104.919998,84.993489
2017-09-01,105.610001,85.552446
2017-09-05,104.660004,84.782873
2017-09-06,105.290001,85.293220
2017-09-07,107.800003,87.326520
2017-09-08,108.150002,87.610047
2017-09-11,109.650002,88.825166
2017-09-12,109.580002,88.768460
2017-09-13,109.419998,88.638844
2017-09-14,109.320000,88.557838
2017-09-15,110.500000,89.513731
2017-09-18,109.750000,88.906172
2017-09-19,109.410004,88.630748
2017-09-20,108.419998,87.828765
2017-09-21,107.550003,87.124000
2017-09-22,106.480003,86.257216
2017-09-25,106.830002,86.540743
2017-09-26,107.209999,86.848570
2017-09-27,108.220001,87.666752
2017-09-28,107.820000,87.342719
2017-09-29,109.169998,88.436324
2017-10-02,108.839996,88.168997
2017-10-03,107.660004,87.213110
2017-10-04,108.239998,87.682951
2017-10-05,108.919998,88.233805
2017-10-06,108.650002,88.015087
2017-10-09,107.889999,87.399424
2017-10-10,109.029999,88.322914
2017-10-11,109.519997,88.719851
2017-10-12,109.970001,89.084390
2017-10-13,110.070000,89.165397
2017-10-16,110.940002,89.870167
2017-10-17,110.820000,89.772956
2017-10-18,110.050003,89.149198
2017-10-19,109.349998,88.582139
2017-10-20,109.019997,88.314812
2017-10-23,109.120003,88.395824
2017-10-24,109.360001,88.590242
2017-10-25,108.599998,87.974579
2017-10-26,102.870003,83.332831
2017-10-27,104.080002,84.313025
2017-10-30,104.730003,84.839578
2017-10-31,106.180000,86.014190
2017-11-01,106.730003,86.459736
2017-11-02,106.589996,86.346319
2017-11-03,105.919998,85.803568
2017-11-06,104.379997,84.556045
2017-11-07,105.970001,85.844074
2017-11-08,107.750000,87.286014
2017-11-09,107.769997,87.302213
2017-11-10,108.599998,87.974579
2017-11-13,108.180000,87.634348
2017-11-14,109.860001,88.995281
2017-11-15,107.419998,87.018686
2017-11-16,109.699997,88.865665
2017-11-17,109.099998,88.379619
2017-11-20,110.099998,89.189698
2017-11-21,108.510002,88.428552
2017-11-22,108.120003,88.110729
2017-11-24,107.449997,87.564718
2017-11-27,108.370003,88.314462
2017-11-28,109.839996,89.512410
2017-11-29,110.500000,90.050270
2017-11-30,110.930000,90.400692
2017-12-01,111.010002,90.465889
2017-12-04,112.820000,91.940919
2017-12-05,112.760002,91.892024
2017-12-06,113.760002,92.706959
2017-12-07,113.559998,92.543969
2017-12-08,113.199997,92.250591
2017-12-11,112.800003,91.924622
2017-12-12,113.400002,92.413582
2017-12-13,113.160004,92.218000
2017-12-14,113.360001,92.380984
2017-12-15,114.139999,93.016631
2017-12-18,114.260002,93.114426
2017-12-19,115.449997,94.084194
2017-12-20,114.989998,93.709325
2017-12-21,114.660004,93.440401
2017-12-22,114.949997,93.676727
2017-12-26,115.010002,93.725627
2017-12-27,114.580002,93.375205
2017-12-28,114.360001,93.195919
2017-12-29,113.510002,92.503225
2018-01-02,112.110001,91.362316
2018-01-03,111.639999,90.979295
2018-01-04,112.419998,91.614943
2018-01-05,112.959999,92.055009
2018-01-08,114.059998,92.951436
2018-01-09,113.779999,92.723255
2018-01-10,110.820000,90.311049
2018-01-11,110.089996,89.716144
2018-01-12,109.269997,89.047898
2018-01-16,108.290001,88.249266
2018-01-17,108.930000,88.770823
2018-01-18,107.790001,87.841799
2018-01-19,109.370003,89.129397
2018-01-22,109.959999,89.610205
2018-01-23,110.809998,90.302898
2018-01-24,110.309998,89.895431
2018-01-25,111.230003,90.645175
2018-01-26,111.070000,90.514783
2018-01-29,109.669998,89.373873
2018-01-30,109.529999,89.259783
2018-01-31,110.330002,89.911733
2018-02-01,103.769997,84.565758
2018-02-02,102.970001,83.913814
2018-02-05,100.169998,81.631995
2018-02-06,101.290001,82.544724
2018-02-07,99.040001,80.711121
2018-02-08,97.650002,79.578363
2018-02-09,99.669998,81.224527
2018-02-12,99.779999,81.314171
2018-02-13,99.540001,81.118588
2018-02-14,99.019997,80.694819
2018-02-15,100.790001,82.137257
2018-02-16,100.709999,82.072060
2018-02-20,99.900002,81.411966
2018-02-21,97.889999,79.773945
2018-02-22,97.070000,79.639394
2018-02-23,96.949997,79.540940
2018-02-26,98.000000,80.402397
2018-02-27,98.190002,80.558281
2018-02-28,98.260002,80.615711
2018-03-01,97.800003,80.238313
2018-03-02,98.870003,81.116176
2018-03-05,99.449997,81.592022
2018-03-06,99.370003,81.526392
2018-03-07,99.879997,81.944808
2018-03-08,99.650002,81.756112
2018-03-09,100.360001,82.338619
2018-03-12,101.000000,82.863695
2018-03-13,101.800003,83.520043
2018-03-14,101.680000,83.421589
2018-03-15,100.940002,82.814470
2018-03-16,101.019997,82.880101
2018-03-19,100.070000,82.100692
2018-03-20,100.330002,82.314006
2018-03-21,98.470001,80.788001
2018-03-22,97.050003,79.622988
2018-03-23,96.059998,78.810756
2018-03-26,98.019997,80.418803
2018-03-27,97.790001,80.230107
2018-03-28,98.250000,80.607505
2018-03-29,98.959999,81.190011
2018-04-02,97.040001,79.614782
2018-04-03,97.809998,80.246513
2018-04-04,100.599998,82.535520
2018-04-05,99.699997,81.797130
2018-04-06,98.849998,81.099763
2018-04-09,99.360001,81.518186
2018-04-10,95.860001,78.646672
2018-04-11,96.650002,79.294814
2018-04-12,95.570000,78.408746
2018-04-13,95.959999,78.728713
2018-04-16,96.800003,79.417880
2018-04-17,96.699997,79.335832
2018-04-18,95.339996,78.220043
2018-04-19,93.559998,76.759674
2018-04-20,92.480003,75.873611
2018-04-23,93.180000,76.447912
2018-04-24,92.769997,76.111532
2018-04-25,93.540001,76.743268
2018-04-26,93.290001,76.538160
2018-04-27,93.379997,76.611996
2018-04-30,91.940002,75.430577
2018-05-01,91.320000,74.921907
2018-05-02,89.540001,73.461538
2018-05-03,89.699997,73.592804
2018-05-04,91.779999,75.299305
2018-05-07,91.660004,75.200857
2018-05-08,92.150002,75.602868
2018-05-09,92.610001,75.980266
2018-05-10,92.889999,76.209985
2018-05-11,92.459999,75.857199
2018-05-14,92.540001,75.922836
2018-05-15,92.650002,76.013084
2018-05-16,93.639999,76.825310
2018-05-17,92.599998,75.972059
2018-05-18,91.489998,75.061379
2018-05-21,92.059998,75.529025
2018-05-22,91.650002,75.192651
2018-05-23,92.099998,75.561843
2018-05-24,91.669998,75.748591
2018-05-25,92.029999,76.046066
2018-05-29,91.589996,75.682484
2018-05-30,91.599998,75.690748
2018-05-31,90.040001,74.401694
2018-06-01,90.010002,74.376906
2018-06-04,91.309998,75.451116
2018-06-05,90.500000,74.781800
2018-06-06,90.550003,74.823118
2018-06-07,91.080002,75.261066
2018-06-08,91.769997,75.831222
2018-06-11,92.410004,76.360071
2018-06-12,93.379997,77.161594
2018-06-13,91.220001,75.376750
2018-06-14,92.139999,76.136961
2018-06-15,94.000000,77.673914
2018-06-18,91.550003,75.649437
2018-06-19,91.919998,75.955170
2018-06-20,91.860001,75.905594
2018-06-21,91.910004,75.946912
2018-06-22,92.669998,76.574909
2018-06-25,94.199997,77.839175
2018-06-26,94.040001,77.706967
2018-06-27,93.930000,77.616071
2018-06-28,94.180000,77.822651
2018-06-29,93.059998,76.897173
2018-07-02,92.230003,76.211333
2018-07-03,92.769997,76.657540
2018-07-05,95.160004,78.632446
2018-07-06,95.550003,78.954710
2018-07-09,93.919998,77.607807
2018-07-10,93.809998,77.516912
2018-07-11,94.040001,77.706967
2018-07-12,93.660004,77.392969
2018-07-13,93.989998,77.665649
2018-07-16,92.750000,76.641016
2018-07-17,93.559998,77.310332
2018-07-18,91.410004,75.533753
2018-07-19,92.230003,76.211333
2018-07-20,91.919998,75.955170
2018-07-23,91.040001,75.228013
2018-07-24,92.059998,76.070855
2018-07-25,92.830002,76.707123
2018-07-26,99.660004,82.350878
2018-07-27,96.989998,80.144604
2018-07-30,97.800003,80.813926
2018-07-31,98.209999,81.152713
2018-08-01,96.529999,79.764498
2018-08-02,97.540001,80.599081
2018-08-03,99.160004,81.937719
2018-08-06,100.070000,82.689665
2018-08-07,98.580002,81.458453
2018-08-08,97.690002,80.723030
2018-08-09,97.339996,80.433813
2018-08-10,97.699997,80.731289
2018-08-13,98.059998,81.028764
2018-08-14,98.610001,81.483242
2018-08-15,100.440002,82.995405
2018-08-16,100.500000,83.044982
2018-08-17,101.480003,83.854777
2018-08-20,102.440002,84.648041
2018-08-21,101.089996,83.532507
2018-08-22,100.199997,82.797084
2018-08-23,98.989998,82.390915
2018-08-24,99.769997,83.040120
2018-08-27,99.290001,82.640612
2018-08-28,98.760002,82.199486
2018-08-29,99.610001,82.906953
2018-08-30,99.919998,83.164969
2018-08-31,100.519997,83.664357
2018-09-04,101.500000,84.480029
2018-09-05,102.870003,85.620304
2018-09-06,104.239998,86.760572
2018-09-07,103.639999,86.261183
2018-09-10,104.410004,86.902070
2018-09-11,104.239998,86.760572
2018-09-12,106.019997,88.242093
2018-09-13,106.599998,88.724837
2018-09-14,105.970001,88.200480
2018-09-17,103.769997,86.369383
2018-09-18,103.440002,86.094723
2018-09-19,102.660004,85.445518
2018-09-20,103.449997,86.103042
2018-09-21,103.900002,86.477588
2018-09-24,102.190002,85.054328
2018-09-25,102.290001,85.137559
2018-09-26,102.000000,84.896187
2018-09-27,101.739998,84.679783
2018-09-28,102.000000,84.896187
2018-10-01,101.639999,84.596552
2018-10-02,102.699997,85.478805
2018-10-03,102.099998,84.979417
2018-10-04,102.730003,85.503780
2018-10-05,104.389999,86.885420
2018-10-08,106.230003,88.416884
2018-10-09,104.919998,87.326546
2018-10-10,103.739998,86.344414
2018-10-11,102.089996,84.971092
2018-10-12,103.410004,86.069755
2018-10-15,104.959999,87.359840
2018-10-16,105.500000,87.809291
2018-10-17,105.190002,87.551275
2018-10-18,104.580002,87.043562
2018-10-19,106.580002,88.708194
2018-10-22,105.779999,88.042339
2018-10-23,107.709999,89.648708
2018-10-24,108.169998,90.031572
2018-10-25,102.839996,85.595328
2018-10-26,102.519997,85.328988
2018-10-29,106.000000,88.225449
2018-10-30,108.040001,89.923373
2018-10-31,107.150002,89.182613
2018-11-01,107.339996,89.340748
2018-11-02,105.839996,88.092275
2018-11-05,106.970001,89.032796
2018-11-06,107.690002,89.632064
2018-11-07,108.050003,89.931698
2018-11-08,107.070000,89.116027
2018-11-09,108.580002,90.372825
2018-11-12,108.669998,90.447730
2018-11-13,109.139999,90.838919
2018-11-14,107.949997,89.848462
2018-11-15,108.410004,90.231333
2018-11-16,109.150002,90.847245
2018-11-19,108.349998,90.181389
2018-11-20,106.480003,89.219485
2018-11-21,106.160004,88.951358
2018-11-23,106.209999,88.993249
2018-11-26,106.000000,88.817291
2018-11-27,106.610001,89.328410
2018-11-28,106.650002,89.361927
2018-11-29,107.449997,90.032242
2018-11-30,108.300003,90.744461
2018-12-03,108.930000,91.272335
2018-12-04,108.099998,90.576877
2018-12-06,108.139999,90.610394
2018-12-07,107.139999,89.772495
2018-12-10,107.129997,89.764114
2018-12-11,107.910004,90.417681
2018-12-12,109.029999,91.356124
2018-12-13,110.010002,92.177267
2018-12-14,107.870003,90.384165
2018-12-17,105.169998,88.121833
2018-12-18,104.360001,87.443137
2018-12-19,107.330002,89.931698
2018-12-20,106.430000,89.177587
2018-12-21,105.910004,88.741883
2018-12-24,103.370003,86.613619
2018-12-26,105.629997,88.507266
2018-12-27,106.129997,88.926215
2018-12-28,106.300003,89.068663
2018-12-31,107.180000,89.806012
2019-01-02,105.440002,88.348069
2019-01-03,106.239998,89.018385
2019-01-04,106.080002,88.884325
2019-01-07,105.410004,88.322934
2019-01-08,106.470001,89.211104
2019-01-09,105.690002,88.557544
2019-01-10,106.800003,89.487613
2019-01-11,106.589996,89.311648
2019-01-14,106.029999,88.842427
2019-01-15,107.730003,90.266859
2019-01-16,106.699997,89.403818
2019-01-17,107.779999,90.308750
2019-01-18,108.139999,90.610394
2019-01-22,108.309998,90.752836
2019-01-23,108.559998,90.962311
2019-01-24,105.370003,88.289417
2019-01-25,104.300003,87.392865
2019-01-28,104.949997,87.937494
2019-01-29,105.010002,87.987773
2019-01-30,105.580002,88.465375
2019-01-31,106.099998,88.901079
2019-02-01,104.779999,87.795053
2019-02-04,105.730003,88.591061
2019-02-05,106.099998,88.901079
2019-02-06,106.139999,88.934596
2019-02-07,106.959999,89.621673
2019-02-08,108.419998,90.845005
2019-02-11,108.629997,91.020963
2019-02-12,109.699997,91.917515
2019-02-13,109.139999,91.448293
2019-02-14,108.199997,90.660666
2019-02-15,109.349998,91.624251
2019-02-19,109.690002,91.909140
2019-02-20,110.680000,92.738658
2019-02-21,111.199997,93.786159
2019-02-22,110.220001,92.959630
2019-02-25,109.470001,92.327079
2019-02-26,109.739998,92.554795
2019-02-27,109.580002,92.419854
2019-02-28,110.680000,93.347593
2019-03-01,112.230003,94.654867
2019-03-04,110.639999,93.313857
2019-03-05,111.750000,94.250032
2019-03-06,111.680000,94.190994
2019-03-07,111.930000,94.401844
2019-03-08,111.239998,93.819896
2019-03-11,111.389999,93.946407
2019-03-12,110.360001,93.077706
2019-03-13,110.779999,93.431933
2019-03-14,110.379997,93.094571
2019-03-15,110.790001,93.440368
2019-03-18,110.519997,93.212647
2019-03-19,109.330002,92.209004
2019-03-20,109.800003,92.605403
2019-03-21,111.500000,94.039182
2019-03-22,112.000000,94.460882
2019-03-25,112.419998,94.815109
2019-03-26,113.250000,95.515133
2019-03-27,113.220001,95.489832
2019-03-28,114.330002,96.426008
2019-03-29,114.830002,96.847708
2019-04-01,113.839996,96.012736
2019-04-02,114.750000,96.780234
2019-04-03,114.860001,96.873009
2019-04-04,114.910004,96.915182
2019-04-05,115.870003,97.724846
2019-04-08,116.269997,98.062201
2019-04-09,116.019997,97.851351
2019-04-10,116.309998,98.095938
2019-04-11,115.919998,97.767012
2019-04-12,116.110001,97.927260
2019-04-15,116.739998,98.458600
2019-04-16,116.830002,98.534510
2019-04-17,116.750000,98.467036
2019-04-18,116.959999,98.644149
2019-04-22,117.040001,98.711623
2019-04-23,116.860001,98.559811
2019-04-24,117.070000,98.736924
2019-04-25,122.440002,103.265988
2019-04-26,125.169998,105.568468
2019-04-29,124.309998,104.843144
2019-04-30,124.849998,105.298580
2019-05-01,122.919998,103.670817
2019-05-02,122.540001,103.350327
2019-05-03,121.830002,102.751513
2019-05-06,123.639999,104.278066
2019-05-07,124.309998,104.843144
2019-05-08,124.860001,105.307017
2019-05-09,125.500000,105.846792
2019-05-10,126.879997,107.010683
2019-05-13,127.070000,107.170931
2019-05-14,127.059998,107.162496
2019-05-15,127.739998,107.736008
2019-05-16,128.490005,108.368565
2019-05-17,128.899994,108.714350
2019-05-20,129.300003,109.051718
2019-05-21,130.309998,109.903548
2019-05-22,131.440002,110.856594
2019-05-23,130.220001,110.434260
2019-05-24,130.190002,110.408819
2019-05-28,128.300003,108.805988
2019-05-29,128.880005,109.297864
2019-05-30,130.809998,110.934612
2019-05-31,131.960007,111.909888
2019-06-03,132.330002,112.223666
2019-06-04,133.130005,112.902116
2019-06-05,136.009995,115.344517
2019-06-06,137.240005,116.387639
2019-06-07,138.009995,117.040636
2019-06-10,136.740005,115.963609
2019-06-11,136.820007,116.031455
2019-06-12,138.220001,117.218733
2019-06-13,137.630005,116.718382
2019-06-14,138.320007,117.303544
2019-06-17,137.699997,116.777739
2019-06-18,138.250000,117.244174
2019-06-19,137.899994,116.947348
2019-06-20,137.639999,116.726857
2019-06-21,137.130005,116.294352
2019-06-24,137.449997,116.565724
2019-06-25,137.199997,116.353709
2019-06-26,134.149994,113.767127
2019-06-27,134.880005,114.386219
2019-06-28,134.029999,113.665364
2019-07-01,134.250000,113.851938
2019-07-02,136.089996,115.412363
2019-07-03,138.000000,117.032159
2019-07-05,138.259995,117.252650
2019-07-08,138.589996,117.532511
2019-07-09,138.619995,117.557952
2019-07-10,138.570007,117.515559
2019-07-11,137.089996,116.260422
2019-07-12,137.169998,116.328268
2019-07-15,138.369995,117.345937
2019-07-16,140.429993,119.092937
2019-07-17,145.710007,123.570701
2019-07-18,147.500000,125.088721
2019-07-19,145.179993,123.121218
2019-07-22,147.059998,124.715573
2019-07-23,147.289993,124.910623
2019-07-24,146.759995,124.461153
2019-07-25,149.720001,126.971413
2019-07-26,152.979996,129.736082
2019-07-29,152.210007,129.083085
2019-07-30,152.259995,129.125478
2019-07-31,151.740005,128.684496
2019-08-01,151.690002,128.642090
2019-08-02,152.110001,128.998274
2019-08-05,149.119995,126.462572
2019-08-06,150.369995,127.522646
2019-08-07,152.610001,129.422304
2019-08-08,154.570007,131.084505
2019-08-09,155.479996,131.856229
2019-08-12,155.889999,132.203936
2019-08-13,155.360001,131.754466
2019-08-14,152.419998,129.261170
2019-08-15,155.500000,131.873194
2019-08-16,155.440002,131.822312
2019-08-19,157.770004,133.798292
2019-08-20,156.479996,132.704288
2019-08-21,158.750000,134.629386
2019-08-22,158.380005,134.972830
2019-08-23,157.029999,133.822344
2019-08-26,159.050003,135.543809
2019-08-27,159.380005,135.825039
2019-08-28,160.479996,136.762461
2019-08-29,157.990005,134.640469
2019-08-30,158.479996,135.058044
2019-09-03,159.929993,136.293744
2019-09-04,161.399994,137.546492
2019-09-05,160.300003,136.609070
2019-09-06,158.979996,135.484148
2019-09-09,156.149994,133.072396
2019-09-10,152.539993,129.995921
2019-09-11,151.149994,128.811352
2019-09-12,151.259995,128.905095
2019-09-13,148.570007,126.612664
2019-09-16,148.039993,126.160981
2019-09-17,152.690002,130.123760
2019-09-18,153.050003,130.430556
2019-09-19,153.449997,130.771434
2019-09-20,153.940002,131.189021
2019-09-23,153.309998,130.652126
2019-09-24,155.660004,132.654822
2019-09-25,153.369995,130.703256
2019-09-26,154.279999,131.478769
2019-09-27,153.779999,131.052665
2019-09-30,154.990005,132.083843
2019-10-01,154.889999,131.998617
2019-10-02,153.550003,130.856660
2019-10-03,155.479996,132.501417
2019-10-04,157.509995,134.231400
2019-10-07,157.699997,134.393322
2019-10-08,156.279999,133.183187
2019-10-09,156.470001,133.345108
2019-10-10,156.300003,133.200235
2019-10-11,155.309998,132.356544
2019-10-14,155.380005,132.416204
2019-10-15,152.539993,129.995921
2019-10-16,151.529999,129.135195
2019-10-17,152.729996,130.157843
2019-10-18,153.070007,130.447604
2019-10-21,153.580002,130.882226
2019-10-22,149.750000,127.618264
2019-10-23,149.710007,127.584182
2019-10-24,146.369995,124.737795
2019-10-25,143.309998,122.130038
2019-10-28,141.149994,120.289264
2019-10-29,143.649994,122.419786
2019-10-30,145.970001,124.396916
2019-10-31,146.869995,125.163899
2019-11-01,143.070007,121.925516
2019-11-04,140.529999,119.760899
2019-11-05,140.289993,119.556363
2019-11-06,140.820007,120.008046
2019-11-07,141.320007,120.434150
2019-11-08,140.970001,120.135872
2019-11-11,141.729996,120.783547
2019-11-12,142.850006,121.738029
2019-11-13,145.779999,124.234995
2019-11-14,146.309998,124.686665
2019-11-15,145.750000,124.209429
2019-11-18,146.690002,125.010507
2019-11-19,147.559998,125.751926
2019-11-20,149.119995,127.081369
2019-11-21,146.550003,125.541977
2019-11-22,146.839996,125.790399
2019-11-25,146.080002,125.139350
2019-11-26,149.589996,128.146185
2019-11-27,148.559998,127.263838
2019-11-29,148.160004,126.921183
2019-12-02,148.960007,127.606505
2019-12-03,148.800003,127.469438
2019-12-04,150.160004,128.634482
2019-12-05,149.970001,128.471716
2019-12-06,149.250000,127.854927
2019-12-09,149.539993,128.103350
2019-12-10,149.399994,127.983420
2019-12-11,149.770004,128.300389
2019-12-12,146.820007,125.773275
2019-12-13,147.149994,126.055958
2019-12-16,146.779999,125.739002
2019-12-17,144.710007,123.965745
2019-12-18,145.820007,124.916626
2019-12-19,146.669998,125.644770
2019-12-20,147.440002,126.304394
2019-12-23,146.309998,125.336376
2019-12-24,146.089996,125.147912
2019-12-26,146.289993,125.319239
2019-12-27,147.619995,126.458585
2019-12-30,146.820007,125.773275
2019-12-31,146.979996,125.910330
2020-01-02,143.960007,123.323258
2020-01-03,145.259995,124.436892
2020-01-06,144.570007,123.845814
2020-01-07,144.850006,124.085675
2020-01-08,146.039993,125.105077
2020-01-09,146.570007,125.559113
2020-01-10,148.130005,126.895484
2020-01-13,149.690002,128.231855
2020-01-14,148.830002,127.495136
2020-01-15,148.509995,127.221003
2020-01-16,148.970001,127.615066
2020-01-17,150.850006,129.225572
2020-01-21,152.830002,130.921734
2020-01-22,152.440002,130.587641
2020-01-23,153.830002,131.778383
2020-01-24,154.679993,132.506528
2020-01-27,152.850006,130.938870
2020-01-28,152.190002,130.373478
2020-01-29,151.149994,129.482556
2020-01-30,158.139999,135.470540
2020-01-31,155.169998,132.926290
2020-02-03,154.649994,132.480829
2020-02-04,152.440002,130.587641
2020-02-05,152.880005,130.964569
2020-02-06,154.339996,132.215270
2020-02-07,156.050003,133.680146
2020-02-10,156.990005,134.485398
2020-02-11,157.649994,135.050777
2020-02-12,157.860001,135.230680
2020-02-13,159.330002,136.489955
2020-02-14,160.339996,137.355166
2020-02-18,160.059998,137.115306
2020-02-19,160.490005,137.483671
2020-02-20,160.110001,137.821960
2020-02-21,160.320007,138.002733
2020-02-24,158.940002,136.814831
2020-02-25,157.320007,135.420346
2020-02-26,158.380005,136.332788
2020-02-27,151.960007,130.806483
2020-02-28,143.990005,123.945941
2020-03-02,152.360001,131.150796
2020-03-03,153.490005,132.123498
2020-03-04,160.949997,138.545025
2020-03-05,159.000000,136.866477
2020-03-06,156.289993,134.533715
2020-03-09,151.000000,129.980113
2020-03-10,154.550003,133.035939
2020-03-11,148.770004,128.060543
2020-03-12,132.869995,114.373887
2020-03-13,139.839996,120.373632
2020-03-16,125.930000,108.399971
2020-03-17,139.100006,119.736652
2020-03-18,116.110001,99.946961
2020-03-19,121.790001,104.836279
2020-03-20,117.730003,101.341451
2020-03-23,111.430000,95.918437
2020-03-24,121.919998,104.948180
2020-03-25,126.139999,108.580737
2020-03-26,132.449997,114.012355
2020-03-27,130.839996,112.626473
2020-03-30,137.779999,118.600396
2020-03-31,132.500000,114.055397
2020-04-01,131.660004,113.332332
2020-04-02,135.729996,116.835763
2020-04-03,139.770004,120.313384
2020-04-06,141.860001,122.112443
2020-04-07,141.110001,121.466847
2020-04-08,142.710007,122.844125
2020-04-09,143.910004,123.877077
2020-04-13,142.649994,122.792466
2020-04-14,146.130005,125.788043
2020-04-15,142.600006,122.749436
2020-04-16,145.449997,125.202696
2020-04-17,146.460007,126.072108
2020-04-20,144.580002,124.453808
2020-04-21,141.619995,121.905847
2020-04-22,143.279999,123.334771
2020-04-23,136.910004,117.851509
2020-04-24,135.740005,116.844379
2020-04-27,135.110001,116.302074
2020-04-28,134.250000,115.561789
2020-04-29,134.410004,115.699520
2020-04-30,132.429993,113.995135
2020-05-01,132.539993,114.089823
2020-05-04,131.250000,112.979403
2020-05-05,131.360001,113.074091
2020-05-06,131.729996,113.392581
2020-05-07,130.529999,112.359629
2020-05-08,133.190002,114.649348
2020-05-11,132.949997,114.442753
2020-05-12,132.470001,114.029574
2020-05-13,131.869995,113.513092
2020-05-14,131.029999,112.790027
2020-05-15,130.380005,112.230515
2020-05-18,132.270004,113.857418
2020-05-19,130.910004,112.686736
2020-05-20,131.220001,112.953580
2020-05-21,128.029999,110.860707
2020-05-22,130.259995,112.791652
2020-05-26,128.270004,111.068526
2020-05-27,133.050003,115.207510
2020-05-28,135.979996,117.744580
2020-05-29,135.679993,117.484808
2020-06-01,136.429993,118.134231
2020-06-02,137.179993,118.783653
2020-06-03,134.220001,116.220607
2020-06-04,133.429993,115.536542
2020-06-05,135.440002,117.277001
2020-06-08,135.669998,117.476154
2020-06-09,133.339996,115.458614
2020-06-10,135.320007,117.173098
2020-06-11,129.089996,111.778554
2020-06-12,129.110001,111.795876
2020-06-15,130.130005,112.679094
2020-06-16,132.580002,114.800538
2020-06-17,132.279999,114.540766
2020-06-18,132.539993,114.765894
2020-06-19,129.449997,112.090278
2020-06-22,130.559998,113.051424
2020-06-23,130.250000,112.782997
2020-06-24,127.980003,110.817415
2020-06-25,128.669998,111.414879
2020-06-26,125.849998,108.973052
2020-06-29,127.610001,110.497032
2020-06-30,129.619995,112.237478
2020-07-01,130.119995,112.670427
2020-07-02,129.860001,112.445299
2020-07-06,129.449997,112.090278
2020-07-07,129.250000,111.917101
2020-07-08,128.520004,111.285000
2020-07-09,126.750000,109.752360
2020-07-10,127.750000,110.618257
2020-07-13,127.879997,110.730821
2020-07-14,131.800003,114.125139
2020-07-15,132.000000,114.298316
2020-07-16,134.449997,116.419759
2020-07-17,136.399994,118.108255
2020-07-20,135.509995,117.337608
2020-07-21,137.309998,118.896224
2020-07-22,138.460007,119.892012
2020-07-23,146.330002,126.706612
2020-07-24,145.679993,126.143772
2020-07-27,146.289993,126.671969
2020-07-28,145.729996,126.187069
2020-07-29,145.809998,126.256343
2020-07-30,145.289993,125.806072
2020-07-31,145.410004,125.909989
2020-08-03,144.940002,125.503016
2020-08-04,144.300003,124.948844
2020-08-05,142.270004,123.191075
2020-08-06,143.669998,124.403324
2020-08-07,143.919998,124.619799
2020-08-10,143.919998,124.619799
2020-08-11,142.509995,123.398882
2020-08-12,146.020004,126.438186
2020-08-13,146.570007,126.914432
2020-08-14,146.070007,126.481483
2020-08-17,148.330002,128.438405
2020-08-18,149.589996,129.529429
2020-08-19,147.759995,127.944838
2020-08-20,147.740005,128.627423
2020-08-21,147.429993,128.357517
2020-08-24,148.839996,129.585113
2020-08-25,148.669998,129.437107
2020-08-26,149.149994,129.855007
2020-08-27,148.699997,129.463225
2020-08-28,149.199997,129.898542
2020-08-31,148.639999,129.410988
2020-09-01,148.419998,129.219448
2020-09-02,149.419998,130.090082
2020-09-03,148.360001,129.167213
2020-09-04,148.800003,129.550293
2020-09-08,145.520004,126.694616
2020-09-09,147.720001,128.610007
2020-09-10,145.149994,126.372473
2020-09-11,145.500000,126.677200
2020-09-14,144.500000,125.806566
2020-09-15,144.339996,125.667261
2020-09-16,143.190002,124.666038
2020-09-17,140.500000,122.324031
2020-09-18,138.919998,120.948428
2020-09-21,137.000000,119.276813
2020-09-22,137.429993,119.651180
2020-09-23,134.339996,116.960924
2020-09-24,137.660004,119.851435
2020-09-25,139.520004,121.470814
2020-09-28,140.410004,122.245678
2020-09-29,141.190002,122.924770
2020-09-30,143.339996,124.796627
2020-10-01,143.929993,125.310299
2020-10-02,142.919998,124.430963
2020-10-05,143.770004,125.171007
2020-10-06,141.559998,123.246901
2020-10-07,143.410004,124.857579
2020-10-08,143.509995,124.944634
2020-10-09,145.630005,126.790386
2020-10-12,148.080002,128.923436
2020-10-13,148.850006,129.593828
2020-10-14,149.470001,130.133616
2020-10-15,150.419998,130.960716
2020-10-16,149.919998,130.525399
2020-10-19,147.500000,128.418467
2020-10-20,146.880005,127.878678
2020-10-21,145.580002,126.746852
2020-10-22,145.440002,126.624963
2020-10-23,146.339996,127.408528
2020-10-26,144.199997,125.545373
2020-10-27,142.500000,124.065299
2020-10-28,138.199997,120.321571
2020-10-29,137.830002,119.999441
2020-10-30,137.460007,119.677311
2020-11-02,140.779999,122.567808
2020-11-03,142.720001,124.256839
2020-11-04,143.940002,125.319013
2020-11-05,144.600006,125.893635
2020-11-06,149.399994,130.072666
2020-11-09,149.720001,130.351275
2020-11-10,152.259995,132.562679
2020-11-11,153.660004,133.781574
2020-11-12,153.559998,133.694505
2020-11-13,154.000000,134.077586
2020-11-16,155.119995,135.052691
2020-11-17,152.929993,133.146002
2020-11-18,150.639999,131.152256
2020-11-19,149.399994,130.770618
2020-11-20,147.779999,129.352628
2020-11-23,146.830002,128.521090
2020-11-24,148.210007,129.729016
2020-11-25,148.149994,129.676487
2020-11-27,148.050003,129.588964
2020-11-30,147.889999,129.448912
2020-12-01,150.039993,131.330813
2020-12-02,149.250000,130.639328
2020-12-03,149.830002,131.147007
2020-12-04,150.869995,132.057318
2020-12-07,149.720001,131.050722
2020-12-08,150.630005,131.847254
2020-12-09,152.139999,133.168959
2020-12-10,149.699997,131.033213
2020-12-11,149.110001,130.516786
2020-12-14,149.139999,130.543043
2020-12-15,150.229996,131.497124
2020-12-16,150.279999,131.540891
2020-12-17,151.610001,132.705049
2020-12-18,150.880005,132.066080
2020-12-21,149.660004,130.998206
2020-12-22,148.619995,130.087881
2020-12-23,149.449997,130.814386
2020-12-24,149.949997,131.252039
2020-12-28,151.800003,132.871359
2020-12-29,151.440002,132.556248
2020-12-30,150.529999,131.759718
2020-12-31,152.330002,133.335270
2021-01-04,150.899994,132.083576
2021-01-05,150.729996,131.934776
2021-01-06,151.259995,132.398687
2021-01-07,151.169998,132.319912
2021-01-08,152.029999,133.072676
2021-01-11,150.110001,131.392091
2021-01-12,149.380005,130.753122
2021-01-13,149.919998,131.225781
2021-01-14,147.419998,129.037517
2021-01-15,148.460007,129.947843
2021-01-19,148.750000,130.201675
2021-01-20,149.630005,130.971948
2021-01-21,148.979996,130.402992
2021-01-22,148.199997,129.720254
2021-01-25,147.529999,129.133802
2021-01-26,149.520004,130.875664
2021-01-27,146.190002,127.960895
2021-01-28,148.210007,129.729016
2021-01-29,145.440002,127.304416
2021-02-01,145.110001,127.015564
2021-02-02,147.119995,128.774923
2021-02-03,146.580002,128.302264
2021-02-04,147.220001,128.862459
2021-02-05,146.600006,128.319774
2021-02-08,149.330002,130.709354
2021-02-09,149.619995,130.963186
2021-02-10,150.000000,131.295807
2021-02-11,150.419998,131.663433
2021-02-12,151.380005,132.503733
2021-02-16,151.380005,132.503733
2021-02-17,151.289993,132.424945
2021-02-18,152.990005,134.628430
2021-02-19,148.850006,130.985306
2021-02-22,148.250000,130.457311
2021-02-23,147.979996,130.219713
2021-02-24,147.570007,129.858930
2021-02-25,147.570007,129.858930
2021-02-26,145.649994,128.169353
2021-03-01,145.190002,127.764569
2021-03-02,145.350006,127.905369
2021-03-03,144.369995,127.042977
2021-03-04,146.089996,128.556547
2021-03-05,150.380005,132.331677
2021-03-08,151.789993,133.572441
2021-03-09,150.559998,132.490068
2021-03-10,152.649994,134.329226
2021-03-11,151.899994,133.669240
2021-03-12,152.440002,134.144437
2021-03-15,153.320007,134.918826
2021-03-16,153.490005,135.068421
2021-03-17,154.559998,136.009995
2021-03-18,156.070007,137.338776
2021-03-19,154.699997,136.133192
2021-03-22,156.380005,137.611568
2021-03-23,156.919998,138.086752
2021-03-24,157.259995,138.385944
2021-03-25,157.039993,138.192346
2021-03-26,159.270004,140.154715
2021-03-29,161.130005,141.791482
2021-03-30,158.860001,139.793920
2021-03-31,158.160004,139.177935
2021-04-01,158.759995,139.705916
2021-04-05,159.350006,140.225115
2021-04-06,160.759995,141.465880
2021-04-07,160.570007,141.298694
2021-04-08,160.110001,140.893897
2021-04-09,159.500000,140.357107
2021-04-12,159.600006,140.445111
2021-04-13,158.820007,139.758726
2021-04-14,158.190002,139.204333
2021-04-15,160.899994,141.589077
2021-04-16,160.990005,141.668285
2021-04-19,160.979996,141.659477
2021-04-20,162.190002,142.724260
2021-04-21,162.940002,143.384247
2021-04-22,162.240005,142.768262
2021-04-23,161.429993,142.055466
2021-04-26,159.029999,139.943515
2021-04-27,158.710007,139.661928
2021-04-28,158.860001,139.793920
2021-04-29,164.220001,144.510623
2021-04-30,164.300003,144.581023
2021-05-03,166.740005,146.728180
2021-05-04,166.910004,146.877776
2021-05-05,168.360001,148.153747
2021-05-06,168.630005,148.391346
2021-05-07,168.490005,148.268149
2021-05-10,170.309998,149.869709
2021-05-11,168.919998,148.646535
2021-05-12,167.600006,147.484966
2021-05-13,171.600006,151.004893
2021-05-14,171.110001,150.573698
2021-05-17,172.490005,151.788076
2021-05-18,172.789993,152.052060
2021-05-19,172.279999,151.603275
2021-05-20,173.089996,153.030222
2021-05-21,173.759995,153.622573
2021-05-24,174.100006,153.923180
2021-05-25,174.720001,154.471322
2021-05-26,174.300003,154.099999
2021-05-27,173.449997,153.348502
2021-05-28,173.050003,152.994864
2021-06-01,172.649994,152.641213
2021-06-02,173.539993,153.428068
2021-06-03,174.539993,154.312176
2021-06-04,174.899994,154.630455
2021-06-07,173.990005,153.825927
2021-06-08,173.580002,153.463440
2021-06-09,172.860001,152.826882
2021-06-10,174.380005,154.170729
2021-06-11,174.800003,154.542053
2021-06-14,174.669998,154.427114
2021-06-15,174.850006,154.586261
2021-06-16,172.669998,152.658899
2021-06-17,173.509995,153.401546
2021-06-18,170.490005,150.731550
2021-06-21,172.240005,152.278738
2021-06-22,172.270004,152.305261
2021-06-23,170.369995,150.625448
2021-06-24,172.389999,152.411349
2021-06-25,175.119995,154.824960
2021-06-28,174.539993,154.312176
2021-06-29,172.000000,152.066548
2021-06-30,174.179993,153.993897
2021-07-01,173.699997,153.569529
2021-07-02,174.000000,153.834764
2021-07-06,175.100006,154.807288
2021-07-07,176.570007,156.106927
2021-07-08,175.789993,155.417311
2021-07-09,176.750000,156.266060
2021-07-12,176.820007,156.327954
2021-07-13,175.929993,155.541086
2021-07-14,177.570007,156.991035
2021-07-15,179.490005,158.688520
2021-07-16,179.990005,159.130574
2021-07-19,179.429993,158.635463
2021-07-20,180.279999,159.386960
2021-07-21,178.020004,157.388881
2021-07-22,176.910004,156.407521
2021-07-23,179.259995,158.485166
2021-07-26,178.000000,157.371195
2021-07-27,179.240005,158.467493
2021-07-28,176.500000,156.045033
2021-07-29,178.520004,157.830935
2021-07-30,178.880005,158.149214
2021-08-02,178.410004,157.733683
2021-08-03,179.850006,159.006800
2021-08-04,178.160004,157.512656
2021-08-05,178.750000,158.034276
2021-08-06,178.589996,157.892815
2021-08-09,178.470001,157.786727
2021-08-10,178.960007,158.219945
2021-08-11,178.669998,157.963546
2021-08-12,177.639999,157.052915
2021-08-13,179.399994,158.608941
2021-08-16,181.160004,160.164979
2021-08-17,182.130005,161.022565
2021-08-18,179.509995,158.706193
2021-08-19,180.250000,160.164338
2021-08-20,180.029999,159.968852
2021-08-23,178.750000,158.831486
2021-08-24,176.139999,156.512323
2021-08-25,175.600006,156.032503
2021-08-26,175.110001,155.597100
2021-08-27,175.630005,156.059159
2021-08-30,176.529999,156.858865
2021-08-31,177.699997,157.898487
2021-09-01,178.220001,158.360546
2021-09-02,178.220001,158.360546
2021-09-03,177.990005,158.156179
2021-09-07,173.729996,154.370872
2021-09-08,176.630005,156.947727
2021-09-09,175.399994,155.854779
2021-09-10,175.059998,155.552669
2021-09-13,175.479996,155.925866
2021-09-14,174.550003,155.099504
2021-09-15,175.080002,155.570444
2021-09-16,175.559998,155.996953
2021-09-17,175.070007,155.561563
2021-09-20,173.429993,154.104299
2021-09-21,171.779999,152.638168
2021-09-22,172.389999,153.180194
2021-09-23,173.070007,153.784427
2021-09-24,174.039993,154.646326
2021-09-27,170.899994,151.856224
2021-09-28,168.679993,149.883602
2021-09-29,171.899994,152.744792
2021-09-30,169.250000,150.390092
2021-10-01,170.779999,151.749600
2021-10-04,171.559998,152.442682
2021-10-05,174.470001,155.028417
2021-10-06,178.550003,158.653775
2021-10-07,178.050003,158.209491
2021-10-08,177.750000,157.942918
2021-10-11,178.210007,158.351666
2021-10-12,179.500000,159.497912
2021-10-13,180.149994,160.075475
2021-10-14,182.210007,161.905937
2021-10-15,179.610001,159.595655
2021-10-18,178.729996,158.813711
2021-10-19,179.699997,159.675623
2021-10-20,180.190002,160.111025
2021-10-21,180.300003,160.208769
2021-10-22,182.100006,161.808193
2021-10-25,180.229996,160.146563
2021-10-26,181.710007,161.461653
2021-10-27,179.509995,159.506793
2021-10-28,179.399994,159.409050
2021-10-29,175.350006,155.810361
2021-11-01,174.679993,155.215009
2021-11-02,175.500000,155.943641
2021-11-03,176.559998,156.885521
2021-11-04,175.369995,155.828123
2021-11-05,175.389999,155.845897
2021-11-08,174.740005,155.268334
2021-11-09,176.179993,156.547861
2021-11-10,179.559998,159.551224
2021-11-11,178.350006,158.476064
2021-11-12,177.690002,157.889606
2021-11-15,177.470001,157.694120
2021-11-16,177.720001,157.916262
2021-11-17,179.300003,159.320201
2021-11-18,180.110001,160.848217
2021-11-19,179.330002,160.151635
2021-11-22,181.149994,161.776988
2021-11-23,182.210007,162.723639
2021-11-24,180.970001,161.616245
2021-11-26,177.919998,158.892423
2021-11-29,179.160004,159.999817
2021-11-30,177.490005,158.508415
2021-12-01,175.509995,156.740157
2021-12-02,176.690002,157.793968
2021-12-03,179.610001,160.401689
2021-12-06,180.699997,161.375116
2021-12-07,182.000000,162.536091
2021-12-08,183.220001,163.625619
2021-12-09,183.500000,163.875674
2021-12-10,186.509995,166.563766
2021-12-13,188.649994,168.474904
2021-12-14,187.690002,167.617578
2021-12-15,189.770004,169.475135
2021-12-16,192.130005,171.582747
2021-12-17,187.619995,167.555058
2021-12-20,187.789993,167.706876
2021-12-21,187.330002,167.296078
2021-12-22,188.869995,168.671377
2021-12-23,188.460007,168.305235
2021-12-27,189.880005,169.573372
2021-12-28,190.970001,170.546799
2021-12-29,191.820007,171.305902
2021-12-30,191.270004,170.814718
2021-12-31,193.470001,172.779438
2022-01-03,193.210007,172.547249
2022-01-04,194.860001,174.020785
2022-01-05,197.000000,175.931923
2022-01-06,196.570007,175.547915
2022-01-07,195.850006,174.904914
2022-01-10,194.639999,173.824311
2022-01-11,194.029999,173.279547
2022-01-12,195.839996,174.895975
2022-01-13,196.740005,175.699733
2022-01-14,199.529999,178.191352
2022-01-18,198.320007,177.110762
2022-01-19,199.639999,178.289588
2022-01-20,199.160004,177.860926
2022-01-21,200.350006,178.923664
2022-01-24,199.919998,178.539643
2022-01-25,194.770004,173.940412
2022-01-26,194.130005,173.368858
2022-01-27,194.369995,173.583182
2022-01-28,196.830002,175.780105
2022-01-31,197.070007,175.994443
2022-02-01,195.729996,174.797739
2022-02-02,198.539993,177.307222
2022-02-03,203.919998,182.111864
2022-02-04,202.779999,181.093782
2022-02-07,204.710007,182.817386
2022-02-08,207.000000,184.862477
2022-02-09,203.639999,181.861810
2022-02-10,203.419998,181.665337
2022-02-11,205.190002,183.246048
2022-02-14,203.350006,181.602830
2022-02-15,202.880005,181.183093
2022-02-16,202.649994,180.977680
2022-02-17,202.029999,181.229754
2022-02-18,202.589996,181.732096
2022-02-22,202.029999,181.229754
2022-02-23,202.570007,181.714165
2022-02-24,196.809998,176.547185
2022-02-25,204.320007,183.283992
2022-02-28,202.259995,181.436071
2022-03-01,204.860001,183.768390
2022-03-02,208.029999,186.612017
2022-03-03,208.139999,186.710692
2022-03-04,212.820007,190.908864
2022-03-07,213.380005,191.411207
2022-03-08,204.009995,183.005897
2022-03-09,204.880005,183.786334
2022-03-10,205.139999,184.019560
2022-03-11,204.690002,183.615893
2022-03-14,206.710007,185.427926
2022-03-15,208.820007,187.320689
2022-03-16,205.699997,184.521903
2022-03-17,206.710007,185.427926
2022-03-18,206.729996,185.445857
2022-03-21,208.360001,186.908043
2022-03-22,208.300003,186.854222
2022-03-23,207.759995,186.369811
2022-03-24,211.240005,189.491533
2022-03-25,214.369995,192.299271
2022-03-28,214.649994,192.550442
2022-03-29,214.740005,192.631186
2022-03-30,216.649994,194.344530
2022-03-31,216.630005,194.326599
2022-04-01,218.770004,196.246272
2022-04-04,216.520004,194.227923
2022-04-05,218.410004,195.923336
2022-04-06,221.750000,198.919458
2022-04-07,222.710007,199.780627
2022-04-08,223.720001,200.686636
2022-04-11,223.929993,200.875008
2022-04-12,226.020004,202.749839
2022-04-13,225.580002,202.355138
2022-04-14,225.979996,202.713950
2022-04-18,224.410004,201.305599
2022-04-19,226.979996,203.610994
2022-04-20,229.679993,206.033009
2022-04-21,228.789993,205.234640
2022-04-22,224.139999,201.063392
2022-04-25,224.979996,201.816906
2022-04-26,220.130005,197.466252
2022-04-27,222.240005,199.359014
2022-04-28,227.979996,204.508038
2022-04-29,225.770004,202.525578
2022-05-02,217.529999,195.133933
2022-05-03,220.070007,197.412431
2022-05-04,225.330002,202.130877
2022-05-05,223.839996,200.794276
2022-05-06,226.050003,202.776749
2022-05-09,223.199997,200.220169
2022-05-10,223.149994,200.175314
2022-05-11,224.630005,201.502949
2022-05-12,222.529999,199.619152
2022-05-13,225.910004,202.651164
2022-05-16,229.320007,205.710086
2022-05-17,225.410004,202.202642
2022-05-18,207.690002,186.307025
2022-05-19,205.119995,184.803329
2022-05-20,206.979996,186.479101
2022-05-23,209.250000,188.524266
2022-05-24,213.449997,192.308263
2022-05-25,211.429993,190.488336
2022-05-26,209.539993,188.785536
2022-05-27,212.610001,191.551467
2022-05-31,211.710007,190.740615
2022-06-01,209.690002,188.920687
2022-06-02,209.229996,188.506244
2022-06-03,209.179993,188.461194
2022-06-06,211.410004,190.470327
2022-06-07,211.770004,190.794670
2022-06-08,210.550003,189.695507
2022-06-09,209.449997,188.704454
2022-06-10,213.350006,192.218176
2022-06-13,210.059998,189.254036
2022-06-14,206.789993,186.307918
2022-06-15,206.190002,185.767354
2022-06-16,202.259995,182.226605
2022-06-17,206.029999,185.623199
2022-06-21,215.070007,193.767815
2022-06-22,214.899994,193.614642
2022-06-23,218.110001,196.506705
2022-06-24,220.960007,199.074424
2022-06-27,220.960007,199.074424
2022-06-28,218.419998,196.785997
2022-06-29,218.910004,197.227469
2022-06-30,215.160004,193.848898
2022-07-01,221.000000,199.110456
2022-07-05,218.339996,196.713919
2022-07-06,220.639999,198.786112
2022-07-07,219.929993,198.146431
2022-07-08,219.789993,198.020297
2022-07-11,220.500000,198.659980
2022-07-12,220.130005,198.326632
2022-07-13,219.779999,198.011293
2022-07-14,217.869995,196.290471
2022-07-15,216.800003,195.326459
2022-07-18,215.059998,193.758797
2022-07-19,216.110001,194.704800
2022-07-20,215.380005,194.047109
2022-07-21,215.910004,194.524612
2022-07-22,215.919998,194.533616
2022-07-25,216.860001,195.380514
2022-07-26,218.009995,196.416604
2022-07-27,218.229996,196.614814
2022-07-28,224.270004,202.056573
2022-07-29,227.960007,205.381090
2022-08-01,229.779999,207.020816
2022-08-02,229.160004,206.462230
2022-08-03,228.119995,205.525232
2022-08-04,225.240005,202.930498
2022-08-05,227.110001,204.615275
2022-08-08,226.339996,203.921538
2022-08-09,228.289993,205.678392
2022-08-10,226.460007,204.029662
2022-08-11,225.179993,202.876430
2022-08-12,225.759995,203.398984
2022-08-15,230.320007,207.507338
2022-08-16,230.720001,207.867713
2022-08-17,230.479996,207.651480
2022-08-18,230.649994,208.742933
2022-08-19,233.179993,211.032633
2022-08-22,231.419998,209.439802
2022-08-23,232.559998,210.471525
2022-08-24,233.380005,211.213648
2022-08-25,233.360001,211.195544
2022-08-26,228.669998,206.950996
2022-08-29,227.889999,206.245081
2022-08-30,226.210007,204.724654
2022-08-31,224.669998,203.330915
2022-09-01,227.559998,205.946423
2022-09-02,224.050003,202.769807
2022-09-06,222.750000,201.593278
2022-09-07,228.250000,206.570889
2022-09-08,225.479996,204.063979
2022-09-09,226.250000,204.760849
2022-09-12,227.179993,205.602511
2022-09-13,222.899994,201.729025
2022-09-14,221.750000,200.688257
2022-09-15,219.619995,198.760559
2022-09-16,219.889999,199.004919
2022-09-19,222.869995,201.701875
2022-09-20,222.470001,201.339873
2022-09-21,223.410004,202.190595
2022-09-22,225.520004,204.100187
2022-09-23,223.940002,202.670254
2022-09-26,223.779999,202.525448
2022-09-27,221.429993,200.398644
2022-09-28,226.300003,204.806102
2022-09-29,223.800003,202.543552
2022-09-30,220.470001,199.529832
2022-10-03,224.559998,203.231363
2022-10-04,225.669998,204.235935
2022-10-05,225.089996,203.711021
2022-10-06,220.649994,199.692729
2022-10-07,220.520004,199.575086
2022-10-10,223.550003,202.317297
2022-10-11,225.460007,204.045889
2022-10-12,224.529999,203.204213
2022-10-13,227.800003,206.163633
2022-10-14,222.710007,201.557083
2022-10-17,225.720001,204.281189
2022-10-18,227.309998,205.720168
2022-10-19,226.259995,204.769894
2022-10-20,224.740005,203.394273
2022-10-21,228.220001,206.543740
2022-10-24,231.960007,209.928521
2022-10-25,234.119995,211.883354
2022-10-26,232.789993,210.679675
2022-10-27,234.429993,212.163909
2022-10-28,239.960007,217.168684
2022-10-31,238.770004,216.091707
2022-11-01,237.759995,215.177628
2022-11-02,235.110001,212.779330
2022-11-03,232.089996,210.046164
2022-11-04,229.029999,207.276804
2022-11-07,229.300003,207.521163
2022-11-08,231.070007,209.123053
2022-11-09,230.720001,208.806290
2022-11-10,226.300003,204.806102
2022-11-11,218.880005,198.090853
2022-11-14,218.119995,197.403029
2022-11-15,217.309998,196.669965
2022-11-16,223.149994,201.955280
2022-11-17,221.619995,201.506116
2022-11-18,225.210007,204.770304
2022-11-21,232.130005,211.062254
2022-11-22,232.190002,211.116806
2022-11-23,232.169998,211.098617
2022-11-25,233.759995,212.544309
2022-11-28,232.630005,211.516875
2022-11-29,230.490005,209.571098
2022-11-30,235.169998,213.826342
2022-12-01,231.880005,210.834944
2022-12-02,234.729996,213.426274
2022-12-05,233.250000,212.080600
2022-12-06,232.559998,211.453221
2022-12-07,236.690002,215.208393
2022-12-08,241.309998,219.409085
2022-12-09,236.770004,215.281134
2022-12-12,239.289993,217.572413
2022-12-13,236.330002,214.881066
2022-12-14,236.009995,214.590102
2022-12-15,234.139999,212.889824
2022-12-16,235.000000,213.671773
2022-12-19,234.889999,213.571755
2022-12-20,233.649994,212.444291
2022-12-21,234.979996,213.653584
2022-12-22,234.929993,213.608120
2022-12-23,235.880005,214.471910
2022-12-27,235.729996,214.335515
2022-12-28,232.869995,211.735084
2022-12-29,233.250000,212.080600
2022-12-30,231.570007,210.553081
2023-01-03,226.929993,206.334187
2023-01-04,223.270004,203.006373
2023-01-05,223.080002,202.833615
2023-01-06,225.649994,205.170358
2023-01-09,225.389999,204.933960
2023-01-10,224.779999,204.379323
2023-01-11,226.589996,206.025047
2023-01-12,224.190002,203.842873
2023-01-13,226.610001,206.043237
2023-01-17,226.160004,205.634081
2023-01-18,216.770004,197.096302
2023-01-19,216.119995,196.505287
2023-01-20,214.520004,195.050509
2023-01-23,217.039993,197.341788
2023-01-24,220.289993,200.296823
2023-01-25,220.990005,200.933303
2023-01-26,220.009995,200.042237
2023-01-27,218.759995,198.905685
2023-01-30,223.190002,202.933631
2023-01-31,224.600006,204.215666
2023-02-01,225.300003,204.852132
2023-02-02,234.419998,213.144411
2023-02-03,236.279999,214.835601
2023-02-06,240.529999,218.699878
2023-02-07,237.110001,215.590273
2023-02-08,234.839996,213.526290
2023-02-09,235.149994,213.808154
2023-02-10,239.100006,217.399669
2023-02-13,239.910004,218.136153
2023-02-14,238.899994,217.217810
2023-02-15,237.470001,215.917600
2023-02-16,235.220001,214.808944
2023-02-17,240.690002,219.804290
2023-02-21,240.899994,219.996060
2023-02-22,239.860001,219.046312
2023-02-23,240.470001,219.603379
2023-02-24,239.020004,218.279205
2023-02-27,239.220001,218.461847
2023-02-28,238.320007,217.639950
2023-03-01,236.649994,216.114851
2023-03-02,238.399994,217.712996
2023-03-03,238.399994,217.712996
2023-03-06,239.880005,219.064580
2023-03-07,238.350006,217.667345
2023-03-08,238.979996,218.242668
2023-03-09,238.619995,217.913906
2023-03-10,237.740005,217.110277
2023-03-13,240.570007,219.694707
2023-03-14,242.000000,221.000614
2023-03-15,244.419998,223.210618
2023-03-16,245.000000,223.740291
2023-03-17,243.149994,222.050818
2023-03-20,244.539993,223.320200
2023-03-21,243.190002,222.087354
2023-03-22,242.740005,221.676405
2023-03-23,243.979996,222.808797
2023-03-24,247.860001,226.352117
2023-03-27,250.899994,229.128317
2023-03-28,252.899994,230.954768
2023-03-29,252.600006,230.680811
2023-03-30,253.289993,231.310925
2023-03-31,254.410004,232.333748
2023-04-03,257.160004,234.845119
2023-04-04,258.070007,235.676157
2023-04-05,259.429993,236.918131
2023-04-06,259.869995,237.319952
2023-04-10,258.750000,236.297144
2023-04-11,259.140015,236.653315
2023-04-12,258.609985,236.169278
2023-04-13,258.000000,235.612224
2023-04-14,256.279999,234.041475
2023-04-17,259.029999,236.552846
2023-04-18,259.600006,237.073391
2023-04-19,257.299988,234.972955
2023-04-20,260.420013,237.822242
2023-04-21,260.850006,238.214923
2023-04-24,261.000000,238.351901
2023-04-25,262.980011,240.160098
2023-04-26,261.750000,239.036821
2023-04-27,273.329987,249.611962
2023-04-28,273.059998,249.365401
2023-05-01,276.350006,252.369921
2023-05-02,274.299988,250.497792
2023-05-03,274.209991,250.415604
2023-05-04,274.640015,250.808313
2023-05-05,275.329987,251.438414
2023-05-08,274.769989,250.927009
2023-05-09,274.079987,250.296881
2023-05-10,274.119995,250.333418
2023-05-11,274.779999,250.936150
2023-05-12,274.579987,250.753494
2023-05-15,270.459991,246.991008
2023-05-16,269.230011,245.867759
2023-05-17,267.500000,244.287868
2023-05-18,266.839996,244.632573
2023-05-19,266.040009,243.899163
2023-05-22,262.880005,241.002147
2023-05-23,262.420013,240.580437
2023-05-24,262.470001,240.626265
2023-05-25,260.380005,238.710206
2023-05-26,257.720001,236.271578
2023-05-30,256.369995,235.033924
2023-05-31,259.700012,238.086805
2023-06-01,259.660004,238.050126
2023-06-02,260.910004,239.196097
2023-06-05,259.480011,237.885113
2023-06-06,255.289993,234.043804
2023-06-07,253.199997,232.127745
2023-06-08,255.119995,233.887954
2023-06-09,255.820007,234.529708
2023-06-12,255.190002,233.952135
2023-06-13,257.730011,236.280755
2023-06-14,260.589996,238.902721
2023-06-15,260.859985,239.150240
2023-06-16,260.720001,239.021906
2023-06-20,258.459991,236.949983
2023-06-21,258.890015,237.344219
2023-06-22,260.309998,238.646025
2023-06-23,259.089996,237.527557
2023-06-26,259.529999,237.930941
2023-06-27,259.910004,238.279320
2023-06-28,249.589996,228.818182
2023-06-29,248.679993,227.983913
2023-06-30,249.699997,228.919028
2023-07-03,251.729996,230.780083
2023-07-05,248.809998,228.103098
2023-07-06,247.759995,227.140481
2023-07-07,242.979996,222.758291
2023-07-10,241.910004,221.777348
2023-07-11,241.220001,221.144769
2023-07-12,238.800003,218.926173
2023-07-13,238.479996,218.632798
2023-07-14,238.869995,218.990340
2023-07-17,239.449997,219.522072
2023-07-18,239.839996,219.879614
2023-07-19,242.660004,222.464930
2023-07-20,245.619995,225.178579
2023-07-21,246.639999,226.113695
2023-07-24,245.820007,225.361946
2023-07-25,244.000000,223.693407
2023-07-26,240.440002,220.429685
2023-07-27,233.559998,214.122261
2023-07-28,235.639999,216.029156
2023-07-31,231.309998,212.059514
2023-08-01,230.589996,211.399433
2023-08-02,233.190002,213.783057
2023-08-03,231.029999,211.802818
2023-08-04,228.229996,209.235841
2023-08-07,228.880005,209.831754
2023-08-08,224.300003,205.632917
2023-08-09,225.649994,206.870557
2023-08-10,223.789993,205.165352
2023-08-11,223.570007,204.963674
2023-08-14,224.360001,205.687922
2023-08-15,220.710007,202.341694
2023-08-16,219.490005,201.223225
2023-08-17,217.520004,200.506078
2023-08-18,218.779999,201.667519
2023-08-21,216.289993,199.372275
2023-08-22,213.850006,197.123139
2023-08-23,215.320007,198.478159
2023-08-24,213.880005,197.150791
2023-08-25,217.309998,200.312498
2023-08-28,218.009995,200.957743
2023-08-29,217.690002,200.662779
2023-08-30,217.309998,200.312498
2023-08-31,214.860001,198.054134
2023-09-01,213.850006,197.123139
2023-09-05,212.100006,195.510020
2023-09-06,210.389999,193.933766
2023-09-07,208.990005,192.643276
2023-09-08,209.029999,192.680142
2023-09-11,212.029999,195.445488
2023-09-12,207.589996,191.352772
2023-09-13,209.710007,193.306961
2023-09-14,211.789993,195.224255
2023-09-15,212.360001,195.749678
2023-09-18,212.460007,195.841862
2023-09-19,209.070007,192.717020
2023-09-20,211.330002,194.800244
2023-09-21,208.149994,191.868969
2023-09-22,207.940002,191.675402
2023-09-25,205.970001,189.859490
2023-09-26,205.199997,189.149714
2023-09-27,202.559998,186.716210
2023-09-28,201.839996,186.052525
2023-09-29,200.080002,184.430193
2023-10-02,199.009995,183.443880
2023-10-03,197.179993,181.757017
2023-10-04,198.919998,183.360922
2023-10-05,195.509995,180.217642
2023-10-06,195.039993,179.784403
2023-10-09,195.720001,180.411222
2023-10-10,194.339996,179.139158
2023-10-11,191.770004,176.770185
2023-10-12,187.649994,172.972433
2023-10-13,190.860001,175.931360
2023-10-16,191.830002,176.825490
2023-10-17,190.770004,175.848403
2023-10-18,191.199997,176.244762
2023-10-19,191.580002,176.595044
2023-10-20,190.940002,176.005104
2023-10-23,189.199997,174.401198
2023-10-24,190.289993,175.405937
2023-10-25,194.470001,179.258994
2023-10-26,189.050003,174.262936
2023-10-27,184.110001,169.709330
2023-10-30,185.979996,171.433058
2023-10-31,187.350006,172.695909
2023-11-01,187.850006,173.156800
2023-11-02,189.550003,174.723827
2023-11-03,187.990005,173.285849
2023-11-06,187.660004,172.981660
2023-11-07,187.490005,172.824958
2023-11-08,189.020004,174.235284
2023-11-09,188.619995,173.866562
2023-11-10,191.479996,176.502861
2023-11-13,194.699997,179.471000
2023-11-14,197.839996,182.365396
2023-11-15,195.720001,180.411222
2023-11-16,195.839996,181.628006
2023-11-17,196.000000,181.776399
2023-11-20,193.070007,179.059034
2023-11-21,190.589996,176.758995
2023-11-22,191.610001,177.704979
2023-11-24,191.679993,177.769892
2023-11-27,188.399994,174.727921
2023-11-28,188.990005,175.275115
2023-11-29,185.720001,172.242413
2023-11-30,187.919998,174.282758
2023-12-01,190.979996,177.120693
2023-12-04,190.619995,176.786817
2023-12-05,187.929993,174.292027
2023-12-06,189.199997,175.469868
2023-12-07,189.059998,175.340029
2023-12-08,185.740005,172.260965
2023-12-11,186.279999,172.761772
2023-12-12,184.690002,171.287160
2023-12-13,188.789993,175.089618
2023-12-14,186.210007,172.696860
2023-12-15,181.710007,168.523422
2023-12-18,182.259995,169.033498
2023-12-19,182.550003,169.302460
2023-12-20,179.520004,166.492346
2023-12-21,181.000000,167.864940
2023-12-22,182.520004,169.274638
2023-12-26,183.399994,170.090768
2023-12-27,183.919998,170.573035
2023-12-28,184.110001,170.749250
2023-12-29,186.440002,172.910164
2024-01-02,192.029999,178.094498
2024-01-03,191.839996,177.918284
2024-01-04,190.500000,176.675530
2024-01-05,187.639999,174.023078
2024-01-08,191.449997,177.556587
2024-01-09,193.089996,179.077572
2024-01-10,189.639999,175.877939
2024-01-11,190.410004,176.592065
2024-01-12,190.639999,176.805370
2024-01-16,191.529999,177.630783
2024-01-17,191.539993,177.640052
2024-01-18,191.470001,177.575139
2024-01-19,190.460007,176.638440
2024-01-22,188.259995,174.598081
2024-01-23,192.029999,178.094498
2024-01-24,189.309998,175.571886
2024-01-25,189.360001,175.618260
2024-01-26,190.210007,176.406582
2024-01-29,192.789993,178.799340
2024-01-30,197.380005,183.056258
2024-01-31,193.539993,179.494913
2024-02-01,198.429993,184.030049
2024-02-02,197.660004,183.315937
2024-02-05,196.389999,182.138096
2024-02-06,194.779999,180.644933
2024-02-07,194.259995,180.162665
2024-02-08,202.309998,187.628484
2024-02-09,195.449997,181.266309
2024-02-12,193.720001,179.661858
2024-02-13,194.839996,180.700576
2024-02-14,191.250000,177.371103
2024-02-15,192.580002,178.604588
2024-02-16,191.160004,178.557886
2024-02-20,193.570007,180.809011
2024-02-21,192.490005,179.800207
2024-02-22,193.539993,180.780976
2024-02-23,193.830002,181.051866
2024-02-26,188.610001,176.175991
2024-02-27,187.169998,174.830919
2024-02-28,186.210007,173.934215
2024-02-29,187.919998,175.531476
2024-03-01,188.050003,175.652910
2024-03-04,184.000000,171.869901
2024-03-05,187.559998,175.195208
2024-03-06,192.830002,180.117790
2024-03-07,192.520004,179.828229
2024-03-08,194.559998,181.733737
2024-03-11,199.020004,185.899720
2024-03-12,196.470001,183.517824
2024-03-13,195.889999,182.976059
2024-03-14,195.059998,182.200775
2024-03-15,193.539993,180.780976
2024-03-18,197.050003,184.059590
2024-03-19,202.220001,188.888759
2024-03-20,198.029999,184.974980
2024-03-21,199.309998,186.170596
2024-03-22,197.990005,184.937623
2024-03-25,192.259995,179.585361
2024-03-26,190.899994,178.315017
2024-03-27,193.710007,180.939782
2024-03-28,194.500000,181.677695
2024-04-01,198.270004,185.199163
2024-04-02,200.550003,187.328855
2024-04-03,194.869995,182.023298
2024-04-04,195.949997,183.032101
2024-04-05,193.740005,180.967802
2024-04-08,194.190002,181.388133
2024-04-09,194.580002,181.752423
2024-04-10,192.029999,179.370527
2024-04-11,189.500000,177.007317
2024-04-12,185.800003,173.551240
2024-04-15,182.570007,170.534180
2024-04-16,183.309998,171.225387
2024-04-17,182.449997,170.422081
2024-04-18,184.860001,172.673207
2024-04-19,185.020004,172.822662
2024-04-22,186.330002,174.046299
2024-04-23,187.080002,174.746856
2024-04-24,188.139999,175.736973
2024-04-25,187.149994,174.812234
2024-04-26,186.160004,173.887508
2024-04-29,192.470001,179.781522
2024-04-30,193.919998,181.135929
2024-05-01,193.699997,180.930431
2024-05-02,195.880005,182.966724
2024-05-03,197.919998,184.872231
2024-05-06,196.490005,183.536510
2024-05-07,198.160004,185.096415
2024-05-08,199.960007,186.777754
2024-05-09,200.089996,186.899173
2024-05-10,204.779999,191.279990
2024-05-13,209.509995,195.698164
2024-05-14,208.889999,195.119041
2024-05-15,205.410004,191.868463
2024-05-16,208.169998,195.752091
2024-05-17,207.039993,194.689494
2024-05-20,208.089996,195.676862
2024-05-21,207.350006,194.981014
2024-05-22,205.570007,193.307197
2024-05-23,201.039993,189.047410
2024-05-24,197.000000,185.248414
2024-05-28,197.610001,185.822027
2024-05-29,193.550003,182.004219
2024-05-30,193.130005,181.609275
2024-05-31,197.830002,186.028904
2024-06-03,196.419998,184.703011
2024-06-04,200.070007,188.135287
2024-06-05,198.360001,186.527287
2024-06-06,197.320007,185.549332
2024-06-07,196.059998,184.364486
2024-06-10,191.119995,179.719167
2024-06-11,190.610001,179.239596
2024-06-12,187.220001,176.051819
2024-06-13,185.589996,174.519048
2024-06-14,186.979996,175.826131
2024-06-17,183.050003,172.130572
2024-06-18,182.729996,171.829655
2024-06-20,182.000000,171.143205
2024-06-21,182.089996,171.227832
2024-06-24,187.300003,176.127048
2024-06-25,185.919998,174.829364
2024-06-26,183.050003,172.130572
2024-06-27,183.679993,172.722982
2024-06-28,183.830002,172.864042
2024-07-01,182.449997,171.566358
2024-07-02,184.649994,173.635120
2024-07-03,183.750000,172.788813
2024-07-05,184.149994,173.164946
2024-07-08,184.759995,173.738559
2024-07-09,182.750000,171.848465
2024-07-10,185.679993,174.603676
2024-07-11,186.789993,175.647462
2024-07-12,188.940002,177.669217
2024-07-15,188.919998,177.650406
2024-07-16,189.970001,178.637774
2024-07-17,194.000000,182.427372
2024-07-18,193.339996,181.806739
2024-07-19,191.149994,179.747377
2024-07-22,191.289993,179.879025
2024-07-23,189.940002,178.609564
2024-07-24,192.100006,180.640718
2024-07-25,192.669998,181.176708
2024-07-26,193.529999,181.985408
2024-07-29,192.559998,181.073270
2024-07-30,193.970001,182.399163
2024-07-31,197.479996,185.699777
2024-08-01,199.619995,187.712119
2024-08-02,199.080002,187.204338
2024-08-05,196.020004,184.326877
2024-08-06,199.389999,187.495843
2024-08-07,199.820007,187.900200
2024-08-08,202.100006,190.044191
2024-08-09,201.500000,189.479977
2024-08-12,198.669998,186.818792
2024-08-13,199.460007,187.561675
2024-08-14,200.610001,188.643069
2024-08-15,196.660004,184.928700
2024-08-16,193.490005,183.224201
2024-08-19,197.169998,186.708949
2024-08-20,197.910004,187.409693
2024-08-21,197.470001,186.993035
2024-08-22,195.559998,185.184369
2024-08-23,196.330002,185.913520
2024-08-26,196.410004,185.989277
2024-08-27,191.130005,180.989414
2024-08-28,191.589996,181.424999
2024-08-29,191.699997,181.529164
2024-08-30,193.059998,182.817009
2024-09-03,197.339996,186.869927
2024-09-04,198.690002,188.148307
2024-09-05,198.100006,187.589614
2024-09-06,199.800003,189.199416
2024-09-09,203.250000,192.466370
2024-09-10,202.830002,192.068656
2024-09-11,198.619995,188.082015
2024-09-12,198.460007,187.930515
2024-09-13,200.830002,190.174768
2024-09-16,200.809998,190.155825
2024-09-17,199.279999,188.707002
2024-09-18,197.630005,187.144550
2024-09-19,195.520004,185.146497
2024-09-20,195.429993,185.061261
2024-09-23,195.139999,184.786653
2024-09-24,193.339996,183.082151
2024-09-25,191.000000,180.866306
2024-09-26,190.520004,180.411777
2024-09-27,193.360001,183.101095
2024-09-30,191.779999,181.604922
2024-10-01,191.809998,181.633329
2024-10-02,193.410004,183.148445
2024-10-03,190.990005,180.856841
2024-10-04,191.839996,181.661735
2024-10-07,187.529999,177.580409
2024-10-08,187.580002,177.627760
2024-10-09,186.970001,177.050123
2024-10-10,187.570007,177.618295
2024-10-11,185.979996,176.112643
2024-10-14,186.000000,176.131586
2024-10-15,184.330002,174.550191
2024-10-16,184.809998,175.004721
2024-10-17,183.899994,174.142998
2024-10-18,185.679993,175.828557
2024-10-21,184.669998,174.872149
2024-10-22,183.470001,173.735819
2024-10-23,181.979996,172.324867
2024-10-24,182.199997,172.533196
2024-10-25,181.259995,171.643067
2024-10-28,182.850006,173.148718
2024-10-29,180.020004,170.468865
2024-10-30,177.500000,168.082562
2024-10-31,177.580002,168.158319
2024-11-01,179.259995,169.749179
2024-11-04,179.000000,169.502978
2024-11-05,180.110001,170.554087
2024-11-06,176.820007,167.438647
2024-11-07,172.850006,163.679278
2024-11-08,175.669998,166.349653
2024-11-11,178.509995,169.038971
2024-11-12,181.500000,171.870338
2024-11-13,184.449997,174.663820
2024-11-14,178.940002,169.446163
2024-11-15,170.919998,161.851669
2024-11-18,169.990005,162.271697
2024-11-19,170.240005,162.510346
2024-11-20,174.000000,166.099620
2024-11-21,174.949997,167.006483
2024-11-22,174.809998,166.872841
2024-11-25,175.539993,167.569691
2024-11-26,173.289993,165.421851
2024-11-27,174.089996,166.185530
2024-11-29,176.130005,168.132914
2024-12-02,177.820007,169.746182
2024-12-03,179.479996,171.330800
2024-12-04,177.869995,169.793900
2024-12-05,174.500000,166.576918
2024-12-06,174.699997,166.767834
2024-12-09,193.649994,184.857417
2024-12-10,187.190002,178.690737
2024-12-11,177.000000,168.963407
2024-12-12,183.949997,175.597843
2024-12-13,183.100006,174.786445
2024-12-16,178.199997,170.108919
2024-12-17,177.630005,169.564807
2024-12-18,172.460007,164.629550
2024-12-19,168.940002,161.269369
2024-12-20,170.259995,162.529428
2024-12-23,169.000000,161.326643
2024-12-24,170.490005,162.748995
2024-12-26,170.179993,162.453059
2024-12-27,171.759995,163.961322
2024-12-30,168.669998,161.011624
2024-12-31,169.350006,161.660757
2025-01-02,168.789993,161.126171
2025-01-03,169.029999,161.355280
2025-01-06,166.740005,159.169262
2025-01-07,165.520004,158.004654
2025-01-08,162.220001,154.854486
2025-01-10,158.199997,151.017008
2025-01-13,157.279999,150.138782
2025-01-14,155.309998,148.258228
2025-01-15,151.750000,144.859870
2025-01-16,154.020004,147.026806
2025-01-17,152.869995,145.929012
2025-01-21,153.570007,146.597241
2025-01-22,151.119995,144.258470
2025-01-23,149.889999,143.084322
2025-01-24,150.710007,143.867097
2025-01-27,153.720001,146.740424
2025-01-28,149.729996,142.931583
2025-01-29,149.229996,142.454286
2025-01-30,152.139999,145.232161
2025-01-31,149.250000,142.473381
2025-02-03,147.789993,141.079665
2025-02-04,144.740005,138.168160
2025-02-05,145.919998,139.294576
2025-02-06,152.339996,145.423078
2025-02-07,154.929993,147.895477
2025-02-10,154.470001,147.456371
2025-02-11,158.259995,151.074282
2025-02-12,158.080002,150.902462
2025-02-13,160.809998,153.508504
2025-02-14,157.880005,152.006546
2025-02-18,162.990005,156.926443
2025-02-19,163.899994,157.802579
2025-02-20,166.100006,159.920746
2025-02-21,172.860001,166.429255
2025-02-24,177.839996,171.223984
2025-02-25,178.649994,172.003848
2025-02-26,171.289993,164.917655
2025-02-27,172.339996,165.928595
2025-02-28,172.710007,166.284841
2025-03-03,178.500000,171.859435
2025-03-04,176.380005,169.818308
2025-03-05,177.029999,170.444121
2025-03-06,180.009995,173.313255
2025-03-07,185.059998,178.175387
2025-03-10,186.360001,179.427027
2025-03-11,179.539993,172.860738
2025-03-12,170.940002,164.580684
2025-03-13,171.940002,165.543482
2025-03-14,170.220001,163.887468
2025-03-17,170.490005,164.147428
2025-03-18,169.419998,163.117227
2025-03-19,167.350006,161.124243
2025-03-20,164.470001,158.351380
2025-03-21,167.179993,160.960555
2025-03-24,168.009995,161.759679
2025-03-25,165.229996,159.083102
2025-03-26,168.520004,162.250715
2025-03-27,170.619995,164.272582
2025-03-28,169.860001,163.540861
2025-03-31,171.029999,164.667333
2025-04-01,169.619995,163.309784
2025-04-02,163.949997,157.850721
2025-04-03,166.830002,160.623584
2025-04-04,162.240005,156.204345
2025-04-07,162.600006,156.550953
2025-04-08,159.100006,153.181160
2025-04-09,164.160004,158.052916
2025-04-10,164.089996,157.985512
2025-04-11,165.649994,159.487475
2025-04-14,170.300003,163.964494
2025-04-15,167.949997,161.701913
2025-04-16,164.229996,158.120304
2025-04-17,166.589996,160.392507
2025-04-21,166.470001,160.276976
2025-04-22,167.440002,161.210891
2025-04-23,166.600006,160.402145
2025-04-24,163.990005,157.889241
2025-04-25,163.279999,157.205649
2025-04-28,163.059998,156.993832
2025-04-29,165.070007,158.929065
2025-04-30,167.190002,160.970192
2025-05-01,167.130005,160.912427
2025-05-02,163.350006,157.273051
2025-05-05,166.660004,160.459911
2025-05-06,170.009995,163.685275
2025-05-07,168.669998,162.395129
2025-05-08,170.119995,163.791183
2025-05-09,170.899994,164.542164
2025-05-12,167.580002,161.345683
2025-05-13,163.300003,157.224909
2025-05-14,161.720001,155.703686
2025-05-15,163.690002,157.600399
2025-05-16,158.490005,153.881762
2025-05-19,156.550003,151.998168
2025-05-20,155.699997,151.172877
2025-05-21,151.289993,146.891097
2025-05-22,153.860001,149.386380
2025-05-23,155.350006,150.833062
2025-05-27,158.229996,153.629313
2025-05-28,155.899994,151.367058
2025-05-29,161.320007,156.629480
2025-05-30,160.690002,156.017793
2025-06-02,161.449997,156.755690
2025-06-03,163.080002,158.338301
2025-06-04,161.479996,156.784817
2025-06-05,162.779999,158.047021
2025-06-06,161.750000,157.046970
2025-06-09,166.910004,162.056942
2025-06-10,168.539993,163.639538
2025-06-11,168.050003,163.163795
2025-06-12,172.119995,167.115448
2025-06-13,169.119995,164.202676
2025-06-16,170.410004,165.455177
2025-06-17,168.869995,163.959945
2025-06-18,169.720001,164.785236
2025-06-20,171.449997,166.464931
2025-06-23,173.130005,168.096091
2025-06-24,172.050003,167.047491
2025-06-25,167.539993,162.668614
2025-06-26,167.000000,162.144322
2025-06-27,166.990005,162.134617
2025-06-30,165.949997,161.124848
2025-07-01,175.809998,170.698161
2025-07-02,177.080002,171.931238
2025-07-03,176.470001,171.338974
2025-07-07,175.550003,170.445725
2025-07-08,169.929993,164.989122
2025-07-09,161.949997,157.241152
2025-07-10,164.639999,159.852940
2025-07-11,164.759995,159.969447
2025-07-14,164.910004,160.115094
2025-07-15,162.910004,158.173246
2025-07-16,164.270004,159.493703
2025-07-17,171.229996,166.251327
2025-07-18,171.289993,166.309579
2025-07-21,176.750000,171.610831
2025-07-22,181.690002,176.407198
2025-07-23,183.229996,177.902416
2025-07-24,183.899994,178.552933
2025-07-25,187.119995,181.679309
2025-07-28,184.559998,179.193746
2025-07-29,186.229996,180.815188
2025-07-30,188.830002,183.339596
2025-07-31,186.130005,180.718104
2025-08-01,189.009995,183.514356
2025-08-04,190.410004,184.873658
2025-08-05,188.940002,183.446398
2025-08-06,188.589996,183.106569
2025-08-07,187.500000,182.048265
2025-08-08,184.270004,178.912184
2025-08-11,175.419998,170.319500
2025-08-12,176.470001,171.338974
2025-08-13,180.059998,174.824588
2025-08-14,180.259995,175.018770
2025-08-15,177.990005,174.138256
2025-08-18,178.399994,174.539373
2025-08-19,180.770004,176.858095
2025-08-20,181.589996,177.660342
2025-08-21,179.360001,175.478605
2025-08-22,181.429993,177.503802
2025-08-25,180.679993,176.770032
2025-08-26,183.399994,179.431172
2025-08-27,181.660004,177.728835
2025-08-28,179.990005,176.094976
2025-08-29,183.750000,179.773603
2025-09-02,185.779999,181.759673
2025-09-03,184.690002,180.693263
2025-09-04,185.300003,181.290064
2025-09-05,185.479996,181.466162
2025-09-08,187.529999,183.471802
2025-09-09,187.690002,183.628343
2025-09-10,185.600006,181.583575
2025-09-11,185.550003,181.534654
2025-09-12,185.009995,181.006332
2025-09-15,185.559998,181.544432
2025-09-16,193.449997,189.263690
2025-09-17,191.089996,186.954760
2025-09-18,189.080002,184.988263
2025-09-19,190.179993,186.064450
2025-09-22,192.339996,188.177710
2025-09-23,190.740005,186.612343
2025-09-24,190.889999,186.759091
2025-09-25,185.259995,181.250922
2025-09-26,188.110001,184.039253
2025-09-29,184.110001,180.125814
2025-09-30,187.050003,183.002193
2025-10-01,188.830002,184.743673
2025-10-02,189.020004,184.929563
2025-10-03,195.130005,190.907342
2025-10-06,195.179993,190.956248
2025-10-07,194.389999,190.183350
2025-10-08,195.559998,191.328030
2025-10-09,192.580002,188.412522
2025-10-10,192.130005,187.972263
2025-10-13,189.199997,185.105661
2025-10-14,189.429993,185.330680
2025-10-15,191.600006,187.453733
2025-10-16,186.800003,182.757603
2025-10-17,187.740005,183.677264
2025-10-20,186.210007,182.180375
2025-10-21,186.130005,182.102104
2025-10-22,184.199997,180.213862
2025-10-23,181.580002,177.650565
2025-10-24,179.380005,175.498176
2025-10-27,181.449997,177.523373
2025-10-28,180.250000,176.349344
2025-10-29,175.279999,171.486895
2025-10-30,171.160004,167.456058
2025-10-31,169.630005,165.959169
2025-11-03,162.309998,158.797568
2025-11-04,165.949997,162.358797
2025-11-05,169.880005,166.203759
2025-11-06,167.639999,164.012227
2025-11-07,170.610001,166.917957
2025-11-10,168.910004,165.254749
2025-11-11,172.720001,168.982296
2025-11-12,178.259995,174.402403
2025-11-13,178.139999,174.285004
2025-11-14,179.199997,175.322064
2025-11-17,179.000000,176.475566
2025-11-18,182.929993,180.350134
2025-11-19,182.479996,179.906484
2025-11-20,182.660004,180.083953
2025-11-21,186.000000,183.376845
2025-11-24,185.800003,183.179669
2025-11-25,186.750000,184.116268
2025-11-26,188.199997,185.545816
2025-11-28,188.080002,185.427513
2025-12-01,185.080002,182.469822
2025-12-02,182.770004,180.192402
2025-12-03,180.630005,178.082583
2025-12-04,182.460007,179.886777
2025-12-05,182.300003,179.729029
2025-12-08,180.779999,178.230462
2025-12-09,178.779999,176.258668
2025-12-10,180.059998,177.520615
2025-12-11,181.580002,179.019182
2025-12-12,181.830002,179.265657
2025-12-15,188.110001,185.457089
2025-12-16,188.149994,185.496518
2025-12-17,188.940002,186.275384
2025-12-18,188.160004,185.506387
2025-12-19,189.259995,186.590864
2025-12-22,186.380005,183.751491
2025-12-23,182.619995,180.044508
2025-12-24,184.800003,182.193772
2025-12-26,184.199997,181.602228
2025-12-29,180.770004,178.220608
2025-12-30,182.190002,179.620579
2025-12-31,181.979996,179.413535
2026-01-02,182.410004,179.837479
2026-01-05,179.990005,177.451609
2026-01-06,179.279999,176.751616
2026-01-07,180.070007,177.530483
2026-01-08,184.750000,182.144474
2026-01-09,189.070007,186.403556
2026-01-12,193.130005,190.406296
2026-01-13,195.289993,192.535821
2026-01-14,199.119995,196.311809
2026-01-15,201.070007,198.234320
2026-01-16,197.759995,194.970989
2026-01-20,198.869995,196.065335
2026-01-21,196.070007,193.304835
2026-01-22,190.649994,187.961260
2026-01-23,191.199997,188.503507
2026-01-26,189.970001,187.290857
2026-01-27,191.630005,188.927450
2026-01-28,192.000000,189.292227
2026-01-29,190.539993,187.852811
2026-01-30,194.750000,192.003444
2026-02-02,198.009995,195.217463
2026-02-03,201.470001,198.628673
2026-02-04,205.789993,202.887740
2026-02-05,224.380005,221.215578
2026-02-06,231.529999,228.264735
2026-02-09,230.539993,227.288691
2026-02-10,229.000000,225.770417
2026-02-11,230.850006,227.594332
2026-02-12,226.259995,223.069054
2026-02-13,222.580002,219.440960
2026-02-17,219.399994,217.726135
2026-02-18,222.039993,220.345993
2026-02-19,219.910004,218.232254
2026-02-20,221.770004,220.078064
2026-02-23,226.070007,224.345261
2026-02-24,230.210007,228.453676
2026-02-25,229.639999,227.888017
2026-02-26,231.500000,229.733827
2026-02-27,236.279999,234.477358
2026-03-02,235.690002,233.891863
2026-03-03,234.160004,232.373537
2026-03-04,232.050003,230.279634
2026-03-05,226.580002,224.851365
2026-03-06,224.990005,223.273499
2026-03-09,222.779999,221.080353
2026-03-10,219.000000,217.329193
2026-03-11,217.850006,216.187973
2026-03-12,215.500000,213.855895
2026-03-13,217.089996,215.433761
2026-03-16,220.110001,218.430726
2026-03-17,217.710007,216.049042
2026-03-18,212.720001,211.097106
2026-03-19,210.580002,208.973433
2026-03-20,210.139999,208.536787
2026-03-23,215.169998,213.528411
2026-03-24,215.199997,213.558181
2026-03-25,217.000000,215.344452
2026-03-26,210.429993,208.824569
2026-03-27,213.729996,212.099395
2026-03-30,213.550003,211.920775
2026-03-31,207.889999,206.303953
2026-04-01,202.889999,201.342099
2026-04-02,206.190002,204.616926
2026-04-06,207.970001,206.383345
2026-04-07,206.979996,205.400893
2026-04-08,208.990005,207.395567
2026-04-09,210.839996,209.231444
2026-04-10,202.309998,200.766523
2026-04-13,197.610001,196.102384
2026-04-14,197.679993,196.171842
2026-04-15,191.889999,190.426021
2026-04-16,191.360001,189.900067
2026-04-17,192.630005,191.160381
2026-04-20,191.449997,189.989376
2026-04-21,188.710007,187.270290
2026-04-22,188.649994,187.210735
2026-04-23,192.100006,190.634426
2026-04-24,191.479996,190.019146
2026-04-27,186.490005,185.067225
2026-04-28,187.919998,186.486308
2026-04-29,189.160004,187.716854
2026-04-30,185.740005,184.322947
2026-05-01,182.339996,180.948878
2026-05-04,182.009995,180.621394
2026-05-05,184.910004,183.499278
2026-05-06,186.410004,184.987834
2026-05-07,187.059998,185.632869
2026-05-08,185.940002,184.521418
2026-05-11,189.229996,187.786312
2026-05-12,191.910004,190.445874
2026-05-13,195.669998,194.177182
2026-05-14,190.320007,188.868007
2026-05-15,186.979996,186.979996
2026-05-18,191.729996,191.729996
2026-05-19,192.800003,192.800003
2026-05-20,190.839996,190.839996
2026-05-21,190.389999,190.389999
2026-05-22,194.779999,194.779999
2026-05-26,191.119995,191.119995
2026-05-27,197.820007,197.820007
2026-05-28,197.039993,197.039993
2026-05-29,194.029999,194.029999
2026-06-01,186.399994,186.399994
2026-06-02,184.089996,184.089996
2026-06-03,183.199997,183.199997
2026-06-04,182.710007,182.710007
2026-06-05,184.580002,184.580002
2026-06-08,175.899994,175.899994
2026-06-09,175.839996,175.839996
2026-06-10,176.610001,176.610001
2026-06-11,180.839996,180.839996
2026-06-12,181.660004,181.660004
2026-06-15,181.110001,181.110001
2026-06-16,182.520004,182.520004
2026-06-17,175.309998,175.309998
2026-06-18,172.630005,172.630005
2026-06-22,170.889999,170.889999
2026-06-23,179.270004,179.270004
2026-06-24,183.039993,183.039993
2026-06-25,176.679993,176.679993
2026-06-26,179.110001,179.110001
2026-06-29,181.580002,181.580002
2026-06-30,175.449997,175.449997
2026-07-01,178.669998,178.669998
2026-07-02,182.139999,182.139999
2026-07-06,177.509995,177.509995
2026-07-07,175.949997,175.949997
2026-07-08,174.410004,174.410004
2026-07-09,171.649994,171.649994
2026-07-10,173.660004,173.660004
2026-07-13,175.240005,175.240005
2026-07-14,171.460007,171.460007
2026-07-15,170.270004,170.270004
2026-07-16,174.720001,174.720001
2026-07-17,171.419998,171.419998
2026-07-20,171.700000,171.700000
