date,close,adj_close
1998-01-02,17.375000,14.040670
1998-01-05,17.354168,14.023835
1998-01-06,17.489582,14.133263
1998-01-07,17.333332,14.006998
1998-01-08,17.302082,13.981745
1998-01-09,16.718750,13.510357
1998-01-12,17.229168,13.922823
1998-01-13,17.510418,14.150100
1998-01-14,17.739582,14.335287
1998-01-15,17.427082,14.082757
1998-01-16,17.500000,14.141682
1998-01-20,17.312500,13.990164
1998-01-21,17.166668,13.872317
1998-01-22,16.937500,13.687128
1998-01-23,16.677082,13.476685
1998-01-26,16.645832,13.451432
1998-01-27,16.822918,13.594534
1998-01-28,17.000000,13.737634
1998-01-29,16.791668,13.569281
1998-01-30,16.645832,13.451432
1998-02-02,16.656250,13.459851
1998-02-03,16.760418,13.544028
1998-02-04,16.687500,13.485104
1998-02-05,16.979168,13.720799
1998-02-06,17.208332,13.905986
1998-02-09,17.114582,13.830227
1998-02-10,16.937500,13.687128
1998-02-11,17.125000,13.838646
1998-02-12,17.104168,13.821811
1998-02-13,16.916668,13.670293
1998-02-17,17.000000,13.737634
1998-02-18,16.989582,13.729215
1998-02-19,16.885418,13.645040
1998-02-20,16.822918,13.594534
1998-02-23,16.666668,13.468269
1998-02-24,16.572918,13.392510
1998-02-25,16.583332,13.400926
1998-02-26,16.833332,13.602950
1998-02-27,16.729168,13.518775
1998-03-02,16.656250,13.459851
1998-03-03,16.864582,13.628203
1998-03-04,16.708332,13.501938
1998-03-05,16.666668,13.468269
1998-03-06,17.270832,13.956492
1998-03-09,17.281250,13.964911
1998-03-10,17.375000,14.040670
1998-03-11,17.385418,14.049088
1998-03-12,17.510418,14.150100
1998-03-13,17.510418,14.150100
1998-03-16,17.645832,14.259528
1998-03-17,17.843750,14.419465
1998-03-18,17.666668,14.276365
1998-03-19,17.395832,14.057504
1998-03-20,17.927082,14.486805
1998-03-23,17.572918,14.200606
1998-03-24,17.687500,14.293200
1998-03-25,17.322918,13.998582
1998-03-26,17.187500,13.889152
1998-03-27,17.135418,13.847064
1998-03-30,17.458332,14.108010
1998-03-31,17.375000,14.040670
1998-04-01,17.343750,14.015417
1998-04-02,17.500000,14.141682
1998-04-03,17.708332,14.310034
1998-04-06,17.291668,13.973329
1998-04-07,17.125000,13.838646
1998-04-08,16.916668,13.670293
1998-04-09,17.000000,13.737634
1998-04-13,16.708332,13.501938
1998-04-14,16.812500,13.586116
1998-04-15,17.000000,13.737634
1998-04-16,16.760418,13.544028
1998-04-17,16.875000,13.636622
1998-04-20,16.760418,13.544028
1998-04-21,16.770832,13.552444
1998-04-22,16.916668,13.670293
1998-04-23,16.750000,13.535610
1998-04-24,16.645832,13.451432
1998-04-27,16.531250,13.358839
1998-04-28,16.395832,13.249408
1998-04-29,16.406250,13.257827
1998-04-30,16.677082,13.476685
1998-05-01,16.906250,13.661875
1998-05-04,16.791668,13.569281
1998-05-05,16.760418,13.544028
1998-05-06,16.979168,13.720799
1998-05-07,16.750000,13.535610
1998-05-08,16.739582,13.527191
1998-05-11,16.687500,13.485104
1998-05-12,16.666668,13.468269
1998-05-13,15.958333,12.895867
1998-05-14,15.666667,12.660172
1998-05-15,15.312500,12.373971
1998-05-18,14.875000,12.020429
1998-05-19,14.833333,11.986758
1998-05-20,15.281250,12.348718
1998-05-21,15.187500,12.272959
1998-05-22,15.322917,12.382389
1998-05-26,15.187500,12.272959
1998-05-27,14.968750,12.096188
1998-05-28,15.093750,12.197200
1998-05-29,15.125000,12.222453
1998-06-01,15.083333,12.188782
1998-06-02,14.916667,12.054100
1998-06-03,14.854167,12.003594
1998-06-04,14.947917,12.079353
1998-06-05,15.093750,12.197200
1998-06-08,15.250000,12.323465
1998-06-09,15.166667,12.256124
1998-06-10,14.843750,11.995176
1998-06-11,14.708333,11.885746
1998-06-12,14.781250,11.944670
1998-06-15,14.604167,11.801570
1998-06-16,14.583333,11.784734
1998-06-17,15.010417,12.129859
1998-06-18,14.937500,12.070935
1998-06-19,14.718750,11.894164
1998-06-22,14.666667,11.852076
1998-06-23,14.500000,11.717393
1998-06-24,14.666667,11.852076
1998-06-25,14.604167,11.801570
1998-06-26,14.500000,11.717393
1998-06-29,14.500000,11.717393
1998-06-30,14.520833,11.734228
1998-07-01,14.739583,11.910999
1998-07-02,14.802083,11.961505
1998-07-06,15.000000,12.121441
1998-07-07,14.906250,12.045682
1998-07-08,14.875000,12.020429
1998-07-09,14.677083,11.860493
1998-07-10,14.520833,11.734228
1998-07-13,14.302083,11.557457
1998-07-14,14.302083,11.557457
1998-07-15,14.250000,11.515369
1998-07-16,14.312500,11.565875
1998-07-17,14.187500,11.464863
1998-07-20,14.197917,11.473281
1998-07-21,14.062500,11.363851
1998-07-22,14.114583,11.405939
1998-07-23,13.875000,11.212333
1998-07-24,13.729167,11.094486
1998-07-27,13.781250,11.136574
1998-07-28,13.583333,10.976638
1998-07-29,13.541667,10.942968
1998-07-30,13.645833,11.027144
1998-07-31,13.437500,10.858791
1998-08-03,13.354167,10.791450
1998-08-04,13.270833,10.724108
1998-08-05,13.437500,10.858791
1998-08-06,13.739583,11.102903
1998-08-07,13.843750,11.187080
1998-08-10,13.750000,11.111321
1998-08-11,13.854167,11.195498
1998-08-12,14.135417,11.422775
1998-08-13,14.479167,11.700558
1998-08-14,14.531250,11.742646
1998-08-17,14.541667,11.751064
1998-08-18,14.697917,11.877329
1998-08-19,14.770833,11.936252
1998-08-20,14.822917,11.978341
1998-08-21,14.708333,11.885746
1998-08-24,14.510417,11.725811
1998-08-25,14.427083,11.658469
1998-08-26,14.333333,11.582710
1998-08-27,14.208333,11.481698
1998-08-28,14.177083,11.456445
1998-08-31,14.062500,11.363851
1998-09-01,13.739583,11.102903
1998-09-02,13.708333,11.077650
1998-09-03,13.697917,11.069233
1998-09-04,13.708333,11.077650
1998-09-08,13.916667,11.246004
1998-09-09,14.031250,11.338598
1998-09-10,13.791667,11.144992
1998-09-11,13.989583,11.304927
1998-09-14,13.927083,11.254421
1998-09-15,13.708333,11.077650
1998-09-16,14.395833,11.633216
1998-09-17,14.083333,11.380686
1998-09-18,14.312500,11.565875
1998-09-21,14.156250,11.439610
1998-09-22,14.166667,11.448028
1998-09-23,14.416667,11.650052
1998-09-24,14.218750,11.490116
1998-09-25,14.218750,11.490116
1998-09-28,14.343750,11.591128
1998-09-29,14.500000,11.717393
1998-09-30,14.062500,11.363851
1998-10-01,13.729167,11.094486
1998-10-02,13.979167,11.296510
1998-10-05,14.541667,11.751064
1998-10-06,14.395833,11.633216
1998-10-07,14.020833,11.330180
1998-10-08,14.052083,11.355433
1998-10-09,14.333333,11.582710
1998-10-12,14.343750,11.591128
1998-10-13,14.197917,11.473281
1998-10-14,13.968750,11.288092
1998-10-15,14.166667,11.448028
1998-10-16,14.416667,11.650052
1998-10-19,14.739583,11.910999
1998-10-20,15.291667,12.357136
1998-10-21,15.322917,12.382389
1998-10-22,15.385417,12.432895
1998-10-23,15.302083,12.365553
1998-10-26,15.208333,12.289794
1998-10-27,15.250000,12.323465
1998-10-28,15.239583,12.315047
1998-10-29,15.583333,12.592831
1998-10-30,15.656250,12.651754
1998-11-02,15.625000,12.626501
1998-11-03,15.520833,12.542324
1998-11-04,15.656250,12.651754
1998-11-05,15.697917,12.685425
1998-11-06,15.822917,12.786437
1998-11-09,15.791667,12.761184
1998-11-10,16.416668,13.266245
1998-11-11,16.416668,13.266245
1998-11-12,16.656250,13.459851
1998-11-13,16.677082,13.476685
1998-11-16,16.604168,13.417763
1998-11-17,16.583332,13.400926
1998-11-18,16.541668,13.367257
1998-11-19,16.593750,13.409345
1998-11-20,16.885418,13.645040
1998-11-23,17.395832,14.057504
1998-11-24,17.385418,14.049088
1998-11-25,17.333332,14.006998
1998-11-27,16.979168,13.720799
1998-11-30,16.666668,13.468269
1998-12-01,16.729168,13.518775
1998-12-02,16.625000,13.434598
1998-12-03,16.645832,13.451432
1998-12-04,16.979168,13.720799
1998-12-07,16.843750,13.611369
1998-12-08,16.645832,13.451432
1998-12-09,16.583332,13.400926
1998-12-10,16.083332,12.996878
1998-12-11,15.979167,12.912702
1998-12-14,15.864583,12.820108
1998-12-15,16.156250,13.055802
1998-12-16,16.239582,13.123143
1998-12-17,16.489582,13.325167
1998-12-18,16.322918,13.190486
1998-12-21,16.375000,13.232574
1998-12-22,16.604168,13.417763
1998-12-23,16.322918,13.190486
1998-12-24,15.979167,12.912702
1998-12-28,15.864583,12.820108
1998-12-29,16.364582,13.224155
1998-12-30,16.395832,13.249408
1998-12-31,16.375000,13.232574
1999-01-04,16.333332,13.198902
1999-01-05,16.604168,13.417763
1999-01-06,16.750000,13.535610
1999-01-07,16.739582,13.527191
1999-01-08,17.291668,13.973329
1999-01-11,17.062500,13.788140
1999-01-12,16.635418,13.443016
1999-01-13,16.552082,13.375673
1999-01-14,16.135418,13.038968
1999-01-15,15.833333,12.794855
1999-01-19,15.604167,12.609666
1999-01-20,15.072917,12.180365
1999-01-21,14.718750,11.894164
1999-01-22,14.625000,11.818405
1999-01-25,14.656250,11.843658
1999-01-26,14.427083,11.658469
1999-01-27,14.364583,11.607963
1999-01-28,14.135417,11.456005
1999-01-29,14.031250,11.371583
1999-02-01,13.927083,11.287161
1999-02-02,13.802083,11.185856
1999-02-03,14.229167,11.531985
1999-02-04,14.260417,11.557311
1999-02-05,14.260417,11.557311
1999-02-08,14.260417,11.557311
1999-02-09,14.052083,11.388467
1999-02-10,13.625000,11.042339
1999-02-11,13.385417,10.848170
1999-02-12,12.989583,10.527368
1999-02-16,13.145833,10.654000
1999-02-17,13.083333,10.603347
1999-02-18,13.229167,10.721538
1999-02-19,13.197917,10.696211
1999-02-22,13.364583,10.831285
1999-02-23,13.281250,10.763748
1999-02-24,13.145833,10.654000
1999-02-25,13.052083,10.578020
1999-02-26,13.031250,10.561136
1999-03-01,13.000000,10.535810
1999-03-02,12.916667,10.468273
1999-03-03,12.854167,10.417620
1999-03-04,12.854167,10.417620
1999-03-05,13.062500,10.586463
1999-03-08,13.343750,10.814401
1999-03-09,13.593750,11.017013
1999-03-10,13.708333,11.109876
1999-03-11,13.687500,11.092992
1999-03-12,13.916667,11.278720
1999-03-15,13.708333,11.109876
1999-03-16,13.729167,11.126761
1999-03-17,13.562500,10.991686
1999-03-18,13.625000,11.042339
1999-03-19,13.333333,10.805959
1999-03-22,13.468750,10.915707
1999-03-23,13.166667,10.670885
1999-03-24,13.416667,10.873496
1999-03-25,13.333333,10.805959
1999-03-26,13.156250,10.662442
1999-03-29,13.541667,10.974802
1999-03-30,13.093750,10.611789
1999-03-31,12.437500,10.079934
1999-04-01,12.166667,9.860438
1999-04-05,12.250000,9.927975
1999-04-06,12.312500,9.978628
1999-04-07,11.875000,9.624057
1999-04-08,11.843750,9.598731
1999-04-09,11.708333,9.488982
1999-04-12,11.760417,9.531194
1999-04-13,11.802083,9.564962
1999-04-14,11.822917,9.581847
1999-04-15,12.385417,10.037723
1999-04-16,12.322917,9.987070
1999-04-19,12.864583,10.426062
1999-04-20,12.572917,10.189682
1999-04-21,12.635417,10.240335
1999-04-22,12.864583,10.426062
1999-04-23,12.833333,10.400735
1999-04-26,12.333333,9.995512
1999-04-27,12.583333,10.198123
1999-04-28,12.312500,9.978628
1999-04-29,12.322917,10.020982
1999-04-30,12.197917,9.919332
1999-05-03,12.166667,9.893920
1999-05-04,12.427083,10.105690
1999-05-05,12.520833,10.181927
1999-05-06,12.583333,10.232752
1999-05-07,12.781250,10.393698
1999-05-10,13.177083,10.715589
1999-05-11,13.250000,10.774885
1999-05-12,13.333333,10.842651
1999-05-13,13.635417,11.088306
1999-05-14,13.322917,10.834181
1999-05-17,13.500000,10.978185
1999-05-18,13.354167,10.859593
1999-05-19,13.614583,11.071363
1999-05-20,13.864583,11.274663
1999-05-21,13.656250,11.105247
1999-05-24,13.239583,10.766414
1999-05-25,13.291667,10.808768
1999-05-26,13.302083,10.817239
1999-05-27,13.312500,10.825710
1999-05-28,13.552083,11.020538
1999-06-01,13.458333,10.944301
1999-06-02,13.281250,10.800297
1999-06-03,13.197917,10.732531
1999-06-04,13.375000,10.876535
1999-06-07,13.458333,10.944301
1999-06-08,13.208333,10.741001
1999-06-09,13.197917,10.732531
1999-06-10,13.260417,10.783356
1999-06-11,13.354167,10.859593
1999-06-14,13.281250,10.800297
1999-06-15,13.270833,10.791826
1999-06-16,13.302083,10.817239
1999-06-17,13.302083,10.817239
1999-06-18,13.333333,10.842651
1999-06-21,13.375000,10.876535
1999-06-22,13.156250,10.698647
1999-06-23,13.291667,10.808768
1999-06-24,13.135417,10.681706
1999-06-25,13.083333,10.639351
1999-06-28,13.208333,10.741001
1999-06-29,13.333333,10.842651
1999-06-30,13.187500,10.724060
1999-07-01,13.197917,10.732531
1999-07-02,13.322917,10.834181
1999-07-06,13.312500,10.825710
1999-07-07,13.177083,10.715589
1999-07-08,12.989583,10.563114
1999-07-09,13.156250,10.698647
1999-07-12,13.010417,10.580056
1999-07-13,12.916667,10.503819
1999-07-14,12.760417,10.376757
1999-07-15,12.604167,10.249694
1999-07-16,12.552083,10.207340
1999-07-19,12.447917,10.122632
1999-07-20,12.312500,10.012511
1999-07-21,12.281250,9.987098
1999-07-22,12.239583,9.953215
1999-07-23,12.114583,9.851565
1999-07-26,12.125000,9.860036
1999-07-27,12.000000,9.758386
1999-07-28,12.020833,9.775328
1999-07-29,11.822917,9.647824
1999-07-30,11.687500,9.537320
1999-08-02,11.822917,9.647824
1999-08-03,11.822917,9.647824
1999-08-04,11.718750,9.562821
1999-08-05,11.833333,9.656324
1999-08-06,12.083333,9.860331
1999-08-09,12.291667,10.030337
1999-08-10,12.739583,10.395849
1999-08-11,12.958333,10.574354
1999-08-12,12.875000,10.506352
1999-08-13,13.031250,10.633857
1999-08-16,13.083333,10.676358
1999-08-17,13.354167,10.897366
1999-08-18,13.343750,10.888865
1999-08-19,13.375000,10.914366
1999-08-20,13.666667,11.152374
1999-08-23,13.708333,11.186375
1999-08-24,13.343750,10.888865
1999-08-25,13.395833,10.931366
1999-08-26,13.281250,10.837864
1999-08-27,13.250000,10.812363
1999-08-30,13.104167,10.693359
1999-08-31,13.083333,10.676358
1999-09-01,13.166667,10.744361
1999-09-02,12.927083,10.548854
1999-09-03,13.395833,10.931366
1999-09-07,13.291667,10.846364
1999-09-08,12.927083,10.548854
1999-09-09,12.864583,10.497852
1999-09-10,12.864583,10.497852
1999-09-13,12.875000,10.506352
1999-09-14,12.864583,10.497852
1999-09-15,12.802083,10.446850
1999-09-16,12.760417,10.412850
1999-09-17,12.854167,10.489352
1999-09-20,12.572917,10.259844
1999-09-21,12.270833,10.013336
1999-09-22,11.947917,9.749827
1999-09-23,11.916667,9.724327
1999-09-24,11.739583,9.579821
1999-09-27,11.770833,9.605322
1999-09-28,11.583333,9.452317
1999-09-29,11.697917,9.545821
1999-09-30,11.697917,9.545821
1999-10-01,11.593750,9.460817
1999-10-04,11.781250,9.613823
1999-10-05,11.687500,9.537320
1999-10-06,12.010417,9.800829
1999-10-07,11.937500,9.741327
1999-10-08,11.989583,9.783828
1999-10-11,12.239583,9.987835
1999-10-12,12.250000,9.996335
1999-10-13,12.083333,9.860331
1999-10-14,12.072917,9.851831
1999-10-15,11.833333,9.656324
1999-10-18,11.750000,9.588322
1999-10-19,11.666667,9.520320
1999-10-20,11.291667,9.214309
1999-10-21,10.989583,8.967801
1999-10-22,11.479167,9.367315
1999-10-25,11.479167,9.367315
1999-10-26,11.197917,9.137807
1999-10-27,11.333333,9.248310
1999-10-28,11.416667,9.350690
1999-10-29,11.812500,9.674893
1999-11-01,11.166667,9.145931
1999-11-02,11.020833,9.026487
1999-11-03,11.250000,9.214184
1999-11-04,11.166667,9.145931
1999-11-05,11.312500,9.265374
1999-11-08,11.375000,9.316563
1999-11-09,11.260417,9.222716
1999-11-10,11.114583,9.103272
1999-11-11,11.000000,9.009424
1999-11-12,11.031250,9.035019
1999-11-15,10.906250,8.932639
1999-11-16,11.125000,9.111804
1999-11-17,11.052083,9.052082
1999-11-18,11.031250,9.035019
1999-11-19,10.885417,8.915576
1999-11-22,10.927083,8.949702
1999-11-23,11.000000,9.009424
1999-11-24,10.781250,8.830259
1999-11-26,10.729167,8.787601
1999-11-29,10.552083,8.642563
1999-11-30,10.666667,8.736411
1999-12-01,10.708333,8.770538
1999-12-02,10.822917,8.864386
1999-12-03,10.812500,8.855854
1999-12-06,10.822917,8.864386
1999-12-07,10.541667,8.634032
1999-12-08,10.458333,8.565778
1999-12-09,10.343750,8.471930
1999-12-10,10.291667,8.429272
1999-12-13,10.166667,8.326892
1999-12-14,10.072917,8.250107
1999-12-15,10.083333,8.258638
1999-12-16,9.979167,8.173322
1999-12-17,9.989583,8.181854
1999-12-20,9.979167,8.173322
1999-12-21,9.875000,8.088006
1999-12-22,10.156250,8.318360
1999-12-23,10.239583,8.386613
1999-12-27,10.083333,8.258638
1999-12-28,9.968750,8.164791
1999-12-29,9.947917,8.147728
1999-12-30,10.187500,8.343955
1999-12-31,10.114583,8.284233
2000-01-03,9.843750,8.062411
2000-01-04,9.781250,8.011221
2000-01-05,9.718750,7.960031
2000-01-06,9.656250,7.908841
2000-01-07,9.812500,8.036816
2000-01-10,9.760417,7.994158
2000-01-11,9.750000,7.985626
2000-01-12,9.875000,8.088006
2000-01-13,10.031250,8.215980
2000-01-14,10.062500,8.241575
2000-01-18,10.104167,8.275702
2000-01-19,10.000000,8.190385
2000-01-20,9.729167,7.968563
2000-01-21,9.770833,8.002689
2000-01-24,9.583333,7.849119
2000-01-25,9.500000,7.780866
2000-01-26,9.520833,7.797929
2000-01-27,9.385417,7.687018
2000-01-28,9.270833,7.627030
2000-01-31,9.333333,7.678448
2000-02-01,9.500000,7.815563
2000-02-02,9.447917,7.772715
2000-02-03,9.552083,7.858412
2000-02-04,9.562500,7.866982
2000-02-07,9.500000,7.815563
2000-02-08,8.802083,7.241394
2000-02-09,8.739583,7.189975
2000-02-10,8.677083,7.138557
2000-02-11,8.416667,6.924315
2000-02-14,8.250000,6.787200
2000-02-15,8.072917,6.641515
2000-02-16,8.145833,6.701503
2000-02-17,8.072917,6.641515
2000-02-18,7.802083,6.418703
2000-02-22,7.822917,6.435843
2000-02-23,7.708333,6.341575
2000-02-24,7.593750,6.247309
2000-02-25,7.604167,6.255879
2000-02-28,7.822917,6.435843
2000-02-29,7.416667,6.101624
2000-03-01,7.437500,6.118764
2000-03-02,7.312500,6.015927
2000-03-03,7.281250,5.990218
2000-03-06,7.041667,5.793115
2000-03-07,6.885417,5.664570
2000-03-08,6.666667,5.484606
2000-03-09,6.822917,5.613152
2000-03-10,6.677083,5.493175
2000-03-13,6.708333,5.518884
2000-03-14,6.822917,5.613152
2000-03-15,7.135417,5.870243
2000-03-16,7.614583,6.264448
2000-03-17,7.583333,6.238739
2000-03-20,7.520833,6.187321
2000-03-21,7.854167,6.461552
2000-03-22,7.822917,6.435843
2000-03-23,8.000000,6.581527
2000-03-24,7.927083,6.521539
2000-03-27,7.770833,6.392994
2000-03-28,7.979167,6.564388
2000-03-29,7.947917,6.538679
2000-03-30,8.166667,6.718643
2000-03-31,8.333333,6.855757
2000-04-03,8.916667,7.335661
2000-04-04,8.666667,7.129988
2000-04-05,8.625000,7.095709
2000-04-06,8.635417,7.104279
2000-04-07,8.635417,7.104279
2000-04-10,8.552083,7.035721
2000-04-11,8.593750,7.070000
2000-04-12,8.781250,7.224254
2000-04-13,8.750000,7.198545
2000-04-14,8.291667,6.821479
2000-04-17,8.687500,7.147127
2000-04-18,8.718750,7.172836
2000-04-19,8.479167,6.975733
2000-04-20,8.875000,7.301382
2000-04-24,9.125000,7.507054
2000-04-25,9.375000,7.712727
2000-04-26,9.145833,7.524194
2000-04-27,8.979167,7.420887
2000-04-28,9.187500,7.593065
2000-05-01,9.333333,7.713590
2000-05-02,9.333333,7.713590
2000-05-03,8.864583,7.326188
2000-05-04,8.854167,7.317580
2000-05-05,9.000000,7.438105
2000-05-08,9.083333,7.506976
2000-05-09,8.979167,7.420887
2000-05-10,9.010417,7.446714
2000-05-11,9.291667,7.679155
2000-05-12,9.583333,7.920204
2000-05-15,10.125000,8.367868
2000-05-16,9.958333,8.230125
2000-05-17,9.833333,8.126818
2000-05-18,10.135417,8.376477
2000-05-19,10.052083,8.307605
2000-05-22,10.541667,8.712225
2000-05-23,10.666667,8.815532
2000-05-24,11.135417,9.202933
2000-05-25,10.885417,8.996319
2000-05-26,10.854167,8.970492
2000-05-30,10.947917,9.047972
2000-05-31,10.979167,9.073799
2000-06-01,11.187500,9.245977
2000-06-02,11.197917,9.254586
2000-06-05,11.000000,9.091017
2000-06-06,10.875000,8.987710
2000-06-07,11.072917,9.151279
2000-06-08,10.906250,9.013537
2000-06-09,10.979167,9.073799
2000-06-12,11.083333,9.159888
2000-06-13,11.229167,9.280413
2000-06-14,11.041667,9.125453
2000-06-15,10.750000,8.884403
2000-06-16,10.333333,8.540046
2000-06-19,10.427083,8.617526
2000-06-20,9.875000,8.161254
2000-06-21,10.145833,8.385085
2000-06-22,10.010417,8.273170
2000-06-23,10.135417,8.376477
2000-06-26,10.197917,8.428130
2000-06-27,10.375000,8.574482
2000-06-28,10.424479,8.615374
2000-06-29,10.385417,8.583091
2000-06-30,10.000000,8.264561
2000-07-03,10.156250,8.393694
2000-07-05,10.083333,8.333432
2000-07-06,10.166667,8.402304
2000-07-07,10.364583,8.565873
2000-07-10,10.604167,8.763878
2000-07-11,10.677083,8.824140
2000-07-12,10.770833,8.901620
2000-07-13,10.583333,8.746660
2000-07-14,10.510417,8.686398
2000-07-17,10.010417,8.273170
2000-07-18,10.291667,8.505611
2000-07-19,10.291667,8.505611
2000-07-20,10.364583,8.565873
2000-07-21,10.145833,8.385085
2000-07-24,10.020833,8.281778
2000-07-25,10.156250,8.393694
2000-07-26,10.250000,8.471175
2000-07-27,10.500000,8.677789
2000-07-28,10.447917,8.669146
2000-07-31,10.458333,8.677788
2000-08-01,10.520833,8.729648
2000-08-02,10.302083,8.548140
2000-08-03,10.614583,8.807437
2000-08-04,11.156250,9.256884
2000-08-07,11.218750,9.308743
2000-08-08,12.135417,10.069347
2000-08-09,12.489583,10.363216
2000-08-10,12.677083,10.518793
2000-08-11,13.604167,11.288040
2000-08-14,13.364583,11.089246
2000-08-15,13.697917,11.365829
2000-08-16,13.968750,11.590552
2000-08-17,14.145833,11.737487
2000-08-18,14.031250,11.642412
2000-08-21,13.916667,11.547337
2000-08-22,14.041667,11.651055
2000-08-23,13.833333,11.478190
2000-08-24,13.687500,11.357186
2000-08-25,13.416667,11.132462
2000-08-28,13.354167,11.080603
2000-08-29,13.197917,10.950955
2000-08-30,13.437500,11.149748
2000-08-31,13.489583,11.192964
2000-09-01,13.166667,10.925025
2000-09-05,13.286458,11.024422
2000-09-06,13.520833,11.218894
2000-09-07,13.354167,11.080603
2000-09-08,13.406250,11.123819
2000-09-11,13.833333,11.478190
2000-09-12,13.791667,11.443618
2000-09-13,13.979167,11.599196
2000-09-14,14.104167,11.702915
2000-09-15,13.979167,11.599196
2000-09-18,13.697917,11.365829
2000-09-19,14.166667,11.754774
2000-09-20,13.833333,11.478190
2000-09-21,13.895833,11.530050
2000-09-22,14.000000,11.616482
2000-09-25,13.968750,11.590552
2000-09-26,14.083333,11.685628
2000-09-27,14.104167,11.702915
2000-09-28,14.229167,11.806633
2000-09-29,13.895833,11.530050
2000-10-02,14.145833,11.737487
2000-10-03,13.833333,11.478190
2000-10-04,13.750000,11.409045
2000-10-05,13.708333,11.374472
2000-10-06,13.500000,11.201608
2000-10-09,13.468750,11.175678
2000-10-10,13.250000,10.994171
2000-10-11,13.197917,10.950955
2000-10-12,12.833333,10.648442
2000-10-13,13.125000,10.890452
2000-10-16,13.062500,10.838593
2000-10-17,13.187500,10.942311
2000-10-18,13.312500,11.046030
2000-10-19,13.291667,11.028744
2000-10-20,13.322917,11.054673
2000-10-23,13.447917,11.158392
2000-10-24,14.145833,11.737487
2000-10-25,14.166667,11.754774
2000-10-26,14.104167,11.702915
2000-10-27,14.458333,11.996783
2000-10-30,15.416667,12.828931
2000-10-31,15.156250,12.612226
2000-11-01,15.156250,12.612226
2000-11-02,14.812500,12.326175
2000-11-03,14.281250,11.884097
2000-11-06,14.468750,12.040125
2000-11-07,14.791667,12.308839
2000-11-08,14.979167,12.464867
2000-11-09,14.968750,12.456198
2000-11-10,15.458333,12.863603
2000-11-13,15.020833,12.499539
2000-11-14,15.531250,12.924281
2000-11-15,15.500000,12.898276
2000-11-16,15.510417,12.906945
2000-11-17,15.656250,13.028299
2000-11-20,15.812500,13.158322
2000-11-21,15.708333,13.071640
2000-11-22,15.500000,12.898276
2000-11-24,15.708333,13.071640
2000-11-27,15.812500,13.158322
2000-11-28,15.833333,13.175658
2000-11-29,15.791667,13.140986
2000-11-30,15.750000,13.106313
2000-12-01,15.750000,13.106313
2000-12-04,15.781250,13.132317
2000-12-05,15.791667,13.140986
2000-12-06,15.791667,13.140986
2000-12-07,15.791667,13.140986
2000-12-08,15.791667,13.140986
2000-12-11,15.697917,13.062972
2000-12-12,15.520833,12.915612
2000-12-13,15.791667,13.140986
2000-12-14,15.750000,13.106313
2000-12-15,15.718750,13.080308
2000-12-18,15.833333,13.175658
2000-12-19,16.145832,13.435703
2000-12-20,16.562500,13.782432
2000-12-21,17.375000,14.458551
2000-12-22,16.927082,14.085818
2000-12-26,16.822918,13.999138
2000-12-27,16.968750,14.120492
2000-12-28,17.458332,14.527896
2000-12-29,17.260418,14.363202
2001-01-02,16.822918,13.999138
2001-01-03,16.364582,13.617735
2001-01-04,15.916667,13.245004
2001-01-05,15.718750,13.080308
2001-01-08,16.375000,13.626405
2001-01-09,15.979167,13.297013
2001-01-10,16.062500,13.366359
2001-01-11,15.354167,12.776922
2001-01-12,15.416667,12.828931
2001-01-16,15.479167,12.880940
2001-01-17,15.229167,12.672903
2001-01-18,15.114583,12.577553
2001-01-19,14.968750,12.456198
2001-01-22,15.687500,13.054304
2001-01-23,15.729167,13.088977
2001-01-24,15.666667,13.036967
2001-01-25,16.145832,13.435703
2001-01-26,16.145832,13.435703
2001-01-29,16.391666,13.640273
2001-01-30,16.541668,13.800176
2001-01-31,16.200001,13.515134
2001-02-01,16.549999,13.807126
2001-02-02,16.891666,14.092168
2001-02-05,17.483334,14.585777
2001-02-06,16.416668,13.695893
2001-02-07,16.866667,14.071312
2001-02-08,17.000000,14.182548
2001-02-09,17.241667,14.384162
2001-02-12,17.306667,14.438390
2001-02-13,17.059999,14.232603
2001-02-14,17.108334,14.272927
2001-02-15,16.921667,14.117197
2001-02-16,16.983334,14.168644
2001-02-20,17.006666,14.188109
2001-02-21,16.826668,14.037942
2001-02-22,16.833332,14.057426
2001-02-23,16.416668,13.709472
2001-02-26,17.070000,14.255066
2001-02-27,17.733334,14.809012
2001-02-28,18.111668,15.124957
2001-03-01,17.891666,14.941235
2001-03-02,18.184999,15.186195
2001-03-05,18.418333,15.381051
2001-03-06,18.588333,15.523018
2001-03-07,18.803333,15.702563
2001-03-08,19.066668,15.922473
2001-03-09,19.461666,16.252333
2001-03-12,19.013332,15.877932
2001-03-13,18.981667,15.851489
2001-03-14,18.373333,15.343472
2001-03-15,18.606667,15.538328
2001-03-16,18.308332,15.289190
2001-03-19,18.433332,15.393577
2001-03-20,18.023333,15.051189
2001-03-21,18.073334,15.092945
2001-03-22,17.583332,14.683747
2001-03-23,18.033333,15.059540
2001-03-26,18.663334,15.585650
2001-03-27,18.910000,15.791640
2001-03-28,18.866667,15.755453
2001-03-29,19.053333,15.911337
2001-03-30,19.803333,16.537658
2001-04-02,19.959999,16.668488
2001-04-03,19.219999,16.050518
2001-04-04,19.033333,15.894635
2001-04-05,19.383333,16.186918
2001-04-06,19.323334,16.136813
2001-04-09,19.700001,16.451366
2001-04-10,19.990000,16.693542
2001-04-11,19.910000,16.626735
2001-04-12,19.486668,16.314182
2001-04-16,19.626667,16.431389
2001-04-17,19.990000,16.735570
2001-04-18,20.026667,16.766268
2001-04-19,19.933332,16.688128
2001-04-20,19.836666,16.607199
2001-04-23,20.059999,16.794173
2001-04-24,20.733334,17.357887
2001-04-25,21.613333,18.094620
2001-04-26,22.333332,18.697401
2001-04-27,22.533333,18.907171
2001-04-30,22.469999,18.854029
2001-05-01,21.953333,18.420507
2001-05-02,21.809999,18.300239
2001-05-03,21.916668,18.389742
2001-05-04,23.866667,20.025939
2001-05-07,23.420000,19.651151
2001-05-08,23.316668,19.564448
2001-05-09,23.333332,19.578430
2001-05-10,23.326668,19.572839
2001-05-11,23.316668,19.564448
2001-05-14,23.393333,19.628776
2001-05-15,23.833332,19.997968
2001-05-16,23.866667,20.025939
2001-05-17,23.686666,19.902701
2001-05-18,23.780001,19.981126
2001-05-21,23.733334,19.941914
2001-05-22,23.450001,19.703844
2001-05-23,23.106667,19.415358
2001-05-24,23.330000,19.603013
2001-05-25,23.166668,19.465774
2001-05-29,23.216667,19.507785
2001-05-30,23.066668,19.381749
2001-05-31,22.996668,19.322931
2001-06-01,22.719999,19.090460
2001-06-04,22.723333,19.093262
2001-06-05,22.933332,19.269713
2001-06-06,22.666668,19.045649
2001-06-07,21.483334,18.051354
2001-06-08,21.803333,18.320232
2001-06-11,21.726667,18.255814
2001-06-12,21.733334,18.261416
2001-06-13,21.799999,18.317431
2001-06-14,21.629999,18.174589
2001-06-15,21.593332,18.143779
2001-06-18,22.016666,18.499485
2001-06-19,21.916668,18.415462
2001-06-20,21.420000,17.998137
2001-06-21,21.799999,18.317431
2001-06-22,21.490000,18.056955
2001-06-25,21.553333,18.110170
2001-06-26,20.993334,17.639631
2001-06-27,20.926666,17.583614
2001-06-28,20.670000,17.367950
2001-06-29,21.476667,18.045752
2001-07-02,21.033333,17.673241
2001-07-03,20.976667,17.625627
2001-07-05,20.803333,17.479983
2001-07-06,20.546667,17.264320
2001-07-09,20.283333,17.043054
2001-07-10,20.306667,17.062660
2001-07-11,20.106667,16.894610
2001-07-12,19.566668,16.440877
2001-07-13,19.286667,16.205606
2001-07-16,18.990000,15.956332
2001-07-17,18.846666,15.835895
2001-07-18,19.773333,16.614527
2001-07-19,18.953333,15.925522
2001-07-20,18.266666,15.348551
2001-07-23,17.903334,15.043262
2001-07-24,17.500000,14.704360
2001-07-25,17.733334,14.900419
2001-07-26,17.886667,15.029257
2001-07-27,17.670000,14.847203
2001-07-30,18.000000,15.167404
2001-07-31,18.920000,15.942626
2001-08-01,18.959999,15.976331
2001-08-02,17.056667,14.372520
2001-08-03,17.423332,14.681484
2001-08-06,17.486668,14.734853
2001-08-07,17.713333,14.925848
2001-08-08,17.559999,14.796644
2001-08-09,17.726667,14.937084
2001-08-10,17.870001,15.057862
2001-08-13,17.740000,14.948319
2001-08-14,17.766666,14.970789
2001-08-15,17.866667,15.055053
2001-08-16,17.736668,14.945511
2001-08-17,17.700001,14.942697
2001-08-20,17.363333,14.658475
2001-08-21,17.306667,14.610636
2001-08-22,17.139999,14.469932
2001-08-23,17.246668,14.559984
2001-08-24,17.183332,14.506514
2001-08-27,17.059999,14.402394
2001-08-28,16.750000,14.140687
2001-08-29,16.600000,14.014054
2001-08-30,16.483334,13.915562
2001-08-31,16.273333,13.738275
2001-09-04,16.516666,13.943702
2001-09-05,16.299999,13.760787
2001-09-06,16.240000,13.710135
2001-09-07,16.250000,13.718577
2001-09-10,16.423332,13.864907
2001-09-17,15.583333,13.155763
2001-09-18,15.213333,12.843402
2001-09-19,15.000000,12.663302
2001-09-20,14.213333,11.999182
2001-09-21,13.916667,11.748730
2001-09-24,14.406667,12.162398
2001-09-25,14.593333,12.319985
2001-09-26,14.623333,12.345312
2001-09-27,14.680000,12.393151
2001-09-28,15.426667,13.023503
2001-10-01,15.146667,12.787121
2001-10-02,15.400000,13.000990
2001-10-03,15.866667,13.394959
2001-10-04,16.003332,13.510335
2001-10-05,16.150000,13.634155
2001-10-08,15.800000,13.338678
2001-10-09,15.866667,13.394959
2001-10-10,15.313333,12.927824
2001-10-11,15.480000,13.068527
2001-10-12,15.336667,12.947523
2001-10-15,15.833333,13.366818
2001-10-16,15.970000,13.482195
2001-10-17,15.920000,13.439984
2001-10-18,16.813334,14.194155
2001-10-19,16.973333,14.329229
2001-10-22,17.026667,14.374255
2001-10-23,16.796667,14.180084
2001-10-24,16.976667,14.332044
2001-10-25,16.816668,14.196969
2001-10-26,17.246668,14.559984
2001-10-29,17.576668,14.838577
2001-10-30,16.980000,14.375752
2001-10-31,16.933332,14.336241
2001-11-01,17.846666,15.109496
2001-11-02,18.176666,15.388883
2001-11-05,18.366667,15.549744
2001-11-06,18.356667,15.541277
2001-11-07,18.219999,15.425570
2001-11-08,18.046667,15.278823
2001-11-09,17.973333,15.216736
2001-11-12,17.903334,15.157473
2001-11-13,18.150000,15.366307
2001-11-14,18.373333,15.555387
2001-11-15,18.533333,15.690848
2001-11-16,18.496668,15.659806
2001-11-19,18.666668,15.803733
2001-11-20,18.836666,15.947658
2001-11-21,18.666668,15.803733
2001-11-23,18.950001,16.043611
2001-11-26,18.906668,16.006924
2001-11-27,18.766666,15.888394
2001-11-28,18.549999,15.704958
2001-11-29,18.996668,16.083121
2001-11-30,18.943333,16.037966
2001-12-03,18.966667,16.057721
2001-12-04,18.930000,16.026678
2001-12-05,18.660000,15.798088
2001-12-06,18.546667,15.702137
2001-12-07,18.536667,15.693671
2001-12-10,18.270000,15.467903
2001-12-11,18.296667,15.490480
2001-12-12,18.293333,15.487657
2001-12-13,18.106667,15.329620
2001-12-14,18.186666,15.397350
2001-12-17,18.083332,15.309864
2001-12-18,18.073334,15.301400
2001-12-19,18.166668,15.380419
2001-12-20,18.276667,15.473547
2001-12-21,18.333332,15.521521
2001-12-24,18.403334,15.580787
2001-12-26,18.276667,15.473547
2001-12-27,18.459999,15.628761
2001-12-28,18.653334,15.792444
2001-12-31,18.459999,15.628761
2002-01-02,18.403334,15.580787
2002-01-03,18.216667,15.422749
2002-01-04,18.760000,15.882751
2002-01-07,18.813334,15.927905
2002-01-08,18.830000,15.942015
2002-01-09,19.013332,16.097229
2002-01-10,19.293333,16.334286
2002-01-11,19.299999,16.339929
2002-01-14,19.410000,16.433059
2002-01-15,19.836666,16.794287
2002-01-16,19.730000,16.703980
2002-01-17,19.620001,16.610852
2002-01-18,20.049999,16.974901
2002-01-22,20.223333,17.121650
2002-01-23,20.209999,17.110361
2002-01-24,20.233334,17.130117
2002-01-25,20.506666,17.361528
2002-01-28,19.753332,16.723734
2002-01-29,19.546667,16.548765
2002-01-30,19.660000,16.687402
2002-01-31,20.150000,17.103314
2002-02-01,19.733334,16.749648
2002-02-04,19.386667,16.455397
2002-02-05,19.413334,16.478032
2002-02-06,19.476667,16.531789
2002-02-07,19.063334,16.180952
2002-02-08,19.296667,16.379005
2002-02-11,19.376667,16.446909
2002-02-12,19.283333,16.367688
2002-02-13,19.753332,16.766623
2002-02-14,19.843332,16.843015
2002-02-15,19.940001,16.925067
2002-02-19,19.526667,16.574229
2002-02-20,19.420000,16.483690
2002-02-21,19.190001,16.288467
2002-02-22,19.403334,16.469544
2002-02-25,19.573334,16.613840
2002-02-26,19.600000,16.636474
2002-02-27,19.680000,16.704378
2002-02-28,19.443333,16.503495
2002-03-01,19.773333,16.783599
2002-03-04,19.920000,16.908090
2002-03-05,19.809999,16.814721
2002-03-06,19.756666,16.769452
2002-03-07,19.766666,16.777940
2002-03-08,19.506666,16.557253
2002-03-11,19.430000,16.492178
2002-03-12,19.530001,16.577059
2002-03-13,19.513332,16.562911
2002-03-14,19.450001,16.509155
2002-03-15,19.583332,16.622327
2002-03-18,19.493334,16.545936
2002-03-19,19.533333,16.579887
2002-03-20,19.309999,16.390322
2002-03-21,19.463333,16.520471
2002-03-22,19.316668,16.395982
2002-03-25,19.083332,16.197927
2002-03-26,19.333332,16.410127
2002-03-27,19.500000,16.551594
2002-03-28,19.526667,16.574229
2002-04-01,19.450001,16.509155
2002-04-02,19.559999,16.602522
2002-04-03,19.313334,16.393152
2002-04-04,19.506666,16.557253
2002-04-05,19.629999,16.661938
2002-04-08,19.833332,16.834527
2002-04-09,20.106667,17.066533
2002-04-10,20.126667,17.083509
2002-04-11,19.959999,16.942041
2002-04-12,20.000000,16.975994
2002-04-15,19.733334,16.749648
2002-04-16,20.126667,17.083509
2002-04-17,20.326668,17.253270
2002-04-18,19.966667,16.947701
2002-04-19,20.133333,17.089167
2002-04-22,20.233334,17.174048
2002-04-23,20.036667,17.007117
2002-04-24,19.910000,16.899602
2002-04-25,19.946667,16.930725
2002-04-26,19.690001,16.712867
2002-04-29,19.719999,16.780942
2002-04-30,19.983334,17.005030
2002-05-01,20.146667,17.144020
2002-05-02,20.350000,17.317048
2002-05-03,20.603333,17.532625
2002-05-06,20.253332,17.234788
2002-05-07,19.933332,16.962480
2002-05-08,20.020000,17.036231
2002-05-09,19.903334,16.936953
2002-05-10,19.709999,16.772433
2002-05-13,20.126667,17.127001
2002-05-14,19.903334,16.936953
2002-05-15,19.716667,16.778107
2002-05-16,19.650000,16.721376
2002-05-17,19.463333,16.562530
2002-05-20,19.256666,16.386664
2002-05-21,18.959999,16.134212
2002-05-22,19.203333,16.341280
2002-05-23,19.283333,16.409357
2002-05-24,19.113333,16.264693
2002-05-28,19.120001,16.270368
2002-05-29,19.160000,16.304405
2002-05-30,19.110001,16.261858
2002-05-31,19.033333,16.196617
2002-06-03,18.796667,15.995223
2002-06-04,18.666668,15.884599
2002-06-05,18.666668,15.884599
2002-06-06,18.566668,15.799503
2002-06-07,18.639999,15.861905
2002-06-10,18.546667,15.782483
2002-06-11,18.290001,15.564070
2002-06-12,18.266666,15.544213
2002-06-13,18.083332,15.388203
2002-06-14,18.283333,15.558396
2002-06-17,18.610001,15.836378
2002-06-18,18.823334,16.017916
2002-06-19,18.750000,15.955511
2002-06-20,18.700001,15.912964
2002-06-21,18.496668,15.739936
2002-06-24,18.209999,15.495992
2002-06-25,17.706667,15.067676
2002-06-26,18.143333,15.439262
2002-06-27,18.183332,15.473299
2002-06-28,17.663334,15.030801
2002-07-01,17.740000,15.096041
2002-07-02,17.123333,14.571282
2002-07-03,16.866667,14.352869
2002-07-05,17.160000,14.602484
2002-07-08,17.160000,14.602484
2002-07-09,16.959999,14.432291
2002-07-10,16.466667,14.012485
2002-07-11,16.170000,13.760033
2002-07-12,16.219999,13.802580
2002-07-15,16.183332,13.771378
2002-07-16,15.760000,13.411139
2002-07-17,15.490000,13.181380
2002-07-18,14.830000,12.619746
2002-07-19,14.433333,12.282198
2002-07-22,14.116667,12.012728
2002-07-23,14.043333,11.950323
2002-07-24,14.393333,12.248159
2002-07-25,14.243333,12.120515
2002-07-26,15.026667,12.787102
2002-07-29,15.740000,13.394120
2002-07-30,15.890000,13.564854
2002-07-31,15.813333,13.499406
2002-08-01,15.603333,13.320135
2002-08-02,15.270000,13.035578
2002-08-05,15.100000,12.890453
2002-08-06,15.396667,13.143710
2002-08-07,15.590000,13.308753
2002-08-08,16.406668,14.005920
2002-08-09,17.116667,14.612026
2002-08-12,17.203333,14.686011
2002-08-13,17.000000,14.512431
2002-08-14,17.526667,14.962032
2002-08-15,17.620001,15.041709
2002-08-16,17.516666,14.953494
2002-08-19,17.743334,15.146995
2002-08-20,17.356667,14.816908
2002-08-21,17.266666,14.740076
2002-08-22,17.816668,15.209598
2002-08-23,17.490000,14.930730
2002-08-26,17.623333,15.044553
2002-08-27,17.186666,14.671782
2002-08-28,17.160000,14.649018
2002-08-29,17.320000,14.785606
2002-08-30,17.503332,14.942111
2002-09-03,17.123333,14.617717
2002-09-04,17.003332,14.515275
2002-09-05,17.120001,14.614872
2002-09-06,16.733334,14.284785
2002-09-09,16.926666,14.449828
2002-09-10,16.863333,14.395762
2002-09-11,16.920000,14.444137
2002-09-12,16.536667,14.116896
2002-09-13,16.753332,14.301857
2002-09-16,16.676666,14.236410
2002-09-17,16.206667,13.835184
2002-09-18,16.306667,13.920552
2002-09-19,15.850000,13.530708
2002-09-20,15.323333,13.081106
2002-09-23,15.223333,12.995739
2002-09-24,14.956667,12.768094
2002-09-25,14.973333,12.782321
2002-09-26,15.250000,13.018504
2002-09-27,14.273333,12.184750
2002-09-30,14.296667,12.204670
2002-10-01,14.926667,12.742484
2002-10-02,14.320000,12.224589
2002-10-03,13.996667,11.948568
2002-10-04,13.216667,11.282704
2002-10-07,13.166667,11.240020
2002-10-08,13.233333,11.296931
2002-10-09,12.740000,10.875786
2002-10-10,13.656667,11.658320
2002-10-11,14.300000,12.207515
2002-10-14,14.060000,12.002634
2002-10-15,14.996667,12.802241
2002-10-16,14.753333,12.594513
2002-10-17,15.076667,12.870535
2002-10-18,14.840000,12.668498
2002-10-21,15.076667,12.870535
2002-10-22,14.850000,12.677035
2002-10-23,14.696667,12.546139
2002-10-24,14.370000,12.267272
2002-10-25,14.663333,12.517683
2002-10-28,14.373333,12.270118
2002-10-29,14.306667,12.213207
2002-10-30,14.350000,12.293162
2002-10-31,14.380000,12.318862
2002-11-01,14.550000,12.464495
2002-11-04,14.433333,12.364551
2002-11-05,14.460000,12.387395
2002-11-06,14.666667,12.564440
2002-11-07,13.713333,11.747751
2002-11-08,13.650000,11.693496
2002-11-11,13.410000,11.487896
2002-11-12,12.906667,11.056707
2002-11-13,12.633333,10.822551
2002-11-14,12.983333,11.122384
2002-11-15,13.220000,11.325129
2002-11-18,12.836667,10.996741
2002-11-19,13.020000,11.153796
2002-11-20,13.130000,11.248029
2002-11-21,13.303333,11.396518
2002-11-22,13.320000,11.410796
2002-11-25,13.423333,11.499318
2002-11-26,13.080000,11.205196
2002-11-27,13.266667,11.365107
2002-11-29,13.493333,11.559284
2002-12-02,13.403333,11.482184
2002-12-03,13.393333,11.473618
2002-12-04,13.376667,11.459340
2002-12-05,13.270000,11.367962
2002-12-06,13.426667,11.502174
2002-12-09,13.340000,11.427929
2002-12-10,13.583333,11.636384
2002-12-11,14.073333,12.056151
2002-12-12,14.100000,12.078995
2002-12-13,13.913333,11.919084
2002-12-16,14.123333,12.098984
2002-12-17,14.093333,12.073284
2002-12-18,14.056667,12.041874
2002-12-19,14.073333,12.056151
2002-12-20,14.380000,12.318862
2002-12-23,14.340000,12.284595
2002-12-24,14.333333,12.278884
2002-12-26,14.433333,12.364551
2002-12-27,14.293333,12.244617
2002-12-30,14.913333,12.775750
2002-12-31,14.820000,12.695795
2003-01-02,15.440000,13.226928
2003-01-03,15.433333,13.221217
2003-01-06,15.590000,13.355428
2003-01-07,15.450000,13.235495
2003-01-08,15.423333,13.212650
2003-01-09,15.846667,13.575306
2003-01-10,15.866667,13.592440
2003-01-13,15.790000,13.526762
2003-01-14,15.883333,13.606717
2003-01-15,15.613333,13.375417
2003-01-16,15.666667,13.421106
2003-01-17,15.666667,13.421106
2003-01-21,15.570000,13.338295
2003-01-22,15.326667,13.129840
2003-01-23,15.200000,13.021328
2003-01-24,14.803333,12.681517
2003-01-27,14.573333,12.484484
2003-01-28,14.506667,12.427373
2003-01-29,14.636667,12.538740
2003-01-30,14.323333,12.270317
2003-01-31,14.673333,12.570151
2003-02-03,14.866667,12.735773
2003-02-04,14.563333,12.475917
2003-02-05,14.470000,12.395962
2003-02-06,14.176667,12.144673
2003-02-07,14.040000,12.027595
2003-02-10,14.166667,12.136107
2003-02-11,13.973333,11.970484
2003-02-12,13.706667,11.742040
2003-02-13,14.133333,12.107551
2003-02-14,14.430000,12.361695
2003-02-18,14.600000,12.507329
2003-02-19,14.393333,12.330284
2003-02-20,14.323333,12.270317
2003-02-21,14.623333,12.527317
2003-02-24,14.450000,12.378829
2003-02-25,14.500000,12.421662
2003-02-26,14.286667,12.238907
2003-02-27,14.550000,12.508271
2003-02-28,14.570000,12.525465
2003-03-03,14.656667,12.599970
2003-03-04,14.483333,12.450959
2003-03-05,14.530000,12.491078
2003-03-06,14.403333,12.382185
2003-03-07,14.416667,12.393648
2003-03-10,13.950000,11.992466
2003-03-11,13.720000,11.794741
2003-03-12,13.713333,11.789010
2003-03-13,14.223333,12.227444
2003-03-14,14.233333,12.236041
2003-03-17,14.450000,12.422304
2003-03-18,14.040000,12.069837
2003-03-19,14.166667,12.178730
2003-03-20,14.206667,12.213117
2003-03-21,14.440000,12.413707
2003-03-24,14.073333,12.098493
2003-03-25,14.113333,12.132880
2003-03-26,13.966667,12.006795
2003-03-27,13.893333,11.943751
2003-03-28,13.750000,11.820531
2003-03-31,13.280000,11.416484
2003-04-01,13.283333,11.419349
2003-04-02,13.616667,11.705908
2003-04-03,13.380000,11.502452
2003-04-04,13.080000,11.244549
2003-04-07,12.940000,11.124195
2003-04-08,12.900000,11.089808
2003-04-09,12.813333,11.015302
2003-04-10,12.840000,11.038227
2003-04-11,12.886667,11.078346
2003-04-14,13.390000,11.511048
2003-04-15,13.710000,11.786144
2003-04-16,13.433333,11.548301
2003-04-17,13.720000,11.794741
2003-04-21,13.746667,11.817666
2003-04-22,14.250000,12.250369
2003-04-23,14.126667,12.144343
2003-04-24,14.013333,12.046912
2003-04-25,13.716667,11.791876
2003-04-28,13.726667,11.800473
2003-04-29,13.733333,11.806203
2003-04-30,13.756667,11.826263
2003-05-01,14.030000,12.061240
2003-05-02,14.160000,12.172998
2003-05-05,14.106667,12.127149
2003-05-06,14.266667,12.264697
2003-05-07,14.046667,12.075569
2003-05-08,13.783333,11.849187
2003-05-09,13.970000,12.009660
2003-05-12,14.060000,12.087031
2003-05-13,14.073333,12.098493
2003-05-14,14.073333,12.098493
2003-05-15,14.033333,12.064106
2003-05-16,14.150000,12.164401
2003-05-19,14.003333,12.038315
2003-05-20,14.093333,12.115686
2003-05-21,14.700000,12.637223
2003-05-22,14.876667,12.789099
2003-05-23,15.010000,12.903722
2003-05-27,15.250000,13.110044
2003-05-28,15.330000,13.178818
2003-05-29,15.513333,13.380065
2003-05-30,16.033333,13.828559
2003-06-02,15.940000,13.748060
2003-06-03,15.693333,13.535313
2003-06-04,15.713333,13.552562
2003-06-05,15.716667,13.555438
2003-06-06,15.623333,13.474938
2003-06-09,15.290000,13.187443
2003-06-10,15.543333,13.405939
2003-06-11,15.696667,13.538188
2003-06-12,15.640000,13.489314
2003-06-13,15.566667,13.426065
2003-06-16,15.846667,13.667561
2003-06-17,15.733333,13.569812
2003-06-18,15.626667,13.477814
2003-06-19,15.556667,13.417440
2003-06-20,15.656667,13.503689
2003-06-23,15.576667,13.434690
2003-06-24,15.926667,13.736560
2003-06-25,15.866667,13.684811
2003-06-26,15.993333,13.794059
2003-06-27,15.836667,13.658936
2003-06-30,15.763333,13.595687
2003-07-01,15.876667,13.693436
2003-07-02,16.003332,13.802683
2003-07-03,15.903333,13.716435
2003-07-07,16.170000,13.946432
2003-07-08,16.353333,14.104555
2003-07-09,16.139999,13.920557
2003-07-10,15.803333,13.630186
2003-07-11,15.920000,13.730810
2003-07-14,15.960000,13.765310
2003-07-15,15.883333,13.699185
2003-07-16,15.646667,13.495064
2003-07-17,15.406667,13.288067
2003-07-18,15.570000,13.428939
2003-07-21,15.300000,13.196068
2003-07-22,15.330000,13.221942
2003-07-23,15.203333,13.112693
2003-07-24,15.083333,13.009195
2003-07-25,15.503333,13.371440
2003-07-28,15.473333,13.345565
2003-07-29,15.263333,13.164443
2003-07-30,15.236667,13.141444
2003-07-31,15.333333,13.224817
2003-08-01,15.210000,13.118444
2003-08-04,15.073333,13.000570
2003-08-05,15.026667,12.960321
2003-08-06,15.236667,13.141444
2003-08-07,14.240000,12.281830
2003-08-08,14.250000,12.290455
2003-08-11,14.333333,12.362329
2003-08-12,14.366667,12.391079
2003-08-13,14.300000,12.333580
2003-08-14,14.420000,12.437078
2003-08-15,14.386667,12.408329
2003-08-18,14.350000,12.376704
2003-08-19,14.370000,12.393954
2003-08-20,14.253333,12.293330
2003-08-21,14.050000,12.117957
2003-08-22,13.756667,11.864961
2003-08-25,13.683333,11.801712
2003-08-26,13.853333,11.948335
2003-08-27,13.763333,11.870711
2003-08-28,13.693333,11.853398
2003-08-29,13.720000,11.876482
2003-09-02,13.933333,12.061150
2003-09-03,13.930000,12.058265
2003-09-04,14.050000,12.162141
2003-09-05,13.966667,12.090005
2003-09-08,14.100000,12.205422
2003-09-09,13.866667,12.003442
2003-09-10,13.846667,11.986129
2003-09-11,13.743333,11.896680
2003-09-12,13.703333,11.862054
2003-09-15,13.670000,11.833200
2003-09-16,13.706667,11.864940
2003-09-17,14.160000,12.257360
2003-09-18,14.193333,12.286214
2003-09-19,14.080000,12.188110
2003-09-22,13.956667,12.081349
2003-09-23,13.983333,12.104431
2003-09-24,13.816667,11.960160
2003-09-25,13.626667,11.795690
2003-09-26,13.503333,11.688928
2003-09-29,13.666667,11.830315
2003-09-30,13.456667,11.648532
2003-10-01,13.933333,12.061150
2003-10-02,13.913333,12.043837
2003-10-03,13.993333,12.113088
2003-10-06,14.156667,12.254475
2003-10-07,14.153333,12.251589
2003-10-08,14.043333,12.156369
2003-10-09,14.150000,12.248704
2003-10-10,14.016667,12.133286
2003-10-13,14.140000,12.240048
2003-10-14,14.326667,12.401633
2003-10-15,14.266667,12.349695
2003-10-16,14.523333,12.571873
2003-10-17,14.416667,12.479540
2003-10-20,14.350000,12.421830
2003-10-21,14.180000,12.274673
2003-10-22,14.063333,12.173682
2003-10-23,14.146667,12.245819
2003-10-24,14.126667,12.228506
2003-10-27,14.096667,12.202537
2003-10-28,14.270000,12.352580
2003-10-29,14.266667,12.349695
2003-10-30,14.226667,12.315069
2003-10-31,14.333333,12.407403
2003-11-03,14.423333,12.485310
2003-11-04,14.310000,12.387205
2003-11-05,14.230000,12.317955
2003-11-06,13.930000,12.058265
2003-11-07,12.996667,11.250341
2003-11-10,13.653333,11.818773
2003-11-11,13.783333,11.931305
2003-11-12,14.316667,12.392976
2003-11-13,14.250000,12.335267
2003-11-14,14.466667,12.522821
2003-11-17,14.320000,12.395861
2003-11-18,14.183333,12.277558
2003-11-19,14.233333,12.320840
2003-11-20,14.163333,12.260245
2003-11-21,14.053333,12.165026
2003-11-24,14.233333,12.320840
2003-11-25,14.283333,12.364121
2003-11-26,14.266667,12.393078
2003-11-28,14.210000,12.343853
2003-12-01,14.466667,12.566812
2003-12-02,14.373333,12.485736
2003-12-03,14.436667,12.540752
2003-12-04,14.616667,12.697113
2003-12-05,14.440000,12.543647
2003-12-08,14.513333,12.607350
2003-12-09,14.500000,12.595768
2003-12-10,14.656667,12.731860
2003-12-11,14.770000,12.830310
2003-12-12,14.843333,12.894012
2003-12-15,14.946667,12.983776
2003-12-16,15.186667,13.192257
2003-12-17,15.160000,13.169093
2003-12-18,15.333333,13.319662
2003-12-19,15.496667,13.461546
2003-12-22,15.543333,13.502084
2003-12-23,15.733333,13.667132
2003-12-24,15.706667,13.643968
2003-12-26,15.883333,13.797433
2003-12-29,16.333332,14.188335
2003-12-30,16.436666,14.278099
2003-12-31,16.483334,14.318638
2004-01-02,16.433332,14.275202
2004-01-05,16.700001,14.506851
2004-01-06,16.906668,14.686377
2004-01-07,16.809999,14.602403
2004-01-08,16.900000,14.680585
2004-01-09,17.233334,14.970143
2004-01-12,17.313334,15.039637
2004-01-13,17.266666,14.999098
2004-01-14,17.333332,15.057009
2004-01-15,17.323334,15.048324
2004-01-16,17.370001,15.088862
2004-01-20,17.420000,15.132295
2004-01-21,17.536667,15.233640
2004-01-22,17.543333,15.239431
2004-01-23,17.456667,15.164147
2004-01-26,17.730000,15.401584
2004-01-27,17.633333,15.317612
2004-01-28,17.863333,15.517407
2004-01-29,17.916668,15.563737
2004-01-30,17.886667,15.537676
2004-02-02,18.193333,15.804069
2004-02-03,18.163334,15.778010
2004-02-04,17.903334,15.552154
2004-02-05,17.916668,15.563737
2004-02-06,18.313334,15.908311
2004-02-09,18.523333,16.090731
2004-02-10,18.520000,16.087836
2004-02-11,19.083332,16.577188
2004-02-12,19.736668,17.144723
2004-02-13,19.553333,16.985465
2004-02-17,19.950001,17.330040
2004-02-18,19.969999,17.347412
2004-02-19,19.916668,17.301085
2004-02-20,19.906668,17.292398
2004-02-23,19.799999,17.199737
2004-02-24,19.719999,17.130243
2004-02-25,19.716667,17.127349
2004-02-26,19.733334,17.185408
2004-02-27,20.096666,17.501827
2004-03-01,20.516666,17.867598
2004-03-02,20.646667,17.980814
2004-03-03,20.823334,18.134670
2004-03-04,20.930000,18.227563
2004-03-05,20.913334,18.213049
2004-03-08,20.986668,18.276914
2004-03-09,20.796667,18.111446
2004-03-10,20.410000,17.774704
2004-03-11,19.993334,17.411838
2004-03-12,20.336666,17.710839
2004-03-15,20.056667,17.466993
2004-03-16,20.076668,17.484412
2004-03-17,20.146667,17.545372
2004-03-18,20.299999,17.678907
2004-03-19,19.966667,17.388614
2004-03-22,19.653334,17.115738
2004-03-23,19.483334,16.967688
2004-03-24,19.299999,16.808024
2004-03-25,19.523333,17.002522
2004-03-26,19.360001,16.860279
2004-03-29,19.616667,17.083805
2004-03-30,19.650000,17.112834
2004-03-31,19.686666,17.144766
2004-04-01,19.826668,17.266691
2004-04-02,20.106667,17.510537
2004-04-05,20.323334,17.699229
2004-04-06,20.073334,17.481508
2004-04-07,20.076668,17.484412
2004-04-08,20.033333,17.446672
2004-04-12,20.216667,17.606334
2004-04-13,20.000000,17.417643
2004-04-14,20.059999,17.469895
2004-04-15,20.036667,17.449575
2004-04-16,20.163334,17.559887
2004-04-19,20.160000,17.556984
2004-04-20,19.976667,17.397323
2004-04-21,19.956667,17.379905
2004-04-22,20.340000,17.713743
2004-04-23,20.016666,17.432157
2004-04-26,19.700001,17.156379
2004-04-27,19.696667,17.153476
2004-04-28,19.386667,16.883502
2004-04-29,19.466667,16.953173
2004-04-30,19.336666,16.839957
2004-05-03,19.366667,16.866084
2004-05-04,19.240000,16.755772
2004-05-05,19.230000,16.747064
2004-05-06,19.120001,16.651267
2004-05-07,18.860001,16.424838
2004-05-10,18.966667,16.517732
2004-05-11,18.986668,16.535150
2004-05-12,18.966667,16.517732
2004-05-13,19.413334,16.906726
2004-05-14,19.763332,17.211533
2004-05-17,19.516666,16.996716
2004-05-18,19.423332,16.915433
2004-05-19,19.430000,16.921240
2004-05-20,19.450001,16.938658
2004-05-21,19.436666,16.927045
2004-05-24,18.799999,16.372583
2004-05-25,18.910000,16.468381
2004-05-26,19.080000,16.616431
2004-05-27,19.093332,16.671731
2004-05-28,19.209999,16.773601
2004-06-01,19.530001,17.053017
2004-06-02,19.786667,17.277130
2004-06-03,19.726667,17.224740
2004-06-04,19.673332,17.178170
2004-06-07,19.893333,17.370268
2004-06-08,19.806667,17.294594
2004-06-09,19.450001,16.983164
2004-06-10,19.383333,16.924951
2004-06-14,19.316668,16.866741
2004-06-15,19.483334,17.012269
2004-06-16,19.366667,16.910399
2004-06-17,19.353333,16.898756
2004-06-18,19.376667,16.919131
2004-06-21,19.350000,16.895846
2004-06-22,19.700001,17.201456
2004-06-23,19.673332,17.178170
2004-06-24,19.876667,17.355716
2004-06-25,20.016666,17.477959
2004-06-28,20.043333,17.501244
2004-06-29,19.936666,17.408105
2004-06-30,19.986668,17.451765
2004-07-01,19.843332,17.326609
2004-07-02,19.866667,17.346984
2004-07-06,19.793333,17.282951
2004-07-07,19.616667,17.128691
2004-07-08,19.496668,17.023912
2004-07-09,19.420000,16.956968
2004-07-12,19.670000,17.175260
2004-07-13,19.370001,16.913310
2004-07-14,19.266666,16.823081
2004-07-15,19.059999,16.642625
2004-07-16,19.040001,16.625164
2004-07-19,19.049999,16.633894
2004-07-20,18.923332,16.523292
2004-07-21,18.623333,16.261342
2004-07-22,18.306667,15.984838
2004-07-23,18.160000,15.856773
2004-07-26,18.240000,15.926627
2004-07-27,18.273333,15.955732
2004-07-28,18.066668,15.775278
2004-07-29,18.660000,16.293358
2004-07-30,18.876667,16.482545
2004-08-02,18.853333,16.462171
2004-08-03,18.850000,16.459261
2004-08-04,18.753332,16.374853
2004-08-05,18.353333,16.025586
2004-08-06,18.006666,15.722886
2004-08-09,18.059999,15.769455
2004-08-10,18.200001,15.891701
2004-08-11,18.213333,15.903342
2004-08-12,18.000000,15.717066
2004-08-13,17.873333,15.606464
2004-08-16,18.323334,15.999391
2004-08-17,18.443333,16.104171
2004-08-18,18.626667,16.264253
2004-08-19,18.666668,16.299181
2004-08-20,18.866667,16.473814
2004-08-23,18.696667,16.325375
2004-08-24,18.650000,16.284627
2004-08-25,18.799999,16.415601
2004-08-26,18.763332,16.383585
2004-08-27,18.723333,16.348659
2004-08-30,18.623333,16.304883
2004-08-31,18.933332,16.576290
2004-09-01,18.813334,16.471231
2004-09-02,19.103333,16.725127
2004-09-03,19.103333,16.725127
2004-09-07,19.526667,17.095760
2004-09-08,19.343332,16.935248
2004-09-09,19.416668,16.999455
2004-09-10,19.506666,17.078249
2004-09-13,19.566668,17.130781
2004-09-14,19.753332,17.294207
2004-09-15,19.690001,17.238760
2004-09-16,19.709999,17.256268
2004-09-17,19.836666,17.367166
2004-09-20,19.693333,17.241677
2004-09-21,19.786667,17.323392
2004-09-22,19.583332,17.145370
2004-09-23,19.446667,17.025719
2004-09-24,19.450001,17.028638
2004-09-27,19.290001,16.888557
2004-09-28,19.480000,17.054902
2004-09-29,19.496668,17.069495
2004-09-30,19.500000,17.072413
2004-10-01,19.583332,17.145370
2004-10-04,19.799999,17.335064
2004-10-05,19.673332,17.224166
2004-10-06,19.750000,17.291290
2004-10-07,19.459999,17.037391
2004-10-08,19.523333,17.092841
2004-10-11,19.709999,17.256268
2004-10-12,19.646667,17.200821
2004-10-13,19.410000,16.993617
2004-10-14,19.073334,16.698863
2004-10-15,18.950001,16.590884
2004-10-18,19.096666,16.719290
2004-10-19,18.623333,16.304883
2004-10-20,18.930000,16.573373
2004-10-21,19.026667,16.658006
2004-10-22,18.950001,16.590884
2004-10-25,19.096666,16.719290
2004-10-26,19.743334,17.285454
2004-10-27,19.826668,17.358413
2004-10-28,19.830000,17.361330
2004-10-29,19.966667,17.480983
2004-11-01,19.986668,17.498494
2004-11-02,20.510000,17.956676
2004-11-03,20.706667,18.128860
2004-11-04,21.196667,18.557859
2004-11-05,21.176666,18.540348
2004-11-08,21.260000,18.613307
2004-11-09,21.293333,18.642491
2004-11-10,21.650000,18.954755
2004-11-11,21.860001,19.138613
2004-11-12,21.813334,19.097756
2004-11-15,21.953333,19.220326
2004-11-16,21.953333,19.220326
2004-11-17,22.163334,19.404184
2004-11-18,22.336666,19.555937
2004-11-19,22.209999,19.445039
2004-11-22,22.583332,19.771895
2004-11-23,22.733334,19.903223
2004-11-24,22.830000,19.987855
2004-11-26,22.850000,20.005365
2004-11-29,22.959999,20.145753
2004-11-30,23.303333,20.447004
2004-12-01,23.559999,20.672210
2004-12-02,23.590000,20.698534
2004-12-03,23.396667,20.528898
2004-12-06,23.326668,20.467479
2004-12-07,23.443333,20.569844
2004-12-08,23.416668,20.546447
2004-12-09,23.219999,20.373885
2004-12-10,23.146667,20.309541
2004-12-13,23.166668,20.327090
2004-12-14,23.133333,20.297841
2004-12-15,23.116667,20.283218
2004-12-16,23.133333,20.297841
2004-12-17,23.033333,20.210098
2004-12-20,22.956667,20.142830
2004-12-21,23.076668,20.248122
2004-12-22,23.200001,20.356338
2004-12-23,23.233334,20.385585
2004-12-27,23.180000,20.338788
2004-12-28,23.330000,20.470402
2004-12-29,23.443333,20.569844
2004-12-30,23.543333,20.657587
2004-12-31,23.433332,20.561069
2005-01-03,23.150000,20.312465
2005-01-04,23.143333,20.306616
2005-01-05,23.183332,20.341712
2005-01-06,23.233334,20.385585
2005-01-07,23.156668,20.318316
2005-01-10,23.016666,20.195474
2005-01-11,22.796667,20.002441
2005-01-12,22.816668,20.019990
2005-01-13,22.660000,19.882526
2005-01-14,23.133333,20.297841
2005-01-18,23.766666,20.853546
2005-01-19,23.510000,20.628340
2005-01-20,22.956667,20.142830
2005-01-21,22.763332,19.973192
2005-01-24,23.016666,20.195474
2005-01-25,22.703333,19.920547
2005-01-26,22.836666,20.037537
2005-01-27,22.620001,19.847429
2005-01-28,22.463333,19.709964
2005-01-31,22.666668,19.888376
2005-02-01,22.760000,19.970268
2005-02-02,23.266666,20.414831
2005-02-03,23.000000,20.180851
2005-02-04,23.600000,20.707308
2005-02-07,23.466667,20.590318
2005-02-08,23.500000,20.619565
2005-02-09,23.253332,20.403132
2005-02-10,23.833332,20.912040
2005-02-11,23.913334,20.982236
2005-02-14,23.933332,20.999783
2005-02-15,24.716667,21.687103
2005-02-16,24.146667,21.186969
2005-02-17,24.066668,21.116776
2005-02-18,24.010000,21.067054
2005-02-22,23.536667,20.651738
2005-02-23,23.643333,20.745330
2005-02-24,24.033333,21.087527
2005-02-25,24.080000,21.172522
2005-02-28,23.760000,20.891160
2005-03-01,24.343332,21.404059
2005-03-02,24.433332,21.483192
2005-03-03,24.430000,21.480262
2005-03-04,24.623333,21.650252
2005-03-07,24.570000,21.603358
2005-03-08,24.440001,21.489056
2005-03-09,24.500000,21.541810
2005-03-10,24.363333,21.421645
2005-03-11,23.933332,21.043563
2005-03-14,24.120001,21.207693
2005-03-15,24.383333,21.439230
2005-03-16,24.196667,21.275102
2005-03-17,24.049999,21.146143
2005-03-18,23.606667,20.756340
2005-03-21,23.683332,20.823749
2005-03-22,23.846666,20.967361
2005-03-23,24.030001,21.128560
2005-03-24,23.910000,21.023048
2005-03-28,23.889999,21.005462
2005-03-29,24.186666,21.266309
2005-03-30,24.466667,21.512502
2005-03-31,24.513332,21.553532
2005-04-01,24.313334,21.377683
2005-04-04,24.209999,21.286825
2005-04-05,24.290001,21.357167
2005-04-06,24.639999,21.664905
2005-04-07,24.586666,21.618012
2005-04-08,24.450001,21.497848
2005-04-11,24.340000,21.401129
2005-04-12,24.723333,21.738177
2005-04-13,24.286667,21.354235
2005-04-14,23.923332,21.034770
2005-04-15,23.336666,20.518940
2005-04-18,23.203333,20.401706
2005-04-19,23.570000,20.724101
2005-04-20,23.153334,20.357744
2005-04-21,23.596666,20.747547
2005-04-22,23.323334,20.507218
2005-04-25,23.673332,20.814956
2005-04-26,23.316668,20.501357
2005-04-27,23.603333,20.753409
2005-04-28,23.280001,20.469117
2005-04-29,23.626667,20.773926
2005-05-02,23.876667,20.993740
2005-05-03,23.639999,20.785648
2005-05-04,24.466667,21.512502
2005-05-05,24.396667,21.450954
2005-05-06,24.333332,21.395266
2005-05-09,24.290001,21.357167
2005-05-10,24.156668,21.239933
2005-05-11,24.420000,21.471470
2005-05-12,24.043333,21.140282
2005-05-13,23.786667,20.914607
2005-05-16,24.193333,21.272171
2005-05-17,24.246668,21.319066
2005-05-18,24.233334,21.307342
2005-05-19,24.263332,21.333718
2005-05-20,24.113333,21.201830
2005-05-23,24.200001,21.278034
2005-05-24,24.226667,21.301480
2005-05-25,24.406668,21.459747
2005-05-26,24.719999,21.735246
2005-05-27,24.833332,21.879149
2005-05-31,25.100000,22.114094
2005-06-01,25.129999,22.140524
2005-06-02,25.219999,22.219818
2005-06-03,24.976667,22.005433
2005-06-06,25.313334,22.302050
2005-06-07,25.290001,22.281492
2005-06-08,25.466667,22.437142
2005-06-09,25.783333,22.716137
2005-06-10,25.943333,22.857104
2005-06-13,25.963333,22.874724
2005-06-14,26.286667,23.159594
2005-06-15,26.443333,23.297623
2005-06-16,26.383333,23.244761
2005-06-17,26.566668,23.406286
2005-06-20,26.496668,23.344614
2005-06-21,26.313334,23.183089
2005-06-22,26.516666,23.362233
2005-06-23,26.320000,23.188962
2005-06-24,26.209999,23.092047
2005-06-27,26.233334,23.112606
2005-06-28,25.916668,22.833611
2005-06-29,25.920000,22.836546
2005-06-30,25.833332,22.760188
2005-07-01,25.856667,22.780747
2005-07-05,26.083332,22.980448
2005-07-06,26.080000,22.977513
2005-07-07,26.226667,23.106732
2005-07-08,26.110001,23.003945
2005-07-11,26.719999,23.541377
2005-07-12,26.903334,23.702902
2005-07-13,26.686666,23.512009
2005-07-14,26.626667,23.459148
2005-07-15,26.826668,23.635357
2005-07-18,26.753332,23.570745
2005-07-19,26.916668,23.714650
2005-07-20,27.160000,23.929035
2005-07-21,26.969999,23.761637
2005-07-22,27.666668,24.375430
2005-07-25,27.700001,24.404798
2005-07-26,27.826668,24.516396
2005-07-27,27.959999,24.633866
2005-07-28,28.086666,24.745465
2005-07-29,27.876667,24.560447
2005-08-01,27.950001,24.625058
2005-08-02,28.063334,24.724908
2005-08-03,28.076668,24.736656
2005-08-04,27.936666,24.613309
2005-08-05,27.816668,24.507586
2005-08-08,27.889999,24.572193
2005-08-09,27.896667,24.578068
2005-08-10,28.213333,24.857063
2005-08-11,28.530001,25.136061
2005-08-12,28.450001,25.065577
2005-08-15,28.543333,25.147807
2005-08-16,29.316668,25.829145
2005-08-17,28.866667,25.432677
2005-08-18,29.126667,25.661747
2005-08-19,29.066668,25.608885
2005-08-22,29.290001,25.805651
2005-08-23,29.716667,26.181560
2005-08-24,29.660000,26.131634
2005-08-25,29.443333,25.940742
2005-08-26,29.200001,25.726357
2005-08-29,29.253332,25.773344
2005-08-30,28.953333,25.552708
2005-08-31,29.230000,25.796880
2005-09-01,29.160000,25.735101
2005-09-02,29.093332,25.676263
2005-09-06,29.533333,26.064586
2005-09-07,29.663334,26.179318
2005-09-08,30.093332,26.558812
2005-09-09,31.223333,27.556092
2005-09-12,30.976667,27.338397
2005-09-13,30.533333,26.947134
2005-09-14,30.533333,26.947134
2005-09-15,30.969999,27.332512
2005-09-16,31.023333,27.379582
2005-09-19,30.709999,27.103050
2005-09-20,30.856667,27.232491
2005-09-21,30.299999,26.741205
2005-09-22,30.413334,26.841229
2005-09-23,30.143333,26.602940
2005-09-26,30.076668,26.544105
2005-09-27,30.330000,26.767682
2005-09-28,30.346666,26.782391
2005-09-29,30.686666,27.082457
2005-09-30,30.803333,27.185422
2005-10-03,30.843332,27.220723
2005-10-04,30.260000,26.705904
2005-10-05,30.240000,26.688253
2005-10-06,29.750000,26.255805
2005-10-07,30.226667,26.676486
2005-10-10,29.856667,26.349943
2005-10-11,29.590000,26.114597
2005-10-12,29.376667,25.926320
2005-10-13,29.456667,25.996924
2005-10-14,29.433332,25.976330
2005-10-17,30.480000,26.900065
2005-10-18,29.959999,26.441139
2005-10-19,30.656668,27.055983
2005-10-20,29.626667,26.146957
2005-10-21,29.980000,26.458791
2005-10-24,30.643333,27.044214
2005-10-25,30.450001,26.873589
2005-10-26,30.223333,26.673544
2005-10-27,29.600000,26.123422
2005-10-28,30.250000,26.697079
2005-10-31,30.993334,27.353107
2005-11-01,31.473333,27.776729
2005-11-02,31.680000,27.959122
2005-11-03,31.690001,27.967949
2005-11-04,31.510000,27.809089
2005-11-07,31.536667,27.832624
2005-11-08,31.836666,28.097388
2005-11-09,31.823334,28.085621
2005-11-10,32.136665,28.362151
2005-11-11,32.119999,28.347443
2005-11-14,32.353333,28.553371
2005-11-15,32.423332,28.615149
2005-11-16,32.123333,28.350385
2005-11-17,32.580002,28.753417
2005-11-18,32.599998,28.771065
2005-11-21,32.573334,28.747532
2005-11-22,32.566666,28.741648
2005-11-23,32.599998,28.771065
2005-11-25,32.599998,28.771065
2005-11-28,32.459999,28.647509
2005-11-29,32.419998,28.656347
2005-11-30,32.193333,28.455996
2005-12-01,32.466667,28.697598
2005-12-02,32.506668,28.732956
2005-12-05,32.320000,28.567958
2005-12-06,32.040001,28.320464
2005-12-07,31.940001,28.232073
2005-12-08,32.426666,28.662241
2005-12-09,32.320000,28.567958
2005-12-12,32.099998,28.373496
2005-12-13,32.126667,28.397069
2005-12-14,32.299999,28.550279
2005-12-15,32.299999,28.550279
2005-12-16,32.166668,28.432426
2005-12-19,31.863333,28.164306
2005-12-20,31.806667,28.114218
2005-12-21,31.863333,28.164306
2005-12-22,31.969999,28.258589
2005-12-23,31.980000,28.267429
2005-12-27,31.576668,27.910920
2005-12-28,31.816668,28.123058
2005-12-29,31.696667,28.016988
2005-12-30,31.616667,27.946275
2006-01-03,32.243332,28.500190
2006-01-04,32.520000,28.744740
2006-01-05,32.646667,28.856702
2006-01-06,32.930000,29.107143
2006-01-09,32.889999,29.071785
2006-01-10,33.123333,29.278032
2006-01-11,33.236668,29.378210
2006-01-12,33.276669,29.413567
2006-01-13,33.586666,29.687576
2006-01-17,33.396667,29.519634
2006-01-18,33.126667,29.280979
2006-01-19,33.400002,29.522582
2006-01-20,33.086666,29.245621
2006-01-23,33.253334,29.392941
2006-01-24,32.973331,29.145443
2006-01-25,32.650002,28.859650
2006-01-26,33.426666,29.546151
2006-01-27,33.156666,29.307495
2006-01-30,33.040001,29.204374
2006-01-31,32.896667,29.077679
2006-02-01,32.799999,28.992234
2006-02-02,32.653332,28.862593
2006-02-03,32.509998,28.735899
2006-02-06,32.293331,28.544385
2006-02-07,31.803333,28.111271
2006-02-08,31.906668,28.202610
2006-02-09,31.576668,27.910920
2006-02-10,31.950001,28.240912
2006-02-13,31.906668,28.202610
2006-02-14,32.040001,28.320464
2006-02-15,31.683332,28.005201
2006-02-16,32.000000,28.285107
2006-02-17,31.809999,28.117163
2006-02-21,31.636667,27.963953
2006-02-22,31.600000,27.931543
2006-02-23,31.766666,28.078861
2006-02-24,31.116667,27.504320
2006-02-27,30.840000,27.303645
2006-02-28,30.753332,27.226915
2006-03-01,31.330000,27.737458
2006-03-02,31.540001,27.923378
2006-03-03,31.530001,27.914525
2006-03-06,31.296667,27.707947
2006-03-07,31.016666,27.460053
2006-03-08,31.370001,27.772872
2006-03-09,31.553333,27.935181
2006-03-10,31.680000,28.047324
2006-03-13,32.073334,28.395555
2006-03-14,32.776669,29.018240
2006-03-15,32.970001,29.189403
2006-03-16,33.320000,29.499269
2006-03-17,33.349998,29.525827
2006-03-20,32.986668,29.204159
2006-03-21,33.126667,29.328105
2006-03-22,33.286667,29.469758
2006-03-23,33.306667,29.487464
2006-03-24,33.529999,29.685187
2006-03-27,33.560001,29.711749
2006-03-28,33.766666,29.894716
2006-03-29,34.259998,30.331479
2006-03-30,34.146667,30.231143
2006-03-31,33.733334,29.865206
2006-04-03,34.000000,30.101294
2006-04-04,34.090000,30.180974
2006-04-05,34.326668,30.390504
2006-04-06,33.950001,30.057029
2006-04-07,33.326668,29.505172
2006-04-10,33.643333,29.785526
2006-04-11,33.243332,29.431392
2006-04-12,33.453335,29.617314
2006-04-13,33.236668,29.425492
2006-04-17,33.653332,29.794378
2006-04-18,34.076668,30.169171
2006-04-19,34.626667,30.656103
2006-04-20,34.576668,30.611837
2006-04-21,34.736668,30.753490
2006-04-24,34.723331,30.741683
2006-04-25,34.403332,30.458377
2006-04-26,34.593334,30.626592
2006-04-27,35.119999,31.092866
2006-04-28,35.383331,31.326002
2006-05-01,35.223331,31.184349
2006-05-02,36.406666,32.231993
2006-05-03,36.563332,32.370695
2006-05-04,36.573334,32.379550
2006-05-05,36.793331,32.574320
2006-05-08,36.740002,32.527106
2006-05-09,36.529999,32.341184
2006-05-10,36.599998,32.403156
2006-05-11,36.080002,31.942787
2006-05-12,35.509998,31.438144
2006-05-15,35.919998,31.801131
2006-05-16,35.860001,31.748013
2006-05-17,35.000000,30.986627
2006-05-18,34.509998,30.552812
2006-05-19,34.849998,30.853825
2006-05-22,34.900002,30.898095
2006-05-23,34.439999,30.490840
2006-05-24,34.450001,30.499695
2006-05-25,33.639999,29.782574
2006-05-26,33.799999,29.924227
2006-05-30,33.660000,29.855488
2006-05-31,33.980000,30.139319
2006-06-01,34.310001,30.432021
2006-06-02,34.970001,31.017422
2006-06-05,34.369999,30.485237
2006-06-06,34.290001,30.414281
2006-06-07,34.110001,30.254626
2006-06-08,34.470001,30.573936
2006-06-09,34.380001,30.494109
2006-06-12,33.880001,30.050622
2006-06-13,33.240002,29.482961
2006-06-14,33.270000,29.509568
2006-06-15,34.360001,30.476369
2006-06-16,34.029999,30.183667
2006-06-19,33.869999,30.041751
2006-06-20,33.970001,30.130450
2006-06-21,34.169998,30.307842
2006-06-22,34.330002,30.449761
2006-06-23,34.330002,30.449761
2006-06-26,34.459999,30.565065
2006-06-27,34.150002,30.290106
2006-06-28,34.250000,30.378801
2006-06-29,35.299999,31.310121
2006-06-30,35.450001,31.443169
2006-07-03,35.869999,31.815696
2006-07-05,35.500000,31.487517
2006-07-06,36.009998,31.939871
2006-07-07,35.619999,31.593953
2006-07-10,35.799999,31.753608
2006-07-11,36.119999,32.037439
2006-07-12,36.169998,32.081786
2006-07-13,35.410000,31.407689
2006-07-14,35.459999,31.452037
2006-07-17,34.849998,30.910983
2006-07-18,34.860001,30.919855
2006-07-19,35.299999,31.310121
2006-07-20,35.049999,31.088378
2006-07-21,35.040001,31.079510
2006-07-24,35.549999,31.531864
2006-07-25,35.830002,31.780219
2006-07-26,36.310001,32.205965
2006-07-27,36.209999,32.117266
2006-07-28,36.230000,32.135006
2006-07-31,37.060001,32.871194
2006-08-01,37.549999,33.305809
2006-08-02,37.119999,32.924411
2006-08-03,36.750000,32.596232
2006-08-04,36.790001,32.631712
2006-08-07,37.009998,32.826843
2006-08-08,36.840000,32.676060
2006-08-09,36.869999,32.702668
2006-08-10,36.869999,32.702668
2006-08-11,36.650002,32.507537
2006-08-14,36.369999,32.259182
2006-08-15,36.939999,32.764756
2006-08-16,36.820000,32.658320
2006-08-17,36.930000,32.755887
2006-08-18,37.340000,33.119546
2006-08-21,37.680000,33.421116
2006-08-22,37.599998,33.350157
2006-08-23,37.669998,33.412245
2006-08-24,37.630001,33.376769
2006-08-25,37.900002,33.616252
2006-08-28,38.220001,33.900082
2006-08-29,38.639999,34.272609
2006-08-30,38.450001,34.159338
2006-08-31,38.480000,34.185990
2006-09-01,38.599998,34.292597
2006-09-05,38.619999,34.310366
2006-09-06,38.180000,33.919467
2006-09-07,38.130001,33.875047
2006-09-08,38.049999,33.803973
2006-09-11,38.400002,34.114919
2006-09-12,38.299999,34.026075
2006-09-13,38.750000,34.425860
2006-09-14,38.450001,34.159338
2006-09-15,38.410000,34.123801
2006-09-18,38.790001,34.461398
2006-09-19,38.680000,34.363672
2006-09-20,38.320000,34.043844
2006-09-21,38.209999,33.946118
2006-09-22,38.000000,33.759553
2006-09-25,37.799999,33.581871
2006-09-26,37.990002,33.750671
2006-09-27,38.310001,34.034961
2006-09-28,38.169998,33.910581
2006-09-29,37.900002,33.670714
2006-10-02,37.910000,33.679597
2006-10-03,37.490002,33.306466
2006-10-04,37.700001,33.493031
2006-10-05,38.049999,33.803973
2006-10-06,37.810001,33.590756
2006-10-09,37.799999,33.581871
2006-10-10,37.950001,33.715134
2006-10-11,37.980000,33.741785
2006-10-12,38.000000,33.759553
2006-10-13,38.250000,33.981656
2006-10-16,38.180000,33.919467
2006-10-17,38.040001,33.795091
2006-10-18,38.189999,33.928350
2006-10-19,38.570000,34.265947
2006-10-20,38.139999,33.883930
2006-10-23,38.560001,34.257063
2006-10-24,38.799999,34.470280
2006-10-25,39.259998,34.878947
2006-10-26,39.419998,35.021093
2006-10-27,38.650002,34.337021
2006-10-30,39.080002,34.719037
2006-10-31,38.919998,34.576888
2006-11-01,38.939999,34.594657
2006-11-02,38.759998,34.434743
2006-11-03,38.820000,34.488049
2006-11-06,39.029999,34.674614
2006-11-07,39.200001,34.825645
2006-11-08,39.730000,35.296501
2006-11-09,39.889999,35.438646
2006-11-10,40.000000,35.536372
2006-11-13,39.529999,35.118819
2006-11-14,39.730000,35.296501
2006-11-15,39.689999,35.260964
2006-11-16,39.529999,35.118819
2006-11-17,39.410000,35.012210
2006-11-20,39.430000,35.029979
2006-11-21,39.700001,35.269850
2006-11-22,40.119999,35.642980
2006-11-24,40.060001,35.589677
2006-11-27,39.990002,35.527490
2006-11-28,39.910000,35.456415
2006-11-29,40.299999,35.859050
2006-11-30,39.919998,35.520924
2006-12-01,40.299999,35.859050
2006-12-04,40.389999,35.939132
2006-12-05,40.410000,35.956929
2006-12-06,40.599998,36.125990
2006-12-07,40.630001,36.152687
2006-12-08,40.590000,36.117094
2006-12-11,41.220001,36.677670
2006-12-12,41.090000,36.561995
2006-12-13,41.430000,36.864528
2006-12-14,41.340000,36.784446
2006-12-15,41.570000,36.989100
2006-12-18,41.299999,36.748853
2006-12-19,41.480000,36.909018
2006-12-20,41.160000,36.624281
2006-12-21,41.730000,37.131469
2006-12-22,41.430000,36.864528
2006-12-26,41.860001,37.247144
2006-12-27,41.919998,37.300530
2006-12-28,41.740002,37.140369
2006-12-29,41.470001,36.900121
2007-01-03,41.230000,36.686567
2007-01-04,40.740002,36.250566
2007-01-05,40.369999,35.921336
2007-01-08,40.369999,35.921336
2007-01-09,41.189999,36.650974
2007-01-10,41.430000,36.864528
2007-01-11,42.000000,37.371716
2007-01-12,42.259998,37.603062
2007-01-16,42.250000,37.594166
2007-01-17,42.209999,37.558573
2007-01-18,42.049999,37.416205
2007-01-19,42.439999,37.763228
2007-01-22,42.240002,37.585270
2007-01-23,42.349998,37.683145
2007-01-24,42.500000,37.816617
2007-01-25,42.080002,37.442902
2007-01-26,42.430000,37.754331
2007-01-29,42.770000,38.056864
2007-01-30,42.880001,38.154743
2007-01-31,43.459999,38.670827
2007-02-01,44.040001,39.186914
2007-02-02,43.580002,38.777606
2007-02-05,43.919998,39.080135
2007-02-06,43.919998,39.080135
2007-02-07,43.709999,38.893277
2007-02-08,43.860001,39.026750
2007-02-09,42.840000,38.119150
2007-02-12,43.459999,38.670827
2007-02-13,44.560001,39.649611
2007-02-14,44.049999,39.195810
2007-02-15,44.320000,39.436058
2007-02-16,44.009998,39.160217
2007-02-20,44.000000,39.151321
2007-02-21,44.090000,39.231403
2007-02-22,44.169998,39.302586
2007-02-23,44.090000,39.231403
2007-02-26,43.889999,39.053442
2007-02-27,42.540001,37.906189
2007-02-28,43.400002,38.672511
2007-03-01,43.410000,38.681420
2007-03-02,42.529999,37.897276
2007-03-05,42.259998,37.656686
2007-03-06,43.279999,38.565580
2007-03-07,43.169998,38.467561
2007-03-08,43.730000,38.966563
2007-03-09,43.900002,39.118047
2007-03-12,44.020000,39.224974
2007-03-13,43.490002,38.752708
2007-03-14,43.590000,38.841813
2007-03-15,43.869999,39.091312
2007-03-16,43.700001,38.939832
2007-03-19,44.590000,39.732885
2007-03-20,45.160000,40.240796
2007-03-21,45.930000,40.926921
2007-03-22,45.790001,40.802172
2007-03-23,45.959999,40.953652
2007-03-26,45.810001,40.819993
2007-03-27,45.480000,40.525939
2007-03-28,45.400002,40.454655
2007-03-29,45.770000,40.784349
2007-03-30,45.430000,40.481385
2007-04-02,46.150002,41.122958
2007-04-03,46.740002,41.648691
2007-04-04,46.709999,41.621956
2007-04-05,46.810001,41.711065
2007-04-09,46.630001,41.550672
2007-04-10,46.669998,41.586312
2007-04-11,46.220001,41.185333
2007-04-12,46.320000,41.274439
2007-04-13,46.540001,41.470476
2007-04-16,47.049999,41.924920
2007-04-17,47.060001,41.933833
2007-04-18,46.720001,41.630868
2007-04-19,46.110001,41.087315
2007-04-20,46.439999,41.381367
2007-04-23,46.099998,41.078401
2007-04-24,46.150002,41.122958
2007-04-25,47.150002,42.014030
2007-04-26,46.939999,41.826902
2007-04-27,46.639999,41.559581
2007-04-30,47.320000,42.165510
2007-05-01,47.380001,42.218976
2007-05-02,47.720001,42.521940
2007-05-03,48.049999,42.815992
2007-05-04,47.930000,42.709064
2007-05-07,48.340000,43.074404
2007-05-08,48.389999,43.118956
2007-05-09,48.619999,43.323903
2007-05-10,48.000000,42.771439
2007-05-11,48.560001,43.270440
2007-05-14,48.650002,43.350638
2007-05-15,49.040001,43.698155
2007-05-16,49.590000,44.188243
2007-05-17,49.830002,44.402102
2007-05-18,50.090000,44.633779
2007-05-21,50.590000,45.079315
2007-05-22,50.910000,45.364458
2007-05-23,50.959999,45.409010
2007-05-24,50.490002,44.990209
2007-05-25,50.950001,45.400101
2007-05-29,51.020000,45.462476
2007-05-30,51.099998,45.589607
2007-05-31,51.029999,45.527157
2007-06-01,51.020000,45.518236
2007-06-04,52.349998,46.704813
2007-06-05,51.540001,45.982162
2007-06-06,51.500000,45.946475
2007-06-07,50.009998,44.617148
2007-06-08,50.869999,45.384410
2007-06-11,51.610001,46.044614
2007-06-12,51.000000,45.500393
2007-06-13,52.139999,46.517459
2007-06-14,52.930000,47.222270
2007-06-15,52.849998,47.150895
2007-06-18,52.900002,47.195507
2007-06-19,53.009998,47.293642
2007-06-20,51.700001,46.124909
2007-06-21,52.430000,46.776188
2007-06-22,52.070000,46.455009
2007-06-25,52.150002,46.526384
2007-06-26,51.189999,45.669903
2007-06-27,51.450001,45.901868
2007-06-28,50.799999,45.321959
2007-06-29,50.980000,45.482549
2007-07-02,52.000000,46.392557
2007-07-03,52.389999,46.740500
2007-07-05,51.869999,46.276575
2007-07-06,52.060001,46.446088
2007-07-09,52.009998,46.401477
2007-07-10,50.810001,45.330882
2007-07-11,51.029999,45.527157
2007-07-12,51.669998,46.098141
2007-07-13,51.860001,46.267655
2007-07-16,51.090000,45.580687
2007-07-17,50.709999,45.241664
2007-07-18,50.610001,45.152449
2007-07-19,51.139999,45.625295
2007-07-20,51.119999,45.607451
2007-07-23,51.630001,46.062457
2007-07-24,50.330002,44.902644
2007-07-25,50.709999,45.241664
2007-07-26,49.480000,44.144302
2007-07-27,47.599998,42.467031
2007-07-30,46.750000,41.708693
2007-07-31,47.400002,42.288602
2007-08-01,47.540001,42.413504
2007-08-02,47.360001,42.252914
2007-08-03,44.950001,40.102798
2007-08-06,46.209999,41.226923
2007-08-07,45.689999,40.762998
2007-08-08,45.970001,41.012806
2007-08-09,43.619999,38.916217
2007-08-10,44.299999,39.522889
2007-08-13,45.700001,40.771921
2007-08-14,44.200001,39.433674
2007-08-15,44.820000,39.986816
2007-08-16,44.590000,39.781618
2007-08-17,46.450001,41.441045
2007-08-20,45.779999,40.843293
2007-08-21,45.689999,40.762998
2007-08-22,47.380001,42.270758
2007-08-23,47.270000,42.172619
2007-08-24,48.250000,43.046940
2007-08-27,47.619999,42.484875
2007-08-28,46.020000,41.057413
2007-08-29,47.049999,41.976342
2007-08-30,46.029999,41.120958
2007-08-31,47.009998,41.996441
2007-09-04,47.759998,42.666455
2007-09-05,47.200001,42.166181
2007-09-06,46.599998,41.630167
2007-09-07,46.020000,41.112025
2007-09-10,45.630001,40.763619
2007-09-11,45.820000,40.933355
2007-09-12,45.480000,40.629616
2007-09-13,45.549999,40.692149
2007-09-14,45.570000,40.710017
2007-09-17,45.529999,40.674282
2007-09-18,46.900002,41.898176
2007-09-19,47.340000,42.291249
2007-09-20,46.840000,41.844573
2007-09-21,47.619999,42.541386
2007-09-24,47.639999,42.559253
2007-09-25,47.439999,42.380583
2007-09-26,47.860001,42.755792
2007-09-27,48.250000,43.104199
2007-09-28,48.349998,43.193532
2007-10-01,49.150002,43.908216
2007-10-02,49.130001,43.890349
2007-10-03,49.209999,43.961815
2007-10-04,49.590000,44.301289
2007-10-05,49.669998,44.372756
2007-10-08,49.150002,43.908216
2007-10-09,49.610001,44.319157
2007-10-10,49.540001,44.256623
2007-10-11,50.049999,44.712230
2007-10-12,50.119999,44.774765
2007-10-15,49.459999,44.185153
2007-10-16,49.349998,44.086883
2007-10-17,49.599998,44.310221
2007-10-18,49.849998,44.533559
2007-10-19,48.840000,43.631276
2007-10-22,49.759998,44.453157
2007-10-23,50.049999,44.712230
2007-10-24,50.299999,44.935568
2007-10-25,49.799999,44.488892
2007-10-26,50.029999,44.694363
2007-10-29,48.959999,43.738477
2007-10-30,47.970001,42.854061
2007-10-31,49.090000,43.854614
2007-11-01,48.080002,42.952331
2007-11-02,47.610001,42.532455
2007-11-05,47.230000,42.192980
2007-11-06,47.549999,42.478852
2007-11-07,46.580002,41.612304
2007-11-08,46.549999,41.585501
2007-11-09,45.900002,41.004825
2007-11-12,44.389999,39.655862
2007-11-13,45.669998,40.799351
2007-11-14,45.380001,40.540281
2007-11-15,44.970001,40.174007
2007-11-16,45.180000,40.361610
2007-11-19,44.450001,39.709465
2007-11-20,45.330002,40.495615
2007-11-21,44.389999,39.655862
2007-11-23,45.310001,40.477747
2007-11-26,44.270000,39.548661
2007-11-27,45.230000,40.406278
2007-11-28,45.959999,41.058423
2007-11-29,46.560001,41.651076
2007-11-30,47.790001,42.751395
2007-12-03,47.000000,42.044685
2007-12-04,47.549999,42.536697
2007-12-05,47.709999,42.679827
2007-12-06,48.610001,43.484940
2007-12-07,48.540001,43.422320
2007-12-10,49.139999,43.959059
2007-12-11,47.490002,42.483025
2007-12-12,48.070000,43.001873
2007-12-13,47.840000,42.796122
2007-12-14,46.799999,41.865771
2007-12-17,47.939999,42.885578
2007-12-18,47.900002,42.849798
2007-12-19,47.580002,42.563536
2007-12-20,47.820000,42.778231
2007-12-21,49.490002,44.272161
2007-12-24,50.240002,44.943086
2007-12-26,49.950001,44.683661
2007-12-27,48.730000,43.592287
2007-12-28,49.349998,44.146918
2007-12-31,50.340000,45.032541
2008-01-02,50.619999,45.283020
2008-01-03,50.000000,44.728388
2008-01-04,48.490002,43.377593
2008-01-07,49.509998,44.290048
2008-01-08,47.820000,42.778231
2008-01-09,48.029999,42.966089
2008-01-10,48.919998,43.762253
2008-01-11,47.880001,42.831906
2008-01-14,49.009998,43.842765
2008-01-15,47.529999,42.518805
2008-01-16,47.610001,42.590372
2008-01-17,45.400002,40.613378
2008-01-18,44.919998,40.183982
2008-01-22,44.080002,39.432549
2008-01-23,44.799999,40.076635
2008-01-24,45.720001,40.899639
2008-01-25,44.750000,40.031908
2008-01-28,46.060001,41.203792
2008-01-29,46.830002,41.892610
2008-01-30,45.900002,41.060662
2008-01-31,46.509998,41.606345
2008-02-01,47.279999,42.295163
2008-02-04,47.610001,42.590372
2008-02-05,45.580002,40.774401
2008-02-06,45.009998,40.264493
2008-02-07,44.860001,40.130311
2008-02-08,44.730000,40.014016
2008-02-11,41.000000,36.677279
2008-02-12,42.590000,38.099641
2008-02-13,42.919998,38.394847
2008-02-14,42.869999,38.350119
2008-02-15,42.919998,38.394847
2008-02-19,43.099998,38.555869
2008-02-20,43.279999,38.716892
2008-02-21,42.810001,38.296447
2008-02-22,43.009998,38.475358
2008-02-25,43.680000,39.074720
2008-02-26,44.369999,39.691971
2008-02-27,43.900002,39.271527
2008-02-28,43.029999,38.548131
2008-02-29,41.840000,37.482078
2008-03-03,41.389999,37.078948
2008-03-04,41.500000,37.177492
2008-03-05,41.880001,37.517913
2008-03-06,41.200001,36.908740
2008-03-07,40.959999,36.693735
2008-03-10,40.430000,36.218939
2008-03-11,41.720001,37.374578
2008-03-12,41.029999,36.756444
2008-03-13,41.299999,36.998322
2008-03-14,40.240002,36.048731
2008-03-17,39.189999,35.108093
2008-03-18,40.970001,36.702696
2008-03-19,39.840000,35.690392
2008-03-20,40.430000,36.218939
2008-03-24,40.639999,36.407066
2008-03-25,41.330002,37.025200
2008-03-26,40.540001,36.317483
2008-03-27,40.169998,35.986018
2008-03-28,40.060001,35.887478
2008-03-31,40.220001,36.030813
2008-04-01,41.900002,37.535831
2008-04-02,42.330002,37.921043
2008-04-03,42.250000,37.849374
2008-04-04,42.139999,37.750830
2008-04-07,42.180000,37.786665
2008-04-08,41.490002,37.168535
2008-04-09,41.490002,37.168535
2008-04-10,41.540001,37.213326
2008-04-11,41.090000,36.810196
2008-04-14,41.410000,37.096866
2008-04-15,42.009998,37.634370
2008-04-16,43.020000,38.539173
2008-04-17,43.259998,38.754174
2008-04-18,44.270000,39.658977
2008-04-21,43.910000,39.336474
2008-04-22,43.639999,39.094595
2008-04-23,43.810001,39.246890
2008-04-24,44.560001,39.918773
2008-04-25,44.630001,39.981482
2008-04-28,42.279999,37.876248
2008-04-29,42.270000,37.867291
2008-04-30,42.110001,37.723957
2008-05-01,42.560001,38.127086
2008-05-02,43.320000,38.807926
2008-05-05,43.520000,38.987095
2008-05-06,44.900002,40.223360
2008-05-07,44.060001,39.470851
2008-05-08,44.099998,39.506682
2008-05-09,46.290001,41.468581
2008-05-12,47.939999,42.946721
2008-05-13,49.049999,43.941107
2008-05-14,49.340000,44.200902
2008-05-15,49.259998,44.129233
2008-05-16,49.410000,44.263611
2008-05-19,49.099998,43.985898
2008-05-20,48.590000,43.529020
2008-05-21,47.689999,42.777784
2008-05-22,47.750000,42.831605
2008-05-23,47.090000,42.239587
2008-05-27,47.290001,42.418987
2008-05-28,48.400002,43.414654
2008-05-29,49.240002,44.168132
2008-05-30,49.570000,44.464139
2008-06-02,49.450001,44.356500
2008-06-03,49.500000,44.401349
2008-06-04,50.540001,45.334227
2008-06-05,50.639999,45.423925
2008-06-06,49.950001,44.804999
2008-06-09,49.740002,44.616630
2008-06-10,48.500000,43.504352
2008-06-11,48.950001,43.908002
2008-06-12,49.369999,44.284739
2008-06-13,50.400002,45.208648
2008-06-16,50.720001,45.495686
2008-06-17,50.139999,44.975426
2008-06-18,50.119999,44.957486
2008-06-19,50.150002,44.984399
2008-06-20,49.490002,44.392381
2008-06-23,48.799999,43.773450
2008-06-24,49.000000,43.952851
2008-06-25,48.650002,43.638904
2008-06-26,47.490002,42.598387
2008-06-27,47.520000,42.625295
2008-06-30,46.900002,42.069159
2008-07-01,47.230000,42.365166
2008-07-02,46.419998,41.638597
2008-07-03,45.959999,41.225979
2008-07-07,45.230000,40.571172
2008-07-08,46.630001,41.826969
2008-07-09,45.630001,40.929972
2008-07-10,45.980000,41.243920
2008-07-11,45.360001,40.687783
2008-07-14,44.779999,40.167523
2008-07-15,43.770000,39.261557
2008-07-16,43.349998,38.884816
2008-07-17,43.020000,38.588809
2008-07-18,42.939999,38.517048
2008-07-21,43.500000,39.019368
2008-07-22,44.110001,39.566537
2008-07-23,43.419998,38.947606
2008-07-24,41.900002,37.584174
2008-07-25,41.919998,37.602111
2008-07-28,42.549999,38.167220
2008-07-29,44.450001,39.871516
2008-07-30,45.419998,40.741600
2008-07-31,44.560001,39.970185
2008-08-01,44.369999,39.799754
2008-08-04,43.200001,38.750269
2008-08-05,43.980000,39.449926
2008-08-06,44.290001,39.727996
2008-08-07,42.689999,38.292799
2008-08-08,43.500000,39.019368
2008-08-11,43.230000,38.777178
2008-08-12,42.610001,38.221041
2008-08-13,42.259998,37.907090
2008-08-14,42.599998,38.212068
2008-08-15,42.380001,38.014732
2008-08-18,41.570000,37.288163
2008-08-19,40.939999,36.723054
2008-08-20,41.209999,36.965244
2008-08-21,40.980000,36.758935
2008-08-22,42.080002,37.745634
2008-08-25,41.349998,37.090822
2008-08-26,41.889999,37.575202
2008-08-27,43.000000,38.570869
2008-08-28,43.730000,39.282774
2008-08-29,43.430000,39.013283
2008-09-02,43.020000,38.644979
2008-09-03,42.680000,38.339556
2008-09-04,41.700001,37.459220
2008-09-05,42.290001,37.989219
2008-09-08,43.389999,38.977350
2008-09-09,41.330002,37.126849
2008-09-10,41.549999,37.324473
2008-09-11,41.279999,37.081932
2008-09-12,41.849998,37.593963
2008-09-15,39.230000,35.240412
2008-09-16,40.020000,35.950071
2008-09-17,37.810001,33.964823
2008-09-18,40.000000,35.932105
2008-09-19,40.980000,36.812442
2008-09-22,40.049999,35.977019
2008-09-23,40.189999,36.102782
2008-09-24,40.660000,36.524985
2008-09-25,42.240002,37.944305
2008-09-26,42.990002,38.618032
2008-09-29,36.869999,33.120417
2008-09-30,39.490002,35.473973
2008-10-01,38.450001,34.539737
2008-10-02,34.849998,31.305845
2008-10-03,35.820000,32.177200
2008-10-06,34.480000,30.973475
2008-10-07,33.070000,29.706868
2008-10-08,27.270000,24.496713
2008-10-09,26.570000,23.867901
2008-10-10,26.100000,23.445699
2008-10-13,32.270000,28.988226
2008-10-14,33.869999,30.425509
2008-10-15,30.299999,27.218569
2008-10-16,32.590000,29.275683
2008-10-17,31.410000,28.215686
2008-10-20,34.590000,31.072288
2008-10-21,33.009998,29.652968
2008-10-22,30.049999,26.993993
2008-10-23,31.840000,28.601956
2008-10-24,31.309999,28.125854
2008-10-27,25.650000,23.041462
2008-10-28,29.059999,26.104673
2008-10-29,28.750000,25.826201
2008-10-30,32.230000,28.952294
2008-10-31,33.200001,29.823648
2008-11-03,33.150002,29.778734
2008-11-04,33.500000,30.093138
2008-11-05,32.049999,28.790598
2008-11-06,29.290001,26.311285
2008-11-07,30.190001,27.119757
2008-11-10,29.330000,26.347216
2008-11-11,28.629999,25.718403
2008-11-12,26.540001,23.840953
2008-11-13,29.150000,26.185522
2008-11-14,27.940001,25.098576
2008-11-17,25.980000,23.337902
2008-11-18,26.180000,23.517563
2008-11-19,23.700001,21.289773
2008-11-20,20.070000,18.028934
2008-11-21,22.340000,20.068081
2008-11-24,25.580000,22.978581
2008-11-25,25.540001,22.942650
2008-11-26,27.350000,24.628847
2008-11-28,27.389999,24.664866
2008-12-01,23.480000,21.143888
2008-12-02,25.500000,22.962910
2008-12-03,26.580000,23.935457
2008-12-04,25.100000,22.602708
2008-12-05,25.980000,23.395154
2008-12-08,28.049999,25.259201
2008-12-09,26.830000,24.160584
2008-12-10,28.000000,25.214176
2008-12-11,27.049999,24.358694
2008-12-12,27.420000,24.691883
2008-12-15,26.780001,24.115559
2008-12-16,29.120001,26.222744
2008-12-17,28.450001,25.619405
2008-12-18,27.389999,24.664866
2008-12-19,27.980000,25.196166
2008-12-22,26.709999,24.052522
2008-12-23,26.850000,24.178594
2008-12-24,26.350000,23.728341
2008-12-26,26.760000,24.097548
2008-12-29,26.309999,23.692320
2008-12-30,27.770000,25.007060
2008-12-31,28.250000,25.439303
2009-01-02,29.770000,26.808072
2009-01-05,29.809999,26.844092
2009-01-06,29.920000,26.943148
2009-01-07,28.200001,25.394278
2009-01-08,28.469999,25.637413
2009-01-09,27.500000,24.763923
2009-01-12,26.559999,23.917446
2009-01-13,26.320000,23.701326
2009-01-14,24.559999,22.116434
2009-01-15,24.950001,22.467633
2009-01-16,25.090000,22.593703
2009-01-20,23.480000,21.143888
2009-01-21,25.760000,23.197042
2009-01-22,24.240000,21.828273
2009-01-23,24.530001,22.089420
2009-01-26,24.469999,22.035388
2009-01-27,25.020000,22.530667
2009-01-28,26.219999,23.611274
2009-01-29,24.530001,22.089420
2009-01-30,24.400000,21.972354
2009-02-02,23.160000,20.855726
2009-02-03,23.389999,21.062841
2009-02-04,23.500000,21.161898
2009-02-05,24.250000,21.837278
2009-02-06,24.980000,22.494647
2009-02-09,25.070000,22.575693
2009-02-10,23.059999,20.765674
2009-02-11,23.860001,21.486081
2009-02-12,23.270000,20.954781
2009-02-13,22.820000,20.549554
2009-02-17,21.160000,19.054713
2009-02-18,21.280001,19.162775
2009-02-19,20.709999,18.649484
2009-02-20,20.150000,18.145202
2009-02-23,19.639999,17.685943
2009-02-24,21.219999,19.108743
2009-02-25,20.500000,18.460379
2009-02-26,20.530001,18.543931
2009-02-27,19.850000,17.929714
2009-03-02,18.990000,17.152910
2009-03-03,18.900000,17.071617
2009-03-04,19.820000,17.902616
2009-03-05,18.250000,16.484497
2009-03-06,18.129999,16.376105
2009-03-09,18.020000,16.276748
2009-03-10,19.280001,17.414856
2009-03-11,18.370001,16.592890
2009-03-12,19.719999,17.812289
2009-03-13,20.320000,18.354246
2009-03-16,20.160000,18.209724
2009-03-17,21.650000,19.555582
2009-03-18,22.450001,20.278191
2009-03-19,22.870001,20.657560
2009-03-20,22.700001,20.504006
2009-03-23,23.510000,21.235646
2009-03-24,22.500000,20.323353
2009-03-25,23.120001,20.883375
2009-03-26,23.180000,20.937570
2009-03-27,22.340000,20.178831
2009-03-30,21.540001,19.456224
2009-03-31,22.100000,19.962049
2009-04-01,22.590000,20.404646
2009-04-02,23.049999,20.820145
2009-04-03,23.490000,21.217581
2009-04-06,22.900000,20.684657
2009-04-07,22.290001,20.133669
2009-04-08,22.730000,20.531103
2009-04-09,24.549999,22.175035
2009-04-13,25.530001,23.060232
2009-04-14,24.219999,21.876960
2009-04-15,25.209999,22.771187
2009-04-16,25.150000,22.716992
2009-04-17,25.180000,22.744090
2009-04-20,23.610001,21.325973
2009-04-21,25.320000,22.870547
2009-04-22,24.020000,21.696308
2009-04-23,24.860001,22.455048
2009-04-24,25.020000,22.599569
2009-04-27,24.520000,22.147939
2009-04-28,24.290001,21.940190
2009-04-29,25.350000,22.897644
2009-04-30,24.889999,22.482144
2009-05-01,25.190001,22.753124
2009-05-04,27.330000,24.686099
2009-05-05,26.700001,24.117047
2009-05-06,27.889999,25.191924
2009-05-07,26.770000,24.180274
2009-05-08,29.010000,26.203577
2009-05-11,26.809999,24.216403
2009-05-12,26.820000,24.225437
2009-05-13,25.650000,23.168622
2009-05-14,26.219999,23.683480
2009-05-15,25.209999,22.771187
2009-05-18,26.879999,24.279632
2009-05-19,26.490000,23.927361
2009-05-20,26.059999,23.538958
2009-05-21,25.740000,23.249916
2009-05-22,25.760000,23.267981
2009-05-26,26.530001,23.963492
2009-05-27,25.389999,22.933774
2009-05-28,26.309999,23.823417
2009-05-29,27.049999,24.493479
2009-06-01,28.430000,25.743055
2009-06-02,28.400000,25.715890
2009-06-03,27.520000,24.919060
2009-06-04,28.150000,25.489518
2009-06-05,27.690001,25.072994
2009-06-08,27.920000,25.281255
2009-06-09,28.049999,25.398968
2009-06-10,28.090000,25.435188
2009-06-11,28.200001,25.534793
2009-06-12,28.129999,25.471407
2009-06-15,27.480000,24.882840
2009-06-16,27.219999,24.647412
2009-06-17,26.910000,24.366711
2009-06-18,27.200001,24.629304
2009-06-19,27.430000,24.837566
2009-06-22,26.540001,24.031681
2009-06-23,26.790001,24.258054
2009-06-24,26.660000,24.140339
2009-06-25,27.559999,24.955278
2009-06-26,27.170000,24.602138
2009-06-29,27.440001,24.846621
2009-06-30,27.400000,24.810401
2009-07-01,27.420000,24.828511
2009-07-02,26.049999,23.587990
2009-07-06,26.629999,24.113173
2009-07-07,25.950001,23.497443
2009-07-08,25.670000,23.243905
2009-07-09,25.760000,23.325399
2009-07-10,25.750000,23.316344
2009-07-13,26.639999,24.122228
2009-07-14,26.370001,23.877748
2009-07-15,27.480000,24.882840
2009-07-16,27.559999,24.955278
2009-07-17,27.389999,24.801345
2009-07-20,27.799999,25.172596
2009-07-21,27.889999,25.254090
2009-07-22,28.059999,25.408023
2009-07-23,29.040001,26.295404
2009-07-24,29.340000,26.567050
2009-07-27,29.730000,26.920191
2009-07-28,29.340000,26.567050
2009-07-29,28.980000,26.241074
2009-07-30,29.629999,26.829641
2009-07-31,30.020000,27.182782
2009-08-03,32.080002,29.048092
2009-08-04,32.230000,29.183913
2009-08-05,32.160000,29.120529
2009-08-06,31.420000,28.450467
2009-08-07,31.709999,28.713058
2009-08-10,31.969999,28.948485
2009-08-11,31.020000,28.088271
2009-08-12,31.959999,28.939430
2009-08-13,32.480000,29.410286
2009-08-14,32.009998,28.984704
2009-08-17,31.030001,28.097327
2009-08-18,31.320000,28.359918
2009-08-19,31.570000,28.586290
2009-08-20,31.860001,28.848883
2009-08-21,33.150002,30.016965
2009-08-24,33.470001,30.306721
2009-08-25,34.119999,30.895287
2009-08-26,33.930000,30.723245
2009-08-27,34.090000,30.868123
2009-08-28,34.130001,30.961107
2009-08-31,34.150002,30.979251
2009-09-01,32.889999,29.836236
2009-09-02,32.450001,29.437091
2009-09-03,32.880001,29.827167
2009-09-04,32.820000,29.772737
2009-09-08,33.419998,30.317026
2009-09-09,33.779999,30.643602
2009-09-10,34.060001,30.897606
2009-09-11,33.779999,30.643602
2009-09-14,34.169998,30.997390
2009-09-15,34.380001,31.187895
2009-09-16,35.340000,32.058760
2009-09-17,34.900002,31.659615
2009-09-18,34.790001,31.559827
2009-09-21,34.730000,31.505397
2009-09-22,34.680000,31.460040
2009-09-23,34.279999,31.097178
2009-09-24,33.590000,30.471244
2009-09-25,33.520000,30.407743
2009-09-28,34.529999,31.323966
2009-09-29,34.439999,31.242322
2009-09-30,34.250000,31.069964
2009-10-01,33.439999,30.335170
2009-10-02,33.520000,30.407743
2009-10-05,34.090000,30.924820
2009-10-06,34.730000,31.505397
2009-10-07,34.799999,31.568897
2009-10-08,34.919998,31.677755
2009-10-09,34.810001,31.577970
2009-10-12,35.090000,31.831972
2009-10-13,34.770000,31.541684
2009-10-14,35.810001,32.485123
2009-10-15,36.570000,33.174558
2009-10-16,35.889999,32.557693
2009-10-19,36.250000,32.884269
2009-10-20,35.619999,32.312762
2009-10-21,35.139999,31.877329
2009-10-22,36.500000,33.111057
2009-10-23,35.880001,32.548623
2009-10-26,35.299999,32.022473
2009-10-27,34.650002,31.432827
2009-10-28,33.570000,30.453101
2009-10-29,34.369999,31.178822
2009-10-30,33.099998,30.026737
2009-11-02,33.900002,30.752463
2009-11-03,34.189999,31.015534
2009-11-04,33.959999,30.806889
2009-11-05,34.599998,31.387466
2009-11-06,34.599998,31.387466
2009-11-09,35.480000,32.185762
2009-11-10,35.540001,32.240192
2009-11-11,35.910000,32.575837
2009-11-12,35.630001,32.321835
2009-11-13,35.480000,32.185762
2009-11-16,36.200001,32.838912
2009-11-17,36.070000,32.720981
2009-11-18,36.209999,32.847982
2009-11-19,35.889999,32.557693
2009-11-20,35.500000,32.203905
2009-11-23,35.910000,32.575837
2009-11-24,35.599998,32.294618
2009-11-25,36.000000,32.714916
2009-11-27,35.000000,31.806168
2009-11-30,35.419998,32.187840
2009-12-01,35.709999,32.451378
2009-12-02,35.580002,32.333243
2009-12-03,35.180000,31.969743
2009-12-04,35.450001,32.215105
2009-12-07,35.380001,32.151493
2009-12-08,35.020000,31.824343
2009-12-09,35.049999,31.851604
2009-12-10,35.430000,32.196929
2009-12-11,35.580002,32.333243
2009-12-14,35.980000,32.696741
2009-12-15,35.889999,32.614953
2009-12-16,35.930000,32.651303
2009-12-17,35.840000,32.569516
2009-12-18,36.119999,32.823964
2009-12-21,36.070000,32.778528
2009-12-22,36.090000,32.796703
2009-12-23,36.279999,32.969364
2009-12-24,36.599998,33.260162
2009-12-28,36.459999,33.132939
2009-12-29,36.650002,33.305603
2009-12-30,36.610001,33.269253
2009-12-31,36.349998,33.032976
2010-01-04,37.180000,33.787238
2010-01-05,37.380001,33.968988
2010-01-06,37.639999,34.205261
2010-01-07,37.919998,34.459709
2010-01-08,37.889999,34.432448
2010-01-11,37.919998,34.459709
2010-01-12,37.619999,34.187086
2010-01-13,37.919998,34.459709
2010-01-14,37.910000,34.450624
2010-01-15,37.209999,33.814499
2010-01-19,38.160000,34.677811
2010-01-20,37.599998,34.168910
2010-01-21,37.189999,33.796324
2010-01-22,35.730000,32.469554
2010-01-25,36.090000,32.796703
2010-01-26,36.040001,32.751266
2010-01-27,36.380001,33.060241
2010-01-28,35.930000,32.651303
2010-01-29,35.770000,32.505904
2010-02-01,36.410000,33.087502
2010-02-02,37.060001,33.678189
2010-02-03,36.630001,33.287428
2010-02-04,35.330002,32.106057
2010-02-05,35.369999,32.142404
2010-02-08,34.759998,31.588067
2010-02-09,35.220001,32.006093
2010-02-10,35.029999,31.833430
2010-02-11,35.209999,31.997004
2010-02-12,35.169998,31.960653
2010-02-16,36.119999,32.823964
2010-02-17,36.169998,32.869401
2010-02-18,36.439999,33.114764
2010-02-19,36.549999,33.214726
2010-02-22,36.700001,33.351040
2010-02-23,36.060001,32.769441
2010-02-24,36.619999,33.278338
2010-02-25,36.660000,33.371645
2010-02-26,36.459999,33.189584
2010-03-01,37.020000,33.699354
2010-03-02,37.189999,33.854104
2010-03-03,37.049999,33.726662
2010-03-04,37.139999,33.808589
2010-03-05,37.500000,34.136298
2010-03-08,37.540001,34.172711
2010-03-09,37.439999,34.081679
2010-03-10,37.529999,34.163606
2010-03-11,37.700001,34.318359
2010-03-12,37.560001,34.190917
2010-03-15,37.400002,34.045270
2010-03-16,37.619999,34.245533
2010-03-17,37.599998,34.227326
2010-03-18,37.450001,34.090784
2010-03-19,37.169998,33.835897
2010-03-22,37.139999,33.808589
2010-03-23,37.470001,34.108990
2010-03-24,37.250000,33.908723
2010-03-25,37.099998,33.772176
2010-03-26,37.240002,33.899622
2010-03-29,37.360001,34.008857
2010-03-30,37.230000,33.890517
2010-03-31,37.279999,33.936031
2010-04-01,37.869999,34.473109
2010-04-05,38.439999,34.991980
2010-04-06,38.279999,34.846332
2010-04-07,38.060001,34.646068
2010-04-08,38.040001,34.627862
2010-04-09,38.439999,34.991980
2010-04-12,38.459999,35.010186
2010-04-13,38.500000,35.046599
2010-04-14,38.930000,35.438029
2010-04-15,38.810001,35.328794
2010-04-16,37.799999,34.409388
2010-04-19,38.200001,34.773510
2010-04-20,38.669998,35.201349
2010-04-21,38.570000,35.110321
2010-04-22,38.029999,34.618757
2010-04-23,38.369999,34.928259
2010-04-26,38.500000,35.046599
2010-04-27,37.380001,34.027063
2010-04-28,37.259998,33.917824
2010-04-29,37.820000,34.427595
2010-04-30,37.240002,33.899622
2010-05-03,37.439999,34.081679
2010-05-04,36.060001,32.825465
2010-05-05,35.830002,32.616097
2010-05-06,33.919998,30.877418
2010-05-07,33.599998,30.586121
2010-05-10,34.980000,31.842339
2010-05-11,34.919998,31.787719
2010-05-12,35.360001,32.188254
2010-05-13,34.889999,31.760411
2010-05-14,34.099998,31.041272
2010-05-17,33.939999,30.895625
2010-05-18,33.189999,30.212899
2010-05-19,33.119999,30.149178
2010-05-20,31.309999,28.501532
2010-05-21,31.969999,29.102331
2010-05-24,31.389999,28.574356
2010-05-25,31.490000,28.665387
2010-05-26,31.480000,28.656284
2010-05-27,32.970001,30.072340
2010-05-28,32.509998,29.652765
2010-06-01,31.870001,29.069016
2010-06-02,32.630001,29.762221
2010-06-03,32.549999,29.689251
2010-06-04,31.600000,28.822745
2010-06-07,31.340000,28.585596
2010-06-08,31.299999,28.549110
2010-06-09,31.120001,28.384932
2010-06-10,32.430000,29.579798
2010-06-11,32.549999,29.689251
2010-06-14,32.740002,29.862555
2010-06-15,33.650002,30.692577
2010-06-16,33.689999,30.729058
2010-06-17,33.869999,30.893239
2010-06-18,33.900002,30.920605
2010-06-21,33.770000,30.802028
2010-06-22,33.759998,30.792905
2010-06-23,33.680000,30.719938
2010-06-24,33.349998,30.418939
2010-06-25,33.880001,30.902362
2010-06-28,33.689999,30.729058
2010-06-29,33.259998,30.336849
2010-06-30,33.310001,30.382458
2010-07-01,33.650002,30.692577
2010-07-02,33.570000,30.619606
2010-07-06,33.860001,30.884119
2010-07-07,34.980000,31.905684
2010-07-08,35.459999,32.343497
2010-07-09,35.700001,32.562406
2010-07-12,35.529999,32.407345
2010-07-13,36.070000,32.899886
2010-07-14,36.180000,33.000219
2010-07-15,36.439999,33.237367
2010-07-16,35.560001,32.434710
2010-07-19,35.630001,32.498558
2010-07-20,36.340000,33.146157
2010-07-21,35.990002,32.826919
2010-07-22,36.880001,33.638698
2010-07-23,37.169998,33.903208
2010-07-26,37.130001,33.866726
2010-07-27,37.169998,33.903208
2010-07-28,36.980000,33.729908
2010-07-29,37.189999,33.921451
2010-07-30,37.150002,33.884969
2010-08-02,37.580002,34.277178
2010-08-03,37.529999,34.231569
2010-08-04,38.049999,34.705868
2010-08-05,38.200001,34.842686
2010-08-06,37.980000,34.642021
2010-08-09,38.549999,35.161924
2010-08-10,37.950001,34.614658
2010-08-11,37.000000,33.748151
2010-08-12,36.900002,33.656941
2010-08-13,37.049999,33.793755
2010-08-16,36.880001,33.638698
2010-08-17,37.490002,34.195087
2010-08-18,37.090000,33.830241
2010-08-19,36.540001,33.328580
2010-08-20,36.290001,33.100552
2010-08-23,35.860001,32.708344
2010-08-24,35.349998,32.243164
2010-08-25,35.250000,32.151954
2010-08-26,34.930000,31.860078
2010-08-27,35.959999,32.799553
2010-08-30,35.150002,32.116565
2010-08-31,35.139999,32.107425
2010-09-01,36.189999,33.066810
2010-09-02,36.250000,33.121633
2010-09-03,36.900002,33.715540
2010-09-07,36.419998,33.276961
2010-09-08,36.389999,33.249550
2010-09-09,36.349998,33.213002
2010-09-10,36.509998,33.359194
2010-09-13,36.860001,33.678991
2010-09-14,36.630001,33.468840
2010-09-15,36.869999,33.688127
2010-09-16,37.020000,33.825183
2010-09-17,37.230000,34.017060
2010-09-20,37.869999,34.601827
2010-09-21,37.820000,34.556143
2010-09-22,37.490002,34.254623
2010-09-23,36.869999,33.688127
2010-09-24,37.619999,34.373402
2010-09-27,37.320000,34.099293
2010-09-28,37.730000,34.473910
2010-09-29,37.959999,34.684060
2010-09-30,37.900002,34.629241
2010-10-01,38.020000,34.738883
2010-10-04,37.660000,34.409951
2010-10-05,38.480000,35.159185
2010-10-06,38.759998,35.415019
2010-10-07,38.570000,35.241418
2010-10-08,38.910000,35.552076
2010-10-11,38.830002,35.478982
2010-10-12,39.480000,36.072885
2010-10-13,39.869999,36.429227
2010-10-14,39.799999,36.365268
2010-10-15,39.660000,36.237351
2010-10-18,39.830002,36.392682
2010-10-19,39.290001,35.899283
2010-10-20,39.740002,36.310449
2010-10-21,39.770000,36.337858
2010-10-22,39.700001,36.273900
2010-10-25,39.650002,36.228216
2010-10-26,39.770000,36.337858
2010-10-27,39.430000,36.027200
2010-10-28,39.470001,36.063749
2010-10-29,39.490002,36.082024
2010-11-01,39.520000,36.109433
2010-11-02,39.880001,36.438366
2010-11-03,39.770000,36.337858
2010-11-04,40.070000,36.611968
2010-11-05,40.080002,36.621107
2010-11-08,39.869999,36.429227
2010-11-09,39.270000,35.881008
2010-11-10,39.680000,36.255625
2010-11-11,39.330002,35.935832
2010-11-12,39.230000,35.844460
2010-11-15,39.259998,35.871869
2010-11-16,38.400002,35.086091
2010-11-17,38.080002,34.793707
2010-11-18,38.740002,35.396749
2010-11-19,38.299999,34.994718
2010-11-22,38.299999,34.994718
2010-11-23,37.610001,34.364267
2010-11-24,38.009998,34.729744
2010-11-26,37.540001,34.356801
2010-11-29,37.660000,34.466624
2010-11-30,37.410000,34.237823
2010-12-01,37.910000,34.695426
2010-12-02,38.220001,34.979140
2010-12-03,38.130001,34.896772
2010-12-06,38.029999,34.805249
2010-12-07,37.930000,34.713730
2010-12-08,38.340000,35.088964
2010-12-09,38.470001,35.207941
2010-12-10,38.770000,35.482502
2010-12-13,38.709999,35.427589
2010-12-14,38.540001,35.272006
2010-12-15,38.419998,35.162178
2010-12-16,38.639999,35.363524
2010-12-17,38.650002,35.372679
2010-12-20,38.799999,35.509957
2010-12-21,38.980000,35.674695
2010-12-22,39.200001,35.876041
2010-12-23,38.980000,35.674695
2010-12-27,39.180000,35.857736
2010-12-28,39.009998,35.702149
2010-12-29,39.000000,35.692999
2010-12-30,38.939999,35.638086
2010-12-31,38.910000,35.610631
2011-01-03,39.400002,36.059083
2011-01-04,39.299999,35.967560
2011-01-05,39.619999,36.260425
2011-01-06,39.750000,36.379403
2011-01-07,39.980000,36.589900
2011-01-10,40.009998,36.617354
2011-01-11,40.110001,36.708878
2011-01-12,40.799999,37.340367
2011-01-13,40.470001,37.038352
2011-01-14,40.349998,36.928524
2011-01-18,40.439999,37.010894
2011-01-19,39.799999,36.425162
2011-01-20,40.040001,36.644813
2011-01-21,40.230000,36.818701
2011-01-24,40.490002,37.056657
2011-01-25,40.700001,37.248849
2011-01-26,40.389999,36.965133
2011-01-27,40.700001,37.248849
2011-01-28,39.959999,36.571595
2011-01-31,40.049999,36.653964
2011-02-01,41.270000,37.770515
2011-02-02,41.290001,37.788820
2011-02-03,41.279999,37.779666
2011-02-04,41.400002,37.889493
2011-02-07,43.270000,39.600925
2011-02-08,43.029999,39.381275
2011-02-09,43.000000,39.353820
2011-02-10,43.000000,39.353820
2011-02-11,43.029999,39.381275
2011-02-14,43.070000,39.417884
2011-02-15,43.000000,39.353820
2011-02-16,43.139999,39.481947
2011-02-17,43.240002,39.573471
2011-02-18,43.189999,39.527708
2011-02-22,42.869999,39.234842
2011-02-23,42.880001,39.243996
2011-02-24,42.830002,39.198237
2011-02-25,42.910000,39.328842
2011-02-28,43.250000,39.640466
2011-03-01,42.660000,39.099706
2011-03-02,42.529999,38.980555
2011-03-03,43.029999,39.438826
2011-03-04,42.770000,39.200526
2011-03-07,42.380001,38.843075
2011-03-08,42.939999,39.356337
2011-03-09,42.759998,39.191359
2011-03-10,41.810001,38.320646
2011-03-11,41.970001,38.467293
2011-03-14,41.770000,38.283983
2011-03-15,41.540001,38.073180
2011-03-16,41.389999,37.935696
2011-03-17,41.849998,38.357305
2011-03-18,42.139999,38.623103
2011-03-21,42.939999,39.356337
2011-03-22,43.000000,39.411331
2011-03-23,42.950001,39.365505
2011-03-24,43.000000,39.411331
2011-03-25,43.040001,39.447993
2011-03-28,42.669998,39.108870
2011-03-29,43.000000,39.411331
2011-03-30,43.029999,39.438826
2011-03-31,43.090000,39.493820
2011-04-01,43.509998,39.878766
2011-04-04,43.669998,40.025413
2011-04-05,43.400002,39.777950
2011-04-06,43.669998,40.025413
2011-04-07,43.340000,39.722955
2011-04-08,43.000000,39.411331
2011-04-11,43.020000,39.429662
2011-04-12,42.509998,38.962223
2011-04-13,42.380001,38.843075
2011-04-14,42.209999,38.687261
2011-04-15,42.480000,38.934729
2011-04-18,42.110001,38.595609
2011-04-19,42.119999,38.604772
2011-04-20,42.830002,39.255520
2011-04-21,43.279999,39.667962
2011-04-25,43.130001,39.530482
2011-04-26,43.220001,39.612971
2011-04-27,43.290001,39.677129
2011-04-28,44.060001,40.382867
2011-04-29,44.259998,40.566173
2011-05-02,43.029999,39.438826
2011-05-03,42.480000,38.934729
2011-05-04,42.259998,38.733087
2011-05-05,41.580002,38.109842
2011-05-06,41.720001,38.238157
2011-05-09,41.810001,38.320646
2011-05-10,42.169998,38.650599
2011-05-11,41.560001,38.091510
2011-05-12,41.930000,38.430630
2011-05-13,41.650002,38.174000
2011-05-16,41.520000,38.054848
2011-05-17,41.619999,38.146501
2011-05-18,41.939999,38.439795
2011-05-19,42.080002,38.568113
2011-05-20,41.740002,38.256489
2011-05-23,41.570000,38.100675
2011-05-24,41.570000,38.100675
2011-05-25,41.689999,38.210659
2011-05-26,41.990002,38.485625
2011-05-27,41.840000,38.405306
2011-05-31,42.020000,38.570529
2011-06-01,41.250000,37.863740
2011-06-02,41.520000,38.111575
2011-06-03,41.310001,37.918815
2011-06-06,40.939999,37.579187
2011-06-07,40.880001,37.524114
2011-06-08,40.820000,37.469039
2011-06-09,41.169998,37.790305
2011-06-10,40.700001,37.358891
2011-06-13,40.709999,37.368068
2011-06-14,41.029999,37.661799
2011-06-15,40.299999,36.991725
2011-06-16,40.240002,36.936653
2011-06-17,40.560001,37.230383
2011-06-20,40.840000,37.487397
2011-06-21,41.400002,38.001428
2011-06-22,41.410000,38.010605
2011-06-23,41.349998,37.955529
2011-06-24,40.790001,37.441502
2011-06-27,41.209999,37.827022
2011-06-28,41.730000,38.304336
2011-06-29,42.139999,38.680678
2011-06-30,42.090000,38.634783
2011-07-01,42.119999,38.662319
2011-07-05,41.939999,38.497096
2011-07-06,42.150002,38.689859
2011-07-07,42.630001,39.130455
2011-07-08,42.360001,38.882619
2011-07-11,41.259998,37.872917
2011-07-12,41.320000,37.927993
2011-07-13,41.279999,37.891276
2011-07-14,40.810001,37.459861
2011-07-15,40.770000,37.423143
2011-07-18,40.110001,36.817324
2011-07-19,40.610001,37.276279
2011-07-20,40.470001,37.147772
2011-07-21,41.060001,37.689338
2011-07-22,40.900002,37.542473
2011-07-25,40.619999,37.285456
2011-07-26,40.410000,37.092696
2011-07-27,40.119999,36.826502
2011-07-28,40.029999,36.743890
2011-07-29,39.869999,36.597024
2011-08-01,39.110001,35.899416
2011-08-02,38.230000,35.091655
2011-08-03,38.330002,35.183448
2011-08-04,37.509998,34.430759
2011-08-05,37.580002,34.495016
2011-08-08,35.360001,32.457257
2011-08-09,36.459999,33.466955
2011-08-10,34.540001,31.704572
2011-08-11,36.509998,33.512850
2011-08-12,36.259998,33.283373
2011-08-15,37.090000,34.045239
2011-08-16,36.840000,33.815762
2011-08-17,36.930000,33.898373
2011-08-18,35.560001,32.640839
2011-08-19,35.250000,32.356287
2011-08-22,35.139999,32.255316
2011-08-23,35.730000,32.796883
2011-08-24,36.139999,33.173225
2011-08-25,35.560001,32.640839
2011-08-26,35.880001,32.934570
2011-08-29,37.160000,34.109492
2011-08-30,37.070000,34.084207
2011-08-31,37.619999,34.589907
2011-09-01,36.880001,33.909512
2011-09-02,36.070000,33.164752
2011-09-06,35.560001,32.695831
2011-09-07,36.930000,33.955484
2011-09-08,36.450001,33.514146
2011-09-09,35.959999,33.063611
2011-09-12,36.340000,33.413005
2011-09-13,36.470001,33.532535
2011-09-14,36.820000,33.854344
2011-09-15,37.439999,34.424405
2011-09-16,37.570000,34.543935
2011-09-19,37.009998,34.029038
2011-09-20,36.970001,33.992263
2011-09-21,35.279999,32.438382
2011-09-22,34.259998,31.500536
2011-09-23,34.400002,31.629264
2011-09-26,35.439999,32.585494
2011-09-27,35.509998,32.649855
2011-09-28,34.619999,31.831541
2011-09-29,35.230000,32.392410
2011-09-30,34.549999,31.767179
2011-10-03,33.500000,30.801752
2011-10-04,34.110001,31.362621
2011-10-05,34.990002,32.171742
2011-10-06,35.410000,32.557912
2011-10-07,34.669998,31.877513
2011-10-10,36.090000,33.183141
2011-10-11,36.009998,33.109583
2011-10-12,36.080002,33.173949
2011-10-13,35.970001,33.072808
2011-10-14,36.560001,33.615286
2011-10-17,35.529999,32.668245
2011-10-18,36.840000,33.872733
2011-10-19,36.439999,33.504950
2011-10-20,37.520000,34.497962
2011-10-21,38.660000,35.546141
2011-10-24,39.369999,36.198954
2011-10-25,38.750000,35.628892
2011-10-26,39.480000,36.300095
2011-10-27,41.419998,38.083836
2011-10-28,41.279999,37.955113
2011-10-31,39.700001,36.502376
2011-11-01,38.160000,35.086414
2011-11-02,38.889999,35.757615
2011-11-03,39.360001,36.189761
2011-11-04,39.279999,36.116203
2011-11-07,39.459999,36.281705
2011-11-08,39.860001,36.649489
2011-11-09,38.330002,35.242723
2011-11-10,38.689999,35.573724
2011-11-11,39.500000,36.318484
2011-11-14,38.930000,35.794394
2011-11-15,39.250000,36.088620
2011-11-16,38.430000,35.334667
2011-11-17,37.730000,34.691048
2011-11-18,38.180000,35.104803
2011-11-21,37.189999,34.194541
2011-11-22,36.910000,33.937095
2011-11-23,35.820000,32.934888
2011-11-25,35.849998,33.020085
2011-11-28,36.680000,33.784568
2011-11-29,36.700001,33.802991
2011-11-30,38.430000,35.396428
2011-12-01,38.330002,35.304323
2011-12-02,38.250000,35.230636
2011-12-05,38.950001,35.875381
2011-12-06,39.139999,36.050381
2011-12-07,39.150002,36.059594
2011-12-08,37.830002,34.843792
2011-12-09,38.580002,35.534589
2011-12-12,37.759998,34.779314
2011-12-13,37.389999,34.438522
2011-12-14,37.290001,34.346417
2011-12-15,37.189999,34.254309
2011-12-16,36.959999,34.042465
2011-12-19,36.529999,33.646408
2011-12-20,37.459999,34.502996
2011-12-21,37.740002,34.760896
2011-12-22,37.919998,34.926684
2011-12-23,38.220001,35.203005
2011-12-27,38.099998,35.092475
2011-12-28,37.549999,34.585892
2011-12-29,37.919998,34.926684
2011-12-30,37.650002,34.678001
2012-01-03,38.470001,35.433271
2012-01-04,38.000000,35.000371
2012-01-05,38.049999,35.046423
2012-01-06,37.720001,34.742474
2012-01-09,37.840000,34.853001
2012-01-10,38.480000,35.442481
2012-01-11,38.340000,35.313532
2012-01-12,38.520000,35.479323
2012-01-13,38.230000,35.212215
2012-01-17,38.029999,35.028002
2012-01-18,38.380001,35.350375
2012-01-19,38.529999,35.488533
2012-01-20,38.560001,35.516167
2012-01-23,38.939999,35.866168
2012-01-24,38.439999,35.405637
2012-01-25,38.180000,35.166162
2012-01-26,37.950001,34.954319
2012-01-27,37.630001,34.659579
2012-01-30,37.320000,34.374048
2012-01-31,37.310001,34.364839
2012-02-01,37.849998,34.862210
2012-02-02,38.000000,35.000371
2012-02-03,38.610001,35.562220
2012-02-06,38.380001,35.350375
2012-02-07,38.360001,35.331954
2012-02-08,38.490002,35.451693
2012-02-09,38.200001,35.184584
2012-02-10,38.099998,35.092475
2012-02-13,38.419998,35.387215
2012-02-14,38.150002,35.138532
2012-02-15,37.590000,34.622735
2012-02-16,38.070000,35.064845
2012-02-17,38.299999,35.276689
2012-02-21,38.730000,35.672746
2012-02-22,38.709999,35.654324
2012-02-23,39.169998,36.078012
2012-02-24,39.139999,36.050381
2012-02-27,39.270000,36.170120
2012-02-28,39.349998,36.301579
2012-02-29,39.139999,36.107848
2012-03-01,39.230000,36.190877
2012-03-02,38.869999,35.858765
2012-03-05,38.849998,35.840313
2012-03-06,38.160000,35.203769
2012-03-07,38.209999,35.249895
2012-03-08,38.320000,35.351374
2012-03-09,38.650002,35.655811
2012-03-12,38.570000,35.582007
2012-03-13,39.299999,36.255453
2012-03-14,39.020000,35.997145
2012-03-15,39.560001,36.495313
2012-03-16,39.480000,36.421510
2012-03-19,39.680000,36.606016
2012-03-20,39.700001,36.624467
2012-03-21,39.340000,36.292355
2012-03-22,38.799999,35.794188
2012-03-23,39.189999,36.153975
2012-03-26,39.860001,36.772072
2012-03-27,39.689999,36.615240
2012-03-28,39.630001,36.559890
2012-03-29,39.470001,36.412285
2012-03-30,39.869999,36.781296
2012-04-02,40.369999,37.242561
2012-04-03,40.060001,36.956578
2012-04-04,39.709999,36.633691
2012-04-05,39.570000,36.504537
2012-04-09,39.000000,35.978695
2012-04-10,38.389999,35.415950
2012-04-11,38.790001,35.784964
2012-04-12,39.430000,36.375383
2012-04-13,38.910000,35.895667
2012-04-16,39.250000,36.209327
2012-04-17,39.919998,36.827421
2012-04-18,39.650002,36.578342
2012-04-19,39.549999,36.486086
2012-04-20,39.840000,36.753621
2012-04-23,39.619999,36.550663
2012-04-24,40.240002,37.122635
2012-04-25,40.639999,37.491644
2012-04-26,41.049999,37.869882
2012-04-27,41.009998,37.832980
2012-04-30,41.130001,37.943686
2012-05-01,41.490002,38.275798
2012-05-02,41.270000,38.072839
2012-05-03,41.139999,37.952909
2012-05-04,40.770000,37.611574
2012-05-07,40.720001,37.565448
2012-05-08,40.910000,37.740728
2012-05-09,40.759998,37.602347
2012-05-10,41.000000,37.823756
2012-05-11,40.639999,37.491644
2012-05-14,40.110001,37.002705
2012-05-15,39.709999,36.633691
2012-05-16,39.110001,36.080174
2012-05-17,38.730000,35.729612
2012-05-18,38.320000,35.351374
2012-05-21,38.959999,35.941793
2012-05-22,39.200001,36.163202
2012-05-23,39.220001,36.181653
2012-05-24,39.369999,36.320030
2012-05-25,39.220001,36.181653
2012-05-29,39.660000,36.587565
2012-05-30,38.770000,35.822966
2012-05-31,38.889999,35.933844
2012-06-01,38.360001,35.444132
2012-06-04,38.299999,35.388691
2012-06-05,38.500000,35.573490
2012-06-06,39.529999,36.525195
2012-06-07,39.560001,36.552916
2012-06-08,39.869999,36.839351
2012-06-11,39.520000,36.515956
2012-06-12,39.669998,36.654552
2012-06-13,39.230000,36.248000
2012-06-14,39.709999,36.691513
2012-06-15,40.459999,37.384503
2012-06-18,40.709999,37.615499
2012-06-19,40.869999,37.763337
2012-06-20,40.910000,37.800298
2012-06-21,39.840000,36.811632
2012-06-22,40.070000,37.024149
2012-06-25,39.320000,36.331159
2012-06-26,39.340000,36.349638
2012-06-27,39.849998,36.820870
2012-06-28,40.139999,37.088827
2012-06-29,40.910000,37.800298
2012-07-02,41.009998,37.892694
2012-07-03,41.340000,38.197612
2012-07-05,40.590000,37.504622
2012-07-06,40.500000,37.421463
2012-07-09,40.200001,37.144268
2012-07-10,39.950001,36.913271
2012-07-11,40.349998,37.282863
2012-07-12,40.090000,37.042629
2012-07-13,40.900002,37.791060
2012-07-16,40.689999,37.597020
2012-07-17,40.720001,37.624741
2012-07-18,41.020000,37.901936
2012-07-19,40.990002,37.874218
2012-07-20,40.549999,37.467662
2012-07-23,40.470001,37.393744
2012-07-24,40.299999,37.236665
2012-07-25,40.299999,37.236665
2012-07-26,40.990002,37.874218
2012-07-27,41.700001,38.530248
2012-07-30,39.540001,36.534437
2012-07-31,39.590000,36.580635
2012-08-01,39.450001,36.451278
2012-08-02,39.459999,36.460516
2012-08-03,40.349998,37.282863
2012-08-06,40.419998,37.347542
2012-08-07,40.580002,37.495384
2012-08-08,40.459999,37.384503
2012-08-09,40.470001,37.393744
2012-08-10,40.509998,37.430701
2012-08-13,40.459999,37.384503
2012-08-14,40.490002,37.412225
2012-08-15,40.439999,37.366023
2012-08-16,40.520000,37.439943
2012-08-17,40.480000,37.402983
2012-08-20,40.610001,37.523103
2012-08-21,40.490002,37.412225
2012-08-22,40.439999,37.366023
2012-08-23,39.770000,36.746953
2012-08-24,40.230000,37.171987
2012-08-27,40.419998,37.347542
2012-08-28,40.220001,37.162748
2012-08-29,40.369999,37.359399
2012-08-30,40.250000,37.248349
2012-08-31,40.650002,37.618520
2012-09-04,40.790001,37.748079
2012-09-05,40.930000,37.877637
2012-09-06,40.930000,37.877637
2012-09-07,41.180000,38.108994
2012-09-10,41.209999,38.136755
2012-09-11,41.480000,38.386621
2012-09-12,41.380001,38.294080
2012-09-13,42.320000,39.163978
2012-09-14,42.689999,39.506384
2012-09-17,42.290001,39.136216
2012-09-18,42.049999,38.914112
2012-09-19,41.720001,38.608724
2012-09-20,41.439999,38.349603
2012-09-21,41.430000,38.340350
2012-09-24,41.509998,38.414382
2012-09-25,41.240002,38.164521
2012-09-26,40.959999,37.905399
2012-09-27,41.279999,38.201535
2012-09-28,41.259998,38.183026
2012-10-01,41.549999,38.451400
2012-10-02,41.529999,38.432891
2012-10-03,41.290001,38.210791
2012-10-04,41.959999,38.830824
2012-10-05,41.959999,38.830824
2012-10-08,42.080002,38.941878
2012-10-09,41.799999,38.682756
2012-10-10,41.549999,38.451400
2012-10-11,41.610001,38.506927
2012-10-12,41.480000,38.386621
2012-10-15,41.689999,38.580959
2012-10-16,42.099998,38.960383
2012-10-17,42.689999,39.506384
2012-10-18,43.169998,39.950587
2012-10-19,42.509998,39.339807
2012-10-22,42.450001,39.284284
2012-10-23,41.810001,38.692012
2012-10-24,42.020000,38.886351
2012-10-25,42.400002,39.238014
2012-10-26,42.389999,39.228757
2012-10-31,42.279999,39.126960
2012-11-01,42.919998,39.719231
2012-11-02,42.160000,39.015910
2012-11-05,42.169998,39.025162
2012-11-06,42.330002,39.173234
2012-11-07,41.200001,38.127503
2012-11-08,40.619999,37.590755
2012-11-09,41.130001,38.062723
2012-11-12,40.990002,37.933165
2012-11-13,40.610001,37.581502
2012-11-14,39.919998,36.942957
2012-11-15,39.830002,36.859672
2012-11-16,40.720001,37.683299
2012-11-19,40.840000,37.794349
2012-11-20,40.730000,37.692553
2012-11-21,40.840000,37.794349
2012-11-23,41.299999,38.220044
2012-11-26,41.090000,38.025705
2012-11-27,40.740002,37.701809
2012-11-28,40.849998,37.861686
2012-11-29,40.970001,37.972910
2012-11-30,40.880001,37.889494
2012-12-03,40.720001,37.741199
2012-12-04,40.950001,37.954373
2012-12-05,41.060001,38.056327
2012-12-06,41.279999,38.260231
2012-12-07,41.279999,38.260231
2012-12-10,41.040001,38.037790
2012-12-11,41.500000,38.464138
2012-12-12,41.439999,38.408526
2012-12-13,40.990002,37.991448
2012-12-14,40.650002,37.676320
2012-12-17,41.029999,38.028519
2012-12-18,41.639999,38.593896
2012-12-19,41.169998,38.158277
2012-12-20,41.240002,38.223160
2012-12-21,40.900002,37.908032
2012-12-24,40.740002,37.759737
2012-12-26,40.529999,37.565096
2012-12-27,40.490002,37.528025
2012-12-28,40.180000,37.240701
2012-12-31,40.750000,37.769003
2013-01-02,41.529999,38.491943
2013-01-03,41.709999,38.658775
2013-01-04,42.060001,38.983173
2013-01-07,42.110001,39.029516
2013-01-08,42.060001,38.983173
2013-01-09,42.110001,39.029516
2013-01-10,42.759998,39.631963
2013-01-11,42.650002,39.530014
2013-01-14,42.540001,39.428060
2013-01-15,42.500000,39.390985
2013-01-16,42.470001,39.363180
2013-01-17,42.730000,39.604160
2013-01-18,42.820000,39.687576
2013-01-22,43.389999,40.215878
2013-01-23,43.369999,40.197341
2013-01-24,43.240002,40.076853
2013-01-25,43.470001,40.290027
2013-01-28,43.320000,40.150999
2013-01-29,43.669998,40.475394
2013-01-30,43.360001,40.188074
2013-01-31,43.369999,40.197341
2013-02-01,44.080002,40.855405
2013-02-04,43.709999,40.512468
2013-02-05,43.810001,40.605155
2013-02-06,43.919998,40.707105
2013-02-07,43.740002,40.540277
2013-02-08,43.849998,40.642226
2013-02-11,43.509998,40.327098
2013-02-12,43.650002,40.456860
2013-02-13,44.080002,40.855405
2013-02-14,44.080002,40.855405
2013-02-15,43.910000,40.697839
2013-02-19,43.919998,40.707105
2013-02-20,43.340000,40.169536
2013-02-21,43.410000,40.234415
2013-02-22,43.680000,40.484664
2013-02-25,42.400002,39.298302
2013-02-26,42.680000,39.557817
2013-02-27,43.060001,39.910020
2013-02-28,43.110001,39.956362
2013-03-01,43.180000,40.021241
2013-03-04,42.849998,39.715379
2013-03-05,43.080002,39.928558
2013-03-06,43.119999,40.021369
2013-03-07,43.220001,40.114185
2013-03-08,43.580002,40.448316
2013-03-11,44.240002,41.060888
2013-03-12,43.959999,40.801006
2013-03-13,43.970001,40.810289
2013-03-14,44.639999,41.432141
2013-03-15,44.599998,41.395014
2013-03-18,44.160000,40.986635
2013-03-19,43.799999,40.652504
2013-03-20,44.009998,40.847412
2013-03-21,43.849998,40.698910
2013-03-22,43.980000,40.819570
2013-03-25,43.799999,40.652504
2013-03-26,43.990002,40.828853
2013-03-27,43.720001,40.578254
2013-03-28,44.070000,40.903102
2013-04-01,43.970001,40.810289
2013-04-02,44.290001,41.107294
2013-04-03,43.930000,40.773163
2013-04-04,44.230000,41.051605
2013-04-05,43.799999,40.652504
2013-04-08,43.970001,40.810289
2013-04-09,43.900002,40.745320
2013-04-10,44.009998,40.847412
2013-04-11,44.000000,40.838133
2013-04-12,43.990002,40.828853
2013-04-15,42.619999,39.557299
2013-04-16,43.389999,40.271967
2013-04-17,43.119999,40.021369
2013-04-18,43.000000,39.909993
2013-04-19,43.180000,40.077058
2013-04-22,42.990002,39.900714
2013-04-23,43.639999,40.504001
2013-04-24,44.509998,41.311482
2013-04-25,45.009998,41.775551
2013-04-26,44.439999,41.246513
2013-04-29,44.529999,41.330045
2013-04-30,44.669998,41.459984
2013-05-01,44.730000,41.515674
2013-05-02,44.930000,41.701302
2013-05-03,45.419998,42.156089
2013-05-06,45.619999,42.341717
2013-05-07,45.639999,42.360280
2013-05-08,45.779999,42.490220
2013-05-09,45.389999,42.128245
2013-05-10,45.450001,42.183936
2013-05-13,45.459999,42.193215
2013-05-14,46.000000,42.694411
2013-05-15,46.279999,42.954289
2013-05-16,46.040001,42.731538
2013-05-17,46.439999,43.102792
2013-05-20,46.709999,43.353389
2013-05-21,46.660000,43.306983
2013-05-22,46.389999,43.056385
2013-05-23,46.060001,42.750101
2013-05-24,45.950001,42.648005
2013-05-28,46.200001,42.880040
2013-05-29,46.180000,42.861476
2013-05-30,46.189999,42.928857
2013-05-31,45.820000,42.584981
2013-06-03,45.820000,42.584981
2013-06-04,45.250000,42.055224
2013-06-05,44.709999,41.553349
2013-06-06,45.110001,41.925110
2013-06-07,45.740002,42.510631
2013-06-10,45.349998,42.148162
2013-06-11,44.779999,41.618407
2013-06-12,44.430000,41.293119
2013-06-13,44.990002,41.813583
2013-06-14,44.580002,41.432530
2013-06-17,44.869999,41.702052
2013-06-18,45.169998,41.980871
2013-06-19,44.650002,41.497588
2013-06-20,43.580002,40.503133
2013-06-21,43.580002,40.503133
2013-06-24,43.220001,40.168549
2013-06-25,43.849998,40.754066
2013-06-26,43.970001,40.865597
2013-06-27,44.509998,41.367468
2013-06-28,44.400002,41.265239
2013-07-01,44.680000,41.525468
2013-07-02,44.500000,41.358176
2013-07-03,44.259998,41.135119
2013-07-05,44.869999,41.702052
2013-07-08,44.990002,41.813583
2013-07-09,45.270000,42.073812
2013-07-10,45.000000,41.822875
2013-07-11,45.450001,42.241105
2013-07-12,45.680000,42.454865
2013-07-15,45.810001,42.575688
2013-07-16,45.660000,42.436277
2013-07-17,45.990002,42.742980
2013-07-18,46.340000,43.068267
2013-07-19,46.509998,43.226263
2013-07-22,46.759998,43.458612
2013-07-23,46.430000,43.151913
2013-07-24,46.160000,42.900976
2013-07-25,46.119999,42.863799
2013-07-26,46.049999,42.798741
2013-07-29,46.060001,42.808037
2013-07-30,45.750000,42.519923
2013-07-31,45.549999,42.334043
2013-08-01,46.570000,43.282029
2013-08-02,46.290001,43.021798
2013-08-05,46.119999,42.863799
2013-08-06,45.919998,42.677919
2013-08-07,45.650002,42.426985
2013-08-08,46.029999,42.780153
2013-08-09,46.180000,42.919564
2013-08-12,46.419998,43.142617
2013-08-13,47.200001,43.867550
2013-08-14,47.529999,44.174249
2013-08-15,46.970001,43.653788
2013-08-16,46.410000,43.133325
2013-08-19,45.669998,42.445569
2013-08-20,45.770000,42.538511
2013-08-21,45.560001,42.343338
2013-08-22,45.930000,42.687214
2013-08-23,45.950001,42.705803
2013-08-26,45.869999,42.631450
2013-08-27,45.070000,41.887933
2013-08-28,45.009998,41.890258
2013-08-29,44.599998,41.508676
2013-08-30,44.459999,41.378380
2013-09-03,44.529999,41.443528
2013-09-04,44.970001,41.853033
2013-09-05,44.810001,41.704123
2013-09-06,44.689999,41.592438
2013-09-09,45.480000,42.327683
2013-09-10,45.730000,42.560355
2013-09-11,46.110001,42.914017
2013-09-12,46.020000,42.830254
2013-09-13,46.230000,43.025699
2013-09-16,47.000000,43.742328
2013-09-17,47.299999,44.021534
2013-09-18,47.419998,44.133215
2013-09-19,47.599998,44.300739
2013-09-20,47.439999,44.151830
2013-09-23,47.099998,43.835395
2013-09-24,47.160000,43.891238
2013-09-25,47.160000,43.891238
2013-09-26,47.340000,44.058762
2013-09-27,46.950001,43.695795
2013-09-30,46.740002,43.500351
2013-10-01,47.160000,43.891238
2013-10-02,47.049999,43.788862
2013-10-03,46.209999,43.007084
2013-10-04,47.060001,43.798171
2013-10-07,46.860001,43.612033
2013-10-08,46.169998,42.969856
2013-10-09,46.490002,43.267679
2013-10-10,48.130001,44.794006
2013-10-11,48.330002,44.980145
2013-10-14,48.560001,45.194202
2013-10-15,48.060001,44.728858
2013-10-16,48.549999,45.184894
2013-10-17,48.759998,45.380337
2013-10-18,49.070000,45.668852
2013-10-21,48.919998,45.529247
2013-10-22,49.200001,45.789842
2013-10-23,48.439999,45.082518
2013-10-24,48.590000,45.222122
2013-10-25,48.810001,45.426874
2013-10-28,48.700001,45.324499
2013-10-29,49.139999,45.733999
2013-10-30,48.930000,45.538556
2013-10-31,48.310001,44.961530
2013-11-01,48.340000,44.989450
2013-11-04,48.290001,44.942917
2013-11-05,48.119999,44.784698
2013-11-06,48.369999,45.017370
2013-11-07,47.740002,44.431039
2013-11-08,48.570000,45.203508
2013-11-11,48.400002,45.045293
2013-11-12,47.869999,44.552026
2013-11-13,48.049999,44.719550
2013-11-14,48.060001,44.728858
2013-11-15,48.070000,44.738164
2013-11-18,47.939999,44.617174
2013-11-19,47.740002,44.431039
2013-11-20,47.580002,44.282129
2013-11-21,48.139999,44.803312
2013-11-22,48.240002,44.896383
2013-11-25,48.049999,44.719550
2013-11-26,47.849998,44.591412
2013-11-27,47.500000,44.265249
2013-11-29,47.349998,44.125462
2013-12-02,47.349998,44.125462
2013-12-03,47.029999,43.827255
2013-12-04,46.759998,43.575641
2013-12-05,46.509998,43.342666
2013-12-06,47.290001,44.069551
2013-12-09,47.570000,44.330482
2013-12-10,47.410000,44.181378
2013-12-11,46.560001,43.389264
2013-12-12,46.610001,43.435859
2013-12-13,46.560001,43.389264
2013-12-16,46.779999,43.594280
2013-12-17,46.439999,43.277434
2013-12-18,47.400002,44.172061
2013-12-19,47.270000,44.050912
2013-12-20,47.619999,44.377076
2013-12-23,47.770000,44.516862
2013-12-24,48.000000,44.731199
2013-12-26,48.029999,44.759155
2013-12-27,47.669998,44.423670
2013-12-30,47.959999,44.693922
2013-12-31,48.240002,44.954857
2014-01-02,47.380001,44.153422
2014-01-03,47.259998,44.041591
2014-01-06,47.160000,43.948403
2014-01-07,47.000000,43.799299
2014-01-08,46.759998,43.575641
2014-01-09,46.810001,43.622239
2014-01-10,46.860001,43.668834
2014-01-13,46.330002,43.174928
2014-01-14,46.660000,43.482453
2014-01-15,47.189999,43.976359
2014-01-16,47.029999,43.827255
2014-01-17,47.330002,44.106828
2014-01-21,46.980000,43.780661
2014-01-22,47.200001,43.985680
2014-01-23,46.000000,42.867399
2014-01-24,44.650002,41.609336
2014-01-27,44.639999,41.600014
2014-01-28,44.939999,41.879584
2014-01-29,44.570000,41.534782
2014-01-30,45.340000,42.252345
2014-01-31,44.590000,41.553420
2014-02-03,43.410000,40.453778
2014-02-04,44.520000,41.488187
2014-02-05,44.529999,41.497505
2014-02-06,44.740002,41.693207
2014-02-07,45.180000,42.103241
2014-02-10,43.259998,40.313991
2014-02-11,43.849998,40.863812
2014-02-12,43.849998,40.863812
2014-02-13,43.990002,40.994282
2014-02-14,44.029999,41.031555
2014-02-18,43.930000,40.938366
2014-02-19,43.349998,40.397862
2014-02-20,43.669998,40.696070
2014-02-21,43.500000,40.537649
2014-02-24,43.580002,40.612203
2014-02-25,43.439999,40.481734
2014-02-26,43.490002,40.528332
2014-02-27,43.560001,40.651986
2014-02-28,43.480000,40.577326
2014-03-03,43.150002,40.269358
2014-03-04,43.889999,40.959953
2014-03-05,44.040001,41.099941
2014-03-06,44.400002,41.435909
2014-03-07,45.049999,42.042513
2014-03-10,44.639999,41.659884
2014-03-11,44.389999,41.426574
2014-03-12,44.700001,41.715881
2014-03-13,44.380001,41.417243
2014-03-14,43.970001,41.034615
2014-03-17,43.970001,41.034615
2014-03-18,43.930000,40.997284
2014-03-19,43.680000,40.763974
2014-03-20,43.910000,40.978619
2014-03-21,44.230000,41.277256
2014-03-24,43.590000,40.679982
2014-03-25,43.590000,40.679982
2014-03-26,43.169998,40.288019
2014-03-27,43.029999,40.157366
2014-03-28,43.419998,40.521329
2014-03-31,44.049999,41.109272
2014-04-01,44.349998,41.389243
2014-04-02,44.650002,41.669220
2014-04-03,44.880001,41.883864
2014-04-04,44.700001,41.715881
2014-04-07,44.150002,41.202599
2014-04-08,44.520000,41.547896
2014-04-09,44.540001,41.566562
2014-04-10,43.919998,40.987950
2014-04-11,43.439999,40.539995
2014-04-14,43.720001,40.801304
2014-04-15,43.779999,40.857297
2014-04-16,44.070000,41.127938
2014-04-17,43.950001,41.015950
2014-04-21,43.840000,40.913292
2014-04-22,43.790001,40.866631
2014-04-23,43.830002,40.903962
2014-04-24,44.439999,41.473236
2014-04-25,44.139999,41.193264
2014-04-28,43.759998,40.838631
2014-04-29,44.099998,41.155933
2014-04-30,43.970001,41.034615
2014-05-01,44.090000,41.146603
2014-05-02,44.099998,41.155933
2014-05-05,43.750000,40.829301
2014-05-06,43.160000,40.278688
2014-05-07,43.849998,40.922623
2014-05-08,43.660000,40.745309
2014-05-09,43.250000,40.362680
2014-05-12,43.310001,40.418675
2014-05-13,43.279999,40.390676
2014-05-14,42.830002,39.970721
2014-05-15,42.560001,39.718745
2014-05-16,42.549999,39.709410
2014-05-19,42.580002,39.737410
2014-05-20,42.480000,39.644084
2014-05-21,42.700001,39.849398
2014-05-22,42.939999,40.073374
2014-05-23,43.160000,40.278688
2014-05-27,43.279999,40.390676
2014-05-28,43.259998,40.372011
2014-05-29,43.270000,40.439770
2014-05-30,43.130001,40.308928
2014-06-02,43.299999,40.467807
2014-06-03,43.490002,40.645382
2014-06-04,43.869999,41.000524
2014-06-05,43.990002,41.112678
2014-06-06,43.980000,41.103330
2014-06-09,44.009998,41.131366
2014-06-10,43.860001,40.991180
2014-06-11,43.540001,40.692111
2014-06-12,43.590000,40.738840
2014-06-13,43.520000,40.673418
2014-06-16,43.230000,40.402387
2014-06-17,43.320000,40.486500
2014-06-18,43.619999,40.766876
2014-06-19,43.779999,40.916411
2014-06-20,43.799999,40.935103
2014-06-23,43.630001,40.776224
2014-06-24,43.730000,40.869682
2014-06-25,43.849998,40.981831
2014-06-26,43.650002,40.794917
2014-06-27,43.799999,40.935103
2014-06-30,44.009998,41.131366
2014-07-01,44.400002,41.495861
2014-07-02,43.730000,40.869682
2014-07-03,44.029999,41.150059
2014-07-07,44.090000,41.206135
2014-07-08,44.049999,41.168751
2014-07-09,44.049999,41.168751
2014-07-10,43.720001,40.860337
2014-07-11,43.610001,40.757532
2014-07-14,43.889999,41.019216
2014-07-15,44.160000,41.271557
2014-07-16,44.250000,41.355670
2014-07-17,43.759998,40.897718
2014-07-18,44.410000,41.505205
2014-07-21,44.299999,41.402399
2014-07-22,43.900002,41.028565
2014-07-23,44.000000,41.122022
2014-07-24,43.849998,40.981831
2014-07-25,43.619999,40.766876
2014-07-28,43.470001,40.626690
2014-07-29,43.270000,40.439770
2014-07-30,43.009998,40.196775
2014-07-31,42.130001,39.374337
2014-08-01,42.250000,39.486487
2014-08-04,42.290001,39.523872
2014-08-05,42.110001,39.355645
2014-08-06,42.139999,39.383681
2014-08-07,41.730000,39.000500
2014-08-08,42.099998,39.346297
2014-08-11,42.150002,39.393030
2014-08-12,41.930000,39.187418
2014-08-13,42.130001,39.374337
2014-08-14,42.310001,39.542564
2014-08-15,42.220001,39.458450
2014-08-18,42.189999,39.430411
2014-08-19,42.310001,39.542564
2014-08-20,42.720001,39.925746
2014-08-21,43.180000,40.355657
2014-08-22,43.060001,40.243507
2014-08-25,43.560001,40.710803
2014-08-26,43.669998,40.813605
2014-08-27,43.590000,40.797228
2014-08-28,43.549999,40.759790
2014-08-29,43.740002,40.937620
2014-09-02,43.599998,40.806586
2014-09-03,43.540001,40.750433
2014-09-04,43.360001,40.581965
2014-09-05,43.450001,40.666199
2014-09-08,43.119999,40.357340
2014-09-09,42.820000,40.076561
2014-09-10,42.820000,40.076561
2014-09-11,42.599998,39.870655
2014-09-12,42.410000,39.692830
2014-09-15,42.430000,39.711548
2014-09-16,42.430000,39.711548
2014-09-17,42.419998,39.702187
2014-09-18,43.020000,40.263747
2014-09-19,42.889999,40.142076
2014-09-22,42.520000,39.795782
2014-09-23,42.049999,39.355894
2014-09-24,42.380001,39.664753
2014-09-25,41.790001,39.112553
2014-09-26,42.250000,39.543081
2014-09-29,41.980000,39.290379
2014-09-30,41.660000,38.990881
2014-10-01,41.330002,38.682026
2014-10-02,41.450001,38.794337
2014-10-03,41.810001,39.131272
2014-10-06,41.889999,39.206145
2014-10-07,41.240002,38.597792
2014-10-08,41.759998,39.084473
2014-10-09,40.900002,38.279576
2014-10-10,40.549999,37.951997
2014-10-13,40.360001,37.774172
2014-10-14,40.689999,38.083028
2014-10-15,40.220001,37.643142
2014-10-16,40.599998,37.998793
2014-10-17,41.150002,38.513559
2014-10-20,41.490002,38.831775
2014-10-21,42.290001,39.580519
2014-10-22,41.919998,39.234222
2014-10-23,42.189999,39.486924
2014-10-24,42.500000,39.777063
2014-10-27,42.599998,39.870655
2014-10-28,43.049999,40.291824
2014-10-29,43.060001,40.301186
2014-10-30,43.099998,40.338620
2014-10-31,43.599998,40.806586
2014-11-03,43.119999,40.357340
2014-11-04,43.150002,40.385420
2014-11-05,43.750000,40.946977
2014-11-06,43.430000,40.647479
2014-11-07,43.509998,40.722352
2014-11-10,43.459999,40.675556
2014-11-11,43.480000,40.694276
2014-11-12,43.250000,40.479012
2014-11-13,42.959999,40.207591
2014-11-14,42.779999,40.039123
2014-11-17,42.590000,39.861297
2014-11-18,42.680000,39.945531
2014-11-19,42.639999,39.908093
2014-11-20,42.740002,40.001689
2014-11-21,42.939999,40.188872
2014-11-24,43.060001,40.301186
2014-11-25,42.650002,39.975478
2014-11-26,42.419998,39.759897
2014-11-28,41.639999,39.028811
2014-12-01,41.230000,38.644522
2014-12-02,41.250000,38.663268
2014-12-03,41.209999,38.625776
2014-12-04,41.000000,38.428945
2014-12-05,41.049999,38.475809
2014-12-08,41.230000,38.644522
2014-12-09,41.040001,38.466438
2014-12-10,40.310001,37.782215
2014-12-11,40.419998,37.885314
2014-12-12,39.439999,36.966770
2014-12-15,39.450001,36.976145
2014-12-16,39.070000,36.619973
2014-12-17,39.689999,37.201093
2014-12-18,41.029999,38.457063
2014-12-19,41.810001,39.188152
2014-12-22,42.169998,39.525574
2014-12-23,42.570000,39.900493
2014-12-24,42.369999,39.713033
2014-12-26,42.389999,39.731779
2014-12-29,42.480000,39.816136
2014-12-30,42.549999,39.881746
2014-12-31,42.020000,39.384982
2015-01-02,41.740002,39.122543
2015-01-05,40.740002,38.185251
2015-01-06,40.020000,37.510400
2015-01-07,40.020000,37.510400
2015-01-08,40.660000,38.110266
2015-01-09,40.049999,37.538518
2015-01-12,39.669998,37.182346
2015-01-13,39.650002,37.163604
2015-01-14,39.259998,36.798056
2015-01-15,38.810001,36.376278
2015-01-16,39.310001,36.844924
2015-01-20,39.349998,36.882413
2015-01-21,39.220001,36.760568
2015-01-22,39.849998,37.351058
2015-01-23,39.439999,36.966770
2015-01-26,39.540001,37.060501
2015-01-27,39.430000,36.957398
2015-01-28,38.459999,36.048224
2015-01-29,38.680000,36.254429
2015-01-30,38.259998,35.860765
2015-02-02,39.160000,36.704329
2015-02-03,40.310001,37.782215
2015-02-04,40.400002,37.866572
2015-02-05,40.730000,38.175877
2015-02-06,40.740002,38.185251
2015-02-09,41.230000,38.644522
2015-02-10,41.509998,38.906962
2015-02-11,41.470001,38.869473
2015-02-12,41.919998,39.291251
2015-02-13,42.340000,39.684916
2015-02-17,42.529999,39.863000
2015-02-18,42.150002,39.506832
2015-02-19,42.380001,39.722408
2015-02-20,42.349998,39.694287
2015-02-23,42.090000,39.450593
2015-02-24,42.419998,39.759897
2015-02-25,41.750000,39.131914
2015-02-26,41.209999,38.683685
2015-02-27,41.009998,38.495945
2015-03-02,40.590000,38.101694
2015-03-03,41.000000,38.486560
2015-03-04,40.660000,38.167403
2015-03-05,40.689999,38.195563
2015-03-06,40.480000,37.998438
2015-03-09,40.619999,38.129854
2015-03-10,39.450001,37.031581
2015-03-11,39.689999,37.256866
2015-03-12,40.480000,37.998438
2015-03-13,39.930000,37.482155
2015-03-16,40.430000,37.951503
2015-03-17,40.549999,38.064145
2015-03-18,41.029999,38.514720
2015-03-19,40.849998,38.345754
2015-03-20,41.049999,38.533494
2015-03-23,41.000000,38.486560
2015-03-24,40.610001,38.120469
2015-03-25,40.259998,37.791923
2015-03-26,40.400002,37.923344
2015-03-27,40.189999,37.726215
2015-03-30,40.759998,38.261271
2015-03-31,40.830002,38.326983
2015-04-01,40.430000,37.951503
2015-04-02,41.150002,38.627366
2015-04-06,41.529999,38.984068
2015-04-07,41.340000,38.805717
2015-04-08,41.520000,38.974682
2015-04-09,41.439999,38.899585
2015-04-10,41.169998,38.646136
2015-04-13,41.509998,38.965293
2015-04-14,41.650002,39.096715
2015-04-15,42.400002,39.800737
2015-04-16,42.240002,39.650546
2015-04-17,41.840000,39.275065
2015-04-20,41.900002,39.331389
2015-04-21,41.209999,38.683685
2015-04-22,41.360001,38.824492
2015-04-23,41.650002,39.096715
2015-04-24,41.619999,39.068551
2015-04-27,41.430000,38.890199
2015-04-28,41.959999,39.387708
2015-04-29,41.889999,39.321999
2015-04-30,41.639999,39.087325
2015-05-01,41.730000,39.171808
2015-05-04,41.669998,39.115485
2015-05-05,41.270000,38.740008
2015-05-06,41.090000,38.571043
2015-05-07,41.220001,38.693074
2015-05-08,41.419998,38.880811
2015-05-11,41.150002,38.627366
2015-05-12,40.950001,38.439626
2015-05-13,40.570000,38.082920
2015-05-14,40.900002,38.392692
2015-05-15,40.639999,38.148628
2015-05-18,41.049999,38.533494
2015-05-19,41.099998,38.580428
2015-05-20,41.169998,38.646136
2015-05-21,41.049999,38.533494
2015-05-22,40.700001,38.204952
2015-05-26,40.049999,37.594797
2015-05-27,40.230000,37.763764
2015-05-28,40.330002,37.916541
2015-05-29,40.119999,37.719105
2015-06-01,40.009998,37.615687
2015-06-02,40.430000,38.010555
2015-06-03,40.730000,38.292602
2015-06-04,40.139999,37.737908
2015-06-05,40.130001,37.728509
2015-06-08,39.720001,37.343044
2015-06-09,39.660000,37.286634
2015-06-10,40.590000,38.160980
2015-06-11,40.470001,38.048162
2015-06-12,40.009998,37.615687
2015-06-15,39.509998,37.145608
2015-06-16,39.540001,37.173816
2015-06-17,39.470001,37.108005
2015-06-18,39.650002,37.277234
2015-06-19,39.270000,36.919972
2015-06-22,39.610001,37.239627
2015-06-23,39.570000,37.202020
2015-06-24,39.139999,36.797751
2015-06-25,38.759998,36.440490
2015-06-26,38.970001,36.637926
2015-06-29,38.180000,35.895201
2015-06-30,38.509998,36.205451
2015-07-01,38.849998,36.525105
2015-07-02,38.689999,36.374680
2015-07-06,38.599998,36.290065
2015-07-07,38.860001,36.534509
2015-07-08,38.209999,35.923405
2015-07-09,38.400002,36.102038
2015-07-10,38.830002,36.506305
2015-07-13,39.169998,36.825955
2015-07-14,38.950001,36.619123
2015-07-15,38.880001,36.553312
2015-07-16,38.970001,36.637926
2015-07-17,38.570000,36.261862
2015-07-20,38.419998,36.120837
2015-07-21,38.349998,36.055026
2015-07-22,38.110001,35.829391
2015-07-23,37.790001,35.528541
2015-07-24,37.820000,35.556745
2015-07-27,37.759998,35.500333
2015-07-28,38.150002,35.866998
2015-07-29,38.299999,36.008019
2015-07-30,38.310001,36.017422
2015-07-31,38.110001,35.829391
2015-08-03,37.090000,34.870430
2015-08-04,37.509998,35.265294
2015-08-05,37.700001,35.443927
2015-08-06,37.970001,35.697769
2015-08-07,37.939999,35.669562
2015-08-10,39.049999,36.713137
2015-08-11,39.029999,36.694334
2015-08-12,38.799999,36.478098
2015-08-13,38.810001,36.487501
2015-08-14,38.990002,36.656730
2015-08-17,38.820000,36.496902
2015-08-18,38.770000,36.449894
2015-08-19,38.450001,36.149044
2015-08-20,37.790001,35.528541
2015-08-21,37.080002,34.861030
2015-08-24,36.110001,33.949077
2015-08-25,35.360001,33.243959
2015-08-26,35.790001,33.648226
2015-08-27,36.520000,34.394603
2015-08-28,36.529999,34.404020
2015-08-31,36.450001,34.328678
2015-09-01,35.720001,33.641163
2015-09-02,36.060001,33.961376
2015-09-03,36.480000,34.356931
2015-09-04,36.090000,33.989629
2015-09-08,36.610001,34.479367
2015-09-09,36.090000,33.989629
2015-09-10,36.240002,34.130901
2015-09-11,36.310001,34.196826
2015-09-14,36.099998,33.999045
2015-09-15,36.369999,34.253332
2015-09-16,36.560001,34.432276
2015-09-17,36.270000,34.159153
2015-09-18,35.810001,33.725925
2015-09-21,36.230000,34.121481
2015-09-22,35.880001,33.791851
2015-09-23,35.689999,33.612907
2015-09-24,35.720001,33.641163
2015-09-25,35.970001,33.876613
2015-09-28,35.400002,33.339787
2015-09-29,35.650002,33.575238
2015-09-30,36.139999,34.036718
2015-10-01,35.369999,33.311530
2015-10-02,35.549999,33.481055
2015-10-05,36.639999,34.507619
2015-10-06,36.740002,34.601802
2015-10-07,36.549999,34.422857
2015-10-08,36.779999,34.639471
2015-10-09,36.290001,34.177990
2015-10-12,36.330002,34.215663
2015-10-13,36.029999,33.933120
2015-10-14,35.639999,33.565817
2015-10-15,36.009998,33.914283
2015-10-16,36.180000,34.074391
2015-10-19,36.110001,34.008466
2015-10-20,36.430000,34.309841
2015-10-21,36.250000,34.140317
2015-10-22,36.590000,34.460530
2015-10-23,36.700001,34.564129
2015-10-26,36.619999,34.488783
2015-10-27,36.119999,34.017882
2015-10-28,36.849998,34.705396
2015-10-29,36.799999,34.658307
2015-10-30,36.459999,34.338094
2015-11-02,37.580002,35.392915
2015-11-03,37.270000,35.100955
2015-11-04,37.020000,34.865504
2015-11-05,37.240002,35.072703
2015-11-06,37.799999,35.600109
2015-11-09,37.630001,35.440004
2015-11-10,37.830002,35.628366
2015-11-11,37.529999,35.345822
2015-11-12,37.029999,34.874921
2015-11-13,36.959999,34.808995
2015-11-16,37.570000,35.383495
2015-11-17,37.490002,35.308153
2015-11-18,37.970001,35.760217
2015-11-19,37.860001,35.656619
2015-11-20,37.910000,35.703708
2015-11-23,37.759998,35.562436
2015-11-24,37.860001,35.656619
2015-11-25,37.770000,35.630676
2015-11-27,37.720001,35.583508
2015-11-30,37.889999,35.743878
2015-12-01,38.310001,36.140090
2015-12-02,38.250000,36.083488
2015-12-03,37.500000,35.375969
2015-12-04,38.410000,36.234425
2015-12-07,38.330002,36.158959
2015-12-08,38.020000,35.866515
2015-12-09,37.200001,35.092962
2015-12-10,37.799999,35.658975
2015-12-11,36.919998,34.828818
2015-12-14,36.770000,34.687316
2015-12-15,37.410000,35.291066
2015-12-16,37.759998,35.621240
2015-12-17,36.959999,34.866554
2015-12-18,36.680000,34.602414
2015-12-21,37.040001,34.942024
2015-12-22,37.799999,35.658975
2015-12-23,38.470001,36.291028
2015-12-24,38.470001,36.291028
2015-12-28,38.340000,36.168390
2015-12-29,38.799999,36.602335
2015-12-30,38.509998,36.328759
2015-12-31,38.400002,36.224994
2016-01-04,37.779999,35.640108
2016-01-05,37.889999,35.743878
2016-01-06,37.049999,34.951456
2016-01-07,36.160000,34.111867
2016-01-08,35.900002,33.866596
2016-01-11,35.849998,33.819424
2016-01-12,35.900002,33.866596
2016-01-13,35.180000,33.187375
2016-01-14,35.779999,33.753390
2016-01-15,35.450001,33.442083
2016-01-19,35.070000,33.083606
2016-01-20,34.270000,32.328918
2016-01-21,34.380001,32.432689
2016-01-22,35.000000,33.017571
2016-01-25,34.209999,32.272316
2016-01-26,34.630001,32.668529
2016-01-27,35.540001,33.526986
2016-01-28,35.970001,33.932630
2016-01-29,37.009998,34.913721
2016-02-01,36.980000,34.885422
2016-02-02,36.220001,34.168470
2016-02-03,36.299999,34.243937
2016-02-04,36.549999,34.479776
2016-02-05,36.290001,34.234505
2016-02-08,36.320000,34.262805
2016-02-09,36.380001,34.319407
2016-02-10,36.279999,34.225069
2016-02-11,35.540001,33.526986
2016-02-12,35.860001,33.828860
2016-02-16,36.529999,34.460909
2016-02-17,37.389999,35.272198
2016-02-18,37.230000,35.121262
2016-02-19,36.919998,34.828818
2016-02-22,37.450001,35.328802
2016-02-23,36.500000,34.432609
2016-02-24,36.180000,34.130734
2016-02-25,36.439999,34.376007
2016-02-26,36.619999,34.605165
2016-02-29,36.349998,34.350019
2016-03-01,37.259998,35.209951
2016-03-02,37.380001,35.323351
2016-03-03,37.680000,35.606844
2016-03-04,37.869999,35.786389
2016-03-07,37.389999,35.332799
2016-03-08,36.669998,34.652413
2016-03-09,36.369999,34.368920
2016-03-10,36.590000,34.576816
2016-03-11,37.720001,35.644644
2016-03-14,37.630001,35.559596
2016-03-15,37.610001,35.540697
2016-03-16,37.770000,35.691892
2016-03-17,38.759998,36.627421
2016-03-18,39.369999,37.203859
2016-03-21,39.340000,37.175511
2016-03-22,39.250000,37.090463
2016-03-23,38.639999,36.514024
2016-03-24,38.360001,36.249432
2016-03-28,38.369999,36.258879
2016-03-29,38.270000,36.164382
2016-03-30,38.549999,36.428976
2016-03-31,38.259998,36.154931
2016-04-01,38.529999,36.410076
2016-04-04,37.959999,35.871438
2016-04-05,37.689999,35.616293
2016-04-06,37.689999,35.616293
2016-04-07,37.520000,35.455647
2016-04-08,37.919998,35.833637
2016-04-11,38.220001,36.117134
2016-04-12,38.689999,36.561273
2016-04-13,39.450001,37.279460
2016-04-14,39.509998,37.336156
2016-04-15,39.349998,37.184959
2016-04-18,39.439999,37.270008
2016-04-19,39.740002,37.553505
2016-04-20,39.950001,37.751950
2016-04-21,39.139999,36.986514
2016-04-22,39.860001,37.666901
2016-04-25,39.680000,37.496804
2016-04-26,40.090000,37.884246
2016-04-27,40.240002,38.025995
2016-04-28,39.750000,37.562953
2016-04-29,39.680000,37.496804
2016-05-02,40.150002,37.940947
2016-05-03,39.860001,37.666901
2016-05-04,39.759998,37.572401
2016-05-05,39.709999,37.525153
2016-05-06,39.660000,37.477904
2016-05-09,39.419998,37.251107
2016-05-10,39.990002,37.789750
2016-05-11,39.599998,37.421204
2016-05-12,39.650002,37.468457
2016-05-13,39.369999,37.203859
2016-05-16,39.830002,37.638553
2016-05-17,39.680000,37.496804
2016-05-18,40.299999,38.082691
2016-05-19,39.889999,37.695249
2016-05-20,40.169998,37.959842
2016-05-23,40.080002,37.874798
2016-05-24,40.250000,38.035443
2016-05-25,40.230000,38.016543
2016-05-26,40.470001,38.243339
2016-05-27,40.650002,38.472852
2016-05-31,40.480000,38.311955
2016-06-01,40.439999,38.274097
2016-06-02,40.549999,38.378205
2016-06-03,40.259998,38.103736
2016-06-06,40.200001,38.046953
2016-06-07,40.160000,38.009094
2016-06-08,40.540001,38.368743
2016-06-09,40.099998,37.952306
2016-06-10,39.790001,37.658912
2016-06-13,39.709999,37.583194
2016-06-14,39.360001,37.251942
2016-06-15,39.480000,37.365514
2016-06-16,39.689999,37.564265
2016-06-17,40.040001,37.895522
2016-06-20,40.040001,37.895522
2016-06-21,40.340000,38.179453
2016-06-22,40.250000,38.094274
2016-06-23,40.959999,38.766246
2016-06-24,39.369999,37.261404
2016-06-27,38.340000,36.286570
2016-06-28,39.029999,36.939614
2016-06-29,39.919998,37.781946
2016-06-30,41.090000,38.889285
2016-07-01,40.910000,38.718925
2016-07-05,40.020000,37.876592
2016-07-06,40.130001,37.980702
2016-07-07,40.130001,37.980702
2016-07-08,40.779999,38.595887
2016-07-11,40.630001,38.453922
2016-07-12,41.209999,39.002857
2016-07-13,41.209999,39.002857
2016-07-14,41.490002,39.267863
2016-07-15,41.380001,39.163754
2016-07-18,41.240002,39.031253
2016-07-19,41.230000,39.021786
2016-07-20,41.180000,38.974464
2016-07-21,41.080002,38.879822
2016-07-22,41.299999,39.088036
2016-07-25,41.160000,38.955536
2016-07-26,41.290001,39.078574
2016-07-27,41.200001,38.993394
2016-07-28,41.189999,38.983928
2016-07-29,41.330002,39.116432
2016-08-01,40.520000,38.349813
2016-08-02,40.169998,38.018556
2016-08-03,40.450001,38.283563
2016-08-04,40.389999,38.226775
2016-08-05,41.150002,38.946073
2016-08-08,41.119999,38.917677
2016-08-09,41.220001,39.012323
2016-08-10,40.959999,38.766246
2016-08-11,41.259998,39.050178
2016-08-12,41.060001,38.860892
2016-08-15,41.330002,39.116432
2016-08-16,41.180000,38.974464
2016-08-17,41.340000,39.125895
2016-08-18,41.570000,39.343577
2016-08-19,41.450001,39.230005
2016-08-22,41.470001,39.248933
2016-08-23,41.480000,39.258397
2016-08-24,41.470001,39.248933
2016-08-25,41.730000,39.495007
2016-08-26,41.430000,39.211075
2016-08-29,41.770000,39.592593
2016-08-30,41.799999,39.621028
2016-08-31,41.860001,39.677902
2016-09-01,41.310001,39.156573
2016-09-02,41.630001,39.459892
2016-09-06,41.549999,39.384060
2016-09-07,41.500000,39.336668
2016-09-08,41.770000,39.592593
2016-09-09,41.209999,39.061784
2016-09-12,41.750000,39.573636
2016-09-13,41.200001,39.052307
2016-09-14,40.700001,38.578371
2016-09-15,40.930000,38.796381
2016-09-16,40.169998,38.075997
2016-09-19,40.369999,38.265572
2016-09-20,40.310001,38.208702
2016-09-21,40.869999,38.739508
2016-09-22,41.150002,39.004915
2016-09-23,40.119999,38.028604
2016-09-26,39.900002,37.820075
2016-09-27,40.430000,38.322445
2016-09-28,40.939999,38.805859
2016-09-29,40.770000,38.644722
2016-09-30,41.150002,39.004915
2016-10-03,40.919998,38.786900
2016-10-04,40.869999,38.739508
2016-10-05,41.259998,39.109177
2016-10-06,41.160000,39.014391
2016-10-07,41.290001,39.137616
2016-10-10,41.549999,39.384060
2016-10-11,41.180000,39.033349
2016-10-12,41.389999,39.232401
2016-10-13,40.919998,38.786900
2016-10-14,41.139999,38.995433
2016-10-17,41.009998,38.872209
2016-10-18,41.290001,39.137616
2016-10-19,41.830002,39.649467
2016-10-20,41.410000,39.251359
2016-10-21,40.799999,38.673157
2016-10-24,40.889999,38.758465
2016-10-25,40.880001,38.748988
2016-10-26,40.880001,38.748988
2016-10-27,41.009998,38.872209
2016-10-28,41.020000,38.881689
2016-10-31,43.029999,40.786910
2016-11-01,42.360001,40.151838
2016-11-02,41.790001,39.611551
2016-11-03,41.849998,39.668421
2016-11-04,41.410000,39.251359
2016-11-07,41.830002,39.649467
2016-11-08,42.549999,40.331932
2016-11-09,43.139999,40.891176
2016-11-10,43.480000,41.213453
2016-11-11,43.410000,41.147102
2016-11-14,43.959999,41.668431
2016-11-15,43.939999,41.649473
2016-11-16,43.610001,41.336678
2016-11-17,43.990002,41.696870
2016-11-18,43.860001,41.573645
2016-11-21,44.200001,41.895922
2016-11-22,44.450001,42.132890
2016-11-23,44.759998,42.426727
2016-11-25,44.470001,42.151847
2016-11-28,44.330002,42.078285
2016-11-29,44.419998,42.163709
2016-11-30,44.650002,42.382030
2016-12-01,45.009998,42.723741
2016-12-02,44.880001,42.600347
2016-12-05,45.209999,42.913583
2016-12-06,45.939999,43.606503
2016-12-07,46.490002,44.128569
2016-12-08,46.939999,44.555708
2016-12-09,47.369999,44.963867
2016-12-12,47.500000,45.087264
2016-12-13,47.709999,45.286597
2016-12-14,47.230000,44.830979
2016-12-15,47.439999,45.030311
2016-12-16,47.490002,45.077774
2016-12-19,47.430000,45.020820
2016-12-20,47.720001,45.296091
2016-12-21,47.900002,45.466948
2016-12-22,47.680000,45.258121
2016-12-23,47.509998,45.096754
2016-12-27,47.439999,45.030311
2016-12-28,47.189999,44.793010
2016-12-29,46.950001,44.565202
2016-12-30,46.830002,44.451298
2017-01-03,47.200001,44.802504
2017-01-04,46.900002,44.517743
2017-01-05,46.540001,44.176028
2017-01-06,46.750000,44.375360
2017-01-09,46.290001,43.938727
2017-01-10,46.470001,44.109584
2017-01-11,46.430000,44.071614
2017-01-12,46.150002,43.805839
2017-01-13,46.099998,43.758375
2017-01-17,45.680000,43.359710
2017-01-18,46.259998,43.910248
2017-01-19,45.700001,43.378695
2017-01-20,46.029999,43.691931
2017-01-23,45.930000,43.597012
2017-01-24,46.740002,44.365870
2017-01-25,47.090000,44.698090
2017-01-26,47.150002,44.755044
2017-01-27,46.700001,44.327901
2017-01-30,46.419998,44.062120
2017-01-31,46.580002,44.213997
2017-02-01,46.200001,43.853298
2017-02-02,46.270000,43.919741
2017-02-03,46.610001,44.242472
2017-02-06,46.500000,44.138059
2017-02-07,46.419998,44.062120
2017-02-08,46.250000,43.900757
2017-02-09,46.240002,43.891267
2017-02-10,46.480000,44.119075
2017-02-13,46.810001,44.432313
2017-02-14,46.959999,44.574692
2017-02-15,47.250000,44.849963
2017-02-16,47.049999,44.660121
2017-02-17,46.980000,44.593677
2017-02-21,47.119999,44.726565
2017-02-22,47.119999,44.726565
2017-02-23,47.419998,45.011326
2017-02-24,47.230000,44.830979
2017-02-27,47.080002,44.747815
2017-02-28,46.980000,44.652767
2017-03-01,47.820000,45.451156
2017-03-02,47.250000,44.909392
2017-03-03,47.680000,45.318091
2017-03-06,47.509998,45.156511
2017-03-07,47.450001,45.099486
2017-03-08,47.259998,44.918895
2017-03-09,47.139999,44.804840
2017-03-10,47.200001,44.861870
2017-03-13,47.150002,44.814348
2017-03-14,47.200001,44.861870
2017-03-15,47.540001,45.185027
2017-03-16,47.369999,45.023447
2017-03-17,47.209999,44.871373
2017-03-20,46.880001,44.557722
2017-03-21,46.470001,44.168032
2017-03-22,46.230000,43.939919
2017-03-23,46.340000,44.044470
2017-03-24,46.040001,43.759332
2017-03-27,45.919998,43.645274
2017-03-28,46.490002,44.187042
2017-03-29,46.349998,44.053973
2017-03-30,46.860001,44.538712
2017-03-31,46.770000,44.453170
2017-04-03,46.740002,44.424658
2017-04-04,47.090000,44.757318
2017-04-05,47.000000,44.671776
2017-04-06,47.299999,44.956914
2017-04-07,47.240002,44.899889
2017-04-10,47.459999,45.108988
2017-04-11,47.209999,44.871373
2017-04-12,46.720001,44.405647
2017-04-13,46.130001,43.844874
2017-04-17,46.480000,44.177535
2017-04-18,46.160000,43.873387
2017-04-19,45.880001,43.607258
2017-04-20,46.060001,43.778342
2017-04-21,45.950001,43.673791
2017-04-24,47.049999,44.719298
2017-04-25,47.340000,44.994934
2017-04-26,47.450001,45.099486
2017-04-27,47.330002,44.985431
2017-04-28,46.619999,44.310599
2017-05-01,47.220001,44.880879
2017-05-02,47.049999,44.719298
2017-05-03,47.009998,44.681279
2017-05-04,46.750000,44.434160
2017-05-05,47.009998,44.681279
2017-05-08,46.759998,44.443663
2017-05-09,46.330002,44.034968
2017-05-10,46.450001,44.149022
2017-05-11,45.910000,43.635771
2017-05-12,45.759998,43.493200
2017-05-15,46.070000,43.787845
2017-05-16,46.380001,44.082490
2017-05-17,45.830002,43.559736
2017-05-18,46.049999,43.768835
2017-05-19,45.919998,43.645274
2017-05-22,46.369999,44.072983
2017-05-23,46.779999,44.462673
2017-05-24,46.490002,44.187042
2017-05-25,46.750000,44.434160
2017-05-26,46.880001,44.617370
2017-05-30,46.880001,44.617370
2017-05-31,47.160000,44.883856
2017-06-01,47.669998,45.369239
2017-06-02,47.299999,45.017098
2017-06-05,47.139999,44.864820
2017-06-06,46.759998,44.503159
2017-06-07,46.660000,44.407988
2017-06-08,46.700001,44.446058
2017-06-09,47.470001,45.178895
2017-06-12,47.650002,45.350208
2017-06-13,47.770000,45.464414
2017-06-14,47.660000,45.359723
2017-06-15,48.049999,45.730899
2017-06-16,48.139999,45.816556
2017-06-19,47.990002,45.673798
2017-06-20,47.509998,45.216961
2017-06-21,46.820000,44.560265
2017-06-22,46.400002,44.160538
2017-06-23,46.279999,44.046327
2017-06-26,46.610001,44.360402
2017-06-27,46.619999,44.369917
2017-06-28,46.970001,44.703027
2017-06-29,46.830002,44.569785
2017-06-30,46.810001,44.550749
2017-07-03,47.400002,45.112274
2017-07-05,47.009998,44.741093
2017-07-06,46.779999,44.522195
2017-07-07,47.209999,44.931441
2017-07-10,47.150002,44.874340
2017-07-11,46.900002,44.636406
2017-07-12,46.790001,44.531714
2017-07-13,46.930000,44.664956
2017-07-14,46.950001,44.683992
2017-07-17,47.150002,44.874340
2017-07-18,47.240002,44.959996
2017-07-19,47.910000,45.597657
2017-07-20,47.799999,45.492965
2017-07-21,47.889999,45.578622
2017-07-24,48.020000,45.702348
2017-07-25,48.480000,46.140147
2017-07-26,48.119999,45.797521
2017-07-27,48.119999,45.797521
2017-07-28,48.259998,45.930763
2017-07-31,48.680000,46.330494
2017-08-01,49.189999,46.815878
2017-08-02,49.119999,46.749257
2017-08-03,48.970001,46.606498
2017-08-04,49.139999,46.768291
2017-08-07,49.020000,46.654084
2017-08-08,48.939999,46.577944
2017-08-09,48.869999,46.511323
2017-08-10,48.580002,46.235322
2017-08-11,48.270000,45.940282
2017-08-14,48.439999,46.102076
2017-08-15,48.369999,46.035455
2017-08-16,48.310001,45.978353
2017-08-17,47.430000,45.140824
2017-08-18,47.580002,45.283586
2017-08-21,47.400002,45.112274
2017-08-22,47.770000,45.464414
2017-08-23,47.490002,45.197930
2017-08-24,47.209999,44.931441
2017-08-25,47.480000,45.188411
2017-08-28,46.900002,44.695240
2017-08-29,46.619999,44.428400
2017-08-30,46.619999,44.428400
2017-08-31,46.580002,44.390284
2017-09-01,46.910000,44.704768
2017-09-05,45.840000,43.685069
2017-09-06,46.169998,43.999554
2017-09-07,45.119999,42.998915
2017-09-08,45.970001,43.808959
2017-09-11,46.730000,44.533230
2017-09-12,46.880001,44.676180
2017-09-13,47.160000,44.943016
2017-09-14,47.220001,45.000196
2017-09-15,47.490002,45.257505
2017-09-18,47.500000,45.267033
2017-09-19,47.689999,45.448100
2017-09-20,47.790001,45.543401
2017-09-21,47.709999,45.467160
2017-09-22,47.610001,45.371862
2017-09-25,47.790001,45.543401
2017-09-26,47.880001,45.629170
2017-09-27,47.840000,45.591049
2017-09-28,47.840000,45.591049
2017-09-29,47.860001,45.610110
2017-10-02,48.119999,45.857886
2017-10-03,48.400002,46.124726
2017-10-04,48.540001,46.258143
2017-10-05,48.900002,46.601221
2017-10-06,48.919998,46.620277
2017-10-09,48.560001,46.277203
2017-10-10,48.950001,46.648869
2017-10-11,48.700001,46.410622
2017-10-12,48.860001,46.563100
2017-10-13,48.849998,46.553567
2017-10-16,49.060001,46.753698
2017-10-17,48.660000,46.372501
2017-10-18,48.689999,46.401090
2017-10-19,48.980000,46.677458
2017-10-20,49.000000,46.696518
2017-10-23,48.700001,46.410622
2017-10-24,48.509998,46.229551
2017-10-25,48.250000,45.981775
2017-10-26,48.369999,46.096133
2017-10-27,47.950001,45.695879
2017-10-30,49.459999,47.134892
2017-10-31,49.509998,47.182541
2017-11-01,49.540001,47.211133
2017-11-02,49.500000,47.173013
2017-11-03,49.610001,47.277843
2017-11-06,49.680000,47.344551
2017-11-07,49.490002,47.163485
2017-11-08,49.580002,47.249254
2017-11-09,49.340000,47.020535
2017-11-10,49.509998,47.182541
2017-11-13,49.889999,47.544678
2017-11-14,49.939999,47.592328
2017-11-15,49.689999,47.354080
2017-11-16,49.200001,46.887117
2017-11-17,49.220001,46.906177
2017-11-20,49.349998,47.030063
2017-11-21,49.380001,47.058655
2017-11-22,49.360001,47.039595
2017-11-24,49.349998,47.030063
2017-11-27,49.660000,47.325491
2017-11-28,50.110001,47.814515
2017-11-29,50.330002,48.024438
2017-11-30,50.279999,48.497060
2017-12-01,50.490002,48.699616
2017-12-04,50.650002,48.853942
2017-12-05,50.110001,48.333090
2017-12-06,49.959999,48.188407
2017-12-07,49.990002,48.217346
2017-12-08,49.840000,48.072663
2017-12-11,50.049999,48.275216
2017-12-12,50.320000,48.535642
2017-12-13,49.900002,48.130538
2017-12-14,49.450001,47.696494
2017-12-15,49.750000,47.985855
2017-12-18,49.980000,48.207699
2017-12-19,49.639999,47.879754
2017-12-20,49.509998,47.754363
2017-12-21,49.790001,48.024437
2017-12-22,49.660000,47.899046
2017-12-26,49.919998,48.149825
2017-12-27,50.000000,48.226990
2017-12-28,50.139999,48.362024
2017-12-29,50.029999,48.255925
2018-01-02,49.889999,48.120889
2018-01-03,50.470001,48.680324
2018-01-04,50.720001,48.921459
2018-01-05,50.619999,48.825003
2018-01-08,50.580002,48.786425
2018-01-09,51.130001,49.316921
2018-01-10,51.209999,49.394082
2018-01-11,51.509998,49.683443
2018-01-12,52.779999,50.908409
2018-01-16,52.189999,50.339331
2018-01-17,52.349998,50.493656
2018-01-18,52.520000,50.657630
2018-01-19,52.509998,50.647983
2018-01-22,52.799999,50.927700
2018-01-23,52.900002,51.024157
2018-01-24,53.040001,51.159192
2018-01-25,53.150002,51.265292
2018-01-26,53.459999,51.564296
2018-01-29,53.110001,51.226709
2018-01-30,51.990002,50.146426
2018-01-31,51.650002,49.818482
2018-02-01,51.590000,49.760608
2018-02-02,50.820000,49.017912
2018-02-05,48.189999,46.481172
2018-02-06,47.810001,46.114648
2018-02-07,47.860001,46.162875
2018-02-08,46.049999,44.417057
2018-02-09,46.730000,45.072945
2018-02-12,47.500000,45.815640
2018-02-13,48.090000,46.384719
2018-02-14,48.869999,47.137059
2018-02-15,49.889999,48.120889
2018-02-16,50.080002,48.304155
2018-02-20,49.889999,48.120889
2018-02-21,49.750000,47.985855
2018-02-22,49.599998,47.841172
2018-02-23,50.340000,48.554933
2018-02-26,50.730000,48.931104
2018-02-27,50.180000,48.460311
2018-02-28,49.330002,47.639442
2018-03-01,48.650002,46.982746
2018-03-02,48.820000,47.146918
2018-03-05,50.369999,48.643798
2018-03-06,50.880001,49.136322
2018-03-07,50.939999,49.194264
2018-03-08,51.259998,49.503297
2018-03-09,51.720001,49.947535
2018-03-12,51.509998,49.744729
2018-03-13,51.240002,49.483986
2018-03-14,50.959999,49.213579
2018-03-15,50.939999,49.194264
2018-03-16,51.160000,49.406726
2018-03-19,50.990002,49.242553
2018-03-20,51.410000,49.648158
2018-03-21,51.590000,49.821989
2018-03-22,50.240002,48.518256
2018-03-23,49.070000,47.388351
2018-03-26,50.119999,48.402366
2018-03-27,49.099998,47.417321
2018-03-28,49.439999,47.745670
2018-03-29,49.730000,48.025732
2018-04-02,48.650002,46.982746
2018-04-03,49.470001,47.774643
2018-04-04,49.930000,48.218878
2018-04-05,50.509998,48.778999
2018-04-06,49.380001,47.687728
2018-04-09,49.630001,47.929160
2018-04-10,50.430000,48.701743
2018-04-11,50.080002,48.363740
2018-04-12,50.540001,48.807974
2018-04-13,50.430000,48.701743
2018-04-16,51.020000,49.271523
2018-04-17,51.000000,49.252209
2018-04-18,51.020000,49.271523
2018-04-19,51.520000,49.754388
2018-04-20,51.570000,49.802675
2018-04-23,51.619999,49.850960
2018-04-24,51.279999,49.522612
2018-04-25,51.540001,49.773704
2018-04-26,51.700001,49.928220
2018-04-27,51.750000,49.976506
2018-04-30,52.459999,50.662173
2018-05-01,52.439999,50.642858
2018-05-02,51.090000,49.339124
2018-05-03,50.439999,48.711399
2018-05-04,50.970001,49.223238
2018-05-07,51.200001,49.445356
2018-05-08,51.230000,49.474327
2018-05-09,51.610001,49.841305
2018-05-10,51.860001,50.082737
2018-05-11,51.689999,49.918561
2018-05-14,51.259998,49.503297
2018-05-15,51.340000,49.580557
2018-05-16,51.299999,49.541927
2018-05-17,51.450001,49.686788
2018-05-18,51.310001,49.551586
2018-05-21,51.419998,49.657813
2018-05-22,51.290001,49.532271
2018-05-23,50.700001,48.962491
2018-05-24,50.139999,48.421680
2018-05-25,49.730000,48.025732
2018-05-29,47.990002,46.403684
2018-05-30,48.779999,47.167568
2018-05-31,48.869999,47.254593
2018-06-01,49.180000,47.554347
2018-06-04,49.639999,47.999140
2018-06-05,49.619999,47.979801
2018-06-06,49.720001,48.076498
2018-06-07,50.130001,48.472945
2018-06-08,50.419998,48.753356
2018-06-11,50.029999,48.376249
2018-06-12,49.779999,48.134513
2018-06-13,49.820000,48.173191
2018-06-14,49.610001,47.970134
2018-06-15,49.889999,48.240876
2018-06-18,49.930000,48.279555
2018-06-19,49.730000,48.086166
2018-06-20,49.189999,47.564015
2018-06-21,48.570000,46.964510
2018-06-22,48.770000,47.157899
2018-06-25,48.860001,47.244925
2018-06-26,48.639999,47.032195
2018-06-27,48.070000,46.481038
2018-06-28,48.290001,46.693767
2018-06-29,48.279999,46.684095
2018-07-02,48.290001,46.693767
2018-07-03,48.299999,46.703434
2018-07-05,48.360001,46.761453
2018-07-06,48.900002,47.283604
2018-07-09,50.060001,48.405259
2018-07-10,49.910000,48.260216
2018-07-11,49.529999,47.892776
2018-07-12,49.360001,47.728398
2018-07-13,49.490002,47.854101
2018-07-16,49.810001,48.163523
2018-07-17,49.709999,48.066826
2018-07-18,50.180000,48.521291
2018-07-19,49.389999,47.757404
2018-07-20,49.619999,47.979801
2018-07-23,49.889999,48.240876
2018-07-24,50.040001,48.385920
2018-07-25,49.880001,48.231209
2018-07-26,50.130001,48.472945
2018-07-27,49.770000,48.124844
2018-07-30,49.820000,48.173191
2018-07-31,50.779999,49.101457
2018-08-01,51.590000,49.884684
2018-08-02,50.970001,49.285179
2018-08-03,51.139999,49.449558
2018-08-06,50.950001,49.265840
2018-08-07,50.840000,49.159475
2018-08-08,50.730000,49.053111
2018-08-09,50.330002,48.666335
2018-08-10,50.110001,48.453606
2018-08-13,49.720001,48.076498
2018-08-14,49.950001,48.298895
2018-08-15,49.709999,48.066826
2018-08-16,50.150002,48.492285
2018-08-17,50.160000,48.501953
2018-08-20,50.049999,48.395588
2018-08-21,50.110001,48.453606
2018-08-22,49.750000,48.105505
2018-08-23,49.419998,47.786411
2018-08-24,49.830002,48.182863
2018-08-27,50.209999,48.550299
2018-08-28,50.270000,48.668898
2018-08-29,50.459999,48.852846
2018-08-30,50.209999,48.610808
2018-08-31,50.310001,48.707625
2018-09-04,50.270000,48.668898
2018-09-05,50.270000,48.668898
2018-09-06,49.889999,48.301000
2018-09-07,49.660000,48.078327
2018-09-10,49.959999,48.368771
2018-09-11,50.110001,48.513995
2018-09-12,49.869999,48.281637
2018-09-13,50.369999,48.765712
2018-09-14,50.980000,49.356285
2018-09-17,50.759998,49.143290
2018-09-18,51.040001,49.414375
2018-09-19,51.799999,50.150167
2018-09-20,52.160000,50.498702
2018-09-21,51.759998,50.111440
2018-09-24,51.029999,49.404691
2018-09-25,50.740002,49.123931
2018-09-26,49.970001,48.378454
2018-09-27,49.939999,48.349408
2018-09-28,50.230000,48.630172
2018-10-01,50.250000,48.649535
2018-10-02,50.099998,48.504311
2018-10-03,50.150002,48.552722
2018-10-04,50.349998,48.746348
2018-10-05,49.930000,48.339727
2018-10-08,50.880001,49.259471
2018-10-09,50.720001,49.104567
2018-10-10,49.209999,47.642658
2018-10-11,47.240002,45.735406
2018-10-12,46.799999,45.309417
2018-10-15,46.840000,45.348144
2018-10-16,47.060001,45.561138
2018-10-17,47.320000,45.812856
2018-10-18,46.750000,45.261010
2018-10-19,47.000000,45.503048
2018-10-22,46.570000,45.086743
2018-10-23,46.180000,44.709165
2018-10-24,44.830002,43.402164
2018-10-25,45.750000,44.292860
2018-10-26,45.200001,43.760379
2018-10-29,45.299999,43.857192
2018-10-30,46.119999,44.651075
2018-10-31,46.560001,45.077063
2018-11-01,47.160000,45.657952
2018-11-02,46.290001,44.815662
2018-11-05,48.799999,47.245717
2018-11-06,49.509998,47.933102
2018-11-07,49.740002,48.155781
2018-11-08,49.439999,47.865333
2018-11-09,49.590000,48.010556
2018-11-12,48.770000,47.216673
2018-11-13,48.650002,47.100497
2018-11-14,47.490002,45.977443
2018-11-15,48.150002,46.616422
2018-11-16,48.500000,46.955273
2018-11-19,48.450001,46.906866
2018-11-20,47.430000,45.919352
2018-11-21,47.299999,45.793492
2018-11-23,46.970001,45.474004
2018-11-26,48.060001,46.529288
2018-11-27,47.549999,46.095475
2018-11-28,48.730000,47.239380
2018-11-29,47.980000,46.512322
2018-11-30,48.060001,46.589876
2018-12-03,48.500000,47.016416
2018-12-04,46.970001,45.533218
2018-12-06,46.919998,45.484745
2018-12-07,45.779999,44.379618
2018-12-10,45.139999,43.759195
2018-12-11,44.860001,43.487762
2018-12-12,45.090000,43.710725
2018-12-13,45.509998,44.117876
2018-12-14,45.070000,43.691337
2018-12-17,45.009998,43.633171
2018-12-18,45.060001,43.681644
2018-12-19,44.880001,43.507150
2018-12-20,44.650002,43.284187
2018-12-21,43.869999,42.528043
2018-12-24,42.540001,41.238729
2018-12-26,44.459999,43.099996
2018-12-27,44.970001,43.594397
2018-12-28,44.910000,43.536231
2018-12-31,45.520000,44.127572
2019-01-02,45.080002,43.701033
2019-01-03,44.520000,43.158161
2019-01-04,45.650002,44.253597
2019-01-07,45.959999,44.554112
2019-01-08,45.849998,44.447475
2019-01-09,46.049999,44.641359
2019-01-10,46.389999,44.970958
2019-01-11,46.580002,45.155149
2019-01-14,46.650002,45.223008
2019-01-15,46.650002,45.223008
2019-01-16,46.680000,45.252088
2019-01-17,46.799999,45.368417
2019-01-18,47.529999,46.076086
2019-01-22,46.939999,45.504134
2019-01-23,47.259998,45.814344
2019-01-24,47.419998,45.969450
2019-01-25,47.790001,46.328135
2019-01-28,47.650002,46.192419
2019-01-29,47.730000,46.269969
2019-01-30,48.110001,46.638346
2019-01-31,47.900002,46.434771
2019-02-01,48.049999,46.580180
2019-02-04,48.009998,46.541402
2019-02-05,48.080002,46.609265
2019-02-06,48.020000,46.551098
2019-02-07,47.840000,46.376605
2019-02-08,47.470001,46.017924
2019-02-11,44.560001,43.196939
2019-02-12,45.919998,44.515334
2019-02-13,46.770000,45.339335
2019-02-14,45.880001,44.476561
2019-02-15,46.700001,45.271477
2019-02-19,47.060001,45.620465
2019-02-20,47.439999,45.988839
2019-02-21,47.529999,46.076086
2019-02-22,47.790001,46.328135
2019-02-25,47.980000,46.512322
2019-02-26,47.580002,46.184721
2019-02-27,47.570000,46.175012
2019-02-28,47.619999,46.223545
2019-03-01,47.900002,46.495337
2019-03-04,48.110001,46.699178
2019-03-05,47.930000,46.524456
2019-03-06,47.439999,46.048824
2019-03-07,46.820000,45.447006
2019-03-08,46.880001,45.505248
2019-03-11,47.200001,45.815864
2019-03-12,47.590000,46.194426
2019-03-13,47.709999,46.310906
2019-03-14,47.889999,46.485628
2019-03-15,47.779999,46.378853
2019-03-18,48.410000,46.990380
2019-03-19,48.040001,46.631231
2019-03-20,47.509998,46.116770
2019-03-21,47.930000,46.524456
2019-03-22,47.330002,45.942052
2019-03-25,47.099998,45.718793
2019-03-26,47.570000,46.175012
2019-03-27,47.730000,46.330321
2019-03-28,47.860001,46.456509
2019-03-29,47.930000,46.524456
2019-04-01,48.680000,47.252462
2019-04-02,48.189999,46.776830
2019-04-03,48.200001,46.786539
2019-04-04,48.490002,47.068035
2019-04-05,48.599998,47.174806
2019-04-08,48.590000,47.165101
2019-04-09,48.340000,46.922432
2019-04-10,48.680000,47.252462
2019-04-11,49.099998,47.660143
2019-04-12,49.279999,47.834866
2019-04-15,49.169998,47.728091
2019-04-16,49.660000,48.203723
2019-04-17,49.240002,47.796042
2019-04-18,48.820000,47.388356
2019-04-22,49.220001,47.776627
2019-04-23,49.439999,47.990174
2019-04-24,49.490002,48.038711
2019-04-25,49.680000,48.223137
2019-04-26,50.180000,48.708474
2019-04-29,50.930000,49.436481
2019-04-30,51.290001,49.785925
2019-05-01,50.299999,48.824954
2019-05-02,50.240002,48.766717
2019-05-03,50.840000,49.349120
2019-05-06,50.790001,49.300587
2019-05-07,50.160000,48.689061
2019-05-08,50.410000,48.931730
2019-05-09,50.529999,49.048210
2019-05-10,51.369999,49.863577
2019-05-13,50.169998,48.698766
2019-05-14,50.970001,49.475309
2019-05-15,51.220001,49.717977
2019-05-16,51.919998,50.397447
2019-05-17,51.779999,50.261554
2019-05-20,51.939999,50.416862
2019-05-21,52.500000,50.960441
2019-05-22,52.419998,50.882785
2019-05-23,51.869999,50.348914
2019-05-24,52.220001,50.688652
2019-05-28,51.310001,49.865020
2019-05-29,51.250000,49.806708
2019-05-30,51.330002,49.884457
2019-05-31,51.360001,49.913612
2019-06-03,52.270000,50.797983
2019-06-04,52.939999,51.449114
2019-06-05,53.439999,51.935033
2019-06-06,53.700001,52.187713
2019-06-07,53.840000,52.323769
2019-06-10,54.029999,52.508418
2019-06-11,53.590000,52.080810
2019-06-12,53.299999,51.798976
2019-06-13,53.369999,51.867004
2019-06-14,53.540001,52.032219
2019-06-17,52.939999,51.449114
2019-06-18,53.389999,51.886441
2019-06-19,53.619999,52.109964
2019-06-20,54.060001,52.537575
2019-06-21,54.070000,52.547292
2019-06-24,54.150002,52.625041
2019-06-25,54.549999,53.013773
2019-06-26,53.430000,51.925316
2019-06-27,53.770000,52.255741
2019-06-28,54.669998,53.130393
2019-07-01,55.599998,54.034203
2019-07-02,55.240002,53.684345
2019-07-03,56.160000,54.578434
2019-07-05,55.689999,54.121669
2019-07-08,55.660000,54.092515
2019-07-09,55.490002,53.927304
2019-07-10,55.549999,53.985612
2019-07-11,55.299999,53.742652
2019-07-12,55.380001,53.820401
2019-07-15,55.180000,53.626033
2019-07-16,54.799999,53.256733
2019-07-17,54.139999,52.615320
2019-07-18,54.349998,52.819405
2019-07-19,53.840000,52.323769
2019-07-22,53.950001,52.430672
2019-07-23,54.020000,52.498700
2019-07-24,54.740002,53.198426
2019-07-25,54.770000,53.227579
2019-07-26,54.840000,53.295608
2019-07-29,53.910000,52.391798
2019-07-30,53.669998,52.158555
2019-07-31,53.540001,52.032219
2019-08-01,52.869999,51.381085
2019-08-02,52.509998,51.031223
2019-08-05,50.720001,49.291635
2019-08-06,51.549999,50.098259
2019-08-07,50.599998,49.175012
2019-08-08,51.660000,50.205162
2019-08-09,50.970001,49.534595
2019-08-12,50.110001,48.698814
2019-08-13,50.430000,49.009801
2019-08-14,48.139999,46.784291
2019-08-15,48.430000,47.066125
2019-08-16,48.849998,47.474295
2019-08-19,49.189999,47.804721
2019-08-20,48.680000,47.309084
2019-08-21,48.840000,47.464578
2019-08-22,48.619999,47.250773
2019-08-23,47.240002,45.909639
2019-08-26,47.950001,46.599643
2019-08-27,47.450001,46.173909
2019-08-28,47.700001,46.417186
2019-08-29,48.080002,46.786967
2019-08-30,48.070000,46.777234
2019-09-03,47.980000,46.689655
2019-09-04,48.650002,47.341638
2019-09-05,48.959999,47.643298
2019-09-06,49.279999,47.954692
2019-09-09,49.610001,48.275819
2019-09-10,49.910000,48.567750
2019-09-11,50.029999,48.684522
2019-09-12,50.389999,49.034841
2019-09-13,50.799999,49.433814
2019-09-16,51.009998,49.638166
2019-09-17,51.369999,49.988485
2019-09-18,51.279999,49.900905
2019-09-19,51.049999,49.677091
2019-09-20,50.970001,49.599244
2019-09-23,51.580002,50.192840
2019-09-24,51.650002,50.260958
2019-09-25,51.020000,49.647899
2019-09-26,51.150002,49.774404
2019-09-27,51.509998,50.124719
2019-09-30,51.480000,50.095528
2019-10-01,50.119999,48.772102
2019-10-02,48.869999,47.555718
2019-10-03,49.169998,47.847649
2019-10-04,49.990002,48.645601
2019-10-07,49.580002,48.246627
2019-10-08,48.689999,47.380559
2019-10-09,49.099998,47.779532
2019-10-10,49.540001,48.207702
2019-10-11,50.480000,49.122421
2019-10-14,50.410000,49.054304
2019-10-15,51.070000,49.696554
2019-10-16,50.950001,49.579782
2019-10-17,50.849998,49.482469
2019-10-18,50.959999,49.589511
2019-10-21,51.459999,50.076065
2019-10-22,50.889999,49.521394
2019-10-23,51.099998,49.725745
2019-10-24,50.840000,49.472739
2019-10-25,51.000000,49.628437
2019-10-28,49.419998,48.090926
2019-10-29,49.389999,48.061734
2019-10-30,49.200001,47.876846
2019-10-31,49.000000,47.682223
2019-11-01,49.790001,48.450979
2019-11-04,49.799999,48.460708
2019-11-05,50.490002,49.132154
2019-11-06,50.869999,49.501932
2019-11-07,51.029999,49.657629
2019-11-08,51.000000,49.628437
2019-11-11,50.520000,49.161345
2019-11-12,50.650002,49.287851
2019-11-13,50.360001,49.005649
2019-11-14,50.090000,48.742910
2019-11-15,50.160000,48.811027
2019-11-18,50.270000,48.918069
2019-11-19,50.180000,48.830489
2019-11-20,50.349998,48.995915
2019-11-21,50.450001,49.093229
2019-11-22,50.650002,49.287851
2019-11-25,50.799999,49.433814
2019-11-26,50.549999,49.251132
2019-11-27,51.020000,49.709056
2019-11-29,50.900002,49.592142
2019-12-02,50.169998,48.880895
2019-12-03,48.500000,47.253807
2019-12-04,48.880001,47.624044
2019-12-05,49.150002,47.887107
2019-12-06,50.160000,48.871154
2019-12-09,50.330002,49.036788
2019-12-10,50.070000,48.783466
2019-12-11,49.990002,48.705524
2019-12-12,51.090000,49.777258
2019-12-13,50.610001,49.309592
2019-12-16,51.070000,49.757772
2019-12-17,51.400002,50.079294
2019-12-18,51.320000,50.001348
2019-12-19,51.169998,49.855200
2019-12-20,51.660000,50.332612
2019-12-23,51.400002,50.079294
2019-12-24,51.450001,50.128009
2019-12-26,51.939999,50.605416
2019-12-27,51.889999,50.556701
2019-12-30,52.009998,50.673617
2019-12-31,52.490002,51.141287
2020-01-02,52.959999,51.599208
2020-01-03,52.759998,51.404346
2020-01-06,52.080002,50.741822
2020-01-07,51.840000,50.507987
2020-01-08,51.849998,50.517728
2020-01-09,52.709999,51.355631
2020-01-10,52.070000,50.732077
2020-01-13,52.099998,50.761304
2020-01-14,52.029999,50.693104
2020-01-15,51.680000,50.352098
2020-01-16,52.139999,50.800277
2020-01-17,52.389999,51.043854
2020-01-21,51.500000,50.176723
2020-01-22,51.880001,50.546960
2020-01-23,51.459999,50.137750
2020-01-24,51.349998,50.030575
2020-01-27,50.790001,49.484967
2020-01-28,51.490002,50.166982
2020-01-29,51.669998,50.342353
2020-01-30,52.380001,51.034113
2020-01-31,51.450001,50.128009
2020-02-03,52.400002,51.053600
2020-02-04,52.730000,51.375119
2020-02-05,53.580002,52.203280
2020-02-06,53.310001,51.940217
2020-02-07,53.250000,51.881757
2020-02-10,55.810001,54.375980
2020-02-11,54.720001,53.313987
2020-02-12,53.930000,52.544285
2020-02-13,54.060001,52.670946
2020-02-14,54.189999,52.797603
2020-02-18,53.700001,52.320196
2020-02-19,53.709999,52.329937
2020-02-20,53.889999,52.505312
2020-02-21,53.630001,52.251994
2020-02-24,52.330002,50.985398
2020-02-25,50.360001,49.124688
2020-02-26,48.950001,47.749274
2020-02-27,46.209999,45.076484
2020-02-28,45.630001,44.510713
2020-03-02,48.689999,47.495650
2020-03-03,47.080002,45.925146
2020-03-04,48.500000,47.310312
2020-03-05,45.529999,44.413164
2020-03-06,44.180000,43.096280
2020-03-09,39.389999,38.423776
2020-03-10,43.180000,42.120810
2020-03-11,39.730000,38.755437
2020-03-12,33.189999,32.375860
2020-03-13,37.009998,36.102156
2020-03-16,33.419998,32.600217
2020-03-17,36.720001,35.819272
2020-03-18,34.590000,33.741519
2020-03-19,37.310001,36.394800
2020-03-20,31.260000,30.493203
2020-03-23,29.740000,29.010488
2020-03-24,33.740002,32.912371
2020-03-25,33.290001,32.473409
2020-03-26,35.410000,34.541405
2020-03-27,33.700001,32.873352
2020-03-30,35.430000,34.560914
2020-03-31,34.830002,33.975634
2020-04-01,32.630001,31.829598
2020-04-02,33.180000,32.366106
2020-04-03,32.700001,31.897881
2020-04-06,35.700001,34.824292
2020-04-07,36.270000,35.380310
2020-04-08,37.970001,37.038610
2020-04-09,39.419998,38.453039
2020-04-13,37.419998,36.502098
2020-04-14,37.419998,36.502098
2020-04-15,34.560001,33.712256
2020-04-16,34.000000,33.165992
2020-04-17,36.139999,35.253497
2020-04-20,34.970001,34.112199
2020-04-21,33.709999,32.883104
2020-04-22,33.770000,32.941634
2020-04-23,32.919998,32.112482
2020-04-24,32.400002,31.605241
2020-04-27,32.560001,31.761315
2020-04-28,34.110001,33.273295
2020-04-29,36.700001,35.799763
2020-04-30,34.660000,33.809802
2020-05-01,31.620001,30.844373
2020-05-04,31.760000,30.980938
2020-05-05,30.790001,30.034733
2020-05-06,29.680000,28.951960
2020-05-07,30.340000,29.595770
2020-05-08,31.020000,30.259090
2020-05-11,30.010000,29.273865
2020-05-12,29.600000,28.873922
2020-05-13,28.799999,28.093545
2020-05-14,29.090000,28.376432
2020-05-15,29.809999,29.078770
2020-05-18,31.650000,30.873637
2020-05-19,31.059999,30.298108
2020-05-20,32.189999,31.400390
2020-05-21,32.090000,31.302843
2020-05-22,31.910000,31.127259
2020-05-26,33.040001,32.292791
2020-05-27,34.240002,33.465654
2020-05-28,33.779999,33.016054
2020-05-29,33.240002,32.488269
2020-06-01,33.770000,33.006281
2020-06-02,34.639999,33.856605
2020-06-03,35.480000,34.677609
2020-06-04,36.500000,35.674541
2020-06-05,39.080002,38.196195
2020-06-08,39.950001,39.046519
2020-06-09,38.259998,37.394736
2020-06-10,36.169998,35.352002
2020-06-11,32.189999,31.462012
2020-06-12,33.020000,32.273242
2020-06-15,33.580002,32.820580
2020-06-16,33.919998,33.152887
2020-06-17,33.400002,32.644650
2020-06-18,33.880001,33.113794
2020-06-19,34.730000,33.944570
2020-06-22,34.060001,33.289723
2020-06-23,34.340000,33.563390
2020-06-24,33.169998,32.419848
2020-06-25,33.840000,33.074698
2020-06-26,32.810001,32.067993
2020-06-29,33.689999,32.928089
2020-06-30,34.290001,33.514522
2020-07-01,33.540001,32.781483
2020-07-02,33.689999,32.928089
2020-07-06,34.520000,33.739319
2020-07-07,33.669998,32.908540
2020-07-08,33.919998,33.152887
2020-07-09,32.820000,32.077765
2020-07-10,34.500000,33.719772
2020-07-13,34.669998,33.885925
2020-07-14,35.520000,34.716704
2020-07-15,36.049999,35.234717
2020-07-16,36.240002,35.420423
2020-07-17,36.169998,35.352002
2020-07-20,35.439999,34.638512
2020-07-21,36.450001,35.625673
2020-07-22,36.669998,35.840694
2020-07-23,37.060001,36.221877
2020-07-24,36.869999,36.036172
2020-07-27,36.279999,35.459515
2020-07-28,36.380001,35.557256
2020-07-29,37.369999,36.524865
2020-07-30,36.529999,35.703862
2020-07-31,36.410000,35.586576
2020-08-03,35.599998,34.794893
2020-08-04,35.380001,34.579871
2020-08-05,36.480000,35.654993
2020-08-06,36.509998,35.684313
2020-08-07,37.759998,36.906044
2020-08-10,38.599998,37.727047
2020-08-11,38.610001,37.736824
2020-08-12,38.139999,37.277451
2020-08-13,37.860001,37.003785
2020-08-14,37.610001,36.759439
2020-08-17,36.799999,35.967755
2020-08-18,36.369999,35.607956
2020-08-19,36.209999,35.451308
2020-08-20,35.610001,34.863881
2020-08-21,35.320000,34.579957
2020-08-24,36.610001,35.842929
2020-08-25,36.480000,35.715652
2020-08-26,35.900002,35.147806
2020-08-27,36.779999,36.009365
2020-08-28,36.919998,36.146431
2020-08-31,35.860001,35.108643
2020-09-01,36.169998,35.412145
2020-09-02,36.599998,35.833135
2020-09-03,36.619999,35.852717
2020-09-04,36.869999,36.097479
2020-09-08,35.630001,34.883462
2020-09-09,35.810001,35.059691
2020-09-10,35.160000,34.423309
2020-09-11,35.270000,34.531004
2020-09-14,36.099998,35.343612
2020-09-15,35.389999,34.648489
2020-09-16,37.070000,36.293290
2020-09-17,36.990002,36.214968
2020-09-18,36.689999,35.921251
2020-09-21,34.820000,34.090433
2020-09-22,34.720001,33.992529
2020-09-23,33.540001,32.837253
2020-09-24,33.540001,32.837253
2020-09-25,33.680000,32.974319
2020-09-28,34.730000,34.002319
2020-09-29,34.200001,33.483424
2020-09-30,34.750000,34.021900
2020-10-01,34.860001,34.129596
2020-10-02,35.500000,34.756185
2020-10-05,36.150002,35.392568
2020-10-06,35.500000,34.756185
2020-10-07,36.099998,35.343612
2020-10-08,36.990002,36.214968
2020-10-09,36.980000,36.205175
2020-10-12,37.360001,36.577214
2020-10-13,35.880001,35.128224
2020-10-14,35.349998,34.609326
2020-10-15,35.639999,34.893251
2020-10-16,35.740002,34.991159
2020-10-19,34.939999,34.207918
2020-10-20,35.240002,34.501635
2020-10-21,35.599998,34.854088
2020-10-22,35.930000,35.177176
2020-10-23,36.230000,35.470890
2020-10-26,35.130001,34.393939
2020-10-27,34.150002,33.434473
2020-10-28,33.259998,32.563117
2020-10-29,34.220001,33.503005
2020-10-30,34.680000,33.953366
2020-11-02,37.330002,36.547844
2020-11-03,37.889999,37.096108
2020-11-04,36.410000,35.647118
2020-11-05,37.889999,37.096108
2020-11-06,37.689999,36.900298
2020-11-09,42.549999,41.658469
2020-11-10,42.360001,41.472452
2020-11-11,41.349998,40.483611
2020-11-12,41.049999,40.189898
2020-11-13,42.299999,41.413707
2020-11-16,43.630001,42.715842
2020-11-17,43.669998,42.755001
2020-11-18,43.070000,42.167575
2020-11-19,42.820000,41.922813
2020-11-20,42.410000,41.521403
2020-11-23,43.529999,42.617935
2020-11-24,44.889999,44.012633
2020-11-25,44.369999,43.502796
2020-11-27,43.410000,42.561560
2020-11-30,41.910000,41.090877
2020-12-01,42.560001,41.728174
2020-12-02,42.570000,41.737978
2020-12-03,42.619999,41.787000
2020-12-04,43.349998,42.502731
2020-12-07,42.759998,41.924262
2020-12-08,43.369999,42.522341
2020-12-09,43.160000,42.316446
2020-12-10,43.660000,42.806674
2020-12-11,43.660000,42.806674
2020-12-14,42.869999,42.032113
2020-12-15,44.330002,43.463581
2020-12-16,44.360001,43.492994
2020-12-17,44.410000,43.542015
2020-12-18,43.799999,42.943937
2020-12-21,43.770000,42.914524
2020-12-22,43.049999,42.208595
2020-12-23,44.099998,43.238072
2020-12-24,44.000000,43.140029
2020-12-28,44.419998,43.551818
2020-12-29,44.060001,43.198857
2020-12-30,44.419998,43.551818
2020-12-31,45.020000,44.140093
2021-01-04,44.400002,43.532213
2021-01-05,44.720001,43.845958
2021-01-06,46.869999,45.953934
2021-01-07,46.750000,45.836281
2021-01-08,46.580002,45.669605
2021-01-11,46.549999,45.640189
2021-01-12,46.919998,46.002956
2021-01-13,47.139999,46.218657
2021-01-14,47.400002,46.473578
2021-01-15,47.189999,46.267680
2021-01-19,47.560001,46.630450
2021-01-20,47.349998,46.424552
2021-01-21,46.529999,45.620579
2021-01-22,46.490002,45.581364
2021-01-25,46.730000,45.816671
2021-01-26,46.220001,45.316640
2021-01-27,45.349998,44.463641
2021-01-28,46.040001,45.140158
2021-01-29,45.290001,44.404817
2021-02-01,45.880001,44.983286
2021-02-02,46.169998,45.267615
2021-02-03,46.900002,45.983351
2021-02-04,47.810001,46.875564
2021-02-05,47.799999,46.865758
2021-02-08,48.419998,47.473639
2021-02-09,48.099998,47.159893
2021-02-10,47.990002,47.052047
2021-02-11,48.220001,47.277551
2021-02-12,48.619999,47.669731
2021-02-16,48.770000,47.816800
2021-02-17,48.520000,47.571686
2021-02-18,47.360001,46.434359
2021-02-19,48.060001,47.120678
2021-02-22,49.480000,48.512923
2021-02-23,50.450001,49.526525
2021-02-24,50.380001,49.457806
2021-02-25,48.730000,47.838008
2021-02-26,47.810001,46.934849
2021-03-01,49.520000,48.613547
2021-03-02,49.380001,48.476111
2021-03-03,49.590000,48.682266
2021-03-04,48.959999,48.063797
2021-03-05,50.049999,49.133845
2021-03-08,50.200001,49.281101
2021-03-09,49.169998,48.269952
2021-03-10,50.500000,49.575608
2021-03-11,50.209999,49.290916
2021-03-12,51.570000,50.626022
2021-03-15,52.029999,51.077601
2021-03-16,51.380001,50.439501
2021-03-17,52.119999,51.165954
2021-03-18,52.860001,51.892410
2021-03-19,52.400002,51.440831
2021-03-22,51.700001,50.753644
2021-03-23,51.020000,50.086090
2021-03-24,50.900002,49.968288
2021-03-25,52.000000,51.048151
2021-03-26,52.660000,51.696070
2021-03-29,52.139999,51.185588
2021-03-30,52.669998,51.705885
2021-03-31,51.279999,50.341330
2021-04-01,52.250000,51.293575
2021-04-05,52.740002,51.774608
2021-04-06,53.060001,52.088749
2021-04-07,53.349998,52.373438
2021-04-08,53.009998,52.039661
2021-04-09,53.610001,52.628681
2021-04-12,54.180000,53.188247
2021-04-13,53.490002,52.510879
2021-04-14,54.020000,53.031176
2021-04-15,54.029999,53.040991
2021-04-16,54.369999,53.374768
2021-04-19,54.259998,53.266780
2021-04-20,53.930000,52.942823
2021-04-21,54.810001,53.806716
2021-04-22,54.279999,53.286415
2021-04-23,55.209999,54.199392
2021-04-26,55.230000,54.219027
2021-04-27,55.560001,54.542987
2021-04-28,55.389999,54.376097
2021-04-29,56.150002,55.122188
2021-04-30,55.750000,54.729508
2021-05-03,57.040001,55.995896
2021-05-04,57.480000,56.427841
2021-05-05,57.279999,56.231501
2021-05-06,58.180000,57.115028
2021-05-07,58.439999,57.370267
2021-05-10,58.430000,57.360451
2021-05-11,57.709999,56.653630
2021-05-12,56.660000,55.622851
2021-05-13,58.150002,57.085579
2021-05-14,58.930000,57.851299
2021-05-17,58.450001,57.380086
2021-05-18,58.139999,57.075759
2021-05-19,58.209999,57.144477
2021-05-20,57.759998,56.702714
2021-05-21,57.740002,56.683084
2021-05-24,58.580002,57.507708
2021-05-25,57.360001,56.370181
2021-05-26,57.529999,56.537245
2021-05-27,58.180000,57.176030
2021-05-28,58.380001,57.372579
2021-06-01,58.500000,57.490508
2021-06-02,58.290001,57.284132
2021-06-03,58.189999,57.185856
2021-06-04,58.060001,57.058101
2021-06-07,57.310001,56.321044
2021-06-08,57.349998,56.360350
2021-06-09,56.450001,55.475884
2021-06-10,55.919998,54.955027
2021-06-11,56.250000,55.279334
2021-06-14,55.820000,54.856755
2021-06-15,56.509998,55.534846
2021-06-16,56.130001,55.161406
2021-06-17,54.459999,53.520222
2021-06-18,53.009998,52.095243
2021-06-21,54.560001,53.618498
2021-06-22,54.419998,53.480911
2021-06-23,54.230000,53.294192
2021-06-24,55.119999,54.168833
2021-06-25,55.619999,54.660205
2021-06-28,54.509998,53.569358
2021-06-29,54.410000,53.471086
2021-06-30,54.650002,53.706946
2021-07-01,55.200001,54.247454
2021-07-02,54.990002,54.041079
2021-07-06,53.910000,52.979714
2021-07-07,54.099998,53.166433
2021-07-08,52.880001,51.967489
2021-07-09,54.709999,53.765908
2021-07-12,55.049999,54.100041
2021-07-13,54.259998,53.323672
2021-07-14,54.400002,53.461260
2021-07-15,54.590000,53.647980
2021-07-16,54.020000,53.087816
2021-07-19,51.759998,50.866813
2021-07-20,53.330002,52.409725
2021-07-21,54.110001,53.176264
2021-07-22,53.520000,52.596444
2021-07-23,53.570000,52.645581
2021-07-26,53.970001,53.038680
2021-07-27,53.750000,52.822475
2021-07-28,53.250000,52.331103
2021-07-29,53.860001,52.930578
2021-07-30,53.630001,52.704547
2021-08-02,53.650002,52.724203
2021-08-03,53.580002,52.655411
2021-08-04,53.009998,52.095243
2021-08-05,54.020000,53.087816
2021-08-06,54.930000,53.982113
2021-08-09,55.099998,54.149177
2021-08-10,55.590000,54.630723
2021-08-11,56.180000,55.210542
2021-08-12,56.150002,55.181062
2021-08-13,55.639999,54.679860
2021-08-16,55.450001,54.493140
2021-08-17,55.380001,54.485761
2021-08-18,54.700001,53.816742
2021-08-19,54.650002,53.767550
2021-08-20,55.020000,54.131573
2021-08-23,55.470001,54.574308
2021-08-24,55.580002,54.682533
2021-08-25,56.259998,55.351549
2021-08-26,55.599998,54.702206
2021-08-27,56.529999,55.617190
2021-08-30,55.830002,54.928496
2021-08-31,55.869999,54.967847
2021-09-01,55.660000,54.761239
2021-09-02,55.470001,54.574308
2021-09-03,54.759998,53.875770
2021-09-07,54.919998,54.033186
2021-09-08,55.230000,54.338183
2021-09-09,54.580002,53.698680
2021-09-10,53.490002,52.626281
2021-09-13,54.049999,53.177235
2021-09-14,53.180000,52.321285
2021-09-15,53.970001,53.098529
2021-09-16,53.650002,52.783697
2021-09-17,53.080002,52.222901
2021-09-20,52.259998,51.416138
2021-09-21,51.700001,50.865184
2021-09-22,52.369999,51.524363
2021-09-23,52.939999,52.085159
2021-09-24,52.959999,52.104836
2021-09-27,53.919998,53.049334
2021-09-28,53.380001,52.518056
2021-09-29,54.340000,53.462554
2021-09-30,53.930000,53.059174
2021-10-01,55.270000,54.377537
2021-10-04,55.029999,54.141411
2021-10-05,56.279999,55.371227
2021-10-06,56.580002,55.666386
2021-10-07,56.930000,56.010732
2021-10-08,57.419998,56.492818
2021-10-11,56.790001,55.872994
2021-10-12,56.889999,55.971377
2021-10-13,56.160000,55.253166
2021-10-14,57.090000,56.168148
2021-10-15,57.619999,56.689589
2021-10-18,57.070000,56.148471
2021-10-19,57.470001,56.542013
2021-10-20,58.080002,57.142165
2021-10-21,57.500000,56.571528
2021-10-22,57.560001,56.630560
2021-10-25,57.660000,56.728944
2021-10-26,57.310001,56.384597
2021-10-27,55.590000,54.692369
2021-10-28,56.410000,55.499129
2021-10-29,56.070000,55.164619
2021-11-01,57.099998,56.177985
2021-11-02,57.389999,56.463303
2021-11-03,57.389999,56.463303
2021-11-04,56.660000,55.745092
2021-11-05,57.220001,56.296050
2021-11-08,58.020000,57.083131
2021-11-09,57.660000,56.728944
2021-11-10,57.220001,56.296050
2021-11-11,57.560001,56.630560
2021-11-12,57.040001,56.118957
2021-11-15,56.230000,55.322035
2021-11-16,56.480000,55.567998
2021-11-17,57.169998,56.246855
2021-11-18,56.689999,55.774606
2021-11-19,55.630001,54.731725
2021-11-22,56.700001,55.784447
2021-11-23,57.400002,56.535463
2021-11-24,56.849998,55.993743
2021-11-26,55.070000,54.240555
2021-11-29,55.110001,54.279954
2021-11-30,53.459999,52.654803
2021-12-01,53.430000,52.625256
2021-12-02,55.070000,54.240555
2021-12-03,54.869999,54.043566
2021-12-06,56.220001,55.373235
2021-12-07,56.849998,55.993743
2021-12-08,56.790001,55.934650
2021-12-09,56.639999,55.786907
2021-12-10,57.099998,56.239978
2021-12-13,56.770000,55.914950
2021-12-14,56.709999,55.855853
2021-12-15,57.080002,56.220283
2021-12-16,57.910000,57.037780
2021-12-17,56.779999,55.924799
2021-12-20,55.580002,54.742876
2021-12-21,56.759998,55.905099
2021-12-22,56.759998,55.905099
2021-12-23,57.020000,56.161185
2021-12-27,57.720001,56.850643
2021-12-28,58.189999,57.313562
2021-12-29,58.169998,57.293862
2021-12-30,57.779999,56.909737
2021-12-31,57.759998,56.890037
2022-01-03,58.099998,57.224916
2022-01-04,59.389999,58.495488
2022-01-05,58.779999,57.894675
2022-01-06,59.360001,58.465942
2022-01-07,60.779999,59.864552
2022-01-10,60.730000,59.815306
2022-01-11,61.130001,60.209282
2022-01-12,61.180000,60.258528
2022-01-13,61.490002,60.563861
2022-01-14,61.630001,60.701752
2022-01-18,60.910000,59.992595
2022-01-19,59.590000,58.692476
2022-01-20,59.090000,58.200007
2022-01-21,58.150002,57.274167
2022-01-24,58.959999,58.071964
2022-01-25,58.320000,57.441605
2022-01-26,58.650002,57.766636
2022-01-27,58.270000,57.392358
2022-01-28,58.889999,58.003019
2022-01-31,59.660000,58.761422
2022-02-01,60.580002,59.667567
2022-02-02,61.389999,60.465364
2022-02-03,61.099998,60.179731
2022-02-04,61.270000,60.347173
2022-02-07,60.830002,59.913802
2022-02-08,61.750000,60.819943
2022-02-09,61.580002,60.652506
2022-02-10,62.099998,61.164670
2022-02-11,61.639999,60.711599
2022-02-14,61.130001,60.209282
2022-02-15,61.450001,60.524463
2022-02-16,62.060001,61.125275
2022-02-17,61.000000,60.081240
2022-02-18,61.599998,60.672201
2022-02-22,61.009998,60.152118
2022-02-23,60.150002,59.304215
2022-02-24,59.000000,58.170383
2022-02-25,61.830002,60.960592
2022-02-28,61.340000,60.477480
2022-03-01,59.709999,58.870399
2022-03-02,61.490002,60.625372
2022-03-03,61.540001,60.674668
2022-03-04,60.880001,60.023949
2022-03-07,59.680000,58.840821
2022-03-08,60.060001,59.215479
2022-03-09,61.029999,60.171838
2022-03-10,60.900002,60.043669
2022-03-11,60.880001,60.023949
2022-03-14,61.669998,60.802837
2022-03-15,62.669998,61.788776
2022-03-16,63.310001,62.419780
2022-03-17,63.799999,62.902888
2022-03-18,63.259998,62.370480
2022-03-21,63.990002,63.090219
2022-03-22,64.529999,63.622623
2022-03-23,63.900002,63.001485
2022-03-24,64.610001,63.701500
2022-03-25,65.500000,64.578985
2022-03-28,65.339996,64.421230
2022-03-29,65.620003,64.697300
2022-03-30,65.529999,64.608562
2022-03-31,64.820000,63.908546
2022-04-01,65.260002,64.342361
2022-04-04,63.860001,62.962046
2022-04-05,63.299999,62.409918
2022-04-06,63.360001,62.469077
2022-04-07,63.560001,62.666265
2022-04-08,64.430000,63.524030
2022-04-11,64.660004,63.750800
2022-04-12,64.510002,63.602907
2022-04-13,64.760002,63.849392
2022-04-14,65.150002,64.233908
2022-04-18,65.500000,64.578985
2022-04-19,65.680000,64.756454
2022-04-20,67.360001,66.412832
2022-04-21,66.660004,65.722677
2022-04-22,64.709999,63.800092
2022-04-25,64.680000,63.770515
2022-04-26,63.439999,62.547950
2022-04-27,64.110001,63.208531
2022-04-28,64.580002,63.671923
2022-04-29,62.840000,61.956388
2022-05-02,61.570000,60.704246
2022-05-03,62.790001,61.907092
2022-05-04,64.849998,63.938122
2022-05-05,63.759998,62.863449
2022-05-06,64.440002,63.533892
2022-05-09,63.080002,62.193015
2022-05-10,62.730000,61.847934
2022-05-11,62.380001,61.502857
2022-05-12,61.939999,61.069042
2022-05-13,63.150002,62.262031
2022-05-16,63.099998,62.212730
2022-05-17,64.800003,63.888830
2022-05-18,63.459999,62.567669
2022-05-19,62.939999,62.054981
2022-05-20,62.790001,61.907092
2022-05-23,64.099998,63.198668
2022-05-24,63.930000,63.092579
2022-05-25,64.199997,63.359039
2022-05-26,64.779999,63.931443
2022-05-27,65.930000,65.066381
2022-05-31,65.489998,64.632142
2022-06-01,64.750000,63.901837
2022-06-02,65.370003,64.513719
2022-06-03,64.739998,63.891966
2022-06-06,64.489998,63.645241
2022-06-07,64.849998,64.000525
2022-06-08,63.410000,62.579390
2022-06-09,61.570000,60.763492
2022-06-10,60.340000,59.549604
2022-06-13,58.310001,57.546196
2022-06-14,58.540001,57.773183
2022-06-15,58.910000,58.138336
2022-06-16,56.900002,56.154667
2022-06-17,57.540001,56.786282
2022-06-21,58.490002,57.723839
2022-06-22,58.410000,57.644885
2022-06-23,58.020000,57.259994
2022-06-24,59.770000,58.987071
2022-06-27,59.790001,59.006810
2022-06-28,59.529999,58.750213
2022-06-29,59.040001,58.266634
2022-06-30,59.259998,58.483749
2022-07-01,60.150002,59.362095
2022-07-05,58.480000,57.713968
2022-07-06,58.529999,57.763312
2022-07-07,58.630001,57.862004
2022-07-08,57.930000,57.171173
2022-07-11,57.950001,57.190912
2022-07-12,57.730000,56.973793
2022-07-13,57.279999,56.529686
2022-07-14,55.610001,54.881564
2022-07-15,56.450001,55.710560
2022-07-18,56.240002,55.503312
2022-07-19,57.730000,56.973793
2022-07-20,57.700001,56.944187
2022-07-21,57.400002,56.648117
2022-07-22,57.049999,56.302699
2022-07-25,57.820000,57.062614
2022-07-26,57.869999,57.111958
2022-07-27,58.009998,57.250123
2022-07-28,57.740002,56.983664
2022-07-29,58.250000,57.486981
2022-08-01,55.650002,54.921041
2022-08-02,55.340000,54.615099
2022-08-03,55.340000,54.615099
2022-08-04,54.380001,53.667675
2022-08-05,55.119999,54.397980
2022-08-08,55.369999,54.644705
2022-08-09,56.060001,55.325669
2022-08-10,56.990002,56.243488
2022-08-11,57.509998,56.756672
2022-08-12,58.709999,57.940955
2022-08-15,58.480000,57.713968
2022-08-16,58.799999,58.091861
2022-08-17,58.470001,57.765837
2022-08-18,58.950001,58.240056
2022-08-19,58.240002,57.538608
2022-08-22,56.959999,56.274020
2022-08-23,57.000000,56.313540
2022-08-24,57.189999,56.501250
2022-08-25,57.950001,57.252099
2022-08-26,56.799999,56.115947
2022-08-29,56.480000,55.799802
2022-08-30,55.740002,55.068716
2022-08-31,55.310001,54.643893
2022-09-01,55.509998,54.841482
2022-09-02,55.430000,54.762447
2022-09-06,55.330002,54.663654
2022-09-07,56.230000,55.552813
2022-09-08,56.669998,55.987512
2022-09-09,56.860001,56.175227
2022-09-12,57.450001,56.758121
2022-09-13,55.849998,55.177387
2022-09-14,55.369999,54.703169
2022-09-15,55.419998,54.752566
2022-09-16,53.959999,53.310150
2022-09-19,55.110001,54.446302
2022-09-20,53.799999,53.152077
2022-09-21,52.880001,52.243158
2022-09-22,51.820000,51.195923
2022-09-23,51.000000,50.385799
2022-09-26,49.669998,49.071814
2022-09-27,50.119999,49.516396
2022-09-28,50.919998,50.306760
2022-09-29,50.770000,50.158568
2022-09-30,49.840000,49.239769
2022-10-03,51.520000,50.899536
2022-10-04,53.189999,52.549423
2022-10-05,52.799999,52.164120
2022-10-06,52.150002,51.521951
2022-10-07,51.349998,50.731581
2022-10-10,51.430000,50.810620
2022-10-11,51.919998,51.294717
2022-10-12,51.480000,50.860018
2022-10-13,53.660000,53.013764
2022-10-14,53.000000,52.361712
2022-10-17,53.599998,52.954484
2022-10-18,54.610001,53.952324
2022-10-19,54.540001,53.883167
2022-10-20,53.639999,52.994004
2022-10-21,55.500000,54.831604
2022-10-24,55.849998,55.177387
2022-10-25,55.759998,55.088471
2022-10-26,55.970001,55.295945
2022-10-27,56.360001,55.681248
2022-10-28,57.990002,57.291619
2022-10-31,57.020000,56.333299
2022-11-01,56.490002,55.809684
2022-11-02,55.509998,54.841482
2022-11-03,55.220001,54.554977
2022-11-04,55.470001,54.801967
2022-11-07,55.599998,54.930398
2022-11-08,55.650002,54.979800
2022-11-09,54.459999,53.804128
2022-11-10,56.590000,55.908477
2022-11-11,55.970001,55.295945
2022-11-14,55.490002,54.821727
2022-11-15,55.580002,54.910643
2022-11-16,55.630001,54.960040
2022-11-17,56.029999,55.355220
2022-11-18,56.619999,55.938115
2022-11-21,56.810001,56.125829
2022-11-22,57.099998,56.474464
2022-11-23,57.310001,56.682166
2022-11-25,57.410000,56.781070
2022-11-28,56.770000,56.148081
2022-11-29,57.779999,57.147016
2022-11-30,58.150002,57.512965
2022-12-01,58.040001,57.404169
2022-12-02,57.669998,57.038220
2022-12-05,56.330002,55.712903
2022-12-06,57.119999,56.494246
2022-12-07,56.240002,55.623889
2022-12-08,56.380001,55.762355
2022-12-09,56.480000,55.861258
2022-12-12,56.689999,56.068957
2022-12-13,56.750000,56.128300
2022-12-14,56.250000,55.633778
2022-12-15,55.910000,55.297503
2022-12-16,55.799999,55.188707
2022-12-19,54.950001,54.348020
2022-12-20,55.779999,55.168926
2022-12-21,57.419998,56.790958
2022-12-22,57.189999,56.563479
2022-12-23,57.849998,57.216248
2022-12-27,58.599998,57.958031
2022-12-28,57.880001,57.245922
2022-12-29,58.669998,58.027265
2022-12-30,58.330002,57.690993
2023-01-03,58.590000,57.948143
2023-01-04,59.270000,58.620694
2023-01-05,59.209999,58.561350
2023-01-06,60.470001,59.807548
2023-01-09,58.970001,58.323981
2023-01-10,59.040001,58.393214
2023-01-11,59.830002,59.174561
2023-01-12,59.880001,59.224012
2023-01-13,60.220001,59.560287
2023-01-17,59.349998,58.699815
2023-01-18,58.470001,57.829459
2023-01-19,58.070000,57.433840
2023-01-20,58.959999,58.314089
2023-01-23,59.580002,58.927299
2023-01-24,60.230000,59.570177
2023-01-25,60.590000,59.926233
2023-01-26,61.150002,60.480100
2023-01-27,60.990002,60.321853
2023-01-30,60.419998,59.758093
2023-01-31,61.480000,60.806483
2023-02-01,60.540001,59.876782
2023-02-02,60.180000,59.520724
2023-02-03,60.099998,59.441599
2023-02-06,61.439999,60.766920
2023-02-07,62.750000,62.062570
2023-02-08,62.060001,61.380130
2023-02-09,61.750000,61.073525
2023-02-10,62.169998,61.488922
2023-02-13,62.570000,61.884542
2023-02-14,61.779999,61.103195
2023-02-15,62.150002,61.469145
2023-02-16,61.660000,60.984511
2023-02-17,61.509998,60.836152
2023-02-21,60.779999,60.175294
2023-02-22,60.639999,60.036687
2023-02-23,60.700001,60.096092
2023-02-24,61.080002,60.472313
2023-02-27,60.900002,60.294103
2023-02-28,61.090000,60.482211
2023-03-01,61.250000,60.640619
2023-03-02,61.439999,60.828728
2023-03-03,61.759998,61.145543
2023-03-06,61.330002,60.719825
2023-03-07,59.730000,59.135742
2023-03-08,58.849998,58.264495
2023-03-09,58.169998,57.591260
2023-03-10,57.349998,56.779419
2023-03-13,55.540001,54.987429
2023-03-14,56.279999,55.720065
2023-03-15,54.310001,53.769667
2023-03-16,55.869999,55.314144
2023-03-17,53.590000,53.056829
2023-03-20,55.259998,54.710212
2023-03-21,56.020000,55.462653
2023-03-22,54.439999,53.898371
2023-03-23,53.779999,53.244938
2023-03-24,54.560001,54.017179
2023-03-27,55.619999,55.066631
2023-03-28,55.880001,55.324047
2023-03-29,56.900002,56.333900
2023-03-30,57.299999,56.729917
2023-03-31,58.020000,57.442755
2023-04-03,57.590000,57.017033
2023-04-04,56.209999,55.650762
2023-04-05,56.220001,55.660664
2023-04-06,56.380001,55.819072
2023-04-10,56.450001,55.888376
2023-04-11,56.880001,56.314098
2023-04-12,56.590000,56.026982
2023-04-13,56.709999,56.145787
2023-04-14,56.240002,55.680466
2023-04-17,57.200001,56.630914
2023-04-18,57.509998,56.937827
2023-04-19,57.490002,56.918030
2023-04-20,57.119999,56.551708
2023-04-21,56.439999,55.878473
2023-04-24,56.630001,56.066585
2023-04-25,56.110001,55.551758
2023-04-26,55.700001,55.145838
2023-04-27,56.860001,56.294297
2023-04-28,57.570000,56.997232
2023-05-01,60.130001,59.531763
2023-05-02,59.020000,58.432806
2023-05-03,58.419998,57.838773
2023-05-04,58.080002,57.502160
2023-05-05,58.619999,58.036784
2023-05-08,58.810001,58.224896
2023-05-09,58.619999,58.036784
2023-05-10,58.490002,57.908081
2023-05-11,58.400002,57.818976
2023-05-12,58.509998,57.927878
2023-05-15,58.380001,57.799174
2023-05-16,57.830002,57.254647
2023-05-17,58.240002,57.660568
2023-05-18,58.869999,58.284297
2023-05-19,58.799999,58.214993
2023-05-22,58.680000,58.096188
2023-05-23,57.910000,57.394980
2023-05-24,57.169998,56.661560
2023-05-25,56.980000,56.473251
2023-05-26,57.110001,56.602096
2023-05-30,57.400002,56.889518
2023-05-31,56.000000,55.501967
2023-06-01,56.389999,55.888497
2023-06-02,58.020000,57.504002
2023-06-05,58.470001,57.950001
2023-06-06,58.630001,58.108578
2023-06-07,59.720001,59.188884
2023-06-08,59.320000,58.792441
2023-06-09,59.340000,58.812263
2023-06-12,58.880001,58.356355
2023-06-13,59.250000,58.723063
2023-06-14,58.119999,57.603112
2023-06-15,58.840000,58.316710
2023-06-16,58.570000,58.049111
2023-06-20,58.090000,57.573380
2023-06-21,58.230000,57.712135
2023-06-22,58.220001,57.702224
2023-06-23,57.900002,57.385071
2023-06-26,58.320000,57.801334
2023-06-27,58.950001,58.425732
2023-06-28,58.220001,57.702224
2023-06-29,59.110001,58.584309
2023-06-30,59.380001,58.851908
2023-07-03,59.720001,59.188884
2023-07-05,59.669998,59.139326
2023-07-06,59.959999,59.426748
2023-07-07,60.450001,59.912392
2023-07-10,59.540001,59.010485
2023-07-11,60.540001,60.001592
2023-07-12,60.450001,59.912392
2023-07-13,60.490002,59.952037
2023-07-14,59.439999,58.911372
2023-07-17,60.110001,59.575416
2023-07-18,60.340000,59.803369
2023-07-19,60.639999,60.100700
2023-07-20,61.820000,61.270207
2023-07-21,61.500000,60.953053
2023-07-24,61.480000,60.933231
2023-07-25,61.000000,60.457500
2023-07-26,61.630001,61.081898
2023-07-27,62.040001,61.488251
2023-07-28,62.189999,61.636915
2023-07-31,62.650002,62.092827
2023-08-01,62.959999,62.400068
2023-08-02,62.869999,62.310868
2023-08-03,63.320000,62.756867
2023-08-04,62.919998,62.360422
2023-08-07,63.500000,62.935266
2023-08-08,63.610001,63.044289
2023-08-09,63.169998,62.608199
2023-08-10,62.939999,62.380245
2023-08-11,63.419998,62.855976
2023-08-14,62.939999,62.380245
2023-08-15,62.349998,61.856916
2023-08-16,62.439999,61.946205
2023-08-17,61.610001,61.122771
2023-08-18,61.590000,61.102928
2023-08-21,61.700001,61.212059
2023-08-22,61.380001,60.894590
2023-08-23,61.959999,61.470001
2023-08-24,62.090000,61.598974
2023-08-25,62.060001,61.569212
2023-08-28,62.230000,61.737867
2023-08-29,62.270000,61.777551
2023-08-30,62.060001,61.569212
2023-08-31,62.090000,61.598974
2023-09-01,62.299999,61.807312
2023-09-05,61.730000,61.241821
2023-09-06,61.720001,61.231901
2023-09-07,62.049999,61.559289
2023-09-08,62.430000,61.936285
2023-09-11,62.889999,62.392647
2023-09-12,64.010002,63.503792
2023-09-13,63.810001,63.305373
2023-09-14,64.540001,64.029600
2023-09-15,64.250000,63.741892
2023-09-18,64.559998,64.049439
2023-09-19,65.080002,64.565330
2023-09-20,64.970001,64.456199
2023-09-21,64.190002,63.682369
2023-09-22,64.500000,63.989915
2023-09-25,64.690002,64.178415
2023-09-26,63.919998,63.414500
2023-09-27,63.799999,63.295450
2023-09-28,63.889999,63.384738
2023-09-29,63.310001,62.809327
2023-10-02,62.299999,61.807312
2023-10-03,61.820000,61.331109
2023-10-04,62.560001,62.065258
2023-10-05,62.820000,62.323201
2023-10-06,63.270000,62.769642
2023-10-09,63.669998,63.166477
2023-10-10,63.520000,63.017665
2023-10-11,64.290001,63.781577
2023-10-12,63.599998,63.097031
2023-10-13,63.810001,63.305373
2023-10-16,64.669998,64.158569
2023-10-17,65.500000,64.982007
2023-10-18,64.949997,64.436353
2023-10-19,64.080002,63.573239
2023-10-20,62.950001,62.452174
2023-10-23,62.320000,61.827155
2023-10-24,63.290001,62.789485
2023-10-25,63.799999,63.295450
2023-10-26,63.980000,63.474027
2023-10-27,62.820000,62.323201
2023-10-30,62.930000,62.432331
2023-10-31,64.010002,63.503792
2023-11-01,65.150002,64.634777
2023-11-02,65.139999,64.624853
2023-11-03,65.790001,65.269714
2023-11-06,65.400002,64.882800
2023-11-07,65.419998,64.902638
2023-11-08,64.940002,64.426438
2023-11-09,65.250000,64.733984
2023-11-10,65.889999,65.368922
2023-11-13,65.970001,65.448291
2023-11-14,66.440002,65.914575
2023-11-15,66.529999,66.003860
2023-11-16,67.059998,66.529668
2023-11-17,67.000000,66.470144
2023-11-20,67.489998,66.956267
2023-11-21,68.089996,67.614135
2023-11-22,68.500000,68.021274
2023-11-24,69.300003,68.815686
2023-11-27,69.180000,68.696522
2023-11-28,68.639999,68.160295
2023-11-29,68.510002,68.031206
2023-11-30,70.290001,69.798765
2023-12-01,70.010002,69.520723
2023-12-04,70.720001,70.225760
2023-12-05,70.339996,69.848411
2023-12-06,69.480003,68.994428
2023-12-07,68.820000,68.339038
2023-12-08,68.839996,68.358894
2023-12-11,69.720001,69.232749
2023-12-12,69.940002,69.451212
2023-12-13,70.330002,69.838487
2023-12-14,68.690002,68.209948
2023-12-15,68.000000,67.524768
2023-12-18,68.500000,68.021274
2023-12-19,68.900002,68.418481
2023-12-20,68.110001,67.634001
2023-12-21,68.519997,68.041131
2023-12-22,68.800003,68.319180
2023-12-26,68.989998,68.507848
2023-12-27,69.180000,68.696522
2023-12-28,69.470001,68.984496
2023-12-29,69.589996,69.103652
2024-01-02,70.459999,69.967575
2024-01-03,70.269997,69.778901
2024-01-04,70.699997,70.205896
2024-01-05,71.190002,70.692476
2024-01-08,71.260002,70.761987
2024-01-09,70.989998,70.493870
2024-01-10,70.970001,70.474013
2024-01-11,71.000000,70.503802
2024-01-12,71.080002,70.583245
2024-01-16,71.099998,70.603101
2024-01-17,70.940002,70.444224
2024-01-18,71.489998,70.990376
2024-01-19,72.199997,71.695413
2024-01-22,73.050003,72.539478
2024-01-23,72.750000,72.241572
2024-01-24,73.089996,72.579192
2024-01-25,72.980003,72.469968
2024-01-26,72.779999,72.271361
2024-01-29,73.269997,72.757935
2024-01-30,73.779999,73.264373
2024-01-31,72.860001,72.350804
2024-02-01,72.300003,71.794720
2024-02-02,73.040001,72.529546
2024-02-05,72.790001,72.281293
2024-02-06,72.809998,72.301151
2024-02-07,72.660004,72.152205
2024-02-08,72.019997,71.516671
2024-02-09,72.750000,72.241572
2024-02-12,73.099998,72.589124
2024-02-13,73.019997,72.509682
2024-02-14,73.519997,73.006188
2024-02-15,75.220001,74.694311
2024-02-16,74.339996,73.820456
2024-02-20,73.870003,73.415470
2024-02-21,74.320000,73.862698
2024-02-22,74.910004,74.449072
2024-02-23,75.190002,74.727347
2024-02-26,74.540001,74.081346
2024-02-27,74.989998,74.528574
2024-02-28,75.059998,74.598143
2024-02-29,75.129997,74.667711
2024-03-01,74.430000,73.972022
2024-03-04,74.349998,73.892512
2024-03-05,74.580002,74.121101
2024-03-06,75.470001,75.005623
2024-03-07,75.099998,74.637897
2024-03-08,74.839996,74.379495
2024-03-11,76.000000,75.532361
2024-03-12,76.209999,75.741068
2024-03-13,76.150002,75.681440
2024-03-14,76.010002,75.542302
2024-03-15,76.970001,76.496394
2024-03-18,76.970001,76.496394
2024-03-19,77.410004,76.933689
2024-03-20,77.760002,77.281534
2024-03-21,77.410004,76.933689
2024-03-22,76.449997,75.979589
2024-03-25,76.989998,76.516268
2024-03-26,76.889999,76.416884
2024-03-27,78.099998,77.619438
2024-03-28,78.290001,77.808272
2024-04-01,77.480003,77.003258
2024-04-02,77.070000,76.595777
2024-04-03,77.209999,76.734915
2024-04-04,76.360001,75.890147
2024-04-05,76.660004,76.188304
2024-04-08,76.059998,75.591990
2024-04-09,75.190002,74.727347
2024-04-10,74.820000,74.359622
2024-04-11,73.809998,73.355835
2024-04-12,73.900002,73.445285
2024-04-15,73.440002,72.988115
2024-04-16,73.320000,72.868852
2024-04-17,73.139999,72.689958
2024-04-18,73.839996,73.385648
2024-04-19,75.639999,75.174575
2024-04-22,76.480003,76.009411
2024-04-23,76.720001,76.247932
2024-04-24,76.809998,76.337375
2024-04-25,76.410004,75.939842
2024-04-26,75.459999,74.995683
2024-04-29,75.820000,75.353469
2024-04-30,75.150002,74.687593
2024-05-01,76.279999,75.810637
2024-05-02,76.529999,76.059099
2024-05-03,76.400002,75.929902
2024-05-06,77.739998,77.261653
2024-05-07,77.809998,77.331222
2024-05-08,77.309998,76.834299
2024-05-09,77.699997,77.221898
2024-05-10,77.980003,77.500181
2024-05-13,77.339996,76.864112
2024-05-14,77.339996,76.864112
2024-05-15,76.620003,76.148549
2024-05-16,77.199997,76.724974
2024-05-17,77.739998,77.261653
2024-05-20,76.129997,75.661558
2024-05-21,76.209999,75.741068
2024-05-22,75.889999,75.423037
2024-05-23,74.160004,73.703687
2024-05-24,74.750000,74.290053
2024-05-28,74.019997,73.564541
2024-05-29,74.110001,73.716235
2024-05-30,75.320000,74.919805
2024-05-31,76.800003,76.391944
2024-06-03,75.870003,75.466886
2024-06-04,75.550003,75.148586
2024-06-05,74.919998,74.521928
2024-06-06,75.000000,74.601505
2024-06-07,75.250000,74.850177
2024-06-10,75.339996,74.939695
2024-06-11,74.169998,73.775913
2024-06-12,74.660004,74.263316
2024-06-13,74.169998,73.775913
2024-06-14,73.790001,73.397935
2024-06-17,75.209999,74.810389
2024-06-18,76.199997,75.795126
2024-06-20,76.449997,76.043798
2024-06-21,76.559998,76.153215
2024-06-24,77.330002,76.919127
2024-06-25,76.139999,75.735447
2024-06-26,74.839996,74.442351
2024-06-27,75.260002,74.860126
2024-06-28,74.739998,74.342885
2024-07-01,74.730003,74.332943
2024-07-02,74.940002,74.541826
2024-07-03,74.400002,74.004695
2024-07-05,73.760002,73.368096
2024-07-08,74.410004,74.014644
2024-07-09,74.660004,74.263316
2024-07-10,75.650002,75.248054
2024-07-11,76.620003,76.212901
2024-07-12,76.919998,76.511302
2024-07-15,77.419998,77.008645
2024-07-16,78.349998,77.933704
2024-07-17,79.620003,79.196961
2024-07-18,79.790001,79.366056
2024-07-19,78.059998,77.645245
2024-07-22,78.080002,77.665142
2024-07-23,78.349998,77.933704
2024-07-24,77.919998,77.505989
2024-07-25,78.309998,77.893916
2024-07-26,80.089996,79.664457
2024-07-29,78.860001,78.440997
2024-07-30,80.480003,80.052392
2024-07-31,79.949997,79.525202
2024-08-01,79.199997,78.779187
2024-08-02,78.690002,78.271901
2024-08-05,76.000000,75.596192
2024-08-06,76.400002,75.994069
2024-08-07,76.269997,75.864755
2024-08-08,77.440002,77.028543
2024-08-09,77.879997,77.466200
2024-08-12,76.930000,76.521251
2024-08-13,77.059998,76.650558
2024-08-14,77.660004,77.247376
2024-08-15,78.370003,77.953603
2024-08-16,78.970001,78.550413
2024-08-19,79.370003,78.948289
2024-08-20,78.910004,78.490734
2024-08-21,79.080002,78.722180
2024-08-22,79.430000,79.070595
2024-08-23,80.349998,79.986430
2024-08-26,80.449997,80.085977
2024-08-27,80.669998,80.304982
2024-08-28,81.290001,80.922180
2024-08-29,81.680000,81.310414
2024-08-30,81.940002,81.569240
2024-09-03,81.820000,81.449781
2024-09-04,81.959999,81.589146
2024-09-05,80.900002,80.533945
2024-09-06,79.389999,79.030775
2024-09-09,80.480003,80.115847
2024-09-10,79.459999,79.100458
2024-09-11,77.720001,77.368333
2024-09-12,78.070000,77.716749
2024-09-13,78.339996,77.985523
2024-09-16,78.839996,78.483260
2024-09-17,79.290001,78.931229
2024-09-18,79.199997,78.841633
2024-09-19,79.250000,78.891409
2024-09-20,78.540001,78.184623
2024-09-23,78.669998,78.314032
2024-09-24,78.160004,77.806345
2024-09-25,78.059998,77.706792
2024-09-26,78.690002,78.333945
2024-09-27,78.900002,78.542995
2024-09-30,79.050003,78.692317
2024-10-01,79.300003,78.941186
2024-10-02,78.620003,78.264263
2024-10-03,78.150002,77.796389
2024-10-04,79.279999,78.921273
2024-10-07,76.489998,76.143896
2024-10-08,77.309998,76.960185
2024-10-09,78.250000,77.895934
2024-10-10,78.209999,77.856114
2024-10-11,79.349998,78.990955
2024-10-14,80.339996,79.976473
2024-10-15,80.330002,79.966524
2024-10-16,80.589996,80.225342
2024-10-17,81.720001,81.350234
2024-10-18,81.820000,81.449781
2024-10-21,81.070000,80.703174
2024-10-22,80.809998,80.444349
2024-10-23,80.940002,80.573764
2024-10-24,81.089996,80.723080
2024-10-25,79.570000,79.209961
2024-10-28,80.620003,80.255213
2024-10-29,79.760002,79.399104
2024-10-30,80.360001,79.996388
2024-10-31,78.959999,78.602720
2024-11-01,79.269997,78.911316
2024-11-04,76.510002,76.163809
2024-11-05,78.389999,78.035300
2024-11-06,82.760002,82.385529
2024-11-07,82.080002,81.708606
2024-11-08,83.110001,82.733945
2024-11-11,83.209999,82.833490
2024-11-12,82.970001,82.594578
2024-11-13,83.209999,82.833490
2024-11-14,82.800003,82.425349
2024-11-15,83.669998,83.291408
2024-11-18,84.410004,84.028065
2024-11-19,84.120003,83.739376
2024-11-20,84.489998,84.107697
2024-11-21,85.169998,84.784620
2024-11-22,86.070000,85.680550
2024-11-25,85.830002,85.441638
2024-11-26,86.610001,86.218108
2024-11-27,87.050003,86.718697
2024-11-29,86.730003,86.399915
2024-12-02,86.160004,85.832085
2024-12-03,85.980003,85.652770
2024-12-04,85.849998,85.523259
2024-12-05,85.940002,85.612921
2024-12-06,86.080002,85.752388
2024-12-09,85.000000,84.676496
2024-12-10,83.959999,83.640454
2024-12-11,84.750000,84.427448
2024-12-12,83.949997,83.630490
2024-12-13,84.180000,83.859617
2024-12-16,84.029999,83.710187
2024-12-17,83.639999,83.321671
2024-12-18,81.500000,81.189817
2024-12-19,81.660004,81.349212
2024-12-20,83.190002,82.873387
2024-12-23,83.370003,83.052703
2024-12-24,84.800003,84.477261
2024-12-26,85.260002,84.935509
2024-12-27,84.680000,84.357714
2024-12-30,84.389999,84.068817
2024-12-31,84.690002,84.367678
2025-01-02,84.160004,83.839697
2025-01-03,84.349998,84.028968
2025-01-06,82.370003,82.056509
2025-01-07,82.949997,82.634296
2025-01-08,83.529999,83.212090
2025-01-10,81.129997,80.821222
2025-01-13,82.080002,81.767612
2025-01-14,83.430000,83.112472
2025-01-15,84.800003,84.477261
2025-01-16,86.080002,85.752388
2025-01-17,86.250000,85.921739
2025-01-21,86.290001,85.961588
2025-01-22,84.480003,84.158478
2025-01-23,83.930000,83.610569
2025-01-24,84.879997,84.556950
2025-01-27,86.389999,86.061205
2025-01-28,85.750000,85.423642
2025-01-29,86.019997,85.692611
2025-01-30,86.180000,85.852005
2025-01-31,85.449997,85.124781
2025-02-03,85.330002,85.005242
2025-02-04,85.739998,85.413678
2025-02-05,86.279999,85.951624
2025-02-06,86.809998,86.479606
2025-02-07,86.769997,86.439757
2025-02-10,85.940002,85.612921
2025-02-11,84.849998,84.527065
2025-02-12,83.000000,82.684108
2025-02-13,84.120003,83.799849
2025-02-14,83.010002,82.694072
2025-02-18,83.440002,83.122436
2025-02-19,83.250000,82.933157
2025-02-20,82.980003,82.664187
2025-02-21,82.760002,82.445024
2025-02-24,84.379997,84.058853
2025-02-25,84.989998,84.666532
2025-02-26,84.199997,83.941267
2025-02-27,85.790001,85.526385
2025-02-28,86.669998,86.403678
2025-03-03,87.150002,86.882207
2025-03-04,85.070000,84.808597
2025-03-05,85.339996,85.077763
2025-03-06,84.879997,84.619177
2025-03-07,85.339996,85.077763
2025-03-10,84.940002,84.678998
2025-03-11,84.529999,84.270255
2025-03-12,83.989998,83.731913
2025-03-13,84.750000,84.489580
2025-03-14,86.419998,86.154446
2025-03-17,87.419998,87.151373
2025-03-18,86.940002,86.672852
2025-03-19,87.800003,87.530211
2025-03-20,88.180000,87.909040
2025-03-21,87.250000,86.981898
2025-03-24,88.510002,88.238028
2025-03-25,89.190002,88.915939
2025-03-26,90.510002,90.231882
2025-03-27,91.400002,91.119148
2025-03-28,90.639999,90.361480
2025-03-31,91.910004,91.627583
2025-04-01,92.089996,91.807021
2025-04-02,92.029999,91.747209
2025-04-03,91.110001,90.830038
2025-04-04,83.120003,82.864592
2025-04-07,80.889999,80.641440
2025-04-08,81.449997,81.199717
2025-04-09,86.330002,86.064727
2025-04-10,84.370003,84.110751
2025-04-11,84.680000,84.419795
2025-04-14,86.320000,86.054756
2025-04-15,86.129997,85.865336
2025-04-16,85.199997,84.938194
2025-04-17,85.320000,85.057828
2025-04-21,83.339996,83.083909
2025-04-22,85.709999,85.446629
2025-04-23,86.139999,85.875308
2025-04-24,86.239998,85.974999
2025-04-25,85.269997,85.007979
2025-04-28,85.959999,85.695861
2025-04-29,86.639999,86.373771
2025-04-30,86.830002,86.563190
2025-05-01,86.309998,86.044784
2025-05-02,88.110001,87.839256
2025-05-05,86.559998,86.294016
2025-05-06,86.779999,86.513341
2025-05-07,87.830002,87.560118
2025-05-08,87.970001,87.699686
2025-05-09,88.400002,88.128366
2025-05-12,89.269997,88.995688
2025-05-13,88.589996,88.317776
2025-05-14,87.370003,87.101532
2025-05-15,88.809998,88.537102
2025-05-16,89.389999,89.115321
2025-05-19,89.419998,89.145228
2025-05-20,88.930000,88.656736
2025-05-21,87.730003,87.460426
2025-05-22,87.589996,87.320849
2025-05-23,87.879997,87.609959
2025-05-27,89.070000,88.796305
2025-05-28,88.099998,87.890957
2025-05-29,88.709999,88.499510
2025-05-30,89.290001,89.078136
2025-06-02,89.669998,89.457231
2025-06-03,89.620003,89.407355
2025-06-04,88.209999,88.000697
2025-06-05,88.610001,88.399750
2025-06-06,89.139999,88.928490
2025-06-09,88.360001,88.150343
2025-06-10,88.150002,87.940842
2025-06-11,88.550003,88.339894
2025-06-12,89.180000,88.968396
2025-06-13,88.660004,88.449634
2025-06-16,88.599998,88.389770
2025-06-17,88.269997,88.060552
2025-06-18,88.330002,88.120415
2025-06-20,89.160004,88.948447
2025-06-23,90.669998,90.454859
2025-06-24,89.980003,89.766501
2025-06-25,88.900002,88.689062
2025-06-26,90.040001,89.826356
2025-06-27,90.400002,90.185503
2025-06-30,91.660004,91.442516
2025-07-01,92.320000,92.100946
2025-07-02,91.339996,91.123267
2025-07-03,92.389999,92.170778
2025-07-07,91.449997,91.233007
2025-07-08,91.669998,91.452486
2025-07-09,90.970001,90.754150
2025-07-10,90.500000,90.285264
2025-07-11,90.589996,90.375046
2025-07-14,91.629997,91.412580
2025-07-15,89.820000,89.606877
2025-07-16,90.940002,90.724222
2025-07-17,92.180000,91.961278
2025-07-18,92.379997,92.160800
2025-07-21,91.320000,91.103318
2025-07-22,92.019997,91.801654
2025-07-23,92.010002,91.791683
2025-07-24,91.260002,91.043463
2025-07-25,91.660004,91.442516
2025-07-28,90.400002,90.185503
2025-07-29,91.120003,90.903796
2025-07-30,90.290001,90.075763
2025-07-31,90.540001,90.325170
2025-08-01,90.290001,90.075763
2025-08-04,92.820000,92.599759
2025-08-05,93.300003,93.078623
2025-08-06,94.080002,93.856771
2025-08-07,93.230003,93.008789
2025-08-08,93.769997,93.547502
2025-08-11,93.680000,93.457719
2025-08-12,94.320000,94.096200
2025-08-13,95.410004,95.183618
2025-08-14,95.580002,95.353212
2025-08-15,95.000000,94.774586
2025-08-18,94.589996,94.365555
2025-08-19,95.949997,95.722329
2025-08-20,96.699997,96.533430
2025-08-21,96.360001,96.194019
2025-08-22,96.300003,96.134125
2025-08-25,95.650002,95.485243
2025-08-26,95.900002,95.734813
2025-08-27,96.370003,96.204004
2025-08-28,96.519997,96.353740
2025-08-29,96.800003,96.633264
2025-09-02,96.220001,96.054261
2025-09-03,96.879997,96.713120
2025-09-04,97.529999,97.362002
2025-09-05,96.639999,96.473535
2025-09-08,96.019997,95.854601
2025-09-09,95.910004,95.744798
2025-09-10,96.120003,95.954435
2025-09-11,98.050003,97.881110
2025-09-12,97.650002,97.481798
2025-09-15,96.919998,96.753052
2025-09-16,95.889999,95.724827
2025-09-17,96.790001,96.623279
2025-09-18,97.040001,96.872848
2025-09-19,96.690002,96.523452
2025-09-22,97.239998,97.072501
2025-09-23,98.000000,97.831194
2025-09-24,99.260002,99.089025
2025-09-25,99.019997,98.849434
2025-09-26,100.300003,100.127235
2025-09-29,99.669998,99.498315
2025-09-30,100.389999,100.217076
2025-10-01,100.150002,99.977492
2025-10-02,101.669998,101.494870
2025-10-03,101.680000,101.504855
2025-10-06,102.370003,102.193669
2025-10-07,102.989998,102.812596
2025-10-08,103.050003,102.872498
2025-10-09,102.239998,102.063888
2025-10-10,100.860001,100.686268
2025-10-13,101.330002,101.155460
2025-10-14,102.620003,102.443239
2025-10-15,100.309998,100.137213
2025-10-16,98.169998,98.000899
2025-10-17,98.830002,98.659766
2025-10-20,99.199997,99.029124
2025-10-21,99.440002,99.268715
2025-10-22,100.010002,99.837733
2025-10-23,99.940002,99.767854
2025-10-24,100.050003,99.877665
2025-10-27,100.059998,99.887643
2025-10-28,98.370003,98.200559
2025-10-29,97.800003,97.631541
2025-10-30,99.529999,99.358557
2025-10-31,99.559998,99.388504
2025-11-03,99.419998,99.248746
2025-11-04,100.639999,100.466645
2025-11-05,100.860001,100.686268
2025-11-06,101.629997,101.454938
2025-11-07,102.589996,102.413283
2025-11-10,103.019997,102.842544
2025-11-11,103.739998,103.561304
2025-11-12,104.040001,103.860791
2025-11-13,104.389999,104.210186
2025-11-14,104.410004,104.230156
2025-11-17,104.209999,104.030496
2025-11-18,105.120003,104.938932
2025-11-19,105.300003,105.118622
2025-11-20,104.940002,104.759241
2025-11-21,106.400002,106.216726
2025-11-24,107.199997,107.015343
2025-11-25,107.949997,107.764052
2025-11-26,108.260002,108.136130
2025-11-28,107.870003,107.746578
2025-12-01,106.400002,106.278259
2025-12-02,106.309998,106.188358
2025-12-03,105.750000,105.629000
2025-12-04,104.489998,104.370440
2025-12-05,102.820000,102.702353
2025-12-08,101.410004,101.293970
2025-12-09,102.559998,102.442648
2025-12-10,102.610001,102.492594
2025-12-11,104.650002,104.530261
2025-12-12,104.309998,104.190646
2025-12-15,105.410004,105.289393
2025-12-16,103.959999,103.841047
2025-12-17,106.040001,105.918669
2025-12-18,105.860001,105.738875
2025-12-19,106.580002,106.458053
2025-12-22,108.080002,107.956336
2025-12-23,107.510002,107.386988
2025-12-24,107.330002,107.207194
2025-12-26,106.400002,106.278259
2025-12-29,106.239998,106.118438
2025-12-30,106.190002,106.068499
2025-12-31,105.309998,105.189502
2026-01-02,104.660004,104.540251
2026-01-05,105.669998,105.549090
2026-01-06,105.190002,105.069643
2026-01-07,105.449997,105.329341
2026-01-08,105.489998,105.369296
2026-01-09,104.580002,104.460341
2026-01-12,104.519997,104.400405
2026-01-13,102.769997,102.652407
2026-01-14,103.599998,103.481458
2026-01-15,103.160004,103.041968
2026-01-16,102.489998,102.372728
2026-01-20,102.300003,102.182951
2026-01-21,102.379997,102.262853
2026-01-22,102.400002,102.282835
2026-01-23,101.860001,101.743452
2026-01-26,102.680000,102.562513
2026-01-27,102.300003,102.182951
2026-01-28,102.809998,102.692362
2026-01-29,104.680000,104.560225
2026-01-30,105.570000,105.449206
2026-02-02,105.779999,105.658965
2026-02-03,107.410004,107.287105
2026-02-04,109.430000,109.304790
2026-02-05,110.889999,110.763118
2026-02-06,111.269997,111.142681
2026-02-09,110.900002,110.773110
2026-02-10,109.959999,109.834182
2026-02-11,110.169998,110.043941
2026-02-12,110.010002,109.884128
2026-02-13,108.779999,108.655532
2026-02-17,110.489998,110.363575
2026-02-18,108.660004,108.535675
2026-02-19,108.349998,108.226023
2026-02-20,109.769997,109.644398
2026-02-23,108.709999,108.585612
2026-02-24,109.339996,109.214889
2026-02-25,109.449997,109.387291
2026-02-26,109.430000,109.367305
2026-02-27,110.019997,109.956964
2026-03-02,112.190002,112.125726
2026-03-03,111.500000,111.436119
2026-03-04,111.489998,111.426123
2026-03-05,110.000000,109.936979
2026-03-06,109.660004,109.597177
2026-03-09,109.099998,109.037492
2026-03-10,109.160004,109.097464
2026-03-11,108.779999,108.717677
2026-03-12,108.430000,108.367878
2026-03-13,108.019997,107.958110
2026-03-16,108.489998,108.427842
2026-03-17,108.580002,108.517794
2026-03-18,106.160004,106.099183
2026-03-19,105.650002,105.589473
2026-03-20,105.599998,105.539497
2026-03-23,106.449997,106.389010
2026-03-24,107.139999,107.078616
2026-03-25,106.400002,106.339043
2026-03-26,106.870003,106.808775
2026-03-27,104.059998,104.000380
2026-03-30,105.830002,105.769370
2026-03-31,106.739998,106.678844
2026-04-01,106.639999,106.578903
2026-04-02,107.690002,107.628304
2026-04-06,107.769997,107.708253
2026-04-07,107.919998,107.858168
2026-04-08,109.790001,109.727100
2026-04-09,110.879997,110.816471
2026-04-10,109.470001,109.407283
2026-04-13,110.230003,110.166850
2026-04-14,110.279999,110.216817
2026-04-15,110.230003,110.166850
2026-04-16,109.839996,109.777066
2026-04-17,111.349998,111.286203
2026-04-20,111.070000,111.006366
2026-04-21,111.489998,111.426123
2026-04-22,110.650002,110.586608
2026-04-23,112.419998,112.355590
2026-04-24,110.580002,110.516648
2026-04-27,111.169998,111.106306
2026-04-28,112.370003,112.305624
2026-04-29,111.209999,111.146284
2026-04-30,112.610001,112.545484
2026-05-01,111.699997,111.636002
2026-05-04,105.150002,105.089759
2026-05-05,106.190002,106.129163
2026-05-06,105.290001,105.229678
2026-05-07,104.410004,104.350185
2026-05-08,104.500000,104.440130
2026-05-11,103.720001,103.660578
2026-05-12,104.389999,104.330192
2026-05-13,104.080002,104.020372
2026-05-14,105.199997,105.139726
2026-05-15,105.800003,105.739388
2026-05-18,108.010002,107.948121
2026-05-19,107.860001,107.798206
2026-05-20,108.779999,108.717677
2026-05-21,109.180000,109.117448
2026-05-22,108.870003,108.807629
2026-05-26,109.089996,109.027496
2026-05-27,106.980003,106.980003
2026-05-28,104.820000,104.820000
2026-05-29,103.550003,103.550003
2026-06-01,103.830002,103.830002
2026-06-02,104.930000,104.930000
2026-06-03,104.459999,104.459999
2026-06-04,105.019997,105.019997
2026-06-05,107.570000,107.570000
2026-06-08,105.970001,105.970001
2026-06-09,106.949997,106.949997
2026-06-10,108.050003,108.050003
2026-06-11,107.370003,107.370003
2026-06-12,108.120003,108.120003
2026-06-15,108.279999,108.279999
2026-06-16,108.650002,108.650002
2026-06-17,107.680000,107.680000
2026-06-18,107.279999,107.279999
2026-06-22,108.129997,108.129997
2026-06-23,110.580002,110.580002
2026-06-24,111.919998,111.919998
2026-06-25,110.900002,110.900002
2026-06-26,113.250000,113.250000
2026-06-29,113.690002,113.690002
2026-06-30,113.209999,113.209999
2026-07-01,114.120003,114.120003
2026-07-02,116.519997,116.519997
2026-07-06,116.300003,116.300003
2026-07-07,116.949997,116.949997
2026-07-08,115.199997,115.199997
2026-07-09,115.150002,115.150002
2026-07-10,114.989998,114.989998
2026-07-13,116.500000,116.500000
2026-07-14,114.470001,114.470001
2026-07-15,112.519997,112.519997
2026-07-16,113.889999,113.889999
2026-07-17,114.449997,114.449997
2026-07-20,114.590000,114.590000
