date,close,adj_close
1998-01-02,31.312500,23.753305
1998-01-05,31.093750,23.587364
1998-01-06,30.468750,23.113246
1998-01-07,29.968750,22.733951
1998-01-08,30.000000,22.757657
1998-01-09,29.125000,22.093892
1998-01-12,29.406250,22.307245
1998-01-13,29.625000,22.473187
1998-01-14,29.468750,22.354657
1998-01-15,29.125000,22.093892
1998-01-16,29.125000,22.093892
1998-01-20,28.625000,21.714598
1998-01-21,28.781250,21.833127
1998-01-22,28.656250,21.738304
1998-01-23,28.437500,21.572363
1998-01-26,28.437500,21.572363
1998-01-27,28.375000,21.524951
1998-01-28,29.000000,21.999069
1998-01-29,29.750000,22.568010
1998-01-30,29.906250,22.686540
1998-02-02,31.062500,23.563658
1998-02-03,31.812500,24.132599
1998-02-04,32.718750,24.820070
1998-02-05,32.375000,24.559305
1998-02-06,32.968750,25.009717
1998-02-09,33.937500,25.744600
1998-02-10,34.375000,26.076482
1998-02-11,34.031250,25.815717
1998-02-12,33.968750,25.768306
1998-02-13,34.843750,26.432071
1998-02-17,34.875000,26.455777
1998-02-18,34.625000,26.266129
1998-02-19,34.093750,25.863129
1998-02-20,34.250000,25.981659
1998-02-23,35.281250,26.763953
1998-02-24,34.656250,26.289835
1998-02-25,36.062500,27.356601
1998-02-26,37.281250,28.281130
1998-02-27,37.468750,28.423366
1998-03-02,37.250000,28.257424
1998-03-03,36.906250,27.996660
1998-03-04,36.750000,27.878130
1998-03-05,36.093750,27.380306
1998-03-06,36.625000,27.783307
1998-03-09,36.812500,27.925542
1998-03-10,36.468750,27.664777
1998-03-11,35.968750,27.285483
1998-03-12,36.000000,27.309189
1998-03-13,35.875000,27.214365
1998-03-16,36.968750,28.044071
1998-03-17,37.062500,28.115189
1998-03-18,36.968750,28.044071
1998-03-19,37.562500,28.494483
1998-03-20,37.750000,28.636719
1998-03-23,38.937500,29.537543
1998-03-24,38.906250,29.513837
1998-03-25,39.000000,29.584954
1998-03-26,38.687500,29.347896
1998-03-27,38.468750,29.181954
1998-03-30,38.000000,28.826366
1998-03-31,38.500000,29.205660
1998-04-01,38.375000,29.110837
1998-04-02,38.562500,29.253072
1998-04-03,38.843750,29.466425
1998-04-06,39.781250,30.177602
1998-04-07,39.968750,30.319837
1998-04-08,39.937500,30.296131
1998-04-09,40.250000,30.533190
1998-04-13,40.187500,30.485778
1998-04-14,40.250000,30.533190
1998-04-15,40.343750,30.604308
1998-04-16,40.062500,30.390955
1998-04-17,40.187500,30.485778
1998-04-20,39.781250,30.177602
1998-04-21,39.500000,29.964249
1998-04-22,40.218750,30.509484
1998-04-23,39.812500,30.201308
1998-04-24,38.875000,29.490131
1998-04-27,37.750000,28.636719
1998-04-28,36.906250,27.996660
1998-04-29,37.843750,28.707836
1998-04-30,39.125000,29.679778
1998-05-01,39.312500,29.822013
1998-05-04,39.281250,29.798308
1998-05-05,38.437500,29.158248
1998-05-06,39.000000,29.584954
1998-05-07,39.000000,29.584954
1998-05-08,39.437500,29.916837
1998-05-11,39.781250,30.177602
1998-05-12,40.000000,30.343543
1998-05-13,39.875000,30.248719
1998-05-14,39.562500,30.011661
1998-05-15,39.093750,29.656072
1998-05-18,38.500000,29.205660
1998-05-19,38.406250,29.134543
1998-05-20,38.625000,29.300484
1998-05-21,38.218750,28.992307
1998-05-22,37.562500,28.494483
1998-05-26,36.500000,27.688483
1998-05-27,36.281250,27.522542
1998-05-28,37.062500,28.115189
1998-05-29,37.093750,28.138895
1998-06-01,36.875000,27.972954
1998-06-02,36.343750,27.569954
1998-06-03,35.625000,27.024718
1998-06-04,35.125000,26.645424
1998-06-05,35.781250,27.143248
1998-06-08,36.343750,27.569954
1998-06-09,36.312500,27.546248
1998-06-10,36.375000,27.593659
1998-06-11,36.187500,27.451424
1998-06-12,36.468750,27.664777
1998-06-15,36.281250,27.522542
1998-06-16,36.062500,27.356601
1998-06-17,36.375000,27.593659
1998-06-18,36.687500,27.830718
1998-06-19,36.437500,27.641071
1998-06-22,36.218750,27.475130
1998-06-23,35.875000,27.214365
1998-06-24,36.250000,27.498836
1998-06-25,36.625000,27.783307
1998-06-26,35.937500,27.261777
1998-06-29,36.250000,27.498836
1998-06-30,35.843750,27.190659
1998-07-01,36.625000,27.783307
1998-07-02,36.531250,27.712189
1998-07-06,36.406250,27.617365
1998-07-07,36.562500,27.735895
1998-07-08,36.531250,27.712189
1998-07-09,36.593750,27.759601
1998-07-10,36.593750,27.759601
1998-07-13,36.500000,27.688483
1998-07-14,36.812500,27.925542
1998-07-15,36.750000,27.878130
1998-07-16,37.437500,28.399660
1998-07-17,37.531250,28.470778
1998-07-20,36.937500,28.020366
1998-07-21,36.750000,27.878130
1998-07-22,37.906250,28.755248
1998-07-23,37.000000,28.067777
1998-07-24,36.406250,27.617365
1998-07-27,37.125000,28.162601
1998-07-28,37.437500,28.399660
1998-07-29,37.500000,28.447072
1998-07-30,38.250000,29.016013
1998-07-31,36.937500,28.020366
1998-08-03,37.000000,28.067777
1998-08-04,35.218750,26.716541
1998-08-05,36.031250,27.332895
1998-08-06,36.000000,27.309189
1998-08-07,35.625000,27.024718
1998-08-10,35.531250,26.953600
1998-08-11,33.500000,25.412717
1998-08-12,35.156250,26.669130
1998-08-13,34.343750,26.052776
1998-08-14,33.468750,25.389011
1998-08-17,34.093750,25.863129
1998-08-18,34.343750,26.052776
1998-08-19,34.187500,25.934247
1998-08-20,34.750000,26.360953
1998-08-21,34.875000,26.455777
1998-08-24,35.312500,26.787659
1998-08-25,35.843750,27.190659
1998-08-26,35.625000,27.024718
1998-08-27,33.656250,25.531247
1998-08-28,33.156250,25.151952
1998-08-31,31.375000,23.800717
1998-09-01,32.625000,24.748952
1998-09-02,32.281250,24.488187
1998-09-03,31.250000,23.705893
1998-09-04,30.937500,23.468834
1998-09-08,32.781250,24.867482
1998-09-09,31.781250,24.108893
1998-09-10,30.156250,22.876187
1998-09-11,30.937500,23.468834
1998-09-14,32.750000,24.843776
1998-09-15,33.031250,25.057129
1998-09-16,32.093750,24.345952
1998-09-17,30.968750,23.492540
1998-09-18,31.031250,23.539952
1998-09-21,29.656250,22.496892
1998-09-22,28.750000,21.809422
1998-09-23,30.656250,23.255481
1998-09-24,30.750000,23.326599
1998-09-25,30.281250,22.971010
1998-09-28,31.281250,23.729599
1998-09-29,30.750000,23.326599
1998-09-30,30.312500,22.994716
1998-10-01,29.937500,22.710246
1998-10-02,29.750000,22.568010
1998-10-05,29.750000,22.568010
1998-10-06,30.218750,22.923599
1998-10-07,28.718750,21.785716
1998-10-08,27.437500,20.813774
1998-10-09,29.562500,22.425775
1998-10-12,30.187500,22.899893
1998-10-13,31.281250,23.729599
1998-10-14,31.156250,23.634775
1998-10-15,32.625000,24.748952
1998-10-16,33.781250,25.626070
1998-10-19,34.875000,26.455777
1998-10-20,35.781250,27.143248
1998-10-21,36.687500,27.830718
1998-10-22,36.656250,27.807013
1998-10-23,35.000000,26.550600
1998-10-26,35.781250,27.143248
1998-10-27,36.156250,27.427718
1998-10-28,36.406250,27.617365
1998-10-29,36.687500,27.830718
1998-10-30,37.187500,28.210013
1998-11-02,37.968750,28.802660
1998-11-03,38.281250,29.039719
1998-11-04,38.031250,28.850072
1998-11-05,38.500000,29.205660
1998-11-06,38.468750,29.181954
1998-11-09,38.281250,29.039719
1998-11-10,38.031250,28.850072
1998-11-11,37.125000,28.162601
1998-11-12,37.687500,28.589307
1998-11-13,37.718750,28.613013
1998-11-16,38.062500,28.873778
1998-11-17,38.031250,28.850072
1998-11-18,38.062500,28.873778
1998-11-19,38.531250,29.229366
1998-11-20,38.031250,28.850072
1998-11-23,39.625000,30.059072
1998-11-24,39.156250,29.703484
1998-11-25,39.281250,29.798308
1998-11-27,39.218750,29.750896
1998-11-30,38.843750,29.466425
1998-12-01,39.125000,29.679778
1998-12-02,38.937500,29.537543
1998-12-03,38.468750,29.181954
1998-12-04,39.093750,29.656072
1998-12-07,39.031250,29.608660
1998-12-08,38.218750,28.992307
1998-12-09,38.062500,28.873778
1998-12-10,37.093750,28.138895
1998-12-11,36.843750,27.949248
1998-12-14,35.500000,26.929894
1998-12-15,35.375000,26.835071
1998-12-16,35.156250,26.669130
1998-12-17,35.531250,26.953600
1998-12-18,34.968750,26.526894
1998-12-21,34.750000,26.360953
1998-12-22,35.031250,26.574306
1998-12-23,35.875000,27.214365
1998-12-24,36.406250,27.617365
1998-12-28,36.375000,27.593659
1998-12-29,37.812500,28.684131
1998-12-30,37.843750,28.707836
1998-12-31,37.968750,28.802660
1999-01-04,38.125000,28.921189
1999-01-05,38.437500,29.158248
1999-01-06,38.468750,29.181954
1999-01-07,38.187500,28.968601
1999-01-08,37.875000,28.731542
1999-01-11,35.812500,27.166953
1999-01-12,36.312500,27.546248
1999-01-13,35.875000,27.214365
1999-01-14,35.531250,26.953600
1999-01-15,35.656250,27.048424
1999-01-19,37.000000,28.067777
1999-01-20,37.187500,28.210013
1999-01-21,35.343750,26.811365
1999-01-22,35.000000,26.550600
1999-01-25,35.906250,27.238071
1999-01-26,35.906250,27.238071
1999-01-27,36.656250,27.807013
1999-01-28,37.187500,28.210013
1999-01-29,37.218750,28.233719
1999-02-01,37.281250,28.281130
1999-02-02,37.625000,28.541895
1999-02-03,37.781250,28.660425
1999-02-04,37.312500,28.304836
1999-02-05,37.750000,28.636719
1999-02-08,37.312500,28.304836
1999-02-09,36.843750,27.949248
1999-02-10,36.937500,28.020366
1999-02-11,37.343750,28.328542
1999-02-12,37.125000,28.162601
1999-02-16,37.812500,28.684131
1999-02-17,37.812500,28.684131
1999-02-18,38.000000,28.826366
1999-02-19,38.531250,29.229366
1999-02-22,39.843750,30.225014
1999-02-23,39.500000,29.964249
1999-02-24,38.750000,29.395307
1999-02-25,38.500000,29.205660
1999-02-26,39.000000,29.584954
1999-03-01,38.031250,28.850072
1999-03-02,37.968750,28.802660
1999-03-03,38.781250,29.419013
1999-03-04,39.343750,29.845719
1999-03-05,40.093750,30.414661
1999-03-08,40.250000,30.533190
1999-03-09,39.812500,30.201308
1999-03-10,40.000000,30.467902
1999-03-11,40.718750,31.015372
1999-03-12,40.625000,30.943963
1999-03-15,40.406250,30.777341
1999-03-16,40.218750,30.634523
1999-03-17,39.750000,30.277477
1999-03-18,39.312500,29.944235
1999-03-19,39.468750,30.063250
1999-03-22,39.281250,29.920432
1999-03-23,39.000000,29.706204
1999-03-24,38.562500,29.372962
1999-03-25,39.406250,30.015644
1999-03-26,39.125000,29.801416
1999-03-29,39.562500,30.134659
1999-03-30,38.937500,29.658598
1999-03-31,38.687500,29.468174
1999-04-01,39.250000,29.896629
1999-04-05,39.937500,30.420296
1999-04-06,39.156250,29.825220
1999-04-07,39.625000,30.182265
1999-04-08,39.812500,30.325084
1999-04-09,39.468750,30.063250
1999-04-12,39.625000,30.182265
1999-04-13,39.343750,29.968038
1999-04-14,40.312500,30.705932
1999-04-15,42.031250,32.015100
1999-04-16,44.000000,33.514692
1999-04-19,46.875000,35.704572
1999-04-20,45.000000,34.276390
1999-04-21,45.687500,34.800057
1999-04-22,45.187500,34.419208
1999-04-23,44.906250,34.204980
1999-04-26,44.593750,33.966950
1999-04-27,44.843750,34.157374
1999-04-28,45.031250,34.300193
1999-04-29,45.656250,34.776254
1999-04-30,46.062500,35.085693
1999-05-03,48.093750,36.632891
1999-05-04,47.687500,36.323452
1999-05-05,47.781250,36.394861
1999-05-06,47.968750,36.537679
1999-05-07,47.500000,36.180633
1999-05-10,48.125000,36.656694
1999-05-11,48.500000,36.942331
1999-05-12,47.312500,36.037815
1999-05-13,46.781250,35.633163
1999-05-14,47.000000,35.799785
1999-05-17,46.343750,35.299921
1999-05-18,46.812500,35.656966
1999-05-19,46.562500,35.466542
1999-05-20,47.000000,35.799785
1999-05-21,47.281250,36.014012
1999-05-24,46.812500,35.656966
1999-05-25,46.250000,35.228512
1999-05-26,44.656250,34.014556
1999-05-27,44.031250,33.538495
1999-05-28,44.531250,33.919344
1999-06-01,45.500000,34.657238
1999-06-02,44.875000,34.181177
1999-06-03,45.437500,34.609632
1999-06-04,45.468750,34.633435
1999-06-07,44.968750,34.252587
1999-06-08,44.593750,33.966950
1999-06-09,44.000000,33.637267
1999-06-10,43.187500,33.016124
1999-06-11,42.000000,32.108300
1999-06-14,42.000000,32.108300
1999-06-15,41.781250,31.941069
1999-06-16,42.406250,32.418871
1999-06-17,43.218750,33.040014
1999-06-18,42.750000,32.681662
1999-06-21,41.375000,31.630498
1999-06-22,41.343750,31.606608
1999-06-23,41.812500,31.964959
1999-06-24,41.812500,31.964959
1999-06-25,40.812500,31.200476
1999-06-28,41.562500,31.773838
1999-06-29,41.531250,31.749948
1999-06-30,41.156250,31.463267
1999-07-01,42.968750,32.848893
1999-07-02,43.656250,33.374475
1999-07-06,43.375000,33.159464
1999-07-07,44.312500,33.876168
1999-07-08,45.250000,34.592871
1999-07-09,45.156250,34.521200
1999-07-12,45.218750,34.568981
1999-07-13,44.968750,34.377860
1999-07-14,44.562500,34.067288
1999-07-15,44.187500,33.780607
1999-07-16,44.218750,33.804497
1999-07-19,44.375000,33.923948
1999-07-20,43.250000,33.063904
1999-07-21,43.468750,33.231135
1999-07-22,43.593750,33.326695
1999-07-23,42.531250,32.514432
1999-07-26,43.000000,32.872783
1999-07-27,42.625000,32.586102
1999-07-28,42.500000,32.490542
1999-07-29,41.937500,32.060520
1999-07-30,41.125000,31.439377
1999-08-02,40.656250,31.081025
1999-08-03,41.750000,31.917179
1999-08-04,41.437500,31.678278
1999-08-05,41.437500,31.678278
1999-08-06,41.062500,31.391597
1999-08-09,40.875000,31.248256
1999-08-10,39.937500,30.531553
1999-08-11,40.718750,31.128806
1999-08-12,40.593750,31.033245
1999-08-13,41.375000,31.630498
1999-08-16,41.437500,31.678278
1999-08-17,41.500000,31.726058
1999-08-18,41.093750,31.415487
1999-08-19,40.875000,31.248256
1999-08-20,40.593750,31.033245
1999-08-23,42.250000,32.299421
1999-08-24,42.593750,32.562212
1999-08-25,42.500000,32.490542
1999-08-26,41.625000,31.821619
1999-08-27,41.031250,31.367707
1999-08-30,40.656250,31.081025
1999-08-31,40.375000,30.866014
1999-09-01,40.718750,31.128806
1999-09-02,40.000000,30.579333
1999-09-03,41.406250,31.654388
1999-09-07,40.812500,31.200476
1999-09-08,40.250000,30.893460
1999-09-09,40.781250,31.301215
1999-09-10,40.031250,30.725561
1999-09-13,39.375000,30.221863
1999-09-14,38.937500,29.886065
1999-09-15,38.531250,29.574252
1999-09-16,37.750000,28.974612
1999-09-17,37.875000,29.070554
1999-09-20,37.312500,28.638813
1999-09-21,37.250000,28.590842
1999-09-22,37.625000,28.878669
1999-09-23,37.406250,28.710770
1999-09-24,37.531250,28.806712
1999-09-27,38.031250,29.190482
1999-09-28,38.187500,29.310410
1999-09-29,38.625000,29.646209
1999-09-30,38.687500,29.694180
1999-10-01,37.875000,29.070554
1999-10-04,38.625000,29.646209
1999-10-05,38.562500,29.598237
1999-10-06,38.750000,29.742151
1999-10-07,38.656250,29.670194
1999-10-08,38.875000,29.838093
1999-10-11,38.812500,29.790122
1999-10-12,37.562500,28.830698
1999-10-13,36.718750,28.183087
1999-10-14,36.687500,28.159101
1999-10-15,36.437500,27.967216
1999-10-18,37.093750,28.470914
1999-10-19,36.250000,27.823303
1999-10-20,37.406250,28.710770
1999-10-21,37.250000,28.590842
1999-10-22,37.968750,29.142511
1999-10-25,37.750000,28.974612
1999-10-26,36.750000,28.207072
1999-10-27,37.406250,28.710770
1999-10-28,38.250000,29.358381
1999-10-29,38.593750,29.622223
1999-11-01,36.750000,28.207072
1999-11-02,37.156250,28.518885
1999-11-03,37.343750,28.662799
1999-11-04,36.468750,27.991202
1999-11-05,36.187500,27.775331
1999-11-08,36.281250,27.847288
1999-11-09,34.906250,26.791922
1999-11-10,34.218750,26.264238
1999-11-11,34.687500,26.624022
1999-11-12,34.468750,26.456123
1999-11-15,35.812500,27.487504
1999-11-16,36.781250,28.231058
1999-11-17,36.750000,28.207072
1999-11-18,37.468750,28.758741
1999-11-19,37.187500,28.542871
1999-11-22,36.687500,28.159101
1999-11-23,36.718750,28.183087
1999-11-24,36.625000,28.111130
1999-11-26,36.312500,27.871274
1999-11-29,35.687500,27.391562
1999-11-30,35.750000,27.439533
1999-12-01,36.187500,27.775331
1999-12-02,35.937500,27.583447
1999-12-03,36.156250,27.751346
1999-12-06,36.125000,27.727360
1999-12-07,36.000000,27.631418
1999-12-08,36.750000,28.334973
1999-12-09,36.562500,28.190407
1999-12-10,36.656250,28.262690
1999-12-13,36.375000,28.045841
1999-12-14,36.656250,28.262690
1999-12-15,36.250000,27.949463
1999-12-16,36.500000,28.142218
1999-12-17,36.687500,28.286784
1999-12-20,35.750000,27.563954
1999-12-21,35.187500,27.130255
1999-12-22,35.000000,26.985689
1999-12-23,36.500000,28.142218
1999-12-27,36.718750,28.310879
1999-12-28,37.437500,28.865049
1999-12-29,37.781250,29.130087
1999-12-30,37.656250,29.033710
1999-12-31,38.343750,29.563786
2000-01-03,37.468750,28.889144
2000-01-04,36.843750,28.407256
2000-01-05,35.968750,27.732614
2000-01-06,35.500000,27.371199
2000-01-07,36.375000,28.045841
2000-01-10,36.812500,28.383162
2000-01-11,36.531250,28.166313
2000-01-12,35.843750,27.636237
2000-01-13,34.437500,26.551990
2000-01-14,34.437500,26.551990
2000-01-18,33.562500,25.877348
2000-01-19,31.625000,24.383497
2000-01-20,28.937500,22.311382
2000-01-21,30.187500,23.275157
2000-01-24,30.437500,23.467911
2000-01-25,30.125000,23.226968
2000-01-26,30.125000,23.226968
2000-01-27,30.375000,23.419723
2000-01-28,29.500000,22.745081
2000-01-31,29.843750,23.010119
2000-02-01,30.000000,23.130590
2000-02-02,30.843750,23.781138
2000-02-03,30.843750,23.781138
2000-02-04,30.875000,23.805233
2000-02-07,30.562500,23.564289
2000-02-08,30.750000,23.708855
2000-02-09,30.562500,23.564289
2000-02-10,30.468750,23.492006
2000-02-11,29.937500,23.082402
2000-02-14,29.843750,23.010119
2000-02-15,30.187500,23.275157
2000-02-16,29.812500,22.986024
2000-02-17,29.656250,22.865552
2000-02-18,29.718750,22.913741
2000-02-22,29.750000,22.937835
2000-02-23,29.906250,23.058307
2000-02-24,30.187500,23.275157
2000-02-25,29.781250,22.961930
2000-02-28,30.468750,23.492006
2000-02-29,30.500000,23.516100
2000-03-01,29.562500,22.793269
2000-03-02,28.812500,22.215005
2000-03-03,29.500000,22.745081
2000-03-06,28.843750,22.239099
2000-03-07,28.156250,21.709023
2000-03-08,27.937500,21.665401
2000-03-09,26.937500,20.889906
2000-03-10,26.281250,20.380987
2000-03-13,26.343750,20.429456
2000-03-14,25.750000,19.969005
2000-03-15,27.406250,21.253419
2000-03-16,29.656250,22.998284
2000-03-17,30.000000,23.264860
2000-03-20,30.187500,23.410266
2000-03-21,29.968750,23.240626
2000-03-22,29.937500,23.216392
2000-03-23,30.812500,23.894950
2000-03-24,29.718750,23.046752
2000-03-27,28.937500,22.440897
2000-03-28,29.187500,22.634770
2000-03-29,29.218750,22.659005
2000-03-30,30.000000,23.264860
2000-03-31,30.437500,23.604140
2000-04-03,32.000000,24.815851
2000-04-04,32.187500,24.961256
2000-04-05,31.000000,24.040356
2000-04-06,31.000000,24.040356
2000-04-07,30.468750,23.628374
2000-04-10,30.562500,23.701077
2000-04-11,30.500000,23.652608
2000-04-12,31.937500,24.767383
2000-04-13,31.093750,24.113058
2000-04-14,29.687500,23.022518
2000-04-17,29.937500,23.216392
2000-04-18,29.281250,22.707473
2000-04-19,29.000000,22.489365
2000-04-20,29.406250,22.804410
2000-04-24,30.687500,23.798013
2000-04-25,32.031250,24.840085
2000-04-26,31.500000,24.428103
2000-04-27,31.281250,24.258464
2000-04-28,30.968750,24.016122
2000-05-01,31.718750,24.597743
2000-05-02,31.562500,24.476572
2000-05-03,31.062500,24.088824
2000-05-04,30.656250,23.773779
2000-05-05,31.125000,24.137293
2000-05-08,30.937500,23.991887
2000-05-09,30.531250,23.676842
2000-05-10,30.437500,23.604140
2000-05-11,31.625000,24.525040
2000-05-12,32.625000,25.300536
2000-05-15,32.500000,25.203599
2000-05-16,32.781250,25.421707
2000-05-17,32.562500,25.252067
2000-05-18,32.437500,25.155130
2000-05-19,31.281250,24.258464
2000-05-22,30.968750,24.016122
2000-05-23,31.156250,24.161527
2000-05-24,32.406250,25.130896
2000-05-25,32.531250,25.227833
2000-05-26,32.281250,25.033959
2000-05-30,31.875000,24.718914
2000-05-31,31.375000,24.331166
2000-06-01,31.000000,24.040356
2000-06-02,31.187500,24.185761
2000-06-05,31.062500,24.088824
2000-06-06,31.406250,24.355401
2000-06-07,30.187500,23.410266
2000-06-08,29.593750,22.949815
2000-06-09,29.437500,22.828644
2000-06-12,29.093750,22.562068
2000-06-13,29.187500,22.761905
2000-06-14,28.531250,22.250127
2000-06-15,28.687500,22.371979
2000-06-16,28.406250,22.152646
2000-06-19,27.531250,21.470276
2000-06-20,27.218750,21.226573
2000-06-21,26.968750,21.031610
2000-06-22,27.031250,21.080351
2000-06-23,27.875000,21.738350
2000-06-26,27.906250,21.762720
2000-06-27,28.093750,21.908942
2000-06-28,28.085938,21.902850
2000-06-29,27.593750,21.519017
2000-06-30,27.156250,21.177832
2000-07-03,27.750000,21.640869
2000-07-05,28.687500,22.371979
2000-07-06,29.250000,22.810645
2000-07-07,28.875000,22.518201
2000-07-10,28.843750,22.493831
2000-07-11,29.500000,23.005608
2000-07-12,30.093750,23.468645
2000-07-13,29.875000,23.298052
2000-07-14,29.843750,23.273682
2000-07-17,29.796875,23.237126
2000-07-18,29.531250,23.029978
2000-07-19,29.687500,23.151830
2000-07-20,29.937500,23.346793
2000-07-21,29.500000,23.005608
2000-07-24,29.750000,23.200571
2000-07-25,30.187500,23.541756
2000-07-26,28.875000,22.518201
2000-07-27,29.093750,22.688794
2000-07-28,28.656250,22.347609
2000-07-31,28.531250,22.250127
2000-08-01,28.593750,22.298868
2000-08-02,28.500000,22.225757
2000-08-03,28.843750,22.493831
2000-08-04,29.250000,22.810645
2000-08-07,29.687500,23.151830
2000-08-08,29.875000,23.298052
2000-08-09,29.656250,23.127460
2000-08-10,29.656250,23.127460
2000-08-11,30.000000,23.395534
2000-08-14,30.000000,23.395534
2000-08-15,29.593750,23.078719
2000-08-16,29.312500,22.859386
2000-08-17,29.750000,23.200571
2000-08-18,28.968750,22.591312
2000-08-21,29.093750,22.688794
2000-08-22,29.500000,23.005608
2000-08-23,28.750000,22.420720
2000-08-24,29.312500,22.859386
2000-08-25,28.968750,22.591312
2000-08-28,28.906250,22.542571
2000-08-29,28.843750,22.493831
2000-08-30,28.500000,22.225757
2000-08-31,28.039062,21.866294
2000-09-01,28.125000,21.933313
2000-09-05,28.031250,21.860202
2000-09-06,29.281250,22.835016
2000-09-07,28.937500,22.566942
2000-09-08,27.968750,21.811461
2000-09-11,27.593750,21.519017
2000-09-12,26.562500,20.714795
2000-09-13,26.031250,20.425455
2000-09-14,26.031250,20.425455
2000-09-15,24.218750,19.003275
2000-09-18,23.625000,18.537388
2000-09-19,23.093750,18.120542
2000-09-20,22.625000,17.752737
2000-09-21,23.093750,18.120542
2000-09-22,23.281250,18.267664
2000-09-25,23.437500,18.390266
2000-09-26,22.750000,17.850818
2000-09-27,22.437500,17.605614
2000-09-28,23.250000,18.243144
2000-09-29,23.093750,18.120542
2000-10-02,22.750000,17.850818
2000-10-03,23.593750,18.512868
2000-10-04,23.562500,18.488347
2000-10-05,23.656250,18.561908
2000-10-06,23.500000,18.439307
2000-10-09,23.281250,18.267664
2000-10-10,23.031250,18.071501
2000-10-11,23.656250,18.561908
2000-10-12,22.031250,17.286850
2000-10-13,22.531250,17.679176
2000-10-16,23.156250,18.169583
2000-10-17,22.500000,17.654655
2000-10-18,21.437500,16.820963
2000-10-19,21.687500,17.017126
2000-10-20,21.000000,16.477678
2000-10-23,21.531250,16.894524
2000-10-24,23.312500,18.292184
2000-10-25,23.062500,18.096022
2000-10-26,23.406250,18.365745
2000-10-27,23.562500,18.488347
2000-10-30,24.375000,19.125876
2000-10-31,25.218750,19.787926
2000-11-01,25.625000,20.106691
2000-11-02,25.625000,20.106691
2000-11-03,25.937500,20.351894
2000-11-06,26.125000,20.499016
2000-11-07,27.687500,21.725034
2000-11-08,27.218750,21.357229
2000-11-09,26.937500,21.136545
2000-11-10,26.750000,20.989423
2000-11-13,26.750000,20.989423
2000-11-14,26.875000,21.087505
2000-11-15,26.625000,20.891342
2000-11-16,26.718750,20.964903
2000-11-17,26.593750,20.866822
2000-11-20,26.343750,20.670659
2000-11-21,26.000000,20.400935
2000-11-22,25.406250,19.935048
2000-11-24,25.750000,20.204772
2000-11-27,25.656250,20.131211
2000-11-28,25.281250,19.836967
2000-11-29,25.000000,19.616284
2000-11-30,25.312500,19.861487
2000-12-01,24.500000,19.223958
2000-12-04,24.500000,19.223958
2000-12-05,24.312500,19.076836
2000-12-06,23.656250,18.561908
2000-12-07,23.406250,18.365745
2000-12-08,23.000000,18.046981
2000-12-11,23.406250,18.365745
2000-12-12,23.000000,18.046981
2000-12-13,22.343750,17.656803
2000-12-14,21.437500,16.940653
2000-12-15,20.718750,16.372671
2000-12-18,21.718750,17.162906
2000-12-19,21.906250,17.311075
2000-12-20,21.000000,16.594925
2000-12-21,21.156250,16.718399
2000-12-22,21.750000,17.187601
2000-12-26,22.218750,17.558023
2000-12-27,22.625000,17.879056
2000-12-28,22.718750,17.953140
2000-12-29,23.250000,18.372953
2001-01-02,23.500000,18.570511
2001-01-03,24.781250,19.582999
2001-01-04,25.875000,20.447318
2001-01-05,24.187500,19.113797
2001-01-08,24.156250,19.089103
2001-01-09,24.375000,19.261966
2001-01-10,24.375000,19.261966
2001-01-11,24.718750,19.533610
2001-01-12,24.312500,19.212577
2001-01-16,24.500000,19.360746
2001-01-17,23.968750,18.940934
2001-01-18,24.312500,19.212577
2001-01-19,24.312500,19.212577
2001-01-22,22.968750,18.150699
2001-01-23,23.562500,18.619901
2001-01-24,23.968750,18.940934
2001-01-25,24.187500,19.113797
2001-01-26,24.156250,19.089103
2001-01-29,24.535000,19.388404
2001-01-30,25.200001,19.913911
2001-01-31,25.500000,20.150980
2001-02-01,25.375000,20.052201
2001-02-02,25.004999,19.759813
2001-02-05,25.315001,20.004788
2001-02-06,25.674999,20.289270
2001-02-07,25.665001,20.281370
2001-02-08,25.680000,20.293222
2001-02-09,25.740000,20.340637
2001-02-12,26.209999,20.712046
2001-02-13,26.285000,20.771314
2001-02-14,25.900000,20.467074
2001-02-15,26.830000,21.201992
2001-02-16,26.545000,20.976775
2001-02-20,27.000000,21.336332
2001-02-21,26.750000,21.138773
2001-02-22,26.250000,20.743656
2001-02-23,25.945000,20.502635
2001-02-26,26.590000,21.012336
2001-02-27,27.370001,21.628720
2001-02-28,26.490000,20.933312
2001-03-01,26.125000,20.644877
2001-03-02,26.775000,21.158529
2001-03-05,27.315001,21.585257
2001-03-06,27.910000,22.055445
2001-03-07,28.775000,22.872167
2001-03-08,29.629999,23.551773
2001-03-09,29.559999,23.496133
2001-03-12,28.525000,22.673451
2001-03-13,28.200001,22.415121
2001-03-14,28.030001,22.279995
2001-03-15,28.485001,22.641657
2001-03-16,28.350000,22.534350
2001-03-19,28.915001,22.983448
2001-03-20,28.455000,22.617811
2001-03-21,27.395000,21.775256
2001-03-22,26.889999,21.373850
2001-03-23,26.980000,21.445389
2001-03-26,27.485001,21.846795
2001-03-27,28.400000,22.574093
2001-03-28,27.850000,22.136919
2001-03-29,28.215000,22.427044
2001-03-30,28.420000,22.589990
2001-04-02,28.424999,22.593964
2001-04-03,27.000000,21.461286
2001-04-04,27.730000,22.041535
2001-04-05,28.825001,22.911911
2001-04-06,28.490000,22.645631
2001-04-09,28.480000,22.637682
2001-04-10,28.375000,22.554222
2001-04-11,27.600000,21.938203
2001-04-12,27.635000,21.966023
2001-04-16,27.875000,22.156790
2001-04-17,28.299999,22.494606
2001-04-18,29.254999,23.253700
2001-04-19,28.379999,22.558195
2001-04-20,27.400000,21.779231
2001-04-23,27.070000,21.516926
2001-04-24,26.655001,21.187059
2001-04-25,26.775000,21.282442
2001-04-26,26.475000,21.043983
2001-04-27,27.014999,21.473208
2001-04-30,26.510000,21.071803
2001-05-01,26.975000,21.441414
2001-05-02,26.900000,21.381800
2001-05-03,27.184999,21.608335
2001-05-04,27.525000,21.878589
2001-05-07,27.165001,21.592439
2001-05-08,27.600000,21.938203
2001-05-09,27.275000,21.679873
2001-05-10,27.700001,22.017690
2001-05-11,27.520000,21.874614
2001-05-14,27.530001,21.882564
2001-05-15,27.950001,22.216406
2001-05-16,28.785000,22.880115
2001-05-17,29.030001,23.074857
2001-05-18,28.825001,22.911911
2001-05-21,28.754999,22.856269
2001-05-22,28.735001,22.840373
2001-05-23,28.969999,23.027164
2001-05-24,28.855000,22.935756
2001-05-25,28.674999,22.792680
2001-05-29,28.639999,22.764859
2001-05-30,28.325001,22.514479
2001-05-31,28.805000,22.896012
2001-06-01,28.850000,22.931781
2001-06-04,29.080000,23.114600
2001-06-05,29.945000,23.802156
2001-06-06,29.830000,23.710746
2001-06-07,29.945000,23.802156
2001-06-08,29.635000,23.555748
2001-06-11,29.389999,23.361006
2001-06-12,29.645000,23.563697
2001-06-13,29.299999,23.417834
2001-06-14,28.655001,22.902324
2001-06-15,28.500000,22.778440
2001-06-18,29.010000,23.186054
2001-06-19,28.500000,22.778440
2001-06-20,28.410000,22.706508
2001-06-21,29.240000,23.369880
2001-06-22,28.379999,22.682530
2001-06-25,28.170000,22.514690
2001-06-26,28.174999,22.518685
2001-06-27,28.250000,22.578629
2001-06-28,28.145000,22.494709
2001-06-29,27.520000,21.995182
2001-07-02,27.750000,22.179008
2001-07-03,27.969999,22.354840
2001-07-05,27.920000,22.314879
2001-07-06,27.440001,21.931243
2001-07-09,27.250000,21.779386
2001-07-10,26.985001,21.567587
2001-07-11,27.030001,21.603553
2001-07-12,27.725000,22.159026
2001-07-13,27.395000,21.895276
2001-07-16,26.745001,21.375769
2001-07-17,27.895000,22.294898
2001-07-18,27.495001,21.975201
2001-07-19,27.639999,22.091090
2001-07-20,27.490000,21.971204
2001-07-23,27.004999,21.583570
2001-07-24,26.764999,21.391752
2001-07-25,27.180000,21.723439
2001-07-26,27.129999,21.683476
2001-07-27,27.245001,21.775390
2001-07-30,27.434999,21.927245
2001-07-31,28.160000,22.506697
2001-08-01,28.084999,22.446753
2001-08-02,27.920000,22.314879
2001-08-03,28.200001,22.538668
2001-08-06,27.500000,21.979197
2001-08-07,28.450001,22.738479
2001-08-08,27.635000,22.087095
2001-08-09,27.535000,22.007170
2001-08-10,27.975000,22.358837
2001-08-13,27.725000,22.159026
2001-08-14,28.014999,22.390806
2001-08-15,27.969999,22.354840
2001-08-16,28.184999,22.526678
2001-08-17,27.625000,22.079102
2001-08-20,27.700001,22.139046
2001-08-21,27.490000,21.971204
2001-08-22,27.445000,21.935238
2001-08-23,27.250000,21.779386
2001-08-24,27.695000,22.135049
2001-08-27,27.355000,21.863306
2001-08-28,26.650000,21.299840
2001-08-29,26.535000,21.207927
2001-08-30,26.080000,20.844271
2001-08-31,26.195000,20.936184
2001-09-04,26.504999,21.183949
2001-09-05,26.190001,20.932188
2001-09-06,25.635000,20.488607
2001-09-07,24.715000,19.753303
2001-09-10,24.495001,19.577471
2001-09-17,21.995001,17.696762
2001-09-18,22.120001,17.797335
2001-09-19,21.445000,17.254242
2001-09-20,20.200001,16.252539
2001-09-21,19.250000,15.488186
2001-09-24,21.180000,17.041028
2001-09-25,21.500000,17.298494
2001-09-26,16.400000,13.195130
2001-09-27,16.400000,13.195130
2001-09-28,16.805000,13.520986
2001-10-01,16.990000,13.669833
2001-10-02,17.549999,14.120398
2001-10-03,17.885000,14.389933
2001-10-04,17.725000,14.261200
2001-10-05,17.635000,14.188788
2001-10-08,17.570000,14.136490
2001-10-09,17.070000,13.734200
2001-10-10,17.920000,14.418094
2001-10-11,18.525000,14.904865
2001-10-12,18.430000,14.828430
2001-10-15,18.584999,14.953139
2001-10-16,18.950001,15.246813
2001-10-17,17.940001,14.434186
2001-10-18,17.590000,14.152582
2001-10-19,17.245001,13.875002
2001-10-22,17.549999,14.120398
2001-10-23,17.440001,14.031895
2001-10-24,17.150000,13.798566
2001-10-25,16.934999,13.625580
2001-10-26,17.000000,13.677879
2001-10-29,16.580000,13.339955
2001-10-30,16.190001,13.026169
2001-10-31,15.825000,12.732496
2001-11-01,16.530001,13.299727
2001-11-02,16.950001,13.637651
2001-11-05,17.395000,13.995688
2001-11-06,17.889999,14.393955
2001-11-07,18.049999,14.522688
2001-11-08,18.855000,15.170377
2001-11-09,18.645000,15.001415
2001-11-12,18.575001,14.945095
2001-11-13,19.120001,15.383592
2001-11-14,19.395000,15.604851
2001-11-15,19.660000,15.818065
2001-11-16,19.795000,15.926683
2001-11-19,19.754999,15.894499
2001-11-20,19.665001,15.822088
2001-11-21,19.490000,15.681286
2001-11-23,19.764999,15.902545
2001-11-26,20.325001,16.353112
2001-11-27,20.174999,16.232423
2001-11-28,19.905001,16.015188
2001-11-29,19.875000,15.991050
2001-11-30,19.825001,15.950821
2001-12-03,19.600000,15.769790
2001-12-04,19.600000,15.769790
2001-12-05,19.980000,16.075531
2001-12-06,20.500000,16.493913
2001-12-07,20.334999,16.361156
2001-12-10,19.299999,15.528415
2001-12-11,19.325001,15.548531
2001-12-12,19.155001,15.542445
2001-12-13,18.905001,15.339594
2001-12-14,18.799999,15.254395
2001-12-17,18.950001,15.376107
2001-12-18,19.320000,15.676326
2001-12-19,19.475000,15.802094
2001-12-20,19.250000,15.619528
2001-12-21,19.485001,15.810209
2001-12-24,19.750000,16.025230
2001-12-26,20.055000,16.272708
2001-12-27,20.629999,16.739265
2001-12-28,21.200001,17.201767
2001-12-31,20.730000,16.820406
2002-01-02,21.254999,17.246392
2002-01-03,20.975000,17.019200
2002-01-04,21.915001,17.781920
2002-01-07,21.830000,17.712950
2002-01-08,21.639999,17.558783
2002-01-09,21.855000,17.733235
2002-01-10,21.709999,17.615581
2002-01-11,20.625000,16.735208
2002-01-14,20.315001,16.483674
2002-01-15,20.344999,16.508014
2002-01-16,19.629999,15.927861
2002-01-17,19.490000,15.814265
2002-01-18,19.495001,15.818323
2002-01-22,19.525000,15.842664
2002-01-23,19.525000,15.842664
2002-01-24,20.059999,16.276764
2002-01-25,20.690001,16.787950
2002-01-28,21.615000,17.538498
2002-01-29,21.934999,17.798147
2002-01-30,22.125000,17.952314
2002-01-31,22.915001,18.593324
2002-02-01,22.254999,18.057796
2002-02-04,21.475000,17.424902
2002-02-05,21.540001,17.477644
2002-02-06,22.065001,17.903631
2002-02-07,21.680000,17.591240
2002-02-08,21.840000,17.721064
2002-02-11,21.900000,17.769749
2002-02-12,21.670000,17.583126
2002-02-13,22.004999,17.854945
2002-02-14,21.940001,17.802205
2002-02-15,21.980000,17.834661
2002-02-19,21.799999,17.688607
2002-02-20,21.770000,17.664266
2002-02-21,22.775000,18.479727
2002-02-22,23.200001,18.824575
2002-02-25,24.120001,19.571066
2002-02-26,24.559999,19.928082
2002-02-27,23.875000,19.372272
2002-02-28,23.764999,19.283016
2002-03-01,24.209999,19.644091
2002-03-04,24.865000,20.175562
2002-03-05,24.764999,20.094420
2002-03-06,25.420000,20.625891
2002-03-07,25.350000,20.569092
2002-03-08,24.655001,20.005167
2002-03-11,24.965000,20.256702
2002-03-12,24.995001,20.281045
2002-03-13,24.415001,19.940067
2002-03-14,24.455000,19.972735
2002-03-15,24.355000,19.891063
2002-03-18,24.719999,20.189163
2002-03-19,25.370001,20.720028
2002-03-20,25.344999,20.699609
2002-03-21,25.150000,20.540351
2002-03-22,25.309999,20.671024
2002-03-25,24.910000,20.344339
2002-03-26,24.920000,20.352506
2002-03-27,25.165001,20.552602
2002-03-28,25.549999,20.867035
2002-04-01,25.145000,20.536267
2002-04-02,25.459999,20.793531
2002-04-03,24.780001,20.238167
2002-04-04,25.180000,20.564852
2002-04-05,25.125000,20.519933
2002-04-08,25.254999,20.626105
2002-04-09,25.469999,20.801698
2002-04-10,26.504999,21.646997
2002-04-11,26.285000,21.467321
2002-04-12,26.584999,21.712334
2002-04-15,26.045000,21.271309
2002-04-16,26.379999,21.544908
2002-04-17,26.000000,21.234557
2002-04-18,25.410000,20.752696
2002-04-19,25.170000,20.556685
2002-04-22,24.815001,20.266752
2002-04-23,24.870001,20.311672
2002-04-24,24.785000,20.242250
2002-04-25,25.010000,20.426011
2002-04-26,24.695000,20.168746
2002-04-29,24.295000,19.842060
2002-04-30,24.590000,20.082991
2002-05-01,24.705000,20.176913
2002-05-02,24.730000,20.197331
2002-05-03,24.605000,20.095242
2002-05-06,23.900000,19.519458
2002-05-07,24.299999,19.846143
2002-05-08,24.530001,20.033989
2002-05-09,24.674999,20.152411
2002-05-10,24.535000,20.038072
2002-05-13,24.305000,19.850228
2002-05-14,24.594999,20.087074
2002-05-15,24.395000,19.923732
2002-05-16,24.225000,19.784890
2002-05-17,24.260000,19.813475
2002-05-20,23.655001,19.319364
2002-05-21,23.385000,19.098851
2002-05-22,23.275000,19.009012
2002-05-23,23.514999,19.205023
2002-05-24,23.535000,19.221358
2002-05-28,23.395000,19.107018
2002-05-29,23.049999,18.825251
2002-05-30,23.360001,19.078434
2002-05-31,23.459999,19.160104
2002-06-03,23.215000,18.960010
2002-06-04,23.235001,18.976345
2002-06-05,23.660000,19.323447
2002-06-06,23.135000,18.894672
2002-06-07,23.325001,19.049849
2002-06-10,23.330000,19.053932
2002-06-11,23.055000,18.829335
2002-06-12,23.290001,19.156284
2002-06-13,22.764999,18.724464
2002-06-14,22.584999,18.576412
2002-06-17,22.924999,18.856066
2002-06-18,23.459999,19.296110
2002-06-19,23.295000,19.160396
2002-06-20,23.340000,19.197409
2002-06-21,22.795000,18.749141
2002-06-24,23.184999,19.069919
2002-06-25,22.934999,18.864291
2002-06-26,22.299999,18.341997
2002-06-27,23.170000,19.057582
2002-06-28,23.450001,19.287886
2002-07-01,22.905001,18.839618
2002-07-02,21.950001,18.054119
2002-07-03,21.590000,17.758015
2002-07-05,22.434999,18.453036
2002-07-08,21.834999,17.959529
2002-07-09,21.250000,17.478361
2002-07-10,20.375000,16.758664
2002-07-11,20.174999,16.594161
2002-07-12,19.855000,16.330958
2002-07-15,19.570000,16.096542
2002-07-16,19.549999,16.080091
2002-07-17,19.340000,15.907365
2002-07-18,19.719999,16.219918
2002-07-19,18.215000,14.982040
2002-07-22,18.205000,14.973815
2002-07-23,18.160000,14.936802
2002-07-24,18.475000,15.195893
2002-07-25,18.855000,15.508447
2002-07-26,18.559999,15.265805
2002-07-29,20.014999,16.462559
2002-07-30,20.014999,16.462559
2002-07-31,19.700001,16.203469
2002-08-01,19.415001,15.969054
2002-08-02,18.500000,15.216455
2002-08-05,17.764999,14.611909
2002-08-06,18.705000,15.385070
2002-08-07,19.230000,15.816888
2002-08-08,19.995001,16.446110
2002-08-09,19.885000,16.355633
2002-08-12,20.025000,16.470785
2002-08-13,19.344999,15.911476
2002-08-14,19.485001,16.026630
2002-08-15,19.825001,16.306283
2002-08-16,19.375000,15.936153
2002-08-19,19.980000,16.433772
2002-08-20,19.415001,15.969054
2002-08-21,19.705000,16.207581
2002-08-22,20.340000,16.729876
2002-08-23,19.885000,16.355633
2002-08-26,20.020000,16.466672
2002-08-27,20.020000,16.466672
2002-08-28,19.615000,16.133555
2002-08-29,19.375000,15.936153
2002-08-30,19.424999,15.977277
2002-09-03,18.629999,15.323381
2002-09-04,18.875000,15.524897
2002-09-05,18.389999,15.125978
2002-09-06,18.799999,15.463208
2002-09-09,19.090000,15.701737
2002-09-10,19.070000,15.685287
2002-09-11,19.020000,15.778614
2002-09-12,18.365000,15.235239
2002-09-13,18.150000,15.056880
2002-09-16,17.805000,14.770675
2002-09-17,17.815001,14.778971
2002-09-18,18.014999,14.944886
2002-09-19,17.670000,14.658681
2002-09-20,17.965000,14.903407
2002-09-23,17.500000,14.517653
2002-09-24,17.205000,14.272926
2002-09-25,17.980000,14.915851
2002-09-26,18.705000,15.517297
2002-09-27,17.415001,14.447139
2002-09-30,17.049999,14.144341
2002-10-01,18.385000,15.251831
2002-10-02,18.080000,14.998809
2002-10-03,17.500000,14.517653
2002-10-04,16.934999,14.048939
2002-10-07,16.545000,13.725404
2002-10-08,17.145000,14.223152
2002-10-09,16.245001,13.476530
2002-10-10,17.190001,14.260484
2002-10-11,18.090000,15.007105
2002-10-14,17.430000,14.459582
2002-10-15,19.240000,15.961122
2002-10-16,18.075001,14.994662
2002-10-17,19.385000,16.081411
2002-10-18,19.850000,16.467166
2002-10-21,20.700001,17.172310
2002-10-22,20.080000,16.657969
2002-10-23,20.735001,17.201345
2002-10-24,20.225000,16.778259
2002-10-25,20.410000,16.931731
2002-10-28,20.000000,16.591603
2002-10-29,20.014999,16.604046
2002-10-30,20.135000,16.703596
2002-10-31,20.500000,17.006393
2002-11-01,20.754999,17.217935
2002-11-04,20.555000,17.052020
2002-11-05,21.155001,17.549769
2002-11-06,22.459999,18.632369
2002-11-07,21.450001,17.794495
2002-11-08,21.415001,17.765460
2002-11-11,20.695000,17.168161
2002-11-12,21.200001,17.587100
2002-11-13,21.129999,17.529028
2002-11-14,21.295000,17.665909
2002-11-15,21.285000,17.657613
2002-11-18,20.760000,17.222084
2002-11-19,20.719999,17.188900
2002-11-20,21.090000,17.495845
2002-11-21,21.555000,17.881600
2002-11-22,21.709999,18.010184
2002-11-25,21.540001,17.869157
2002-11-26,20.965000,17.392148
2002-11-27,21.565001,17.889897
2002-11-29,21.549999,17.877451
2002-12-02,21.254999,17.632725
2002-12-03,21.040001,17.454367
2002-12-04,21.070000,17.479254
2002-12-05,20.844999,17.292597
2002-12-06,21.094999,17.499992
2002-12-09,20.520000,17.022985
2002-12-10,20.875000,17.317486
2002-12-11,21.094999,17.637289
2002-12-12,20.879999,17.457530
2002-12-13,20.410000,17.064569
2002-12-16,20.910000,17.482613
2002-12-17,21.190001,17.716719
2002-12-18,21.120001,17.658193
2002-12-19,21.105000,17.645650
2002-12-20,21.290001,17.800328
2002-12-23,21.315001,17.821230
2002-12-24,21.145000,17.679094
2002-12-26,21.325001,17.829591
2002-12-27,21.080000,17.624748
2002-12-30,21.459999,17.942461
2002-12-31,21.495001,17.971726
2003-01-02,22.450001,18.770190
2003-01-03,22.010000,18.402311
2003-01-06,22.725000,19.000114
2003-01-07,22.415001,18.740927
2003-01-08,21.750000,18.184928
2003-01-09,21.950001,18.352146
2003-01-10,22.094999,18.473377
2003-01-13,22.125000,18.498461
2003-01-14,22.315001,18.657318
2003-01-15,22.030001,18.419033
2003-01-16,21.924999,18.331242
2003-01-17,21.584999,18.046972
2003-01-21,20.995001,17.553681
2003-01-22,20.135000,16.834644
2003-01-23,19.780001,16.537834
2003-01-24,19.530001,16.328812
2003-01-27,18.985001,15.873143
2003-01-28,19.379999,16.203397
2003-01-29,19.184999,16.040359
2003-01-30,18.930000,15.827158
2003-01-31,19.280001,16.119789
2003-02-03,19.360001,16.186677
2003-02-04,19.370001,16.195037
2003-02-05,19.205000,16.057082
2003-02-06,19.235001,16.082166
2003-02-07,19.150000,16.011097
2003-02-10,19.195000,16.048721
2003-02-11,19.045000,15.923308
2003-02-12,18.950001,15.843880
2003-02-13,18.600000,15.551248
2003-02-14,18.690001,15.626497
2003-02-18,19.049999,15.927487
2003-02-19,18.879999,15.785352
2003-02-20,18.400000,15.384031
2003-02-21,18.695000,15.630677
2003-02-24,18.004999,15.053775
2003-02-25,18.170000,15.191730
2003-02-26,17.805000,14.886558
2003-02-27,18.110001,15.141566
2003-02-28,18.065001,15.103942
2003-03-03,18.059999,15.099760
2003-03-04,17.709999,14.807129
2003-03-05,17.549999,14.673355
2003-03-06,17.049999,14.255310
2003-03-07,17.010000,14.221867
2003-03-10,16.459999,13.762018
2003-03-11,16.225000,13.565538
2003-03-12,15.550000,13.132708
2003-03-13,16.580000,14.002591
2003-03-14,16.469999,13.909690
2003-03-17,17.365000,14.665561
2003-03-18,17.190001,14.517766
2003-03-19,16.700001,14.103938
2003-03-20,14.080000,11.891223
2003-03-21,14.275000,12.055910
2003-03-24,13.425000,11.338045
2003-03-25,14.230000,12.017905
2003-03-26,14.250000,12.034796
2003-03-27,14.285000,12.064355
2003-03-28,14.140000,11.941896
2003-03-31,13.730000,11.595632
2003-04-01,13.970000,11.798323
2003-04-02,14.700000,12.414842
2003-04-03,14.870000,12.558415
2003-04-04,14.865000,12.554193
2003-04-07,14.900000,12.583752
2003-04-08,14.645000,12.368392
2003-04-09,14.465000,12.216374
2003-04-10,14.310000,12.085469
2003-04-11,14.315000,12.089692
2003-04-14,14.625000,12.351501
2003-04-15,14.795000,12.495074
2003-04-16,14.430000,12.186815
2003-04-17,14.680000,12.397952
2003-04-21,14.685000,12.402174
2003-04-22,14.980000,12.651316
2003-04-23,14.915000,12.596420
2003-04-24,14.705000,12.419065
2003-04-25,14.500000,12.245933
2003-04-28,14.800000,12.499297
2003-04-29,14.825000,12.520411
2003-04-30,14.745000,12.452847
2003-05-01,14.840000,12.533079
2003-05-02,15.320000,12.938462
2003-05-05,15.435000,13.035585
2003-05-06,15.735000,13.288949
2003-05-07,15.665000,13.229830
2003-05-08,15.505000,13.094703
2003-05-09,15.845000,13.381849
2003-05-12,16.375000,13.829459
2003-05-13,16.254999,13.728112
2003-05-14,16.145000,13.635213
2003-05-15,16.340000,13.799900
2003-05-16,16.395000,13.846350
2003-05-19,15.910000,13.436744
2003-05-20,15.895000,13.424076
2003-05-21,16.014999,13.525421
2003-05-22,16.160000,13.647881
2003-05-23,17.004999,14.361523
2003-05-27,17.445000,14.733124
2003-05-28,17.174999,14.505096
2003-05-29,17.155001,14.488206
2003-05-30,17.424999,14.716233
2003-06-02,18.125000,15.307416
2003-06-03,18.270000,15.429876
2003-06-04,18.180000,15.353866
2003-06-05,18.120001,15.303194
2003-06-06,18.094999,15.282079
2003-06-09,17.945000,15.155398
2003-06-10,18.139999,15.320084
2003-06-11,18.655001,15.897438
2003-06-12,19.000000,16.191440
2003-06-13,18.760000,15.986916
2003-06-16,18.950001,16.148831
2003-06-17,19.065001,16.246832
2003-06-18,19.309999,16.455615
2003-06-19,19.184999,16.349092
2003-06-20,19.344999,16.485441
2003-06-23,19.200001,16.361877
2003-06-24,19.150000,16.319267
2003-06-25,19.145000,16.315006
2003-06-26,19.270000,16.421529
2003-06-27,19.184999,16.349092
2003-06-30,19.510000,16.626052
2003-07-01,19.420000,16.549356
2003-07-02,19.500000,16.617530
2003-07-03,19.360001,16.498226
2003-07-07,19.440001,16.566400
2003-07-08,19.795000,16.868924
2003-07-09,19.655001,16.749619
2003-07-10,19.365000,16.502486
2003-07-11,19.379999,16.515268
2003-07-14,19.139999,16.310744
2003-07-15,19.035000,16.221266
2003-07-16,19.549999,16.660138
2003-07-17,20.705000,17.644408
2003-07-18,20.775000,17.704061
2003-07-21,20.905001,17.814845
2003-07-22,21.555000,18.368762
2003-07-23,21.680000,18.475285
2003-07-24,21.309999,18.159977
2003-07-25,21.799999,18.577546
2003-07-28,21.885000,18.649982
2003-07-29,21.650000,18.449719
2003-07-30,21.510000,18.330414
2003-07-31,21.709999,18.500849
2003-08-01,21.580000,18.390067
2003-08-04,21.504999,18.326152
2003-08-05,21.030001,17.921368
2003-08-06,20.830000,17.750931
2003-08-07,20.580000,17.537886
2003-08-08,20.690001,17.631626
2003-08-11,20.895000,17.806323
2003-08-12,20.924999,17.831887
2003-08-13,21.105000,17.985281
2003-08-14,21.400000,18.236674
2003-08-15,21.299999,18.151455
2003-08-18,21.790001,18.569026
2003-08-19,22.155001,18.880072
2003-08-20,22.170000,18.892854
2003-08-21,22.410000,19.097377
2003-08-22,22.320000,19.020681
2003-08-25,22.235001,18.948246
2003-08-26,22.155001,18.880072
2003-08-27,21.969999,18.722416
2003-08-28,22.245001,18.956768
2003-08-29,22.500000,19.174073
2003-09-02,22.719999,19.361552
2003-09-03,22.764999,19.399900
2003-09-04,22.500000,19.174073
2003-09-05,21.910000,18.671286
2003-09-08,22.299999,19.003636
2003-09-09,21.945000,18.701113
2003-09-10,20.809999,17.866183
2003-09-11,21.049999,18.072233
2003-09-12,21.120001,18.132332
2003-09-15,21.030001,18.055063
2003-09-16,21.490000,18.449990
2003-09-17,21.600000,18.544430
2003-09-18,21.885000,18.789113
2003-09-19,21.850000,18.759064
2003-09-22,20.825001,17.879063
2003-09-23,21.045000,18.067941
2003-09-24,20.555000,17.647257
2003-09-25,20.344999,17.466963
2003-09-26,20.049999,17.213694
2003-09-29,20.010000,17.179353
2003-09-30,19.725000,16.934670
2003-10-01,20.500000,17.600037
2003-10-02,20.245001,17.381111
2003-10-03,20.400000,17.514183
2003-10-06,20.764999,17.827549
2003-10-07,20.860001,17.909112
2003-10-08,21.945000,18.840625
2003-10-09,21.344999,18.325501
2003-10-10,22.020000,18.905016
2003-10-13,22.570000,19.377212
2003-10-14,22.870001,19.634774
2003-10-15,23.254999,19.965310
2003-10-16,23.575001,20.240044
2003-10-17,23.465000,20.145604
2003-10-20,23.555000,20.222872
2003-10-21,23.580000,20.244336
2003-10-22,23.430000,20.115555
2003-10-23,23.575001,20.240044
2003-10-24,23.549999,20.218579
2003-10-27,23.879999,20.501896
2003-10-28,24.389999,20.939751
2003-10-29,24.610001,21.128631
2003-10-30,24.995001,21.459168
2003-10-31,24.844999,21.330386
2003-11-03,25.290001,21.712437
2003-11-04,25.235001,21.665217
2003-11-05,25.035000,21.493509
2003-11-06,25.264999,21.690972
2003-11-07,25.059999,21.514972
2003-11-10,24.850000,21.334679
2003-11-11,24.500000,21.034191
2003-11-12,25.065001,21.519266
2003-11-13,24.795000,21.287460
2003-11-14,24.645000,21.158679
2003-11-17,24.325001,20.883948
2003-11-18,23.990000,20.596336
2003-11-19,24.525000,21.055654
2003-11-20,24.535000,21.064240
2003-11-21,24.565001,21.089997
2003-11-24,24.650000,21.162972
2003-11-25,24.870001,21.351851
2003-11-26,24.875000,21.356143
2003-11-28,24.920000,21.394777
2003-12-01,25.325001,21.742486
2003-12-02,25.290001,21.712437
2003-12-03,25.545000,21.931364
2003-12-04,25.879999,22.218973
2003-12-05,25.575001,21.957121
2003-12-08,26.975000,23.159073
2003-12-09,26.709999,22.931560
2003-12-10,26.195000,22.627074
2003-12-11,26.959999,23.287875
2003-12-12,27.045000,23.361298
2003-12-15,26.965000,23.292195
2003-12-16,26.934999,23.266280
2003-12-17,28.195000,24.354661
2003-12-18,28.565001,24.674265
2003-12-19,28.490000,24.609480
2003-12-22,28.445000,24.570609
2003-12-23,28.445000,24.570609
2003-12-24,28.240000,24.393531
2003-12-26,28.379999,24.514462
2003-12-29,28.850000,24.920446
2003-12-30,28.625000,24.726092
2003-12-31,28.530001,24.644032
2004-01-02,28.594999,24.700177
2004-01-05,28.559999,24.669945
2004-01-06,28.245001,24.397851
2004-01-07,28.490000,24.609480
2004-01-08,29.139999,25.170945
2004-01-09,29.000000,25.050015
2004-01-12,28.665001,24.760645
2004-01-13,28.955000,25.011144
2004-01-14,28.834999,24.907488
2004-01-15,28.844999,24.916126
2004-01-16,28.945000,25.002506
2004-01-20,28.469999,24.592203
2004-01-21,28.920000,24.980911
2004-01-22,28.820000,24.894532
2004-01-23,28.250000,24.402169
2004-01-26,28.264999,24.415125
2004-01-27,27.750000,23.970273
2004-01-28,27.290001,23.572928
2004-01-29,26.805000,23.153988
2004-01-30,26.639999,23.011461
2004-02-02,26.910000,23.244686
2004-02-03,26.719999,23.080564
2004-02-04,26.725000,23.084884
2004-02-05,27.190001,23.486549
2004-02-06,27.754999,23.974591
2004-02-09,27.545000,23.793195
2004-02-10,27.410000,23.676583
2004-02-11,28.120001,24.289877
2004-02-12,28.520000,24.635394
2004-02-13,27.950001,24.143032
2004-02-17,28.264999,24.415125
2004-02-18,27.985001,24.173265
2004-02-19,27.905001,24.104161
2004-02-20,27.719999,23.944358
2004-02-23,27.340000,23.616117
2004-02-24,27.145000,23.447677
2004-02-25,27.355000,23.629074
2004-02-26,27.290001,23.572928
2004-02-27,27.670000,23.901169
2004-03-01,28.205000,24.363299
2004-03-02,27.995001,24.181903
2004-03-03,28.070000,24.246687
2004-03-04,28.190001,24.350343
2004-03-05,28.100000,24.272600
2004-03-08,27.809999,24.022099
2004-03-09,27.555000,23.801833
2004-03-10,26.700001,23.200108
2004-03-11,26.014999,22.604898
2004-03-12,26.790001,23.278311
2004-03-15,25.895000,22.500628
2004-03-16,26.030001,22.617933
2004-03-17,26.690001,23.191419
2004-03-18,27.070000,23.521607
2004-03-19,26.555000,23.074114
2004-03-22,26.049999,22.635310
2004-03-23,25.820000,22.435459
2004-03-24,25.420000,22.087892
2004-03-25,26.075001,22.657034
2004-03-26,26.350000,22.895986
2004-03-29,26.830000,23.313067
2004-03-30,26.629999,23.139282
2004-03-31,26.575001,23.091493
2004-04-01,26.490000,23.017634
2004-04-02,26.924999,23.395613
2004-04-05,27.174999,23.612842
2004-04-06,27.065001,23.517263
2004-04-07,26.465000,22.995912
2004-04-08,26.285000,22.839506
2004-04-12,26.715000,23.213141
2004-04-13,26.225000,22.787371
2004-04-14,26.455000,22.987222
2004-04-15,26.325001,22.874264
2004-04-16,26.700001,23.200108
2004-04-19,26.584999,23.100181
2004-04-20,26.975000,23.439060
2004-04-21,27.450001,23.851796
2004-04-22,28.955000,25.159517
2004-04-23,28.750000,24.981389
2004-04-26,29.025000,25.220341
2004-04-27,28.975000,25.176895
2004-04-28,28.475000,24.742436
2004-04-29,28.070000,24.390525
2004-04-30,27.590000,23.973444
2004-05-03,27.795000,24.151572
2004-05-04,27.764999,24.125504
2004-05-05,27.674999,24.047301
2004-05-06,27.415001,23.821384
2004-05-07,26.940001,23.408648
2004-05-10,26.615000,23.126249
2004-05-11,26.695000,23.195763
2004-05-12,26.705000,23.204452
2004-05-13,26.719999,23.217485
2004-05-14,26.715000,23.213141
2004-05-17,26.270000,22.826473
2004-05-18,26.500000,23.026324
2004-05-19,26.475000,23.004601
2004-05-20,26.315001,22.865575
2004-05-21,26.500000,23.026324
2004-05-24,26.504999,23.030667
2004-05-25,26.840000,23.321756
2004-05-26,27.264999,23.691045
2004-05-27,27.485001,23.882209
2004-05-28,27.325001,23.743182
2004-06-01,27.639999,24.016889
2004-06-02,28.075001,24.394870
2004-06-03,27.795000,24.151572
2004-06-04,27.915001,24.255843
2004-06-07,28.445000,24.716369
2004-06-08,28.650000,24.894497
2004-06-09,28.334999,24.761230
2004-06-10,28.395000,24.813664
2004-06-14,27.985001,24.455376
2004-06-15,28.160000,24.608303
2004-06-16,28.190001,24.634520
2004-06-17,28.639999,25.027762
2004-06-18,29.650000,25.910376
2004-06-21,29.594999,25.862312
2004-06-22,29.715000,25.967178
2004-06-23,29.615000,25.879790
2004-06-24,29.325001,25.626368
2004-06-25,29.400000,25.691907
2004-06-28,28.990000,25.333619
2004-06-29,29.549999,25.822988
2004-06-30,29.674999,25.932222
2004-07-01,29.215000,25.530241
2004-07-02,29.045000,25.381682
2004-07-06,28.834999,25.198168
2004-07-07,29.120001,25.447223
2004-07-08,28.690001,25.071458
2004-07-09,28.950001,25.298665
2004-07-12,29.065001,25.399160
2004-07-13,29.165001,25.486548
2004-07-14,28.830000,25.193799
2004-07-15,28.844999,25.206906
2004-07-16,28.950001,25.298665
2004-07-19,28.725000,25.102042
2004-07-20,28.915001,25.268079
2004-07-21,28.834999,25.198168
2004-07-22,29.340000,25.639475
2004-07-23,29.795000,26.037088
2004-07-26,30.360001,26.530828
2004-07-27,30.674999,26.806096
2004-07-28,30.459999,26.618213
2004-07-29,30.805000,26.919701
2004-07-30,30.650000,26.784250
2004-08-02,31.150000,27.221188
2004-08-03,31.254999,27.312944
2004-08-04,31.684999,27.688710
2004-08-05,31.014999,27.103214
2004-08-06,30.660000,26.792989
2004-08-09,30.475000,26.631322
2004-08-10,31.030001,27.116324
2004-08-11,31.200001,27.264882
2004-08-12,30.850000,26.959025
2004-08-13,30.895000,26.998350
2004-08-16,31.549999,27.570737
2004-08-17,31.465000,27.496458
2004-08-18,31.750000,27.745512
2004-08-19,31.434999,27.470241
2004-08-20,31.665001,27.671234
2004-08-23,31.850000,27.832900
2004-08-24,32.125000,28.073215
2004-08-25,32.660000,28.540738
2004-08-26,32.224998,28.160601
2004-08-27,32.220001,28.156234
2004-08-30,31.905001,27.880964
2004-08-31,31.745001,27.741144
2004-09-01,31.695000,27.697449
2004-09-02,32.075001,28.029522
2004-09-03,31.905001,27.880964
2004-09-07,32.080002,28.033893
2004-09-08,32.009998,28.115134
2004-09-09,31.945000,28.058045
2004-09-10,31.625000,27.776981
2004-09-13,31.625000,27.776981
2004-09-14,31.379999,27.561791
2004-09-15,31.500000,27.667191
2004-09-16,31.745001,27.882381
2004-09-17,31.625000,27.776981
2004-09-20,31.309999,27.500308
2004-09-21,31.565001,27.724283
2004-09-22,31.200001,27.403695
2004-09-23,30.650000,26.920616
2004-09-24,30.740000,26.999665
2004-09-27,30.639999,26.911832
2004-09-28,31.465000,27.636449
2004-09-29,31.700001,27.842856
2004-09-30,32.134998,28.224924
2004-10-01,32.735001,28.751921
2004-10-04,32.764999,28.778269
2004-10-05,32.369999,28.431331
2004-10-06,32.665001,28.690439
2004-10-07,32.275002,28.347893
2004-10-08,32.185001,28.268843
2004-10-11,32.520000,28.563081
2004-10-12,32.424999,28.479639
2004-10-13,31.830000,27.957038
2004-10-14,31.520000,27.684757
2004-10-15,31.545000,27.706715
2004-10-18,31.780001,27.913122
2004-10-19,32.424999,28.479639
2004-10-20,32.200001,28.282018
2004-10-21,33.505001,29.428230
2004-10-22,33.105000,29.076900
2004-10-25,33.634998,29.542410
2004-10-26,33.950001,29.819084
2004-10-27,34.404999,30.218720
2004-10-28,34.275002,30.104540
2004-10-29,34.075001,29.928875
2004-11-01,34.250000,30.082580
2004-11-02,34.174999,30.016705
2004-11-03,34.595001,30.385603
2004-11-04,35.224998,30.938944
2004-11-05,35.514999,31.193659
2004-11-08,35.369999,31.066302
2004-11-09,35.345001,31.044346
2004-11-10,35.400002,31.092654
2004-11-11,35.759998,31.408847
2004-11-12,35.750000,31.400066
2004-11-15,35.560001,31.233185
2004-11-16,35.450001,31.136570
2004-11-17,36.044998,31.659169
2004-11-18,36.130001,31.733830
2004-11-19,36.125000,31.729437
2004-11-22,36.285000,31.869969
2004-11-23,36.505001,32.063201
2004-11-24,36.639999,32.181773
2004-11-26,36.570000,32.120291
2004-11-29,36.500000,32.058808
2004-11-30,36.310001,31.891928
2004-12-01,37.314999,32.774641
2004-12-02,37.285000,32.748292
2004-12-03,36.869999,32.383787
2004-12-06,36.555000,32.107116
2004-12-07,35.950001,31.575731
2004-12-08,36.369999,32.100888
2004-12-09,36.389999,32.118541
2004-12-10,36.570000,32.277413
2004-12-13,36.799999,32.480415
2004-12-14,36.875000,32.546612
2004-12-15,36.849998,32.524545
2004-12-16,36.419998,32.145019
2004-12-17,36.180000,31.933192
2004-12-20,36.570000,32.277413
2004-12-21,36.744999,32.431871
2004-12-22,36.674999,32.370088
2004-12-23,36.785000,32.467177
2004-12-27,36.794998,32.476001
2004-12-28,36.830002,32.506896
2004-12-29,36.875000,32.546612
2004-12-30,36.750000,32.436285
2004-12-31,36.900002,32.568680
2005-01-03,36.160000,31.915539
2005-01-04,35.400002,31.244750
2005-01-05,35.500000,31.333010
2005-01-06,35.070000,30.953483
2005-01-07,35.009998,30.900524
2005-01-10,35.145000,31.019680
2005-01-11,35.115002,30.993203
2005-01-12,35.814999,31.611034
2005-01-13,35.689999,31.500707
2005-01-14,36.009998,31.783144
2005-01-18,36.090000,31.853756
2005-01-19,35.490002,31.324185
2005-01-20,35.130001,31.006441
2005-01-21,34.625000,30.560717
2005-01-24,34.305000,30.278279
2005-01-25,34.375000,30.340062
2005-01-26,35.040001,30.927006
2005-01-27,35.580002,31.403621
2005-01-28,35.325001,31.178552
2005-01-31,35.990002,31.765495
2005-02-01,36.150002,31.906715
2005-02-02,36.724998,32.414218
2005-02-03,36.575001,32.281827
2005-02-04,37.250000,32.877595
2005-02-07,37.205002,32.837879
2005-02-08,37.474998,33.076183
2005-02-09,37.125000,32.767267
2005-02-10,37.075001,32.723137
2005-02-11,37.474998,33.076183
2005-02-14,37.415001,33.023228
2005-02-15,37.735001,33.305667
2005-02-16,38.445000,33.932326
2005-02-17,38.275002,33.782282
2005-02-18,38.674999,34.135328
2005-02-22,38.250000,33.760215
2005-02-23,38.320000,33.821998
2005-02-24,38.759998,34.210349
2005-02-25,39.380001,34.757576
2005-02-28,38.674999,34.135328
2005-03-01,39.165001,34.567813
2005-03-02,39.674999,35.017948
2005-03-03,39.395000,34.770815
2005-03-04,39.900002,35.216540
2005-03-07,40.025002,35.326867
2005-03-08,39.759998,35.092969
2005-03-09,38.840000,34.432512
2005-03-10,38.845001,34.436946
2005-03-11,38.689999,34.299533
2005-03-14,38.965000,34.543328
2005-03-15,38.955002,34.534464
2005-03-16,38.950001,34.530031
2005-03-17,38.115002,33.789786
2005-03-18,37.715000,33.435175
2005-03-21,37.930000,33.625777
2005-03-22,37.990002,33.678970
2005-03-23,37.639999,33.368685
2005-03-24,37.880001,33.581452
2005-03-28,37.384998,33.142621
2005-03-29,35.904999,31.830569
2005-03-30,37.310001,33.076135
2005-03-31,37.310001,33.076135
2005-04-01,37.790001,33.501665
2005-04-04,37.730000,33.448473
2005-04-05,37.775002,33.488368
2005-04-06,37.990002,33.678970
2005-04-07,38.500000,34.131095
2005-04-08,38.435001,34.073472
2005-04-11,38.000000,33.687834
2005-04-12,38.224998,33.887300
2005-04-13,37.595001,33.328793
2005-04-14,36.889999,32.703794
2005-04-15,35.779999,31.719754
2005-04-18,35.660000,31.613372
2005-04-19,35.915001,31.839436
2005-04-20,35.555000,31.520288
2005-04-21,38.005001,33.692267
2005-04-22,37.375000,33.133758
2005-04-25,38.160000,33.829677
2005-04-26,37.764999,33.479500
2005-04-27,37.410000,33.164786
2005-04-28,37.090000,32.881099
2005-04-29,37.674999,33.399713
2005-05-02,37.645000,33.373119
2005-05-03,38.049999,33.732159
2005-05-04,38.634998,34.250774
2005-05-05,38.560001,34.184287
2005-05-06,38.950001,34.530031
2005-05-09,38.880001,34.467974
2005-05-10,38.525002,34.153260
2005-05-11,38.380001,34.024713
2005-05-12,37.705002,33.426312
2005-05-13,37.494999,33.240139
2005-05-16,37.825001,33.532693
2005-05-17,37.875000,33.577019
2005-05-18,38.880001,34.467974
2005-05-19,39.150002,34.707336
2005-05-20,39.064999,34.631979
2005-05-23,39.075001,34.640846
2005-05-24,38.930000,34.512299
2005-05-25,38.450001,34.086770
2005-05-26,38.900002,34.485705
2005-05-27,38.985001,34.561059
2005-05-31,38.645000,34.259641
2005-06-01,38.825001,34.419215
2005-06-02,39.000000,34.574356
2005-06-03,38.744999,34.348292
2005-06-06,38.619999,34.237477
2005-06-07,38.410000,34.051308
2005-06-08,38.305000,34.113648
2005-06-09,38.720001,34.483240
2005-06-10,38.639999,34.411992
2005-06-13,38.720001,34.483240
2005-06-14,38.230000,34.046855
2005-06-15,38.049999,33.886550
2005-06-16,37.974998,33.819755
2005-06-17,38.044998,33.882096
2005-06-20,38.189999,34.011231
2005-06-21,38.290001,34.100291
2005-06-22,38.435001,34.229425
2005-06-23,38.044998,33.882096
2005-06-24,37.400002,33.307676
2005-06-27,37.785000,33.650547
2005-06-28,38.099998,33.931078
2005-06-29,38.150002,33.975610
2005-06-30,37.924999,33.775227
2005-07-01,38.200001,34.020138
2005-07-05,38.310001,34.118102
2005-07-06,38.025002,33.864288
2005-07-07,37.695000,33.570395
2005-07-08,38.625000,34.398634
2005-07-11,38.544998,34.327386
2005-07-12,38.480000,34.269500
2005-07-13,38.599998,34.376368
2005-07-14,39.000000,34.732601
2005-07-15,38.500000,34.287311
2005-07-18,38.445000,34.238330
2005-07-19,38.814999,34.567843
2005-07-20,39.400002,35.088835
2005-07-21,38.500000,34.287311
2005-07-22,38.610001,34.385276
2005-07-25,37.945000,33.793040
2005-07-26,37.430000,33.334391
2005-07-27,37.540001,33.432356
2005-07-28,37.555000,33.445714
2005-07-29,37.084999,33.027141
2005-08-01,37.650002,33.530321
2005-08-02,37.205002,33.134013
2005-08-03,37.250000,33.174087
2005-08-04,37.130001,33.067218
2005-08-05,37.044998,32.991516
2005-08-08,37.195000,33.125105
2005-08-09,37.450001,33.352204
2005-08-10,37.299999,33.218615
2005-08-11,36.955002,32.911368
2005-08-12,36.830002,32.800045
2005-08-15,36.889999,32.853478
2005-08-16,36.680000,32.666457
2005-08-17,36.869999,32.835666
2005-08-18,36.730000,32.710986
2005-08-19,36.724998,32.706531
2005-08-22,36.654999,32.644191
2005-08-23,36.855000,32.822308
2005-08-24,36.375000,32.394830
2005-08-25,36.049999,32.105391
2005-08-26,35.500000,31.615573
2005-08-29,35.560001,31.669009
2005-08-30,34.970001,31.143567
2005-08-31,35.650002,31.749162
2005-09-01,35.825001,31.905012
2005-09-02,35.764999,31.851576
2005-09-06,35.860001,31.936182
2005-09-07,36.474998,32.643188
2005-09-08,35.744999,31.989877
2005-09-09,35.820000,32.056999
2005-09-12,35.950001,32.173343
2005-09-13,35.465000,31.739293
2005-09-14,35.250000,31.546880
2005-09-15,35.165001,31.470810
2005-09-16,35.330002,31.618477
2005-09-19,34.174999,30.584811
2005-09-20,33.575001,30.047844
2005-09-21,32.930000,29.470603
2005-09-22,32.924999,29.466127
2005-09-23,33.615002,30.083643
2005-09-26,33.674999,30.137337
2005-09-27,34.380001,30.768277
2005-09-28,34.360001,30.750378
2005-09-29,35.014999,31.336566
2005-09-30,35.860001,32.092798
2005-10-03,35.654999,31.909332
2005-10-04,35.174999,31.479758
2005-10-05,34.500000,30.875669
2005-10-06,34.700001,31.054660
2005-10-07,35.060001,31.376841
2005-10-10,34.750000,31.099406
2005-10-11,35.040001,31.358942
2005-10-12,35.040001,31.358942
2005-10-13,35.014999,31.336566
2005-10-14,35.419998,31.699019
2005-10-17,35.700001,31.949607
2005-10-18,35.090000,31.403688
2005-10-19,35.419998,31.699019
2005-10-20,36.494999,32.661088
2005-10-21,36.169998,32.370229
2005-10-24,36.514999,32.678987
2005-10-25,36.250000,32.441827
2005-10-26,36.070000,32.280736
2005-10-27,35.040001,31.358942
2005-10-28,35.494999,31.766141
2005-10-31,36.020000,32.235989
2005-11-01,35.919998,32.146492
2005-11-02,36.075001,32.285212
2005-11-03,37.029999,33.139884
2005-11-04,36.799999,32.934046
2005-11-07,37.220001,33.309926
2005-11-08,37.575001,33.627632
2005-11-09,36.855000,32.983269
2005-11-10,37.334999,33.412843
2005-11-11,37.275002,33.359149
2005-11-14,37.305000,33.385996
2005-11-15,37.625000,33.672379
2005-11-16,38.150002,34.142227
2005-11-17,38.575001,34.522579
2005-11-18,38.505001,34.459933
2005-11-21,38.380001,34.348064
2005-11-22,38.674999,34.612072
2005-11-23,38.884998,34.800010
2005-11-25,39.180000,35.064021
2005-11-28,38.974998,34.880555
2005-11-29,39.615002,35.453325
2005-11-30,39.450001,35.305658
2005-12-01,40.000000,35.797878
2005-12-02,39.869999,35.681534
2005-12-05,39.345001,35.211688
2005-12-06,39.209999,35.090869
2005-12-07,38.724998,34.812190
2005-12-08,38.674999,34.767243
2005-12-09,39.055000,35.108849
2005-12-12,38.480000,34.591947
2005-12-13,38.660000,34.753760
2005-12-14,38.830002,34.906585
2005-12-15,38.689999,34.780728
2005-12-16,38.650002,34.744772
2005-12-19,38.014999,34.173930
2005-12-20,38.849998,34.924560
2005-12-21,38.764999,34.848150
2005-12-22,38.895000,34.965015
2005-12-23,38.904999,34.974004
2005-12-27,38.549999,34.654873
2005-12-28,38.849998,34.924560
2005-12-29,38.764999,34.848150
2005-12-30,38.490002,34.600939
2006-01-03,38.750000,34.834666
2006-01-04,38.744999,34.830170
2006-01-05,38.660000,34.753760
2006-01-06,38.790001,34.870625
2006-01-09,38.990002,35.050418
2006-01-10,39.080002,35.131324
2006-01-11,38.735001,34.821183
2006-01-12,38.535000,34.641390
2006-01-13,39.250000,35.284146
2006-01-17,39.025002,35.081882
2006-01-18,38.654999,34.749264
2006-01-19,38.625000,34.722296
2006-01-20,38.400002,34.520032
2006-01-23,37.880001,34.052573
2006-01-24,38.220001,34.358219
2006-01-25,37.974998,34.137971
2006-01-26,41.820000,37.594471
2006-01-27,41.305000,37.131507
2006-01-30,42.000000,37.756283
2006-01-31,42.230000,37.963044
2006-02-01,42.505001,38.210259
2006-02-02,41.389999,37.207917
2006-02-03,41.750000,37.531543
2006-02-06,41.740002,37.522556
2006-02-07,41.500000,37.306804
2006-02-08,41.119999,36.965198
2006-02-09,41.400002,37.216910
2006-02-10,41.400002,37.216910
2006-02-13,41.180000,37.019137
2006-02-14,41.939999,37.702345
2006-02-15,42.044998,37.796735
2006-02-16,42.389999,38.106876
2006-02-17,43.264999,38.893466
2006-02-21,42.584999,38.282173
2006-02-22,43.040001,38.691202
2006-02-23,43.724998,39.306986
2006-02-24,44.570000,40.066608
2006-02-27,44.580002,40.075600
2006-02-28,44.055000,39.603644
2006-03-01,43.990002,39.545214
2006-03-02,43.950001,39.509254
2006-03-03,43.994999,39.549706
2006-03-06,43.805000,39.378904
2006-03-07,44.029999,39.581169
2006-03-08,43.830002,39.575529
2006-03-09,44.525002,40.203067
2006-03-10,44.915001,40.555210
2006-03-13,44.715000,40.374622
2006-03-14,45.310001,40.911868
2006-03-15,45.755001,41.313673
2006-03-16,46.224998,41.738048
2006-03-17,46.695000,42.162428
2006-03-20,46.755001,42.216605
2006-03-21,46.529999,42.013444
2006-03-22,47.150002,42.573264
2006-03-23,47.150002,42.573264
2006-03-24,47.200001,42.618410
2006-03-27,46.299999,41.805769
2006-03-28,46.209999,41.724505
2006-03-29,47.025002,42.460398
2006-03-30,47.165001,42.586807
2006-03-31,46.695000,42.162428
2006-04-03,47.049999,42.482968
2006-04-04,46.674999,42.144369
2006-04-05,46.650002,42.121798
2006-04-06,46.224998,41.738048
2006-04-07,45.994999,41.530375
2006-04-10,45.775002,41.331732
2006-04-11,45.310001,40.911868
2006-04-12,45.320000,40.920896
2006-04-13,45.220001,40.830604
2006-04-17,45.220001,40.830604
2006-04-18,47.044998,42.478453
2006-04-19,47.494999,42.884773
2006-04-20,46.744999,42.207574
2006-04-21,45.009998,40.640985
2006-04-24,45.639999,41.209834
2006-04-25,45.125000,40.744824
2006-04-26,45.235001,40.844148
2006-04-27,45.535000,41.115027
2006-04-28,44.974998,40.609383
2006-05-01,44.935001,40.573268
2006-05-02,45.700001,41.264011
2006-05-03,46.064999,41.593580
2006-05-04,47.084999,42.514571
2006-05-05,47.705002,43.074392
2006-05-08,48.485001,43.778678
2006-05-09,48.825001,44.085675
2006-05-10,49.049999,44.288833
2006-05-11,49.049999,44.288833
2006-05-12,48.244999,43.561973
2006-05-15,47.875000,43.227888
2006-05-16,48.005001,43.345271
2006-05-17,46.740002,42.203062
2006-05-18,46.169998,41.688387
2006-05-19,45.799999,41.354303
2006-05-22,44.950001,40.586812
2006-05-23,45.000000,40.631958
2006-05-24,45.009998,40.640985
2006-05-25,46.505001,41.990872
2006-05-26,46.345001,41.846403
2006-05-30,46.014999,41.548433
2006-05-31,45.465000,41.051821
2006-06-01,47.084999,42.514571
2006-06-02,47.105000,42.532631
2006-06-05,45.029999,40.659045
2006-06-06,44.570000,40.243697
2006-06-07,45.075001,40.877377
2006-06-08,43.759998,39.684834
2006-06-09,43.230000,39.204192
2006-06-12,42.200001,38.270112
2006-06-13,41.255001,37.413115
2006-06-14,42.070000,38.152217
2006-06-15,43.514999,39.462650
2006-06-16,42.869999,38.877716
2006-06-19,43.334999,39.299413
2006-06-20,43.389999,39.349291
2006-06-21,44.169998,40.056652
2006-06-22,43.779999,39.702972
2006-06-23,43.509998,39.458115
2006-06-26,44.090000,39.984104
2006-06-27,43.474998,39.426374
2006-06-28,44.130001,40.020380
2006-06-29,45.869999,41.598340
2006-06-30,46.090000,41.797853
2006-07-03,46.310001,41.997367
2006-07-05,46.099998,41.806920
2006-07-06,46.564999,42.228618
2006-07-07,45.755001,41.494051
2006-07-10,45.840000,41.571135
2006-07-11,46.084999,41.793318
2006-07-12,45.875000,41.602875
2006-07-13,44.799999,40.627984
2006-07-14,43.575001,39.517065
2006-07-17,43.330002,39.294881
2006-07-18,43.000000,38.995611
2006-07-19,44.799999,40.627984
2006-07-20,44.650002,40.491956
2006-07-21,43.665001,39.598683
2006-07-24,44.560001,40.410336
2006-07-25,45.915001,41.639151
2006-07-26,45.625000,41.376157
2006-07-27,44.959999,40.773084
2006-07-28,45.395000,41.167575
2006-07-31,44.955002,40.768552
2006-08-01,44.779999,40.609847
2006-08-02,45.084999,40.886443
2006-08-03,45.000000,40.809360
2006-08-04,44.865002,40.686934
2006-08-07,44.389999,40.256166
2006-08-08,44.095001,39.988639
2006-08-09,43.044998,39.036418
2006-08-10,43.490002,39.439981
2006-08-11,43.250000,39.222329
2006-08-14,43.590000,39.530667
2006-08-15,44.895000,40.714138
2006-08-16,45.474998,41.240124
2006-08-17,45.150002,40.945393
2006-08-18,45.040001,40.845636
2006-08-21,44.500000,40.355923
2006-08-22,44.255001,40.133739
2006-08-23,43.814999,39.734713
2006-08-24,43.415001,39.371965
2006-08-25,42.500000,38.542173
2006-08-28,42.709999,38.732616
2006-08-29,42.174999,38.247438
2006-08-30,41.549999,37.680641
2006-08-31,41.930000,38.025255
2006-09-01,42.275002,38.338128
2006-09-05,42.200001,38.270112
2006-09-06,40.549999,36.773767
2006-09-07,40.820000,37.018624
2006-09-08,41.400002,37.544613
2006-09-11,41.820000,37.925499
2006-09-12,42.455002,38.501366
2006-09-13,42.000000,38.263357
2006-09-14,42.055000,38.313464
2006-09-15,41.915001,38.185920
2006-09-18,41.310001,37.634745
2006-09-19,41.814999,38.094815
2006-09-20,42.150002,38.400013
2006-09-21,41.794998,38.076593
2006-09-22,40.805000,37.174673
2006-09-25,41.169998,37.507198
2006-09-26,42.130001,38.381792
2006-09-27,42.345001,38.577664
2006-09-28,43.255001,39.406703
2006-09-29,43.750000,39.857663
2006-10-02,44.095001,40.171970
2006-10-03,44.255001,40.317736
2006-10-04,45.200001,41.178661
2006-10-05,45.459999,41.415528
2006-10-06,45.169998,41.151327
2006-10-09,44.750000,40.768696
2006-10-10,44.685001,40.709479
2006-10-11,44.605000,40.636596
2006-10-12,45.400002,41.360868
2006-10-13,45.160000,41.142219
2006-10-16,45.410000,41.369977
2006-10-17,44.875000,40.882575
2006-10-18,45.250000,41.224212
2006-10-19,45.709999,41.643286
2006-10-20,45.840000,41.761721
2006-10-23,45.360001,41.324426
2006-10-24,45.099998,41.087555
2006-10-25,44.715000,40.736809
2006-10-26,44.544998,40.581932
2006-10-27,44.334999,40.390616
2006-10-30,45.299999,41.269762
2006-10-31,45.465000,41.420084
2006-11-01,45.270000,41.242432
2006-11-02,45.099998,41.087555
2006-11-03,45.200001,41.178661
2006-11-06,45.775002,41.702506
2006-11-07,46.055000,41.957593
2006-11-08,46.230000,42.117023
2006-11-09,45.035000,41.028340
2006-11-10,44.950001,40.950903
2006-11-13,45.680000,41.615956
2006-11-14,45.810001,41.734391
2006-11-15,46.230000,42.117023
2006-11-16,46.830002,42.663645
2006-11-17,46.680000,42.526988
2006-11-20,46.834999,42.668197
2006-11-21,47.445000,43.223928
2006-11-22,47.814999,43.561009
2006-11-24,47.500000,43.274034
2006-11-27,46.980000,42.800298
2006-11-28,46.840000,42.672753
2006-11-29,48.200001,43.911758
2006-11-30,48.724998,44.390047
2006-12-01,48.150002,43.866207
2006-12-04,48.665001,44.335388
2006-12-05,49.189999,44.813678
2006-12-06,48.029999,43.756881
2006-12-07,47.480000,43.255814
2006-12-08,47.674999,43.433464
2006-12-11,47.490002,43.264926
2006-12-12,47.509998,43.283143
2006-12-13,47.705002,43.638761
2006-12-14,47.215000,43.190525
2006-12-15,46.900002,42.902377
2006-12-18,46.500000,42.536470
2006-12-19,46.985001,42.980131
2006-12-20,47.185001,43.163083
2006-12-21,47.470001,43.423790
2006-12-22,47.000000,42.993851
2006-12-26,47.305000,43.272854
2006-12-27,47.570000,43.515266
2006-12-28,47.465000,43.419216
2006-12-29,46.884998,42.888651
2007-01-03,47.625000,43.565578
2007-01-04,47.174999,43.153934
2007-01-05,47.110001,43.094476
2007-01-08,47.105000,43.089901
2007-01-09,46.950001,42.948114
2007-01-10,46.970001,42.966409
2007-01-11,47.875000,43.794268
2007-01-12,48.090000,43.990942
2007-01-16,48.645000,44.498636
2007-01-17,49.099998,44.914851
2007-01-18,48.950001,44.777639
2007-01-19,47.575001,43.519841
2007-01-22,47.415001,43.373479
2007-01-23,47.924999,43.840006
2007-01-24,48.290001,44.173896
2007-01-25,46.575001,42.605078
2007-01-26,46.049999,42.124825
2007-01-29,46.650002,42.673686
2007-01-30,45.674999,41.781789
2007-01-31,46.584999,42.614224
2007-02-01,47.075001,43.062459
2007-02-02,46.825001,42.833768
2007-02-05,46.924999,42.925243
2007-02-06,47.505001,43.455807
2007-02-07,48.174999,44.068696
2007-02-08,48.255001,44.141879
2007-02-09,48.180000,44.073271
2007-02-12,48.264999,44.151025
2007-02-13,48.880001,44.713606
2007-02-14,48.869999,44.704457
2007-02-15,48.855000,44.690736
2007-02-16,48.650002,44.503211
2007-02-20,49.035000,44.855393
2007-02-21,48.900002,44.731902
2007-02-22,48.150002,44.045830
2007-02-23,48.080002,43.981797
2007-02-26,47.580002,43.524415
2007-02-27,45.415001,41.543953
2007-02-28,46.134998,42.202579
2007-03-01,45.849998,41.941872
2007-03-02,44.785000,40.967651
2007-03-05,44.235001,40.464533
2007-03-06,44.980000,41.146030
2007-03-07,44.445000,40.832517
2007-03-08,45.285000,41.604242
2007-03-09,44.970001,41.314846
2007-03-12,44.910000,41.259722
2007-03-13,44.080002,40.497186
2007-03-14,44.650002,41.020856
2007-03-15,44.759998,41.121912
2007-03-16,44.974998,41.319437
2007-03-19,45.875000,42.146287
2007-03-20,46.070000,42.325437
2007-03-21,46.715000,42.918012
2007-03-22,45.695000,41.980917
2007-03-23,46.459999,42.683737
2007-03-26,45.855000,42.127912
2007-03-27,45.205002,41.530746
2007-03-28,44.665001,41.034636
2007-03-29,45.044998,41.383747
2007-03-30,44.900002,41.250536
2007-04-02,45.345001,41.659366
2007-04-03,46.285000,42.522962
2007-04-04,46.330002,42.564306
2007-04-05,46.310001,42.545931
2007-04-09,46.279999,42.518368
2007-04-10,45.660000,41.948762
2007-04-11,45.549999,41.847702
2007-04-12,46.189999,42.435683
2007-04-13,47.169998,43.336028
2007-04-16,48.099998,44.190437
2007-04-17,48.060001,44.153691
2007-04-18,47.884998,43.992912
2007-04-19,50.285000,46.197843
2007-04-20,50.869999,46.735293
2007-04-23,50.959999,46.817978
2007-04-24,50.384998,46.289713
2007-04-25,51.555000,47.364617
2007-04-26,51.334999,47.162498
2007-04-27,51.855000,47.640233
2007-04-30,50.834999,46.703138
2007-05-01,50.915001,46.776637
2007-05-02,51.240002,47.075222
2007-05-03,51.869999,47.654013
2007-05-04,51.625000,47.428928
2007-05-07,51.735001,47.529988
2007-05-08,51.340000,47.167092
2007-05-09,51.430000,47.249777
2007-05-10,50.855000,46.721513
2007-05-11,51.235001,47.070628
2007-05-14,51.875000,47.658608
2007-05-15,51.865002,47.649422
2007-05-16,52.154999,47.915848
2007-05-17,52.145000,47.906662
2007-05-18,52.689999,48.407364
2007-05-21,52.820000,48.526798
2007-05-22,52.455002,48.191467
2007-05-23,53.654999,49.293929
2007-05-24,53.134998,48.816193
2007-05-25,53.174999,48.852943
2007-05-29,53.215000,48.889693
2007-05-30,53.494999,49.146933
2007-05-31,53.650002,49.289338
2007-06-01,54.084999,49.688978
2007-06-04,54.090000,49.693573
2007-06-05,53.900002,49.519018
2007-06-06,53.130001,48.811602
2007-06-07,52.290001,48.039877
2007-06-08,53.290001,48.958598
2007-06-11,53.025002,48.715138
2007-06-12,52.615002,48.338462
2007-06-13,53.439999,49.277865
2007-06-14,54.785000,50.518112
2007-06-15,54.875000,50.601102
2007-06-18,54.415001,50.176930
2007-06-19,56.904999,52.472996
2007-06-20,55.919998,51.564711
2007-06-21,56.485001,52.085709
2007-06-22,55.625000,51.292689
2007-06-25,55.255001,50.951507
2007-06-26,54.500000,50.255309
2007-06-27,54.810001,50.541165
2007-06-28,55.375000,51.062160
2007-06-29,55.055000,50.767083
2007-07-02,56.750000,52.330069
2007-07-03,56.959999,52.523713
2007-07-05,56.955002,52.519105
2007-07-06,57.990002,53.473495
2007-07-09,57.025002,52.583653
2007-07-10,55.970001,51.610820
2007-07-11,55.849998,51.500163
2007-07-12,57.099998,52.652808
2007-07-13,57.395000,52.924834
2007-07-16,58.014999,53.496545
2007-07-17,57.375000,52.906391
2007-07-18,57.715000,53.219911
2007-07-19,61.099998,56.341271
2007-07-20,61.200001,56.433485
2007-07-23,62.750000,57.862764
2007-07-24,60.900002,56.156851
2007-07-25,60.240002,55.548255
2007-07-26,58.935001,54.344893
2007-07-27,57.025002,52.583653
2007-07-30,58.080002,53.556485
2007-07-31,56.445000,52.048824
2007-08-01,57.430000,52.957108
2007-08-02,58.610001,54.045205
2007-08-03,56.750000,52.330069
2007-08-06,56.785000,52.362343
2007-08-07,56.080002,51.712253
2007-08-08,56.009998,51.647702
2007-08-09,53.654999,49.476120
2007-08-10,55.889999,51.537049
2007-08-13,56.685001,52.270133
2007-08-14,55.740002,51.398734
2007-08-15,54.555000,50.306025
2007-08-16,53.005001,48.876747
2007-08-17,54.020000,49.812693
2007-08-20,54.840000,50.568828
2007-08-21,56.290001,51.905897
2007-08-22,58.044998,53.524207
2007-08-23,56.869999,52.440722
2007-08-24,57.340000,52.874117
2007-08-27,57.110001,52.662032
2007-08-28,54.750000,50.485838
2007-08-29,56.790001,52.366955
2007-08-30,56.740002,52.320850
2007-08-31,58.340000,53.796233
2007-09-04,58.830002,54.248072
2007-09-05,57.049999,52.606703
2007-09-06,57.869999,53.362838
2007-09-07,55.720001,51.380291
2007-09-10,55.580002,51.251196
2007-09-11,55.799999,51.454058
2007-09-12,56.020000,51.870729
2007-09-13,57.360001,53.111479
2007-09-14,56.509998,52.324434
2007-09-17,56.580002,52.389253
2007-09-18,59.360001,54.963344
2007-09-19,60.000000,55.555939
2007-09-20,60.889999,56.380018
2007-09-21,62.330002,57.713364
2007-09-24,61.480000,56.926319
2007-09-25,61.450001,56.898542
2007-09-26,63.130001,58.454108
2007-09-27,62.049999,57.454100
2007-09-28,62.209999,57.602249
2007-10-01,63.349998,58.657811
2007-10-02,63.400002,58.704111
2007-10-03,62.580002,57.944847
2007-10-04,63.759998,59.037443
2007-10-05,65.379997,60.537452
2007-10-08,64.010002,59.268930
2007-10-09,64.000000,59.259669
2007-10-10,63.160000,58.481886
2007-10-11,63.599998,58.889294
2007-10-12,64.239998,59.481891
2007-10-15,64.199997,59.444852
2007-10-16,63.500000,58.796702
2007-10-17,64.129997,59.380037
2007-10-18,66.849998,61.898574
2007-10-19,65.459999,60.611529
2007-10-22,66.220001,61.315239
2007-10-23,67.260002,62.278210
2007-10-24,67.690002,62.676361
2007-10-25,66.680000,61.741167
2007-10-26,67.120003,62.148580
2007-10-29,68.730003,63.639331
2007-10-30,67.989998,62.954137
2007-10-31,69.209999,64.083775
2007-11-01,68.080002,63.037474
2007-11-02,69.489998,64.343035
2007-11-05,68.430000,63.361549
2007-11-06,70.239998,65.037485
2007-11-07,69.279999,64.148590
2007-11-08,67.309998,62.324503
2007-11-09,66.760002,61.815244
2007-11-12,66.330002,61.417093
2007-11-13,67.610001,62.602285
2007-11-14,66.500000,61.574499
2007-11-15,65.519997,60.667083
2007-11-16,64.139999,59.389298
2007-11-19,64.019997,59.278185
2007-11-20,65.139999,60.315231
2007-11-21,63.919998,59.185592
2007-11-23,66.980003,62.018950
2007-11-26,64.370003,59.602266
2007-11-27,65.839996,60.963380
2007-11-28,68.279999,63.222658
2007-11-29,67.290001,62.305987
2007-11-30,69.050003,63.935630
2007-12-03,70.129997,64.935631
2007-12-04,69.839996,64.667110
2007-12-05,72.239998,66.889349
2007-12-06,72.150002,66.806019
2007-12-07,73.379997,67.944911
2007-12-10,73.000000,67.593060
2007-12-11,69.790001,64.620818
2007-12-12,69.860001,64.899516
2007-12-13,70.959999,65.921407
2007-12-14,71.150002,66.097919
2007-12-17,68.279999,63.431704
2007-12-18,69.239998,64.323537
2007-12-19,69.510002,64.574369
2007-12-20,68.959999,64.063420
2007-12-21,70.000000,65.029574
2007-12-24,71.489998,66.413773
2007-12-26,72.720001,67.556439
2007-12-27,71.160004,66.107211
2007-12-28,71.620003,66.534547
2007-12-31,71.300003,66.237269
2008-01-02,66.809998,62.066082
2008-01-03,67.809998,62.995076
2008-01-04,65.459999,60.811941
2008-01-07,62.869999,58.405847
2008-01-08,60.490002,56.194844
2008-01-09,62.000000,57.597623
2008-01-10,61.779999,57.393243
2008-01-11,59.080002,54.884962
2008-01-14,60.419998,56.129811
2008-01-15,58.950001,54.764192
2008-01-16,58.919998,54.736320
2008-01-17,55.040001,51.131826
2008-01-18,53.500000,49.701175
2008-01-22,53.080002,49.310999
2008-01-23,54.660000,50.778807
2008-01-24,51.259998,47.620226
2008-01-25,53.360001,49.571116
2008-01-28,53.770000,49.952003
2008-01-29,54.880001,50.983187
2008-01-30,55.049999,51.141114
2008-01-31,56.110001,52.125850
2008-02-01,57.259998,53.194190
2008-02-04,57.250000,53.184902
2008-02-05,54.880001,50.983187
2008-02-06,54.439999,50.574428
2008-02-07,56.240002,52.246620
2008-02-08,55.880001,51.912181
2008-02-11,56.439999,52.432416
2008-02-12,56.400002,52.395259
2008-02-13,57.480000,53.398570
2008-02-14,57.689999,53.593658
2008-02-15,57.230000,53.166322
2008-02-19,56.439999,52.432416
2008-02-20,56.090000,52.107269
2008-02-21,55.360001,51.429104
2008-02-22,56.779999,52.748274
2008-02-25,57.939999,53.825907
2008-02-26,58.259998,54.123184
2008-02-27,57.299999,53.231350
2008-02-28,55.880001,51.912181
2008-02-29,54.169998,50.323599
2008-03-03,55.110001,51.196856
2008-03-04,55.279999,51.354783
2008-03-05,56.369999,52.367386
2008-03-06,55.119999,51.206144
2008-03-07,54.630001,50.750939
2008-03-10,53.169998,49.394605
2008-03-11,54.720001,50.834548
2008-03-12,54.369999,50.722596
2008-03-13,54.180000,50.545343
2008-03-14,52.860001,49.313896
2008-03-17,51.380001,47.933182
2008-03-18,54.900002,51.217044
2008-03-19,53.029999,49.472490
2008-03-20,53.560001,49.966937
2008-03-24,53.540001,49.948279
2008-03-25,54.490002,50.834549
2008-03-26,55.669998,51.935385
2008-03-27,54.250000,50.610647
2008-03-28,54.619999,50.955825
2008-03-31,55.419998,51.702156
2008-04-01,57.900002,54.015790
2008-04-02,56.900002,53.082874
2008-04-03,57.980000,54.090421
2008-04-04,58.029999,54.137066
2008-04-07,57.330002,53.484028
2008-04-08,57.590000,53.726584
2008-04-09,57.419998,53.567987
2008-04-10,57.400002,53.549332
2008-04-11,57.160000,53.325431
2008-04-14,58.240002,54.332981
2008-04-15,59.799999,55.788326
2008-04-16,62.169998,57.999334
2008-04-17,60.439999,56.385391
2008-04-18,60.970001,56.879838
2008-04-21,61.119999,57.019774
2008-04-22,59.959999,55.937592
2008-04-23,60.150002,56.114849
2008-04-24,60.740002,56.665269
2008-04-25,61.389999,57.271661
2008-04-28,61.080002,56.982460
2008-04-29,60.689999,56.618620
2008-04-30,61.009998,56.917152
2008-05-01,61.730000,57.588853
2008-05-02,62.000000,57.840740
2008-05-05,61.980000,57.822082
2008-05-06,62.020000,57.859398
2008-05-07,60.880001,56.795876
2008-05-08,61.480000,57.355624
2008-05-09,60.869999,56.786545
2008-05-12,61.529999,57.402269
2008-05-13,62.470001,58.279211
2008-05-14,62.930000,58.708351
2008-05-15,64.239998,59.930468
2008-05-16,62.430000,58.241893
2008-05-19,63.959999,59.669253
2008-05-20,62.939999,58.717679
2008-05-21,62.610001,58.409819
2008-05-22,61.520000,57.392941
2008-05-23,60.520000,56.460026
2008-05-27,60.330002,56.282773
2008-05-28,60.880001,56.795876
2008-05-29,61.689999,57.551535
2008-05-30,62.549999,58.353842
2008-06-02,62.250000,58.073969
2008-06-03,60.529999,56.469354
2008-06-04,60.240002,56.198811
2008-06-05,61.130001,57.029105
2008-06-06,58.950001,54.995350
2008-06-09,58.000000,54.109079
2008-06-10,57.029999,53.204151
2008-06-11,56.139999,52.585933
2008-06-12,57.419998,53.784899
2008-06-13,58.180000,54.496788
2008-06-16,54.419998,50.974821
2008-06-17,52.189999,48.885997
2008-06-18,52.189999,48.885997
2008-06-19,52.740002,49.401181
2008-06-20,51.660000,48.389551
2008-06-23,51.900002,48.614359
2008-06-24,50.980000,47.752599
2008-06-25,48.680000,45.598206
2008-06-26,47.730000,44.708348
2008-06-27,47.930000,44.895686
2008-06-30,47.930000,44.895686
2008-07-01,48.790001,45.701243
2008-07-02,46.950001,43.977728
2008-07-03,47.840000,44.811384
2008-07-07,47.970001,44.933155
2008-07-08,48.869999,45.776177
2008-07-09,47.139999,44.155698
2008-07-10,47.599998,44.586576
2008-07-11,46.029999,43.115969
2008-07-14,46.110001,43.190906
2008-07-15,43.279999,40.540064
2008-07-16,45.980000,43.069135
2008-07-17,43.250000,40.511964
2008-07-18,41.599998,38.966419
2008-07-21,40.160000,37.617583
2008-07-22,41.910000,39.256796
2008-07-23,42.900002,40.184123
2008-07-24,42.430000,39.743876
2008-07-25,42.810001,40.099820
2008-07-28,41.900002,39.247431
2008-07-29,43.439999,40.689935
2008-07-30,44.730000,41.898269
2008-07-31,43.470001,40.718037
2008-08-01,43.060001,40.333993
2008-08-04,41.919998,39.266161
2008-08-05,41.840000,39.191227
2008-08-06,42.700001,39.996784
2008-08-07,41.900002,39.247431
2008-08-08,43.709999,40.942842
2008-08-11,44.150002,41.354989
2008-08-12,42.900002,40.184123
2008-08-13,42.410000,39.725142
2008-08-14,42.529999,39.837544
2008-08-15,42.330002,39.650209
2008-08-18,41.490002,38.863387
2008-08-19,40.029999,37.495812
2008-08-20,38.590000,36.146976
2008-08-21,38.029999,35.622427
2008-08-22,38.500000,36.062673
2008-08-25,37.639999,35.257116
2008-08-26,38.070000,35.659895
2008-08-27,39.209999,36.727724
2008-08-28,41.099998,38.498073
2008-08-29,41.099998,38.498073
2008-09-02,41.740002,39.097560
2008-09-03,41.310001,38.694781
2008-09-04,39.189999,36.708990
2008-09-05,39.279999,36.793293
2008-09-08,39.070000,36.596588
2008-09-09,37.180000,34.826239
2008-09-10,37.660000,35.495430
2008-09-11,38.779999,36.551056
2008-09-12,38.919998,36.683008
2008-09-15,36.270000,34.185323
2008-09-16,35.540001,33.497282
2008-09-17,32.130001,30.283277
2008-09-18,32.040001,30.198450
2008-09-19,35.959999,33.893140
2008-09-22,34.799999,32.799812
2008-09-23,33.959999,32.008093
2008-09-24,32.549999,30.679135
2008-09-25,33.520000,31.593383
2008-09-26,32.490002,30.622586
2008-09-29,27.500000,25.919393
2008-09-30,29.280001,27.597085
2008-10-01,28.840000,27.182374
2008-10-02,26.850000,25.306753
2008-10-03,25.219999,23.770439
2008-10-06,23.959999,22.582859
2008-10-07,20.559999,19.378280
2008-10-08,20.010000,18.859893
2008-10-09,18.290001,17.238753
2008-10-10,19.030001,17.936221
2008-10-13,20.950001,19.745866
2008-10-14,21.570000,20.330229
2008-10-15,19.070000,17.973921
2008-10-16,20.190001,19.029548
2008-10-17,19.120001,18.021048
2008-10-20,18.809999,17.728864
2008-10-21,16.030001,15.108651
2008-10-22,13.030000,12.281080
2008-10-23,11.690000,11.018098
2008-10-24,12.220000,11.517636
2008-10-27,13.580000,12.799467
2008-10-28,15.330000,14.448883
2008-10-29,14.700000,13.855094
2008-10-30,15.930000,15.014397
2008-10-31,17.700001,16.682665
2008-11-03,17.240000,16.249103
2008-11-04,18.639999,17.568635
2008-11-05,16.930000,15.956921
2008-11-06,16.160000,15.231178
2008-11-07,16.200001,15.268880
2008-11-10,15.600000,14.703365
2008-11-11,14.830000,13.977622
2008-11-12,13.820000,13.025673
2008-11-13,15.300000,14.420608
2008-11-14,14.730000,13.883369
2008-11-17,13.570000,12.790042
2008-11-18,13.100000,12.347056
2008-11-19,12.200000,11.498785
2008-11-20,11.950000,11.263154
2008-11-21,13.160000,12.403608
2008-11-24,15.770000,14.863594
2008-11-25,14.940000,14.081299
2008-11-26,15.570000,14.675089
2008-11-28,15.230000,14.354631
2008-12-01,13.900000,13.101075
2008-12-02,14.750000,13.902220
2008-12-03,14.620000,13.779692
2008-12-04,13.850000,13.053949
2008-12-05,14.120000,13.308430
2008-12-08,15.460000,14.571411
2008-12-09,15.240000,14.364056
2008-12-10,14.950000,14.306638
2008-12-11,14.410000,13.789877
2008-12-12,15.330000,14.670285
2008-12-15,14.570000,13.942991
2008-12-16,15.610000,14.938236
2008-12-17,15.430000,14.765982
2008-12-18,15.250000,14.593728
2008-12-19,15.250000,14.593728
2008-12-22,15.340000,14.679855
2008-12-23,12.200000,11.674982
2008-12-24,12.780000,12.230023
2008-12-26,12.910000,12.354428
2008-12-29,12.750000,12.201314
2008-12-30,12.890000,12.335289
2008-12-31,13.870000,13.273115
2009-01-02,15.370000,14.708564
2009-01-05,15.080000,14.431044
2009-01-06,16.040001,15.349732
2009-01-07,15.870000,15.187047
2009-01-08,16.010000,15.321022
2009-01-09,15.860000,15.177477
2009-01-12,14.870000,14.230081
2009-01-13,13.860000,13.263546
2009-01-14,13.590000,13.005165
2009-01-15,13.660000,13.072152
2009-01-16,14.050000,13.445369
2009-01-20,12.450000,11.914224
2009-01-21,12.920000,12.363998
2009-01-22,12.380000,11.847236
2009-01-23,12.560000,12.019490
2009-01-26,12.260000,11.732400
2009-01-27,12.880000,12.325719
2009-01-28,13.300000,12.727645
2009-01-29,9.090000,8.698819
2009-01-30,9.030000,8.641401
2009-02-02,8.370000,8.009804
2009-02-03,7.970000,7.627017
2009-02-04,6.280000,6.009745
2009-02-05,6.090000,5.827922
2009-02-06,6.810000,6.516937
2009-02-09,7.330000,7.014559
2009-02-10,6.250000,5.981036
2009-02-11,6.760000,6.469089
2009-02-12,6.770000,6.478658
2009-02-13,6.890000,6.593494
2009-02-17,6.200000,5.933188
2009-02-18,6.490000,6.210708
2009-02-19,6.240000,5.971466
2009-02-20,6.250000,5.981036
2009-02-23,5.830000,5.579110
2009-02-24,6.140000,5.875770
2009-02-25,5.900000,5.646098
2009-02-26,5.800000,5.550401
2009-02-27,5.650000,5.406857
2009-03-02,4.430000,4.239358
2009-03-03,4.310000,4.124522
2009-03-04,4.710000,4.507309
2009-03-05,4.010000,3.837433
2009-03-06,3.750000,3.588622
2009-03-09,3.980000,3.808724
2009-03-10,4.540000,4.344625
2009-03-11,4.770000,4.584925
2009-03-12,5.060000,4.863673
2009-03-13,5.000000,4.806001
2009-03-16,5.560000,5.344273
2009-03-17,5.890000,5.661469
2009-03-18,6.610000,6.353533
2009-03-19,6.530000,6.276637
2009-03-20,5.940000,5.709529
2009-03-23,6.890000,6.622669
2009-03-24,6.380000,6.132457
2009-03-25,6.670000,6.411205
2009-03-26,6.870000,6.603445
2009-03-27,6.540000,6.286249
2009-03-30,5.530000,5.315437
2009-03-31,5.740000,5.517289
2009-04-01,6.450000,6.199741
2009-04-02,7.130000,6.853357
2009-04-03,7.420000,7.132105
2009-04-06,8.260000,7.939513
2009-04-07,9.020000,8.670025
2009-04-08,9.110000,8.756533
2009-04-09,13.560000,13.033874
2009-04-13,12.270000,11.793926
2009-04-14,11.400000,10.957682
2009-04-15,11.490000,11.044190
2009-04-16,12.110000,11.640134
2009-04-17,12.940000,12.437930
2009-04-20,10.890000,10.467469
2009-04-21,10.980000,10.553977
2009-04-22,11.280000,10.842337
2009-04-23,11.440000,10.996130
2009-04-24,12.350000,11.870822
2009-04-27,11.390000,10.948070
2009-04-28,11.200000,10.765441
2009-04-29,10.810000,10.390573
2009-04-30,10.730000,10.313677
2009-05-01,10.940000,10.515529
2009-05-04,11.220000,10.784665
2009-05-05,11.190000,10.755829
2009-05-06,11.660000,11.207594
2009-05-07,11.100000,10.669321
2009-05-08,11.960000,11.495954
2009-05-11,11.630000,11.178758
2009-05-12,11.440000,10.996130
2009-05-13,10.530000,10.121437
2009-05-14,10.980000,10.553977
2009-05-15,10.820000,10.400185
2009-05-18,11.410000,10.967294
2009-05-19,11.930000,11.467118
2009-05-20,11.640000,11.188370
2009-05-21,11.030000,10.602037
2009-05-22,11.210000,10.775053
2009-05-26,11.830000,11.370998
2009-05-27,11.430000,10.986518
2009-05-28,11.540000,11.092250
2009-05-29,11.500000,11.053802
2009-06-01,12.000000,11.534402
2009-06-02,11.800000,11.342162
2009-06-03,11.380000,10.938458
2009-06-04,12.270000,11.793926
2009-06-05,12.310000,11.832374
2009-06-08,12.010000,11.544014
2009-06-09,11.950000,11.486342
2009-06-10,11.430000,11.004936
2009-06-11,11.230000,10.812374
2009-06-12,11.480000,11.053076
2009-06-15,10.950000,10.542786
2009-06-16,10.520000,10.128777
2009-06-17,10.210000,9.830306
2009-06-18,9.750000,9.387412
2009-06-19,9.590000,9.233363
2009-06-22,9.120000,8.780841
2009-06-23,9.300000,8.954147
2009-06-24,9.550000,9.194850
2009-06-25,9.970000,9.599231
2009-06-26,9.610000,9.252619
2009-06-29,9.880000,9.512578
2009-06-30,9.660000,9.300759
2009-07-01,10.030000,9.657000
2009-07-02,9.330000,8.983032
2009-07-06,9.240000,8.896379
2009-07-07,8.780000,8.453485
2009-07-08,8.690000,8.366832
2009-07-09,8.970000,8.636419
2009-07-10,8.950000,8.617163
2009-07-13,9.240000,8.896379
2009-07-14,9.510000,9.156338
2009-07-15,10.030000,9.657000
2009-07-16,10.150000,9.772537
2009-07-17,10.190000,9.811050
2009-07-20,10.620000,10.225058
2009-07-21,10.820000,10.417621
2009-07-22,10.790000,10.388736
2009-07-23,11.280000,10.860514
2009-07-24,11.310000,10.889398
2009-07-27,11.150000,10.735349
2009-07-28,13.110000,12.622459
2009-07-29,12.790000,12.314360
2009-07-30,13.310000,12.815021
2009-07-31,13.440000,12.940187
2009-08-03,14.200000,13.671924
2009-08-04,14.440000,13.902999
2009-08-05,14.340000,13.806717
2009-08-06,14.180000,13.652668
2009-08-07,14.780000,14.230354
2009-08-10,14.570000,14.028164
2009-08-11,14.260000,13.729692
2009-08-12,14.680000,14.134073
2009-08-13,14.790000,14.239983
2009-08-14,14.410000,13.874114
2009-08-17,13.520000,13.017212
2009-08-18,14.030000,13.508246
2009-08-19,14.010000,13.488990
2009-08-20,14.130000,13.604527
2009-08-21,14.580000,14.037792
2009-08-24,14.750000,14.201470
2009-08-25,14.800000,14.249611
2009-08-26,15.640000,15.058372
2009-08-27,15.520000,14.942835
2009-08-28,15.670000,15.087257
2009-08-31,15.360000,14.788785
2009-09-01,15.500000,14.923579
2009-09-02,17.389999,16.743292
2009-09-03,16.860001,16.233003
2009-09-04,17.070000,16.435193
2009-09-08,18.000000,17.330608
2009-09-09,18.410000,17.745077
2009-09-10,19.020000,18.333045
2009-09-11,19.020000,18.333045
2009-09-14,19.270000,18.574016
2009-09-15,20.549999,19.807785
2009-09-16,20.150000,19.422233
2009-09-17,19.400000,18.699321
2009-09-18,19.440001,18.737877
2009-09-21,19.250000,18.554738
2009-09-22,19.370001,18.670405
2009-09-23,19.200001,18.506545
2009-09-24,18.340000,17.677605
2009-09-25,17.879999,17.234218
2009-09-28,18.590000,17.918576
2009-09-29,18.709999,18.034241
2009-09-30,18.980000,18.294490
2009-10-01,18.150000,17.494468
2009-10-02,17.510000,16.877583
2009-10-05,18.450001,17.783633
2009-10-06,18.719999,18.043880
2009-10-07,18.700001,18.024604
2009-10-08,19.379999,18.680042
2009-10-09,19.490000,18.786070
2009-10-12,19.600000,18.892097
2009-10-13,19.150000,18.458350
2009-10-14,20.070000,19.345122
2009-10-15,20.340000,19.605370
2009-10-16,19.920000,19.200540
2009-10-19,20.080000,19.354761
2009-10-20,19.320000,18.622210
2009-10-21,18.959999,18.275211
2009-10-22,19.639999,18.930652
2009-10-23,19.129999,18.439072
2009-10-26,18.360001,17.696884
2009-10-27,19.670000,18.959569
2009-10-28,18.430000,17.764355
2009-10-29,19.010000,18.323407
2009-10-30,17.780001,17.137832
2009-11-02,18.120001,17.465552
2009-11-03,18.510000,17.841465
2009-11-04,18.750000,18.072797
2009-11-05,19.129999,18.439072
2009-11-06,19.330000,18.631849
2009-11-09,19.920000,19.200540
2009-11-10,20.590000,19.846341
2009-11-11,20.490000,19.749953
2009-11-12,19.959999,19.239094
2009-11-13,19.809999,19.094512
2009-11-16,20.430000,19.692120
2009-11-17,20.400000,19.663203
2009-11-18,20.230000,19.499343
2009-11-19,20.180000,19.451149
2009-11-20,19.639999,18.930652
2009-11-23,20.090000,19.364400
2009-11-24,20.370001,19.634288
2009-11-25,20.730000,19.981284
2009-11-27,20.080000,19.354761
2009-11-30,20.049999,19.325843
2009-12-01,20.450001,19.711398
2009-12-02,20.620001,19.875258
2009-12-03,20.110001,19.383678
2009-12-04,20.230000,19.499343
2009-12-07,19.730000,19.017402
2009-12-08,19.600000,18.892097
2009-12-09,19.620001,18.930693
2009-12-10,19.450001,18.766666
2009-12-11,19.879999,19.181556
2009-12-14,20.049999,19.345584
2009-12-15,19.719999,19.027178
2009-12-16,19.570000,18.882449
2009-12-17,18.980000,18.313177
2009-12-18,18.670000,18.014068
2009-12-21,19.270000,18.592988
2009-12-22,19.389999,18.708772
2009-12-23,19.549999,18.863150
2009-12-24,19.400000,18.718421
2009-12-28,19.250000,18.573691
2009-12-29,19.010000,18.342123
2009-12-30,19.020000,18.351772
2009-12-31,18.809999,18.149149
2010-01-04,19.040001,18.371070
2010-01-05,18.680000,18.023717
2010-01-06,19.330000,18.650880
2010-01-07,20.190001,19.480667
2010-01-08,20.379999,19.663990
2010-01-11,21.469999,20.715695
2010-01-12,21.330000,20.580615
2010-01-13,20.920000,20.185019
2010-01-14,22.790001,21.989322
2010-01-15,21.879999,21.111291
2010-01-19,22.980000,22.172645
2010-01-20,22.309999,21.526183
2010-01-21,21.430000,20.677101
2010-01-22,21.320000,20.570966
2010-01-25,21.129999,20.387640
2010-01-26,20.570000,19.847316
2010-01-27,21.000000,20.262209
2010-01-28,19.580000,18.892097
2010-01-29,19.530001,18.843855
2010-02-01,20.639999,19.914855
2010-02-02,20.680000,19.953451
2010-02-03,20.459999,19.741179
2010-02-04,19.559999,18.872799
2010-02-05,18.910000,18.245636
2010-02-08,18.709999,18.052662
2010-02-09,18.900000,18.235988
2010-02-10,18.879999,18.216689
2010-02-11,18.959999,18.293879
2010-02-12,18.320000,17.676365
2010-02-16,19.080000,18.409664
2010-02-17,19.059999,18.390365
2010-02-18,19.750000,19.056125
2010-02-19,19.680000,18.988584
2010-02-22,19.879999,19.181556
2010-02-23,19.530001,18.843855
2010-02-24,19.590000,18.901746
2010-02-25,19.450001,18.766666
2010-02-26,19.920000,19.220152
2010-03-01,20.209999,19.499963
2010-03-02,20.900000,20.165722
2010-03-03,21.240000,20.493777
2010-03-04,21.059999,20.320100
2010-03-05,21.809999,21.043750
2010-03-08,21.740000,20.976210
2010-03-09,21.620001,20.860427
2010-03-10,21.809999,21.063235
2010-03-11,22.250000,21.488170
2010-03-12,22.260000,21.497828
2010-03-15,22.049999,21.295017
2010-03-16,22.400000,21.633034
2010-03-17,22.530001,21.758584
2010-03-18,22.150000,21.391594
2010-03-19,22.209999,21.449539
2010-03-22,22.180000,21.420567
2010-03-23,22.450001,21.681323
2010-03-24,22.280001,21.517144
2010-03-25,21.770000,21.024605
2010-03-26,21.680000,20.937687
2010-03-29,21.700001,20.957003
2010-03-30,21.559999,20.821795
2010-03-31,21.230000,20.503095
2010-04-01,21.400000,20.667274
2010-04-05,21.330000,20.599671
2010-04-06,21.570000,20.831453
2010-04-07,22.180000,21.420567
2010-04-08,22.170000,21.410910
2010-04-09,22.090000,21.333649
2010-04-12,22.590000,21.816529
2010-04-13,22.549999,21.777898
2010-04-14,22.760000,21.980708
2010-04-15,22.330000,21.565431
2010-04-16,21.940001,21.188786
2010-04-19,21.559999,20.821795
2010-04-20,21.870001,21.121182
2010-04-21,21.600000,20.860426
2010-04-22,24.230000,23.400376
2010-04-23,23.850000,23.033387
2010-04-26,24.549999,23.709418
2010-04-27,23.250000,22.453931
2010-04-28,23.610001,22.801606
2010-04-29,23.520000,22.714686
2010-04-30,22.840000,22.057969
2010-05-03,23.490000,22.685713
2010-05-04,22.930000,22.144888
2010-05-05,23.270000,22.473246
2010-05-06,22.500000,21.729611
2010-05-07,20.379999,19.682197
2010-05-10,22.389999,21.623376
2010-05-11,22.639999,21.864816
2010-05-12,24.090000,23.265170
2010-05-13,23.530001,22.724345
2010-05-14,22.570000,21.797214
2010-05-17,21.950001,21.198443
2010-05-18,21.500000,20.763850
2010-05-19,21.070000,20.348573
2010-05-20,19.410000,18.745411
2010-05-21,20.570000,19.865693
2010-05-24,20.219999,19.527676
2010-05-25,19.520000,18.851644
2010-05-26,20.270000,19.575965
2010-05-27,21.260000,20.532068
2010-05-28,20.670000,19.962269
2010-06-01,19.889999,19.208975
2010-06-02,20.469999,19.769116
2010-06-03,20.650000,19.942954
2010-06-04,18.959999,18.310817
2010-06-07,18.209999,17.586497
2010-06-08,18.959999,18.310817
2010-06-09,18.680000,18.059456
2010-06-10,19.299999,18.658858
2010-06-11,19.459999,18.813543
2010-06-14,19.299999,18.658858
2010-06-15,20.240000,19.567633
2010-06-16,20.020000,19.354941
2010-06-17,19.950001,19.287267
2010-06-18,20.030001,19.364610
2010-06-21,20.010000,19.345273
2010-06-22,19.350000,18.707198
2010-06-23,19.020000,18.388161
2010-06-24,18.590000,17.972445
2010-06-25,19.309999,18.668526
2010-06-28,18.660000,18.040120
2010-06-29,16.799999,16.241908
2010-06-30,16.969999,16.406260
2010-07-01,16.370001,15.826194
2010-07-02,16.070000,15.536159
2010-07-06,16.280001,15.739184
2010-07-07,17.170000,16.599617
2010-07-08,17.040001,16.473937
2010-07-09,17.799999,17.208688
2010-07-12,17.680000,17.092675
2010-07-13,18.389999,17.779088
2010-07-14,18.250000,17.643740
2010-07-15,18.260000,17.653408
2010-07-16,17.340000,16.763970
2010-07-19,17.570000,16.986329
2010-07-20,18.080000,17.479387
2010-07-21,19.650000,18.997232
2010-07-22,20.219999,19.548296
2010-07-23,20.770000,20.080026
2010-07-26,21.170000,20.466738
2010-07-27,20.709999,20.022019
2010-07-28,20.629999,19.944676
2010-07-29,20.690001,20.002685
2010-07-30,20.760000,20.070359
2010-08-02,21.290001,20.582753
2010-08-03,21.090000,20.389396
2010-08-04,21.480000,20.766440
2010-08-05,21.360001,20.650428
2010-08-06,20.820000,20.128365
2010-08-09,20.980000,20.283050
2010-08-10,20.120001,19.451620
2010-08-11,18.969999,18.339821
2010-08-12,18.430000,17.817761
2010-08-13,18.160000,17.556730
2010-08-16,17.860001,17.266697
2010-08-17,18.370001,17.759755
2010-08-18,18.670000,18.049788
2010-08-19,18.150000,17.547062
2010-08-20,17.889999,17.295698
2010-08-23,17.420000,16.841312
2010-08-24,17.420000,16.841312
2010-08-25,17.360001,16.783307
2010-08-26,17.410000,16.831645
2010-08-27,17.860001,17.266697
2010-08-30,17.809999,17.218356
2010-08-31,17.070000,16.502939
2010-09-01,18.100000,17.498723
2010-09-02,18.410000,17.798425
2010-09-03,18.910000,18.281815
2010-09-07,18.240000,17.634072
2010-09-08,18.660000,18.059923
2010-09-09,18.600000,18.001852
2010-09-10,18.900000,18.292204
2010-09-13,19.180000,18.563200
2010-09-14,18.940001,18.330919
2010-09-15,18.910000,18.301883
2010-09-16,19.240000,18.621271
2010-09-17,19.219999,18.601913
2010-09-20,20.190001,19.540721
2010-09-21,20.290001,19.637505
2010-09-22,20.160000,19.511685
2010-09-23,19.600000,18.969694
2010-09-24,20.740000,20.073033
2010-09-27,20.760000,20.092390
2010-09-28,20.879999,20.208530
2010-09-29,20.680000,20.014962
2010-09-30,20.559999,19.898820
2010-10-01,20.750000,20.082711
2010-10-04,20.690001,20.024642
2010-10-05,21.520000,20.827949
2010-10-06,21.580000,20.886020
2010-10-07,21.209999,20.527917
2010-10-08,21.620001,20.924734
2010-10-11,21.500000,20.808592
2010-10-12,21.469999,20.779556
2010-10-13,21.639999,20.944089
2010-10-14,21.330000,20.644059
2010-10-15,21.510000,20.818271
2010-10-18,21.260000,20.576310
2010-10-19,20.940001,20.266602
2010-10-20,20.780001,20.111747
2010-10-21,20.959999,20.285957
2010-10-22,20.950001,20.276281
2010-10-25,20.830000,20.160139
2010-10-26,20.670000,20.005284
2010-10-27,20.760000,20.092390
2010-10-28,20.660000,19.995606
2010-10-29,20.820000,20.150460
2010-11-01,20.780001,20.111747
2010-11-02,21.430000,20.740843
2010-11-03,21.620001,20.924734
2010-11-04,22.190001,21.476404
2010-11-05,22.610001,21.882897
2010-11-08,22.730000,21.999037
2010-11-09,22.440001,21.718364
2010-11-10,22.219999,21.505437
2010-11-11,21.870001,21.166695
2010-11-12,21.360001,20.673096
2010-11-15,21.150000,20.469848
2010-11-16,20.840000,20.169817
2010-11-17,20.920000,20.247244
2010-11-18,21.480000,20.789236
2010-11-19,21.600000,20.905377
2010-11-22,21.730000,21.031196
2010-11-23,21.530001,20.837629
2010-11-24,22.440001,21.718364
2010-11-26,22.059999,21.350583
2010-11-29,22.350000,21.631258
2010-11-30,22.360001,21.640937
2010-12-01,22.980000,22.240998
2010-12-02,23.400000,22.647491
2010-12-03,23.700001,22.937845
2010-12-06,23.230000,22.482958
2010-12-07,23.150000,22.405531
2010-12-08,23.080000,22.357097
2010-12-09,23.090000,22.366784
2010-12-10,23.400000,22.667074
2010-12-13,23.660000,22.918930
2010-12-14,23.889999,23.141725
2010-12-15,23.469999,22.734881
2010-12-16,23.350000,22.618640
2010-12-17,23.290001,22.560520
2010-12-20,23.590000,22.851123
2010-12-21,23.490000,22.754255
2010-12-22,23.309999,22.579892
2010-12-23,23.840000,23.093293
2010-12-27,23.980000,23.228908
2010-12-28,23.889999,23.141725
2010-12-29,23.639999,22.899556
2010-12-30,23.570000,22.831749
2010-12-31,23.639999,22.899556
2011-01-03,24.010000,23.257968
2011-01-04,23.750000,23.006111
2011-01-05,24.290001,23.529199
2011-01-06,24.459999,23.693872
2011-01-07,24.190001,23.432331
2011-01-10,24.330000,23.567945
2011-01-11,24.340000,23.577632
2011-01-12,24.920000,24.139465
2011-01-13,25.200001,24.410696
2011-01-14,25.340000,24.546310
2011-01-18,26.010000,25.195325
2011-01-19,25.459999,24.662551
2011-01-20,26.049999,25.234071
2011-01-21,26.629999,25.795904
2011-01-24,27.139999,26.289930
2011-01-25,27.070000,26.222124
2011-01-26,26.670000,25.834652
2011-01-27,26.980000,26.134943
2011-01-28,26.320000,25.495615
2011-01-31,26.290001,25.466556
2011-02-01,26.750000,25.912147
2011-02-02,26.770000,25.931520
2011-02-03,27.290001,26.435234
2011-02-04,27.200001,26.348053
2011-02-07,27.740000,26.871138
2011-02-08,27.910000,27.035814
2011-02-09,27.370001,26.512728
2011-02-10,27.139999,26.289930
2011-02-11,27.600000,26.735523
2011-02-14,27.389999,26.532100
2011-02-15,27.610001,26.745211
2011-02-16,27.959999,27.084246
2011-02-17,28.320000,27.432972
2011-02-18,28.500000,27.607334
2011-02-22,27.260000,26.406173
2011-02-23,26.570000,25.737785
2011-02-24,26.500000,25.669977
2011-02-25,27.150000,26.299618
2011-02-28,27.090000,26.241497
2011-03-01,26.250000,25.427807
2011-03-02,26.270000,25.447181
2011-03-03,27.309999,26.454606
2011-03-04,26.990000,26.144629
2011-03-07,26.639999,25.805591
2011-03-08,27.320000,26.464293
2011-03-09,27.530001,26.687254
2011-03-10,26.490000,25.679089
2011-03-11,26.660000,25.843885
2011-03-14,26.330000,25.523987
2011-03-15,25.629999,24.845414
2011-03-16,25.049999,24.283169
2011-03-17,25.299999,24.525516
2011-03-18,25.500000,24.719395
2011-03-21,26.870001,26.047457
2011-03-22,26.370001,25.562763
2011-03-23,27.469999,26.629088
2011-03-24,27.309999,26.473986
2011-03-25,27.010000,26.183171
2011-03-28,26.910000,26.086232
2011-03-29,26.990000,26.163783
2011-03-30,27.150000,26.318885
2011-03-31,27.389999,26.551537
2011-04-01,27.400000,26.561232
2011-04-04,27.600000,26.755110
2011-04-05,28.110001,27.249499
2011-04-06,28.020000,27.162253
2011-04-07,27.830000,26.978069
2011-04-08,27.170000,26.338273
2011-04-11,27.180000,26.347967
2011-04-12,26.879999,26.057149
2011-04-13,26.600000,25.785722
2011-04-14,26.270000,25.465824
2011-04-15,26.260000,25.456130
2011-04-18,25.780001,24.990824
2011-04-19,25.790001,25.000518
2011-04-20,25.510000,24.729089
2011-04-21,25.580000,24.796946
2011-04-25,25.549999,24.767863
2011-04-26,25.770000,24.981130
2011-04-27,25.840000,25.048987
2011-04-28,25.840000,25.048987
2011-04-29,26.100000,25.301028
2011-05-02,25.910000,25.116844
2011-05-03,25.400000,24.622456
2011-05-04,24.940001,24.176539
2011-05-05,24.709999,23.953577
2011-05-06,24.990000,24.225007
2011-05-09,24.980000,24.215313
2011-05-10,24.969999,24.205618
2011-05-11,24.840000,24.079599
2011-05-12,24.809999,24.050516
2011-05-13,24.610001,23.856640
2011-05-16,24.299999,23.556128
2011-05-17,23.450001,22.732150
2011-05-18,23.620001,22.896946
2011-05-19,23.420000,22.703068
2011-05-20,22.980000,22.276537
2011-05-23,22.090000,21.413782
2011-05-24,22.379999,21.694903
2011-05-25,22.620001,21.927558
2011-05-26,22.240000,21.559190
2011-05-27,22.469999,21.782148
2011-05-31,22.879999,22.179597
2011-06-01,22.320000,21.636741
2011-06-02,22.440001,21.753068
2011-06-03,21.920000,21.248986
2011-06-06,21.879999,21.210209
2011-06-07,21.559999,20.900005
2011-06-08,21.209999,20.579810
2011-06-09,21.420000,20.783571
2011-06-10,21.020000,20.395456
2011-06-13,21.200001,20.570109
2011-06-14,21.639999,20.997034
2011-06-15,21.379999,20.744759
2011-06-16,21.570000,20.929115
2011-06-17,21.740000,21.094064
2011-06-20,22.170000,21.511287
2011-06-21,22.879999,22.200191
2011-06-22,22.680000,22.006134
2011-06-23,22.889999,22.209894
2011-06-24,22.360001,21.695643
2011-06-27,22.440001,21.773266
2011-06-28,22.690001,22.015838
2011-06-29,23.209999,22.520386
2011-06-30,23.610001,22.908503
2011-07-01,23.940001,23.228698
2011-07-05,22.730000,22.054649
2011-07-06,22.629999,21.957619
2011-07-07,23.459999,22.762958
2011-07-08,23.299999,22.607712
2011-07-11,22.200001,21.540397
2011-07-12,22.070000,21.414259
2011-07-13,22.180000,21.520990
2011-07-14,21.910000,21.259013
2011-07-15,21.809999,21.161983
2011-07-18,21.440001,20.802978
2011-07-19,22.120001,21.462774
2011-07-20,24.430000,23.704139
2011-07-21,24.680000,23.946711
2011-07-22,24.760000,24.024334
2011-07-25,24.780001,24.043740
2011-07-26,24.690001,23.956415
2011-07-27,23.490000,22.792068
2011-07-28,23.010000,22.326330
2011-07-29,23.129999,22.442763
2011-08-01,22.270000,21.608316
2011-08-02,21.010000,20.385753
2011-08-03,20.660000,20.046152
2011-08-04,19.000000,18.435474
2011-08-05,18.590000,18.037656
2011-08-08,16.379999,15.893318
2011-08-09,17.450001,16.931529
2011-08-10,16.240000,15.757479
2011-08-11,16.950001,16.446385
2011-08-12,17.049999,16.543411
2011-08-15,17.139999,16.630737
2011-08-16,16.959999,16.456085
2011-08-17,16.740000,16.242623
2011-08-18,15.470000,15.010357
2011-08-19,15.210000,14.758082
2011-08-22,14.880000,14.437887
2011-08-23,15.210000,14.758082
2011-08-24,15.770000,15.301444
2011-08-25,15.050000,14.602836
2011-08-26,15.640000,15.175306
2011-08-29,16.450001,15.961240
2011-08-30,16.709999,16.213513
2011-08-31,16.870001,16.368761
2011-09-01,16.410000,15.922428
2011-09-02,15.560000,15.097683
2011-09-06,15.110000,14.661053
2011-09-07,15.660000,15.214851
2011-09-08,15.600000,15.156556
2011-09-09,15.260000,14.826221
2011-09-12,15.390000,14.952526
2011-09-13,15.750000,15.302292
2011-09-14,16.760000,16.283582
2011-09-15,17.450001,16.953969
2011-09-16,18.629999,18.100425
2011-09-19,17.570000,17.070557
2011-09-20,17.600000,17.099704
2011-09-21,16.930000,16.448750
2011-09-22,16.410000,15.943531
2011-09-23,16.930000,16.448750
2011-09-26,17.990000,17.478618
2011-09-27,18.690001,18.158721
2011-09-28,18.200001,17.682650
2011-09-29,18.230000,17.711796
2011-09-30,17.639999,17.138566
2011-10-03,16.719999,16.244718
2011-10-04,17.530001,17.031695
2011-10-05,18.030001,17.517482
2011-10-06,18.469999,17.944973
2011-10-07,18.340000,17.818669
2011-10-10,18.620001,18.090711
2011-10-11,18.480000,17.954690
2011-10-12,18.299999,17.779805
2011-10-13,18.070000,17.556344
2011-10-14,18.540001,18.012985
2011-10-17,18.000000,17.488334
2011-10-18,18.660000,18.129573
2011-10-19,18.590000,18.061563
2011-10-20,18.340000,17.818669
2011-10-21,19.070000,18.527918
2011-10-24,19.620001,19.062285
2011-10-25,18.770000,18.236446
2011-10-26,18.430000,17.906111
2011-10-27,20.110001,19.538356
2011-10-28,20.299999,19.722954
2011-10-31,19.420000,18.867969
2011-11-01,18.620001,18.090711
2011-11-02,18.280001,17.760376
2011-11-03,18.920000,18.382182
2011-11-04,18.610001,18.080995
2011-11-07,18.480000,17.954690
2011-11-08,18.750000,18.217015
2011-11-09,17.980000,17.468903
2011-11-10,18.370001,17.847817
2011-11-11,18.690001,18.158721
2011-11-14,18.740000,18.207299
2011-11-15,18.730000,18.197583
2011-11-16,18.410000,17.886679
2011-11-17,18.010000,17.498050
2011-11-18,18.520000,17.993553
2011-11-21,18.090000,17.575776
2011-11-22,18.010000,17.498050
2011-11-23,17.410000,16.915105
2011-11-25,17.330000,16.837379
2011-11-28,18.549999,18.022699
2011-11-29,18.639999,18.110141
2011-11-30,19.430000,18.877685
2011-12-01,19.389999,18.838821
2011-12-02,19.049999,18.508486
2011-12-05,19.280001,18.731950
2011-12-06,18.830000,18.294741
2011-12-07,18.760000,18.246110
2011-12-08,17.940001,17.448573
2011-12-09,18.209999,17.711175
2011-12-12,18.040001,17.545834
2011-12-13,17.350000,16.874734
2011-12-14,17.000000,16.534322
2011-12-15,17.219999,16.748294
2011-12-16,17.820000,17.331860
2011-12-19,17.190001,16.719118
2011-12-20,18.379999,17.876519
2011-12-21,18.330000,17.827889
2011-12-22,18.639999,18.129396
2011-12-23,18.770000,18.255836
2011-12-27,18.600000,18.090493
2011-12-28,18.160000,17.662546
2011-12-29,18.340000,17.837615
2011-12-30,18.490000,17.983506
2012-01-03,18.639999,18.129396
2012-01-04,19.010000,18.489262
2012-01-05,19.110001,18.586524
2012-01-06,19.120001,18.596250
2012-01-09,19.070000,18.547618
2012-01-10,20.170000,19.617486
2012-01-11,21.320000,20.735985
2012-01-12,21.320000,20.735985
2012-01-13,21.180000,20.599820
2012-01-17,21.670000,21.076397
2012-01-18,21.600000,21.008315
2012-01-19,21.639999,21.047218
2012-01-20,21.500000,20.911054
2012-01-23,21.750000,21.154206
2012-01-24,21.610001,21.018042
2012-01-25,24.760000,24.081753
2012-01-26,24.740000,24.062301
2012-01-27,25.209999,24.519425
2012-01-30,25.430000,24.733400
2012-01-31,25.480000,24.782030
2012-02-01,25.660000,24.957100
2012-02-02,25.500000,24.801482
2012-02-03,26.030001,25.316965
2012-02-06,25.930000,25.219704
2012-02-07,26.360001,25.637926
2012-02-08,27.070000,26.328476
2012-02-09,26.990000,26.250667
2012-02-10,26.959999,26.221488
2012-02-13,28.040001,27.271906
2012-02-14,27.980000,27.213548
2012-02-15,27.430000,26.678614
2012-02-16,27.870001,27.106562
2012-02-17,27.950001,27.184371
2012-02-21,27.700001,26.941219
2012-02-22,27.770000,27.009301
2012-02-23,27.719999,26.960669
2012-02-24,27.650000,26.892588
2012-02-27,27.520000,26.766149
2012-02-28,27.820000,27.057931
2012-02-29,27.510000,26.756423
2012-03-01,27.760000,26.999575
2012-03-02,27.020000,26.279845
2012-03-05,26.510000,25.783816
2012-03-06,25.340000,24.645865
2012-03-07,26.129999,25.434298
2012-03-08,26.650000,25.940455
2012-03-09,27.010000,26.290870
2012-03-12,27.049999,26.329804
2012-03-13,27.680000,26.943031
2012-03-14,27.510000,26.777557
2012-03-15,27.709999,26.972232
2012-03-16,27.480000,26.748356
2012-03-19,27.389999,26.660751
2012-03-20,26.620001,25.911254
2012-03-21,26.959999,26.242200
2012-03-22,26.430000,25.726312
2012-03-23,27.139999,26.417408
2012-03-26,27.799999,27.059835
2012-03-27,27.780001,27.040370
2012-03-28,27.340000,26.612084
2012-03-29,27.969999,27.225309
2012-03-30,27.830000,27.089038
2012-04-02,28.840000,28.072147
2012-04-03,28.889999,28.120815
2012-04-04,28.379999,27.624393
2012-04-05,27.670000,26.933298
2012-04-09,27.010000,26.290870
2012-04-10,26.400000,25.697111
2012-04-11,26.930000,26.213000
2012-04-12,27.350000,26.621817
2012-04-13,26.850000,26.135130
2012-04-16,27.010000,26.290870
2012-04-17,27.650000,26.913830
2012-04-18,26.650000,25.940455
2012-04-19,26.350000,25.648442
2012-04-20,26.750000,26.037792
2012-04-23,26.190001,25.492703
2012-04-24,26.639999,25.930720
2012-04-25,26.840000,26.125396
2012-04-26,26.799999,26.086460
2012-04-27,27.010000,26.290870
2012-04-30,26.639999,25.930720
2012-05-01,26.480000,25.774981
2012-05-02,26.530001,25.823651
2012-05-03,26.090000,25.395364
2012-05-04,25.500000,24.821073
2012-05-07,25.059999,24.392787
2012-05-08,24.680000,24.022905
2012-05-09,24.190001,23.545952
2012-05-10,24.230000,23.584886
2012-05-11,24.090000,23.448614
2012-05-14,23.629999,23.000860
2012-05-15,23.520000,22.893790
2012-05-16,23.160000,22.543374
2012-05-17,22.219999,21.628401
2012-05-18,22.350000,21.754940
2012-05-21,23.500000,22.874322
2012-05-22,23.450001,22.825654
2012-05-23,23.730000,23.098198
2012-05-24,23.780001,23.146868
2012-05-25,23.520000,22.893790
2012-05-29,24.190001,23.545952
2012-05-30,23.459999,22.835386
2012-05-31,23.629999,23.000860
2012-06-01,22.690001,22.085889
2012-06-04,22.700001,22.095623
2012-06-05,23.209999,22.592042
2012-06-06,24.160000,23.516750
2012-06-07,23.940001,23.302608
2012-06-08,24.309999,23.662755
2012-06-11,23.580000,22.952192
2012-06-12,24.520000,23.867165
2012-06-13,23.940001,23.321631
2012-06-14,24.290001,23.662590
2012-06-15,24.840000,24.198383
2012-06-18,24.740000,24.100966
2012-06-19,25.490000,24.831593
2012-06-20,25.889999,25.221260
2012-06-21,24.740000,24.100966
2012-06-22,24.570000,23.935357
2012-06-25,23.680000,23.068346
2012-06-26,23.459999,22.854027
2012-06-27,23.900000,23.282663
2012-06-28,23.820000,23.204729
2012-06-29,24.870001,24.227609
2012-07-02,24.520000,23.886648
2012-07-03,25.100000,24.451667
2012-07-05,24.860001,24.217867
2012-07-06,24.230000,23.604139
2012-07-09,24.180000,23.555431
2012-07-10,23.200001,22.600745
2012-07-11,22.490000,21.909083
2012-07-12,22.760000,22.172109
2012-07-13,23.150000,22.552036
2012-07-16,22.969999,22.376684
2012-07-17,22.969999,22.376684
2012-07-18,23.760000,23.146279
2012-07-19,26.500000,25.815505
2012-07-20,26.309999,25.630412
2012-07-23,25.889999,25.221260
2012-07-24,25.209999,24.558825
2012-07-25,25.309999,24.656242
2012-07-26,25.570000,24.909527
2012-07-27,26.400000,25.718088
2012-07-30,26.360001,25.679122
2012-07-31,26.049999,25.377128
2012-08-01,25.400000,24.743918
2012-08-02,25.200001,24.549085
2012-08-03,26.459999,25.776537
2012-08-06,26.110001,25.435580
2012-08-07,26.830000,26.136981
2012-08-08,26.530001,25.844731
2012-08-09,26.809999,26.117497
2012-08-10,26.830000,26.136981
2012-08-13,26.940001,26.244141
2012-08-14,26.790001,26.098015
2012-08-15,26.799999,26.107755
2012-08-16,27.000000,26.302590
2012-08-17,27.190001,26.487683
2012-08-20,27.270000,26.565616
2012-08-21,27.100000,26.400007
2012-08-22,26.930000,26.234398
2012-08-23,26.580000,25.893439
2012-08-24,26.530001,25.844731
2012-08-27,26.440001,25.757056
2012-08-28,26.490000,25.805763
2012-08-29,26.450001,25.766797
2012-08-30,26.059999,25.386869
2012-08-31,26.719999,26.029821
2012-09-04,26.410000,25.727830
2012-09-05,26.320000,25.640154
2012-09-06,27.059999,26.361039
2012-09-07,27.590000,26.877350
2012-09-10,27.110001,26.409750
2012-09-11,27.090000,26.390265
2012-09-12,27.670000,26.975199
2012-09-13,28.190001,27.482143
2012-09-14,28.360001,27.647874
2012-09-17,28.219999,27.511388
2012-09-18,27.860001,27.160429
2012-09-19,27.940001,27.238420
2012-09-20,27.540001,26.848464
2012-09-21,27.120001,26.439011
2012-09-24,26.799999,26.127044
2012-09-25,25.990000,25.337384
2012-09-26,25.950001,25.298390
2012-09-27,26.379999,25.717590
2012-09-28,26.170000,25.512865
2012-10-01,26.459999,25.795582
2012-10-02,25.780001,25.132659
2012-10-03,25.459999,24.820692
2012-10-04,25.469999,24.830441
2012-10-05,25.780001,25.132659
2012-10-08,25.629999,24.986423
2012-10-09,25.260000,24.625715
2012-10-10,25.219999,24.586718
2012-10-11,25.420000,24.781697
2012-10-12,25.490000,24.849940
2012-10-15,26.320000,25.659098
2012-10-16,26.459999,25.795582
2012-10-17,24.950001,24.323500
2012-10-18,25.750000,25.103411
2012-10-19,25.510000,24.869437
2012-10-22,25.670000,25.025420
2012-10-23,25.309999,24.674458
2012-10-24,25.000000,24.372244
2012-10-25,25.510000,24.869437
2012-10-26,25.559999,24.918181
2012-10-31,25.209999,24.576969
2012-11-01,25.590000,24.947428
2012-11-02,25.070000,24.440486
2012-11-05,25.180000,24.547724
2012-11-06,25.190001,24.557474
2012-11-07,24.100000,23.494843
2012-11-08,23.889999,23.290115
2012-11-09,23.860001,23.260870
2012-11-12,23.790001,23.192628
2012-11-13,23.990000,23.387605
2012-11-14,23.200001,22.617443
2012-11-15,23.139999,22.558948
2012-11-16,23.120001,22.539452
2012-11-19,23.570000,22.978151
2012-11-20,23.559999,22.968401
2012-11-21,23.590000,22.997649
2012-11-23,23.780001,23.182879
2012-11-26,23.809999,23.212124
2012-11-27,23.700001,23.104888
2012-11-28,23.840000,23.241371
2012-11-29,23.910000,23.309614
2012-11-30,23.490000,22.900160
2012-12-03,23.080000,22.500455
2012-12-04,23.020000,22.441962
2012-12-05,23.170000,22.588195
2012-12-06,23.650000,23.056142
2012-12-07,23.790001,23.192628
2012-12-10,24.190001,23.582584
2012-12-11,24.219999,23.611829
2012-12-12,24.000000,23.416690
2012-12-13,24.040001,23.455719
2012-12-14,24.260000,23.670371
2012-12-17,24.350000,23.758184
2012-12-18,24.680000,24.080163
2012-12-19,24.620001,24.021623
2012-12-20,24.709999,24.109433
2012-12-21,24.480000,23.885024
2012-12-24,24.410000,23.816726
2012-12-26,24.170000,23.582559
2012-12-27,24.299999,23.709398
2012-12-28,24.120001,23.533775
2012-12-31,24.790001,24.187491
2013-01-02,25.480000,24.860720
2013-01-03,25.690001,25.065617
2013-01-04,26.230000,25.592491
2013-01-07,26.400000,25.758360
2013-01-08,26.360001,25.719333
2013-01-09,26.370001,25.729090
2013-01-10,26.610001,25.963257
2013-01-11,26.410000,25.768116
2013-01-14,26.450001,25.807145
2013-01-15,26.410000,25.768116
2013-01-16,26.290001,25.651034
2013-01-17,27.090000,26.431589
2013-01-18,27.219999,26.558429
2013-01-22,27.080000,26.421832
2013-01-23,27.840000,27.163361
2013-01-24,28.379999,27.690235
2013-01-25,28.750000,28.051244
2013-01-28,28.680000,27.982945
2013-01-29,28.830000,28.129299
2013-01-30,28.719999,28.021972
2013-01-31,28.760000,28.061001
2013-02-01,28.889999,28.187840
2013-02-04,28.590000,27.895133
2013-02-05,28.840000,28.139056
2013-02-06,29.040001,28.334196
2013-02-07,28.930000,28.226869
2013-02-08,29.309999,28.597632
2013-02-11,29.559999,28.841556
2013-02-12,29.139999,28.431764
2013-02-13,29.400000,28.685446
2013-02-14,29.480000,28.763501
2013-02-15,29.389999,28.675688
2013-02-19,29.580000,28.861071
2013-02-20,29.219999,28.509820
2013-02-21,28.580000,27.885376
2013-02-22,29.139999,28.431764
2013-02-25,27.969999,27.290200
2013-02-26,28.059999,27.378013
2013-02-27,28.799999,28.100028
2013-02-28,28.850000,28.148813
2013-03-01,28.469999,27.778048
2013-03-04,28.639999,27.943916
2013-03-05,29.430000,28.714717
2013-03-06,29.820000,29.095238
2013-03-07,29.660000,28.939127
2013-03-08,30.400000,29.661141
2013-03-11,30.700001,29.953851
2013-03-12,30.660000,29.914822
2013-03-13,30.760000,30.031982
2013-03-14,31.150000,30.412752
2013-03-15,31.049999,30.315117
2013-03-18,30.920000,30.188195
2013-03-19,30.700001,29.973403
2013-03-20,31.209999,30.471330
2013-03-21,30.709999,29.983164
2013-03-22,30.750000,30.022219
2013-03-25,29.690001,28.987307
2013-03-26,29.860001,29.153284
2013-03-27,29.500000,28.801803
2013-03-28,29.809999,29.104465
2013-04-01,29.190001,28.499141
2013-04-02,28.770000,28.089081
2013-04-03,28.520000,27.844998
2013-04-04,28.790001,28.108608
2013-04-05,28.559999,27.884050
2013-04-08,28.969999,28.284346
2013-04-09,28.680000,28.001211
2013-04-10,29.139999,28.450323
2013-04-11,29.940001,29.231390
2013-04-12,29.809999,29.104465
2013-04-15,28.480000,27.805944
2013-04-16,29.350000,28.655353
2013-04-17,25.410000,24.808604
2013-04-18,25.760000,25.150320
2013-04-19,26.350000,25.726356
2013-04-22,25.780001,25.169848
2013-04-23,25.719999,25.111266
2013-04-24,25.760000,25.150320
2013-04-25,26.180000,25.560380
2013-04-26,26.059999,25.443219
2013-04-29,26.139999,25.521326
2013-04-30,25.750000,25.140557
2013-05-01,24.879999,24.291147
2013-05-02,25.570000,24.964817
2013-05-03,25.719999,25.111266
2013-05-06,26.760000,26.126653
2013-05-07,26.900000,26.263339
2013-05-08,26.730000,26.097363
2013-05-09,27.040001,26.400027
2013-05-10,27.129999,26.487895
2013-05-13,27.150000,26.507422
2013-05-14,27.320000,26.673399
2013-05-15,27.610001,26.956536
2013-05-16,27.600000,26.946772
2013-05-17,28.250000,27.581388
2013-05-20,28.200001,27.532572
2013-05-21,28.090000,27.425175
2013-05-22,27.280001,26.634346
2013-05-23,27.150000,26.507422
2013-05-24,27.510000,26.858902
2013-05-28,27.799999,27.142037
2013-05-29,26.940001,26.302393
2013-05-30,27.320000,26.673399
2013-05-31,26.959999,26.321918
2013-06-03,26.830000,26.194996
2013-06-04,26.459999,25.833752
2013-06-05,25.740000,25.130794
2013-06-06,26.469999,25.843515
2013-06-07,26.920000,26.282866
2013-06-10,26.910000,26.273103
2013-06-11,26.650000,26.019256
2013-06-12,26.120001,25.520954
2013-06-13,26.600000,25.989944
2013-06-14,26.500000,25.892238
2013-06-17,27.090000,26.468706
2013-06-18,27.180000,26.556642
2013-06-19,26.900000,26.283064
2013-06-20,26.090000,25.491641
2013-06-21,25.900000,25.305998
2013-06-24,25.270000,24.690447
2013-06-25,25.389999,24.807694
2013-06-26,25.770000,25.178980
2013-06-27,26.379999,25.774989
2013-06-28,26.049999,25.452557
2013-07-01,26.180000,25.579577
2013-07-02,25.620001,25.032421
2013-07-03,25.639999,25.051960
2013-07-05,26.240000,25.638201
2013-07-08,26.309999,25.706594
2013-07-09,26.889999,26.273292
2013-07-10,27.280001,26.654350
2013-07-11,27.740000,27.103799
2013-07-12,27.639999,27.006091
2013-07-15,27.719999,27.084257
2013-07-16,27.730000,27.094028
2013-07-17,27.740000,27.103799
2013-07-18,28.270000,27.621644
2013-07-19,28.540001,27.885452
2013-07-22,28.959999,28.295818
2013-07-23,28.910000,28.246966
2013-07-24,27.920000,27.279671
2013-07-25,27.830000,27.191735
2013-07-26,27.590000,26.957239
2013-07-29,27.650000,27.015863
2013-07-30,27.670000,27.035404
2013-07-31,27.379999,26.752054
2013-08-01,28.600000,27.944075
2013-08-02,28.730000,28.071094
2013-08-05,28.980000,28.315360
2013-08-06,28.459999,27.807285
2013-08-07,28.170000,27.523937
2013-08-08,28.209999,27.563019
2013-08-09,28.000000,27.357836
2013-08-12,27.709999,27.074486
2013-08-13,28.760000,28.100406
2013-08-14,28.309999,27.660725
2013-08-15,27.860001,27.221048
2013-08-16,27.600000,26.967010
2013-08-19,27.250000,26.625037
2013-08-20,27.200001,26.576184
2013-08-21,27.260000,26.634807
2013-08-22,27.549999,26.918155
2013-08-23,27.750000,27.113570
2013-08-26,27.610001,26.976781
2013-08-27,26.650000,26.038797
2013-08-28,26.809999,26.195127
2013-08-29,27.410000,26.781367
2013-08-30,26.940001,26.322147
2013-09-03,27.280001,26.654350
2013-09-04,27.549999,26.918155
2013-09-05,28.059999,27.416459
2013-09-06,28.170000,27.523937
2013-09-09,28.959999,28.295818
2013-09-10,29.500000,28.823434
2013-09-11,29.379999,28.725660
2013-09-12,28.430000,27.796819
2013-09-13,28.670000,28.031474
2013-09-16,29.049999,28.403010
2013-09-17,29.350000,28.696330
2013-09-18,29.309999,28.657220
2013-09-19,29.000000,28.354125
2013-09-20,28.469999,27.835928
2013-09-23,28.209999,27.581718
2013-09-24,28.280001,27.650161
2013-09-25,27.889999,27.268845
2013-09-26,27.940001,27.317734
2013-09-27,27.900000,27.278623
2013-09-30,27.610001,26.995083
2013-10-01,27.870001,27.249293
2013-10-02,27.629999,27.014636
2013-10-03,27.100000,26.496441
2013-10-04,27.120001,26.515996
2013-10-07,26.879999,26.281339
2013-10-08,26.600000,26.007576
2013-10-09,26.459999,25.870693
2013-10-10,27.260000,26.652877
2013-10-11,27.309999,26.701763
2013-10-14,27.290001,26.682210
2013-10-15,26.670000,26.076017
2013-10-16,27.059999,26.457331
2013-10-17,27.520000,26.907087
2013-10-18,28.250000,27.620828
2013-10-21,28.180000,27.552387
2013-10-22,28.410000,27.777265
2013-10-23,28.510000,27.875038
2013-10-24,29.040001,28.393235
2013-10-25,29.070000,28.422566
2013-10-28,29.040001,28.393235
2013-10-29,29.120001,28.471453
2013-10-30,28.990000,28.344347
2013-10-31,28.790001,28.148803
2013-11-01,29.000000,28.354125
2013-11-04,29.459999,28.803879
2013-11-05,29.100000,28.451898
2013-11-06,29.450001,28.794103
2013-11-07,29.379999,28.725660
2013-11-08,30.280001,29.605618
2013-11-11,30.340000,29.664281
2013-11-12,30.670000,29.986931
2013-11-13,31.080000,30.387800
2013-11-14,30.670000,29.986931
2013-11-15,30.650000,29.967377
2013-11-18,30.670000,29.986931
2013-11-19,30.400000,29.722944
2013-11-20,30.510000,29.830495
2013-11-21,31.510000,30.808223
2013-11-22,31.980000,31.267755
2013-11-25,32.709999,31.981496
2013-11-26,32.770000,32.040161
2013-11-27,33.250000,32.509471
2013-11-29,33.230000,32.489916
2013-12-02,33.119999,32.382365
2013-12-03,32.630001,31.903280
2013-12-04,32.259998,31.541517
2013-12-05,32.299999,31.580628
2013-12-06,32.619999,31.893501
2013-12-09,32.410000,31.688179
2013-12-10,32.240002,31.521967
2013-12-11,31.590000,30.905614
2013-12-12,31.510000,30.827347
2013-12-13,31.459999,30.778429
2013-12-16,32.110001,31.414349
2013-12-17,32.099998,31.404563
2013-12-18,32.790001,32.079617
2013-12-19,32.570000,31.864382
2013-12-20,37.290001,36.482126
2013-12-23,36.380001,35.591841
2013-12-24,36.000000,35.220072
2013-12-26,36.200001,35.415740
2013-12-27,36.610001,35.816858
2013-12-30,36.430000,35.640757
2013-12-31,36.759998,35.963605
2014-01-02,36.290001,35.503791
2014-01-03,36.310001,35.523357
2014-01-06,36.160000,35.376606
2014-01-07,35.759998,34.985270
2014-01-08,35.779999,35.004838
2014-01-09,35.820000,35.043972
2014-01-10,35.669998,34.897220
2014-01-13,34.750000,33.997153
2014-01-14,35.200001,34.437405
2014-01-15,35.610001,34.838523
2014-01-16,35.650002,34.877657
2014-01-17,36.099998,35.317904
2014-01-21,36.099998,35.317904
2014-01-22,38.000000,37.176743
2014-01-23,37.790001,36.971294
2014-01-24,36.410000,35.621190
2014-01-27,36.770000,35.973391
2014-01-28,36.830002,36.032093
2014-01-29,36.099998,35.317904
2014-01-30,36.389999,35.601622
2014-01-31,35.500000,34.730905
2014-02-03,34.279999,33.537335
2014-02-04,35.099998,34.339569
2014-02-05,34.830002,34.075422
2014-02-06,35.270000,34.505888
2014-02-07,35.820000,35.043972
2014-02-10,35.220001,34.456972
2014-02-11,36.150002,35.366825
2014-02-12,36.830002,36.032093
2014-02-13,36.840000,36.041874
2014-02-14,37.330002,36.521260
2014-02-18,37.830002,37.010428
2014-02-19,37.270000,36.462558
2014-02-20,38.529999,37.695260
2014-02-21,38.310001,37.480028
2014-02-24,39.189999,38.340961
2014-02-25,38.799999,37.959410
2014-02-26,38.799999,37.959410
2014-02-27,39.889999,39.025796
2014-02-28,39.700001,38.839914
2014-03-03,39.110001,38.262696
2014-03-04,39.889999,39.025796
2014-03-05,39.970001,39.104065
2014-03-06,40.110001,39.241032
2014-03-07,40.180000,39.309514
2014-03-10,39.630001,38.771431
2014-03-11,39.220001,38.370313
2014-03-12,38.790001,37.968991
2014-03-13,37.820000,37.019521
2014-03-14,37.750000,36.951002
2014-03-17,38.400002,37.587247
2014-03-18,38.790001,37.968991
2014-03-19,38.560001,37.743859
2014-03-20,38.470001,37.655764
2014-03-21,38.410000,37.597033
2014-03-24,37.889999,37.088038
2014-03-25,38.900002,38.076664
2014-03-26,38.020000,37.215288
2014-03-27,37.779999,36.980366
2014-03-28,38.529999,37.714492
2014-03-31,39.290001,38.458408
2014-04-01,39.889999,39.045707
2014-04-02,40.430000,39.574279
2014-04-03,40.099998,39.251261
2014-04-04,39.080002,38.252854
2014-04-07,38.220001,37.411055
2014-04-08,38.169998,37.362111
2014-04-09,39.290001,38.458408
2014-04-10,37.970001,37.166347
2014-04-11,36.959999,36.177722
2014-04-14,37.369999,36.579044
2014-04-15,37.709999,36.911848
2014-04-16,38.889999,38.066873
2014-04-17,39.540001,38.703117
2014-04-21,39.439999,38.605232
2014-04-22,40.060001,39.212111
2014-04-23,40.150002,39.300207
2014-04-24,39.730000,38.889094
2014-04-25,39.259998,38.429040
2014-04-28,39.259998,38.429040
2014-04-29,39.990002,39.143593
2014-04-30,40.900002,40.034333
2014-05-01,38.980000,38.154969
2014-05-02,39.049999,38.223486
2014-05-05,39.380001,38.546503
2014-05-06,38.950001,38.125605
2014-05-07,38.950001,38.125605
2014-05-08,38.700001,37.880896
2014-05-09,38.459999,37.645974
2014-05-12,39.860001,39.016344
2014-05-13,39.990002,39.143593
2014-05-14,39.700001,38.859730
2014-05-15,39.169998,38.340945
2014-05-16,39.220001,38.389890
2014-05-19,39.250000,38.419254
2014-05-20,38.090000,37.283806
2014-05-21,38.099998,37.293592
2014-05-22,38.080002,37.274020
2014-05-23,38.779999,37.959201
2014-05-27,39.009998,38.184332
2014-05-28,39.090000,38.262640
2014-05-29,39.270000,38.438831
2014-05-30,39.220001,38.389890
2014-06-02,39.270000,38.438831
2014-06-03,39.240002,38.409468
2014-06-04,39.160000,38.331159
2014-06-05,39.580002,38.742271
2014-06-06,40.180000,39.329570
2014-06-09,40.930000,40.063696
2014-06-10,40.779999,39.916870
2014-06-11,40.189999,39.358660
2014-06-12,39.380001,38.565417
2014-06-13,39.400002,38.585005
2014-06-16,39.349998,38.536035
2014-06-17,39.560001,38.741694
2014-06-18,39.689999,38.869003
2014-06-19,39.490002,38.673143
2014-06-20,39.720001,38.898384
2014-06-23,39.180000,38.369553
2014-06-24,37.849998,37.067063
2014-06-25,38.049999,37.262927
2014-06-26,38.049999,37.262927
2014-06-27,38.810001,38.007208
2014-06-30,38.290001,37.497964
2014-07-01,38.480000,37.684033
2014-07-02,38.169998,37.380443
2014-07-03,38.330002,37.537138
2014-07-07,37.709999,36.929960
2014-07-08,37.180000,36.410924
2014-07-09,37.340000,36.567614
2014-07-10,37.340000,36.567614
2014-07-11,37.889999,37.106236
2014-07-14,38.560001,37.762379
2014-07-15,38.369999,37.576307
2014-07-16,39.000000,38.193277
2014-07-17,38.320000,37.527343
2014-07-18,38.759998,37.958239
2014-07-21,38.810001,38.007208
2014-07-22,38.889999,38.085551
2014-07-23,38.200001,37.409826
2014-07-24,37.990002,37.204171
2014-07-25,37.630001,36.851616
2014-07-28,37.009998,36.244438
2014-07-29,36.700001,35.940854
2014-07-30,36.880001,36.117130
2014-07-31,36.369999,35.617678
2014-08-01,36.200001,35.451196
2014-08-04,36.240002,35.490370
2014-08-05,36.529999,35.774368
2014-08-06,36.160000,35.412023
2014-08-07,36.150002,35.402232
2014-08-08,37.310001,36.538236
2014-08-11,37.799999,37.018098
2014-08-12,37.570000,36.792857
2014-08-13,38.220001,37.429412
2014-08-14,37.740002,36.959342
2014-08-15,37.490002,36.714513
2014-08-18,37.970001,37.184583
2014-08-19,38.290001,37.497964
2014-08-20,38.939999,38.134517
2014-08-21,39.029999,38.222655
2014-08-22,38.849998,38.046378
2014-08-25,38.930000,38.124725
2014-08-26,38.759998,37.958239
2014-08-27,38.500000,37.703619
2014-08-28,38.009998,37.223753
2014-08-29,38.000000,37.213962
2014-09-02,38.430000,37.635067
2014-09-03,38.020000,37.233548
2014-09-04,37.720001,36.939755
2014-09-05,38.340000,37.546929
2014-09-08,38.049999,37.262927
2014-09-09,37.419998,36.645957
2014-09-10,37.799999,37.037894
2014-09-11,37.490002,36.734147
2014-09-12,36.459999,35.724910
2014-09-15,36.360001,35.626928
2014-09-16,36.919998,36.175635
2014-09-17,36.779999,36.038458
2014-09-18,36.740002,35.999268
2014-09-19,36.810001,36.067856
2014-09-22,36.450001,35.715114
2014-09-23,36.110001,35.381969
2014-09-24,36.139999,35.411362
2014-09-25,35.540001,34.823461
2014-09-26,36.709999,35.969870
2014-09-29,36.360001,35.626928
2014-09-30,35.990002,35.264389
2014-10-01,35.480000,34.764669
2014-10-02,35.380001,34.666687
2014-10-03,35.889999,35.166402
2014-10-06,35.400002,34.686284
2014-10-07,34.189999,33.500677
2014-10-08,34.720001,34.019993
2014-10-09,33.509998,32.834386
2014-10-10,33.189999,32.520838
2014-10-13,32.279999,31.629185
2014-10-14,33.830002,33.147938
2014-10-15,33.750000,33.069549
2014-10-16,33.660000,32.981363
2014-10-17,36.650002,35.911082
2014-10-20,36.450001,35.715114
2014-10-21,37.540001,36.783138
2014-10-22,36.599998,35.862087
2014-10-23,38.160000,37.390637
2014-10-24,38.759998,37.978538
2014-10-27,38.889999,38.105918
2014-10-28,40.490002,39.673662
2014-10-29,40.660000,39.840233
2014-10-30,41.070000,40.241967
2014-10-31,41.529999,40.692691
2014-11-03,41.410000,40.575112
2014-11-04,41.369999,40.535917
2014-11-05,42.049999,41.202207
2014-11-06,42.230000,41.378579
2014-11-07,41.889999,41.045433
2014-11-10,42.090000,41.241402
2014-11-11,41.799999,40.957248
2014-11-12,42.090000,41.241402
2014-11-13,42.150002,41.300194
2014-11-14,41.740002,40.898460
2014-11-17,41.799999,40.957248
2014-11-18,42.450001,41.594145
2014-11-19,42.830002,41.966484
2014-11-20,42.990002,42.123258
2014-11-21,43.580002,42.701363
2014-11-24,44.230000,43.338256
2014-11-25,43.689999,42.809142
2014-11-26,43.290001,42.417209
2014-11-28,43.320000,42.446603
2014-12-01,42.529999,41.672530
2014-12-02,42.160000,41.309991
2014-12-03,43.220001,42.348620
2014-12-04,42.470001,41.613741
2014-12-05,42.320000,41.466765
2014-12-08,41.610001,40.771080
2014-12-09,41.840000,40.996442
2014-12-10,40.520000,39.722043
2014-12-11,40.590000,39.790664
2014-12-12,39.330002,38.555480
2014-12-15,39.669998,38.888780
2014-12-16,39.490002,38.712329
2014-12-17,40.650002,39.849485
2014-12-18,41.990002,41.163096
2014-12-19,42.709999,41.868915
2014-12-22,42.900002,42.055176
2014-12-23,43.279999,42.427690
2014-12-24,43.000000,42.153205
2014-12-26,43.049999,42.202219
2014-12-29,43.099998,42.251233
2014-12-30,42.689999,41.849308
2014-12-31,42.110001,41.280732
2015-01-02,42.169998,41.339548
2015-01-05,41.360001,40.545502
2015-01-06,41.180000,40.369046
2015-01-07,41.450001,40.633730
2015-01-08,43.320000,42.466903
2015-01-09,42.580002,41.741478
2015-01-12,42.139999,41.310139
2015-01-13,42.430000,41.594430
2015-01-14,42.189999,41.359155
2015-01-15,42.330002,41.496401
2015-01-16,42.869999,42.025764
2015-01-20,42.560001,41.721870
2015-01-21,42.459999,41.623838
2015-01-22,43.459999,42.604145
2015-01-23,42.369999,41.535610
2015-01-26,42.450001,41.614037
2015-01-27,41.369999,40.555303
2015-01-28,41.990002,41.163096
2015-01-29,42.560001,41.721870
2015-01-30,42.560001,41.721870
2015-02-02,43.090000,42.241432
2015-02-03,43.380001,42.525722
2015-02-04,43.110001,42.261039
2015-02-05,43.540001,42.682571
2015-02-06,43.549999,42.692372
2015-02-09,43.220001,42.368873
2015-02-10,43.580002,42.721785
2015-02-11,43.169998,42.319855
2015-02-12,44.189999,43.319769
2015-02-13,44.680000,43.800120
2015-02-17,44.099998,43.231540
2015-02-18,44.320000,43.447210
2015-02-19,44.790001,43.907955
2015-02-20,44.990002,44.104018
2015-02-23,44.910000,44.025591
2015-02-24,45.330002,44.437322
2015-02-25,44.970001,44.084410
2015-02-26,44.209999,43.339375
2015-02-27,44.310001,43.437408
2015-03-02,44.439999,43.564846
2015-03-03,43.880001,43.015876
2015-03-04,43.639999,42.780600
2015-03-05,44.009998,43.143313
2015-03-06,44.779999,43.898150
2015-03-09,44.290001,43.417802
2015-03-10,42.990002,42.143403
2015-03-11,42.599998,41.780517
2015-03-12,43.369999,42.535706
2015-03-13,42.799999,41.976671
2015-03-16,43.880001,43.035897
2015-03-17,43.790001,42.947628
2015-03-18,44.650002,43.791086
2015-03-19,44.389999,43.536084
2015-03-20,44.990002,44.124545
2015-03-23,44.610001,43.751854
2015-03-24,45.080002,44.212814
2015-03-25,44.330002,43.477242
2015-03-26,44.000000,43.153588
2015-03-27,44.189999,43.339932
2015-03-30,45.070000,44.203005
2015-03-31,44.330002,43.477242
2015-04-01,44.799999,43.938197
2015-04-02,44.939999,44.075504
2015-04-06,46.099998,45.213189
2015-04-07,45.770000,44.889539
2015-04-08,45.849998,44.967998
2015-04-09,45.810001,44.928770
2015-04-10,46.119999,45.232805
2015-04-13,45.720001,44.840502
2015-04-14,45.610001,44.732618
2015-04-15,45.910000,45.026846
2015-04-16,46.110001,45.222999
2015-04-17,44.810001,43.948007
2015-04-20,45.450001,44.575696
2015-04-21,44.660000,43.800892
2015-04-22,44.709999,43.849929
2015-04-23,44.720001,43.859738
2015-04-24,44.209999,43.359547
2015-04-27,43.669998,42.829934
2015-04-28,44.360001,43.506664
2015-04-29,44.160000,43.310510
2015-04-30,43.980000,43.133972
2015-05-01,44.410000,43.555701
2015-05-04,44.599998,43.742044
2015-05-05,44.400002,43.545895
2015-05-06,44.610001,43.751854
2015-05-07,44.680000,43.820507
2015-05-08,45.189999,44.320695
2015-05-11,45.400002,44.526658
2015-05-12,45.520000,44.644348
2015-05-13,45.889999,45.007230
2015-05-14,46.860001,45.958572
2015-05-15,46.619999,45.723187
2015-05-18,46.660000,45.762418
2015-05-19,46.290001,45.399537
2015-05-20,46.470001,45.576074
2015-05-21,46.509998,45.615302
2015-05-22,46.349998,45.458380
2015-05-26,45.700001,44.820886
2015-05-27,45.939999,45.056268
2015-05-28,45.950001,45.066077
2015-05-29,45.220001,44.350120
2015-06-01,45.150002,44.281468
2015-06-02,45.150002,44.281468
2015-06-03,45.360001,44.487427
2015-06-04,44.529999,43.673391
2015-06-05,44.759998,43.898966
2015-06-08,44.740002,43.879355
2015-06-09,44.549999,43.693007
2015-06-10,46.060001,45.194250
2015-06-11,46.150002,45.282560
2015-06-12,45.959999,45.096128
2015-06-15,45.509998,44.654585
2015-06-16,45.910000,45.047069
2015-06-17,45.919998,45.056879
2015-06-18,46.470001,45.596544
2015-06-19,46.139999,45.272745
2015-06-22,46.270000,45.400302
2015-06-23,46.049999,45.184436
2015-06-24,45.919998,45.056879
2015-06-25,45.669998,44.811578
2015-06-26,45.630001,44.772333
2015-06-29,44.540001,43.702821
2015-06-30,44.630001,43.791129
2015-07-01,44.709999,43.869623
2015-07-02,44.490002,43.653761
2015-07-06,44.360001,43.526204
2015-07-07,44.209999,43.379021
2015-07-08,42.959999,42.152517
2015-07-09,43.689999,42.868795
2015-07-10,43.680000,42.858984
2015-07-13,44.250000,43.418271
2015-07-14,44.330002,43.496769
2015-07-15,43.490002,42.672558
2015-07-16,44.029999,43.202405
2015-07-17,43.810001,42.986542
2015-07-20,43.730000,42.908045
2015-07-21,43.060001,42.250639
2015-07-22,42.049999,41.259621
2015-07-23,41.689999,40.906388
2015-07-24,41.110001,40.337291
2015-07-27,40.529999,39.768191
2015-07-28,42.869999,42.064208
2015-07-29,44.000000,43.172970
2015-07-30,44.180000,43.349586
2015-07-31,43.700001,42.878609
2015-08-03,43.240002,42.427257
2015-08-04,43.139999,42.329133
2015-08-05,43.259998,42.446877
2015-08-06,42.910000,42.103457
2015-08-07,42.450001,41.652105
2015-08-10,43.849998,43.025787
2015-08-11,42.959999,42.152517
2015-08-12,42.529999,41.730599
2015-08-13,42.970001,42.162331
2015-08-14,43.570000,42.751052
2015-08-17,43.709999,42.888419
2015-08-18,43.689999,42.868795
2015-08-19,43.400002,42.584249
2015-08-20,41.730000,40.945637
2015-08-21,39.759998,39.012663
2015-08-24,38.389999,37.668415
2015-08-25,37.000000,36.304543
2015-08-26,38.000000,37.285746
2015-08-27,39.410000,38.669244
2015-08-28,39.709999,38.963604
2015-08-31,38.799999,38.070709
2015-09-01,37.169998,36.471345
2015-09-02,38.580002,37.854847
2015-09-03,38.799999,38.070709
2015-09-04,38.650002,37.923531
2015-09-08,40.259998,39.503265
2015-09-09,40.270000,39.532718
2015-09-10,40.380001,39.640705
2015-09-11,40.509998,39.768322
2015-09-14,40.320000,39.581802
2015-09-15,40.930000,40.180634
2015-09-16,41.220001,40.465326
2015-09-17,40.669998,39.925393
2015-09-18,39.580002,38.855353
2015-09-21,39.560001,38.835718
2015-09-22,38.529999,37.824574
2015-09-23,38.080002,37.382815
2015-09-24,38.279999,37.579151
2015-09-25,38.270000,37.569335
2015-09-28,37.490002,36.803617
2015-09-29,37.430000,36.744714
2015-09-30,37.639999,36.950868
2015-10-01,38.090000,37.392630
2015-10-02,38.430000,37.726405
2015-10-05,39.369999,38.649195
2015-10-06,39.560001,38.835718
2015-10-07,40.220001,39.483634
2015-10-08,41.099998,40.347520
2015-10-09,41.259998,40.504591
2015-10-12,41.209999,40.455507
2015-10-13,40.680000,39.935211
2015-10-14,40.080002,39.346198
2015-10-15,39.849998,39.120405
2015-10-16,39.090000,38.374322
2015-10-19,38.509998,37.804939
2015-10-20,38.799999,38.089630
2015-10-21,38.590000,37.883476
2015-10-22,39.169998,38.452855
2015-10-23,39.029999,38.315419
2015-10-26,38.820000,38.109265
2015-10-27,40.430000,39.689789
2015-10-28,41.980000,41.211410
2015-10-29,41.830002,41.064159
2015-10-30,42.169998,41.397930
2015-11-02,42.860001,42.075300
2015-11-03,42.049999,41.280128
2015-11-04,41.860001,41.093608
2015-11-05,41.970001,41.201594
2015-11-06,41.980000,41.211410
2015-11-09,41.209999,40.455507
2015-11-10,41.099998,40.347520
2015-11-11,41.180000,40.426057
2015-11-12,40.900002,40.151186
2015-11-13,41.009998,40.259168
2015-11-16,42.439999,41.662988
2015-11-17,41.790001,41.024890
2015-11-18,42.590000,41.810242
2015-11-19,43.320000,42.526877
2015-11-20,43.619999,42.821384
2015-11-23,43.410000,42.615229
2015-11-24,43.180000,42.389440
2015-11-25,43.330002,42.536696
2015-11-27,43.240002,42.448344
2015-11-30,42.669998,41.888776
2015-12-01,42.720001,41.937863
2015-12-02,41.740002,40.975806
2015-12-03,41.169998,40.416238
2015-12-04,42.080002,41.309582
2015-12-07,41.900002,41.132877
2015-12-08,41.180000,40.426057
2015-12-09,41.470001,40.730530
2015-12-10,41.599998,40.858209
2015-12-11,40.860001,40.131408
2015-12-14,41.250000,40.514452
2015-12-15,41.369999,40.632312
2015-12-16,42.610001,41.850203
2015-12-17,41.419998,40.681419
2015-12-18,41.009998,40.278730
2015-12-21,41.310001,40.573383
2015-12-22,42.070000,41.319831
2015-12-23,42.779999,42.017169
2015-12-24,42.689999,41.928774
2015-12-28,42.560001,41.801094
2015-12-29,42.980000,42.213604
2015-12-30,42.450001,41.693056
2015-12-31,42.009998,41.260898
2016-01-04,41.500000,40.759994
2016-01-05,41.599998,40.858209
2016-01-06,40.349998,39.630499
2016-01-07,39.520000,38.815301
2016-01-08,39.070000,38.373325
2016-01-11,38.889999,38.196534
2016-01-12,39.080002,38.383149
2016-01-13,37.950001,37.273297
2016-01-14,37.959999,37.283117
2016-01-15,37.349998,36.683993
2016-01-19,36.799999,36.143801
2016-01-20,36.360001,35.711649
2016-01-21,36.509998,35.858971
2016-01-22,37.450001,36.782213
2016-01-25,36.830002,36.173269
2016-01-26,37.730000,37.057219
2016-01-27,32.689999,32.107089
2016-01-28,33.590000,32.991041
2016-01-29,34.220001,33.609808
2016-02-01,33.189999,32.598173
2016-02-02,31.760000,31.193673
2016-02-03,32.279999,31.704400
2016-02-04,32.299999,31.724043
2016-02-05,32.299999,31.724043
2016-02-08,32.480000,31.900834
2016-02-09,32.029999,31.458857
2016-02-10,32.000000,31.429393
2016-02-11,31.110001,30.555264
2016-02-12,32.080002,31.507969
2016-02-16,32.840000,32.254415
2016-02-17,33.299999,32.706211
2016-02-18,33.750000,33.148188
2016-02-19,33.279999,32.686568
2016-02-22,34.160000,33.550877
2016-02-23,33.889999,33.285691
2016-02-24,34.000000,33.393730
2016-02-25,34.509998,33.894634
2016-02-26,34.549999,33.933922
2016-02-29,34.150002,33.541058
2016-03-01,34.500000,33.884815
2016-03-02,34.169998,33.560697
2016-03-03,33.639999,33.040149
2016-03-04,33.000000,32.411562
2016-03-07,32.919998,32.332986
2016-03-08,32.509998,31.930297
2016-03-09,33.160000,32.588757
2016-03-10,32.959999,32.392202
2016-03-11,33.900002,33.316011
2016-03-14,33.849998,33.266869
2016-03-15,33.509998,32.932726
2016-03-16,34.220001,33.630498
2016-03-17,34.970001,34.367578
2016-03-18,36.169998,35.546902
2016-03-21,36.360001,35.733632
2016-03-22,36.610001,35.979326
2016-03-23,36.590000,35.959669
2016-03-24,36.160000,35.537077
2016-03-28,36.029999,35.409315
2016-03-29,36.150002,35.527251
2016-03-30,36.320000,35.694320
2016-03-31,36.459999,35.831908
2016-04-01,36.689999,36.057945
2016-04-04,36.599998,35.969495
2016-04-05,36.400002,35.772944
2016-04-06,36.910000,36.274157
2016-04-07,36.869999,36.234845
2016-04-08,36.680000,36.048119
2016-04-11,36.820000,36.185707
2016-04-12,37.150002,36.510024
2016-04-13,38.060001,37.404347
2016-04-14,37.959999,37.306067
2016-04-15,37.750000,37.099686
2016-04-18,37.930000,37.276585
2016-04-19,38.049999,37.394517
2016-04-20,39.910000,39.222476
2016-04-21,39.549999,38.868677
2016-04-22,39.779999,39.094714
2016-04-25,38.990002,38.318327
2016-04-26,39.750000,39.065232
2016-04-27,39.880001,39.192994
2016-04-28,39.299999,38.622983
2016-04-29,38.680000,38.013665
2016-05-02,39.009998,38.337978
2016-05-03,38.669998,38.003835
2016-05-04,38.049999,37.394517
2016-05-05,38.189999,37.532105
2016-05-06,38.230000,37.571417
2016-05-09,38.049999,37.394517
2016-05-10,38.320000,37.659867
2016-05-11,38.150002,37.492797
2016-05-12,37.860001,37.207792
2016-05-13,37.349998,36.706575
2016-05-16,38.049999,37.394517
2016-05-17,38.270000,37.610728
2016-05-18,38.189999,37.532105
2016-05-19,37.529999,36.883475
2016-05-20,37.919998,37.266755
2016-05-23,37.660000,37.011236
2016-05-24,38.279999,37.620555
2016-05-25,38.459999,37.797454
2016-05-26,38.250000,37.591073
2016-05-27,38.240002,37.581247
2016-05-31,38.060001,37.404347
2016-06-01,38.189999,37.532105
2016-06-02,38.509998,37.846592
2016-06-03,39.959999,39.271614
2016-06-06,40.139999,39.448513
2016-06-07,39.950001,39.261788
2016-06-08,39.790001,39.124131
2016-06-09,39.369999,38.711157
2016-06-10,38.750000,38.101534
2016-06-13,38.000000,37.364085
2016-06-14,37.570000,36.941281
2016-06-15,38.080002,37.442748
2016-06-16,38.160000,37.521407
2016-06-17,38.240002,37.600070
2016-06-20,38.849998,38.199858
2016-06-21,38.529999,37.885214
2016-06-22,38.320000,37.678730
2016-06-23,38.419998,37.777054
2016-06-24,35.910000,35.309060
2016-06-27,34.320000,33.745668
2016-06-28,34.520000,33.942321
2016-06-29,35.029999,34.443786
2016-06-30,36.560001,35.948184
2016-07-01,36.380001,35.771196
2016-07-05,35.720001,35.122241
2016-07-06,35.770000,35.171403
2016-07-07,35.709999,35.112406
2016-07-08,36.990002,36.370989
2016-07-11,38.240002,37.600070
2016-07-12,38.360001,37.718061
2016-07-13,38.369999,37.727892
2016-07-14,38.570000,37.924546
2016-07-15,38.750000,38.101534
2016-07-18,38.990002,38.337519
2016-07-19,38.709999,38.062202
2016-07-20,39.270000,38.612832
2016-07-21,39.209999,38.553835
2016-07-22,39.820000,39.153628
2016-07-25,39.150002,38.494842
2016-07-26,39.560001,38.897980
2016-07-27,39.270000,38.612832
2016-07-28,39.200001,38.544004
2016-07-29,39.000000,38.347350
2016-08-01,38.669998,38.022871
2016-08-02,38.209999,37.570569
2016-08-03,38.720001,38.072037
2016-08-04,38.570000,37.924546
2016-08-05,39.009998,38.357181
2016-08-08,39.110001,38.455510
2016-08-09,39.150002,38.494842
2016-08-10,39.119999,38.465341
2016-08-11,39.389999,38.730823
2016-08-12,39.209999,38.553835
2016-08-15,40.310001,39.635429
2016-08-16,40.200001,39.527270
2016-08-17,40.410000,39.733754
2016-08-18,40.540001,39.861580
2016-08-19,40.660000,39.979571
2016-08-22,40.779999,40.097562
2016-08-23,41.000000,40.313881
2016-08-24,41.000000,40.313881
2016-08-25,40.869999,40.186055
2016-08-26,40.939999,40.254884
2016-08-29,41.209999,40.520366
2016-08-30,41.240002,40.549867
2016-08-31,40.849998,40.166389
2016-09-01,40.810001,40.127061
2016-09-02,41.119999,40.431872
2016-09-06,40.709999,40.028733
2016-09-07,40.810001,40.146785
2016-09-08,40.820000,40.156621
2016-09-09,39.830002,39.182712
2016-09-12,40.419998,39.763120
2016-09-13,39.779999,39.133522
2016-09-14,38.970001,38.336687
2016-09-15,39.380001,38.740024
2016-09-16,38.910000,38.277661
2016-09-19,39.090000,38.454736
2016-09-20,38.910000,38.277661
2016-09-21,39.279999,38.641647
2016-09-22,39.720001,39.074499
2016-09-23,39.450001,38.808887
2016-09-26,39.200001,38.562949
2016-09-27,39.590000,38.946610
2016-09-28,40.180000,39.527022
2016-09-29,39.500000,38.858073
2016-09-30,39.750000,39.104010
2016-10-03,39.880001,39.231898
2016-10-04,39.209999,38.572785
2016-10-05,39.599998,38.956446
2016-10-06,39.910000,39.261410
2016-10-07,38.490002,37.864489
2016-10-10,38.860001,38.228475
2016-10-11,37.900002,37.284077
2016-10-12,37.970001,37.352938
2016-10-13,37.950001,37.333264
2016-10-14,37.770000,37.156188
2016-10-17,37.820000,37.205375
2016-10-18,38.090000,37.470987
2016-10-19,38.090000,37.470987
2016-10-20,39.490002,38.848237
2016-10-21,38.910000,38.277661
2016-10-24,39.029999,38.395710
2016-10-25,39.130001,38.494087
2016-10-26,39.849998,39.202383
2016-10-27,39.570000,38.926935
2016-10-28,39.810001,39.163036
2016-10-31,40.080002,39.428649
2016-11-01,39.549999,38.907259
2016-11-02,39.000000,38.366199
2016-11-03,39.020000,38.385874
2016-11-04,39.080002,38.444900
2016-11-07,40.750000,40.087759
2016-11-08,40.730000,40.068084
2016-11-09,42.880001,42.183145
2016-11-10,44.080002,43.363644
2016-11-11,44.709999,43.983403
2016-11-14,45.139999,44.406415
2016-11-15,45.130001,44.396579
2016-11-16,44.619999,43.894865
2016-11-17,44.570000,43.845679
2016-11-18,44.240002,43.521044
2016-11-21,44.560001,43.835842
2016-11-22,45.209999,44.475277
2016-11-23,45.779999,45.036014
2016-11-25,45.950001,45.203253
2016-11-28,45.700001,44.957316
2016-11-29,45.980000,45.232764
2016-11-30,46.029999,45.281951
2016-12-01,47.880001,47.101888
2016-12-02,47.490002,46.718227
2016-12-05,47.360001,46.590339
2016-12-06,47.660000,46.885462
2016-12-07,48.439999,47.672791
2016-12-08,47.919998,47.161026
2016-12-09,48.389999,47.623583
2016-12-12,48.400002,47.633427
2016-12-13,48.470001,47.702317
2016-12-14,48.180000,47.416910
2016-12-15,49.009998,48.233762
2016-12-16,48.599998,47.830255
2016-12-19,48.340000,47.574375
2016-12-20,48.660000,47.889307
2016-12-21,48.700001,47.928675
2016-12-22,48.590000,47.820416
2016-12-23,48.939999,48.164871
2016-12-27,49.040001,48.263290
2016-12-28,48.520000,47.751525
2016-12-29,48.580002,47.810576
2016-12-30,48.560001,47.790892
2017-01-03,49.250000,48.469963
2017-01-04,50.299999,49.503331
2017-01-05,50.230000,49.434441
2017-01-06,49.860001,49.070302
2017-01-09,49.540001,48.755370
2017-01-10,49.939999,49.149033
2017-01-11,49.980000,49.188401
2017-01-12,49.770000,48.981727
2017-01-13,49.490002,48.706163
2017-01-17,48.750000,47.977882
2017-01-18,49.090000,48.312497
2017-01-19,49.419998,48.637268
2017-01-20,49.349998,48.568377
2017-01-23,48.880001,48.105824
2017-01-24,49.380001,48.597905
2017-01-25,46.730000,45.989875
2017-01-26,48.509998,47.741681
2017-01-27,47.770000,47.013403
2017-01-30,47.450001,46.698472
2017-01-31,47.369999,46.619738
2017-02-01,47.090000,46.344173
2017-02-02,47.540001,46.787047
2017-02-03,48.310001,47.544852
2017-02-06,48.279999,47.515325
2017-02-07,48.209999,47.446433
2017-02-08,48.009998,47.249600
2017-02-09,48.660000,47.889307
2017-02-10,48.900002,48.125508
2017-02-13,49.189999,48.410912
2017-02-14,49.200001,48.420755
2017-02-15,49.160000,48.381388
2017-02-16,49.009998,48.233762
2017-02-17,48.349998,47.584215
2017-02-21,48.209999,47.446433
2017-02-22,48.410000,47.643267
2017-02-23,47.209999,46.462272
2017-02-24,47.169998,46.422904
2017-02-27,47.860001,47.101979
2017-02-28,47.299999,46.550846
2017-03-01,49.580002,48.794738
2017-03-02,48.830002,48.056617
2017-03-03,48.060001,47.298811
2017-03-06,48.070000,47.308652
2017-03-07,47.849998,47.092134
2017-03-08,48.020000,47.279205
2017-03-09,47.430000,46.698307
2017-03-10,47.630001,46.895223
2017-03-13,47.380001,46.649079
2017-03-14,47.200001,46.471856
2017-03-15,47.840000,47.101982
2017-03-16,47.650002,46.914915
2017-03-17,47.740002,47.003527
2017-03-20,47.630001,46.895223
2017-03-21,46.779999,46.058333
2017-03-22,47.119999,46.393088
2017-03-23,46.910000,46.186329
2017-03-24,46.150002,45.438055
2017-03-27,46.360001,45.644815
2017-03-28,46.990002,46.265097
2017-03-29,47.090000,46.363552
2017-03-30,47.320000,46.590004
2017-03-31,47.590000,46.855839
2017-04-03,46.919998,46.196173
2017-04-04,47.200001,46.471856
2017-04-05,46.939999,46.215865
2017-04-06,47.419998,46.688459
2017-04-07,47.669998,46.934603
2017-04-10,48.160000,47.417045
2017-04-11,48.000000,47.259514
2017-04-12,47.459999,46.727843
2017-04-13,46.540001,45.822038
2017-04-17,46.849998,46.127252
2017-04-18,47.340000,46.609695
2017-04-19,46.009998,45.300211
2017-04-20,45.910000,45.201756
2017-04-21,46.660000,45.940186
2017-04-24,46.950001,46.225713
2017-04-25,47.029999,46.304477
2017-04-26,47.150002,46.422628
2017-04-27,47.080002,46.353708
2017-04-28,46.660000,45.940186
2017-05-01,46.130001,45.418363
2017-05-02,45.750000,45.044224
2017-05-03,46.230000,45.516819
2017-05-04,46.250000,45.536511
2017-05-05,46.619999,45.900802
2017-05-08,46.689999,45.969722
2017-05-09,47.080002,46.353708
2017-05-10,46.880001,46.156793
2017-05-11,48.570000,47.820720
2017-05-12,48.080002,47.338281
2017-05-15,47.970001,47.229977
2017-05-16,48.180000,47.436737
2017-05-17,46.189999,45.477435
2017-05-18,46.130001,45.418363
2017-05-19,46.490002,45.772810
2017-05-22,46.779999,46.058333
2017-05-23,47.119999,46.393088
2017-05-24,47.470001,46.737691
2017-05-25,48.169998,47.426889
2017-05-26,48.160000,47.417045
2017-05-30,47.990002,47.249670
2017-05-31,47.799999,47.062598
2017-06-01,47.720001,46.983834
2017-06-02,47.750000,47.013370
2017-06-05,47.040001,46.314324
2017-06-06,46.959999,46.235557
2017-06-07,46.840000,46.137058
2017-06-08,46.990002,46.284809
2017-06-09,47.290001,46.580306
2017-06-12,47.240002,46.531057
2017-06-13,47.680000,46.964452
2017-06-14,47.400002,46.688656
2017-06-15,47.290001,46.580306
2017-06-16,47.439999,46.728053
2017-06-19,48.099998,47.378147
2017-06-20,46.880001,46.176459
2017-06-21,46.189999,45.496812
2017-06-22,45.369999,44.689118
2017-06-23,45.779999,45.092965
2017-06-26,45.570000,44.886117
2017-06-27,46.450001,45.752912
2017-06-28,46.980000,46.274957
2017-06-29,46.639999,45.940059
2017-06-30,47.099998,46.393154
2017-07-03,47.730000,47.013702
2017-07-05,48.029999,47.309199
2017-07-06,47.430000,46.718204
2017-07-07,48.060001,47.338750
2017-07-10,48.520000,47.791846
2017-07-11,48.730000,47.998694
2017-07-12,48.810001,48.077495
2017-07-13,49.189999,48.451790
2017-07-14,49.639999,48.895037
2017-07-17,49.520000,48.776839
2017-07-18,49.540001,48.796540
2017-07-19,48.669998,47.939593
2017-07-20,48.630001,47.900196
2017-07-21,48.490002,47.762298
2017-07-24,48.790001,48.057795
2017-07-25,49.290001,48.550291
2017-07-26,49.110001,48.372993
2017-07-27,48.500000,47.772146
2017-07-28,49.250000,48.510891
2017-07-31,49.130001,48.392693
2017-08-01,49.389999,48.648789
2017-08-02,49.360001,48.619241
2017-08-03,49.040001,48.304043
2017-08-04,49.310001,48.569991
2017-08-07,49.400002,48.658642
2017-08-08,49.060001,48.323743
2017-08-09,49.130001,48.392693
2017-08-10,48.240002,47.516050
2017-08-11,48.480000,47.752446
2017-08-14,48.950001,48.215394
2017-08-15,49.090000,48.353292
2017-08-16,49.130001,48.392693
2017-08-17,48.119999,47.397848
2017-08-18,47.689999,46.974301
2017-08-21,47.529999,46.816702
2017-08-22,48.060001,47.338750
2017-08-23,47.990002,47.269802
2017-08-24,47.939999,47.220549
2017-08-25,48.430000,47.703197
2017-08-28,48.090000,47.368299
2017-08-29,48.160000,47.437249
2017-08-30,48.970001,48.235094
2017-08-31,49.090000,48.353292
2017-09-01,49.230000,48.491191
2017-09-05,48.700001,47.969146
2017-09-06,48.790001,48.057795
2017-09-07,48.709999,47.978994
2017-09-08,49.240002,48.501043
2017-09-11,51.189999,50.421776
2017-09-12,52.410000,51.623468
2017-09-13,52.349998,51.564366
2017-09-14,51.759998,51.002706
2017-09-15,51.610001,50.854903
2017-09-18,52.459999,51.692465
2017-09-19,52.740002,51.968371
2017-09-20,53.119999,52.342809
2017-09-21,53.060001,52.283688
2017-09-22,53.090000,52.313249
2017-09-25,53.070000,52.293541
2017-09-26,53.130001,52.352664
2017-09-27,53.959999,53.170519
2017-09-28,53.580002,52.796081
2017-09-29,53.880001,53.091691
2017-10-02,54.570000,53.771595
2017-10-03,54.500000,53.702619
2017-10-04,54.990002,54.185452
2017-10-05,55.650002,54.835796
2017-10-06,55.490002,54.678137
2017-10-09,55.330002,54.520477
2017-10-10,54.400002,53.604084
2017-10-11,53.919998,53.131103
2017-10-12,53.549999,52.766517
2017-10-13,53.259998,52.480759
2017-10-16,53.340000,52.559591
2017-10-17,53.070000,52.293541
2017-10-18,53.570000,52.786226
2017-10-19,53.099998,52.323100
2017-10-20,53.740002,52.953741
2017-10-23,53.700001,52.914325
2017-10-24,54.419998,53.623788
2017-10-25,53.709999,52.924176
2017-10-26,53.759998,52.973444
2017-10-27,53.029999,52.254125
2017-10-30,52.599998,51.830416
2017-10-31,52.740002,51.968371
2017-11-01,53.400002,52.618715
2017-11-02,54.279999,53.485837
2017-11-03,54.549999,53.751887
2017-11-06,54.430000,53.633643
2017-11-07,54.279999,53.485837
2017-11-08,54.849998,54.047496
2017-11-09,54.400002,53.604084
2017-11-10,54.270000,53.475984
2017-11-13,53.700001,52.914325
2017-11-14,53.570000,52.786226
2017-11-15,52.470001,51.702321
2017-11-16,52.900002,52.126030
2017-11-17,52.970001,52.195005
2017-11-20,53.480000,52.697543
2017-11-21,53.689999,52.904469
2017-11-22,53.529999,52.746810
2017-11-24,53.299999,52.520175
2017-11-27,53.480000,52.697543
2017-11-28,54.320000,53.525253
2017-11-29,54.840000,54.037645
2017-11-30,55.709999,54.894915
2017-12-01,54.889999,54.086912
2017-12-04,55.180000,54.372670
2017-12-05,54.009998,53.219786
2017-12-06,53.919998,53.131103
2017-12-07,54.790001,53.988377
2017-12-08,54.840000,54.037645
2017-12-11,54.630001,53.830718
2017-12-12,54.570000,53.771595
2017-12-13,54.619999,53.820862
2017-12-14,54.380001,53.604004
2017-12-15,55.220001,54.432017
2017-12-18,56.189999,55.388173
2017-12-19,56.349998,55.545889
2017-12-20,57.000000,56.186616
2017-12-21,57.180000,56.364047
2017-12-22,56.759998,55.950038
2017-12-26,56.880001,56.068329
2017-12-27,56.970001,56.157045
2017-12-28,57.000000,56.186616
2017-12-29,56.590000,55.782466
2018-01-02,57.299999,56.482334
2018-01-03,57.630001,56.807627
2018-01-04,57.580002,56.758341
2018-01-05,58.500000,57.665211
2018-01-08,58.349998,57.517349
2018-01-09,58.450001,57.615925
2018-01-10,58.400002,57.566640
2018-01-11,59.090000,58.246792
2018-01-12,60.150002,59.291667
2018-01-16,58.779999,57.941214
2018-01-17,59.169998,58.325648
2018-01-18,58.810001,57.970788
2018-01-19,58.900002,58.059505
2018-01-22,59.090000,58.246792
2018-01-23,59.099998,58.256647
2018-01-24,59.709999,58.857943
2018-01-25,60.529999,59.666242
2018-01-26,60.860001,59.991535
2018-01-29,61.220001,60.346398
2018-01-30,60.180000,59.321237
2018-01-31,58.669998,57.832783
2018-02-01,59.840000,58.986089
2018-02-02,59.060001,58.217221
2018-02-05,56.660000,55.851467
2018-02-06,57.099998,56.285187
2018-02-07,57.910000,57.083630
2018-02-08,55.540001,54.747451
2018-02-09,56.310001,55.506463
2018-02-12,57.549999,56.728766
2018-02-13,57.549999,56.728766
2018-02-14,58.799999,57.960929
2018-02-15,59.680000,58.828372
2018-02-16,60.330002,59.469099
2018-02-20,60.060001,59.202951
2018-02-21,59.520000,58.670655
2018-02-22,59.520000,58.670655
2018-02-23,59.279999,58.434079
2018-02-26,61.029999,60.159107
2018-02-27,60.250000,59.390238
2018-02-28,59.849998,58.995944
2018-03-01,58.240002,57.408923
2018-03-02,57.660000,56.837198
2018-03-05,58.380001,57.546924
2018-03-06,58.590000,57.753926
2018-03-07,58.520000,57.684925
2018-03-08,59.049999,58.207361
2018-03-09,60.400002,59.558272
2018-03-12,59.000000,58.177780
2018-03-13,58.900002,58.079176
2018-03-14,59.090000,58.266526
2018-03-15,59.000000,58.177780
2018-03-16,58.830002,58.010151
2018-03-19,58.939999,58.118616
2018-03-20,59.119999,58.296107
2018-03-21,59.299999,58.473599
2018-03-22,57.549999,56.747987
2018-03-23,56.959999,56.166209
2018-03-26,58.299999,57.487535
2018-03-27,57.450001,56.649382
2018-03-28,57.599998,56.797289
2018-03-29,58.970001,58.148199
2018-04-02,57.650002,56.846596
2018-04-03,58.180000,57.369208
2018-04-04,58.279999,57.467813
2018-04-05,59.580002,58.749700
2018-04-06,57.869999,57.063527
2018-04-09,57.720001,56.915619
2018-04-10,58.380001,57.566422
2018-04-11,58.639999,57.822796
2018-04-12,59.049999,58.227083
2018-04-13,58.520000,57.704470
2018-04-16,59.430000,58.601788
2018-04-17,59.939999,59.104680
2018-04-18,63.990002,63.098242
2018-04-19,65.480003,64.567479
2018-04-20,65.589996,64.675939
2018-04-23,64.709999,63.808205
2018-04-24,64.269997,63.374335
2018-04-25,63.459999,62.575625
2018-04-26,63.619999,62.733395
2018-04-27,62.919998,62.043150
2018-04-30,62.139999,61.274021
2018-05-01,62.099998,61.234577
2018-05-02,62.439999,61.569840
2018-05-03,62.570000,61.698029
2018-05-04,63.000000,62.122037
2018-05-07,63.880001,62.989774
2018-05-08,64.900002,63.995560
2018-05-09,65.169998,64.261794
2018-05-10,65.639999,64.725245
2018-05-11,65.790001,64.873156
2018-05-14,65.529999,64.616778
2018-05-15,65.389999,64.478729
2018-05-16,65.650002,64.735108
2018-05-17,66.239998,65.316882
2018-05-18,66.320000,65.395769
2018-05-21,67.000000,66.066293
2018-05-22,66.480003,65.553543
2018-05-23,66.669998,65.740890
2018-05-24,66.900002,65.967689
2018-05-25,66.559998,65.632423
2018-05-29,65.830002,64.912600
2018-05-30,66.910004,65.977551
2018-05-31,66.580002,65.652148
2018-06-01,67.199997,66.263503
2018-06-04,67.309998,66.371971
2018-06-05,68.330002,67.377760
2018-06-06,68.860001,67.900373
2018-06-07,68.650002,67.693301
2018-06-08,69.320000,68.353962
2018-06-11,68.900002,67.939817
2018-06-12,68.099998,67.150962
2018-06-13,67.809998,66.865003
2018-06-14,67.489998,66.569096
2018-06-15,67.410004,66.490194
2018-06-18,67.449997,66.529641
2018-06-19,66.300003,65.395339
2018-06-20,66.750000,65.839196
2018-06-21,66.680000,65.770151
2018-06-22,67.059998,66.144964
2018-06-25,65.730003,64.833117
2018-06-26,65.989998,65.089564
2018-06-27,65.440002,64.547073
2018-06-28,65.709999,64.813386
2018-06-29,65.910004,65.010661
2018-07-02,66.139999,65.237518
2018-07-03,65.940002,65.040250
2018-07-05,66.050003,65.148750
2018-07-06,65.690002,64.793661
2018-07-09,66.849998,65.937829
2018-07-10,66.870003,65.957561
2018-07-11,65.970001,65.069840
2018-07-12,66.709999,65.799741
2018-07-13,67.300003,66.381694
2018-07-16,66.680000,65.770151
2018-07-17,66.790001,65.878651
2018-07-18,66.440002,65.533428
2018-07-19,66.989998,66.075919
2018-07-20,66.860001,65.947696
2018-07-23,66.519997,65.612331
2018-07-24,67.000000,66.085784
2018-07-25,66.980003,66.066060
2018-07-26,67.930000,67.003095
2018-07-27,67.029999,66.115374
2018-07-30,66.639999,65.730696
2018-07-31,68.269997,67.338452
2018-08-01,67.500000,66.578962
2018-08-02,67.559998,66.638141
2018-08-03,67.000000,66.085784
2018-08-06,66.949997,66.036464
2018-08-07,67.169998,66.253463
2018-08-08,67.000000,66.085784
2018-08-09,66.209999,65.306563
2018-08-10,65.750000,64.852841
2018-08-13,65.389999,64.497752
2018-08-14,66.029999,65.129019
2018-08-15,65.449997,64.556931
2018-08-16,66.199997,65.296698
2018-08-17,66.650002,65.740562
2018-08-20,67.650002,66.726917
2018-08-21,68.910004,67.969726
2018-08-22,68.430000,67.496272
2018-08-23,68.300003,67.368049
2018-08-24,68.629997,67.693540
2018-08-27,69.239998,68.295218
2018-08-28,69.419998,68.472762
2018-08-29,69.610001,68.660172
2018-08-30,69.370003,68.423449
2018-08-31,69.029999,68.088084
2018-09-04,69.470001,68.522082
2018-09-05,69.830002,68.877171
2018-09-06,69.610001,68.660172
2018-09-07,69.150002,68.206450
2018-09-10,69.860001,68.906761
2018-09-11,69.989998,69.034984
2018-09-12,69.739998,68.788395
2018-09-13,69.860001,68.926527
2018-09-14,70.570000,69.627039
2018-09-17,70.910004,69.962500
2018-09-18,71.559998,70.603809
2018-09-19,71.720001,70.761674
2018-09-20,70.790001,69.844101
2018-09-21,71.820000,70.860337
2018-09-24,71.360001,70.406484
2018-09-25,72.300003,71.333926
2018-09-26,71.519997,70.564342
2018-09-27,71.500000,70.544613
2018-09-28,71.470001,70.515015
2018-10-01,71.769997,70.811002
2018-10-02,71.820000,70.860337
2018-10-03,71.709999,70.751806
2018-10-04,71.599998,70.643275
2018-10-05,71.050003,70.100629
2018-10-08,71.699997,70.741937
2018-10-09,70.330002,69.390248
2018-10-10,67.379997,66.479661
2018-10-11,65.070000,64.200531
2018-10-12,65.070000,64.200531
2018-10-15,65.809998,64.930641
2018-10-16,66.760002,65.867951
2018-10-17,64.779999,63.914405
2018-10-18,57.490002,56.721817
2018-10-19,56.750000,55.991703
2018-10-22,56.259998,55.508249
2018-10-23,55.230000,54.492013
2018-10-24,52.900002,52.193149
2018-10-25,53.630001,52.913394
2018-10-26,53.410000,52.696332
2018-10-29,52.310001,51.611032
2018-10-30,53.450001,52.735799
2018-10-31,53.630001,52.913394
2018-11-01,55.009998,54.274951
2018-11-02,54.080002,53.357382
2018-11-05,54.830002,54.097360
2018-11-06,55.810001,55.064264
2018-11-07,57.200001,56.435691
2018-11-08,56.730000,55.971970
2018-11-09,56.880001,56.119967
2018-11-12,55.139999,54.403215
2018-11-13,55.900002,55.153063
2018-11-14,56.009998,55.261589
2018-11-15,57.060001,56.297562
2018-11-16,56.599998,55.843705
2018-11-19,55.810001,55.064264
2018-11-20,54.669998,53.939494
2018-11-21,54.820000,54.087492
2018-11-23,55.099998,54.363749
2018-11-26,55.529999,54.788004
2018-11-27,54.980000,54.245354
2018-11-28,56.150002,55.399722
2018-11-29,55.959999,55.212258
2018-11-30,56.139999,55.389853
2018-12-03,56.730000,55.971970
2018-12-04,54.450001,53.722437
2018-12-06,53.009998,52.301675
2018-12-07,51.220001,50.535596
2018-12-10,51.200001,50.515863
2018-12-11,50.299999,49.627887
2018-12-12,51.009998,50.328399
2018-12-13,49.970001,49.321637
2018-12-14,49.470001,48.828124
2018-12-17,48.799999,48.166816
2018-12-18,48.939999,48.304999
2018-12-19,47.200001,46.587578
2018-12-20,45.740002,45.146522
2018-12-21,45.509998,44.919503
2018-12-24,44.160000,43.587021
2018-12-26,45.270000,44.682619
2018-12-27,45.900002,45.304446
2018-12-28,45.650002,45.057690
2018-12-31,45.990002,45.393279
2019-01-02,46.090000,45.491979
2019-01-03,44.919998,44.337158
2019-01-04,46.880001,46.271730
2019-01-07,46.430000,45.827568
2019-01-08,47.549999,46.933035
2019-01-09,47.279999,46.666538
2019-01-10,47.919998,47.298233
2019-01-11,48.009998,47.387065
2019-01-14,48.020000,47.396937
2019-01-15,48.150002,47.525252
2019-01-16,48.029999,47.406807
2019-01-17,48.619999,47.989151
2019-01-18,49.400002,48.759034
2019-01-22,48.450001,47.821359
2019-01-23,49.169998,48.532014
2019-01-24,51.919998,51.246333
2019-01-25,52.599998,51.917509
2019-01-28,52.799999,52.114915
2019-01-29,52.750000,52.065565
2019-01-30,53.480000,52.786093
2019-01-31,53.230000,52.539337
2019-02-01,53.509998,52.815702
2019-02-04,53.660000,52.963758
2019-02-05,54.380001,53.674417
2019-02-06,54.110001,53.407920
2019-02-07,53.070000,52.381413
2019-02-08,52.580002,51.897773
2019-02-11,52.750000,52.065565
2019-02-12,53.790001,53.092072
2019-02-13,54.549999,53.842209
2019-02-14,54.000000,53.299346
2019-02-15,54.820000,54.108707
2019-02-19,54.599998,53.891559
2019-02-20,54.990002,54.276503
2019-02-21,54.689999,53.980393
2019-02-22,55.060001,54.345594
2019-02-25,55.029999,54.315981
2019-02-26,54.480000,53.773118
2019-02-27,54.720001,54.010005
2019-02-28,54.299999,53.595453
2019-03-01,54.430000,53.723767
2019-03-04,54.119999,53.417788
2019-03-05,53.639999,52.944016
2019-03-06,52.849998,52.164266
2019-03-07,51.910000,51.236464
2019-03-08,51.099998,50.436972
2019-03-11,52.080002,51.404260
2019-03-12,51.930000,51.256205
2019-03-13,52.360001,51.680626
2019-03-14,51.779999,51.127679
2019-03-15,51.779999,51.127679
2019-03-18,52.529999,51.868231
2019-03-19,52.029999,51.374530
2019-03-20,51.410000,50.762342
2019-03-21,51.860001,51.206673
2019-03-22,49.970001,49.340483
2019-03-25,49.900002,49.271366
2019-03-26,50.000000,49.370105
2019-03-27,49.779999,49.152875
2019-03-28,50.099998,49.468843
2019-03-29,50.660000,50.021790
2019-04-01,51.580002,50.930202
2019-04-02,50.860001,50.219271
2019-04-03,50.470001,49.834185
2019-04-04,51.130001,50.485870
2019-04-05,51.459999,50.811711
2019-04-08,51.500000,50.851208
2019-04-09,50.439999,49.804560
2019-04-10,50.459999,49.824309
2019-04-11,50.770000,50.130404
2019-04-12,51.639999,50.989443
2019-04-15,51.410000,50.762342
2019-04-16,52.139999,51.483144
2019-04-17,54.230000,53.546815
2019-04-18,55.150002,54.455227
2019-04-22,53.919998,53.240719
2019-04-23,54.279999,53.596185
2019-04-24,54.230000,53.546815
2019-04-25,53.340000,52.668028
2019-04-26,53.599998,52.924750
2019-04-29,53.490002,52.816140
2019-04-30,53.000000,52.332311
2019-05-01,52.860001,52.194076
2019-05-02,52.490002,51.828738
2019-05-03,53.299999,52.628530
2019-05-06,53.189999,52.519916
2019-05-07,51.759998,51.107930
2019-05-08,51.740002,51.088186
2019-05-09,50.840000,50.199522
2019-05-10,51.490002,50.841336
2019-05-13,49.099998,48.481441
2019-05-14,50.090000,49.458971
2019-05-15,50.090000,49.458971
2019-05-16,50.980000,50.337759
2019-05-17,49.099998,48.481441
2019-05-20,48.639999,48.027237
2019-05-21,49.419998,48.797409
2019-05-22,48.700001,48.086483
2019-05-23,47.430000,46.832481
2019-05-24,47.560001,46.960844
2019-05-28,46.790001,46.200545
2019-05-29,46.450001,45.864828
2019-05-30,46.139999,45.558732
2019-05-31,45.299999,44.729314
2019-06-03,46.310001,45.726592
2019-06-04,48.389999,47.780386
2019-06-05,48.540001,47.928498
2019-06-06,48.380001,47.770514
2019-06-07,49.110001,48.491318
2019-06-10,49.570000,48.945522
2019-06-11,48.660000,48.046986
2019-06-12,48.750000,48.135852
2019-06-13,49.730000,49.123659
2019-06-14,49.450001,48.847074
2019-06-17,49.270000,48.669268
2019-06-18,50.970001,50.348541
2019-06-19,51.009998,50.388051
2019-06-20,52.470001,51.830252
2019-06-21,51.910000,51.277079
2019-06-24,51.810001,51.178300
2019-06-25,51.610001,50.980738
2019-06-26,51.389999,50.763419
2019-06-27,51.869999,51.237566
2019-06-28,53.040001,52.393303
2019-07-01,53.130001,52.482205
2019-07-02,52.869999,52.225373
2019-07-03,52.889999,52.245130
2019-07-05,53.150002,52.501962
2019-07-08,52.680000,52.037691
2019-07-09,53.340000,52.689644
2019-07-10,52.419998,51.780859
2019-07-11,52.520000,51.879642
2019-07-12,53.610001,52.956353
2019-07-15,53.430000,52.778546
2019-07-16,54.029999,53.371230
2019-07-17,48.880001,48.284024
2019-07-18,48.849998,48.254387
2019-07-19,49.139999,48.540852
2019-07-22,49.779999,49.173049
2019-07-23,51.049999,50.427564
2019-07-24,52.110001,51.474642
2019-07-25,50.790001,50.170736
2019-07-26,50.040001,49.429881
2019-07-29,49.860001,49.252075
2019-07-30,50.340000,49.726222
2019-07-31,49.299999,48.698901
2019-08-01,48.009998,47.424629
2019-08-02,47.029999,46.456578
2019-08-05,46.650002,46.081215
2019-08-06,47.480000,46.901093
2019-08-07,47.099998,46.525724
2019-08-08,48.250000,47.661704
2019-08-09,46.770000,46.199750
2019-08-12,45.389999,44.836574
2019-08-13,45.389999,44.836574
2019-08-14,43.180000,42.653521
2019-08-15,43.360001,42.831327
2019-08-16,44.360001,43.819135
2019-08-19,45.200001,44.648893
2019-08-20,44.759998,44.214255
2019-08-21,45.080002,44.530357
2019-08-22,44.860001,44.313039
2019-08-23,43.070000,42.544862
2019-08-26,43.310001,42.781937
2019-08-27,42.770000,42.248520
2019-08-28,43.400002,42.870841
2019-08-29,44.590000,44.046330
2019-08-30,45.000000,44.451331
2019-09-03,43.639999,43.107912
2019-09-04,44.450001,43.908038
2019-09-05,46.290001,45.725603
2019-09-06,46.480000,45.913285
2019-09-09,47.950001,47.365363
2019-09-10,50.230000,49.617563
2019-09-11,51.180000,50.555980
2019-09-12,50.889999,50.289167
2019-09-13,51.400002,50.793148
2019-09-16,52.599998,51.978977
2019-09-17,52.840000,52.216145
2019-09-18,52.290001,51.672640
2019-09-19,51.430000,50.822792
2019-09-20,50.930000,50.328695
2019-09-23,50.740002,50.140941
2019-09-24,50.590000,49.992710
2019-09-25,51.029999,50.427514
2019-09-26,50.380001,49.785190
2019-09-27,49.200001,48.619122
2019-09-30,48.959999,48.381953
2019-10-01,47.900002,47.334471
2019-10-02,46.700001,46.148638
2019-10-03,47.259998,46.702023
2019-10-04,47.549999,46.988600
2019-10-07,47.590000,47.028129
2019-10-08,46.340000,45.792887
2019-10-09,46.759998,46.207927
2019-10-10,47.459999,46.899663
2019-10-11,48.860001,48.283136
2019-10-14,49.549999,48.964987
2019-10-15,50.630001,50.032238
2019-10-16,50.470001,49.874127
2019-10-17,47.750000,47.186240
2019-10-18,46.009998,45.466781
2019-10-21,47.209999,46.652615
2019-10-22,46.639999,46.089344
2019-10-23,46.790001,46.237575
2019-10-24,46.750000,46.198047
2019-10-25,47.259998,46.702023
2019-10-28,47.029999,46.474740
2019-10-29,47.110001,46.553797
2019-10-30,46.680000,46.128873
2019-10-31,46.090000,45.545839
2019-11-01,47.200001,46.642735
2019-11-04,48.169998,47.601279
2019-11-05,47.299999,46.741552
2019-11-06,46.930000,46.375921
2019-11-07,47.130001,46.573561
2019-11-08,46.610001,46.059700
2019-11-11,46.160000,45.615012
2019-11-12,46.410000,45.862061
2019-11-13,46.250000,45.703950
2019-11-14,46.340000,45.792887
2019-11-15,47.060001,46.504388
2019-11-18,46.529999,45.980643
2019-11-19,46.619999,46.069580
2019-11-20,45.990002,45.447021
2019-11-21,46.220001,45.674305
2019-11-22,46.279999,45.733595
2019-11-25,46.660000,46.109109
2019-11-26,47.000000,46.445095
2019-11-27,46.730000,46.178283
2019-11-29,46.240002,45.694070
2019-12-02,46.040001,45.496430
2019-12-03,45.290001,44.755285
2019-12-04,45.040001,44.508237
2019-12-05,44.970001,44.439063
2019-12-06,45.169998,44.636699
2019-12-09,44.410000,43.885674
2019-12-10,44.139999,43.618861
2019-12-11,43.950001,43.431106
2019-12-12,44.410000,43.905654
2019-12-13,43.450001,42.956557
2019-12-16,44.080002,43.579403
2019-12-17,44.439999,43.935312
2019-12-18,43.820000,43.322354
2019-12-19,44.669998,44.162699
2019-12-20,45.200001,44.686683
2019-12-23,45.570000,45.052480
2019-12-24,45.040001,44.528500
2019-12-26,45.049999,44.538384
2019-12-27,44.360001,43.856222
2019-12-30,44.490002,43.984747
2019-12-31,44.599998,44.093494
2020-01-02,45.480000,44.963502
2020-01-03,44.740002,44.231908
2020-01-06,44.779999,44.271451
2020-01-07,44.759998,44.251677
2020-01-08,44.169998,43.668377
2020-01-09,45.150002,44.637252
2020-01-10,44.290001,43.787017
2020-01-13,45.040001,44.528500
2020-01-14,45.349998,44.834976
2020-01-15,45.340000,44.825092
2020-01-16,46.000000,45.477597
2020-01-17,46.119999,45.596233
2020-01-21,45.500000,44.983275
2020-01-22,44.580002,44.073725
2020-01-23,45.099998,44.587816
2020-01-24,44.700001,44.192361
2020-01-27,44.700001,44.192361
2020-01-28,45.700001,45.181005
2020-01-29,47.099998,46.565102
2020-01-30,46.930000,46.397035
2020-01-31,45.930000,45.408392
2020-02-03,46.290001,45.764304
2020-02-04,50.900002,50.321951
2020-02-05,50.930000,50.351609
2020-02-06,50.680000,50.104448
2020-02-07,50.750000,50.173653
2020-02-10,50.459999,49.886945
2020-02-11,49.500000,48.937849
2020-02-12,49.180000,48.621483
2020-02-13,48.000000,47.454883
2020-02-14,48.080002,47.533977
2020-02-18,47.639999,47.098971
2020-02-19,47.230000,46.693628
2020-02-20,47.630001,47.089086
2020-02-21,47.360001,46.822153
2020-02-24,45.880001,45.358960
2020-02-25,43.139999,42.650075
2020-02-26,41.849998,41.374724
2020-02-27,40.880001,40.415743
2020-02-28,40.599998,40.138920
2020-03-02,41.770000,41.295635
2020-03-03,40.500000,40.040058
2020-03-04,40.980000,40.514607
2020-03-05,37.169998,36.747873
2020-03-06,35.970001,35.561504
2020-03-09,31.030001,30.677606
2020-03-10,34.090000,33.702854
2020-03-11,30.240000,29.896577
2020-03-12,25.059999,24.791799
2020-03-13,29.120001,28.808350
2020-03-16,26.900000,26.612108
2020-03-17,28.100000,27.799265
2020-03-18,25.790001,25.513989
2020-03-19,25.450001,25.177627
2020-03-20,22.290001,22.051447
2020-03-23,21.660000,21.428188
2020-03-24,22.980000,22.734061
2020-03-25,26.030001,25.751420
2020-03-26,29.230000,28.917172
2020-03-27,26.690001,26.404357
2020-03-30,27.670000,27.373867
2020-03-31,26.670000,26.384570
2020-04-01,24.860001,24.593942
2020-04-02,24.500000,24.237794
2020-04-03,24.850000,24.584048
2020-04-06,27.340000,27.047399
2020-04-07,26.620001,26.335106
2020-04-08,27.889999,27.591512
2020-04-09,29.440001,29.124925
2020-04-13,27.440001,27.146330
2020-04-14,27.450001,27.156223
2020-04-15,25.889999,25.612917
2020-04-16,24.730000,24.465332
2020-04-17,27.750000,27.453011
2020-04-20,26.670000,26.384570
2020-04-21,26.150000,25.870135
2020-04-22,26.610001,26.325213
2020-04-23,27.820000,27.522262
2020-04-24,27.030001,26.740718
2020-04-27,28.160000,27.858623
2020-04-28,29.020000,28.709419
2020-04-29,30.020000,29.698717
2020-04-30,26.360001,26.077888
2020-05-01,26.219999,25.939385
2020-05-04,25.639999,25.365592
2020-05-05,25.299999,25.029231
2020-05-06,25.070000,24.801693
2020-05-07,25.680000,25.405165
2020-05-08,27.299999,27.007826
2020-05-11,25.820000,25.543667
2020-05-12,24.840000,24.574155
2020-05-13,23.379999,23.129779
2020-05-14,23.969999,23.713465
2020-05-15,24.200001,23.941005
2020-05-18,27.190001,26.899005
2020-05-19,26.490000,26.206496
2020-05-20,27.330000,27.037506
2020-05-21,26.950001,26.661574
2020-05-22,26.910000,26.622001
2020-05-26,30.020000,29.698717
2020-05-27,31.450001,31.113414
2020-05-28,31.020000,30.688015
2020-05-29,30.969999,30.638549
2020-06-01,31.549999,31.212341
2020-06-02,31.900000,31.558597
2020-06-03,34.740002,34.368204
2020-06-04,36.970001,36.574337
2020-06-05,39.119999,38.701325
2020-06-08,40.549999,40.116021
2020-06-09,38.509998,38.097853
2020-06-10,35.360001,34.981568
2020-06-11,31.629999,31.309194
2020-06-12,34.150002,33.803638
2020-06-15,33.840000,33.496780
2020-06-16,34.980000,34.625218
2020-06-17,34.590000,34.239174
2020-06-18,35.009998,34.654912
2020-06-19,34.509998,34.159983
2020-06-22,34.090000,33.744245
2020-06-23,33.980000,33.635360
2020-06-24,32.430000,32.101081
2020-06-25,33.000000,32.665300
2020-06-26,31.860001,31.536863
2020-06-29,33.369999,33.031546
2020-06-30,32.910000,32.576213
2020-07-01,31.920000,31.596254
2020-07-02,32.450001,32.120879
2020-07-06,33.220001,32.883070
2020-07-07,31.490000,31.170615
2020-07-08,31.709999,31.388383
2020-07-09,30.129999,29.824408
2020-07-10,31.059999,30.744975
2020-07-13,32.029999,31.705137
2020-07-14,32.610001,32.279257
2020-07-15,33.660000,33.318606
2020-07-16,33.509998,33.170125
2020-07-17,33.439999,33.100836
2020-07-20,32.990002,32.655403
2020-07-21,34.009998,33.665054
2020-07-22,34.349998,34.001606
2020-07-23,34.610001,34.258972
2020-07-24,34.349998,34.001606
2020-07-27,34.180000,33.833332
2020-07-28,34.200001,33.853130
2020-07-29,34.270000,33.922419
2020-07-30,35.139999,34.783594
2020-07-31,34.939999,34.585623
2020-08-03,35.900002,35.535889
2020-08-04,35.910000,35.545786
2020-08-05,36.500000,36.129802
2020-08-06,37.029999,36.654425
2020-08-07,37.580002,37.198850
2020-08-10,38.860001,38.465866
2020-08-11,38.680000,38.287691
2020-08-12,38.189999,37.802660
2020-08-13,37.389999,37.010774
2020-08-14,38.490002,38.099620
2020-08-17,37.840000,37.456211
2020-08-18,37.240002,36.862298
2020-08-19,37.709999,37.327528
2020-08-20,37.419998,37.040469
2020-08-21,37.599998,37.218643
2020-08-24,39.290001,38.891505
2020-08-25,38.660000,38.267894
2020-08-26,38.830002,38.436172
2020-08-27,39.320000,38.921200
2020-08-28,39.970001,39.564608
2020-08-31,39.430000,39.030084
2020-09-01,39.400002,39.000390
2020-09-02,40.610001,40.198117
2020-09-03,39.009998,38.614342
2020-09-04,38.939999,38.545053
2020-09-08,38.270000,37.881849
2020-09-09,38.529999,38.139211
2020-09-10,38.520000,38.149116
2020-09-11,38.740002,38.367000
2020-09-14,39.330002,38.951319
2020-09-15,39.070000,38.693821
2020-09-16,39.610001,39.228622
2020-09-17,39.110001,38.733436
2020-09-18,37.650002,37.287495
2020-09-21,35.669998,35.326555
2020-09-22,35.599998,35.257229
2020-09-23,34.799999,34.464933
2020-09-24,34.680000,34.346089
2020-09-25,35.270000,34.930408
2020-09-28,36.810001,36.455582
2020-09-29,36.770000,36.415966
2020-09-30,36.090000,35.742513
2020-10-01,35.110001,34.771950
2020-10-02,35.720001,35.376076
2020-10-05,36.400002,36.049530
2020-10-06,35.720001,35.376076
2020-10-07,36.439999,36.089142
2020-10-08,37.020000,36.663559
2020-10-09,36.759998,36.406060
2020-10-12,36.869999,36.515002
2020-10-13,35.990002,35.643478
2020-10-14,35.990002,35.643478
2020-10-15,36.340000,35.990106
2020-10-16,36.270000,35.920780
2020-10-19,35.490002,35.148292
2020-10-20,34.980000,34.643200
2020-10-21,34.529999,34.197532
2020-10-22,34.860001,34.524357
2020-10-23,35.189999,34.851178
2020-10-26,34.009998,33.682538
2020-10-27,32.950001,32.632747
2020-10-28,32.090000,31.781026
2020-10-29,34.070000,33.741962
2020-10-30,35.799999,35.455304
2020-11-02,37.720001,37.356820
2020-11-03,39.439999,39.060257
2020-11-04,38.060001,37.693546
2020-11-05,38.770000,38.396709
2020-11-06,38.830002,38.456133
2020-11-09,42.490002,42.080894
2020-11-10,43.889999,43.467411
2020-11-11,41.849998,41.447052
2020-11-12,41.549999,41.149941
2020-11-13,43.529999,43.110877
2020-11-16,45.759998,45.319405
2020-11-17,45.599998,45.160945
2020-11-18,46.009998,45.566998
2020-11-19,45.450001,45.012393
2020-11-20,44.810001,44.378555
2020-11-23,46.470001,46.022572
2020-11-24,48.490002,48.023123
2020-11-25,47.200001,46.745543
2020-11-27,46.869999,46.418718
2020-11-30,45.099998,44.665760
2020-12-01,45.630001,45.190660
2020-12-02,46.130001,45.685845
2020-12-03,47.320000,46.864387
2020-12-04,47.799999,47.339764
2020-12-07,47.700001,47.240729
2020-12-08,48.160000,47.696299
2020-12-09,48.070000,47.607165
2020-12-10,48.029999,47.587349
2020-12-11,47.630001,47.191037
2020-12-14,46.740002,46.309241
2020-12-15,48.060001,47.617074
2020-12-16,46.740002,46.309241
2020-12-17,46.990002,46.556936
2020-12-18,47.369999,46.933431
2020-12-21,47.119999,46.685735
2020-12-22,46.820000,46.388501
2020-12-23,48.310001,47.864770
2020-12-24,48.070000,47.626981
2020-12-28,47.700001,47.260392
2020-12-29,47.509998,47.072140
2020-12-30,48.439999,47.993570
2020-12-31,48.330002,47.884587
2021-01-04,46.380001,45.952557
2021-01-05,47.029999,46.596565
2021-01-06,47.599998,47.161311
2021-01-07,48.799999,48.350252
2021-01-08,48.419998,47.973753
2021-01-11,48.590000,48.142189
2021-01-12,49.750000,49.291498
2021-01-13,48.939999,48.488962
2021-01-14,50.189999,49.727442
2021-01-15,48.939999,48.488962
2021-01-19,49.369999,48.914999
2021-01-20,49.630001,49.172605
2021-01-21,49.160000,48.706936
2021-01-22,49.730000,49.271682
2021-01-25,49.959999,49.499562
2021-01-26,49.590000,49.132973
2021-01-27,45.889999,45.467071
2021-01-28,46.910000,46.477672
2021-01-29,45.259998,44.842876
2021-02-01,45.340000,44.922141
2021-02-02,45.900002,45.476982
2021-02-03,46.299999,45.873293
2021-02-04,47.279999,46.844261
2021-02-05,48.060001,47.617074
2021-02-08,49.740002,49.281592
2021-02-09,49.279999,48.825829
2021-02-10,49.320000,48.865461
2021-02-11,50.639999,50.173295
2021-02-12,50.889999,50.420991
2021-02-16,51.299999,50.827212
2021-02-17,50.779999,50.312004
2021-02-18,49.029999,48.578133
2021-02-19,50.810001,50.341730
2021-02-22,50.610001,50.143573
2021-02-23,52.200001,51.718919
2021-02-24,53.480000,52.987122
2021-02-25,50.570000,50.103941
2021-02-26,50.340000,49.876060
2021-03-01,51.560001,51.084818
2021-03-02,51.430000,50.956015
2021-03-03,51.070000,50.599333
2021-03-04,50.000000,49.539194
2021-03-05,51.910000,51.431591
2021-03-08,52.119999,51.639655
2021-03-09,50.990002,50.520072
2021-03-10,52.750000,52.263850
2021-03-11,53.220001,52.749519
2021-03-12,55.060001,54.573253
2021-03-15,55.299999,54.811129
2021-03-16,53.910000,53.433418
2021-03-17,55.430000,54.939981
2021-03-18,55.349998,54.860686
2021-03-19,55.310001,54.821043
2021-03-22,54.419998,53.938908
2021-03-23,52.180000,51.718712
2021-03-24,52.570000,52.105264
2021-03-25,54.169998,53.691118
2021-03-26,54.700001,54.216435
2021-03-29,53.959999,53.482975
2021-03-30,55.290001,54.801219
2021-03-31,56.080002,55.584237
2021-04-01,57.029999,56.525835
2021-04-05,57.560001,57.051152
2021-04-06,56.880001,56.377163
2021-04-07,57.070000,56.565483
2021-04-08,57.889999,57.378233
2021-04-09,58.380001,57.863903
2021-04-12,58.430000,57.913460
2021-04-13,57.910000,57.398057
2021-04-14,58.570000,58.052222
2021-04-15,57.930000,57.417880
2021-04-16,58.540001,58.022488
2021-04-19,59.060001,58.537891
2021-04-20,58.220001,57.705317
2021-04-21,59.200001,58.676654
2021-04-22,59.090000,58.567625
2021-04-23,60.430000,59.895779
2021-04-26,60.900002,60.361626
2021-04-27,61.180000,60.639149
2021-04-28,61.750000,61.204110
2021-04-29,63.139999,62.581821
2021-04-30,64.239998,63.672096
2021-05-03,65.559998,64.980426
2021-05-04,65.500000,64.920959
2021-05-05,65.699997,65.119188
2021-05-06,67.309998,66.714956
2021-05-07,68.080002,67.478153
2021-05-10,68.050003,67.448419
2021-05-11,67.129997,66.536546
2021-05-12,64.309998,63.741477
2021-05-13,66.709999,66.120261
2021-05-14,67.989998,67.388944
2021-05-17,68.290001,67.686295
2021-05-18,66.379997,65.793176
2021-05-19,66.500000,65.912118
2021-05-20,67.169998,66.576193
2021-05-21,66.610001,66.021147
2021-05-24,67.410004,66.814078
2021-05-25,66.889999,66.298670
2021-05-26,67.430000,66.833897
2021-05-27,68.529999,67.924172
2021-05-28,68.470001,67.864704
2021-06-01,69.059998,68.449485
2021-06-02,68.550003,67.943999
2021-06-03,68.389999,67.785409
2021-06-04,69.099998,68.489132
2021-06-07,69.970001,69.351443
2021-06-08,70.279999,69.658701
2021-06-09,69.059998,68.449485
2021-06-10,68.220001,67.636502
2021-06-11,68.379997,67.795129
2021-06-14,67.150002,66.575655
2021-06-15,68.690002,68.102483
2021-06-16,67.809998,67.230006
2021-06-17,65.610001,65.048826
2021-06-18,63.840000,63.293964
2021-06-21,66.089996,65.524715
2021-06-22,65.589996,65.028992
2021-06-23,66.050003,65.485064
2021-06-24,66.699997,66.129499
2021-06-25,67.190002,66.615313
2021-06-28,67.199997,66.625222
2021-06-29,67.559998,66.982144
2021-06-30,68.769997,68.181794
2021-07-01,69.050003,68.459405
2021-07-02,69.040001,68.449488
2021-07-06,67.309998,66.734282
2021-07-07,67.830002,67.249838
2021-07-08,66.330002,65.762668
2021-07-09,67.699997,67.120945
2021-07-12,67.919998,67.339065
2021-07-13,66.690002,66.119589
2021-07-14,66.599998,66.030355
2021-07-15,66.900002,66.327793
2021-07-16,66.279999,65.713093
2021-07-19,63.549999,63.006443
2021-07-20,67.070000,66.496337
2021-07-21,68.660004,68.072741
2021-07-22,68.160004,67.577018
2021-07-23,68.029999,67.448125
2021-07-26,68.139999,67.557184
2021-07-27,68.660004,68.072741
2021-07-28,69.099998,68.508972
2021-07-29,69.290001,68.697350
2021-07-30,69.010002,68.419746
2021-08-02,69.690002,69.093930
2021-08-03,71.669998,71.056990
2021-08-04,70.099998,69.500419
2021-08-05,71.660004,71.047082
2021-08-06,72.610001,71.988953
2021-08-09,72.239998,71.622115
2021-08-10,73.239998,72.613562
2021-08-11,74.459999,73.823128
2021-08-12,74.320000,73.684326
2021-08-13,73.830002,73.198519
2021-08-16,73.589996,72.960566
2021-08-17,72.150002,71.532889
2021-08-18,71.419998,70.809129
2021-08-19,69.839996,69.242641
2021-08-20,70.959999,70.353064
2021-08-23,71.480003,70.868620
2021-08-24,72.610001,71.988953
2021-08-25,73.500000,72.871340
2021-08-26,71.739998,71.126392
2021-08-27,72.889999,72.266556
2021-08-30,71.940002,71.324685
2021-08-31,72.669998,72.048437
2021-09-01,71.940002,71.324685
2021-09-02,73.379997,72.752363
2021-09-03,72.550003,71.929468
2021-09-07,71.269997,70.660411
2021-09-08,71.199997,70.591009
2021-09-09,71.349998,70.759604
2021-09-10,70.550003,69.966228
2021-09-13,70.870003,70.283580
2021-09-14,69.839996,69.262096
2021-09-15,70.459999,69.876969
2021-09-16,68.629997,68.062110
2021-09-17,68.459999,67.893518
2021-09-20,68.599998,68.032359
2021-09-21,67.750000,67.189394
2021-09-22,69.660004,69.083594
2021-09-23,71.260002,70.670352
2021-09-24,71.080002,70.491842
2021-09-27,72.709999,72.108351
2021-09-28,72.300003,71.701748
2021-09-29,71.599998,71.007535
2021-09-30,69.809998,69.232346
2021-10-01,71.029999,70.442252
2021-10-04,70.040001,69.460446
2021-10-05,70.589996,70.005890
2021-10-06,71.739998,71.146376
2021-10-07,73.300003,72.693473
2021-10-08,72.010002,71.414146
2021-10-11,71.150002,70.561262
2021-10-12,71.320000,70.729854
2021-10-13,71.540001,70.948034
2021-10-14,73.169998,72.564544
2021-10-15,73.949997,73.338089
2021-10-18,73.209999,72.604214
2021-10-19,73.339996,72.733135
2021-10-20,74.459999,73.843870
2021-10-21,74.860001,74.240563
2021-10-22,74.620003,74.002550
2021-10-25,74.260002,73.645528
2021-10-26,72.459999,71.860420
2021-10-27,70.739998,70.154651
2021-10-28,72.769997,72.167853
2021-10-29,73.849998,73.238917
2021-11-01,74.599998,73.982711
2021-11-02,75.330002,74.706675
2021-11-03,77.180000,76.541364
2021-11-04,76.019997,75.390960
2021-11-05,77.440002,76.799215
2021-11-08,76.059998,75.430630
2021-11-09,76.430000,75.797570
2021-11-10,75.320000,74.696755
2021-11-11,76.870003,76.233933
2021-11-12,77.029999,76.392605
2021-11-15,76.570000,75.936412
2021-11-16,75.730003,75.103366
2021-11-17,75.419998,74.795926
2021-11-18,75.250000,74.627334
2021-11-19,75.339996,74.716586
2021-11-22,76.680000,76.045502
2021-11-23,76.089996,75.460380
2021-11-24,75.309998,74.686836
2021-11-26,72.730003,72.128190
2021-11-29,72.790001,72.187691
2021-11-30,70.800003,70.214160
2021-12-01,69.150002,68.577812
2021-12-02,72.720001,72.118270
2021-12-03,72.250000,71.652158
2021-12-06,73.800003,73.189336
2021-12-07,75.230003,74.607503
2021-12-08,75.099998,74.478574
2021-12-09,74.480003,73.883385
2021-12-10,75.410004,74.805936
2021-12-13,73.129997,72.544193
2021-12-14,73.139999,72.554115
2021-12-15,75.150002,74.548017
2021-12-16,74.639999,74.042099
2021-12-17,74.080002,73.486588
2021-12-20,72.250000,71.671245
2021-12-21,75.019997,74.419053
2021-12-22,75.000000,74.399217
2021-12-23,75.910004,75.301931
2021-12-27,76.989998,76.373274
2021-12-28,77.190002,76.571676
2021-12-29,77.489998,76.869269
2021-12-30,77.169998,76.551832
2021-12-31,77.199997,76.581591
2022-01-03,76.339996,75.728479
2022-01-04,77.690002,77.067670
2022-01-05,76.320000,75.708643
2022-01-06,76.779999,76.164957
2022-01-07,78.250000,77.623183
2022-01-10,76.750000,76.135198
2022-01-11,76.500000,75.887201
2022-01-12,76.879997,76.264154
2022-01-13,77.110001,76.492315
2022-01-14,76.660004,76.045923
2022-01-18,75.209999,74.607533
2022-01-19,74.809998,74.210737
2022-01-20,73.239998,72.653313
2022-01-21,71.610001,71.036373
2022-01-24,71.889999,71.314128
2022-01-25,71.230003,70.659419
2022-01-26,71.750000,71.175250
2022-01-27,66.650002,66.116106
2022-01-28,66.669998,66.135942
2022-01-31,68.059998,67.514807
2022-02-01,68.870003,68.318324
2022-02-02,69.769997,69.211108
2022-02-03,68.110001,67.564409
2022-02-04,67.239998,66.701376
2022-02-07,67.470001,66.929536
2022-02-08,69.040001,68.486960
2022-02-09,71.589996,71.016528
2022-02-10,70.620003,70.054305
2022-02-11,69.709999,69.151591
2022-02-14,68.559998,68.010802
2022-02-15,70.540001,69.974944
2022-02-16,72.199997,71.621643
2022-02-17,70.110001,69.548389
2022-02-18,69.519997,68.963111
2022-02-22,68.059998,67.514807
2022-02-23,68.559998,68.010802
2022-02-24,69.500000,68.943274
2022-02-25,71.480003,70.907416
2022-02-28,73.129997,72.544193
2022-03-01,71.070000,70.500698
2022-03-02,73.419998,72.831871
2022-03-03,72.349998,72.015660
2022-03-04,71.230003,70.900841
2022-03-07,67.980003,67.665860
2022-03-08,67.599998,67.287611
2022-03-09,70.029999,69.706382
2022-03-10,69.559998,69.258333
2022-03-11,69.190002,68.889941
2022-03-14,69.889999,69.586903
2022-03-15,71.800003,71.488624
2022-03-16,73.580002,73.260903
2022-03-17,75.129997,74.804176
2022-03-18,75.150002,74.824094
2022-03-21,75.290001,74.963486
2022-03-22,75.089996,74.764349
2022-03-23,73.589996,73.270854
2022-03-24,74.660004,74.336221
2022-03-25,75.209999,74.883831
2022-03-28,74.730003,74.405917
2022-03-29,76.010002,75.680365
2022-03-30,75.199997,74.873873
2022-03-31,74.379997,74.057429
2022-04-01,73.029999,72.713285
2022-04-04,72.440002,72.125847
2022-04-05,70.870003,70.562657
2022-04-06,70.379997,70.074776
2022-04-07,69.900002,69.596862
2022-04-08,68.290001,67.993844
2022-04-11,67.830002,67.535839
2022-04-12,67.680000,67.386488
2022-04-13,69.199997,68.899893
2022-04-14,68.650002,68.352283
2022-04-18,68.500000,68.202932
2022-04-19,70.089996,69.786032
2022-04-20,71.160004,70.851400
2022-04-21,69.110001,68.810287
2022-04-22,67.889999,67.595576
2022-04-25,68.330002,68.033671
2022-04-26,66.529999,66.241474
2022-04-27,66.720001,66.430652
2022-04-28,72.050003,71.737539
2022-04-29,69.250000,68.949679
2022-05-02,70.070000,69.766123
2022-05-03,69.669998,69.367856
2022-05-04,72.220001,71.906800
2022-05-05,69.720001,69.417642
2022-05-06,68.540001,68.242759
2022-05-09,64.279999,64.001232
2022-05-10,64.230003,63.951453
2022-05-11,62.250000,61.980037
2022-05-12,61.950001,61.681339
2022-05-13,63.360001,63.085224
2022-05-16,63.090000,62.816394
2022-05-17,65.669998,65.385203
2022-05-18,63.650002,63.373967
2022-05-19,62.759998,62.487823
2022-05-20,62.490002,62.218998
2022-05-23,64.220001,63.941494
2022-05-24,63.400002,63.125051
2022-05-25,62.599998,62.328517
2022-05-26,64.339996,64.060969
2022-05-27,66.040001,65.753601
2022-05-31,65.290001,65.006854
2022-06-01,65.309998,65.026764
2022-06-02,66.739998,66.450563
2022-06-03,66.580002,66.291260
2022-06-06,67.339996,67.047959
2022-06-07,68.709999,68.412020
2022-06-08,67.849998,67.555749
2022-06-09,66.820000,66.549834
2022-06-10,62.939999,62.685521
2022-06-13,60.009998,59.767366
2022-06-14,60.189999,59.946640
2022-06-15,61.340000,61.091991
2022-06-16,57.930000,57.695778
2022-06-17,58.799999,58.562260
2022-06-21,59.660000,59.418784
2022-06-22,58.990002,58.751494
2022-06-23,58.230000,57.994565
2022-06-24,60.619999,60.374901
2022-06-27,60.790001,60.544216
2022-06-28,60.049999,59.807206
2022-06-29,59.910000,59.667773
2022-06-30,61.070000,60.823083
2022-07-01,61.110001,60.862922
2022-07-05,59.570000,59.329147
2022-07-06,60.259998,60.016356
2022-07-07,61.630001,61.380819
2022-07-08,61.060001,60.813124
2022-07-11,60.330002,60.086077
2022-07-12,60.889999,60.643809
2022-07-13,59.959999,59.717570
2022-07-14,59.060001,58.821210
2022-07-15,60.150002,59.906804
2022-07-18,60.130001,59.886884
2022-07-19,63.169998,62.914590
2022-07-20,64.000000,63.741236
2022-07-21,64.440002,64.179459
2022-07-22,63.830002,63.571925
2022-07-25,64.300003,64.040026
2022-07-26,63.720001,63.462369
2022-07-27,65.199997,64.936381
2022-07-28,64.779999,64.518081
2022-07-29,65.639999,65.374604
2022-08-01,65.760002,65.494122
2022-08-02,64.860001,64.597760
2022-08-03,65.550003,65.284972
2022-08-04,64.410004,64.149582
2022-08-05,64.400002,64.139621
2022-08-08,64.879997,64.617675
2022-08-09,64.430000,64.169498
2022-08-10,67.010002,66.739068
2022-08-11,67.040001,66.768946
2022-08-12,68.080002,67.804742
2022-08-15,68.330002,68.053731
2022-08-16,68.489998,68.213080
2022-08-17,67.669998,67.396396
2022-08-18,68.000000,67.725063
2022-08-19,66.050003,65.782951
2022-08-22,64.580002,64.318893
2022-08-23,64.779999,64.518081
2022-08-24,65.309998,65.045938
2022-08-25,66.959999,66.689267
2022-08-26,64.620003,64.358732
2022-08-29,64.389999,64.129658
2022-08-30,63.439999,63.183499
2022-08-31,62.380001,62.127787
2022-09-01,62.020000,61.769242
2022-09-02,61.849998,61.599927
2022-09-06,61.930000,61.679606
2022-09-07,64.010002,63.751198
2022-09-08,64.139999,63.900635
2022-09-09,65.889999,65.644104
2022-09-12,67.150002,66.899405
2022-09-13,63.290001,63.053809
2022-09-14,64.000000,63.761158
2022-09-15,64.070000,63.830897
2022-09-16,62.830002,62.595527
2022-09-19,64.089996,63.850819
2022-09-20,62.250000,62.017689
2022-09-21,61.540001,61.310340
2022-09-22,61.070000,60.842093
2022-09-23,59.430000,59.208213
2022-09-26,58.360001,58.142207
2022-09-27,58.889999,58.670227
2022-09-28,60.520000,60.294145
2022-09-29,59.049999,58.829630
2022-09-30,58.259998,58.042578
2022-10-03,60.480000,60.254295
2022-10-04,63.590000,63.352688
2022-10-05,63.320000,63.083696
2022-10-06,62.630001,62.396272
2022-10-07,61.299999,61.071234
2022-10-10,61.430000,61.200749
2022-10-11,61.410000,61.180824
2022-10-12,60.459999,60.234368
2022-10-13,61.750000,61.519555
2022-10-14,59.840000,59.616683
2022-10-17,61.750000,61.519555
2022-10-18,62.549999,62.316569
2022-10-19,61.840000,61.609219
2022-10-20,60.939999,60.712577
2022-10-21,62.939999,62.705113
2022-10-24,63.340000,63.103621
2022-10-25,64.370003,64.129781
2022-10-26,64.519997,64.279215
2022-10-27,65.839996,65.594288
2022-10-28,68.500000,68.244365
2022-10-31,68.440002,68.184591
2022-11-01,68.510002,68.254330
2022-11-02,67.199997,66.949213
2022-11-03,66.769997,66.520818
2022-11-04,68.519997,68.264287
2022-11-07,69.000000,68.742499
2022-11-08,68.989998,68.732534
2022-11-09,68.300003,68.045114
2022-11-10,71.519997,71.253092
2022-11-11,70.879997,70.615480
2022-11-14,69.379997,69.121078
2022-11-15,70.199997,69.938018
2022-11-16,69.650002,69.390075
2022-11-17,69.389999,69.131042
2022-11-18,70.070000,69.808506
2022-11-21,70.529999,70.266788
2022-11-22,71.070000,70.804774
2022-11-23,71.150002,70.884477
2022-11-25,71.480003,71.213247
2022-11-28,69.639999,69.380109
2022-11-29,70.330002,70.067537
2022-11-30,71.379997,71.113614
2022-12-01,70.860001,70.595559
2022-12-02,71.300003,71.033919
2022-12-05,69.900002,69.639142
2022-12-06,73.570000,73.295444
2022-12-07,72.570000,72.299176
2022-12-08,73.000000,72.747620
2022-12-09,71.709999,71.462079
2022-12-12,72.209999,71.960350
2022-12-13,71.930000,71.681320
2022-12-14,72.019997,71.771005
2022-12-15,69.730003,69.488928
2022-12-16,70.000000,69.757992
2022-12-19,69.279999,69.040480
2022-12-20,69.540001,69.299583
2022-12-21,71.089996,70.844220
2022-12-22,70.070000,69.827750
2022-12-23,70.410004,70.166579
2022-12-27,70.750000,70.505399
2022-12-28,69.940002,69.698201
2022-12-29,71.220001,70.973775
2022-12-30,70.800003,70.555229
2023-01-03,70.260002,70.017095
2023-01-04,71.059998,70.814325
2023-01-05,70.070000,69.827750
2023-01-06,71.849998,71.601594
2023-01-09,70.510002,70.266231
2023-01-10,70.839996,70.595084
2023-01-11,70.800003,70.555229
2023-01-12,71.440002,71.193016
2023-01-13,70.250000,70.007128
2023-01-17,69.379997,69.140133
2023-01-18,68.330002,68.093768
2023-01-19,66.419998,66.190367
2023-01-20,67.849998,67.615423
2023-01-23,68.980003,68.741521
2023-01-24,69.599998,69.359373
2023-01-25,70.150002,69.907475
2023-01-26,72.120003,71.870666
2023-01-27,72.279999,72.030108
2023-01-30,70.599998,70.355916
2023-01-31,72.849998,72.598137
2023-02-01,74.550003,74.292264
2023-02-02,75.730003,75.468185
2023-02-03,74.440002,74.182644
2023-02-06,74.059998,73.803954
2023-02-07,75.029999,74.770601
2023-02-08,74.230003,73.973371
2023-02-09,73.879997,73.624575
2023-02-10,73.779999,73.524923
2023-02-13,74.820000,74.561328
2023-02-14,74.589996,74.332119
2023-02-15,74.699997,74.441740
2023-02-16,74.550003,74.292264
2023-02-17,74.809998,74.551361
2023-02-21,73.360001,73.106377
2023-02-22,73.669998,73.415302
2023-02-23,73.739998,73.485060
2023-02-24,73.559998,73.305682
2023-02-27,73.059998,72.807411
2023-02-28,72.529999,72.279244
2023-03-01,73.190002,72.936965
2023-03-02,74.480003,74.222506
2023-03-03,74.599998,74.342087
2023-03-06,73.550003,73.295722
2023-03-07,73.230003,72.976828
2023-03-08,73.080002,72.827346
2023-03-09,71.010002,70.783874
2023-03-10,69.260002,69.039447
2023-03-13,67.129997,66.916224
2023-03-14,68.190002,67.972854
2023-03-15,66.160004,65.949320
2023-03-16,67.459999,67.245176
2023-03-17,66.190002,65.979223
2023-03-20,67.239998,67.025875
2023-03-21,68.699997,68.481225
2023-03-22,67.470001,67.255146
2023-03-23,67.339996,67.125555
2023-03-24,67.739998,67.524283
2023-03-27,68.720001,68.501165
2023-03-28,69.580002,69.358428
2023-03-29,70.360001,70.135943
2023-03-30,70.300003,70.076136
2023-03-31,70.629997,70.405079
2023-04-03,70.930000,70.704127
2023-04-04,69.080002,68.860020
2023-04-05,67.889999,67.673806
2023-04-06,67.709999,67.494379
2023-04-10,68.400002,68.182185
2023-04-11,68.320000,68.102438
2023-04-12,67.669998,67.454506
2023-04-13,68.360001,68.142312
2023-04-14,68.589996,68.371574
2023-04-17,69.230003,69.009543
2023-04-18,69.339996,69.119186
2023-04-19,68.910004,68.690563
2023-04-20,68.750000,68.531069
2023-04-21,67.930000,67.713680
2023-04-24,68.000000,67.783457
2023-04-25,67.199997,66.986002
2023-04-26,65.559998,65.351225
2023-04-27,65.559998,65.351225
2023-04-28,66.940002,66.726835
2023-05-01,67.050003,66.836485
2023-05-02,67.389999,67.175399
2023-05-03,66.650002,66.437758
2023-05-04,65.360001,65.151865
2023-05-05,66.150002,65.939350
2023-05-08,65.709999,65.500748
2023-05-09,65.349998,65.141894
2023-05-10,64.779999,64.573710
2023-05-11,64.430000,64.224826
2023-05-12,63.290001,63.088457
2023-05-15,64.139999,63.935748
2023-05-16,63.230000,63.028647
2023-05-17,64.410004,64.204893
2023-05-18,65.279999,65.072118
2023-05-19,64.470001,64.264699
2023-05-22,64.769997,64.563740
2023-05-23,63.970001,63.766291
2023-05-24,62.270000,62.071704
2023-05-25,62.520000,62.320908
2023-05-26,62.810001,62.609985
2023-05-30,63.080002,62.879127
2023-05-31,61.869999,61.672977
2023-06-01,62.310001,62.111578
2023-06-02,64.050003,63.846039
2023-06-05,63.290001,63.088457
2023-06-06,63.599998,63.397467
2023-06-07,65.690002,65.480815
2023-06-08,65.209999,65.022137
2023-06-09,65.290001,65.101909
2023-06-12,65.720001,65.530670
2023-06-13,66.099998,65.909572
2023-06-14,65.290001,65.101909
2023-06-15,66.430000,66.238624
2023-06-16,66.639999,66.448018
2023-06-20,66.059998,65.869688
2023-06-21,66.559998,66.368247
2023-06-22,65.449997,65.261444
2023-06-23,64.910004,64.723007
2023-06-26,65.250000,65.062023
2023-06-27,66.440002,66.248597
2023-06-28,66.440002,66.248597
2023-06-29,67.330002,67.136033
2023-06-30,67.629997,67.435164
2023-07-03,68.040001,67.843986
2023-07-05,67.150002,66.956551
2023-07-06,67.019997,66.826921
2023-07-07,67.529999,67.335454
2023-07-10,68.040001,67.843986
2023-07-11,69.070000,68.871018
2023-07-12,68.480003,68.282721
2023-07-13,68.930000,68.731421
2023-07-14,67.389999,67.195857
2023-07-17,67.449997,67.255682
2023-07-18,67.930000,67.734302
2023-07-19,67.839996,67.644558
2023-07-20,68.089996,67.893837
2023-07-21,67.629997,67.435164
2023-07-24,67.980003,67.784161
2023-07-25,68.120003,67.923758
2023-07-26,68.400002,68.202950
2023-07-27,76.519997,76.299553
2023-07-28,76.379997,76.159956
2023-07-31,77.769997,77.545952
2023-08-01,77.930000,77.705494
2023-08-02,76.809998,76.588718
2023-08-03,77.750000,77.526012
2023-08-04,78.629997,78.403474
2023-08-07,79.599998,79.370681
2023-08-08,78.180000,77.954773
2023-08-09,78.089996,77.865029
2023-08-10,77.709999,77.486126
2023-08-11,78.260002,78.034545
2023-08-14,77.639999,77.416328
2023-08-15,76.059998,75.840879
2023-08-16,75.599998,75.382204
2023-08-17,74.730003,74.514715
2023-08-18,75.250000,75.033214
2023-08-21,75.550003,75.332353
2023-08-22,75.370003,75.152872
2023-08-23,75.750000,75.531774
2023-08-24,75.239998,75.023241
2023-08-25,75.220001,75.003302
2023-08-28,76.260002,76.040307
2023-08-29,76.940002,76.718348
2023-08-30,77.570000,77.346531
2023-08-31,77.709999,77.486126
2023-09-01,78.220001,77.994659
2023-09-05,76.910004,76.688436
2023-09-06,75.980003,75.761114
2023-09-07,75.500000,75.282494
2023-09-08,75.599998,75.382204
2023-09-11,75.970001,75.751141
2023-09-12,75.610001,75.392178
2023-09-13,75.629997,75.412117
2023-09-14,76.180000,75.980628
2023-09-15,76.209999,76.010548
2023-09-18,76.129997,75.930756
2023-09-19,75.639999,75.442040
2023-09-20,79.370003,79.162282
2023-09-21,77.919998,77.716072
2023-09-22,77.790001,77.586415
2023-09-25,78.879997,78.673559
2023-09-26,78.010002,77.805841
2023-09-27,78.940002,78.733407
2023-09-28,78.690002,78.484061
2023-09-29,78.139999,77.935497
2023-10-02,77.290001,77.087724
2023-10-03,76.419998,76.219998
2023-10-04,76.110001,75.910812
2023-10-05,75.500000,75.302407
2023-10-06,76.900002,76.698746
2023-10-09,79.209999,79.002697
2023-10-10,79.070000,78.863064
2023-10-11,79.760002,79.551261
2023-10-12,78.279999,78.075131
2023-10-13,78.290001,78.085107
2023-10-16,79.269997,79.062538
2023-10-17,79.879997,79.670942
2023-10-18,78.519997,78.314501
2023-10-19,77.339996,77.137588
2023-10-20,75.900002,75.701363
2023-10-23,74.970001,74.773796
2023-10-24,75.029999,74.833637
2023-10-25,74.360001,74.165392
2023-10-26,76.019997,75.821044
2023-10-27,75.250000,75.053062
2023-10-30,75.800003,75.601625
2023-10-31,76.000000,75.801099
2023-11-01,75.989998,75.791123
2023-11-02,77.470001,77.267253
2023-11-03,77.519997,77.317118
2023-11-06,77.610001,77.406886
2023-11-07,77.040001,76.838378
2023-11-08,76.139999,75.940732
2023-11-09,74.879997,74.684027
2023-11-10,76.120003,75.920788
2023-11-13,76.070000,75.870916
2023-11-14,77.129997,76.928139
2023-11-15,77.570000,77.366990
2023-11-16,76.790001,76.589032
2023-11-17,77.400002,77.197437
2023-11-20,77.980003,77.775920
2023-11-21,77.779999,77.576439
2023-11-22,78.010002,77.805841
2023-11-24,78.389999,78.184843
2023-11-27,77.209999,77.007931
2023-11-28,76.669998,76.469343
2023-11-29,74.830002,74.634163
2023-11-30,76.660004,76.459376
2023-12-01,77.879997,77.676176
2023-12-04,77.269997,77.067772
2023-12-05,76.379997,76.180101
2023-12-06,76.629997,76.429447
2023-12-07,76.250000,76.050445
2023-12-08,75.930000,75.731282
2023-12-11,77.139999,76.938114
2023-12-12,77.430000,77.227356
2023-12-13,78.779999,78.573822
2023-12-14,79.620003,79.431793
2023-12-15,79.339996,79.152448
2023-12-18,79.599998,79.411836
2023-12-19,80.010002,79.820871
2023-12-20,79.279999,79.092593
2023-12-21,80.070000,79.880727
2023-12-22,80.430000,80.239876
2023-12-26,80.730003,80.539170
2023-12-27,80.709999,80.519213
2023-12-28,80.750000,80.559119
2023-12-29,80.419998,80.229897
2024-01-02,80.430000,80.239876
2024-01-03,78.500000,78.314438
2024-01-04,78.650002,78.464085
2024-01-05,78.599998,78.414200
2024-01-08,78.779999,78.593775
2024-01-09,78.239998,78.055051
2024-01-10,78.190002,78.005173
2024-01-11,78.080002,77.895433
2024-01-12,79.379997,79.192355
2024-01-16,77.550003,77.366687
2024-01-17,77.080002,76.897797
2024-01-18,78.339996,78.154812
2024-01-19,78.790001,78.603753
2024-01-22,79.279999,79.092593
2024-01-23,79.330002,79.142478
2024-01-24,85.550003,85.347776
2024-01-25,86.160004,85.956335
2024-01-26,84.830002,84.629477
2024-01-29,85.769997,85.567250
2024-01-30,86.000000,85.796709
2024-01-31,84.709999,84.509757
2024-02-01,85.809998,85.607156
2024-02-02,86.000000,85.796709
2024-02-05,85.269997,85.068432
2024-02-06,86.089996,85.886492
2024-02-07,87.709999,87.502666
2024-02-08,87.589996,87.382947
2024-02-09,87.199997,86.993869
2024-02-12,87.470001,87.263235
2024-02-13,86.000000,85.796709
2024-02-14,86.320000,86.115953
2024-02-15,86.209999,86.006212
2024-02-16,85.690002,85.487444
2024-02-20,84.580002,84.380068
2024-02-21,85.220001,85.018554
2024-02-22,85.379997,85.178172
2024-02-23,85.970001,85.766781
2024-02-26,87.110001,86.904086
2024-02-27,87.669998,87.462759
2024-02-28,87.599998,87.392925
2024-02-29,89.070000,88.859452
2024-03-01,88.680000,88.470374
2024-03-04,89.389999,89.178695
2024-03-05,89.339996,89.128810
2024-03-06,90.580002,90.365885
2024-03-07,90.320000,90.106497
2024-03-08,92.129997,91.912216
2024-03-11,91.809998,91.592973
2024-03-12,91.730003,91.513167
2024-03-13,92.199997,91.982050
2024-03-14,92.250000,92.051903
2024-03-15,92.910004,92.710490
2024-03-18,93.120003,92.920038
2024-03-19,94.139999,93.937843
2024-03-20,94.989998,94.786017
2024-03-21,95.410004,95.205121
2024-03-22,95.849998,95.644170
2024-03-25,95.720001,95.514452
2024-03-26,95.959999,95.753935
2024-03-27,96.250000,96.043313
2024-03-28,95.930000,95.724000
2024-04-01,95.330002,95.125291
2024-04-02,94.129997,93.927863
2024-04-03,94.360001,94.157373
2024-04-04,95.500000,95.294924
2024-04-05,96.650002,96.442456
2024-04-08,96.980003,96.771749
2024-04-09,96.309998,96.103182
2024-04-10,95.639999,95.434622
2024-04-11,94.620003,94.416817
2024-04-12,93.959999,93.758230
2024-04-15,93.059998,92.860162
2024-04-16,93.239998,93.039775
2024-04-17,92.209999,92.011988
2024-04-18,92.580002,92.381196
2024-04-19,93.300003,93.099651
2024-04-22,93.769997,93.568636
2024-04-23,95.279999,95.075395
2024-04-24,94.010002,93.808125
2024-04-25,84.900002,84.717688
2024-04-26,86.510002,86.324231
2024-04-29,86.400002,86.214467
2024-04-30,84.589996,84.408348
2024-05-01,84.769997,84.587962
2024-05-02,85.370003,85.186680
2024-05-03,85.589996,85.406201
2024-05-06,86.900002,86.713393
2024-05-07,87.489998,87.302123
2024-05-08,86.720001,86.533779
2024-05-09,88.489998,88.299975
2024-05-10,88.550003,88.359851
2024-05-13,87.879997,87.691284
2024-05-14,88.099998,87.910813
2024-05-15,88.180000,87.990643
2024-05-16,87.480003,87.292149
2024-05-17,89.169998,88.978515
2024-05-20,89.019997,88.828836
2024-05-21,88.820000,88.629268
2024-05-22,89.080002,88.888712
2024-05-23,87.750000,87.561566
2024-05-24,88.629997,88.439673
2024-05-28,87.470001,87.282168
2024-05-29,86.040001,85.855239
2024-05-30,86.250000,86.064787
2024-05-31,87.610001,87.421868
2024-06-03,87.250000,87.062640
2024-06-04,87.010002,86.823157
2024-06-05,86.540001,86.354166
2024-06-06,85.800003,85.615757
2024-06-07,85.599998,85.416181
2024-06-10,86.339996,86.154590
2024-06-11,85.449997,85.266502
2024-06-12,86.489998,86.304270
2024-06-13,85.980003,85.795370
2024-06-14,85.250000,85.086727
2024-06-17,85.919998,85.755442
2024-06-18,85.959999,85.795366
2024-06-20,86.260002,86.094794
2024-06-21,86.739998,86.573871
2024-06-24,87.480003,87.312459
2024-06-25,86.010002,85.845273
2024-06-26,86.540001,86.374257
2024-06-27,86.339996,86.174635
2024-06-28,85.860001,85.695560
2024-07-01,85.370003,85.206500
2024-07-02,85.779999,85.615711
2024-07-03,86.209999,86.044887
2024-07-05,84.959999,84.797281
2024-07-08,85.849998,85.685576
2024-07-09,85.129997,84.966954
2024-07-10,86.309998,86.144695
2024-07-11,88.220001,88.051040
2024-07-12,88.790001,88.619948
2024-07-15,91.089996,90.915538
2024-07-16,94.019997,93.839927
2024-07-17,92.070000,91.893665
2024-07-18,92.620003,92.442615
2024-07-19,90.330002,90.157000
2024-07-22,91.820000,91.644144
2024-07-23,92.129997,91.953547
2024-07-24,90.120003,89.947403
2024-07-25,91.290001,91.115160
2024-07-26,92.059998,91.883682
2024-07-29,91.510002,91.334740
2024-07-30,92.059998,91.883682
2024-07-31,92.900002,92.722077
2024-08-01,90.599998,90.426478
2024-08-02,87.230003,87.062938
2024-08-05,84.879997,84.717433
2024-08-06,84.570000,84.408029
2024-08-07,83.459999,83.300154
2024-08-08,84.779999,84.617626
2024-08-09,85.129997,84.966954
2024-08-12,84.830002,84.667533
2024-08-13,86.199997,86.034904
2024-08-14,85.989998,85.825308
2024-08-15,87.809998,87.641822
2024-08-16,87.940002,87.771577
2024-08-19,88.620003,88.450276
2024-08-20,87.940002,87.771577
2024-08-21,88.639999,88.470233
2024-08-22,88.769997,88.599982
2024-08-23,89.910004,89.737806
2024-08-26,90.059998,89.887513
2024-08-27,89.529999,89.358529
2024-08-28,90.099998,89.927436
2024-08-29,90.199997,90.027244
2024-08-30,91.199997,91.025328
2024-09-03,88.940002,88.769662
2024-09-04,88.550003,88.380410
2024-09-05,87.230003,87.062938
2024-09-06,85.709999,85.545845
2024-09-09,86.879997,86.713602
2024-09-10,86.529999,86.364274
2024-09-11,86.440002,86.274450
2024-09-12,86.949997,86.783468
2024-09-13,87.699997,87.552170
2024-09-16,88.330002,88.181113
2024-09-17,88.690002,88.540506
2024-09-18,87.489998,87.342525
2024-09-19,88.940002,88.790085
2024-09-20,87.910004,87.761823
2024-09-23,86.889999,86.743537
2024-09-24,86.680000,86.533892
2024-09-25,85.489998,85.345896
2024-09-26,86.559998,86.414093
2024-09-27,87.750000,87.602089
2024-09-30,88.580002,88.430692
2024-10-01,87.449997,87.302591
2024-10-02,86.980003,86.833390
2024-10-03,86.110001,85.964854
2024-10-04,86.739998,86.593789
2024-10-07,85.779999,85.635408
2024-10-08,84.989998,84.846739
2024-10-09,86.339996,86.194462
2024-10-10,86.349998,86.204447
2024-10-11,87.959999,87.811734
2024-10-14,88.430000,88.280943
2024-10-15,87.849998,87.701918
2024-10-16,87.639999,87.492273
2024-10-17,90.320000,90.167757
2024-10-18,90.050003,89.898215
2024-10-21,89.389999,89.239323
2024-10-22,87.550003,87.402429
2024-10-23,86.870003,86.723575
2024-10-24,81.489998,81.352639
2024-10-25,82.349998,82.211189
2024-10-28,83.269997,83.129637
2024-10-29,81.769997,81.632166
2024-10-30,82.059998,81.921678
2024-10-31,80.419998,80.284442
2024-11-01,81.459999,81.322690
2024-11-04,82.040001,81.901715
2024-11-05,83.339996,83.199518
2024-11-06,87.910004,87.761823
2024-11-07,87.870003,87.721890
2024-11-08,87.559998,87.412407
2024-11-11,88.099998,87.951497
2024-11-12,86.940002,86.793456
2024-11-13,87.570000,87.422392
2024-11-14,86.099998,85.954868
2024-11-15,84.910004,84.766880
2024-11-18,83.339996,83.199518
2024-11-19,81.279999,81.142994
2024-11-20,81.860001,81.722018
2024-11-21,83.959999,83.818476
2024-11-22,85.379997,85.236081
2024-11-25,85.750000,85.605460
2024-11-26,85.129997,84.986502
2024-11-27,85.080002,84.936591
2024-11-29,85.629997,85.485659
2024-12-02,85.459999,85.315948
2024-12-03,85.180000,85.036421
2024-12-04,85.070000,84.926606
2024-12-05,83.110001,82.969911
2024-12-06,82.660004,82.520672
2024-12-09,82.430000,82.291056
2024-12-10,82.070000,81.931663
2024-12-11,82.129997,81.991559
2024-12-12,81.089996,80.953311
2024-12-13,80.919998,80.803529
2024-12-16,81.339996,81.222922
2024-12-17,80.070000,79.954754
2024-12-18,76.110001,76.000455
2024-12-19,75.820000,75.710871
2024-12-20,76.849998,76.739387
2024-12-23,76.440002,76.329981
2024-12-24,77.239998,77.128825
2024-12-26,77.400002,77.288599
2024-12-27,77.209999,77.098870
2024-12-30,76.559998,76.449804
2024-12-31,76.489998,76.379905
2025-01-02,75.790001,75.680915
2025-01-03,75.730003,75.621004
2025-01-06,75.410004,75.301465
2025-01-07,75.599998,75.491186
2025-01-08,76.000000,75.890612
2025-01-10,75.650002,75.541118
2025-01-13,76.970001,76.859217
2025-01-14,78.040001,77.927677
2025-01-15,78.559998,78.446926
2025-01-16,78.839996,78.726521
2025-01-17,79.160004,79.046068
2025-01-21,81.199997,81.083125
2025-01-22,78.410004,78.297147
2025-01-23,78.209999,78.097430
2025-01-24,77.199997,77.088882
2025-01-27,78.800003,78.686585
2025-01-28,76.820000,76.709432
2025-01-29,76.220001,76.110297
2025-01-30,76.690002,76.579621
2025-01-31,76.510002,76.399880
2025-02-03,75.430000,75.321433
2025-02-04,75.389999,75.281489
2025-02-05,74.550003,74.442702
2025-02-06,75.260002,75.151679
2025-02-07,74.519997,74.412739
2025-02-10,73.930000,73.823592
2025-02-11,74.000000,73.893491
2025-02-12,72.800003,72.695221
2025-02-13,73.099998,72.994784
2025-02-14,72.279999,72.175965
2025-02-18,72.440002,72.335738
2025-02-19,72.599998,72.495504
2025-02-20,72.430000,72.325751
2025-02-21,72.339996,72.235876
2025-02-24,72.529999,72.425606
2025-02-25,73.239998,73.134583
2025-02-26,73.070000,72.964829
2025-02-27,73.250000,73.144570
2025-02-28,74.730003,74.622443
2025-03-03,74.019997,73.913459
2025-03-04,70.190002,70.088977
2025-03-05,72.370003,72.265840
2025-03-06,73.370003,73.264401
2025-03-07,75.419998,75.311445
2025-03-10,75.440002,75.331420
2025-03-11,73.650002,73.543997
2025-03-12,72.720001,72.615334
2025-03-13,71.989998,71.886382
2025-03-14,73.190002,73.104968
2025-03-17,74.620003,74.533308
2025-03-18,74.250000,74.163735
2025-03-19,74.440002,74.353516
2025-03-20,73.489998,73.404616
2025-03-21,73.080002,72.995096
2025-03-24,74.279999,74.193699
2025-03-25,74.639999,74.553281
2025-03-26,75.169998,75.082664
2025-03-27,75.279999,75.192537
2025-03-28,73.000000,72.915187
2025-03-31,72.250000,72.166059
2025-04-01,72.160004,72.076167
2025-04-02,72.480003,72.395794
2025-04-03,66.870003,66.792312
2025-04-04,60.720001,60.649455
2025-04-07,61.090000,61.019024
2025-04-08,60.930000,60.859210
2025-04-09,66.779999,66.702413
2025-04-10,64.519997,64.445036
2025-04-11,65.680000,65.603692
2025-04-14,65.989998,65.913330
2025-04-15,65.419998,65.343992
2025-04-16,64.980003,64.904508
2025-04-17,66.040001,65.963274
2025-04-21,64.580002,64.504972
2025-04-22,65.449997,65.373956
2025-04-23,66.230003,66.153056
2025-04-24,67.930000,67.851078
2025-04-25,68.419998,68.340506
2025-04-28,69.379997,69.299390
2025-04-29,69.980003,69.898699
2025-04-30,70.370003,70.288246
2025-05-01,70.269997,70.188356
2025-05-02,71.019997,70.937485
2025-05-05,70.489998,70.408101
2025-05-06,69.489998,69.409263
2025-05-07,70.000000,69.918673
2025-05-08,72.220001,72.136094
2025-05-09,72.410004,72.325877
2025-05-12,76.800003,76.710775
2025-05-13,76.519997,76.431095
2025-05-14,75.209999,75.122619
2025-05-15,76.000000,75.911702
2025-05-16,76.680000,76.590912
2025-05-19,76.419998,76.331212
2025-05-20,76.050003,75.961647
2025-05-21,73.379997,73.294743
2025-05-22,73.480003,73.394632
2025-05-23,72.919998,72.835278
2025-05-27,74.709999,74.623199
2025-05-28,73.989998,73.904035
2025-05-29,74.000000,73.914025
2025-05-30,74.029999,73.943989
2025-06-02,73.529999,73.444570
2025-06-03,74.489998,74.403454
2025-06-04,74.489998,74.403454
2025-06-05,74.500000,74.413444
2025-06-06,75.570000,75.482201
2025-06-09,77.080002,76.990449
2025-06-10,77.849998,77.759550
2025-06-11,76.800003,76.710775
2025-06-12,77.800003,77.709613
2025-06-13,77.379997,77.309969
2025-06-16,77.239998,77.170097
2025-06-17,76.860001,76.790444
2025-06-18,76.610001,76.540670
2025-06-20,76.980003,76.910337
2025-06-23,77.500000,77.429864
2025-06-24,78.760002,78.688726
2025-06-25,79.279999,79.208252
2025-06-26,80.260002,80.187368
2025-06-27,80.339996,80.267290
2025-06-30,80.290001,80.217340
2025-07-01,80.980003,80.906717
2025-07-02,81.940002,81.865848
2025-07-03,82.230003,82.155586
2025-07-07,81.370003,81.296365
2025-07-08,82.120003,82.045686
2025-07-09,82.470001,82.395367
2025-07-10,85.230003,85.152871
2025-07-11,85.019997,84.943055
2025-07-14,85.389999,85.312723
2025-07-15,84.449997,84.373571
2025-07-16,84.139999,84.063854
2025-07-17,85.360001,85.282752
2025-07-18,85.000000,84.923076
2025-07-21,84.750000,84.673303
2025-07-22,86.040001,85.962136
2025-07-23,87.209999,87.131075
2025-07-24,80.930000,80.856760
2025-07-25,79.500000,79.428054
2025-07-28,78.559998,78.488903
2025-07-29,78.139999,78.069284
2025-07-30,78.050003,77.979369
2025-07-31,77.769997,77.699616
2025-08-01,77.230003,77.160111
2025-08-04,77.809998,77.739581
2025-08-05,78.220001,78.149213
2025-08-06,77.470001,77.399892
2025-08-07,77.379997,77.309969
2025-08-08,77.019997,76.950295
2025-08-11,77.580002,77.509793
2025-08-12,78.540001,78.468924
2025-08-13,81.349998,81.276378
2025-08-14,80.320000,80.247312
2025-08-15,78.889999,78.818605
2025-08-18,79.070000,78.998443
2025-08-19,79.680000,79.607891
2025-08-20,79.290001,79.218245
2025-08-21,79.480003,79.408075
2025-08-22,81.529999,81.456216
2025-08-25,80.760002,80.686916
2025-08-26,81.379997,81.306350
2025-08-27,81.889999,81.815890
2025-08-28,80.459999,80.387184
2025-08-29,80.160004,80.087461
2025-09-02,79.529999,79.458026
2025-09-03,79.699997,79.627870
2025-09-04,81.330002,81.256400
2025-09-05,81.449997,81.376286
2025-09-08,82.739998,82.665120
2025-09-09,80.529999,80.457121
2025-09-10,81.019997,80.946675
2025-09-11,82.239998,82.165572
2025-09-12,81.230003,81.176233
2025-09-15,82.230003,82.175571
2025-09-16,83.430000,83.374773
2025-09-17,82.709999,82.655249
2025-09-18,83.919998,83.864447
2025-09-19,83.620003,83.564650
2025-09-22,83.489998,83.434732
2025-09-23,83.010002,82.955053
2025-09-24,82.760002,82.705219
2025-09-25,82.349998,82.295486
2025-09-26,83.489998,83.434732
2025-09-29,84.029999,83.974375
2025-09-30,84.489998,84.434070
2025-10-01,85.209999,85.153594
2025-10-02,86.349998,86.292838
2025-10-03,86.849998,86.792507
2025-10-06,87.339996,87.282181
2025-10-07,85.029999,84.973713
2025-10-08,86.220001,86.162927
2025-10-09,84.639999,84.583971
2025-10-10,81.529999,81.476030
2025-10-13,81.739998,81.685890
2025-10-14,83.760002,83.704557
2025-10-15,82.510002,82.455384
2025-10-16,81.650002,81.595954
2025-10-17,81.360001,81.306144
2025-10-20,82.400002,82.345457
2025-10-21,83.019997,82.965042
2025-10-22,82.580002,82.525338
2025-10-23,79.470001,79.417396
2025-10-24,81.220001,81.166237
2025-10-27,80.470001,80.416734
2025-10-28,79.949997,79.897074
2025-10-29,79.989998,79.937048
2025-10-30,79.419998,79.367426
2025-10-31,80.809998,80.756506
2025-11-03,79.980003,79.927060
2025-11-04,79.760002,79.707205
2025-11-05,80.269997,80.216862
2025-11-06,80.430000,80.376759
2025-11-07,82.029999,81.975699
2025-11-10,82.059998,82.005678
2025-11-11,82.449997,82.395419
2025-11-12,82.480003,82.425405
2025-11-13,81.449997,81.396081
2025-11-14,80.720001,80.666568
2025-11-17,80.059998,80.007002
2025-11-18,79.849998,79.797141
2025-11-19,79.779999,79.727188
2025-11-20,79.529999,79.477354
2025-11-21,81.330002,81.276165
2025-11-24,82.389999,82.335461
2025-11-25,82.919998,82.865109
2025-11-26,83.040001,82.985032
2025-11-28,83.160004,83.104956
2025-12-01,82.000000,81.945720
2025-12-02,82.430000,82.375435
2025-12-03,83.699997,83.644592
2025-12-04,83.139999,83.084964
2025-12-05,83.470001,83.414748
2025-12-08,84.410004,84.354129
2025-12-09,83.900002,83.844464
2025-12-10,85.099998,85.043666
2025-12-11,86.849998,86.792507
2025-12-12,87.169998,87.132361
2025-12-15,87.940002,87.902032
2025-12-16,86.330002,86.292727
2025-12-17,87.440002,87.402248
2025-12-18,87.959999,87.922020
2025-12-19,89.459999,89.421373
2025-12-22,90.879997,90.840758
2025-12-23,90.500000,90.460925
2025-12-24,90.870003,90.830768
2025-12-26,90.220001,90.181047
2025-12-29,88.739998,88.701683
2025-12-30,88.339996,88.301853
2025-12-31,87.169998,87.132361
2026-01-02,87.050003,87.012417
2026-01-05,89.000000,88.961572
2026-01-06,90.070000,90.031110
2026-01-07,88.580002,88.541756
2026-01-08,91.709999,91.670401
2026-01-09,93.830002,93.789489
2026-01-12,93.279999,93.239723
2026-01-13,93.500000,93.459629
2026-01-14,94.169998,94.129338
2026-01-15,93.559998,93.519602
2026-01-16,94.230003,94.189317
2026-01-20,93.160004,93.119780
2026-01-21,96.320000,96.278412
2026-01-22,96.029999,95.988536
2026-01-23,95.000000,94.958982
2026-01-26,94.639999,94.599136
2026-01-27,94.230003,94.189317
2026-01-28,86.790001,86.752528
2026-01-29,87.820000,87.782082
2026-01-30,88.059998,88.021976
2026-02-02,87.559998,87.522192
2026-02-03,88.629997,88.591729
2026-02-04,90.730003,90.690828
2026-02-05,92.849998,92.809908
2026-02-06,95.440002,95.398794
2026-02-09,95.470001,95.428780
2026-02-10,95.870003,95.828609
2026-02-11,97.279999,97.237996
2026-02-12,98.750000,98.707363
2026-02-13,98.089996,98.047644
2026-02-17,99.699997,99.656949
2026-02-18,100.250000,100.206715
2026-02-19,99.029999,98.987241
2026-02-20,100.769997,100.726487
2026-02-23,98.800003,98.757344
2026-02-24,98.989998,98.947257
2026-02-25,96.639999,96.598273
2026-02-26,98.629997,98.587411
2026-02-27,98.650002,98.607408
2026-03-02,100.680000,100.636529
2026-03-03,98.550003,98.507452
2026-03-04,99.309998,99.267119
2026-03-05,96.400002,96.358379
2026-03-06,94.959999,94.918998
2026-03-09,94.139999,94.099352
2026-03-10,92.510002,92.470059
2026-03-11,93.269997,93.229726
2026-03-12,91.540001,91.500477
2026-03-13,91.050003,91.030579
2026-03-16,91.860001,91.840404
2026-03-17,91.489998,91.470480
2026-03-18,89.099998,89.080990
2026-03-19,88.690002,88.671081
2026-03-20,88.769997,88.751059
2026-03-23,89.029999,89.011006
2026-03-24,90.580002,90.560678
2026-03-25,90.709999,90.690648
2026-03-26,88.889999,88.871036
2026-03-27,87.470001,87.451341
2026-03-30,85.949997,85.931661
2026-03-31,87.559998,87.541319
2026-04-01,88.910004,88.891037
2026-04-02,88.050003,88.031219
2026-04-06,88.540001,88.521112
2026-04-07,87.680000,87.661295
2026-04-08,91.370003,91.350511
2026-04-09,91.410004,91.390503
2026-04-10,91.389999,91.370502
2026-04-13,93.110001,93.090138
2026-04-14,92.650002,92.630237
2026-04-15,90.489998,90.470693
2026-04-16,90.269997,90.250739
2026-04-17,91.610001,91.590458
2026-04-20,91.500000,91.480480
2026-04-21,90.790001,90.770632
2026-04-22,89.459999,89.440914
2026-04-23,90.370003,90.350724
2026-04-24,87.959999,87.941234
2026-04-27,88.480003,88.461127
2026-04-28,88.139999,88.121196
2026-04-29,89.779999,89.760846
2026-04-30,95.959999,95.939528
2026-05-01,94.720001,94.699794
2026-05-04,90.940002,90.920601
2026-05-05,91.629997,91.610449
2026-05-06,93.089996,93.070137
2026-05-07,91.589996,91.570457
2026-05-08,91.010002,90.990587
2026-05-11,91.660004,91.640450
2026-05-12,90.820000,90.800625
2026-05-13,91.379997,91.360503
2026-05-14,91.540001,91.520472
2026-05-15,88.769997,88.751059
2026-05-18,90.589996,90.570670
2026-05-19,88.180000,88.161188
2026-05-20,89.519997,89.500899
2026-05-21,90.239998,90.220747
2026-05-22,91.830002,91.810412
2026-05-26,92.680000,92.660228
2026-05-27,92.320000,92.300305
2026-05-28,91.919998,91.900388
2026-05-29,91.760002,91.740427
2026-06-01,89.589996,89.570883
2026-06-02,91.370003,91.350511
2026-06-03,91.379997,91.360503
2026-06-04,91.089996,91.070563
2026-06-05,91.080002,91.060572
2026-06-08,91.430000,91.410495
2026-06-09,93.290001,93.270099
2026-06-10,91.330002,91.310518
2026-06-11,93.750000,93.730000
2026-06-12,92.820000,92.820000
2026-06-15,93.750000,93.750000
2026-06-16,93.739998,93.739998
2026-06-17,92.690002,92.690002
2026-06-18,89.470001,89.470001
2026-06-22,86.940002,86.940002
2026-06-23,86.400002,86.400002
2026-06-24,86.540001,86.540001
2026-06-25,89.059998,89.059998
2026-06-26,91.220001,91.220001
2026-06-29,90.150002,90.150002
2026-06-30,91.730003,91.730003
2026-07-01,91.930000,91.930000
2026-07-02,92.500000,92.500000
2026-07-06,93.839996,93.839996
2026-07-07,91.580002,91.580002
2026-07-08,89.830002,89.830002
2026-07-09,90.430000,90.430000
2026-07-10,90.910004,90.910004
2026-07-13,89.419998,89.419998
2026-07-14,89.500000,89.500000
2026-07-15,88.750000,88.750000
2026-07-16,90.639999,90.639999
2026-07-17,91.480003,91.480003
2026-07-20,90.790000,90.790000
